[2026-03-15 16:13:16.275] [info] CPU 0: Partition 0
[2026-03-15 16:13:16.275] [info] CPU 1: Partition 0
[2026-03-15 16:13:16.275] [info] CPU 2: Partition 0
[2026-03-15 16:13:16.275] [info] CPU 3: Partition 0
[2026-03-15 16:13:16.275] [info] Running in default mode
[2026-03-15 16:13:16.275] [info] Simulator Configuration:
[2026-03-15 16:13:16.275] [info] [Core 0] Systolic Array Throughput: 131072 GFLOPS, Spad size: 32768 KB, Accumulator size: 4096 KB
[2026-03-15 16:13:16.275] [info] [Core 1] Systolic Array Throughput: 131072 GFLOPS, Spad size: 32768 KB, Accumulator size: 4096 KB
[2026-03-15 16:13:16.275] [info] [Core 2] Systolic Array Throughput: 131072 GFLOPS, Spad size: 32768 KB, Accumulator size: 4096 KB
[2026-03-15 16:13:16.275] [info] [Core 3] Systolic Array Throughput: 131072 GFLOPS, Spad size: 32768 KB, Accumulator size: 4096 KB
[2026-03-15 16:13:16.275] [info] DRAM Bandwidth 614 GB/s
[2026-03-15 16:13:16.275] [info] Ramulator2 config: ./configs/../configs/ramulator2_configs/HBM2.yaml
[2026-03-15 16:13:16.294] [info] Initialize SimpleInterconnect
[2026-03-15 16:13:16.298] [info] ICNT print interval: 8000 cycles
[2026-03-15 16:13:16.298] [info] num cores : [4]
[2026-03-15 16:13:16.298] [info] Register model: mamba-130m-s1-b1
[2026-03-15 16:13:16.298] [info] Model Name
[2026-03-15 16:13:16.361] [info] has_l2,[false]
[2026-03-15 16:13:16.361] [info] ======Start Simulation=====
[2026-03-15 16:13:16.361] [info] Model Name: mamba-130m-s1-b1 model started
[2026-03-15 16:13:16.404] [info] [GemmWs] Keys K = 768, N = 1, M = 3072
[2026-03-15 16:13:16.404] [info] [GemmWS]: total 0.0047216644 GFLOPs, 0.004732416 GB
[2026-03-15 16:13:16.404] [info] [GemmWS]: Theoretical time(ms): 0.007707518307142891 Compute time: 3.60234402307924e-05 Memory time: 0.007707518307142891
[2026-03-15 16:13:16.490] [info] [GemmWs] Keys K = 6144, N = 1, M = 1536
[2026-03-15 16:13:16.490] [info] [GemmWS]: total 0.018875906 GFLOPs, 0.018892799 GB
[2026-03-15 16:13:16.490] [info] [GemmWS]: Theoretical time(ms): 0.030770032026339322 Compute time: 0.00014401173586975347 Memory time: 0.030770032026339322
[2026-03-15 16:13:16.492] [info] [GemmWs] Keys K = 1536, N = 1, M = 80
[2026-03-15 16:13:16.492] [info] [GemmWS]: total 0.00024584 GFLOPs, 0.000249152 GB
[2026-03-15 16:13:16.492] [info] [GemmWS]: Theoretical time(ms): 0.0004057850446770317 Compute time: 1.8756103337125296e-06 Memory time: 0.0004057850446770317
[2026-03-15 16:13:16.492] [info] [GemmWs] Keys K = 48, N = 1, M = 1536
[2026-03-15 16:13:16.492] [info] [GemmWS]: total 0.00014899201 GFLOPs, 0.00015369599 GB
[2026-03-15 16:13:16.492] [info] [GemmWS]: Theoretical time(ms): 0.00025031920358742354 Compute time: 1.1367188301747433e-06 Memory time: 0.00025031920358742354
[2026-03-15 16:13:16.494] [info] [GemmWs] Keys K = 16, N = 1, M = 1536
[2026-03-15 16:13:16.494] [info] [GemmWS]: total 5.0688e-05 GFLOPs, 5.5328e-05 GB
[2026-03-15 16:13:16.494] [info] [GemmWS]: Theoretical time(ms): 9.011075263742896e-05 Compute time: 3.867187403638894e-07 Memory time: 9.011075263742896e-05
[2026-03-15 16:13:16.501] [info] [GemmWs] Keys K = 1536, N = 1, M = 768
[2026-03-15 16:13:16.501] [info] [GemmWS]: total 0.0023600643 GFLOPs, 0.00236544 GB
[2026-03-15 16:13:16.501] [info] [GemmWS]: Theoretical time(ms): 0.003852508143609157 Compute time: 1.800586169053986e-05 Memory time: 0.003852508143609157
[2026-03-15 16:13:16.501] [info] ./models/mamba-130m-s1-b1/mamba-130m-s1-b1.onnx Model initialization time: 0.140551 seconds
[2026-03-15 16:13:16.503] [info] Schedule model: mamba-130m-s1-b1 at 1000 us
[2026-03-15 16:13:16.503] [info] MODEL mamba-130m-s1-b1 Scheduled, Total Request: 1
[2026-03-15 16:13:16.503] [info] executable layer count 34
[2026-03-15 16:13:16.503] [info] Start layer Identity_30
[2026-03-15 16:13:16.503] [info] Issue tile Identity_30 on core 0, spad_id 1, accum_spad_id 1
[2026-03-15 16:13:16.503] [info] HBM2-CH_0: BW utilization 0% (0 reads, 0 writes)
[2026-03-15 16:13:16.504] [info] Layer Identity_30 finish at 34
[2026-03-15 16:13:16.504] [info] Total compute time 34
[2026-03-15 16:13:16.504] [info] executable layer count 33
[2026-03-15 16:13:16.504] [info] Start layer /in_proj/Gemm
[2026-03-15 16:13:17.010] [info] HBM2-CH_0: BW utilization 58% (5637 reads, 1 writes)
[2026-03-15 16:13:17.010] [info] Tile  status Gemm, instructions left 10
[2026-03-15 16:13:17.010] [info] Core [0] Tile Stats | Issued: 2 Running: 1 Finished: 1
[2026-03-15 16:13:17.010] [info] cycle: [8000]
[2026-03-15 16:13:17.010] [info] Tile  status Gemm, instructions left 10
[2026-03-15 16:13:17.010] [info] Tile  status Gemm, instructions left 28
[2026-03-15 16:13:17.010] [info] Core [1] Tile Stats | Issued: 2 Running: 2 Finished: 0
[2026-03-15 16:13:17.010] [info] cycle: [8000]
[2026-03-15 16:13:17.010] [info] Tile  status Gemm, instructions left 10
[2026-03-15 16:13:17.010] [info] Tile  status Gemm, instructions left 28
[2026-03-15 16:13:17.010] [info] Core [2] Tile Stats | Issued: 2 Running: 2 Finished: 0
[2026-03-15 16:13:17.010] [info] cycle: [8000]
[2026-03-15 16:13:17.010] [info] Tile  status Gemm, instructions left 10
[2026-03-15 16:13:17.010] [info] Core [3] Tile Stats | Issued: 1 Running: 1 Finished: 0
[2026-03-15 16:13:17.010] [info] cycle: [8000]
[2026-03-15 16:13:17.550] [info] Layer /in_proj/Gemm finish at 14697
[2026-03-15 16:13:17.550] [info] Total compute time 14663
[2026-03-15 16:13:17.550] [info] executable layer count 32
[2026-03-15 16:13:17.550] [info] Start layer /Constant
[2026-03-15 16:13:17.550] [info] Layer /Constant finish at 14730
[2026-03-15 16:13:17.550] [info] Total compute time 33
[2026-03-15 16:13:17.550] [info] executable layer count 31
[2026-03-15 16:13:17.550] [info] Start layer /Constant_1
[2026-03-15 16:13:17.551] [info] Layer /Constant_1 finish at 14749
[2026-03-15 16:13:17.551] [info] Total compute time 19
[2026-03-15 16:13:17.551] [info] executable layer count 30
[2026-03-15 16:13:17.551] [info] Start layer /Constant_2
[2026-03-15 16:13:17.551] [info] Layer /Constant_2 finish at 14767
[2026-03-15 16:13:17.551] [info] Total compute time 18
[2026-03-15 16:13:17.551] [info] executable layer count 29
[2026-03-15 16:13:17.551] [info] Start layer /Constant_3
[2026-03-15 16:13:17.551] [info] Layer /Constant_3 finish at 14786
[2026-03-15 16:13:17.551] [info] Total compute time 19
[2026-03-15 16:13:17.551] [info] executable layer count 29
[2026-03-15 16:13:17.551] [info] Start layer /Constant_4
[2026-03-15 16:13:17.551] [info] Layer /Constant_4 finish at 14804
[2026-03-15 16:13:17.551] [info] Total compute time 18
[2026-03-15 16:13:17.551] [info] executable layer count 28
[2026-03-15 16:13:17.551] [info] Start layer /Constant_5
[2026-03-15 16:13:17.552] [info] Layer /Constant_5 finish at 14823
[2026-03-15 16:13:17.552] [info] Total compute time 19
[2026-03-15 16:13:17.552] [info] executable layer count 27
[2026-03-15 16:13:17.552] [info] Start layer /Constant_6
[2026-03-15 16:13:17.552] [info] Layer /Constant_6 finish at 14841
[2026-03-15 16:13:17.552] [info] Total compute time 18
[2026-03-15 16:13:17.552] [info] executable layer count 26
[2026-03-15 16:13:17.552] [info] Start layer /Constant_7
[2026-03-15 16:13:17.553] [info] Layer /Constant_7 finish at 14860
[2026-03-15 16:13:17.553] [info] Total compute time 19
[2026-03-15 16:13:17.553] [info] executable layer count 26
[2026-03-15 16:13:17.553] [info] Start layer /conv_proj/Gemm
[2026-03-15 16:13:17.646] [info] HBM2-CH_0: BW utilization 46% (4401 reads, 18 writes)
[2026-03-15 16:13:17.646] [info] Tile  status Gemm, instructions left 49
[2026-03-15 16:13:17.646] [info] Tile  status Gemm, instructions left 49
[2026-03-15 16:13:17.646] [info] Core [0] Tile Stats | Issued: 6 Running: 2 Finished: 4
[2026-03-15 16:13:17.646] [info] cycle: [16000]
[2026-03-15 16:13:17.646] [info] Tile  status Gemm, instructions left 49
[2026-03-15 16:13:17.646] [info] Tile  status Gemm, instructions left 49
[2026-03-15 16:13:17.646] [info] Core [1] Tile Stats | Issued: 6 Running: 2 Finished: 4
[2026-03-15 16:13:17.646] [info] cycle: [16000]
[2026-03-15 16:13:17.646] [info] Tile  status Gemm, instructions left 49
[2026-03-15 16:13:17.646] [info] Tile  status Gemm, instructions left 49
[2026-03-15 16:13:17.646] [info] Core [2] Tile Stats | Issued: 5 Running: 2 Finished: 3
[2026-03-15 16:13:17.646] [info] cycle: [16000]
[2026-03-15 16:13:17.646] [info] Tile  status Gemm, instructions left 49
[2026-03-15 16:13:17.646] [info] Tile  status Gemm, instructions left 49
[2026-03-15 16:13:17.646] [info] Core [3] Tile Stats | Issued: 6 Running: 2 Finished: 4
[2026-03-15 16:13:17.646] [info] cycle: [16000]
[2026-03-15 16:13:18.246] [info] HBM2-CH_0: BW utilization 59% (5704 reads, 0 writes)
[2026-03-15 16:13:18.246] [info] Tile  status Gemm, instructions left 49
[2026-03-15 16:13:18.246] [info] Tile  status Gemm, instructions left 49
[2026-03-15 16:13:18.246] [info] Core [0] Tile Stats | Issued: 6 Running: 2 Finished: 4
[2026-03-15 16:13:18.246] [info] cycle: [24000]
[2026-03-15 16:13:18.246] [info] Tile  status Gemm, instructions left 49
[2026-03-15 16:13:18.246] [info] Tile  status Gemm, instructions left 49
[2026-03-15 16:13:18.246] [info] Core [1] Tile Stats | Issued: 6 Running: 2 Finished: 4
[2026-03-15 16:13:18.246] [info] cycle: [24000]
[2026-03-15 16:13:18.246] [info] Tile  status Gemm, instructions left 49
[2026-03-15 16:13:18.246] [info] Tile  status Gemm, instructions left 49
[2026-03-15 16:13:18.246] [info] Core [2] Tile Stats | Issued: 5 Running: 2 Finished: 3
[2026-03-15 16:13:18.246] [info] cycle: [24000]
[2026-03-15 16:13:18.246] [info] Tile  status Gemm, instructions left 49
[2026-03-15 16:13:18.246] [info] Tile  status Gemm, instructions left 49
[2026-03-15 16:13:18.246] [info] Core [3] Tile Stats | Issued: 6 Running: 2 Finished: 4
[2026-03-15 16:13:18.246] [info] cycle: [24000]
[2026-03-15 16:13:18.839] [info] HBM2-CH_0: BW utilization 59% (5710 reads, 0 writes)
[2026-03-15 16:13:18.841] [info] Tile  status Gemm, instructions left 49
[2026-03-15 16:13:18.841] [info] Tile  status Gemm, instructions left 49
[2026-03-15 16:13:18.841] [info] Core [0] Tile Stats | Issued: 6 Running: 2 Finished: 4
[2026-03-15 16:13:18.841] [info] cycle: [32000]
[2026-03-15 16:13:18.841] [info] Tile  status Gemm, instructions left 49
[2026-03-15 16:13:18.841] [info] Tile  status Gemm, instructions left 49
[2026-03-15 16:13:18.841] [info] Core [1] Tile Stats | Issued: 6 Running: 2 Finished: 4
[2026-03-15 16:13:18.841] [info] cycle: [32000]
[2026-03-15 16:13:18.841] [info] Tile  status Gemm, instructions left 49
[2026-03-15 16:13:18.841] [info] Tile  status Gemm, instructions left 49
[2026-03-15 16:13:18.841] [info] Core [2] Tile Stats | Issued: 5 Running: 2 Finished: 3
[2026-03-15 16:13:18.841] [info] cycle: [32000]
[2026-03-15 16:13:18.841] [info] Tile  status Gemm, instructions left 49
[2026-03-15 16:13:18.841] [info] Tile  status Gemm, instructions left 49
[2026-03-15 16:13:18.841] [info] Core [3] Tile Stats | Issued: 6 Running: 2 Finished: 4
[2026-03-15 16:13:18.841] [info] cycle: [32000]
[2026-03-15 16:13:19.545] [info] HBM2-CH_0: BW utilization 61% (5906 reads, 0 writes)
[2026-03-15 16:13:19.546] [info] Tile  status Gemm, instructions left 49
[2026-03-15 16:13:19.555] [info] Tile  status Gemm, instructions left 49
[2026-03-15 16:13:19.555] [info] Core [0] Tile Stats | Issued: 7 Running: 2 Finished: 5
[2026-03-15 16:13:19.555] [info] cycle: [40000]
[2026-03-15 16:13:19.555] [info] Tile  status Gemm, instructions left 49
[2026-03-15 16:13:19.555] [info] Tile  status Gemm, instructions left 49
[2026-03-15 16:13:19.555] [info] Core [1] Tile Stats | Issued: 7 Running: 2 Finished: 5
[2026-03-15 16:13:19.555] [info] cycle: [40000]
[2026-03-15 16:13:19.555] [info] Tile  status Gemm, instructions left 49
[2026-03-15 16:13:19.555] [info] Tile  status Gemm, instructions left 49
[2026-03-15 16:13:19.555] [info] Core [2] Tile Stats | Issued: 6 Running: 2 Finished: 4
[2026-03-15 16:13:19.555] [info] cycle: [40000]
[2026-03-15 16:13:19.555] [info] Tile  status Gemm, instructions left 49
[2026-03-15 16:13:19.555] [info] Tile  status Gemm, instructions left 49
[2026-03-15 16:13:19.555] [info] Core [3] Tile Stats | Issued: 7 Running: 2 Finished: 5
[2026-03-15 16:13:19.555] [info] cycle: [40000]
[2026-03-15 16:13:20.200] [info] HBM2-CH_0: BW utilization 61% (5871 reads, 0 writes)
[2026-03-15 16:13:20.202] [info] Tile  status Gemm, instructions left 49
[2026-03-15 16:13:20.202] [info] Tile  status Gemm, instructions left 49
[2026-03-15 16:13:20.202] [info] Core [0] Tile Stats | Issued: 7 Running: 2 Finished: 5
[2026-03-15 16:13:20.202] [info] cycle: [48000]
[2026-03-15 16:13:20.202] [info] Tile  status Gemm, instructions left 49
[2026-03-15 16:13:20.202] [info] Tile  status Gemm, instructions left 49
[2026-03-15 16:13:20.202] [info] Core [1] Tile Stats | Issued: 7 Running: 2 Finished: 5
[2026-03-15 16:13:20.202] [info] cycle: [48000]
[2026-03-15 16:13:20.202] [info] Tile  status Gemm, instructions left 49
[2026-03-15 16:13:20.202] [info] Tile  status Gemm, instructions left 49
[2026-03-15 16:13:20.202] [info] Core [2] Tile Stats | Issued: 6 Running: 2 Finished: 4
[2026-03-15 16:13:20.202] [info] cycle: [48000]
[2026-03-15 16:13:20.202] [info] Tile  status Gemm, instructions left 49
[2026-03-15 16:13:20.202] [info] Tile  status Gemm, instructions left 49
[2026-03-15 16:13:20.202] [info] Core [3] Tile Stats | Issued: 7 Running: 2 Finished: 5
[2026-03-15 16:13:20.202] [info] cycle: [48000]
[2026-03-15 16:13:20.859] [info] HBM2-CH_0: BW utilization 62% (5956 reads, 0 writes)
[2026-03-15 16:13:20.861] [info] Tile  status Gemm, instructions left 49
[2026-03-15 16:13:20.861] [info] Core [0] Tile Stats | Issued: 7 Running: 1 Finished: 6
[2026-03-15 16:13:20.861] [info] cycle: [56000]
[2026-03-15 16:13:20.861] [info] Tile  status Gemm, instructions left 49
[2026-03-15 16:13:20.861] [info] Core [1] Tile Stats | Issued: 7 Running: 1 Finished: 6
[2026-03-15 16:13:20.861] [info] cycle: [56000]
[2026-03-15 16:13:20.861] [info] Tile  status Gemm, instructions left 49
[2026-03-15 16:13:20.861] [info] Core [2] Tile Stats | Issued: 6 Running: 1 Finished: 5
[2026-03-15 16:13:20.861] [info] cycle: [56000]
[2026-03-15 16:13:20.861] [info] Tile  status Gemm, instructions left 49
[2026-03-15 16:13:20.861] [info] Core [3] Tile Stats | Issued: 7 Running: 1 Finished: 6
[2026-03-15 16:13:20.861] [info] cycle: [56000]
[2026-03-15 16:13:21.521] [info] HBM2-CH_0: BW utilization 62% (5983 reads, 0 writes)
[2026-03-15 16:13:21.523] [info] Tile  status Gemm, instructions left 49
[2026-03-15 16:13:21.523] [info] Core [0] Tile Stats | Issued: 7 Running: 1 Finished: 6
[2026-03-15 16:13:21.523] [info] cycle: [64000]
[2026-03-15 16:13:21.523] [info] Tile  status Gemm, instructions left 49
[2026-03-15 16:13:21.523] [info] Core [1] Tile Stats | Issued: 7 Running: 1 Finished: 6
[2026-03-15 16:13:21.523] [info] cycle: [64000]
[2026-03-15 16:13:21.523] [info] Tile  status Gemm, instructions left 49
[2026-03-15 16:13:21.523] [info] Core [2] Tile Stats | Issued: 6 Running: 1 Finished: 5
[2026-03-15 16:13:21.523] [info] cycle: [64000]
[2026-03-15 16:13:21.523] [info] Tile  status Gemm, instructions left 49
[2026-03-15 16:13:21.523] [info] Core [3] Tile Stats | Issued: 7 Running: 1 Finished: 6
[2026-03-15 16:13:21.523] [info] cycle: [64000]
[2026-03-15 16:13:21.789] [info] HBM2-CH_0: BW utilization 13% (1250 reads, 4 writes)
[2026-03-15 16:13:21.790] [info] Tile  status Gemm, instructions left 1
[2026-03-15 16:13:21.790] [info] Core [0] Tile Stats | Issued: 7 Running: 1 Finished: 6
[2026-03-15 16:13:21.790] [info] cycle: [72000]
[2026-03-15 16:13:21.790] [info] Tile  status Gemm, instructions left 1
[2026-03-15 16:13:21.790] [info] Core [1] Tile Stats | Issued: 7 Running: 1 Finished: 6
[2026-03-15 16:13:21.790] [info] cycle: [72000]
[2026-03-15 16:13:21.790] [info] Tile  status Gemm, instructions left 1
[2026-03-15 16:13:21.790] [info] Core [2] Tile Stats | Issued: 6 Running: 1 Finished: 5
[2026-03-15 16:13:21.790] [info] cycle: [72000]
[2026-03-15 16:13:21.790] [info] Tile  status Gemm, instructions left 1
[2026-03-15 16:13:21.790] [info] Core [3] Tile Stats | Issued: 7 Running: 1 Finished: 6
[2026-03-15 16:13:21.790] [info] cycle: [72000]
[2026-03-15 16:13:21.808] [info] Layer /conv_proj/Gemm finish at 73299
[2026-03-15 16:13:21.808] [info] Total compute time 58439
[2026-03-15 16:13:21.808] [info] executable layer count 26
[2026-03-15 16:13:21.808] [info] Start layer /Constant_8
[2026-03-15 16:13:21.808] [info] Layer /Constant_8 finish at 73332
[2026-03-15 16:13:21.808] [info] Total compute time 33
[2026-03-15 16:13:21.808] [info] executable layer count 25
[2026-03-15 16:13:21.808] [info] Start layer /Constant_9
[2026-03-15 16:13:21.808] [info] Layer /Constant_9 finish at 73351
[2026-03-15 16:13:21.808] [info] Total compute time 19
[2026-03-15 16:13:21.808] [info] executable layer count 24
[2026-03-15 16:13:21.808] [info] Start layer /Constant_10
[2026-03-15 16:13:21.809] [info] Layer /Constant_10 finish at 73369
[2026-03-15 16:13:21.809] [info] Total compute time 18
[2026-03-15 16:13:21.809] [info] executable layer count 23
[2026-03-15 16:13:21.809] [info] Start layer /Constant_11
[2026-03-15 16:13:21.809] [info] Layer /Constant_11 finish at 73388
[2026-03-15 16:13:21.809] [info] Total compute time 19
[2026-03-15 16:13:21.809] [info] executable layer count 23
[2026-03-15 16:13:21.809] [info] Start layer /Constant_12
[2026-03-15 16:13:21.809] [info] Layer /Constant_12 finish at 73406
[2026-03-15 16:13:21.809] [info] Total compute time 18
[2026-03-15 16:13:21.809] [info] executable layer count 22
[2026-03-15 16:13:21.809] [info] Start layer /Constant_13
[2026-03-15 16:13:21.809] [info] Layer /Constant_13 finish at 73425
[2026-03-15 16:13:21.809] [info] Total compute time 19
[2026-03-15 16:13:21.810] [info] executable layer count 21
[2026-03-15 16:13:21.810] [info] Start layer /Constant_14
[2026-03-15 16:13:21.810] [info] Layer /Constant_14 finish at 73443
[2026-03-15 16:13:21.810] [info] Total compute time 18
[2026-03-15 16:13:21.810] [info] executable layer count 20
[2026-03-15 16:13:21.810] [info] Start layer /Constant_15
[2026-03-15 16:13:21.811] [info] Layer /Constant_15 finish at 73462
[2026-03-15 16:13:21.811] [info] Total compute time 19
[2026-03-15 16:13:21.811] [info] executable layer count 19
[2026-03-15 16:13:21.811] [info] Start layer /Constant_16
[2026-03-15 16:13:21.811] [info] Layer /Constant_16 finish at 73480
[2026-03-15 16:13:21.811] [info] Total compute time 18
[2026-03-15 16:13:21.811] [info] executable layer count 18
[2026-03-15 16:13:21.811] [info] Start layer /Constant_17
[2026-03-15 16:13:21.811] [info] Layer /Constant_17 finish at 73499
[2026-03-15 16:13:21.811] [info] Total compute time 19
[2026-03-15 16:13:21.811] [info] executable layer count 17
[2026-03-15 16:13:21.811] [info] Start layer /Constant_18
[2026-03-15 16:13:21.812] [info] Layer /Constant_18 finish at 73517
[2026-03-15 16:13:21.812] [info] Total compute time 18
[2026-03-15 16:13:21.812] [info] executable layer count 16
[2026-03-15 16:13:21.812] [info] Start layer /Constant_19
[2026-03-15 16:13:21.812] [info] Layer /Constant_19 finish at 73536
[2026-03-15 16:13:21.812] [info] Total compute time 19
[2026-03-15 16:13:21.812] [info] executable layer count 15
[2026-03-15 16:13:21.812] [info] Start layer /Constant_20
[2026-03-15 16:13:21.812] [info] Layer /Constant_20 finish at 73554
[2026-03-15 16:13:21.812] [info] Total compute time 18
[2026-03-15 16:13:21.812] [info] executable layer count 14
[2026-03-15 16:13:21.812] [info] Start layer /Constant_21
[2026-03-15 16:13:21.812] [info] Layer /Constant_21 finish at 73573
[2026-03-15 16:13:21.812] [info] Total compute time 19
[2026-03-15 16:13:21.812] [info] executable layer count 13
[2026-03-15 16:13:21.812] [info] Start layer /Constant_22
[2026-03-15 16:13:21.813] [info] Layer /Constant_22 finish at 73591
[2026-03-15 16:13:21.813] [info] Total compute time 18
[2026-03-15 16:13:21.813] [info] executable layer count 12
[2026-03-15 16:13:21.813] [info] Start layer /Constant_23
[2026-03-15 16:13:21.813] [info] Layer /Constant_23 finish at 73610
[2026-03-15 16:13:21.813] [info] Total compute time 19
[2026-03-15 16:13:21.813] [info] executable layer count 11
[2026-03-15 16:13:21.813] [info] Start layer /Exp
[2026-03-15 16:13:21.819] [info] Layer /Exp finish at 73762
[2026-03-15 16:13:21.819] [info] Total compute time 152
[2026-03-15 16:13:21.819] [info] executable layer count 11
[2026-03-15 16:13:21.819] [info] Start layer /Constant_24
[2026-03-15 16:13:21.819] [info] Layer /Constant_24 finish at 73781
[2026-03-15 16:13:21.819] [info] Total compute time 19
[2026-03-15 16:13:21.819] [info] executable layer count 10
[2026-03-15 16:13:21.819] [info] Start layer /Constant_25
[2026-03-15 16:13:21.824] [info] Layer /Constant_25 finish at 73897
[2026-03-15 16:13:21.824] [info] Total compute time 116
[2026-03-15 16:13:21.824] [info] executable layer count 9
[2026-03-15 16:13:21.824] [info] Start layer /Constant_26
[2026-03-15 16:13:21.824] [info] Layer /Constant_26 finish at 73921
[2026-03-15 16:13:21.824] [info] Total compute time 24
[2026-03-15 16:13:21.824] [info] executable layer count 8
[2026-03-15 16:13:21.824] [info] Start layer /Constant_27
[2026-03-15 16:13:21.825] [info] Layer /Constant_27 finish at 73939
[2026-03-15 16:13:21.825] [info] Total compute time 18
[2026-03-15 16:13:21.825] [info] executable layer count 7
[2026-03-15 16:13:21.825] [info] Start layer /Constant_28
[2026-03-15 16:13:21.825] [info] Layer /Constant_28 finish at 73958
[2026-03-15 16:13:21.825] [info] Total compute time 19
[2026-03-15 16:13:21.825] [info] executable layer count 7
[2026-03-15 16:13:21.825] [info] Start layer /Constant_29
[2026-03-15 16:13:21.825] [info] Layer /Constant_29 finish at 73976
[2026-03-15 16:13:21.825] [info] Total compute time 18
[2026-03-15 16:13:21.825] [info] executable layer count 6
[2026-03-15 16:13:21.825] [info] Start layer /Slice
[2026-03-15 16:13:21.826] [info] Layer /Slice finish at 74029
[2026-03-15 16:13:21.826] [info] Total compute time 53
[2026-03-15 16:13:21.826] [info] executable layer count 5
[2026-03-15 16:13:21.826] [info] Start layer /Slice_1
[2026-03-15 16:13:21.827] [info] Layer /Slice_1 finish at 74074
[2026-03-15 16:13:21.827] [info] Total compute time 45
[2026-03-15 16:13:21.827] [info] executable layer count 5
[2026-03-15 16:13:21.827] [info] Start layer /Sigmoid
[2026-03-15 16:13:21.828] [info] Layer /Sigmoid finish at 74128
[2026-03-15 16:13:21.828] [info] Total compute time 54
[2026-03-15 16:13:21.828] [info] executable layer count 5
[2026-03-15 16:13:21.828] [info] Start layer /Slice_2
[2026-03-15 16:13:21.830] [info] Layer /Slice_2 finish at 74200
[2026-03-15 16:13:21.830] [info] Total compute time 72
[2026-03-15 16:13:21.830] [info] executable layer count 5
[2026-03-15 16:13:21.830] [info] Start layer /Neg
[2026-03-15 16:13:21.835] [info] Layer /Neg finish at 74375
[2026-03-15 16:13:21.835] [info] Total compute time 175
[2026-03-15 16:13:21.835] [info] executable layer count 5
[2026-03-15 16:13:21.835] [info] Start layer /Reshape
[2026-03-15 16:13:21.845] [info] Layer /Reshape finish at 74662
[2026-03-15 16:13:21.845] [info] Total compute time 287
[2026-03-15 16:13:21.845] [info] executable layer count 4
[2026-03-15 16:13:21.845] [info] Start layer /Sigmoid_1
[2026-03-15 16:13:21.852] [info] Layer /Sigmoid_1 finish at 74829
[2026-03-15 16:13:21.852] [info] Total compute time 167
[2026-03-15 16:13:21.852] [info] executable layer count 4
[2026-03-15 16:13:21.852] [info] Start layer /Mul
[2026-03-15 16:13:21.854] [info] Layer /Mul finish at 74878
[2026-03-15 16:13:21.854] [info] Total compute time 49
[2026-03-15 16:13:21.854] [info] executable layer count 6
[2026-03-15 16:13:21.854] [info] Start layer /Concat
[2026-03-15 16:13:21.856] [info] Layer /Concat finish at 74945
[2026-03-15 16:13:21.856] [info] Total compute time 67
[2026-03-15 16:13:21.856] [info] executable layer count 5
[2026-03-15 16:13:21.856] [info] Start layer /Unsqueeze_1
[2026-03-15 16:13:21.860] [info] Layer /Unsqueeze_1 finish at 75101
[2026-03-15 16:13:21.860] [info] Total compute time 156
[2026-03-15 16:13:21.860] [info] executable layer count 4
[2026-03-15 16:13:21.860] [info] Start layer /Mul_6
[2026-03-15 16:13:21.867] [info] Layer /Mul_6 finish at 75312
[2026-03-15 16:13:21.867] [info] Total compute time 211
[2026-03-15 16:13:21.867] [info] executable layer count 3
[2026-03-15 16:13:21.867] [info] Start layer /x_proj/Gemm
[2026-03-15 16:13:21.922] [info] Layer /x_proj/Gemm finish at 77795
[2026-03-15 16:13:21.922] [info] Total compute time 2483
[2026-03-15 16:13:21.922] [info] executable layer count 5
[2026-03-15 16:13:21.922] [info] Start layer /Unsqueeze_3
[2026-03-15 16:13:21.922] [info] Layer /Unsqueeze_3 finish at 77828
[2026-03-15 16:13:21.922] [info] Total compute time 33
[2026-03-15 16:13:21.922] [info] executable layer count 4
[2026-03-15 16:13:21.922] [info] Start layer /Mul_5
[2026-03-15 16:13:21.924] [info] Layer /Mul_5 finish at 77900
[2026-03-15 16:13:21.924] [info] Total compute time 72
[2026-03-15 16:13:21.924] [info] executable layer count 3
[2026-03-15 16:13:21.924] [info] Start layer /Slice_3
[2026-03-15 16:13:21.924] [info] Layer /Slice_3 finish at 77921
[2026-03-15 16:13:21.924] [info] Total compute time 21
[2026-03-15 16:13:21.924] [info] executable layer count 3
[2026-03-15 16:13:21.924] [info] Start layer /Slice_4
[2026-03-15 16:13:21.925] [info] Layer /Slice_4 finish at 77943
[2026-03-15 16:13:21.925] [info] Total compute time 22
[2026-03-15 16:13:21.925] [info] executable layer count 3
[2026-03-15 16:13:21.925] [info] Start layer /Slice_5
[2026-03-15 16:13:21.925] [info] Layer /Slice_5 finish at 77961
[2026-03-15 16:13:21.925] [info] Total compute time 18
[2026-03-15 16:13:21.925] [info] executable layer count 3
[2026-03-15 16:13:21.925] [info] Start layer /dt_proj/Gemm
[2026-03-15 16:13:21.947] [info] Layer /dt_proj/Gemm finish at 79042
[2026-03-15 16:13:21.947] [info] Total compute time 1081
[2026-03-15 16:13:21.947] [info] executable layer count 3
[2026-03-15 16:13:21.947] [info] Start layer /Unsqueeze_2
[2026-03-15 16:13:21.947] [info] Layer /Unsqueeze_2 finish at 79066
[2026-03-15 16:13:21.947] [info] Total compute time 24
[2026-03-15 16:13:21.947] [info] executable layer count 2
[2026-03-15 16:13:21.947] [info] Start layer /ssm_out/Gemm
[2026-03-15 16:13:21.961] [info] HBM2-CH_0: BW utilization 20% (1434 reads, 522 writes)
[2026-03-15 16:13:21.962] [info] Core [0] Tile Stats | Issued: 23 Running: 0 Finished: 23
[2026-03-15 16:13:21.962] [info] cycle: [80000]
[2026-03-15 16:13:21.962] [info] Core [1] Tile Stats | Issued: 23 Running: 0 Finished: 23
[2026-03-15 16:13:21.962] [info] cycle: [80000]
[2026-03-15 16:13:21.962] [info] Tile  status Gemm, instructions left 0
[2026-03-15 16:13:21.962] [info] Core [2] Tile Stats | Issued: 23 Running: 0 Finished: 23
[2026-03-15 16:13:21.962] [info] cycle: [80000]
[2026-03-15 16:13:21.962] [info] Core [3] Tile Stats | Issued: 23 Running: 0 Finished: 23
[2026-03-15 16:13:21.962] [info] cycle: [80000]
[2026-03-15 16:13:21.962] [info] Layer /ssm_out/Gemm finish at 80000
[2026-03-15 16:13:21.962] [info] Total compute time 934
[2026-03-15 16:13:21.962] [info] executable layer count 2
[2026-03-15 16:13:21.962] [info] Start layer /Softplus
[2026-03-15 16:13:21.962] [info] Issue tile /Softplus on core 3, spad_id 1, accum_spad_id 1
[2026-03-15 16:13:21.962] [info] Layer /Softplus finish at 80034
[2026-03-15 16:13:21.962] [info] Total compute time 34
[2026-03-15 16:13:21.962] [info] executable layer count 2
[2026-03-15 16:13:21.962] [info] Start layer /Add_1
[2026-03-15 16:13:21.963] [info] Layer /Add_1 finish at 80074
[2026-03-15 16:13:21.963] [info] Total compute time 40
[2026-03-15 16:13:21.963] [info] executable layer count 2
[2026-03-15 16:13:21.963] [info] Start layer /Unsqueeze
[2026-03-15 16:13:21.964] [info] Layer /Unsqueeze finish at 80107
[2026-03-15 16:13:21.964] [info] Total compute time 33
[2026-03-15 16:13:21.964] [info] executable layer count 3
[2026-03-15 16:13:21.964] [info] Start layer /Mul_7
[2026-03-15 16:13:21.967] [info] Layer /Mul_7 finish at 80164
[2026-03-15 16:13:21.967] [info] Total compute time 57
[2026-03-15 16:13:21.967] [info] executable layer count 3
[2026-03-15 16:13:21.967] [info] Start layer /Mul_1
[2026-03-15 16:13:21.976] [info] Layer /Mul_1 finish at 80471
[2026-03-15 16:13:21.976] [info] Total compute time 307
[2026-03-15 16:13:21.976] [info] executable layer count 3
[2026-03-15 16:13:21.976] [info] Start layer /Mul_2
[2026-03-15 16:13:21.978] [info] Layer /Mul_2 finish at 80536
[2026-03-15 16:13:21.978] [info] Total compute time 65
[2026-03-15 16:13:21.978] [info] executable layer count 3
[2026-03-15 16:13:21.978] [info] Start layer /out_proj/Gemm
[2026-03-15 16:13:22.399] [info] Layer /out_proj/Gemm finish at 87701
[2026-03-15 16:13:22.399] [info] Total compute time 7165
[2026-03-15 16:13:22.399] [info] executable layer count 2
[2026-03-15 16:13:22.399] [info] Start layer /Exp_1
[2026-03-15 16:13:22.405] [info] Layer /Exp_1 finish at 87860
[2026-03-15 16:13:22.405] [info] Total compute time 159
[2026-03-15 16:13:22.405] [info] executable layer count 2
[2026-03-15 16:13:22.405] [info] Start layer /Mul_4
[2026-03-15 16:13:22.410] [info] HBM2-CH_0: BW utilization 54% (4998 reads, 200 writes)
[2026-03-15 16:13:22.411] [info] Core [0] Tile Stats | Issued: 28 Running: 0 Finished: 28
[2026-03-15 16:13:22.411] [info] cycle: [88000]
[2026-03-15 16:13:22.411] [info] Tile  status /Mul_4, instructions left 2
[2026-03-15 16:13:22.411] [info] Core [1] Tile Stats | Issued: 28 Running: 1 Finished: 27
[2026-03-15 16:13:22.411] [info] cycle: [88000]
[2026-03-15 16:13:22.411] [info] Core [2] Tile Stats | Issued: 27 Running: 0 Finished: 27
[2026-03-15 16:13:22.411] [info] cycle: [88000]
[2026-03-15 16:13:22.411] [info] Core [3] Tile Stats | Issued: 28 Running: 0 Finished: 28
[2026-03-15 16:13:22.411] [info] cycle: [88000]
[2026-03-15 16:13:22.411] [info] Layer /Mul_4 finish at 88014
[2026-03-15 16:13:22.411] [info] Total compute time 154
[2026-03-15 16:13:22.411] [info] executable layer count 1
[2026-03-15 16:13:22.411] [info] Start layer /Mul_3
[2026-03-15 16:13:22.422] [info] Layer /Mul_3 finish at 88319
[2026-03-15 16:13:22.422] [info] Total compute time 305
[2026-03-15 16:13:22.422] [info] executable layer count 1
[2026-03-15 16:13:22.422] [info] Start layer /Add
[2026-03-15 16:13:22.426] [info] Layer /Add finish at 88486
[2026-03-15 16:13:22.426] [info] Total compute time 167
[2026-03-15 16:13:22.426] [info] executable layer count 1
[2026-03-15 16:13:22.426] [info] Start layer /Reshape_1
[2026-03-15 16:13:22.431] [info] Layer /Reshape_1 finish at 88702
[2026-03-15 16:13:22.431] [info] Total compute time 216
[2026-03-15 16:13:22.431] [info] Model[mamba-130m-s1-b1] Request: 0 us, Start: 0 us, finish:88 us, Current Cycle:88702
[2026-03-15 16:13:22.431] [info] No total_seq_len!
[2026-03-15 16:13:22.434] [info] Simulation Finished at 88831 cycle 88 us
Frontend:
  impl: GEM5

[2026-03-15 16:13:22.434] [info] Row hits: 44622, Row misses: 581, Row conflicts: 9077
MemorySystem:
  impl: GenericDRAM
  total_num_other_requests: 0
  total_num_write_requests: 1070
  total_num_read_requests: 53236
  memory_system_cycles: 106639
  DRAM:
    impl: HBM2
  AddrMapper:
    impl: RoBaRaCoCh
  Controller:
    impl: Generic
    id: Channel 0
    Scheduler:
      impl: FRFCFS
    RefreshManager:
      impl: AllBank



[2026-03-15 16:13:22.435] [info] HBM2-CH_0: avg BW utilization 50% (53236 reads, 1070 writes)
Frontend:
  impl: GEM5

[2026-03-15 16:13:22.435] [info] Row hits: 44875, Row misses: 487, Row conflicts: 8878
MemorySystem:
  impl: GenericDRAM
  total_num_other_requests: 0
  total_num_write_requests: 1069
  total_num_read_requests: 53208
  memory_system_cycles: 106639
  DRAM:
    impl: HBM2
  AddrMapper:
    impl: RoBaRaCoCh
  Controller:
    impl: Generic
    id: Channel 0
    Scheduler:
      impl: FRFCFS
    RefreshManager:
      impl: AllBank



Frontend:
  impl: GEM5

[2026-03-15 16:13:22.435] [info] Row hits: 44934, Row misses: 581, Row conflicts: 8724
MemorySystem:
  impl: GenericDRAM
  total_num_other_requests: 0
  total_num_write_requests: 1071
  total_num_read_requests: 53205
  memory_system_cycles: 106639
  DRAM:
    impl: HBM2
  AddrMapper:
    impl: RoBaRaCoCh
  Controller:
    impl: Generic
    id: Channel 0
    Scheduler:
      impl: FRFCFS
    RefreshManager:
      impl: AllBank



Frontend:
  impl: GEM5

[2026-03-15 16:13:22.435] [info] Row hits: 44545, Row misses: 579, Row conflicts: 9134
MemorySystem:
  impl: GenericDRAM
  total_num_other_requests: 0
  total_num_write_requests: 1068
  total_num_read_requests: 53218
  memory_system_cycles: 106639
  DRAM:
    impl: HBM2
  AddrMapper:
    impl: RoBaRaCoCh
  Controller:
    impl: Generic
    id: Channel 0
    Scheduler:
      impl: FRFCFS
    RefreshManager:
      impl: AllBank



Frontend:
  impl: GEM5

[2026-03-15 16:13:22.435] [info] Row hits: 44765, Row misses: 567, Row conflicts: 8912
MemorySystem:
  impl: GenericDRAM
  total_num_other_requests: 0
  total_num_write_requests: 1068
  total_num_read_requests: 53205
  memory_system_cycles: 106639
  DRAM:
    impl: HBM2
  AddrMapper:
    impl: RoBaRaCoCh
  Controller:
    impl: Generic
    id: Channel 0
    Scheduler:
      impl: FRFCFS
    RefreshManager:
      impl: AllBank



Frontend:
  impl: GEM5

[2026-03-15 16:13:22.435] [info] Row hits: 44723, Row misses: 445, Row conflicts: 9088
MemorySystem:
  impl: GenericDRAM
  total_num_other_requests: 0
  total_num_write_requests: 1068
  total_num_read_requests: 53219
  memory_system_cycles: 106639
  DRAM:
    impl: HBM2
  AddrMapper:
    impl: RoBaRaCoCh
  Controller:
    impl: Generic
    id: Channel 0
    Scheduler:
      impl: FRFCFS
    RefreshManager:
      impl: AllBank



Frontend:
  impl: GEM5

[2026-03-15 16:13:22.435] [info] Row hits: 44209, Row misses: 440, Row conflicts: 9608
MemorySystem:
  impl: GenericDRAM
  total_num_other_requests: 0
  total_num_write_requests: 1068
  total_num_read_requests: 53219
  memory_system_cycles: 106639
  DRAM:
    impl: HBM2
  AddrMapper:
    impl: RoBaRaCoCh
  Controller:
    impl: Generic
    id: Channel 0
    Scheduler:
      impl: FRFCFS
    RefreshManager:
      impl: AllBank



Frontend:
  impl: GEM5

[2026-03-15 16:13:22.435] [info] Row hits: 44764, Row misses: 466, Row conflicts: 9031
MemorySystem:
  impl: GenericDRAM
  total_num_other_requests: 0
  total_num_write_requests: 1070
  total_num_read_requests: 53217
  memory_system_cycles: 106639
  DRAM:
    impl: HBM2
  AddrMapper:
    impl: RoBaRaCoCh
  Controller:
    impl: Generic
    id: Channel 0
    Scheduler:
      impl: FRFCFS
    RefreshManager:
      impl: AllBank



Frontend:
  impl: GEM5

[2026-03-15 16:13:22.435] [info] Row hits: 44480, Row misses: 581, Row conflicts: 9180
MemorySystem:
  impl: GenericDRAM
  total_num_other_requests: 0
  total_num_write_requests: 1070
  total_num_read_requests: 53208
  memory_system_cycles: 106639
  DRAM:
    impl: HBM2
  AddrMapper:
    impl: RoBaRaCoCh
  Controller:
    impl: Generic
    id: Channel 0
    Scheduler:
      impl: FRFCFS
    RefreshManager:
      impl: AllBank



Frontend:
  impl: GEM5

[2026-03-15 16:13:22.435] [info] Row hits: 44741, Row misses: 684, Row conflicts: 8819
MemorySystem:
  impl: GenericDRAM
  total_num_other_requests: 0
  total_num_write_requests: 1067
  total_num_read_requests: 53206
  memory_system_cycles: 106639
  DRAM:
    impl: HBM2
  AddrMapper:
    impl: RoBaRaCoCh
  Controller:
    impl: Generic
    id: Channel 0
    Scheduler:
      impl: FRFCFS
    RefreshManager:
      impl: AllBank



Frontend:
  impl: GEM5

[2026-03-15 16:13:22.435] [info] Row hits: 44712, Row misses: 586, Row conflicts: 8945
MemorySystem:
  impl: GenericDRAM
  total_num_other_requests: 0
  total_num_write_requests: 1066
  total_num_read_requests: 53206
  memory_system_cycles: 106639
  DRAM:
    impl: HBM2
  AddrMapper:
    impl: RoBaRaCoCh
  Controller:
    impl: Generic
    id: Channel 0
    Scheduler:
      impl: FRFCFS
    RefreshManager:
      impl: AllBank



Frontend:
  impl: GEM5

[2026-03-15 16:13:22.435] [info] Row hits: 45019, Row misses: 536, Row conflicts: 8688
MemorySystem:
  impl: GenericDRAM
  total_num_other_requests: 0
  total_num_write_requests: 1070
  total_num_read_requests: 53208
  memory_system_cycles: 106639
  DRAM:
    impl: HBM2
  AddrMapper:
    impl: RoBaRaCoCh
  Controller:
    impl: Generic
    id: Channel 0
    Scheduler:
      impl: FRFCFS
    RefreshManager:
      impl: AllBank



Frontend:
  impl: GEM5

[2026-03-15 16:13:22.435] [info] Row hits: 44719, Row misses: 644, Row conflicts: 8882
MemorySystem:
  impl: GenericDRAM
  total_num_other_requests: 0
  total_num_write_requests: 1066
  total_num_read_requests: 53206
  memory_system_cycles: 106639
  DRAM:
    impl: HBM2
  AddrMapper:
    impl: RoBaRaCoCh
  Controller:
    impl: Generic
    id: Channel 0
    Scheduler:
      impl: FRFCFS
    RefreshManager:
      impl: AllBank



Frontend:
  impl: GEM5

[2026-03-15 16:13:22.435] [info] Row hits: 44598, Row misses: 473, Row conflicts: 9169
MemorySystem:
  impl: GenericDRAM
  total_num_other_requests: 0
  total_num_write_requests: 1068
  total_num_read_requests: 53208
  memory_system_cycles: 106639
  DRAM:
    impl: HBM2
  AddrMapper:
    impl: RoBaRaCoCh
  Controller:
    impl: Generic
    id: Channel 0
    Scheduler:
      impl: FRFCFS
    RefreshManager:
      impl: AllBank



Frontend:
  impl: GEM5

[2026-03-15 16:13:22.435] [info] Row hits: 44649, Row misses: 492, Row conflicts: 9102
MemorySystem:
  impl: GenericDRAM
  total_num_other_requests: 0
  total_num_write_requests: 1070
  total_num_read_requests: 53208
  memory_system_cycles: 106639
  DRAM:
    impl: HBM2
  AddrMapper:
    impl: RoBaRaCoCh
  Controller:
    impl: Generic
    id: Channel 0
    Scheduler:
      impl: FRFCFS
    RefreshManager:
      impl: AllBank



Frontend:
  impl: GEM5

[2026-03-15 16:13:22.435] [info] Row hits: 44412, Row misses: 496, Row conflicts: 9342
MemorySystem:
  impl: GenericDRAM
  total_num_other_requests: 0
  total_num_write_requests: 1066
  total_num_read_requests: 53213
  memory_system_cycles: 106639
  DRAM:
    impl: HBM2
  AddrMapper:
    impl: RoBaRaCoCh
  Controller:
    impl: Generic
    id: Channel 0
    Scheduler:
      impl: FRFCFS
    RefreshManager:
      impl: AllBank



Object Size Histogram
393216 bytes : 73728  cumulative_bytes: 28991029248
3072 bytes : 2976  cumulative_bytes: 29000171520
160 bytes : 50  cumulative_bytes: 29000179520
256 bytes : 1056  cumulative_bytes: 29000449856
196608 bytes : 147456  cumulative_bytes: 57991479104
1536 bytes : 288  cumulative_bytes: 57991921472
32 bytes : 79  cumulative_bytes: 57991924000
1572864 bytes : 589824  cumulative_bytes: 985704859936
12288 bytes : 10752  cumulative_bytes: 985836980512
49152 bytes : 18432  cumulative_bytes: 986742950176
6144 bytes : 2304  cumulative_bytes: 986757105952
8192 bytes : 12288  cumulative_bytes: 986857769248
245760 bytes : 7680  cumulative_bytes: 988745206048
96 bytes : 36  cumulative_bytes: 988745209504
4096 bytes : 1536  cumulative_bytes: 988751500960
[2026-03-15 16:13:22.446] [info] Register model: mamba-130m-s1-b24
[2026-03-15 16:13:22.446] [info] Model Name
[2026-03-15 16:13:23.326] [info] has_l2,[false]
[2026-03-15 16:13:23.326] [info] ======Start Simulation=====
[2026-03-15 16:13:23.327] [info] Model Name: mamba-130m-s1-b24 model started
[2026-03-15 16:13:23.925] [info] [GemmWs] Keys K = 768, N = 1, M = 3072
[2026-03-15 16:13:23.925] [info] [GemmWS]: total 0.0047216644 GFLOPs, 0.004732416 GB
[2026-03-15 16:13:23.925] [info] [GemmWS]: Theoretical time(ms): 0.007707518307142891 Compute time: 3.60234402307924e-05 Memory time: 0.007707518307142891
[2026-03-15 16:13:23.925] [info] [GEMM] spad_size: 33554432 accum_size: 4194304
[2026-03-15 16:13:23.925] [info] [GEMM] required_sram_size: 3145728 required_accum_size: 32768
[2026-03-15 16:13:23.925] [info] [GEMM] Used gemmini gemm mapping: Total N:24 C:6144 M:1536, Outer N:1 C:1 M:12, Inner N:128 C:6144 M:128
[2026-03-15 16:13:24.010] [info] [GemmWs] Keys K = 6144, N = 24, M = 1536
[2026-03-15 16:13:24.010] [info] [GemmWS]: total 0.45302168 GFLOPs, 0.019246079 GB
[2026-03-15 16:13:24.010] [info] [GemmWS]: Theoretical time(ms): 0.031345403840532526 Compute time: 0.0034562810924398946 Memory time: 0.031345403840532526
[2026-03-15 16:13:24.012] [info] [GEMM] spad_size: 33554432 accum_size: 4194304
[2026-03-15 16:13:24.012] [info] [GEMM] required_sram_size: 393216 required_accum_size: 0
[2026-03-15 16:13:24.012] [info] [GEMM] Used gemmini gemm mapping: Total N:24 C:1536 M:80, Outer N:1 C:1 M:0, Inner N:128 C:1536 M:0
[2026-03-15 16:13:24.012] [info] [GemmWs] Keys K = 1536, N = 24, M = 80
[2026-03-15 16:13:24.012] [info] [GemmWS]: total 0.00590016 GFLOPs, 0.000323488 GB
[2026-03-15 16:13:24.012] [info] [GemmWS]: Theoretical time(ms): 0.0005268533982416557 Compute time: 4.501464800910071e-05 Memory time: 0.0005268533982416557
[2026-03-15 16:13:24.012] [info] [GEMM] spad_size: 33554432 accum_size: 4194304
[2026-03-15 16:13:24.012] [info] [GEMM] required_sram_size: 65536 required_accum_size: 32768
[2026-03-15 16:13:24.012] [info] [GEMM] Used gemmini gemm mapping: Total N:24 C:48 M:1536, Outer N:1 C:1 M:12, Inner N:128 C:128 M:128
[2026-03-15 16:13:24.013] [info] [GemmWs] Keys K = 48, N = 24, M = 1536
[2026-03-15 16:13:24.013] [info] [GemmWS]: total 0.003575808 GFLOPs, 0.00022655999 GB
[2026-03-15 16:13:24.013] [info] [GemmWS]: Theoretical time(ms): 0.00036899021438330237 Compute time: 2.728124925965858e-05 Memory time: 0.00036899021438330237
[2026-03-15 16:13:24.032] [info] [GEMM] spad_size: 33554432 accum_size: 4194304
[2026-03-15 16:13:24.032] [info] [GEMM] required_sram_size: 65536 required_accum_size: 32768
[2026-03-15 16:13:24.032] [info] [GEMM] Used gemmini gemm mapping: Total N:24 C:16 M:1536, Outer N:1 C:1 M:12, Inner N:128 C:128 M:128
[2026-03-15 16:13:24.033] [info] [GemmWs] Keys K = 16, N = 24, M = 1536
[2026-03-15 16:13:24.033] [info] [GemmWS]: total 0.0012165118 GFLOPs, 0.00012672 GB
[2026-03-15 16:13:24.033] [info] [GemmWS]: Theoretical time(ms): 0.00020638435671571642 Compute time: 9.281248658510322e-06 Memory time: 0.00020638435671571642
[2026-03-15 16:13:24.034] [info] [GEMM] spad_size: 33554432 accum_size: 4194304
[2026-03-15 16:13:24.034] [info] [GEMM] required_sram_size: 786432 required_accum_size: 32768
[2026-03-15 16:13:24.034] [info] [GEMM] Used gemmini gemm mapping: Total N:24 C:1536 M:768, Outer N:1 C:1 M:6, Inner N:128 C:1536 M:128
[2026-03-15 16:13:24.043] [info] [GemmWs] Keys K = 1536, N = 24, M = 768
[2026-03-15 16:13:24.043] [info] [GemmWS]: total 0.056641534 GFLOPs, 0.002471424 GB
[2026-03-15 16:13:24.043] [info] [GemmWS]: Theoretical time(ms): 0.004025120233563939 Compute time: 0.00043214060951868305 Memory time: 0.004025120233563939
[2026-03-15 16:13:24.049] [info] [GEMM] spad_size: 33554432 accum_size: 4194304
[2026-03-15 16:13:24.049] [info] [GEMM] required_sram_size: 983040 required_accum_size: 131072
[2026-03-15 16:13:24.049] [info] [GEMM] Used gemmini gemm mapping: Total N:24 C:768 M:3072, Outer N:1 C:1 M:6, Inner N:128 C:768 M:512
[2026-03-15 16:13:24.065] [info] [GemmWs] Keys K = 768, N = 24, M = 3072
[2026-03-15 16:13:24.065] [info] [GemmWS]: total 0.11331993 GFLOPs, 0.004909056 GB
[2026-03-15 16:13:24.065] [info] [GemmWS]: Theoretical time(ms): 0.007995205123734195 Compute time: 0.0008645624802738894 Memory time: 0.007995205123734195
[2026-03-15 16:13:24.147] [info] [GemmWs] Keys K = 6144, N = 24, M = 1536
[2026-03-15 16:13:24.147] [info] [GemmWS]: total 0.45302168 GFLOPs, 0.019246079 GB
[2026-03-15 16:13:24.147] [info] [GemmWS]: Theoretical time(ms): 0.031345403840532526 Compute time: 0.0034562810924398946 Memory time: 0.031345403840532526
[2026-03-15 16:13:24.150] [info] [GemmWs] Keys K = 1536, N = 24, M = 80
[2026-03-15 16:13:24.150] [info] [GemmWS]: total 0.00590016 GFLOPs, 0.000323488 GB
[2026-03-15 16:13:24.150] [info] [GemmWS]: Theoretical time(ms): 0.0005268533982416557 Compute time: 4.501464800910071e-05 Memory time: 0.0005268533982416557
[2026-03-15 16:13:24.151] [info] [GemmWs] Keys K = 48, N = 24, M = 1536
[2026-03-15 16:13:24.151] [info] [GemmWS]: total 0.003575808 GFLOPs, 0.00022655999 GB
[2026-03-15 16:13:24.151] [info] [GemmWS]: Theoretical time(ms): 0.00036899021438330237 Compute time: 2.728124925965858e-05 Memory time: 0.00036899021438330237
[2026-03-15 16:13:24.171] [info] [GemmWs] Keys K = 16, N = 24, M = 1536
[2026-03-15 16:13:24.171] [info] [GemmWS]: total 0.0012165118 GFLOPs, 0.00012672 GB
[2026-03-15 16:13:24.171] [info] [GemmWS]: Theoretical time(ms): 0.00020638435671571642 Compute time: 9.281248658510322e-06 Memory time: 0.00020638435671571642
[2026-03-15 16:13:24.183] [info] [GemmWs] Keys K = 1536, N = 24, M = 768
[2026-03-15 16:13:24.183] [info] [GemmWS]: total 0.056641534 GFLOPs, 0.002471424 GB
[2026-03-15 16:13:24.183] [info] [GemmWS]: Theoretical time(ms): 0.004025120233563939 Compute time: 0.00043214060951868305 Memory time: 0.004025120233563939
[2026-03-15 16:13:24.206] [info] [GemmWs] Keys K = 768, N = 24, M = 3072
[2026-03-15 16:13:24.206] [info] [GemmWS]: total 0.11331993 GFLOPs, 0.004909056 GB
[2026-03-15 16:13:24.206] [info] [GemmWS]: Theoretical time(ms): 0.007995205123734195 Compute time: 0.0008645624802738894 Memory time: 0.007995205123734195
[2026-03-15 16:13:24.288] [info] [GemmWs] Keys K = 6144, N = 24, M = 1536
[2026-03-15 16:13:24.288] [info] [GemmWS]: total 0.45302168 GFLOPs, 0.019246079 GB
[2026-03-15 16:13:24.288] [info] [GemmWS]: Theoretical time(ms): 0.031345403840532526 Compute time: 0.0034562810924398946 Memory time: 0.031345403840532526
[2026-03-15 16:13:24.290] [info] [GemmWs] Keys K = 1536, N = 24, M = 80
[2026-03-15 16:13:24.290] [info] [GemmWS]: total 0.00590016 GFLOPs, 0.000323488 GB
[2026-03-15 16:13:24.290] [info] [GemmWS]: Theoretical time(ms): 0.0005268533982416557 Compute time: 4.501464800910071e-05 Memory time: 0.0005268533982416557
[2026-03-15 16:13:24.291] [info] [GemmWs] Keys K = 48, N = 24, M = 1536
[2026-03-15 16:13:24.291] [info] [GemmWS]: total 0.003575808 GFLOPs, 0.00022655999 GB
[2026-03-15 16:13:24.291] [info] [GemmWS]: Theoretical time(ms): 0.00036899021438330237 Compute time: 2.728124925965858e-05 Memory time: 0.00036899021438330237
[2026-03-15 16:13:24.312] [info] [GemmWs] Keys K = 16, N = 24, M = 1536
[2026-03-15 16:13:24.312] [info] [GemmWS]: total 0.0012165118 GFLOPs, 0.00012672 GB
[2026-03-15 16:13:24.312] [info] [GemmWS]: Theoretical time(ms): 0.00020638435671571642 Compute time: 9.281248658510322e-06 Memory time: 0.00020638435671571642
[2026-03-15 16:13:24.323] [info] [GemmWs] Keys K = 1536, N = 24, M = 768
[2026-03-15 16:13:24.323] [info] [GemmWS]: total 0.056641534 GFLOPs, 0.002471424 GB
[2026-03-15 16:13:24.323] [info] [GemmWS]: Theoretical time(ms): 0.004025120233563939 Compute time: 0.00043214060951868305 Memory time: 0.004025120233563939
[2026-03-15 16:13:24.346] [info] [GemmWs] Keys K = 768, N = 24, M = 3072
[2026-03-15 16:13:24.346] [info] [GemmWS]: total 0.11331993 GFLOPs, 0.004909056 GB
[2026-03-15 16:13:24.346] [info] [GemmWS]: Theoretical time(ms): 0.007995205123734195 Compute time: 0.0008645624802738894 Memory time: 0.007995205123734195
[2026-03-15 16:13:24.429] [info] [GemmWs] Keys K = 6144, N = 24, M = 1536
[2026-03-15 16:13:24.429] [info] [GemmWS]: total 0.45302168 GFLOPs, 0.019246079 GB
[2026-03-15 16:13:24.429] [info] [GemmWS]: Theoretical time(ms): 0.031345403840532526 Compute time: 0.0034562810924398946 Memory time: 0.031345403840532526
[2026-03-15 16:13:24.432] [info] [GemmWs] Keys K = 1536, N = 24, M = 80
[2026-03-15 16:13:24.432] [info] [GemmWS]: total 0.00590016 GFLOPs, 0.000323488 GB
[2026-03-15 16:13:24.432] [info] [GemmWS]: Theoretical time(ms): 0.0005268533982416557 Compute time: 4.501464800910071e-05 Memory time: 0.0005268533982416557
[2026-03-15 16:13:24.432] [info] [GemmWs] Keys K = 48, N = 24, M = 1536
[2026-03-15 16:13:24.432] [info] [GemmWS]: total 0.003575808 GFLOPs, 0.00022655999 GB
[2026-03-15 16:13:24.432] [info] [GemmWS]: Theoretical time(ms): 0.00036899021438330237 Compute time: 2.728124925965858e-05 Memory time: 0.00036899021438330237
[2026-03-15 16:13:24.455] [info] [GemmWs] Keys K = 16, N = 24, M = 1536
[2026-03-15 16:13:24.455] [info] [GemmWS]: total 0.0012165118 GFLOPs, 0.00012672 GB
[2026-03-15 16:13:24.455] [info] [GemmWS]: Theoretical time(ms): 0.00020638435671571642 Compute time: 9.281248658510322e-06 Memory time: 0.00020638435671571642
[2026-03-15 16:13:24.467] [info] [GemmWs] Keys K = 1536, N = 24, M = 768
[2026-03-15 16:13:24.467] [info] [GemmWS]: total 0.056641534 GFLOPs, 0.002471424 GB
[2026-03-15 16:13:24.467] [info] [GemmWS]: Theoretical time(ms): 0.004025120233563939 Compute time: 0.00043214060951868305 Memory time: 0.004025120233563939
[2026-03-15 16:13:24.491] [info] [GemmWs] Keys K = 768, N = 24, M = 3072
[2026-03-15 16:13:24.491] [info] [GemmWS]: total 0.11331993 GFLOPs, 0.004909056 GB
[2026-03-15 16:13:24.491] [info] [GemmWS]: Theoretical time(ms): 0.007995205123734195 Compute time: 0.0008645624802738894 Memory time: 0.007995205123734195
[2026-03-15 16:13:24.575] [info] [GemmWs] Keys K = 6144, N = 24, M = 1536
[2026-03-15 16:13:24.575] [info] [GemmWS]: total 0.45302168 GFLOPs, 0.019246079 GB
[2026-03-15 16:13:24.575] [info] [GemmWS]: Theoretical time(ms): 0.031345403840532526 Compute time: 0.0034562810924398946 Memory time: 0.031345403840532526
[2026-03-15 16:13:24.578] [info] [GemmWs] Keys K = 1536, N = 24, M = 80
[2026-03-15 16:13:24.578] [info] [GemmWS]: total 0.00590016 GFLOPs, 0.000323488 GB
[2026-03-15 16:13:24.578] [info] [GemmWS]: Theoretical time(ms): 0.0005268533982416557 Compute time: 4.501464800910071e-05 Memory time: 0.0005268533982416557
[2026-03-15 16:13:24.579] [info] [GemmWs] Keys K = 48, N = 24, M = 1536
[2026-03-15 16:13:24.579] [info] [GemmWS]: total 0.003575808 GFLOPs, 0.00022655999 GB
[2026-03-15 16:13:24.579] [info] [GemmWS]: Theoretical time(ms): 0.00036899021438330237 Compute time: 2.728124925965858e-05 Memory time: 0.00036899021438330237
[2026-03-15 16:13:24.602] [info] [GemmWs] Keys K = 16, N = 24, M = 1536
[2026-03-15 16:13:24.602] [info] [GemmWS]: total 0.0012165118 GFLOPs, 0.00012672 GB
[2026-03-15 16:13:24.602] [info] [GemmWS]: Theoretical time(ms): 0.00020638435671571642 Compute time: 9.281248658510322e-06 Memory time: 0.00020638435671571642
[2026-03-15 16:13:24.614] [info] [GemmWs] Keys K = 1536, N = 24, M = 768
[2026-03-15 16:13:24.614] [info] [GemmWS]: total 0.056641534 GFLOPs, 0.002471424 GB
[2026-03-15 16:13:24.614] [info] [GemmWS]: Theoretical time(ms): 0.004025120233563939 Compute time: 0.00043214060951868305 Memory time: 0.004025120233563939
[2026-03-15 16:13:24.638] [info] [GemmWs] Keys K = 768, N = 24, M = 3072
[2026-03-15 16:13:24.638] [info] [GemmWS]: total 0.11331993 GFLOPs, 0.004909056 GB
[2026-03-15 16:13:24.638] [info] [GemmWS]: Theoretical time(ms): 0.007995205123734195 Compute time: 0.0008645624802738894 Memory time: 0.007995205123734195
[2026-03-15 16:13:24.722] [info] [GemmWs] Keys K = 6144, N = 24, M = 1536
[2026-03-15 16:13:24.722] [info] [GemmWS]: total 0.45302168 GFLOPs, 0.019246079 GB
[2026-03-15 16:13:24.722] [info] [GemmWS]: Theoretical time(ms): 0.031345403840532526 Compute time: 0.0034562810924398946 Memory time: 0.031345403840532526
[2026-03-15 16:13:24.725] [info] [GemmWs] Keys K = 1536, N = 24, M = 80
[2026-03-15 16:13:24.725] [info] [GemmWS]: total 0.00590016 GFLOPs, 0.000323488 GB
[2026-03-15 16:13:24.725] [info] [GemmWS]: Theoretical time(ms): 0.0005268533982416557 Compute time: 4.501464800910071e-05 Memory time: 0.0005268533982416557
[2026-03-15 16:13:24.726] [info] [GemmWs] Keys K = 48, N = 24, M = 1536
[2026-03-15 16:13:24.726] [info] [GemmWS]: total 0.003575808 GFLOPs, 0.00022655999 GB
[2026-03-15 16:13:24.726] [info] [GemmWS]: Theoretical time(ms): 0.00036899021438330237 Compute time: 2.728124925965858e-05 Memory time: 0.00036899021438330237
[2026-03-15 16:13:24.749] [info] [GemmWs] Keys K = 16, N = 24, M = 1536
[2026-03-15 16:13:24.749] [info] [GemmWS]: total 0.0012165118 GFLOPs, 0.00012672 GB
[2026-03-15 16:13:24.749] [info] [GemmWS]: Theoretical time(ms): 0.00020638435671571642 Compute time: 9.281248658510322e-06 Memory time: 0.00020638435671571642
[2026-03-15 16:13:24.762] [info] [GemmWs] Keys K = 1536, N = 24, M = 768
[2026-03-15 16:13:24.762] [info] [GemmWS]: total 0.056641534 GFLOPs, 0.002471424 GB
[2026-03-15 16:13:24.762] [info] [GemmWS]: Theoretical time(ms): 0.004025120233563939 Compute time: 0.00043214060951868305 Memory time: 0.004025120233563939
[2026-03-15 16:13:24.785] [info] [GemmWs] Keys K = 768, N = 24, M = 3072
[2026-03-15 16:13:24.785] [info] [GemmWS]: total 0.11331993 GFLOPs, 0.004909056 GB
[2026-03-15 16:13:24.785] [info] [GemmWS]: Theoretical time(ms): 0.007995205123734195 Compute time: 0.0008645624802738894 Memory time: 0.007995205123734195
[2026-03-15 16:13:24.869] [info] [GemmWs] Keys K = 6144, N = 24, M = 1536
[2026-03-15 16:13:24.869] [info] [GemmWS]: total 0.45302168 GFLOPs, 0.019246079 GB
[2026-03-15 16:13:24.869] [info] [GemmWS]: Theoretical time(ms): 0.031345403840532526 Compute time: 0.0034562810924398946 Memory time: 0.031345403840532526
[2026-03-15 16:13:24.872] [info] [GemmWs] Keys K = 1536, N = 24, M = 80
[2026-03-15 16:13:24.872] [info] [GemmWS]: total 0.00590016 GFLOPs, 0.000323488 GB
[2026-03-15 16:13:24.872] [info] [GemmWS]: Theoretical time(ms): 0.0005268533982416557 Compute time: 4.501464800910071e-05 Memory time: 0.0005268533982416557
[2026-03-15 16:13:24.873] [info] [GemmWs] Keys K = 48, N = 24, M = 1536
[2026-03-15 16:13:24.873] [info] [GemmWS]: total 0.003575808 GFLOPs, 0.00022655999 GB
[2026-03-15 16:13:24.873] [info] [GemmWS]: Theoretical time(ms): 0.00036899021438330237 Compute time: 2.728124925965858e-05 Memory time: 0.00036899021438330237
[2026-03-15 16:13:24.896] [info] [GemmWs] Keys K = 16, N = 24, M = 1536
[2026-03-15 16:13:24.896] [info] [GemmWS]: total 0.0012165118 GFLOPs, 0.00012672 GB
[2026-03-15 16:13:24.896] [info] [GemmWS]: Theoretical time(ms): 0.00020638435671571642 Compute time: 9.281248658510322e-06 Memory time: 0.00020638435671571642
[2026-03-15 16:13:24.908] [info] [GemmWs] Keys K = 1536, N = 24, M = 768
[2026-03-15 16:13:24.908] [info] [GemmWS]: total 0.056641534 GFLOPs, 0.002471424 GB
[2026-03-15 16:13:24.908] [info] [GemmWS]: Theoretical time(ms): 0.004025120233563939 Compute time: 0.00043214060951868305 Memory time: 0.004025120233563939
[2026-03-15 16:13:24.932] [info] [GemmWs] Keys K = 768, N = 24, M = 3072
[2026-03-15 16:13:24.932] [info] [GemmWS]: total 0.11331993 GFLOPs, 0.004909056 GB
[2026-03-15 16:13:24.932] [info] [GemmWS]: Theoretical time(ms): 0.007995205123734195 Compute time: 0.0008645624802738894 Memory time: 0.007995205123734195
[2026-03-15 16:13:25.016] [info] [GemmWs] Keys K = 6144, N = 24, M = 1536
[2026-03-15 16:13:25.016] [info] [GemmWS]: total 0.45302168 GFLOPs, 0.019246079 GB
[2026-03-15 16:13:25.016] [info] [GemmWS]: Theoretical time(ms): 0.031345403840532526 Compute time: 0.0034562810924398946 Memory time: 0.031345403840532526
[2026-03-15 16:13:25.019] [info] [GemmWs] Keys K = 1536, N = 24, M = 80
[2026-03-15 16:13:25.019] [info] [GemmWS]: total 0.00590016 GFLOPs, 0.000323488 GB
[2026-03-15 16:13:25.019] [info] [GemmWS]: Theoretical time(ms): 0.0005268533982416557 Compute time: 4.501464800910071e-05 Memory time: 0.0005268533982416557
[2026-03-15 16:13:25.019] [info] [GemmWs] Keys K = 48, N = 24, M = 1536
[2026-03-15 16:13:25.019] [info] [GemmWS]: total 0.003575808 GFLOPs, 0.00022655999 GB
[2026-03-15 16:13:25.019] [info] [GemmWS]: Theoretical time(ms): 0.00036899021438330237 Compute time: 2.728124925965858e-05 Memory time: 0.00036899021438330237
[2026-03-15 16:13:25.043] [info] [GemmWs] Keys K = 16, N = 24, M = 1536
[2026-03-15 16:13:25.043] [info] [GemmWS]: total 0.0012165118 GFLOPs, 0.00012672 GB
[2026-03-15 16:13:25.043] [info] [GemmWS]: Theoretical time(ms): 0.00020638435671571642 Compute time: 9.281248658510322e-06 Memory time: 0.00020638435671571642
[2026-03-15 16:13:25.055] [info] [GemmWs] Keys K = 1536, N = 24, M = 768
[2026-03-15 16:13:25.055] [info] [GemmWS]: total 0.056641534 GFLOPs, 0.002471424 GB
[2026-03-15 16:13:25.055] [info] [GemmWS]: Theoretical time(ms): 0.004025120233563939 Compute time: 0.00043214060951868305 Memory time: 0.004025120233563939
[2026-03-15 16:13:25.079] [info] [GemmWs] Keys K = 768, N = 24, M = 3072
[2026-03-15 16:13:25.079] [info] [GemmWS]: total 0.11331993 GFLOPs, 0.004909056 GB
[2026-03-15 16:13:25.079] [info] [GemmWS]: Theoretical time(ms): 0.007995205123734195 Compute time: 0.0008645624802738894 Memory time: 0.007995205123734195
[2026-03-15 16:13:25.164] [info] [GemmWs] Keys K = 6144, N = 24, M = 1536
[2026-03-15 16:13:25.164] [info] [GemmWS]: total 0.45302168 GFLOPs, 0.019246079 GB
[2026-03-15 16:13:25.164] [info] [GemmWS]: Theoretical time(ms): 0.031345403840532526 Compute time: 0.0034562810924398946 Memory time: 0.031345403840532526
[2026-03-15 16:13:25.166] [info] [GemmWs] Keys K = 1536, N = 24, M = 80
[2026-03-15 16:13:25.166] [info] [GemmWS]: total 0.00590016 GFLOPs, 0.000323488 GB
[2026-03-15 16:13:25.166] [info] [GemmWS]: Theoretical time(ms): 0.0005268533982416557 Compute time: 4.501464800910071e-05 Memory time: 0.0005268533982416557
[2026-03-15 16:13:25.167] [info] [GemmWs] Keys K = 48, N = 24, M = 1536
[2026-03-15 16:13:25.167] [info] [GemmWS]: total 0.003575808 GFLOPs, 0.00022655999 GB
[2026-03-15 16:13:25.167] [info] [GemmWS]: Theoretical time(ms): 0.00036899021438330237 Compute time: 2.728124925965858e-05 Memory time: 0.00036899021438330237
[2026-03-15 16:13:25.191] [info] [GemmWs] Keys K = 16, N = 24, M = 1536
[2026-03-15 16:13:25.191] [info] [GemmWS]: total 0.0012165118 GFLOPs, 0.00012672 GB
[2026-03-15 16:13:25.191] [info] [GemmWS]: Theoretical time(ms): 0.00020638435671571642 Compute time: 9.281248658510322e-06 Memory time: 0.00020638435671571642
[2026-03-15 16:13:25.203] [info] [GemmWs] Keys K = 1536, N = 24, M = 768
[2026-03-15 16:13:25.203] [info] [GemmWS]: total 0.056641534 GFLOPs, 0.002471424 GB
[2026-03-15 16:13:25.203] [info] [GemmWS]: Theoretical time(ms): 0.004025120233563939 Compute time: 0.00043214060951868305 Memory time: 0.004025120233563939
[2026-03-15 16:13:25.228] [info] [GemmWs] Keys K = 768, N = 24, M = 3072
[2026-03-15 16:13:25.228] [info] [GemmWS]: total 0.11331993 GFLOPs, 0.004909056 GB
[2026-03-15 16:13:25.228] [info] [GemmWS]: Theoretical time(ms): 0.007995205123734195 Compute time: 0.0008645624802738894 Memory time: 0.007995205123734195
[2026-03-15 16:13:25.312] [info] [GemmWs] Keys K = 6144, N = 24, M = 1536
[2026-03-15 16:13:25.312] [info] [GemmWS]: total 0.45302168 GFLOPs, 0.019246079 GB
[2026-03-15 16:13:25.312] [info] [GemmWS]: Theoretical time(ms): 0.031345403840532526 Compute time: 0.0034562810924398946 Memory time: 0.031345403840532526
[2026-03-15 16:13:25.315] [info] [GemmWs] Keys K = 1536, N = 24, M = 80
[2026-03-15 16:13:25.315] [info] [GemmWS]: total 0.00590016 GFLOPs, 0.000323488 GB
[2026-03-15 16:13:25.315] [info] [GemmWS]: Theoretical time(ms): 0.0005268533982416557 Compute time: 4.501464800910071e-05 Memory time: 0.0005268533982416557
[2026-03-15 16:13:25.316] [info] [GemmWs] Keys K = 48, N = 24, M = 1536
[2026-03-15 16:13:25.316] [info] [GemmWS]: total 0.003575808 GFLOPs, 0.00022655999 GB
[2026-03-15 16:13:25.316] [info] [GemmWS]: Theoretical time(ms): 0.00036899021438330237 Compute time: 2.728124925965858e-05 Memory time: 0.00036899021438330237
[2026-03-15 16:13:25.339] [info] [GemmWs] Keys K = 16, N = 24, M = 1536
[2026-03-15 16:13:25.339] [info] [GemmWS]: total 0.0012165118 GFLOPs, 0.00012672 GB
[2026-03-15 16:13:25.339] [info] [GemmWS]: Theoretical time(ms): 0.00020638435671571642 Compute time: 9.281248658510322e-06 Memory time: 0.00020638435671571642
[2026-03-15 16:13:25.351] [info] [GemmWs] Keys K = 1536, N = 24, M = 768
[2026-03-15 16:13:25.351] [info] [GemmWS]: total 0.056641534 GFLOPs, 0.002471424 GB
[2026-03-15 16:13:25.351] [info] [GemmWS]: Theoretical time(ms): 0.004025120233563939 Compute time: 0.00043214060951868305 Memory time: 0.004025120233563939
[2026-03-15 16:13:25.375] [info] [GemmWs] Keys K = 768, N = 24, M = 3072
[2026-03-15 16:13:25.375] [info] [GemmWS]: total 0.11331993 GFLOPs, 0.004909056 GB
[2026-03-15 16:13:25.375] [info] [GemmWS]: Theoretical time(ms): 0.007995205123734195 Compute time: 0.0008645624802738894 Memory time: 0.007995205123734195
[2026-03-15 16:13:25.461] [info] [GemmWs] Keys K = 6144, N = 24, M = 1536
[2026-03-15 16:13:25.461] [info] [GemmWS]: total 0.45302168 GFLOPs, 0.019246079 GB
[2026-03-15 16:13:25.461] [info] [GemmWS]: Theoretical time(ms): 0.031345403840532526 Compute time: 0.0034562810924398946 Memory time: 0.031345403840532526
[2026-03-15 16:13:25.464] [info] [GemmWs] Keys K = 1536, N = 24, M = 80
[2026-03-15 16:13:25.464] [info] [GemmWS]: total 0.00590016 GFLOPs, 0.000323488 GB
[2026-03-15 16:13:25.464] [info] [GemmWS]: Theoretical time(ms): 0.0005268533982416557 Compute time: 4.501464800910071e-05 Memory time: 0.0005268533982416557
[2026-03-15 16:13:25.465] [info] [GemmWs] Keys K = 48, N = 24, M = 1536
[2026-03-15 16:13:25.465] [info] [GemmWS]: total 0.003575808 GFLOPs, 0.00022655999 GB
[2026-03-15 16:13:25.465] [info] [GemmWS]: Theoretical time(ms): 0.00036899021438330237 Compute time: 2.728124925965858e-05 Memory time: 0.00036899021438330237
[2026-03-15 16:13:25.488] [info] [GemmWs] Keys K = 16, N = 24, M = 1536
[2026-03-15 16:13:25.488] [info] [GemmWS]: total 0.0012165118 GFLOPs, 0.00012672 GB
[2026-03-15 16:13:25.488] [info] [GemmWS]: Theoretical time(ms): 0.00020638435671571642 Compute time: 9.281248658510322e-06 Memory time: 0.00020638435671571642
[2026-03-15 16:13:25.500] [info] [GemmWs] Keys K = 1536, N = 24, M = 768
[2026-03-15 16:13:25.500] [info] [GemmWS]: total 0.056641534 GFLOPs, 0.002471424 GB
[2026-03-15 16:13:25.500] [info] [GemmWS]: Theoretical time(ms): 0.004025120233563939 Compute time: 0.00043214060951868305 Memory time: 0.004025120233563939
[2026-03-15 16:13:25.524] [info] [GemmWs] Keys K = 768, N = 24, M = 3072
[2026-03-15 16:13:25.524] [info] [GemmWS]: total 0.11331993 GFLOPs, 0.004909056 GB
[2026-03-15 16:13:25.524] [info] [GemmWS]: Theoretical time(ms): 0.007995205123734195 Compute time: 0.0008645624802738894 Memory time: 0.007995205123734195
[2026-03-15 16:13:25.608] [info] [GemmWs] Keys K = 6144, N = 24, M = 1536
[2026-03-15 16:13:25.608] [info] [GemmWS]: total 0.45302168 GFLOPs, 0.019246079 GB
[2026-03-15 16:13:25.608] [info] [GemmWS]: Theoretical time(ms): 0.031345403840532526 Compute time: 0.0034562810924398946 Memory time: 0.031345403840532526
[2026-03-15 16:13:25.611] [info] [GemmWs] Keys K = 1536, N = 24, M = 80
[2026-03-15 16:13:25.611] [info] [GemmWS]: total 0.00590016 GFLOPs, 0.000323488 GB
[2026-03-15 16:13:25.611] [info] [GemmWS]: Theoretical time(ms): 0.0005268533982416557 Compute time: 4.501464800910071e-05 Memory time: 0.0005268533982416557
[2026-03-15 16:13:25.612] [info] [GemmWs] Keys K = 48, N = 24, M = 1536
[2026-03-15 16:13:25.612] [info] [GemmWS]: total 0.003575808 GFLOPs, 0.00022655999 GB
[2026-03-15 16:13:25.612] [info] [GemmWS]: Theoretical time(ms): 0.00036899021438330237 Compute time: 2.728124925965858e-05 Memory time: 0.00036899021438330237
[2026-03-15 16:13:25.635] [info] [GemmWs] Keys K = 16, N = 24, M = 1536
[2026-03-15 16:13:25.635] [info] [GemmWS]: total 0.0012165118 GFLOPs, 0.00012672 GB
[2026-03-15 16:13:25.635] [info] [GemmWS]: Theoretical time(ms): 0.00020638435671571642 Compute time: 9.281248658510322e-06 Memory time: 0.00020638435671571642
[2026-03-15 16:13:25.647] [info] [GemmWs] Keys K = 1536, N = 24, M = 768
[2026-03-15 16:13:25.647] [info] [GemmWS]: total 0.056641534 GFLOPs, 0.002471424 GB
[2026-03-15 16:13:25.647] [info] [GemmWS]: Theoretical time(ms): 0.004025120233563939 Compute time: 0.00043214060951868305 Memory time: 0.004025120233563939
[2026-03-15 16:13:25.672] [info] [GemmWs] Keys K = 768, N = 24, M = 3072
[2026-03-15 16:13:25.672] [info] [GemmWS]: total 0.11331993 GFLOPs, 0.004909056 GB
[2026-03-15 16:13:25.672] [info] [GemmWS]: Theoretical time(ms): 0.007995205123734195 Compute time: 0.0008645624802738894 Memory time: 0.007995205123734195
[2026-03-15 16:13:25.756] [info] [GemmWs] Keys K = 6144, N = 24, M = 1536
[2026-03-15 16:13:25.756] [info] [GemmWS]: total 0.45302168 GFLOPs, 0.019246079 GB
[2026-03-15 16:13:25.756] [info] [GemmWS]: Theoretical time(ms): 0.031345403840532526 Compute time: 0.0034562810924398946 Memory time: 0.031345403840532526
[2026-03-15 16:13:25.759] [info] [GemmWs] Keys K = 1536, N = 24, M = 80
[2026-03-15 16:13:25.759] [info] [GemmWS]: total 0.00590016 GFLOPs, 0.000323488 GB
[2026-03-15 16:13:25.759] [info] [GemmWS]: Theoretical time(ms): 0.0005268533982416557 Compute time: 4.501464800910071e-05 Memory time: 0.0005268533982416557
[2026-03-15 16:13:25.760] [info] [GemmWs] Keys K = 48, N = 24, M = 1536
[2026-03-15 16:13:25.760] [info] [GemmWS]: total 0.003575808 GFLOPs, 0.00022655999 GB
[2026-03-15 16:13:25.760] [info] [GemmWS]: Theoretical time(ms): 0.00036899021438330237 Compute time: 2.728124925965858e-05 Memory time: 0.00036899021438330237
[2026-03-15 16:13:25.784] [info] [GemmWs] Keys K = 16, N = 24, M = 1536
[2026-03-15 16:13:25.784] [info] [GemmWS]: total 0.0012165118 GFLOPs, 0.00012672 GB
[2026-03-15 16:13:25.784] [info] [GemmWS]: Theoretical time(ms): 0.00020638435671571642 Compute time: 9.281248658510322e-06 Memory time: 0.00020638435671571642
[2026-03-15 16:13:25.796] [info] [GemmWs] Keys K = 1536, N = 24, M = 768
[2026-03-15 16:13:25.796] [info] [GemmWS]: total 0.056641534 GFLOPs, 0.002471424 GB
[2026-03-15 16:13:25.796] [info] [GemmWS]: Theoretical time(ms): 0.004025120233563939 Compute time: 0.00043214060951868305 Memory time: 0.004025120233563939
[2026-03-15 16:13:25.820] [info] [GemmWs] Keys K = 768, N = 24, M = 3072
[2026-03-15 16:13:25.820] [info] [GemmWS]: total 0.11331993 GFLOPs, 0.004909056 GB
[2026-03-15 16:13:25.820] [info] [GemmWS]: Theoretical time(ms): 0.007995205123734195 Compute time: 0.0008645624802738894 Memory time: 0.007995205123734195
[2026-03-15 16:13:25.904] [info] [GemmWs] Keys K = 6144, N = 24, M = 1536
[2026-03-15 16:13:25.904] [info] [GemmWS]: total 0.45302168 GFLOPs, 0.019246079 GB
[2026-03-15 16:13:25.904] [info] [GemmWS]: Theoretical time(ms): 0.031345403840532526 Compute time: 0.0034562810924398946 Memory time: 0.031345403840532526
[2026-03-15 16:13:25.907] [info] [GemmWs] Keys K = 1536, N = 24, M = 80
[2026-03-15 16:13:25.907] [info] [GemmWS]: total 0.00590016 GFLOPs, 0.000323488 GB
[2026-03-15 16:13:25.907] [info] [GemmWS]: Theoretical time(ms): 0.0005268533982416557 Compute time: 4.501464800910071e-05 Memory time: 0.0005268533982416557
[2026-03-15 16:13:25.908] [info] [GemmWs] Keys K = 48, N = 24, M = 1536
[2026-03-15 16:13:25.908] [info] [GemmWS]: total 0.003575808 GFLOPs, 0.00022655999 GB
[2026-03-15 16:13:25.908] [info] [GemmWS]: Theoretical time(ms): 0.00036899021438330237 Compute time: 2.728124925965858e-05 Memory time: 0.00036899021438330237
[2026-03-15 16:13:25.932] [info] [GemmWs] Keys K = 16, N = 24, M = 1536
[2026-03-15 16:13:25.932] [info] [GemmWS]: total 0.0012165118 GFLOPs, 0.00012672 GB
[2026-03-15 16:13:25.932] [info] [GemmWS]: Theoretical time(ms): 0.00020638435671571642 Compute time: 9.281248658510322e-06 Memory time: 0.00020638435671571642
[2026-03-15 16:13:25.944] [info] [GemmWs] Keys K = 1536, N = 24, M = 768
[2026-03-15 16:13:25.944] [info] [GemmWS]: total 0.056641534 GFLOPs, 0.002471424 GB
[2026-03-15 16:13:25.944] [info] [GemmWS]: Theoretical time(ms): 0.004025120233563939 Compute time: 0.00043214060951868305 Memory time: 0.004025120233563939
[2026-03-15 16:13:25.968] [info] [GemmWs] Keys K = 768, N = 24, M = 3072
[2026-03-15 16:13:25.968] [info] [GemmWS]: total 0.11331993 GFLOPs, 0.004909056 GB
[2026-03-15 16:13:25.968] [info] [GemmWS]: Theoretical time(ms): 0.007995205123734195 Compute time: 0.0008645624802738894 Memory time: 0.007995205123734195
[2026-03-15 16:13:26.052] [info] [GemmWs] Keys K = 6144, N = 24, M = 1536
[2026-03-15 16:13:26.052] [info] [GemmWS]: total 0.45302168 GFLOPs, 0.019246079 GB
[2026-03-15 16:13:26.052] [info] [GemmWS]: Theoretical time(ms): 0.031345403840532526 Compute time: 0.0034562810924398946 Memory time: 0.031345403840532526
[2026-03-15 16:13:26.055] [info] [GemmWs] Keys K = 1536, N = 24, M = 80
[2026-03-15 16:13:26.055] [info] [GemmWS]: total 0.00590016 GFLOPs, 0.000323488 GB
[2026-03-15 16:13:26.055] [info] [GemmWS]: Theoretical time(ms): 0.0005268533982416557 Compute time: 4.501464800910071e-05 Memory time: 0.0005268533982416557
[2026-03-15 16:13:26.056] [info] [GemmWs] Keys K = 48, N = 24, M = 1536
[2026-03-15 16:13:26.056] [info] [GemmWS]: total 0.003575808 GFLOPs, 0.00022655999 GB
[2026-03-15 16:13:26.056] [info] [GemmWS]: Theoretical time(ms): 0.00036899021438330237 Compute time: 2.728124925965858e-05 Memory time: 0.00036899021438330237
[2026-03-15 16:13:26.080] [info] [GemmWs] Keys K = 16, N = 24, M = 1536
[2026-03-15 16:13:26.080] [info] [GemmWS]: total 0.0012165118 GFLOPs, 0.00012672 GB
[2026-03-15 16:13:26.080] [info] [GemmWS]: Theoretical time(ms): 0.00020638435671571642 Compute time: 9.281248658510322e-06 Memory time: 0.00020638435671571642
[2026-03-15 16:13:26.093] [info] [GemmWs] Keys K = 1536, N = 24, M = 768
[2026-03-15 16:13:26.093] [info] [GemmWS]: total 0.056641534 GFLOPs, 0.002471424 GB
[2026-03-15 16:13:26.093] [info] [GemmWS]: Theoretical time(ms): 0.004025120233563939 Compute time: 0.00043214060951868305 Memory time: 0.004025120233563939
[2026-03-15 16:13:26.117] [info] [GemmWs] Keys K = 768, N = 24, M = 3072
[2026-03-15 16:13:26.117] [info] [GemmWS]: total 0.11331993 GFLOPs, 0.004909056 GB
[2026-03-15 16:13:26.117] [info] [GemmWS]: Theoretical time(ms): 0.007995205123734195 Compute time: 0.0008645624802738894 Memory time: 0.007995205123734195
[2026-03-15 16:13:26.203] [info] [GemmWs] Keys K = 6144, N = 24, M = 1536
[2026-03-15 16:13:26.203] [info] [GemmWS]: total 0.45302168 GFLOPs, 0.019246079 GB
[2026-03-15 16:13:26.203] [info] [GemmWS]: Theoretical time(ms): 0.031345403840532526 Compute time: 0.0034562810924398946 Memory time: 0.031345403840532526
[2026-03-15 16:13:26.205] [info] [GemmWs] Keys K = 1536, N = 24, M = 80
[2026-03-15 16:13:26.205] [info] [GemmWS]: total 0.00590016 GFLOPs, 0.000323488 GB
[2026-03-15 16:13:26.205] [info] [GemmWS]: Theoretical time(ms): 0.0005268533982416557 Compute time: 4.501464800910071e-05 Memory time: 0.0005268533982416557
[2026-03-15 16:13:26.206] [info] [GemmWs] Keys K = 48, N = 24, M = 1536
[2026-03-15 16:13:26.206] [info] [GemmWS]: total 0.003575808 GFLOPs, 0.00022655999 GB
[2026-03-15 16:13:26.206] [info] [GemmWS]: Theoretical time(ms): 0.00036899021438330237 Compute time: 2.728124925965858e-05 Memory time: 0.00036899021438330237
[2026-03-15 16:13:26.231] [info] [GemmWs] Keys K = 16, N = 24, M = 1536
[2026-03-15 16:13:26.231] [info] [GemmWS]: total 0.0012165118 GFLOPs, 0.00012672 GB
[2026-03-15 16:13:26.231] [info] [GemmWS]: Theoretical time(ms): 0.00020638435671571642 Compute time: 9.281248658510322e-06 Memory time: 0.00020638435671571642
[2026-03-15 16:13:26.244] [info] [GemmWs] Keys K = 1536, N = 24, M = 768
[2026-03-15 16:13:26.244] [info] [GemmWS]: total 0.056641534 GFLOPs, 0.002471424 GB
[2026-03-15 16:13:26.244] [info] [GemmWS]: Theoretical time(ms): 0.004025120233563939 Compute time: 0.00043214060951868305 Memory time: 0.004025120233563939
[2026-03-15 16:13:26.271] [info] [GemmWs] Keys K = 768, N = 24, M = 3072
[2026-03-15 16:13:26.271] [info] [GemmWS]: total 0.11331993 GFLOPs, 0.004909056 GB
[2026-03-15 16:13:26.271] [info] [GemmWS]: Theoretical time(ms): 0.007995205123734195 Compute time: 0.0008645624802738894 Memory time: 0.007995205123734195
[2026-03-15 16:13:26.391] [info] [GemmWs] Keys K = 6144, N = 24, M = 1536
[2026-03-15 16:13:26.391] [info] [GemmWS]: total 0.45302168 GFLOPs, 0.019246079 GB
[2026-03-15 16:13:26.391] [info] [GemmWS]: Theoretical time(ms): 0.031345403840532526 Compute time: 0.0034562810924398946 Memory time: 0.031345403840532526
[2026-03-15 16:13:26.399] [info] [GemmWs] Keys K = 1536, N = 24, M = 80
[2026-03-15 16:13:26.399] [info] [GemmWS]: total 0.00590016 GFLOPs, 0.000323488 GB
[2026-03-15 16:13:26.399] [info] [GemmWS]: Theoretical time(ms): 0.0005268533982416557 Compute time: 4.501464800910071e-05 Memory time: 0.0005268533982416557
[2026-03-15 16:13:26.402] [info] [GemmWs] Keys K = 48, N = 24, M = 1536
[2026-03-15 16:13:26.402] [info] [GemmWS]: total 0.003575808 GFLOPs, 0.00022655999 GB
[2026-03-15 16:13:26.402] [info] [GemmWS]: Theoretical time(ms): 0.00036899021438330237 Compute time: 2.728124925965858e-05 Memory time: 0.00036899021438330237
[2026-03-15 16:13:26.458] [info] [GemmWs] Keys K = 16, N = 24, M = 1536
[2026-03-15 16:13:26.458] [info] [GemmWS]: total 0.0012165118 GFLOPs, 0.00012672 GB
[2026-03-15 16:13:26.458] [info] [GemmWS]: Theoretical time(ms): 0.00020638435671571642 Compute time: 9.281248658510322e-06 Memory time: 0.00020638435671571642
[2026-03-15 16:13:26.478] [info] [GemmWs] Keys K = 1536, N = 24, M = 768
[2026-03-15 16:13:26.478] [info] [GemmWS]: total 0.056641534 GFLOPs, 0.002471424 GB
[2026-03-15 16:13:26.478] [info] [GemmWS]: Theoretical time(ms): 0.004025120233563939 Compute time: 0.00043214060951868305 Memory time: 0.004025120233563939
[2026-03-15 16:13:26.516] [info] [GemmWs] Keys K = 768, N = 24, M = 3072
[2026-03-15 16:13:26.516] [info] [GemmWS]: total 0.11331993 GFLOPs, 0.004909056 GB
[2026-03-15 16:13:26.516] [info] [GemmWS]: Theoretical time(ms): 0.007995205123734195 Compute time: 0.0008645624802738894 Memory time: 0.007995205123734195
[2026-03-15 16:13:26.654] [info] [GemmWs] Keys K = 6144, N = 24, M = 1536
[2026-03-15 16:13:26.654] [info] [GemmWS]: total 0.45302168 GFLOPs, 0.019246079 GB
[2026-03-15 16:13:26.654] [info] [GemmWS]: Theoretical time(ms): 0.031345403840532526 Compute time: 0.0034562810924398946 Memory time: 0.031345403840532526
[2026-03-15 16:13:26.658] [info] [GemmWs] Keys K = 1536, N = 24, M = 80
[2026-03-15 16:13:26.665] [info] [GemmWS]: total 0.00590016 GFLOPs, 0.000323488 GB
[2026-03-15 16:13:26.665] [info] [GemmWS]: Theoretical time(ms): 0.0005268533982416557 Compute time: 4.501464800910071e-05 Memory time: 0.0005268533982416557
[2026-03-15 16:13:26.666] [info] [GemmWs] Keys K = 48, N = 24, M = 1536
[2026-03-15 16:13:26.666] [info] [GemmWS]: total 0.003575808 GFLOPs, 0.00022655999 GB
[2026-03-15 16:13:26.666] [info] [GemmWS]: Theoretical time(ms): 0.00036899021438330237 Compute time: 2.728124925965858e-05 Memory time: 0.00036899021438330237
[2026-03-15 16:13:26.701] [info] [GemmWs] Keys K = 16, N = 24, M = 1536
[2026-03-15 16:13:26.701] [info] [GemmWS]: total 0.0012165118 GFLOPs, 0.00012672 GB
[2026-03-15 16:13:26.701] [info] [GemmWS]: Theoretical time(ms): 0.00020638435671571642 Compute time: 9.281248658510322e-06 Memory time: 0.00020638435671571642
[2026-03-15 16:13:26.717] [info] [GemmWs] Keys K = 1536, N = 24, M = 768
[2026-03-15 16:13:26.717] [info] [GemmWS]: total 0.056641534 GFLOPs, 0.002471424 GB
[2026-03-15 16:13:26.717] [info] [GemmWS]: Theoretical time(ms): 0.004025120233563939 Compute time: 0.00043214060951868305 Memory time: 0.004025120233563939
[2026-03-15 16:13:26.750] [info] [GemmWs] Keys K = 768, N = 24, M = 3072
[2026-03-15 16:13:26.751] [info] [GemmWS]: total 0.11331993 GFLOPs, 0.004909056 GB
[2026-03-15 16:13:26.751] [info] [GemmWS]: Theoretical time(ms): 0.007995205123734195 Compute time: 0.0008645624802738894 Memory time: 0.007995205123734195
[2026-03-15 16:13:26.876] [info] [GemmWs] Keys K = 6144, N = 24, M = 1536
[2026-03-15 16:13:26.876] [info] [GemmWS]: total 0.45302168 GFLOPs, 0.019246079 GB
[2026-03-15 16:13:26.876] [info] [GemmWS]: Theoretical time(ms): 0.031345403840532526 Compute time: 0.0034562810924398946 Memory time: 0.031345403840532526
[2026-03-15 16:13:26.879] [info] [GemmWs] Keys K = 1536, N = 24, M = 80
[2026-03-15 16:13:26.879] [info] [GemmWS]: total 0.00590016 GFLOPs, 0.000323488 GB
[2026-03-15 16:13:26.879] [info] [GemmWS]: Theoretical time(ms): 0.0005268533982416557 Compute time: 4.501464800910071e-05 Memory time: 0.0005268533982416557
[2026-03-15 16:13:26.881] [info] [GemmWs] Keys K = 48, N = 24, M = 1536
[2026-03-15 16:13:26.881] [info] [GemmWS]: total 0.003575808 GFLOPs, 0.00022655999 GB
[2026-03-15 16:13:26.881] [info] [GemmWS]: Theoretical time(ms): 0.00036899021438330237 Compute time: 2.728124925965858e-05 Memory time: 0.00036899021438330237
[2026-03-15 16:13:26.917] [info] [GemmWs] Keys K = 16, N = 24, M = 1536
[2026-03-15 16:13:26.917] [info] [GemmWS]: total 0.0012165118 GFLOPs, 0.00012672 GB
[2026-03-15 16:13:26.917] [info] [GemmWS]: Theoretical time(ms): 0.00020638435671571642 Compute time: 9.281248658510322e-06 Memory time: 0.00020638435671571642
[2026-03-15 16:13:26.934] [info] [GemmWs] Keys K = 1536, N = 24, M = 768
[2026-03-15 16:13:26.934] [info] [GemmWS]: total 0.056641534 GFLOPs, 0.002471424 GB
[2026-03-15 16:13:26.934] [info] [GemmWS]: Theoretical time(ms): 0.004025120233563939 Compute time: 0.00043214060951868305 Memory time: 0.004025120233563939
[2026-03-15 16:13:26.968] [info] [GemmWs] Keys K = 768, N = 24, M = 3072
[2026-03-15 16:13:26.968] [info] [GemmWS]: total 0.11331993 GFLOPs, 0.004909056 GB
[2026-03-15 16:13:26.968] [info] [GemmWS]: Theoretical time(ms): 0.007995205123734195 Compute time: 0.0008645624802738894 Memory time: 0.007995205123734195
[2026-03-15 16:13:27.098] [info] [GemmWs] Keys K = 6144, N = 24, M = 1536
[2026-03-15 16:13:27.098] [info] [GemmWS]: total 0.45302168 GFLOPs, 0.019246079 GB
[2026-03-15 16:13:27.098] [info] [GemmWS]: Theoretical time(ms): 0.031345403840532526 Compute time: 0.0034562810924398946 Memory time: 0.031345403840532526
[2026-03-15 16:13:27.102] [info] [GemmWs] Keys K = 1536, N = 24, M = 80
[2026-03-15 16:13:27.102] [info] [GemmWS]: total 0.00590016 GFLOPs, 0.000323488 GB
[2026-03-15 16:13:27.102] [info] [GemmWS]: Theoretical time(ms): 0.0005268533982416557 Compute time: 4.501464800910071e-05 Memory time: 0.0005268533982416557
[2026-03-15 16:13:27.104] [info] [GemmWs] Keys K = 48, N = 24, M = 1536
[2026-03-15 16:13:27.104] [info] [GemmWS]: total 0.003575808 GFLOPs, 0.00022655999 GB
[2026-03-15 16:13:27.104] [info] [GemmWS]: Theoretical time(ms): 0.00036899021438330237 Compute time: 2.728124925965858e-05 Memory time: 0.00036899021438330237
[2026-03-15 16:13:27.141] [info] [GemmWs] Keys K = 16, N = 24, M = 1536
[2026-03-15 16:13:27.141] [info] [GemmWS]: total 0.0012165118 GFLOPs, 0.00012672 GB
[2026-03-15 16:13:27.141] [info] [GemmWS]: Theoretical time(ms): 0.00020638435671571642 Compute time: 9.281248658510322e-06 Memory time: 0.00020638435671571642
[2026-03-15 16:13:27.159] [info] [GemmWs] Keys K = 1536, N = 24, M = 768
[2026-03-15 16:13:27.159] [info] [GemmWS]: total 0.056641534 GFLOPs, 0.002471424 GB
[2026-03-15 16:13:27.159] [info] [GemmWS]: Theoretical time(ms): 0.004025120233563939 Compute time: 0.00043214060951868305 Memory time: 0.004025120233563939
[2026-03-15 16:13:27.195] [info] [GemmWs] Keys K = 768, N = 24, M = 3072
[2026-03-15 16:13:27.195] [info] [GemmWS]: total 0.11331993 GFLOPs, 0.004909056 GB
[2026-03-15 16:13:27.195] [info] [GemmWS]: Theoretical time(ms): 0.007995205123734195 Compute time: 0.0008645624802738894 Memory time: 0.007995205123734195
[2026-03-15 16:13:27.314] [info] [GemmWs] Keys K = 6144, N = 24, M = 1536
[2026-03-15 16:13:27.314] [info] [GemmWS]: total 0.45302168 GFLOPs, 0.019246079 GB
[2026-03-15 16:13:27.314] [info] [GemmWS]: Theoretical time(ms): 0.031345403840532526 Compute time: 0.0034562810924398946 Memory time: 0.031345403840532526
[2026-03-15 16:13:27.317] [info] [GemmWs] Keys K = 1536, N = 24, M = 80
[2026-03-15 16:13:27.317] [info] [GemmWS]: total 0.00590016 GFLOPs, 0.000323488 GB
[2026-03-15 16:13:27.317] [info] [GemmWS]: Theoretical time(ms): 0.0005268533982416557 Compute time: 4.501464800910071e-05 Memory time: 0.0005268533982416557
[2026-03-15 16:13:27.319] [info] [GemmWs] Keys K = 48, N = 24, M = 1536
[2026-03-15 16:13:27.319] [info] [GemmWS]: total 0.003575808 GFLOPs, 0.00022655999 GB
[2026-03-15 16:13:27.319] [info] [GemmWS]: Theoretical time(ms): 0.00036899021438330237 Compute time: 2.728124925965858e-05 Memory time: 0.00036899021438330237
[2026-03-15 16:13:27.353] [info] [GemmWs] Keys K = 16, N = 24, M = 1536
[2026-03-15 16:13:27.353] [info] [GemmWS]: total 0.0012165118 GFLOPs, 0.00012672 GB
[2026-03-15 16:13:27.353] [info] [GemmWS]: Theoretical time(ms): 0.00020638435671571642 Compute time: 9.281248658510322e-06 Memory time: 0.00020638435671571642
[2026-03-15 16:13:27.367] [info] [GemmWs] Keys K = 1536, N = 24, M = 768
[2026-03-15 16:13:27.367] [info] [GemmWS]: total 0.056641534 GFLOPs, 0.002471424 GB
[2026-03-15 16:13:27.367] [info] [GemmWS]: Theoretical time(ms): 0.004025120233563939 Compute time: 0.00043214060951868305 Memory time: 0.004025120233563939
[2026-03-15 16:13:27.397] [info] [GemmWs] Keys K = 768, N = 24, M = 3072
[2026-03-15 16:13:27.397] [info] [GemmWS]: total 0.11331993 GFLOPs, 0.004909056 GB
[2026-03-15 16:13:27.397] [info] [GemmWS]: Theoretical time(ms): 0.007995205123734195 Compute time: 0.0008645624802738894 Memory time: 0.007995205123734195
[2026-03-15 16:13:27.498] [info] [GemmWs] Keys K = 6144, N = 24, M = 1536
[2026-03-15 16:13:27.498] [info] [GemmWS]: total 0.45302168 GFLOPs, 0.019246079 GB
[2026-03-15 16:13:27.498] [info] [GemmWS]: Theoretical time(ms): 0.031345403840532526 Compute time: 0.0034562810924398946 Memory time: 0.031345403840532526
[2026-03-15 16:13:27.502] [info] [GemmWs] Keys K = 1536, N = 24, M = 80
[2026-03-15 16:13:27.502] [info] [GemmWS]: total 0.00590016 GFLOPs, 0.000323488 GB
[2026-03-15 16:13:27.502] [info] [GemmWS]: Theoretical time(ms): 0.0005268533982416557 Compute time: 4.501464800910071e-05 Memory time: 0.0005268533982416557
[2026-03-15 16:13:27.503] [info] [GemmWs] Keys K = 48, N = 24, M = 1536
[2026-03-15 16:13:27.503] [info] [GemmWS]: total 0.003575808 GFLOPs, 0.00022655999 GB
[2026-03-15 16:13:27.503] [info] [GemmWS]: Theoretical time(ms): 0.00036899021438330237 Compute time: 2.728124925965858e-05 Memory time: 0.00036899021438330237
[2026-03-15 16:13:27.532] [info] [GemmWs] Keys K = 16, N = 24, M = 1536
[2026-03-15 16:13:27.532] [info] [GemmWS]: total 0.0012165118 GFLOPs, 0.00012672 GB
[2026-03-15 16:13:27.532] [info] [GemmWS]: Theoretical time(ms): 0.00020638435671571642 Compute time: 9.281248658510322e-06 Memory time: 0.00020638435671571642
[2026-03-15 16:13:27.548] [info] [GemmWs] Keys K = 1536, N = 24, M = 768
[2026-03-15 16:13:27.548] [info] [GemmWS]: total 0.056641534 GFLOPs, 0.002471424 GB
[2026-03-15 16:13:27.548] [info] [GemmWS]: Theoretical time(ms): 0.004025120233563939 Compute time: 0.00043214060951868305 Memory time: 0.004025120233563939
[2026-03-15 16:13:27.576] [info] [GemmWs] Keys K = 768, N = 24, M = 3072
[2026-03-15 16:13:27.576] [info] [GemmWS]: total 0.11331993 GFLOPs, 0.004909056 GB
[2026-03-15 16:13:27.576] [info] [GemmWS]: Theoretical time(ms): 0.007995205123734195 Compute time: 0.0008645624802738894 Memory time: 0.007995205123734195
[2026-03-15 16:13:27.679] [info] [GemmWs] Keys K = 6144, N = 24, M = 1536
[2026-03-15 16:13:27.679] [info] [GemmWS]: total 0.45302168 GFLOPs, 0.019246079 GB
[2026-03-15 16:13:27.679] [info] [GemmWS]: Theoretical time(ms): 0.031345403840532526 Compute time: 0.0034562810924398946 Memory time: 0.031345403840532526
[2026-03-15 16:13:27.682] [info] [GemmWs] Keys K = 1536, N = 24, M = 80
[2026-03-15 16:13:27.682] [info] [GemmWS]: total 0.00590016 GFLOPs, 0.000323488 GB
[2026-03-15 16:13:27.682] [info] [GemmWS]: Theoretical time(ms): 0.0005268533982416557 Compute time: 4.501464800910071e-05 Memory time: 0.0005268533982416557
[2026-03-15 16:13:27.683] [info] [GemmWs] Keys K = 48, N = 24, M = 1536
[2026-03-15 16:13:27.683] [info] [GemmWS]: total 0.003575808 GFLOPs, 0.00022655999 GB
[2026-03-15 16:13:27.683] [info] [GemmWS]: Theoretical time(ms): 0.00036899021438330237 Compute time: 2.728124925965858e-05 Memory time: 0.00036899021438330237
[2026-03-15 16:13:27.713] [info] [GemmWs] Keys K = 16, N = 24, M = 1536
[2026-03-15 16:13:27.713] [info] [GemmWS]: total 0.0012165118 GFLOPs, 0.00012672 GB
[2026-03-15 16:13:27.713] [info] [GemmWS]: Theoretical time(ms): 0.00020638435671571642 Compute time: 9.281248658510322e-06 Memory time: 0.00020638435671571642
[2026-03-15 16:13:27.729] [info] [GemmWs] Keys K = 1536, N = 24, M = 768
[2026-03-15 16:13:27.729] [info] [GemmWS]: total 0.056641534 GFLOPs, 0.002471424 GB
[2026-03-15 16:13:27.729] [info] [GemmWS]: Theoretical time(ms): 0.004025120233563939 Compute time: 0.00043214060951868305 Memory time: 0.004025120233563939
[2026-03-15 16:13:27.760] [info] [GemmWs] Keys K = 768, N = 24, M = 3072
[2026-03-15 16:13:27.760] [info] [GemmWS]: total 0.11331993 GFLOPs, 0.004909056 GB
[2026-03-15 16:13:27.760] [info] [GemmWS]: Theoretical time(ms): 0.007995205123734195 Compute time: 0.0008645624802738894 Memory time: 0.007995205123734195
[2026-03-15 16:13:27.862] [info] [GemmWs] Keys K = 6144, N = 24, M = 1536
[2026-03-15 16:13:27.862] [info] [GemmWS]: total 0.45302168 GFLOPs, 0.019246079 GB
[2026-03-15 16:13:27.862] [info] [GemmWS]: Theoretical time(ms): 0.031345403840532526 Compute time: 0.0034562810924398946 Memory time: 0.031345403840532526
[2026-03-15 16:13:27.866] [info] [GemmWs] Keys K = 1536, N = 24, M = 80
[2026-03-15 16:13:27.866] [info] [GemmWS]: total 0.00590016 GFLOPs, 0.000323488 GB
[2026-03-15 16:13:27.866] [info] [GemmWS]: Theoretical time(ms): 0.0005268533982416557 Compute time: 4.501464800910071e-05 Memory time: 0.0005268533982416557
[2026-03-15 16:13:27.867] [info] [GemmWs] Keys K = 48, N = 24, M = 1536
[2026-03-15 16:13:27.867] [info] [GemmWS]: total 0.003575808 GFLOPs, 0.00022655999 GB
[2026-03-15 16:13:27.867] [info] [GemmWS]: Theoretical time(ms): 0.00036899021438330237 Compute time: 2.728124925965858e-05 Memory time: 0.00036899021438330237
[2026-03-15 16:13:27.895] [info] [GemmWs] Keys K = 16, N = 24, M = 1536
[2026-03-15 16:13:27.895] [info] [GemmWS]: total 0.0012165118 GFLOPs, 0.00012672 GB
[2026-03-15 16:13:27.895] [info] [GemmWS]: Theoretical time(ms): 0.00020638435671571642 Compute time: 9.281248658510322e-06 Memory time: 0.00020638435671571642
[2026-03-15 16:13:27.907] [info] [GemmWs] Keys K = 1536, N = 24, M = 768
[2026-03-15 16:13:27.907] [info] [GemmWS]: total 0.056641534 GFLOPs, 0.002471424 GB
[2026-03-15 16:13:27.907] [info] [GemmWS]: Theoretical time(ms): 0.004025120233563939 Compute time: 0.00043214060951868305 Memory time: 0.004025120233563939
[2026-03-15 16:13:28.198] [info] ./models/mamba-130m-s1-b24/mamba-130m-s1-b24.onnx Model initialization time: 4.872204 seconds
[2026-03-15 16:13:28.243] [info] Schedule model: mamba-130m-s1-b24 at 88832000 us
[2026-03-15 16:13:28.243] [info] MODEL mamba-130m-s1-b24 Scheduled, Total Request: 1
[2026-03-15 16:13:28.243] [info] executable layer count 956
[2026-03-15 16:13:28.243] [info] Start layer Identity_792
[2026-03-15 16:13:28.271] [info] Layer Identity_792 finish at 88977
[2026-03-15 16:13:28.271] [info] Total compute time 146
[2026-03-15 16:13:28.271] [info] executable layer count 956
[2026-03-15 16:13:28.271] [info] Start layer Identity_793
[2026-03-15 16:13:28.311] [info] Layer Identity_793 finish at 89226
[2026-03-15 16:13:28.311] [info] Total compute time 249
[2026-03-15 16:13:28.311] [info] executable layer count 956
[2026-03-15 16:13:28.311] [info] Start layer Identity_794
[2026-03-15 16:13:28.349] [info] Layer Identity_794 finish at 89484
[2026-03-15 16:13:28.349] [info] Total compute time 258
[2026-03-15 16:13:28.349] [info] executable layer count 956
[2026-03-15 16:13:28.349] [info] Start layer Identity_795
[2026-03-15 16:13:28.387] [info] Layer Identity_795 finish at 89740
[2026-03-15 16:13:28.387] [info] Total compute time 256
[2026-03-15 16:13:28.387] [info] executable layer count 956
[2026-03-15 16:13:28.387] [info] Start layer Identity_796
[2026-03-15 16:13:28.417] [info] Layer Identity_796 finish at 89995
[2026-03-15 16:13:28.417] [info] Total compute time 255
[2026-03-15 16:13:28.417] [info] executable layer count 956
[2026-03-15 16:13:28.417] [info] Start layer Identity_797
[2026-03-15 16:13:28.453] [info] Layer Identity_797 finish at 90285
[2026-03-15 16:13:28.453] [info] Total compute time 290
[2026-03-15 16:13:28.453] [info] executable layer count 956
[2026-03-15 16:13:28.453] [info] Start layer Identity_798
[2026-03-15 16:13:28.487] [info] Layer Identity_798 finish at 90554
[2026-03-15 16:13:28.487] [info] Total compute time 269
[2026-03-15 16:13:28.487] [info] executable layer count 956
[2026-03-15 16:13:28.487] [info] Start layer Identity_799
[2026-03-15 16:13:28.515] [info] Layer Identity_799 finish at 90812
[2026-03-15 16:13:28.515] [info] Total compute time 258
[2026-03-15 16:13:28.515] [info] executable layer count 956
[2026-03-15 16:13:28.515] [info] Start layer Identity_800
[2026-03-15 16:13:28.543] [info] Layer Identity_800 finish at 91064
[2026-03-15 16:13:28.543] [info] Total compute time 252
[2026-03-15 16:13:28.543] [info] executable layer count 956
[2026-03-15 16:13:28.543] [info] Start layer Identity_801
[2026-03-15 16:13:28.573] [info] Layer Identity_801 finish at 91319
[2026-03-15 16:13:28.573] [info] Total compute time 255
[2026-03-15 16:13:28.573] [info] executable layer count 956
[2026-03-15 16:13:28.573] [info] Start layer Identity_802
[2026-03-15 16:13:28.605] [info] Layer Identity_802 finish at 91602
[2026-03-15 16:13:28.605] [info] Total compute time 283
[2026-03-15 16:13:28.605] [info] executable layer count 956
[2026-03-15 16:13:28.605] [info] Start layer Identity_803
[2026-03-15 16:13:28.637] [info] Layer Identity_803 finish at 91882
[2026-03-15 16:13:28.637] [info] Total compute time 280
[2026-03-15 16:13:28.637] [info] executable layer count 956
[2026-03-15 16:13:28.637] [info] Start layer Identity_804
[2026-03-15 16:13:28.664] [info] Layer Identity_804 finish at 92138
[2026-03-15 16:13:28.664] [info] Total compute time 256
[2026-03-15 16:13:28.664] [info] executable layer count 956
[2026-03-15 16:13:28.664] [info] Start layer Identity_805
[2026-03-15 16:13:28.692] [info] Layer Identity_805 finish at 92387
[2026-03-15 16:13:28.692] [info] Total compute time 249
[2026-03-15 16:13:28.692] [info] executable layer count 956
[2026-03-15 16:13:28.692] [info] Start layer Identity_806
[2026-03-15 16:13:28.721] [info] Layer Identity_806 finish at 92645
[2026-03-15 16:13:28.721] [info] Total compute time 258
[2026-03-15 16:13:28.721] [info] executable layer count 956
[2026-03-15 16:13:28.721] [info] Start layer Identity_807
[2026-03-15 16:13:28.748] [info] Layer Identity_807 finish at 92895
[2026-03-15 16:13:28.748] [info] Total compute time 250
[2026-03-15 16:13:28.748] [info] executable layer count 956
[2026-03-15 16:13:28.748] [info] Start layer Identity_808
[2026-03-15 16:13:28.780] [info] Layer Identity_808 finish at 93171
[2026-03-15 16:13:28.780] [info] Total compute time 276
[2026-03-15 16:13:28.780] [info] executable layer count 956
[2026-03-15 16:13:28.780] [info] Start layer Identity_809
[2026-03-15 16:13:28.807] [info] Layer Identity_809 finish at 93414
[2026-03-15 16:13:28.807] [info] Total compute time 243
[2026-03-15 16:13:28.807] [info] executable layer count 956
[2026-03-15 16:13:28.807] [info] Start layer Identity_810
[2026-03-15 16:13:28.833] [info] Layer Identity_810 finish at 93663
[2026-03-15 16:13:28.833] [info] Total compute time 249
[2026-03-15 16:13:28.833] [info] executable layer count 956
[2026-03-15 16:13:28.833] [info] Start layer Identity_811
[2026-03-15 16:13:28.863] [info] Layer Identity_811 finish at 93910
[2026-03-15 16:13:28.863] [info] Total compute time 247
[2026-03-15 16:13:28.863] [info] executable layer count 956
[2026-03-15 16:13:28.863] [info] Start layer Identity_812
[2026-03-15 16:13:28.893] [info] Layer Identity_812 finish at 94159
[2026-03-15 16:13:28.893] [info] Total compute time 249
[2026-03-15 16:13:28.893] [info] executable layer count 956
[2026-03-15 16:13:28.893] [info] Start layer Identity_813
[2026-03-15 16:13:28.928] [info] Layer Identity_813 finish at 94449
[2026-03-15 16:13:28.928] [info] Total compute time 290
[2026-03-15 16:13:28.928] [info] executable layer count 956
[2026-03-15 16:13:28.928] [info] Start layer Identity_814
[2026-03-15 16:13:28.961] [info] Layer Identity_814 finish at 94709
[2026-03-15 16:13:28.961] [info] Total compute time 260
[2026-03-15 16:13:28.961] [info] executable layer count 956
[2026-03-15 16:13:28.961] [info] Start layer Identity_815
[2026-03-15 16:13:28.966] [info] Layer Identity_815 finish at 94753
[2026-03-15 16:13:28.966] [info] Total compute time 44
[2026-03-15 16:13:28.966] [info] executable layer count 955
[2026-03-15 16:13:28.966] [info] Start layer Identity_816
[2026-03-15 16:13:28.984] [info] Layer Identity_816 finish at 94883
[2026-03-15 16:13:28.984] [info] Total compute time 130
[2026-03-15 16:13:28.984] [info] executable layer count 954
[2026-03-15 16:13:28.984] [info] Start layer Identity_817
[2026-03-15 16:13:28.989] [info] Layer Identity_817 finish at 94924
[2026-03-15 16:13:28.989] [info] Total compute time 41
[2026-03-15 16:13:28.989] [info] executable layer count 953
[2026-03-15 16:13:28.989] [info] Start layer Identity_818
[2026-03-15 16:13:28.992] [info] Layer Identity_818 finish at 94952
[2026-03-15 16:13:28.992] [info] Total compute time 28
[2026-03-15 16:13:28.992] [info] executable layer count 952
[2026-03-15 16:13:28.992] [info] Start layer Identity_819
[2026-03-15 16:13:28.996] [info] Layer Identity_819 finish at 95004
[2026-03-15 16:13:28.996] [info] Total compute time 52
[2026-03-15 16:13:28.996] [info] executable layer count 951
[2026-03-15 16:13:28.996] [info] Start layer Identity_820
[2026-03-15 16:13:29.001] [info] Layer Identity_820 finish at 95050
[2026-03-15 16:13:29.001] [info] Total compute time 46
[2026-03-15 16:13:29.001] [info] executable layer count 950
[2026-03-15 16:13:29.001] [info] Start layer Identity_821
[2026-03-15 16:13:29.005] [info] Layer Identity_821 finish at 95076
[2026-03-15 16:13:29.005] [info] Total compute time 26
[2026-03-15 16:13:29.005] [info] executable layer count 949
[2026-03-15 16:13:29.005] [info] Start layer Identity_822
[2026-03-15 16:13:29.009] [info] Layer Identity_822 finish at 95118
[2026-03-15 16:13:29.009] [info] Total compute time 42
[2026-03-15 16:13:29.009] [info] executable layer count 948
[2026-03-15 16:13:29.009] [info] Start layer Identity_823
[2026-03-15 16:13:29.010] [info] Layer Identity_823 finish at 95136
[2026-03-15 16:13:29.010] [info] Total compute time 18
[2026-03-15 16:13:29.010] [info] executable layer count 947
[2026-03-15 16:13:29.010] [info] Start layer Identity_824
[2026-03-15 16:13:29.013] [info] Layer Identity_824 finish at 95164
[2026-03-15 16:13:29.013] [info] Total compute time 28
[2026-03-15 16:13:29.013] [info] executable layer count 946
[2026-03-15 16:13:29.013] [info] Start layer Identity_825
[2026-03-15 16:13:29.019] [info] Layer Identity_825 finish at 95216
[2026-03-15 16:13:29.019] [info] Total compute time 52
[2026-03-15 16:13:29.019] [info] executable layer count 945
[2026-03-15 16:13:29.019] [info] Start layer Identity_826
[2026-03-15 16:13:29.025] [info] Layer Identity_826 finish at 95263
[2026-03-15 16:13:29.025] [info] Total compute time 47
[2026-03-15 16:13:29.025] [info] executable layer count 944
[2026-03-15 16:13:29.025] [info] Start layer Identity_827
[2026-03-15 16:13:29.030] [info] Layer Identity_827 finish at 95316
[2026-03-15 16:13:29.030] [info] Total compute time 53
[2026-03-15 16:13:29.030] [info] executable layer count 943
[2026-03-15 16:13:29.030] [info] Start layer Identity_828
[2026-03-15 16:13:29.036] [info] Layer Identity_828 finish at 95360
[2026-03-15 16:13:29.036] [info] Total compute time 44
[2026-03-15 16:13:29.036] [info] executable layer count 942
[2026-03-15 16:13:29.036] [info] Start layer Identity_829
[2026-03-15 16:13:29.038] [info] Layer Identity_829 finish at 95380
[2026-03-15 16:13:29.038] [info] Total compute time 20
[2026-03-15 16:13:29.038] [info] executable layer count 941
[2026-03-15 16:13:29.038] [info] Start layer Identity_830
[2026-03-15 16:13:29.041] [info] Layer Identity_830 finish at 95415
[2026-03-15 16:13:29.041] [info] Total compute time 35
[2026-03-15 16:13:29.041] [info] executable layer count 940
[2026-03-15 16:13:29.041] [info] Start layer Identity_831
[2026-03-15 16:13:29.046] [info] Layer Identity_831 finish at 95468
[2026-03-15 16:13:29.046] [info] Total compute time 53
[2026-03-15 16:13:29.046] [info] executable layer count 939
[2026-03-15 16:13:29.046] [info] Start layer Identity_832
[2026-03-15 16:13:29.051] [info] Layer Identity_832 finish at 95512
[2026-03-15 16:13:29.051] [info] Total compute time 44
[2026-03-15 16:13:29.051] [info] executable layer count 938
[2026-03-15 16:13:29.051] [info] Start layer Identity_833
[2026-03-15 16:13:29.056] [info] Layer Identity_833 finish at 95553
[2026-03-15 16:13:29.056] [info] Total compute time 41
[2026-03-15 16:13:29.056] [info] executable layer count 937
[2026-03-15 16:13:29.056] [info] Start layer Identity_834
[2026-03-15 16:13:29.060] [info] Layer Identity_834 finish at 95597
[2026-03-15 16:13:29.060] [info] Total compute time 44
[2026-03-15 16:13:29.060] [info] executable layer count 936
[2026-03-15 16:13:29.060] [info] Start layer Identity_835
[2026-03-15 16:13:29.062] [info] Layer Identity_835 finish at 95622
[2026-03-15 16:13:29.062] [info] Total compute time 25
[2026-03-15 16:13:29.062] [info] executable layer count 935
[2026-03-15 16:13:29.062] [info] Start layer Identity_836
[2026-03-15 16:13:29.065] [info] Layer Identity_836 finish at 95654
[2026-03-15 16:13:29.065] [info] Total compute time 32
[2026-03-15 16:13:29.065] [info] executable layer count 934
[2026-03-15 16:13:29.065] [info] Start layer Identity_837
[2026-03-15 16:13:29.071] [info] Layer Identity_837 finish at 95706
[2026-03-15 16:13:29.071] [info] Total compute time 52
[2026-03-15 16:13:29.071] [info] executable layer count 933
[2026-03-15 16:13:29.071] [info] Start layer Identity_838
[2026-03-15 16:13:29.076] [info] Layer Identity_838 finish at 95752
[2026-03-15 16:13:29.076] [info] Total compute time 46
[2026-03-15 16:13:29.076] [info] executable layer count 932
[2026-03-15 16:13:29.077] [info] Start layer Identity_839
[2026-03-15 16:13:29.080] [info] Layer Identity_839 finish at 95784
[2026-03-15 16:13:29.080] [info] Total compute time 32
[2026-03-15 16:13:29.080] [info] executable layer count 931
[2026-03-15 16:13:29.080] [info] Start layer Identity_840
[2026-03-15 16:13:29.085] [info] Layer Identity_840 finish at 95827
[2026-03-15 16:13:29.085] [info] Total compute time 43
[2026-03-15 16:13:29.086] [info] executable layer count 930
[2026-03-15 16:13:29.086] [info] Start layer Identity_841
[2026-03-15 16:13:29.090] [info] Layer Identity_841 finish at 95852
[2026-03-15 16:13:29.090] [info] Total compute time 25
[2026-03-15 16:13:29.090] [info] executable layer count 929
[2026-03-15 16:13:29.090] [info] Start layer Identity_842
[2026-03-15 16:13:29.095] [info] Layer Identity_842 finish at 95884
[2026-03-15 16:13:29.095] [info] Total compute time 32
[2026-03-15 16:13:29.095] [info] executable layer count 928
[2026-03-15 16:13:29.095] [info] Start layer Identity_843
[2026-03-15 16:13:29.101] [info] Layer Identity_843 finish at 95937
[2026-03-15 16:13:29.101] [info] Total compute time 53
[2026-03-15 16:13:29.101] [info] executable layer count 927
[2026-03-15 16:13:29.101] [info] Start layer Identity_844
[2026-03-15 16:13:29.105] [info] HBM2-CH_0: BW utilization 49% (2349 reads, 2359 writes)
[2026-03-15 16:13:29.108] [info] Layer Identity_844 finish at 95982
[2026-03-15 16:13:29.108] [info] Total compute time 45
[2026-03-15 16:13:29.108] [info] executable layer count 926
[2026-03-15 16:13:29.108] [info] Start layer Identity_845
[2026-03-15 16:13:29.111] [info] Core [0] Tile Stats | Issued: 45 Running: 0 Finished: 45
[2026-03-15 16:13:29.111] [info] cycle: [96000]
[2026-03-15 16:13:29.111] [info] Core [1] Tile Stats | Issued: 44 Running: 0 Finished: 44
[2026-03-15 16:13:29.111] [info] cycle: [96000]
[2026-03-15 16:13:29.111] [info] Core [2] Tile Stats | Issued: 44 Running: 0 Finished: 44
[2026-03-15 16:13:29.111] [info] cycle: [96000]
[2026-03-15 16:13:29.111] [info] Tile  status Identity_845, instructions left 1
[2026-03-15 16:13:29.111] [info] Core [3] Tile Stats | Issued: 45 Running: 1 Finished: 44
[2026-03-15 16:13:29.111] [info] cycle: [96000]
[2026-03-15 16:13:29.112] [info] Layer Identity_845 finish at 96013
[2026-03-15 16:13:29.112] [info] Total compute time 31
[2026-03-15 16:13:29.112] [info] executable layer count 925
[2026-03-15 16:13:29.112] [info] Start layer Identity_846
[2026-03-15 16:13:29.116] [info] Layer Identity_846 finish at 96056
[2026-03-15 16:13:29.116] [info] Total compute time 43
[2026-03-15 16:13:29.116] [info] executable layer count 924
[2026-03-15 16:13:29.116] [info] Start layer Identity_847
[2026-03-15 16:13:29.122] [info] Layer Identity_847 finish at 96105
[2026-03-15 16:13:29.122] [info] Total compute time 49
[2026-03-15 16:13:29.122] [info] executable layer count 923
[2026-03-15 16:13:29.122] [info] Start layer Identity_848
[2026-03-15 16:13:29.126] [info] Layer Identity_848 finish at 96132
[2026-03-15 16:13:29.126] [info] Total compute time 27
[2026-03-15 16:13:29.126] [info] executable layer count 922
[2026-03-15 16:13:29.126] [info] Start layer Identity_849
[2026-03-15 16:13:29.133] [info] Layer Identity_849 finish at 96185
[2026-03-15 16:13:29.133] [info] Total compute time 53
[2026-03-15 16:13:29.133] [info] executable layer count 921
[2026-03-15 16:13:29.133] [info] Start layer Identity_850
[2026-03-15 16:13:29.141] [info] Layer Identity_850 finish at 96241
[2026-03-15 16:13:29.141] [info] Total compute time 56
[2026-03-15 16:13:29.141] [info] executable layer count 920
[2026-03-15 16:13:29.141] [info] Start layer Identity_851
[2026-03-15 16:13:29.145] [info] Layer Identity_851 finish at 96275
[2026-03-15 16:13:29.145] [info] Total compute time 34
[2026-03-15 16:13:29.145] [info] executable layer count 919
[2026-03-15 16:13:29.145] [info] Start layer Identity_852
[2026-03-15 16:13:29.151] [info] Layer Identity_852 finish at 96329
[2026-03-15 16:13:29.151] [info] Total compute time 54
[2026-03-15 16:13:29.151] [info] executable layer count 918
[2026-03-15 16:13:29.151] [info] Start layer Identity_853
[2026-03-15 16:13:29.157] [info] Layer Identity_853 finish at 96368
[2026-03-15 16:13:29.157] [info] Total compute time 39
[2026-03-15 16:13:29.157] [info] executable layer count 917
[2026-03-15 16:13:29.157] [info] Start layer Identity_854
[2026-03-15 16:13:29.162] [info] Layer Identity_854 finish at 96410
[2026-03-15 16:13:29.162] [info] Total compute time 42
[2026-03-15 16:13:29.162] [info] executable layer count 916
[2026-03-15 16:13:29.162] [info] Start layer Identity_855
[2026-03-15 16:13:29.168] [info] Layer Identity_855 finish at 96463
[2026-03-15 16:13:29.168] [info] Total compute time 53
[2026-03-15 16:13:29.168] [info] executable layer count 915
[2026-03-15 16:13:29.168] [info] Start layer Identity_856
[2026-03-15 16:13:29.175] [info] Layer Identity_856 finish at 96508
[2026-03-15 16:13:29.175] [info] Total compute time 45
[2026-03-15 16:13:29.175] [info] executable layer count 914
[2026-03-15 16:13:29.175] [info] Start layer Identity_857
[2026-03-15 16:13:29.178] [info] Layer Identity_857 finish at 96534
[2026-03-15 16:13:29.178] [info] Total compute time 26
[2026-03-15 16:13:29.178] [info] executable layer count 913
[2026-03-15 16:13:29.178] [info] Start layer Identity_858
[2026-03-15 16:13:29.183] [info] Layer Identity_858 finish at 96576
[2026-03-15 16:13:29.183] [info] Total compute time 42
[2026-03-15 16:13:29.183] [info] executable layer count 912
[2026-03-15 16:13:29.183] [info] Start layer Identity_859
[2026-03-15 16:13:29.186] [info] Layer Identity_859 finish at 96597
[2026-03-15 16:13:29.186] [info] Total compute time 21
[2026-03-15 16:13:29.186] [info] executable layer count 911
[2026-03-15 16:13:29.186] [info] Start layer Identity_860
[2026-03-15 16:13:29.189] [info] Layer Identity_860 finish at 96624
[2026-03-15 16:13:29.189] [info] Total compute time 27
[2026-03-15 16:13:29.189] [info] executable layer count 910
[2026-03-15 16:13:29.189] [info] Start layer Identity_861
[2026-03-15 16:13:29.195] [info] Layer Identity_861 finish at 96679
[2026-03-15 16:13:29.195] [info] Total compute time 55
[2026-03-15 16:13:29.195] [info] executable layer count 909
[2026-03-15 16:13:29.195] [info] Start layer Identity_862
[2026-03-15 16:13:29.201] [info] Layer Identity_862 finish at 96725
[2026-03-15 16:13:29.201] [info] Total compute time 46
[2026-03-15 16:13:29.201] [info] executable layer count 908
[2026-03-15 16:13:29.201] [info] Start layer Identity_863
[2026-03-15 16:13:29.205] [info] Layer Identity_863 finish at 96751
[2026-03-15 16:13:29.205] [info] Total compute time 26
[2026-03-15 16:13:29.205] [info] executable layer count 907
[2026-03-15 16:13:29.205] [info] Start layer Identity_864
[2026-03-15 16:13:29.210] [info] Layer Identity_864 finish at 96793
[2026-03-15 16:13:29.210] [info] Total compute time 42
[2026-03-15 16:13:29.210] [info] executable layer count 906
[2026-03-15 16:13:29.210] [info] Start layer Identity_865
[2026-03-15 16:13:29.213] [info] Layer Identity_865 finish at 96812
[2026-03-15 16:13:29.213] [info] Total compute time 19
[2026-03-15 16:13:29.213] [info] executable layer count 905
[2026-03-15 16:13:29.213] [info] Start layer Identity_866
[2026-03-15 16:13:29.216] [info] Layer Identity_866 finish at 96839
[2026-03-15 16:13:29.216] [info] Total compute time 27
[2026-03-15 16:13:29.216] [info] executable layer count 904
[2026-03-15 16:13:29.216] [info] Start layer Identity_867
[2026-03-15 16:13:29.223] [info] Layer Identity_867 finish at 96892
[2026-03-15 16:13:29.223] [info] Total compute time 53
[2026-03-15 16:13:29.223] [info] executable layer count 903
[2026-03-15 16:13:29.223] [info] Start layer Identity_868
[2026-03-15 16:13:29.230] [info] Layer Identity_868 finish at 96938
[2026-03-15 16:13:29.230] [info] Total compute time 46
[2026-03-15 16:13:29.230] [info] executable layer count 902
[2026-03-15 16:13:29.230] [info] Start layer Identity_869
[2026-03-15 16:13:29.233] [info] Layer Identity_869 finish at 96964
[2026-03-15 16:13:29.233] [info] Total compute time 26
[2026-03-15 16:13:29.233] [info] executable layer count 901
[2026-03-15 16:13:29.233] [info] Start layer Identity_870
[2026-03-15 16:13:29.238] [info] Layer Identity_870 finish at 97007
[2026-03-15 16:13:29.238] [info] Total compute time 43
[2026-03-15 16:13:29.238] [info] executable layer count 900
[2026-03-15 16:13:29.238] [info] Start layer Identity_871
[2026-03-15 16:13:29.241] [info] Layer Identity_871 finish at 97025
[2026-03-15 16:13:29.241] [info] Total compute time 18
[2026-03-15 16:13:29.241] [info] executable layer count 899
[2026-03-15 16:13:29.241] [info] Start layer Identity_872
[2026-03-15 16:13:29.244] [info] Layer Identity_872 finish at 97053
[2026-03-15 16:13:29.244] [info] Total compute time 28
[2026-03-15 16:13:29.244] [info] executable layer count 898
[2026-03-15 16:13:29.244] [info] Start layer Identity_873
[2026-03-15 16:13:29.250] [info] Layer Identity_873 finish at 97104
[2026-03-15 16:13:29.250] [info] Total compute time 51
[2026-03-15 16:13:29.250] [info] executable layer count 897
[2026-03-15 16:13:29.250] [info] Start layer Identity_874
[2026-03-15 16:13:29.257] [info] Layer Identity_874 finish at 97151
[2026-03-15 16:13:29.257] [info] Total compute time 47
[2026-03-15 16:13:29.257] [info] executable layer count 896
[2026-03-15 16:13:29.257] [info] Start layer Identity_875
[2026-03-15 16:13:29.260] [info] Layer Identity_875 finish at 97184
[2026-03-15 16:13:29.260] [info] Total compute time 33
[2026-03-15 16:13:29.260] [info] executable layer count 895
[2026-03-15 16:13:29.260] [info] Start layer Identity_876
[2026-03-15 16:13:29.265] [info] Layer Identity_876 finish at 97227
[2026-03-15 16:13:29.265] [info] Total compute time 43
[2026-03-15 16:13:29.265] [info] executable layer count 894
[2026-03-15 16:13:29.265] [info] Start layer Identity_877
[2026-03-15 16:13:29.267] [info] Layer Identity_877 finish at 97248
[2026-03-15 16:13:29.267] [info] Total compute time 21
[2026-03-15 16:13:29.267] [info] executable layer count 893
[2026-03-15 16:13:29.267] [info] Start layer Identity_878
[2026-03-15 16:13:29.271] [info] Layer Identity_878 finish at 97282
[2026-03-15 16:13:29.271] [info] Total compute time 34
[2026-03-15 16:13:29.271] [info] executable layer count 892
[2026-03-15 16:13:29.271] [info] Start layer Identity_879
[2026-03-15 16:13:29.278] [info] Layer Identity_879 finish at 97334
[2026-03-15 16:13:29.278] [info] Total compute time 52
[2026-03-15 16:13:29.278] [info] executable layer count 891
[2026-03-15 16:13:29.278] [info] Start layer Identity_880
[2026-03-15 16:13:29.283] [info] Layer Identity_880 finish at 97379
[2026-03-15 16:13:29.283] [info] Total compute time 45
[2026-03-15 16:13:29.283] [info] executable layer count 890
[2026-03-15 16:13:29.283] [info] Start layer Identity_881
[2026-03-15 16:13:29.288] [info] Layer Identity_881 finish at 97411
[2026-03-15 16:13:29.288] [info] Total compute time 32
[2026-03-15 16:13:29.288] [info] executable layer count 889
[2026-03-15 16:13:29.288] [info] Start layer Identity_882
[2026-03-15 16:13:29.293] [info] Layer Identity_882 finish at 97455
[2026-03-15 16:13:29.293] [info] Total compute time 44
[2026-03-15 16:13:29.293] [info] executable layer count 888
[2026-03-15 16:13:29.293] [info] Start layer Identity_883
[2026-03-15 16:13:29.296] [info] Layer Identity_883 finish at 97479
[2026-03-15 16:13:29.296] [info] Total compute time 24
[2026-03-15 16:13:29.296] [info] executable layer count 887
[2026-03-15 16:13:29.296] [info] Start layer Identity_884
[2026-03-15 16:13:29.299] [info] Layer Identity_884 finish at 97511
[2026-03-15 16:13:29.299] [info] Total compute time 32
[2026-03-15 16:13:29.299] [info] executable layer count 886
[2026-03-15 16:13:29.299] [info] Start layer Identity_885
[2026-03-15 16:13:29.306] [info] Layer Identity_885 finish at 97563
[2026-03-15 16:13:29.306] [info] Total compute time 52
[2026-03-15 16:13:29.306] [info] executable layer count 885
[2026-03-15 16:13:29.306] [info] Start layer Identity_886
[2026-03-15 16:13:29.311] [info] Layer Identity_886 finish at 97608
[2026-03-15 16:13:29.311] [info] Total compute time 45
[2026-03-15 16:13:29.311] [info] executable layer count 884
[2026-03-15 16:13:29.311] [info] Start layer Identity_887
[2026-03-15 16:13:29.315] [info] Layer Identity_887 finish at 97638
[2026-03-15 16:13:29.315] [info] Total compute time 30
[2026-03-15 16:13:29.315] [info] executable layer count 883
[2026-03-15 16:13:29.315] [info] Start layer Identity_888
[2026-03-15 16:13:29.321] [info] Layer Identity_888 finish at 97681
[2026-03-15 16:13:29.321] [info] Total compute time 43
[2026-03-15 16:13:29.321] [info] executable layer count 882
[2026-03-15 16:13:29.321] [info] Start layer Identity_889
[2026-03-15 16:13:29.324] [info] Layer Identity_889 finish at 97707
[2026-03-15 16:13:29.324] [info] Total compute time 26
[2026-03-15 16:13:29.324] [info] executable layer count 881
[2026-03-15 16:13:29.324] [info] Start layer Identity_890
[2026-03-15 16:13:29.328] [info] Layer Identity_890 finish at 97739
[2026-03-15 16:13:29.328] [info] Total compute time 32
[2026-03-15 16:13:29.328] [info] executable layer count 880
[2026-03-15 16:13:29.328] [info] Start layer Identity_891
[2026-03-15 16:13:29.333] [info] Layer Identity_891 finish at 97791
[2026-03-15 16:13:29.333] [info] Total compute time 52
[2026-03-15 16:13:29.333] [info] executable layer count 879
[2026-03-15 16:13:29.333] [info] Start layer Identity_892
[2026-03-15 16:13:29.340] [info] Layer Identity_892 finish at 97836
[2026-03-15 16:13:29.340] [info] Total compute time 45
[2026-03-15 16:13:29.340] [info] executable layer count 878
[2026-03-15 16:13:29.340] [info] Start layer Identity_893
[2026-03-15 16:13:29.344] [info] Layer Identity_893 finish at 97868
[2026-03-15 16:13:29.344] [info] Total compute time 32
[2026-03-15 16:13:29.344] [info] executable layer count 877
[2026-03-15 16:13:29.344] [info] Start layer Identity_894
[2026-03-15 16:13:29.348] [info] Layer Identity_894 finish at 97911
[2026-03-15 16:13:29.348] [info] Total compute time 43
[2026-03-15 16:13:29.349] [info] executable layer count 876
[2026-03-15 16:13:29.349] [info] Start layer Identity_895
[2026-03-15 16:13:29.352] [info] Layer Identity_895 finish at 97940
[2026-03-15 16:13:29.352] [info] Total compute time 29
[2026-03-15 16:13:29.352] [info] executable layer count 875
[2026-03-15 16:13:29.352] [info] Start layer Identity_896
[2026-03-15 16:13:29.356] [info] Layer Identity_896 finish at 97968
[2026-03-15 16:13:29.356] [info] Total compute time 28
[2026-03-15 16:13:29.356] [info] executable layer count 874
[2026-03-15 16:13:29.356] [info] Start layer Identity_897
[2026-03-15 16:13:29.362] [info] Layer Identity_897 finish at 98020
[2026-03-15 16:13:29.362] [info] Total compute time 52
[2026-03-15 16:13:29.362] [info] executable layer count 873
[2026-03-15 16:13:29.362] [info] Start layer Identity_898
[2026-03-15 16:13:29.367] [info] Layer Identity_898 finish at 98066
[2026-03-15 16:13:29.367] [info] Total compute time 46
[2026-03-15 16:13:29.367] [info] executable layer count 872
[2026-03-15 16:13:29.367] [info] Start layer Identity_899
[2026-03-15 16:13:29.371] [info] Layer Identity_899 finish at 98096
[2026-03-15 16:13:29.371] [info] Total compute time 30
[2026-03-15 16:13:29.371] [info] executable layer count 871
[2026-03-15 16:13:29.371] [info] Start layer Identity_900
[2026-03-15 16:13:29.377] [info] Layer Identity_900 finish at 98139
[2026-03-15 16:13:29.377] [info] Total compute time 43
[2026-03-15 16:13:29.377] [info] executable layer count 870
[2026-03-15 16:13:29.377] [info] Start layer Identity_901
[2026-03-15 16:13:29.379] [info] Layer Identity_901 finish at 98166
[2026-03-15 16:13:29.379] [info] Total compute time 27
[2026-03-15 16:13:29.379] [info] executable layer count 869
[2026-03-15 16:13:29.379] [info] Start layer Identity_902
[2026-03-15 16:13:29.382] [info] Layer Identity_902 finish at 98194
[2026-03-15 16:13:29.382] [info] Total compute time 28
[2026-03-15 16:13:29.382] [info] executable layer count 868
[2026-03-15 16:13:29.382] [info] Start layer Identity_903
[2026-03-15 16:13:29.389] [info] Layer Identity_903 finish at 98248
[2026-03-15 16:13:29.389] [info] Total compute time 54
[2026-03-15 16:13:29.390] [info] executable layer count 867
[2026-03-15 16:13:29.390] [info] Start layer Identity_904
[2026-03-15 16:13:29.395] [info] Layer Identity_904 finish at 98292
[2026-03-15 16:13:29.395] [info] Total compute time 44
[2026-03-15 16:13:29.395] [info] executable layer count 866
[2026-03-15 16:13:29.395] [info] Start layer Identity_905
[2026-03-15 16:13:29.398] [info] Layer Identity_905 finish at 98318
[2026-03-15 16:13:29.398] [info] Total compute time 26
[2026-03-15 16:13:29.398] [info] executable layer count 865
[2026-03-15 16:13:29.398] [info] Start layer Identity_906
[2026-03-15 16:13:29.403] [info] Layer Identity_906 finish at 98361
[2026-03-15 16:13:29.403] [info] Total compute time 43
[2026-03-15 16:13:29.403] [info] executable layer count 864
[2026-03-15 16:13:29.403] [info] Start layer Identity_907
[2026-03-15 16:13:29.406] [info] Layer Identity_907 finish at 98384
[2026-03-15 16:13:29.406] [info] Total compute time 23
[2026-03-15 16:13:29.406] [info] executable layer count 863
[2026-03-15 16:13:29.406] [info] Start layer Identity_908
[2026-03-15 16:13:29.409] [info] Layer Identity_908 finish at 98411
[2026-03-15 16:13:29.409] [info] Total compute time 27
[2026-03-15 16:13:29.409] [info] executable layer count 862
[2026-03-15 16:13:29.409] [info] Start layer Identity_909
[2026-03-15 16:13:29.415] [info] Layer Identity_909 finish at 98466
[2026-03-15 16:13:29.415] [info] Total compute time 55
[2026-03-15 16:13:29.415] [info] executable layer count 861
[2026-03-15 16:13:29.415] [info] Start layer Identity_910
[2026-03-15 16:13:29.421] [info] Layer Identity_910 finish at 98511
[2026-03-15 16:13:29.421] [info] Total compute time 45
[2026-03-15 16:13:29.421] [info] executable layer count 860
[2026-03-15 16:13:29.421] [info] Start layer Identity_911
[2026-03-15 16:13:29.426] [info] Layer Identity_911 finish at 98550
[2026-03-15 16:13:29.426] [info] Total compute time 39
[2026-03-15 16:13:29.426] [info] executable layer count 859
[2026-03-15 16:13:29.426] [info] Start layer Identity_912
[2026-03-15 16:13:29.430] [info] Layer Identity_912 finish at 98593
[2026-03-15 16:13:29.430] [info] Total compute time 43
[2026-03-15 16:13:29.430] [info] executable layer count 858
[2026-03-15 16:13:29.430] [info] Start layer Identity_913
[2026-03-15 16:13:29.432] [info] Layer Identity_913 finish at 98612
[2026-03-15 16:13:29.432] [info] Total compute time 19
[2026-03-15 16:13:29.432] [info] executable layer count 857
[2026-03-15 16:13:29.432] [info] Start layer Identity_914
[2026-03-15 16:13:29.435] [info] Layer Identity_914 finish at 98639
[2026-03-15 16:13:29.435] [info] Total compute time 27
[2026-03-15 16:13:29.435] [info] executable layer count 856
[2026-03-15 16:13:29.435] [info] Start layer Identity_915
[2026-03-15 16:13:29.442] [info] Layer Identity_915 finish at 98691
[2026-03-15 16:13:29.442] [info] Total compute time 52
[2026-03-15 16:13:29.442] [info] executable layer count 855
[2026-03-15 16:13:29.442] [info] Start layer Identity_916
[2026-03-15 16:13:29.446] [info] Layer Identity_916 finish at 98737
[2026-03-15 16:13:29.446] [info] Total compute time 46
[2026-03-15 16:13:29.446] [info] executable layer count 854
[2026-03-15 16:13:29.446] [info] Start layer Identity_917
[2026-03-15 16:13:29.450] [info] Layer Identity_917 finish at 98778
[2026-03-15 16:13:29.450] [info] Total compute time 41
[2026-03-15 16:13:29.450] [info] executable layer count 853
[2026-03-15 16:13:29.450] [info] Start layer Identity_918
[2026-03-15 16:13:29.455] [info] Layer Identity_918 finish at 98820
[2026-03-15 16:13:29.455] [info] Total compute time 42
[2026-03-15 16:13:29.455] [info] executable layer count 852
[2026-03-15 16:13:29.455] [info] Start layer Identity_919
[2026-03-15 16:13:29.457] [info] Layer Identity_919 finish at 98841
[2026-03-15 16:13:29.457] [info] Total compute time 21
[2026-03-15 16:13:29.457] [info] executable layer count 851
[2026-03-15 16:13:29.457] [info] Start layer Identity_920
[2026-03-15 16:13:29.459] [info] Layer Identity_920 finish at 98869
[2026-03-15 16:13:29.459] [info] Total compute time 28
[2026-03-15 16:13:29.459] [info] executable layer count 850
[2026-03-15 16:13:29.459] [info] Start layer Identity_921
[2026-03-15 16:13:29.464] [info] Layer Identity_921 finish at 98922
[2026-03-15 16:13:29.464] [info] Total compute time 53
[2026-03-15 16:13:29.464] [info] executable layer count 849
[2026-03-15 16:13:29.464] [info] Start layer Identity_922
[2026-03-15 16:13:29.470] [info] Layer Identity_922 finish at 98969
[2026-03-15 16:13:29.470] [info] Total compute time 47
[2026-03-15 16:13:29.470] [info] executable layer count 848
[2026-03-15 16:13:29.470] [info] Start layer Identity_923
[2026-03-15 16:13:29.473] [info] Layer Identity_923 finish at 99002
[2026-03-15 16:13:29.473] [info] Total compute time 33
[2026-03-15 16:13:29.473] [info] executable layer count 847
[2026-03-15 16:13:29.473] [info] Start layer Identity_924
[2026-03-15 16:13:29.477] [info] Layer Identity_924 finish at 99044
[2026-03-15 16:13:29.477] [info] Total compute time 42
[2026-03-15 16:13:29.477] [info] executable layer count 846
[2026-03-15 16:13:29.477] [info] Start layer Identity_925
[2026-03-15 16:13:29.479] [info] Layer Identity_925 finish at 99065
[2026-03-15 16:13:29.479] [info] Total compute time 21
[2026-03-15 16:13:29.479] [info] executable layer count 845
[2026-03-15 16:13:29.479] [info] Start layer Identity_926
[2026-03-15 16:13:29.482] [info] Layer Identity_926 finish at 99100
[2026-03-15 16:13:29.482] [info] Total compute time 35
[2026-03-15 16:13:29.482] [info] executable layer count 844
[2026-03-15 16:13:29.482] [info] Start layer Identity_927
[2026-03-15 16:13:29.487] [info] Layer Identity_927 finish at 99153
[2026-03-15 16:13:29.487] [info] Total compute time 53
[2026-03-15 16:13:29.487] [info] executable layer count 843
[2026-03-15 16:13:29.487] [info] Start layer Identity_928
[2026-03-15 16:13:29.490] [info] Layer Identity_928 finish at 99199
[2026-03-15 16:13:29.491] [info] Total compute time 46
[2026-03-15 16:13:29.491] [info] executable layer count 842
[2026-03-15 16:13:29.491] [info] Start layer Identity_929
[2026-03-15 16:13:29.494] [info] Layer Identity_929 finish at 99230
[2026-03-15 16:13:29.494] [info] Total compute time 31
[2026-03-15 16:13:29.494] [info] executable layer count 841
[2026-03-15 16:13:29.494] [info] Start layer Identity_930
[2026-03-15 16:13:29.497] [info] Layer Identity_930 finish at 99274
[2026-03-15 16:13:29.497] [info] Total compute time 44
[2026-03-15 16:13:29.497] [info] executable layer count 840
[2026-03-15 16:13:29.497] [info] Start layer Identity_931
[2026-03-15 16:13:29.501] [info] Layer Identity_931 finish at 99319
[2026-03-15 16:13:29.501] [info] Total compute time 45
[2026-03-15 16:13:29.501] [info] executable layer count 839
[2026-03-15 16:13:29.501] [info] Start layer Identity_932
[2026-03-15 16:13:29.504] [info] Layer Identity_932 finish at 99351
[2026-03-15 16:13:29.504] [info] Total compute time 32
[2026-03-15 16:13:29.504] [info] executable layer count 838
[2026-03-15 16:13:29.504] [info] Start layer Identity_933
[2026-03-15 16:13:29.509] [info] Layer Identity_933 finish at 99404
[2026-03-15 16:13:29.509] [info] Total compute time 53
[2026-03-15 16:13:29.509] [info] executable layer count 837
[2026-03-15 16:13:29.509] [info] Start layer Identity_934
[2026-03-15 16:13:29.512] [info] Layer Identity_934 finish at 99445
[2026-03-15 16:13:29.512] [info] Total compute time 41
[2026-03-15 16:13:29.512] [info] executable layer count 836
[2026-03-15 16:13:29.512] [info] Start layer Identity_935
[2026-03-15 16:13:29.516] [info] Layer Identity_935 finish at 99479
[2026-03-15 16:13:29.516] [info] Total compute time 34
[2026-03-15 16:13:29.516] [info] executable layer count 835
[2026-03-15 16:13:29.516] [info] Start layer Identity_936
[2026-03-15 16:13:29.521] [info] Layer Identity_936 finish at 99535
[2026-03-15 16:13:29.521] [info] Total compute time 56
[2026-03-15 16:13:29.521] [info] executable layer count 834
[2026-03-15 16:13:29.521] [info] Start layer Identity_937
[2026-03-15 16:13:29.524] [info] Layer Identity_937 finish at 99577
[2026-03-15 16:13:29.524] [info] Total compute time 42
[2026-03-15 16:13:29.524] [info] executable layer count 833
[2026-03-15 16:13:29.524] [info] Start layer Identity_938
[2026-03-15 16:13:29.528] [info] Layer Identity_938 finish at 99629
[2026-03-15 16:13:29.528] [info] Total compute time 52
[2026-03-15 16:13:29.528] [info] executable layer count 832
[2026-03-15 16:13:29.528] [info] Start layer Identity_939
[2026-03-15 16:13:29.532] [info] Layer Identity_939 finish at 99675
[2026-03-15 16:13:29.532] [info] Total compute time 46
[2026-03-15 16:13:29.532] [info] executable layer count 831
[2026-03-15 16:13:29.532] [info] Start layer Identity_940
[2026-03-15 16:13:29.537] [info] Layer Identity_940 finish at 99720
[2026-03-15 16:13:29.537] [info] Total compute time 45
[2026-03-15 16:13:29.537] [info] executable layer count 830
[2026-03-15 16:13:29.537] [info] Start layer Identity_941
[2026-03-15 16:13:29.540] [info] Layer Identity_941 finish at 99753
[2026-03-15 16:13:29.540] [info] Total compute time 33
[2026-03-15 16:13:29.540] [info] executable layer count 829
[2026-03-15 16:13:29.540] [info] Start layer Identity_942
[2026-03-15 16:13:29.543] [info] Layer Identity_942 finish at 99796
[2026-03-15 16:13:29.543] [info] Total compute time 43
[2026-03-15 16:13:29.543] [info] executable layer count 828
[2026-03-15 16:13:29.543] [info] Start layer Identity_943
[2026-03-15 16:13:29.546] [info] Layer Identity_943 finish at 99825
[2026-03-15 16:13:29.546] [info] Total compute time 29
[2026-03-15 16:13:29.546] [info] executable layer count 827
[2026-03-15 16:13:29.546] [info] Start layer Identity_944
[2026-03-15 16:13:29.548] [info] Layer Identity_944 finish at 99853
[2026-03-15 16:13:29.548] [info] Total compute time 28
[2026-03-15 16:13:29.548] [info] executable layer count 826
[2026-03-15 16:13:29.548] [info] Start layer Identity_945
[2026-03-15 16:13:29.553] [info] Layer Identity_945 finish at 99905
[2026-03-15 16:13:29.553] [info] Total compute time 52
[2026-03-15 16:13:29.553] [info] executable layer count 825
[2026-03-15 16:13:29.553] [info] Start layer Identity_946
[2026-03-15 16:13:29.557] [info] Layer Identity_946 finish at 99951
[2026-03-15 16:13:29.557] [info] Total compute time 46
[2026-03-15 16:13:29.557] [info] executable layer count 824
[2026-03-15 16:13:29.557] [info] Start layer Identity_947
[2026-03-15 16:13:29.559] [info] Layer Identity_947 finish at 99980
[2026-03-15 16:13:29.559] [info] Total compute time 29
[2026-03-15 16:13:29.559] [info] executable layer count 823
[2026-03-15 16:13:29.559] [info] Start layer Identity_948
[2026-03-15 16:13:29.563] [info] Layer Identity_948 finish at 100022
[2026-03-15 16:13:29.563] [info] Total compute time 42
[2026-03-15 16:13:29.563] [info] executable layer count 822
[2026-03-15 16:13:29.563] [info] Start layer Identity_949
[2026-03-15 16:13:29.565] [info] Layer Identity_949 finish at 100049
[2026-03-15 16:13:29.565] [info] Total compute time 27
[2026-03-15 16:13:29.565] [info] executable layer count 821
[2026-03-15 16:13:29.565] [info] Start layer Identity_950
[2026-03-15 16:13:29.568] [info] Layer Identity_950 finish at 100076
[2026-03-15 16:13:29.568] [info] Total compute time 27
[2026-03-15 16:13:29.568] [info] executable layer count 820
[2026-03-15 16:13:29.568] [info] Start layer Identity_951
[2026-03-15 16:13:29.573] [info] Layer Identity_951 finish at 100130
[2026-03-15 16:13:29.573] [info] Total compute time 54
[2026-03-15 16:13:29.573] [info] executable layer count 819
[2026-03-15 16:13:29.573] [info] Start layer Identity_952
[2026-03-15 16:13:29.577] [info] Layer Identity_952 finish at 100175
[2026-03-15 16:13:29.577] [info] Total compute time 45
[2026-03-15 16:13:29.577] [info] executable layer count 818
[2026-03-15 16:13:29.577] [info] Start layer Identity_953
[2026-03-15 16:13:29.581] [info] Layer Identity_953 finish at 100221
[2026-03-15 16:13:29.581] [info] Total compute time 46
[2026-03-15 16:13:29.581] [info] executable layer count 817
[2026-03-15 16:13:29.581] [info] Start layer /Constant
[2026-03-15 16:13:29.584] [info] Layer /Constant finish at 100256
[2026-03-15 16:13:29.584] [info] Total compute time 35
[2026-03-15 16:13:29.584] [info] executable layer count 818
[2026-03-15 16:13:29.584] [info] Start layer /blocks.0/in_proj/Gemm
[2026-03-15 16:13:30.078] [info] HBM2-CH_0: BW utilization 41% (3385 reads, 635 writes)
[2026-03-15 16:13:30.083] [info] Tile  status Gemm, instructions left 22
[2026-03-15 16:13:30.083] [info] Tile  status Gemm, instructions left 28
[2026-03-15 16:13:30.083] [info] Core [0] Tile Stats | Issued: 74 Running: 2 Finished: 72
[2026-03-15 16:13:30.083] [info] cycle: [104000]
[2026-03-15 16:13:30.083] [info] Tile  status Gemm, instructions left 22
[2026-03-15 16:13:30.083] [info] Core [1] Tile Stats | Issued: 73 Running: 1 Finished: 72
[2026-03-15 16:13:30.083] [info] cycle: [104000]
[2026-03-15 16:13:30.083] [info] Tile  status Gemm, instructions left 22
[2026-03-15 16:13:30.083] [info] Tile  status Gemm, instructions left 28
[2026-03-15 16:13:30.083] [info] Core [2] Tile Stats | Issued: 73 Running: 2 Finished: 71
[2026-03-15 16:13:30.083] [info] cycle: [104000]
[2026-03-15 16:13:30.083] [info] Tile  status Gemm, instructions left 22
[2026-03-15 16:13:30.083] [info] Core [3] Tile Stats | Issued: 73 Running: 1 Finished: 72
[2026-03-15 16:13:30.083] [info] cycle: [104000]
[2026-03-15 16:13:31.348] [info] HBM2-CH_0: BW utilization 57% (5493 reads, 0 writes)
[2026-03-15 16:13:31.356] [info] Tile  status Gemm, instructions left 16
[2026-03-15 16:13:31.356] [info] Core [0] Tile Stats | Issued: 74 Running: 1 Finished: 73
[2026-03-15 16:13:31.356] [info] cycle: [112000]
[2026-03-15 16:13:31.356] [info] Core [1] Tile Stats | Issued: 73 Running: 0 Finished: 73
[2026-03-15 16:13:31.356] [info] cycle: [112000]
[2026-03-15 16:13:31.356] [info] Tile  status Gemm, instructions left 16
[2026-03-15 16:13:31.356] [info] Core [2] Tile Stats | Issued: 73 Running: 1 Finished: 72
[2026-03-15 16:13:31.356] [info] cycle: [112000]
[2026-03-15 16:13:31.356] [info] Core [3] Tile Stats | Issued: 73 Running: 0 Finished: 73
[2026-03-15 16:13:31.356] [info] cycle: [112000]
[2026-03-15 16:13:31.730] [info] Layer /blocks.0/in_proj/Gemm finish at 114821
[2026-03-15 16:13:31.730] [info] Total compute time 14565
[2026-03-15 16:13:31.730] [info] executable layer count 817
[2026-03-15 16:13:31.730] [info] Start layer /blocks.0/Constant
[2026-03-15 16:13:31.733] [info] Layer /blocks.0/Constant finish at 114854
[2026-03-15 16:13:31.740] [info] Total compute time 33
[2026-03-15 16:13:31.741] [info] executable layer count 818
[2026-03-15 16:13:31.741] [info] Start layer /blocks.0/Constant_1
[2026-03-15 16:13:31.742] [info] Layer /blocks.0/Constant_1 finish at 114873
[2026-03-15 16:13:31.742] [info] Total compute time 19
[2026-03-15 16:13:31.742] [info] executable layer count 817
[2026-03-15 16:13:31.742] [info] Start layer /blocks.0/Constant_2
[2026-03-15 16:13:31.743] [info] Layer /blocks.0/Constant_2 finish at 114891
[2026-03-15 16:13:31.743] [info] Total compute time 18
[2026-03-15 16:13:31.743] [info] executable layer count 816
[2026-03-15 16:13:31.743] [info] Start layer /blocks.0/Constant_3
[2026-03-15 16:13:31.745] [info] Layer /blocks.0/Constant_3 finish at 114909
[2026-03-15 16:13:31.745] [info] Total compute time 18
[2026-03-15 16:13:31.745] [info] executable layer count 815
[2026-03-15 16:13:31.745] [info] Start layer /blocks.0/Constant_4
[2026-03-15 16:13:31.746] [info] Layer /blocks.0/Constant_4 finish at 114928
[2026-03-15 16:13:31.746] [info] Total compute time 19
[2026-03-15 16:13:31.746] [info] executable layer count 815
[2026-03-15 16:13:31.746] [info] Start layer /blocks.0/Constant_5
[2026-03-15 16:13:31.747] [info] Layer /blocks.0/Constant_5 finish at 114947
[2026-03-15 16:13:31.747] [info] Total compute time 19
[2026-03-15 16:13:31.747] [info] executable layer count 814
[2026-03-15 16:13:31.747] [info] Start layer /blocks.0/Constant_6
[2026-03-15 16:13:31.748] [info] Layer /blocks.0/Constant_6 finish at 114965
[2026-03-15 16:13:31.748] [info] Total compute time 18
[2026-03-15 16:13:31.748] [info] executable layer count 813
[2026-03-15 16:13:31.748] [info] Start layer /blocks.0/Constant_7
[2026-03-15 16:13:31.750] [info] Layer /blocks.0/Constant_7 finish at 114983
[2026-03-15 16:13:31.750] [info] Total compute time 18
[2026-03-15 16:13:31.750] [info] executable layer count 812
[2026-03-15 16:13:31.750] [info] Start layer /blocks.0/Constant_8
[2026-03-15 16:13:31.751] [info] Layer /blocks.0/Constant_8 finish at 115004
[2026-03-15 16:13:31.751] [info] Total compute time 21
[2026-03-15 16:13:31.751] [info] executable layer count 812
[2026-03-15 16:13:31.751] [info] Start layer /blocks.0/Constant_9
[2026-03-15 16:13:31.753] [info] Layer /blocks.0/Constant_9 finish at 115023
[2026-03-15 16:13:31.753] [info] Total compute time 19
[2026-03-15 16:13:31.753] [info] executable layer count 811
[2026-03-15 16:13:31.753] [info] Start layer /blocks.0/Constant_10
[2026-03-15 16:13:31.754] [info] Layer /blocks.0/Constant_10 finish at 115041
[2026-03-15 16:13:31.754] [info] Total compute time 18
[2026-03-15 16:13:31.754] [info] executable layer count 810
[2026-03-15 16:13:31.754] [info] Start layer /blocks.0/Constant_11
[2026-03-15 16:13:31.755] [info] Layer /blocks.0/Constant_11 finish at 115059
[2026-03-15 16:13:31.755] [info] Total compute time 18
[2026-03-15 16:13:31.755] [info] executable layer count 809
[2026-03-15 16:13:31.755] [info] Start layer /blocks.0/Constant_12
[2026-03-15 16:13:31.756] [info] Layer /blocks.0/Constant_12 finish at 115078
[2026-03-15 16:13:31.757] [info] Total compute time 19
[2026-03-15 16:13:31.757] [info] executable layer count 808
[2026-03-15 16:13:31.757] [info] Start layer /blocks.0/Constant_13
[2026-03-15 16:13:31.758] [info] Layer /blocks.0/Constant_13 finish at 115097
[2026-03-15 16:13:31.758] [info] Total compute time 19
[2026-03-15 16:13:31.758] [info] executable layer count 807
[2026-03-15 16:13:31.758] [info] Start layer /blocks.0/Constant_14
[2026-03-15 16:13:31.759] [info] Layer /blocks.0/Constant_14 finish at 115115
[2026-03-15 16:13:31.759] [info] Total compute time 18
[2026-03-15 16:13:31.759] [info] executable layer count 806
[2026-03-15 16:13:31.759] [info] Start layer /blocks.0/Constant_15
[2026-03-15 16:13:31.760] [info] Layer /blocks.0/Constant_15 finish at 115133
[2026-03-15 16:13:31.760] [info] Total compute time 18
[2026-03-15 16:13:31.760] [info] executable layer count 805
[2026-03-15 16:13:31.760] [info] Start layer /blocks.0/Constant_16
[2026-03-15 16:13:31.762] [info] Layer /blocks.0/Constant_16 finish at 115152
[2026-03-15 16:13:31.762] [info] Total compute time 19
[2026-03-15 16:13:31.762] [info] executable layer count 804
[2026-03-15 16:13:31.762] [info] Start layer /blocks.0/Constant_17
[2026-03-15 16:13:31.763] [info] Layer /blocks.0/Constant_17 finish at 115171
[2026-03-15 16:13:31.763] [info] Total compute time 19
[2026-03-15 16:13:31.763] [info] executable layer count 803
[2026-03-15 16:13:31.763] [info] Start layer /blocks.0/Constant_18
[2026-03-15 16:13:31.764] [info] Layer /blocks.0/Constant_18 finish at 115189
[2026-03-15 16:13:31.764] [info] Total compute time 18
[2026-03-15 16:13:31.764] [info] executable layer count 802
[2026-03-15 16:13:31.764] [info] Start layer /blocks.0/Constant_19
[2026-03-15 16:13:31.766] [info] Layer /blocks.0/Constant_19 finish at 115207
[2026-03-15 16:13:31.766] [info] Total compute time 18
[2026-03-15 16:13:31.766] [info] executable layer count 801
[2026-03-15 16:13:31.766] [info] Start layer /blocks.0/Constant_20
[2026-03-15 16:13:31.767] [info] Layer /blocks.0/Constant_20 finish at 115226
[2026-03-15 16:13:31.767] [info] Total compute time 19
[2026-03-15 16:13:31.767] [info] executable layer count 800
[2026-03-15 16:13:31.767] [info] Start layer /blocks.0/Constant_21
[2026-03-15 16:13:31.768] [info] Layer /blocks.0/Constant_21 finish at 115245
[2026-03-15 16:13:31.768] [info] Total compute time 19
[2026-03-15 16:13:31.768] [info] executable layer count 799
[2026-03-15 16:13:31.768] [info] Start layer /blocks.0/Constant_22
[2026-03-15 16:13:31.770] [info] Layer /blocks.0/Constant_22 finish at 115263
[2026-03-15 16:13:31.770] [info] Total compute time 18
[2026-03-15 16:13:31.770] [info] executable layer count 798
[2026-03-15 16:13:31.770] [info] Start layer /blocks.0/Constant_23
[2026-03-15 16:13:31.771] [info] Layer /blocks.0/Constant_23 finish at 115281
[2026-03-15 16:13:31.771] [info] Total compute time 18
[2026-03-15 16:13:31.771] [info] executable layer count 797
[2026-03-15 16:13:31.771] [info] Start layer /blocks.0/Constant_24
[2026-03-15 16:13:31.772] [info] Layer /blocks.0/Constant_24 finish at 115300
[2026-03-15 16:13:31.772] [info] Total compute time 19
[2026-03-15 16:13:31.772] [info] executable layer count 796
[2026-03-15 16:13:31.772] [info] Start layer /blocks.0/Constant_25
[2026-03-15 16:13:31.774] [info] Layer /blocks.0/Constant_25 finish at 115319
[2026-03-15 16:13:31.774] [info] Total compute time 19
[2026-03-15 16:13:31.774] [info] executable layer count 797
[2026-03-15 16:13:31.774] [info] Start layer /blocks.0/Constant_26
[2026-03-15 16:13:31.775] [info] Layer /blocks.0/Constant_26 finish at 115337
[2026-03-15 16:13:31.775] [info] Total compute time 18
[2026-03-15 16:13:31.775] [info] executable layer count 798
[2026-03-15 16:13:31.775] [info] Start layer /blocks.0/Exp
[2026-03-15 16:13:31.791] [info] Layer /blocks.0/Exp finish at 115491
[2026-03-15 16:13:31.791] [info] Total compute time 154
[2026-03-15 16:13:31.791] [info] executable layer count 798
[2026-03-15 16:13:31.791] [info] Start layer /blocks.0/Constant_27
[2026-03-15 16:13:31.796] [info] Layer /blocks.0/Constant_27 finish at 115529
[2026-03-15 16:13:31.796] [info] Total compute time 38
[2026-03-15 16:13:31.796] [info] executable layer count 797
[2026-03-15 16:13:31.796] [info] Start layer /blocks.0/Constant_28
[2026-03-15 16:13:31.806] [info] Layer /blocks.0/Constant_28 finish at 115630
[2026-03-15 16:13:31.806] [info] Total compute time 101
[2026-03-15 16:13:31.806] [info] executable layer count 796
[2026-03-15 16:13:31.806] [info] Start layer /blocks.0/Constant_29
[2026-03-15 16:13:31.808] [info] Layer /blocks.0/Constant_29 finish at 115654
[2026-03-15 16:13:31.808] [info] Total compute time 24
[2026-03-15 16:13:31.808] [info] executable layer count 795
[2026-03-15 16:13:31.808] [info] Start layer /blocks.0/Constant_30
[2026-03-15 16:13:31.810] [info] Layer /blocks.0/Constant_30 finish at 115675
[2026-03-15 16:13:31.810] [info] Total compute time 21
[2026-03-15 16:13:31.810] [info] executable layer count 794
[2026-03-15 16:13:31.810] [info] Start layer /blocks.0/Constant_31
[2026-03-15 16:13:31.811] [info] Layer /blocks.0/Constant_31 finish at 115694
[2026-03-15 16:13:31.811] [info] Total compute time 19
[2026-03-15 16:13:31.811] [info] executable layer count 795
[2026-03-15 16:13:31.811] [info] Start layer /blocks.0/Constant_32
[2026-03-15 16:13:31.813] [info] Layer /blocks.0/Constant_32 finish at 115713
[2026-03-15 16:13:31.813] [info] Total compute time 19
[2026-03-15 16:13:31.813] [info] executable layer count 794
[2026-03-15 16:13:31.813] [info] Start layer /blocks.0/Constant_33
[2026-03-15 16:13:31.814] [info] Layer /blocks.0/Constant_33 finish at 115731
[2026-03-15 16:13:31.814] [info] Total compute time 18
[2026-03-15 16:13:31.814] [info] executable layer count 793
[2026-03-15 16:13:31.814] [info] Start layer /blocks.1/Constant
[2026-03-15 16:13:31.816] [info] Layer /blocks.1/Constant finish at 115749
[2026-03-15 16:13:31.816] [info] Total compute time 18
[2026-03-15 16:13:31.816] [info] executable layer count 792
[2026-03-15 16:13:31.816] [info] Start layer /blocks.1/Constant_1
[2026-03-15 16:13:31.817] [info] Layer /blocks.1/Constant_1 finish at 115768
[2026-03-15 16:13:31.817] [info] Total compute time 19
[2026-03-15 16:13:31.817] [info] executable layer count 791
[2026-03-15 16:13:31.817] [info] Start layer /blocks.1/Constant_2
[2026-03-15 16:13:31.819] [info] Layer /blocks.1/Constant_2 finish at 115787
[2026-03-15 16:13:31.819] [info] Total compute time 19
[2026-03-15 16:13:31.819] [info] executable layer count 790
[2026-03-15 16:13:31.819] [info] Start layer /blocks.1/Constant_3
[2026-03-15 16:13:31.820] [info] Layer /blocks.1/Constant_3 finish at 115805
[2026-03-15 16:13:31.820] [info] Total compute time 18
[2026-03-15 16:13:31.820] [info] executable layer count 789
[2026-03-15 16:13:31.820] [info] Start layer /blocks.1/Constant_4
[2026-03-15 16:13:31.821] [info] Layer /blocks.1/Constant_4 finish at 115823
[2026-03-15 16:13:31.821] [info] Total compute time 18
[2026-03-15 16:13:31.821] [info] executable layer count 788
[2026-03-15 16:13:31.821] [info] Start layer /blocks.1/Constant_5
[2026-03-15 16:13:31.823] [info] Layer /blocks.1/Constant_5 finish at 115842
[2026-03-15 16:13:31.823] [info] Total compute time 19
[2026-03-15 16:13:31.823] [info] executable layer count 787
[2026-03-15 16:13:31.823] [info] Start layer /blocks.1/Constant_6
[2026-03-15 16:13:31.825] [info] Layer /blocks.1/Constant_6 finish at 115861
[2026-03-15 16:13:31.825] [info] Total compute time 19
[2026-03-15 16:13:31.825] [info] executable layer count 786
[2026-03-15 16:13:31.825] [info] Start layer /blocks.1/Constant_7
[2026-03-15 16:13:31.826] [info] Layer /blocks.1/Constant_7 finish at 115879
[2026-03-15 16:13:31.826] [info] Total compute time 18
[2026-03-15 16:13:31.826] [info] executable layer count 785
[2026-03-15 16:13:31.826] [info] Start layer /blocks.1/Constant_8
[2026-03-15 16:13:31.827] [info] Layer /blocks.1/Constant_8 finish at 115897
[2026-03-15 16:13:31.827] [info] Total compute time 18
[2026-03-15 16:13:31.828] [info] executable layer count 784
[2026-03-15 16:13:31.828] [info] Start layer /blocks.1/Constant_9
[2026-03-15 16:13:31.829] [info] Layer /blocks.1/Constant_9 finish at 115916
[2026-03-15 16:13:31.829] [info] Total compute time 19
[2026-03-15 16:13:31.829] [info] executable layer count 783
[2026-03-15 16:13:31.829] [info] Start layer /blocks.1/Constant_10
[2026-03-15 16:13:31.831] [info] Layer /blocks.1/Constant_10 finish at 115935
[2026-03-15 16:13:31.831] [info] Total compute time 19
[2026-03-15 16:13:31.831] [info] executable layer count 782
[2026-03-15 16:13:31.831] [info] Start layer /blocks.1/Constant_11
[2026-03-15 16:13:31.833] [info] Layer /blocks.1/Constant_11 finish at 115953
[2026-03-15 16:13:31.833] [info] Total compute time 18
[2026-03-15 16:13:31.833] [info] executable layer count 781
[2026-03-15 16:13:31.833] [info] Start layer /blocks.1/Constant_12
[2026-03-15 16:13:31.834] [info] Layer /blocks.1/Constant_12 finish at 115971
[2026-03-15 16:13:31.834] [info] Total compute time 18
[2026-03-15 16:13:31.834] [info] executable layer count 780
[2026-03-15 16:13:31.834] [info] Start layer /blocks.1/Constant_13
[2026-03-15 16:13:31.835] [info] Layer /blocks.1/Constant_13 finish at 115990
[2026-03-15 16:13:31.835] [info] Total compute time 19
[2026-03-15 16:13:31.835] [info] executable layer count 779
[2026-03-15 16:13:31.835] [info] Start layer /blocks.1/Constant_14
[2026-03-15 16:13:31.837] [info] Layer /blocks.1/Constant_14 finish at 116009
[2026-03-15 16:13:31.837] [info] Total compute time 19
[2026-03-15 16:13:31.837] [info] executable layer count 778
[2026-03-15 16:13:31.837] [info] Start layer /blocks.1/Constant_15
[2026-03-15 16:13:31.839] [info] Layer /blocks.1/Constant_15 finish at 116027
[2026-03-15 16:13:31.839] [info] Total compute time 18
[2026-03-15 16:13:31.839] [info] executable layer count 777
[2026-03-15 16:13:31.839] [info] Start layer /blocks.1/Constant_16
[2026-03-15 16:13:31.840] [info] Layer /blocks.1/Constant_16 finish at 116045
[2026-03-15 16:13:31.840] [info] Total compute time 18
[2026-03-15 16:13:31.840] [info] executable layer count 776
[2026-03-15 16:13:31.840] [info] Start layer /blocks.1/Constant_17
[2026-03-15 16:13:31.842] [info] Layer /blocks.1/Constant_17 finish at 116068
[2026-03-15 16:13:31.842] [info] Total compute time 23
[2026-03-15 16:13:31.842] [info] executable layer count 775
[2026-03-15 16:13:31.842] [info] Start layer /blocks.1/Constant_18
[2026-03-15 16:13:31.843] [info] Layer /blocks.1/Constant_18 finish at 116087
[2026-03-15 16:13:31.843] [info] Total compute time 19
[2026-03-15 16:13:31.843] [info] executable layer count 774
[2026-03-15 16:13:31.843] [info] Start layer /blocks.1/Constant_19
[2026-03-15 16:13:31.845] [info] Layer /blocks.1/Constant_19 finish at 116105
[2026-03-15 16:13:31.845] [info] Total compute time 18
[2026-03-15 16:13:31.845] [info] executable layer count 773
[2026-03-15 16:13:31.845] [info] Start layer /blocks.1/Constant_20
[2026-03-15 16:13:31.847] [info] Layer /blocks.1/Constant_20 finish at 116123
[2026-03-15 16:13:31.847] [info] Total compute time 18
[2026-03-15 16:13:31.847] [info] executable layer count 772
[2026-03-15 16:13:31.847] [info] Start layer /blocks.1/Constant_21
[2026-03-15 16:13:31.848] [info] Layer /blocks.1/Constant_21 finish at 116142
[2026-03-15 16:13:31.848] [info] Total compute time 19
[2026-03-15 16:13:31.848] [info] executable layer count 771
[2026-03-15 16:13:31.848] [info] Start layer /blocks.1/Constant_22
[2026-03-15 16:13:31.849] [info] Layer /blocks.1/Constant_22 finish at 116161
[2026-03-15 16:13:31.849] [info] Total compute time 19
[2026-03-15 16:13:31.849] [info] executable layer count 770
[2026-03-15 16:13:31.849] [info] Start layer /blocks.1/Constant_23
[2026-03-15 16:13:31.850] [info] Layer /blocks.1/Constant_23 finish at 116179
[2026-03-15 16:13:31.850] [info] Total compute time 18
[2026-03-15 16:13:31.850] [info] executable layer count 769
[2026-03-15 16:13:31.850] [info] Start layer /blocks.1/Constant_24
[2026-03-15 16:13:31.852] [info] Layer /blocks.1/Constant_24 finish at 116197
[2026-03-15 16:13:31.852] [info] Total compute time 18
[2026-03-15 16:13:31.853] [info] executable layer count 768
[2026-03-15 16:13:31.853] [info] Start layer /blocks.1/Constant_25
[2026-03-15 16:13:31.854] [info] Layer /blocks.1/Constant_25 finish at 116216
[2026-03-15 16:13:31.854] [info] Total compute time 19
[2026-03-15 16:13:31.854] [info] executable layer count 767
[2026-03-15 16:13:31.854] [info] Start layer /blocks.1/Constant_26
[2026-03-15 16:13:31.856] [info] Layer /blocks.1/Constant_26 finish at 116235
[2026-03-15 16:13:31.856] [info] Total compute time 19
[2026-03-15 16:13:31.856] [info] executable layer count 766
[2026-03-15 16:13:31.856] [info] Start layer /blocks.1/Constant_27
[2026-03-15 16:13:31.857] [info] Layer /blocks.1/Constant_27 finish at 116253
[2026-03-15 16:13:31.857] [info] Total compute time 18
[2026-03-15 16:13:31.857] [info] executable layer count 765
[2026-03-15 16:13:31.857] [info] Start layer /blocks.1/Constant_28
[2026-03-15 16:13:31.859] [info] Layer /blocks.1/Constant_28 finish at 116271
[2026-03-15 16:13:31.859] [info] Total compute time 18
[2026-03-15 16:13:31.859] [info] executable layer count 764
[2026-03-15 16:13:31.859] [info] Start layer /blocks.1/Constant_29
[2026-03-15 16:13:31.861] [info] Layer /blocks.1/Constant_29 finish at 116290
[2026-03-15 16:13:31.861] [info] Total compute time 19
[2026-03-15 16:13:31.861] [info] executable layer count 763
[2026-03-15 16:13:31.861] [info] Start layer /Constant_1
[2026-03-15 16:13:31.863] [info] Layer /Constant_1 finish at 116309
[2026-03-15 16:13:31.863] [info] Total compute time 19
[2026-03-15 16:13:31.863] [info] executable layer count 764
[2026-03-15 16:13:31.863] [info] Start layer /blocks.2/Constant
[2026-03-15 16:13:31.866] [info] Layer /blocks.2/Constant finish at 116327
[2026-03-15 16:13:31.866] [info] Total compute time 18
[2026-03-15 16:13:31.866] [info] executable layer count 763
[2026-03-15 16:13:31.866] [info] Start layer /blocks.2/Constant_1
[2026-03-15 16:13:31.869] [info] Layer /blocks.2/Constant_1 finish at 116345
[2026-03-15 16:13:31.869] [info] Total compute time 18
[2026-03-15 16:13:31.869] [info] executable layer count 762
[2026-03-15 16:13:31.869] [info] Start layer /blocks.2/Constant_2
[2026-03-15 16:13:31.871] [info] Layer /blocks.2/Constant_2 finish at 116364
[2026-03-15 16:13:31.871] [info] Total compute time 19
[2026-03-15 16:13:31.872] [info] executable layer count 761
[2026-03-15 16:13:31.872] [info] Start layer /blocks.2/Constant_3
[2026-03-15 16:13:31.874] [info] Layer /blocks.2/Constant_3 finish at 116383
[2026-03-15 16:13:31.874] [info] Total compute time 19
[2026-03-15 16:13:31.874] [info] executable layer count 760
[2026-03-15 16:13:31.874] [info] Start layer /blocks.2/Constant_4
[2026-03-15 16:13:31.876] [info] Layer /blocks.2/Constant_4 finish at 116401
[2026-03-15 16:13:31.876] [info] Total compute time 18
[2026-03-15 16:13:31.876] [info] executable layer count 759
[2026-03-15 16:13:31.876] [info] Start layer /blocks.2/Constant_5
[2026-03-15 16:13:31.877] [info] Layer /blocks.2/Constant_5 finish at 116419
[2026-03-15 16:13:31.877] [info] Total compute time 18
[2026-03-15 16:13:31.877] [info] executable layer count 758
[2026-03-15 16:13:31.877] [info] Start layer /blocks.2/Constant_6
[2026-03-15 16:13:31.879] [info] Layer /blocks.2/Constant_6 finish at 116438
[2026-03-15 16:13:31.879] [info] Total compute time 19
[2026-03-15 16:13:31.879] [info] executable layer count 757
[2026-03-15 16:13:31.879] [info] Start layer /blocks.2/Constant_7
[2026-03-15 16:13:31.882] [info] Layer /blocks.2/Constant_7 finish at 116457
[2026-03-15 16:13:31.882] [info] Total compute time 19
[2026-03-15 16:13:31.882] [info] executable layer count 756
[2026-03-15 16:13:31.882] [info] Start layer /blocks.2/Constant_8
[2026-03-15 16:13:31.884] [info] Layer /blocks.2/Constant_8 finish at 116475
[2026-03-15 16:13:31.884] [info] Total compute time 18
[2026-03-15 16:13:31.884] [info] executable layer count 755
[2026-03-15 16:13:31.884] [info] Start layer /blocks.2/Constant_9
[2026-03-15 16:13:31.887] [info] Layer /blocks.2/Constant_9 finish at 116493
[2026-03-15 16:13:31.887] [info] Total compute time 18
[2026-03-15 16:13:31.887] [info] executable layer count 754
[2026-03-15 16:13:31.887] [info] Start layer /blocks.2/Constant_10
[2026-03-15 16:13:31.889] [info] Layer /blocks.2/Constant_10 finish at 116512
[2026-03-15 16:13:31.889] [info] Total compute time 19
[2026-03-15 16:13:31.889] [info] executable layer count 753
[2026-03-15 16:13:31.889] [info] Start layer /blocks.2/Constant_11
[2026-03-15 16:13:31.892] [info] Layer /blocks.2/Constant_11 finish at 116531
[2026-03-15 16:13:31.892] [info] Total compute time 19
[2026-03-15 16:13:31.893] [info] executable layer count 752
[2026-03-15 16:13:31.893] [info] Start layer /blocks.2/Constant_12
[2026-03-15 16:13:31.899] [info] Layer /blocks.2/Constant_12 finish at 116549
[2026-03-15 16:13:31.899] [info] Total compute time 18
[2026-03-15 16:13:31.899] [info] executable layer count 751
[2026-03-15 16:13:31.899] [info] Start layer /blocks.2/Constant_13
[2026-03-15 16:13:31.904] [info] Layer /blocks.2/Constant_13 finish at 116567
[2026-03-15 16:13:31.904] [info] Total compute time 18
[2026-03-15 16:13:31.904] [info] executable layer count 750
[2026-03-15 16:13:31.904] [info] Start layer /blocks.2/Constant_14
[2026-03-15 16:13:31.908] [info] Layer /blocks.2/Constant_14 finish at 116586
[2026-03-15 16:13:31.908] [info] Total compute time 19
[2026-03-15 16:13:31.908] [info] executable layer count 749
[2026-03-15 16:13:31.908] [info] Start layer /blocks.2/Constant_15
[2026-03-15 16:13:31.913] [info] Layer /blocks.2/Constant_15 finish at 116605
[2026-03-15 16:13:31.913] [info] Total compute time 19
[2026-03-15 16:13:31.913] [info] executable layer count 748
[2026-03-15 16:13:31.913] [info] Start layer /blocks.2/Constant_16
[2026-03-15 16:13:31.918] [info] Layer /blocks.2/Constant_16 finish at 116623
[2026-03-15 16:13:31.919] [info] Total compute time 18
[2026-03-15 16:13:31.919] [info] executable layer count 747
[2026-03-15 16:13:31.919] [info] Start layer /blocks.2/Constant_17
[2026-03-15 16:13:31.923] [info] Layer /blocks.2/Constant_17 finish at 116641
[2026-03-15 16:13:31.923] [info] Total compute time 18
[2026-03-15 16:13:31.923] [info] executable layer count 746
[2026-03-15 16:13:31.923] [info] Start layer /blocks.2/Constant_18
[2026-03-15 16:13:31.927] [info] Layer /blocks.2/Constant_18 finish at 116660
[2026-03-15 16:13:31.927] [info] Total compute time 19
[2026-03-15 16:13:31.927] [info] executable layer count 745
[2026-03-15 16:13:31.927] [info] Start layer /blocks.2/Constant_19
[2026-03-15 16:13:31.932] [info] Layer /blocks.2/Constant_19 finish at 116679
[2026-03-15 16:13:31.932] [info] Total compute time 19
[2026-03-15 16:13:31.932] [info] executable layer count 744
[2026-03-15 16:13:31.932] [info] Start layer /blocks.2/Constant_20
[2026-03-15 16:13:31.936] [info] Layer /blocks.2/Constant_20 finish at 116697
[2026-03-15 16:13:31.936] [info] Total compute time 18
[2026-03-15 16:13:31.936] [info] executable layer count 743
[2026-03-15 16:13:31.936] [info] Start layer /blocks.2/Constant_21
[2026-03-15 16:13:31.939] [info] Layer /blocks.2/Constant_21 finish at 116715
[2026-03-15 16:13:31.939] [info] Total compute time 18
[2026-03-15 16:13:31.939] [info] executable layer count 742
[2026-03-15 16:13:31.939] [info] Start layer /blocks.2/Constant_22
[2026-03-15 16:13:31.941] [info] Layer /blocks.2/Constant_22 finish at 116734
[2026-03-15 16:13:31.941] [info] Total compute time 19
[2026-03-15 16:13:31.941] [info] executable layer count 741
[2026-03-15 16:13:31.941] [info] Start layer /blocks.2/Constant_23
[2026-03-15 16:13:31.943] [info] Layer /blocks.2/Constant_23 finish at 116753
[2026-03-15 16:13:31.943] [info] Total compute time 19
[2026-03-15 16:13:31.943] [info] executable layer count 740
[2026-03-15 16:13:31.943] [info] Start layer /blocks.2/Constant_24
[2026-03-15 16:13:31.949] [info] Layer /blocks.2/Constant_24 finish at 116771
[2026-03-15 16:13:31.949] [info] Total compute time 18
[2026-03-15 16:13:31.949] [info] executable layer count 739
[2026-03-15 16:13:31.949] [info] Start layer /blocks.2/Constant_25
[2026-03-15 16:13:31.954] [info] Layer /blocks.2/Constant_25 finish at 116789
[2026-03-15 16:13:31.954] [info] Total compute time 18
[2026-03-15 16:13:31.954] [info] executable layer count 738
[2026-03-15 16:13:31.954] [info] Start layer /blocks.2/Constant_26
[2026-03-15 16:13:31.958] [info] Layer /blocks.2/Constant_26 finish at 116808
[2026-03-15 16:13:31.958] [info] Total compute time 19
[2026-03-15 16:13:31.958] [info] executable layer count 737
[2026-03-15 16:13:31.958] [info] Start layer /blocks.2/Constant_27
[2026-03-15 16:13:31.961] [info] Layer /blocks.2/Constant_27 finish at 116827
[2026-03-15 16:13:31.961] [info] Total compute time 19
[2026-03-15 16:13:31.961] [info] executable layer count 736
[2026-03-15 16:13:31.961] [info] Start layer /blocks.2/Constant_28
[2026-03-15 16:13:31.964] [info] Layer /blocks.2/Constant_28 finish at 116847
[2026-03-15 16:13:31.964] [info] Total compute time 20
[2026-03-15 16:13:31.964] [info] executable layer count 735
[2026-03-15 16:13:31.964] [info] Start layer /blocks.2/Constant_29
[2026-03-15 16:13:31.968] [info] Layer /blocks.2/Constant_29 finish at 116865
[2026-03-15 16:13:31.968] [info] Total compute time 18
[2026-03-15 16:13:31.968] [info] executable layer count 734
[2026-03-15 16:13:31.968] [info] Start layer /Constant_2
[2026-03-15 16:13:31.970] [info] Layer /Constant_2 finish at 116884
[2026-03-15 16:13:31.970] [info] Total compute time 19
[2026-03-15 16:13:31.970] [info] executable layer count 735
[2026-03-15 16:13:31.970] [info] Start layer /blocks.3/Constant
[2026-03-15 16:13:31.972] [info] Layer /blocks.3/Constant finish at 116903
[2026-03-15 16:13:31.972] [info] Total compute time 19
[2026-03-15 16:13:31.972] [info] executable layer count 734
[2026-03-15 16:13:31.972] [info] Start layer /blocks.3/Constant_1
[2026-03-15 16:13:31.975] [info] Layer /blocks.3/Constant_1 finish at 116921
[2026-03-15 16:13:31.975] [info] Total compute time 18
[2026-03-15 16:13:31.975] [info] executable layer count 733
[2026-03-15 16:13:31.975] [info] Start layer /blocks.3/Constant_2
[2026-03-15 16:13:31.976] [info] Layer /blocks.3/Constant_2 finish at 116939
[2026-03-15 16:13:31.976] [info] Total compute time 18
[2026-03-15 16:13:31.976] [info] executable layer count 732
[2026-03-15 16:13:31.976] [info] Start layer /blocks.3/Constant_3
[2026-03-15 16:13:31.978] [info] Layer /blocks.3/Constant_3 finish at 116958
[2026-03-15 16:13:31.978] [info] Total compute time 19
[2026-03-15 16:13:31.978] [info] executable layer count 731
[2026-03-15 16:13:31.978] [info] Start layer /blocks.3/Constant_4
[2026-03-15 16:13:31.980] [info] Layer /blocks.3/Constant_4 finish at 116977
[2026-03-15 16:13:31.980] [info] Total compute time 19
[2026-03-15 16:13:31.980] [info] executable layer count 730
[2026-03-15 16:13:31.980] [info] Start layer /blocks.3/Constant_5
[2026-03-15 16:13:31.982] [info] Layer /blocks.3/Constant_5 finish at 116995
[2026-03-15 16:13:31.982] [info] Total compute time 18
[2026-03-15 16:13:31.982] [info] executable layer count 729
[2026-03-15 16:13:31.982] [info] Start layer /blocks.3/Constant_6
[2026-03-15 16:13:31.984] [info] Layer /blocks.3/Constant_6 finish at 117013
[2026-03-15 16:13:31.984] [info] Total compute time 18
[2026-03-15 16:13:31.984] [info] executable layer count 728
[2026-03-15 16:13:31.984] [info] Start layer /blocks.3/Constant_7
[2026-03-15 16:13:31.986] [info] Layer /blocks.3/Constant_7 finish at 117032
[2026-03-15 16:13:31.986] [info] Total compute time 19
[2026-03-15 16:13:31.986] [info] executable layer count 727
[2026-03-15 16:13:31.986] [info] Start layer /blocks.3/Constant_8
[2026-03-15 16:13:31.988] [info] Layer /blocks.3/Constant_8 finish at 117051
[2026-03-15 16:13:31.988] [info] Total compute time 19
[2026-03-15 16:13:31.988] [info] executable layer count 726
[2026-03-15 16:13:31.988] [info] Start layer /blocks.3/Constant_9
[2026-03-15 16:13:31.990] [info] Layer /blocks.3/Constant_9 finish at 117069
[2026-03-15 16:13:31.990] [info] Total compute time 18
[2026-03-15 16:13:31.990] [info] executable layer count 725
[2026-03-15 16:13:31.990] [info] Start layer /blocks.3/Constant_10
[2026-03-15 16:13:31.992] [info] Layer /blocks.3/Constant_10 finish at 117087
[2026-03-15 16:13:31.992] [info] Total compute time 18
[2026-03-15 16:13:31.992] [info] executable layer count 724
[2026-03-15 16:13:31.992] [info] Start layer /blocks.3/Constant_11
[2026-03-15 16:13:31.994] [info] Layer /blocks.3/Constant_11 finish at 117106
[2026-03-15 16:13:31.994] [info] Total compute time 19
[2026-03-15 16:13:31.994] [info] executable layer count 723
[2026-03-15 16:13:31.994] [info] Start layer /blocks.3/Constant_12
[2026-03-15 16:13:31.996] [info] Layer /blocks.3/Constant_12 finish at 117125
[2026-03-15 16:13:31.996] [info] Total compute time 19
[2026-03-15 16:13:31.996] [info] executable layer count 722
[2026-03-15 16:13:31.996] [info] Start layer /blocks.3/Constant_13
[2026-03-15 16:13:31.998] [info] Layer /blocks.3/Constant_13 finish at 117143
[2026-03-15 16:13:31.998] [info] Total compute time 18
[2026-03-15 16:13:31.998] [info] executable layer count 721
[2026-03-15 16:13:31.998] [info] Start layer /blocks.3/Constant_14
[2026-03-15 16:13:32.000] [info] Layer /blocks.3/Constant_14 finish at 117161
[2026-03-15 16:13:32.000] [info] Total compute time 18
[2026-03-15 16:13:32.000] [info] executable layer count 720
[2026-03-15 16:13:32.000] [info] Start layer /blocks.3/Constant_15
[2026-03-15 16:13:32.001] [info] Layer /blocks.3/Constant_15 finish at 117180
[2026-03-15 16:13:32.001] [info] Total compute time 19
[2026-03-15 16:13:32.001] [info] executable layer count 719
[2026-03-15 16:13:32.001] [info] Start layer /blocks.3/Constant_16
[2026-03-15 16:13:32.004] [info] Layer /blocks.3/Constant_16 finish at 117199
[2026-03-15 16:13:32.004] [info] Total compute time 19
[2026-03-15 16:13:32.004] [info] executable layer count 718
[2026-03-15 16:13:32.004] [info] Start layer /blocks.3/Constant_17
[2026-03-15 16:13:32.006] [info] Layer /blocks.3/Constant_17 finish at 117217
[2026-03-15 16:13:32.006] [info] Total compute time 18
[2026-03-15 16:13:32.006] [info] executable layer count 717
[2026-03-15 16:13:32.006] [info] Start layer /blocks.3/Constant_18
[2026-03-15 16:13:32.008] [info] Layer /blocks.3/Constant_18 finish at 117239
[2026-03-15 16:13:32.008] [info] Total compute time 22
[2026-03-15 16:13:32.008] [info] executable layer count 716
[2026-03-15 16:13:32.008] [info] Start layer /blocks.3/Constant_19
[2026-03-15 16:13:32.009] [info] Layer /blocks.3/Constant_19 finish at 117258
[2026-03-15 16:13:32.009] [info] Total compute time 19
[2026-03-15 16:13:32.009] [info] executable layer count 715
[2026-03-15 16:13:32.009] [info] Start layer /blocks.3/Constant_20
[2026-03-15 16:13:32.011] [info] Layer /blocks.3/Constant_20 finish at 117277
[2026-03-15 16:13:32.011] [info] Total compute time 19
[2026-03-15 16:13:32.011] [info] executable layer count 714
[2026-03-15 16:13:32.011] [info] Start layer /blocks.3/Constant_21
[2026-03-15 16:13:32.013] [info] Layer /blocks.3/Constant_21 finish at 117295
[2026-03-15 16:13:32.013] [info] Total compute time 18
[2026-03-15 16:13:32.013] [info] executable layer count 713
[2026-03-15 16:13:32.013] [info] Start layer /blocks.3/Constant_22
[2026-03-15 16:13:32.015] [info] Layer /blocks.3/Constant_22 finish at 117313
[2026-03-15 16:13:32.015] [info] Total compute time 18
[2026-03-15 16:13:32.015] [info] executable layer count 712
[2026-03-15 16:13:32.015] [info] Start layer /blocks.3/Constant_23
[2026-03-15 16:13:32.016] [info] Layer /blocks.3/Constant_23 finish at 117332
[2026-03-15 16:13:32.016] [info] Total compute time 19
[2026-03-15 16:13:32.016] [info] executable layer count 711
[2026-03-15 16:13:32.016] [info] Start layer /blocks.3/Constant_24
[2026-03-15 16:13:32.019] [info] Layer /blocks.3/Constant_24 finish at 117351
[2026-03-15 16:13:32.019] [info] Total compute time 19
[2026-03-15 16:13:32.019] [info] executable layer count 710
[2026-03-15 16:13:32.019] [info] Start layer /blocks.3/Constant_25
[2026-03-15 16:13:32.020] [info] Layer /blocks.3/Constant_25 finish at 117369
[2026-03-15 16:13:32.020] [info] Total compute time 18
[2026-03-15 16:13:32.020] [info] executable layer count 709
[2026-03-15 16:13:32.020] [info] Start layer /blocks.3/Constant_26
[2026-03-15 16:13:32.023] [info] Layer /blocks.3/Constant_26 finish at 117387
[2026-03-15 16:13:32.023] [info] Total compute time 18
[2026-03-15 16:13:32.023] [info] executable layer count 708
[2026-03-15 16:13:32.023] [info] Start layer /blocks.3/Constant_27
[2026-03-15 16:13:32.025] [info] Layer /blocks.3/Constant_27 finish at 117406
[2026-03-15 16:13:32.025] [info] Total compute time 19
[2026-03-15 16:13:32.025] [info] executable layer count 707
[2026-03-15 16:13:32.025] [info] Start layer /blocks.3/Constant_28
[2026-03-15 16:13:32.026] [info] Layer /blocks.3/Constant_28 finish at 117425
[2026-03-15 16:13:32.026] [info] Total compute time 19
[2026-03-15 16:13:32.026] [info] executable layer count 706
[2026-03-15 16:13:32.026] [info] Start layer /blocks.3/Constant_29
[2026-03-15 16:13:32.027] [info] Layer /blocks.3/Constant_29 finish at 117443
[2026-03-15 16:13:32.027] [info] Total compute time 18
[2026-03-15 16:13:32.027] [info] executable layer count 705
[2026-03-15 16:13:32.027] [info] Start layer /Constant_3
[2026-03-15 16:13:32.029] [info] Layer /Constant_3 finish at 117461
[2026-03-15 16:13:32.029] [info] Total compute time 18
[2026-03-15 16:13:32.029] [info] executable layer count 706
[2026-03-15 16:13:32.029] [info] Start layer /blocks.4/Constant
[2026-03-15 16:13:32.031] [info] Layer /blocks.4/Constant finish at 117480
[2026-03-15 16:13:32.031] [info] Total compute time 19
[2026-03-15 16:13:32.031] [info] executable layer count 705
[2026-03-15 16:13:32.031] [info] Start layer /blocks.4/Constant_1
[2026-03-15 16:13:32.033] [info] Layer /blocks.4/Constant_1 finish at 117499
[2026-03-15 16:13:32.033] [info] Total compute time 19
[2026-03-15 16:13:32.033] [info] executable layer count 704
[2026-03-15 16:13:32.033] [info] Start layer /blocks.4/Constant_2
[2026-03-15 16:13:32.035] [info] Layer /blocks.4/Constant_2 finish at 117517
[2026-03-15 16:13:32.035] [info] Total compute time 18
[2026-03-15 16:13:32.035] [info] executable layer count 703
[2026-03-15 16:13:32.035] [info] Start layer /blocks.4/Constant_3
[2026-03-15 16:13:32.037] [info] Layer /blocks.4/Constant_3 finish at 117535
[2026-03-15 16:13:32.037] [info] Total compute time 18
[2026-03-15 16:13:32.037] [info] executable layer count 702
[2026-03-15 16:13:32.037] [info] Start layer /blocks.4/Constant_4
[2026-03-15 16:13:32.039] [info] Layer /blocks.4/Constant_4 finish at 117554
[2026-03-15 16:13:32.039] [info] Total compute time 19
[2026-03-15 16:13:32.039] [info] executable layer count 701
[2026-03-15 16:13:32.039] [info] Start layer /blocks.4/Constant_5
[2026-03-15 16:13:32.041] [info] Layer /blocks.4/Constant_5 finish at 117573
[2026-03-15 16:13:32.041] [info] Total compute time 19
[2026-03-15 16:13:32.041] [info] executable layer count 700
[2026-03-15 16:13:32.041] [info] Start layer /blocks.4/Constant_6
[2026-03-15 16:13:32.042] [info] Layer /blocks.4/Constant_6 finish at 117591
[2026-03-15 16:13:32.042] [info] Total compute time 18
[2026-03-15 16:13:32.042] [info] executable layer count 699
[2026-03-15 16:13:32.042] [info] Start layer /blocks.4/Constant_7
[2026-03-15 16:13:32.044] [info] Layer /blocks.4/Constant_7 finish at 117609
[2026-03-15 16:13:32.044] [info] Total compute time 18
[2026-03-15 16:13:32.044] [info] executable layer count 698
[2026-03-15 16:13:32.044] [info] Start layer /blocks.4/Constant_8
[2026-03-15 16:13:32.046] [info] Layer /blocks.4/Constant_8 finish at 117628
[2026-03-15 16:13:32.046] [info] Total compute time 19
[2026-03-15 16:13:32.046] [info] executable layer count 697
[2026-03-15 16:13:32.046] [info] Start layer /blocks.4/Constant_9
[2026-03-15 16:13:32.048] [info] Layer /blocks.4/Constant_9 finish at 117647
[2026-03-15 16:13:32.048] [info] Total compute time 19
[2026-03-15 16:13:32.048] [info] executable layer count 696
[2026-03-15 16:13:32.048] [info] Start layer /blocks.4/Constant_10
[2026-03-15 16:13:32.049] [info] Layer /blocks.4/Constant_10 finish at 117665
[2026-03-15 16:13:32.049] [info] Total compute time 18
[2026-03-15 16:13:32.049] [info] executable layer count 695
[2026-03-15 16:13:32.049] [info] Start layer /blocks.4/Constant_11
[2026-03-15 16:13:32.051] [info] Layer /blocks.4/Constant_11 finish at 117683
[2026-03-15 16:13:32.051] [info] Total compute time 18
[2026-03-15 16:13:32.051] [info] executable layer count 694
[2026-03-15 16:13:32.051] [info] Start layer /blocks.4/Constant_12
[2026-03-15 16:13:32.053] [info] Layer /blocks.4/Constant_12 finish at 117702
[2026-03-15 16:13:32.053] [info] Total compute time 19
[2026-03-15 16:13:32.053] [info] executable layer count 693
[2026-03-15 16:13:32.053] [info] Start layer /blocks.4/Constant_13
[2026-03-15 16:13:32.055] [info] Layer /blocks.4/Constant_13 finish at 117721
[2026-03-15 16:13:32.055] [info] Total compute time 19
[2026-03-15 16:13:32.055] [info] executable layer count 692
[2026-03-15 16:13:32.055] [info] Start layer /blocks.4/Constant_14
[2026-03-15 16:13:32.056] [info] Layer /blocks.4/Constant_14 finish at 117739
[2026-03-15 16:13:32.056] [info] Total compute time 18
[2026-03-15 16:13:32.057] [info] executable layer count 691
[2026-03-15 16:13:32.057] [info] Start layer /blocks.4/Constant_15
[2026-03-15 16:13:32.059] [info] Layer /blocks.4/Constant_15 finish at 117757
[2026-03-15 16:13:32.059] [info] Total compute time 18
[2026-03-15 16:13:32.059] [info] executable layer count 690
[2026-03-15 16:13:32.059] [info] Start layer /blocks.4/Constant_16
[2026-03-15 16:13:32.061] [info] Layer /blocks.4/Constant_16 finish at 117776
[2026-03-15 16:13:32.061] [info] Total compute time 19
[2026-03-15 16:13:32.061] [info] executable layer count 689
[2026-03-15 16:13:32.061] [info] Start layer /blocks.4/Constant_17
[2026-03-15 16:13:32.063] [info] Layer /blocks.4/Constant_17 finish at 117795
[2026-03-15 16:13:32.063] [info] Total compute time 19
[2026-03-15 16:13:32.063] [info] executable layer count 688
[2026-03-15 16:13:32.063] [info] Start layer /blocks.4/Constant_18
[2026-03-15 16:13:32.065] [info] Layer /blocks.4/Constant_18 finish at 117813
[2026-03-15 16:13:32.065] [info] Total compute time 18
[2026-03-15 16:13:32.065] [info] executable layer count 687
[2026-03-15 16:13:32.065] [info] Start layer /blocks.4/Constant_19
[2026-03-15 16:13:32.066] [info] Layer /blocks.4/Constant_19 finish at 117831
[2026-03-15 16:13:32.066] [info] Total compute time 18
[2026-03-15 16:13:32.066] [info] executable layer count 686
[2026-03-15 16:13:32.066] [info] Start layer /blocks.4/Constant_20
[2026-03-15 16:13:32.068] [info] Layer /blocks.4/Constant_20 finish at 117850
[2026-03-15 16:13:32.068] [info] Total compute time 19
[2026-03-15 16:13:32.068] [info] executable layer count 685
[2026-03-15 16:13:32.068] [info] Start layer /blocks.4/Constant_21
[2026-03-15 16:13:32.070] [info] Layer /blocks.4/Constant_21 finish at 117869
[2026-03-15 16:13:32.070] [info] Total compute time 19
[2026-03-15 16:13:32.070] [info] executable layer count 684
[2026-03-15 16:13:32.070] [info] Start layer /blocks.4/Constant_22
[2026-03-15 16:13:32.072] [info] Layer /blocks.4/Constant_22 finish at 117887
[2026-03-15 16:13:32.072] [info] Total compute time 18
[2026-03-15 16:13:32.072] [info] executable layer count 683
[2026-03-15 16:13:32.072] [info] Start layer /blocks.4/Constant_23
[2026-03-15 16:13:32.074] [info] Layer /blocks.4/Constant_23 finish at 117907
[2026-03-15 16:13:32.074] [info] Total compute time 20
[2026-03-15 16:13:32.074] [info] executable layer count 682
[2026-03-15 16:13:32.074] [info] Start layer /blocks.4/Constant_24
[2026-03-15 16:13:32.076] [info] Layer /blocks.4/Constant_24 finish at 117926
[2026-03-15 16:13:32.076] [info] Total compute time 19
[2026-03-15 16:13:32.076] [info] executable layer count 681
[2026-03-15 16:13:32.076] [info] Start layer /blocks.4/Constant_25
[2026-03-15 16:13:32.077] [info] Layer /blocks.4/Constant_25 finish at 117945
[2026-03-15 16:13:32.077] [info] Total compute time 19
[2026-03-15 16:13:32.077] [info] executable layer count 680
[2026-03-15 16:13:32.077] [info] Start layer /blocks.4/Constant_26
[2026-03-15 16:13:32.079] [info] Layer /blocks.4/Constant_26 finish at 117963
[2026-03-15 16:13:32.079] [info] Total compute time 18
[2026-03-15 16:13:32.079] [info] executable layer count 679
[2026-03-15 16:13:32.079] [info] Start layer /blocks.4/Constant_27
[2026-03-15 16:13:32.081] [info] Layer /blocks.4/Constant_27 finish at 117981
[2026-03-15 16:13:32.081] [info] Total compute time 18
[2026-03-15 16:13:32.081] [info] executable layer count 678
[2026-03-15 16:13:32.081] [info] Start layer /blocks.4/Constant_28
[2026-03-15 16:13:32.082] [info] Layer /blocks.4/Constant_28 finish at 118000
[2026-03-15 16:13:32.082] [info] Total compute time 19
[2026-03-15 16:13:32.082] [info] executable layer count 677
[2026-03-15 16:13:32.082] [info] Start layer /blocks.4/Constant_29
[2026-03-15 16:13:32.084] [info] Layer /blocks.4/Constant_29 finish at 118019
[2026-03-15 16:13:32.084] [info] Total compute time 19
[2026-03-15 16:13:32.084] [info] executable layer count 676
[2026-03-15 16:13:32.084] [info] Start layer /Constant_4
[2026-03-15 16:13:32.087] [info] Layer /Constant_4 finish at 118037
[2026-03-15 16:13:32.087] [info] Total compute time 18
[2026-03-15 16:13:32.087] [info] executable layer count 677
[2026-03-15 16:13:32.087] [info] Start layer /blocks.5/Constant
[2026-03-15 16:13:32.089] [info] Layer /blocks.5/Constant finish at 118055
[2026-03-15 16:13:32.089] [info] Total compute time 18
[2026-03-15 16:13:32.089] [info] executable layer count 676
[2026-03-15 16:13:32.089] [info] Start layer /blocks.5/Constant_1
[2026-03-15 16:13:32.091] [info] Layer /blocks.5/Constant_1 finish at 118074
[2026-03-15 16:13:32.091] [info] Total compute time 19
[2026-03-15 16:13:32.091] [info] executable layer count 675
[2026-03-15 16:13:32.091] [info] Start layer /blocks.5/Constant_2
[2026-03-15 16:13:32.092] [info] Layer /blocks.5/Constant_2 finish at 118093
[2026-03-15 16:13:32.092] [info] Total compute time 19
[2026-03-15 16:13:32.092] [info] executable layer count 674
[2026-03-15 16:13:32.092] [info] Start layer /blocks.5/Constant_3
[2026-03-15 16:13:32.094] [info] Layer /blocks.5/Constant_3 finish at 118111
[2026-03-15 16:13:32.094] [info] Total compute time 18
[2026-03-15 16:13:32.094] [info] executable layer count 673
[2026-03-15 16:13:32.094] [info] Start layer /blocks.5/Constant_4
[2026-03-15 16:13:32.096] [info] Layer /blocks.5/Constant_4 finish at 118129
[2026-03-15 16:13:32.096] [info] Total compute time 18
[2026-03-15 16:13:32.096] [info] executable layer count 672
[2026-03-15 16:13:32.096] [info] Start layer /blocks.5/Constant_5
[2026-03-15 16:13:32.098] [info] Layer /blocks.5/Constant_5 finish at 118150
[2026-03-15 16:13:32.098] [info] Total compute time 21
[2026-03-15 16:13:32.098] [info] executable layer count 671
[2026-03-15 16:13:32.098] [info] Start layer /blocks.5/Constant_6
[2026-03-15 16:13:32.099] [info] Layer /blocks.5/Constant_6 finish at 118169
[2026-03-15 16:13:32.099] [info] Total compute time 19
[2026-03-15 16:13:32.099] [info] executable layer count 670
[2026-03-15 16:13:32.099] [info] Start layer /blocks.5/Constant_7
[2026-03-15 16:13:32.101] [info] Layer /blocks.5/Constant_7 finish at 118187
[2026-03-15 16:13:32.101] [info] Total compute time 18
[2026-03-15 16:13:32.101] [info] executable layer count 669
[2026-03-15 16:13:32.101] [info] Start layer /blocks.5/Constant_8
[2026-03-15 16:13:32.105] [info] Layer /blocks.5/Constant_8 finish at 118205
[2026-03-15 16:13:32.105] [info] Total compute time 18
[2026-03-15 16:13:32.105] [info] executable layer count 668
[2026-03-15 16:13:32.105] [info] Start layer /blocks.5/Constant_9
[2026-03-15 16:13:32.108] [info] Layer /blocks.5/Constant_9 finish at 118226
[2026-03-15 16:13:32.108] [info] Total compute time 21
[2026-03-15 16:13:32.108] [info] executable layer count 667
[2026-03-15 16:13:32.108] [info] Start layer /blocks.5/Constant_10
[2026-03-15 16:13:32.111] [info] Layer /blocks.5/Constant_10 finish at 118245
[2026-03-15 16:13:32.111] [info] Total compute time 19
[2026-03-15 16:13:32.111] [info] executable layer count 666
[2026-03-15 16:13:32.111] [info] Start layer /blocks.5/Constant_11
[2026-03-15 16:13:32.114] [info] Layer /blocks.5/Constant_11 finish at 118263
[2026-03-15 16:13:32.114] [info] Total compute time 18
[2026-03-15 16:13:32.114] [info] executable layer count 665
[2026-03-15 16:13:32.114] [info] Start layer /blocks.5/Constant_12
[2026-03-15 16:13:32.116] [info] Layer /blocks.5/Constant_12 finish at 118281
[2026-03-15 16:13:32.116] [info] Total compute time 18
[2026-03-15 16:13:32.116] [info] executable layer count 664
[2026-03-15 16:13:32.116] [info] Start layer /blocks.5/Constant_13
[2026-03-15 16:13:32.117] [info] Layer /blocks.5/Constant_13 finish at 118300
[2026-03-15 16:13:32.117] [info] Total compute time 19
[2026-03-15 16:13:32.117] [info] executable layer count 663
[2026-03-15 16:13:32.117] [info] Start layer /blocks.5/Constant_14
[2026-03-15 16:13:32.119] [info] Layer /blocks.5/Constant_14 finish at 118319
[2026-03-15 16:13:32.119] [info] Total compute time 19
[2026-03-15 16:13:32.119] [info] executable layer count 662
[2026-03-15 16:13:32.119] [info] Start layer /blocks.5/Constant_15
[2026-03-15 16:13:32.121] [info] Layer /blocks.5/Constant_15 finish at 118337
[2026-03-15 16:13:32.121] [info] Total compute time 18
[2026-03-15 16:13:32.121] [info] executable layer count 661
[2026-03-15 16:13:32.121] [info] Start layer /blocks.5/Constant_16
[2026-03-15 16:13:32.123] [info] Layer /blocks.5/Constant_16 finish at 118355
[2026-03-15 16:13:32.123] [info] Total compute time 18
[2026-03-15 16:13:32.123] [info] executable layer count 660
[2026-03-15 16:13:32.123] [info] Start layer /blocks.5/Constant_17
[2026-03-15 16:13:32.125] [info] Layer /blocks.5/Constant_17 finish at 118374
[2026-03-15 16:13:32.125] [info] Total compute time 19
[2026-03-15 16:13:32.125] [info] executable layer count 659
[2026-03-15 16:13:32.125] [info] Start layer /blocks.5/Constant_18
[2026-03-15 16:13:32.127] [info] Layer /blocks.5/Constant_18 finish at 118393
[2026-03-15 16:13:32.127] [info] Total compute time 19
[2026-03-15 16:13:32.127] [info] executable layer count 658
[2026-03-15 16:13:32.127] [info] Start layer /blocks.5/Constant_19
[2026-03-15 16:13:32.128] [info] Layer /blocks.5/Constant_19 finish at 118411
[2026-03-15 16:13:32.128] [info] Total compute time 18
[2026-03-15 16:13:32.128] [info] executable layer count 657
[2026-03-15 16:13:32.128] [info] Start layer /blocks.5/Constant_20
[2026-03-15 16:13:32.130] [info] Layer /blocks.5/Constant_20 finish at 118429
[2026-03-15 16:13:32.130] [info] Total compute time 18
[2026-03-15 16:13:32.138] [info] executable layer count 656
[2026-03-15 16:13:32.138] [info] Start layer /blocks.5/Constant_21
[2026-03-15 16:13:32.140] [info] Layer /blocks.5/Constant_21 finish at 118448
[2026-03-15 16:13:32.140] [info] Total compute time 19
[2026-03-15 16:13:32.140] [info] executable layer count 655
[2026-03-15 16:13:32.140] [info] Start layer /blocks.5/Constant_22
[2026-03-15 16:13:32.141] [info] Layer /blocks.5/Constant_22 finish at 118467
[2026-03-15 16:13:32.141] [info] Total compute time 19
[2026-03-15 16:13:32.141] [info] executable layer count 654
[2026-03-15 16:13:32.141] [info] Start layer /blocks.5/Constant_23
[2026-03-15 16:13:32.142] [info] Layer /blocks.5/Constant_23 finish at 118485
[2026-03-15 16:13:32.142] [info] Total compute time 18
[2026-03-15 16:13:32.142] [info] executable layer count 653
[2026-03-15 16:13:32.142] [info] Start layer /blocks.5/Constant_24
[2026-03-15 16:13:32.144] [info] Layer /blocks.5/Constant_24 finish at 118503
[2026-03-15 16:13:32.144] [info] Total compute time 18
[2026-03-15 16:13:32.144] [info] executable layer count 652
[2026-03-15 16:13:32.144] [info] Start layer /blocks.5/Constant_25
[2026-03-15 16:13:32.145] [info] Layer /blocks.5/Constant_25 finish at 118522
[2026-03-15 16:13:32.145] [info] Total compute time 19
[2026-03-15 16:13:32.145] [info] executable layer count 651
[2026-03-15 16:13:32.145] [info] Start layer /blocks.5/Constant_26
[2026-03-15 16:13:32.147] [info] Layer /blocks.5/Constant_26 finish at 118541
[2026-03-15 16:13:32.147] [info] Total compute time 19
[2026-03-15 16:13:32.147] [info] executable layer count 650
[2026-03-15 16:13:32.147] [info] Start layer /blocks.5/Constant_27
[2026-03-15 16:13:32.149] [info] Layer /blocks.5/Constant_27 finish at 118559
[2026-03-15 16:13:32.149] [info] Total compute time 18
[2026-03-15 16:13:32.149] [info] executable layer count 649
[2026-03-15 16:13:32.149] [info] Start layer /blocks.5/Constant_28
[2026-03-15 16:13:32.150] [info] Layer /blocks.5/Constant_28 finish at 118577
[2026-03-15 16:13:32.150] [info] Total compute time 18
[2026-03-15 16:13:32.150] [info] executable layer count 648
[2026-03-15 16:13:32.150] [info] Start layer /blocks.5/Constant_29
[2026-03-15 16:13:32.152] [info] Layer /blocks.5/Constant_29 finish at 118596
[2026-03-15 16:13:32.152] [info] Total compute time 19
[2026-03-15 16:13:32.152] [info] executable layer count 647
[2026-03-15 16:13:32.152] [info] Start layer /blocks.6/Constant
[2026-03-15 16:13:32.154] [info] Layer /blocks.6/Constant finish at 118615
[2026-03-15 16:13:32.154] [info] Total compute time 19
[2026-03-15 16:13:32.154] [info] executable layer count 646
[2026-03-15 16:13:32.154] [info] Start layer /blocks.6/Constant_1
[2026-03-15 16:13:32.155] [info] Layer /blocks.6/Constant_1 finish at 118633
[2026-03-15 16:13:32.155] [info] Total compute time 18
[2026-03-15 16:13:32.155] [info] executable layer count 645
[2026-03-15 16:13:32.155] [info] Start layer /blocks.6/Constant_2
[2026-03-15 16:13:32.156] [info] Layer /blocks.6/Constant_2 finish at 118651
[2026-03-15 16:13:32.156] [info] Total compute time 18
[2026-03-15 16:13:32.156] [info] executable layer count 644
[2026-03-15 16:13:32.156] [info] Start layer /blocks.6/Constant_3
[2026-03-15 16:13:32.158] [info] Layer /blocks.6/Constant_3 finish at 118670
[2026-03-15 16:13:32.158] [info] Total compute time 19
[2026-03-15 16:13:32.158] [info] executable layer count 643
[2026-03-15 16:13:32.158] [info] Start layer /blocks.6/Constant_4
[2026-03-15 16:13:32.159] [info] Layer /blocks.6/Constant_4 finish at 118689
[2026-03-15 16:13:32.159] [info] Total compute time 19
[2026-03-15 16:13:32.159] [info] executable layer count 642
[2026-03-15 16:13:32.159] [info] Start layer /blocks.6/Constant_5
[2026-03-15 16:13:32.160] [info] Layer /blocks.6/Constant_5 finish at 118707
[2026-03-15 16:13:32.160] [info] Total compute time 18
[2026-03-15 16:13:32.160] [info] executable layer count 641
[2026-03-15 16:13:32.160] [info] Start layer /blocks.6/Constant_6
[2026-03-15 16:13:32.162] [info] Layer /blocks.6/Constant_6 finish at 118725
[2026-03-15 16:13:32.162] [info] Total compute time 18
[2026-03-15 16:13:32.162] [info] executable layer count 640
[2026-03-15 16:13:32.162] [info] Start layer /blocks.6/Constant_7
[2026-03-15 16:13:32.164] [info] Layer /blocks.6/Constant_7 finish at 118744
[2026-03-15 16:13:32.164] [info] Total compute time 19
[2026-03-15 16:13:32.164] [info] executable layer count 639
[2026-03-15 16:13:32.164] [info] Start layer /blocks.6/Constant_8
[2026-03-15 16:13:32.165] [info] Layer /blocks.6/Constant_8 finish at 118763
[2026-03-15 16:13:32.165] [info] Total compute time 19
[2026-03-15 16:13:32.165] [info] executable layer count 638
[2026-03-15 16:13:32.165] [info] Start layer /blocks.6/Constant_9
[2026-03-15 16:13:32.167] [info] Layer /blocks.6/Constant_9 finish at 118781
[2026-03-15 16:13:32.167] [info] Total compute time 18
[2026-03-15 16:13:32.167] [info] executable layer count 637
[2026-03-15 16:13:32.167] [info] Start layer /blocks.6/Constant_10
[2026-03-15 16:13:32.169] [info] Layer /blocks.6/Constant_10 finish at 118799
[2026-03-15 16:13:32.169] [info] Total compute time 18
[2026-03-15 16:13:32.169] [info] executable layer count 636
[2026-03-15 16:13:32.169] [info] Start layer /blocks.6/Constant_11
[2026-03-15 16:13:32.170] [info] Layer /blocks.6/Constant_11 finish at 118818
[2026-03-15 16:13:32.170] [info] Total compute time 19
[2026-03-15 16:13:32.170] [info] executable layer count 635
[2026-03-15 16:13:32.170] [info] Start layer /blocks.6/Constant_12
[2026-03-15 16:13:32.172] [info] Layer /blocks.6/Constant_12 finish at 118837
[2026-03-15 16:13:32.172] [info] Total compute time 19
[2026-03-15 16:13:32.172] [info] executable layer count 634
[2026-03-15 16:13:32.172] [info] Start layer /blocks.6/Constant_13
[2026-03-15 16:13:32.173] [info] Layer /blocks.6/Constant_13 finish at 118855
[2026-03-15 16:13:32.173] [info] Total compute time 18
[2026-03-15 16:13:32.173] [info] executable layer count 633
[2026-03-15 16:13:32.173] [info] Start layer /blocks.6/Constant_14
[2026-03-15 16:13:32.174] [info] Layer /blocks.6/Constant_14 finish at 118873
[2026-03-15 16:13:32.174] [info] Total compute time 18
[2026-03-15 16:13:32.174] [info] executable layer count 632
[2026-03-15 16:13:32.174] [info] Start layer /blocks.6/Constant_15
[2026-03-15 16:13:32.176] [info] Layer /blocks.6/Constant_15 finish at 118892
[2026-03-15 16:13:32.176] [info] Total compute time 19
[2026-03-15 16:13:32.176] [info] executable layer count 631
[2026-03-15 16:13:32.176] [info] Start layer /blocks.6/Constant_16
[2026-03-15 16:13:32.177] [info] Layer /blocks.6/Constant_16 finish at 118911
[2026-03-15 16:13:32.177] [info] Total compute time 19
[2026-03-15 16:13:32.177] [info] executable layer count 630
[2026-03-15 16:13:32.177] [info] Start layer /blocks.6/Constant_17
[2026-03-15 16:13:32.179] [info] Layer /blocks.6/Constant_17 finish at 118929
[2026-03-15 16:13:32.179] [info] Total compute time 18
[2026-03-15 16:13:32.179] [info] executable layer count 629
[2026-03-15 16:13:32.179] [info] Start layer /blocks.6/Constant_18
[2026-03-15 16:13:32.181] [info] Layer /blocks.6/Constant_18 finish at 118947
[2026-03-15 16:13:32.181] [info] Total compute time 18
[2026-03-15 16:13:32.181] [info] executable layer count 628
[2026-03-15 16:13:32.181] [info] Start layer /blocks.6/Constant_19
[2026-03-15 16:13:32.182] [info] Layer /blocks.6/Constant_19 finish at 118966
[2026-03-15 16:13:32.182] [info] Total compute time 19
[2026-03-15 16:13:32.182] [info] executable layer count 627
[2026-03-15 16:13:32.182] [info] Start layer /blocks.6/Constant_20
[2026-03-15 16:13:32.184] [info] Layer /blocks.6/Constant_20 finish at 118985
[2026-03-15 16:13:32.184] [info] Total compute time 19
[2026-03-15 16:13:32.184] [info] executable layer count 626
[2026-03-15 16:13:32.184] [info] Start layer /blocks.6/Constant_21
[2026-03-15 16:13:32.186] [info] Layer /blocks.6/Constant_21 finish at 119003
[2026-03-15 16:13:32.186] [info] Total compute time 18
[2026-03-15 16:13:32.186] [info] executable layer count 625
[2026-03-15 16:13:32.186] [info] Start layer /blocks.6/Constant_22
[2026-03-15 16:13:32.187] [info] Layer /blocks.6/Constant_22 finish at 119021
[2026-03-15 16:13:32.187] [info] Total compute time 18
[2026-03-15 16:13:32.187] [info] executable layer count 624
[2026-03-15 16:13:32.187] [info] Start layer /blocks.6/Constant_23
[2026-03-15 16:13:32.189] [info] Layer /blocks.6/Constant_23 finish at 119040
[2026-03-15 16:13:32.189] [info] Total compute time 19
[2026-03-15 16:13:32.189] [info] executable layer count 623
[2026-03-15 16:13:32.189] [info] Start layer /blocks.6/Constant_24
[2026-03-15 16:13:32.190] [info] Layer /blocks.6/Constant_24 finish at 119059
[2026-03-15 16:13:32.190] [info] Total compute time 19
[2026-03-15 16:13:32.190] [info] executable layer count 622
[2026-03-15 16:13:32.190] [info] Start layer /blocks.6/Constant_25
[2026-03-15 16:13:32.192] [info] Layer /blocks.6/Constant_25 finish at 119077
[2026-03-15 16:13:32.192] [info] Total compute time 18
[2026-03-15 16:13:32.192] [info] executable layer count 621
[2026-03-15 16:13:32.192] [info] Start layer /blocks.6/Constant_26
[2026-03-15 16:13:32.193] [info] Layer /blocks.6/Constant_26 finish at 119095
[2026-03-15 16:13:32.193] [info] Total compute time 18
[2026-03-15 16:13:32.193] [info] executable layer count 620
[2026-03-15 16:13:32.193] [info] Start layer /blocks.6/Constant_27
[2026-03-15 16:13:32.194] [info] Layer /blocks.6/Constant_27 finish at 119114
[2026-03-15 16:13:32.194] [info] Total compute time 19
[2026-03-15 16:13:32.194] [info] executable layer count 619
[2026-03-15 16:13:32.194] [info] Start layer /blocks.6/Constant_28
[2026-03-15 16:13:32.196] [info] Layer /blocks.6/Constant_28 finish at 119133
[2026-03-15 16:13:32.196] [info] Total compute time 19
[2026-03-15 16:13:32.196] [info] executable layer count 618
[2026-03-15 16:13:32.196] [info] Start layer /blocks.6/Constant_29
[2026-03-15 16:13:32.198] [info] Layer /blocks.6/Constant_29 finish at 119151
[2026-03-15 16:13:32.198] [info] Total compute time 18
[2026-03-15 16:13:32.198] [info] executable layer count 617
[2026-03-15 16:13:32.198] [info] Start layer /Constant_5
[2026-03-15 16:13:32.200] [info] Layer /Constant_5 finish at 119169
[2026-03-15 16:13:32.200] [info] Total compute time 18
[2026-03-15 16:13:32.200] [info] executable layer count 618
[2026-03-15 16:13:32.200] [info] Start layer /blocks.7/Constant
[2026-03-15 16:13:32.203] [info] Layer /blocks.7/Constant finish at 119188
[2026-03-15 16:13:32.203] [info] Total compute time 19
[2026-03-15 16:13:32.203] [info] executable layer count 617
[2026-03-15 16:13:32.203] [info] Start layer /blocks.7/Constant_1
[2026-03-15 16:13:32.204] [info] Layer /blocks.7/Constant_1 finish at 119207
[2026-03-15 16:13:32.204] [info] Total compute time 19
[2026-03-15 16:13:32.204] [info] executable layer count 616
[2026-03-15 16:13:32.204] [info] Start layer /blocks.7/Constant_2
[2026-03-15 16:13:32.206] [info] Layer /blocks.7/Constant_2 finish at 119225
[2026-03-15 16:13:32.206] [info] Total compute time 18
[2026-03-15 16:13:32.206] [info] executable layer count 615
[2026-03-15 16:13:32.206] [info] Start layer /blocks.7/Constant_3
[2026-03-15 16:13:32.207] [info] Layer /blocks.7/Constant_3 finish at 119245
[2026-03-15 16:13:32.207] [info] Total compute time 20
[2026-03-15 16:13:32.207] [info] executable layer count 614
[2026-03-15 16:13:32.207] [info] Start layer /blocks.7/Constant_4
[2026-03-15 16:13:32.208] [info] Layer /blocks.7/Constant_4 finish at 119264
[2026-03-15 16:13:32.208] [info] Total compute time 19
[2026-03-15 16:13:32.208] [info] executable layer count 613
[2026-03-15 16:13:32.208] [info] Start layer /blocks.7/Constant_5
[2026-03-15 16:13:32.210] [info] Layer /blocks.7/Constant_5 finish at 119283
[2026-03-15 16:13:32.210] [info] Total compute time 19
[2026-03-15 16:13:32.210] [info] executable layer count 612
[2026-03-15 16:13:32.210] [info] Start layer /blocks.7/Constant_6
[2026-03-15 16:13:32.211] [info] Layer /blocks.7/Constant_6 finish at 119301
[2026-03-15 16:13:32.211] [info] Total compute time 18
[2026-03-15 16:13:32.211] [info] executable layer count 611
[2026-03-15 16:13:32.211] [info] Start layer /blocks.7/Constant_7
[2026-03-15 16:13:32.213] [info] Layer /blocks.7/Constant_7 finish at 119319
[2026-03-15 16:13:32.213] [info] Total compute time 18
[2026-03-15 16:13:32.213] [info] executable layer count 610
[2026-03-15 16:13:32.213] [info] Start layer /blocks.7/Constant_8
[2026-03-15 16:13:32.215] [info] Layer /blocks.7/Constant_8 finish at 119339
[2026-03-15 16:13:32.215] [info] Total compute time 20
[2026-03-15 16:13:32.215] [info] executable layer count 609
[2026-03-15 16:13:32.215] [info] Start layer /blocks.7/Constant_9
[2026-03-15 16:13:32.216] [info] Layer /blocks.7/Constant_9 finish at 119358
[2026-03-15 16:13:32.216] [info] Total compute time 19
[2026-03-15 16:13:32.216] [info] executable layer count 608
[2026-03-15 16:13:32.216] [info] Start layer /blocks.7/Constant_10
[2026-03-15 16:13:32.218] [info] Layer /blocks.7/Constant_10 finish at 119376
[2026-03-15 16:13:32.218] [info] Total compute time 18
[2026-03-15 16:13:32.218] [info] executable layer count 607
[2026-03-15 16:13:32.218] [info] Start layer /blocks.7/Constant_11
[2026-03-15 16:13:32.220] [info] Layer /blocks.7/Constant_11 finish at 119394
[2026-03-15 16:13:32.220] [info] Total compute time 18
[2026-03-15 16:13:32.220] [info] executable layer count 606
[2026-03-15 16:13:32.220] [info] Start layer /blocks.7/Constant_12
[2026-03-15 16:13:32.221] [info] Layer /blocks.7/Constant_12 finish at 119413
[2026-03-15 16:13:32.221] [info] Total compute time 19
[2026-03-15 16:13:32.221] [info] executable layer count 605
[2026-03-15 16:13:32.221] [info] Start layer /blocks.7/Constant_13
[2026-03-15 16:13:32.222] [info] Layer /blocks.7/Constant_13 finish at 119432
[2026-03-15 16:13:32.222] [info] Total compute time 19
[2026-03-15 16:13:32.222] [info] executable layer count 604
[2026-03-15 16:13:32.222] [info] Start layer /blocks.7/Constant_14
[2026-03-15 16:13:32.224] [info] Layer /blocks.7/Constant_14 finish at 119450
[2026-03-15 16:13:32.224] [info] Total compute time 18
[2026-03-15 16:13:32.224] [info] executable layer count 603
[2026-03-15 16:13:32.224] [info] Start layer /blocks.7/Constant_15
[2026-03-15 16:13:32.225] [info] Layer /blocks.7/Constant_15 finish at 119470
[2026-03-15 16:13:32.225] [info] Total compute time 20
[2026-03-15 16:13:32.225] [info] executable layer count 602
[2026-03-15 16:13:32.225] [info] Start layer /blocks.7/Constant_16
[2026-03-15 16:13:32.227] [info] Layer /blocks.7/Constant_16 finish at 119489
[2026-03-15 16:13:32.227] [info] Total compute time 19
[2026-03-15 16:13:32.227] [info] executable layer count 601
[2026-03-15 16:13:32.227] [info] Start layer /blocks.7/Constant_17
[2026-03-15 16:13:32.229] [info] Layer /blocks.7/Constant_17 finish at 119513
[2026-03-15 16:13:32.229] [info] Total compute time 24
[2026-03-15 16:13:32.229] [info] executable layer count 600
[2026-03-15 16:13:32.229] [info] Start layer /blocks.7/Constant_18
[2026-03-15 16:13:32.230] [info] Layer /blocks.7/Constant_18 finish at 119531
[2026-03-15 16:13:32.230] [info] Total compute time 18
[2026-03-15 16:13:32.230] [info] executable layer count 599
[2026-03-15 16:13:32.230] [info] Start layer /blocks.7/Constant_19
[2026-03-15 16:13:32.232] [info] Layer /blocks.7/Constant_19 finish at 119549
[2026-03-15 16:13:32.232] [info] Total compute time 18
[2026-03-15 16:13:32.232] [info] executable layer count 598
[2026-03-15 16:13:32.232] [info] Start layer /blocks.7/Constant_20
[2026-03-15 16:13:32.233] [info] Layer /blocks.7/Constant_20 finish at 119568
[2026-03-15 16:13:32.233] [info] Total compute time 19
[2026-03-15 16:13:32.233] [info] executable layer count 597
[2026-03-15 16:13:32.233] [info] Start layer /blocks.7/Constant_21
[2026-03-15 16:13:32.236] [info] Layer /blocks.7/Constant_21 finish at 119587
[2026-03-15 16:13:32.236] [info] Total compute time 19
[2026-03-15 16:13:32.236] [info] executable layer count 596
[2026-03-15 16:13:32.236] [info] Start layer /blocks.7/Constant_22
[2026-03-15 16:13:32.237] [info] Layer /blocks.7/Constant_22 finish at 119605
[2026-03-15 16:13:32.237] [info] Total compute time 18
[2026-03-15 16:13:32.237] [info] executable layer count 595
[2026-03-15 16:13:32.237] [info] Start layer /blocks.7/Constant_23
[2026-03-15 16:13:32.238] [info] Layer /blocks.7/Constant_23 finish at 119623
[2026-03-15 16:13:32.238] [info] Total compute time 18
[2026-03-15 16:13:32.239] [info] executable layer count 594
[2026-03-15 16:13:32.239] [info] Start layer /blocks.7/Constant_24
[2026-03-15 16:13:32.240] [info] Layer /blocks.7/Constant_24 finish at 119642
[2026-03-15 16:13:32.240] [info] Total compute time 19
[2026-03-15 16:13:32.240] [info] executable layer count 593
[2026-03-15 16:13:32.240] [info] Start layer /blocks.7/Constant_25
[2026-03-15 16:13:32.241] [info] Layer /blocks.7/Constant_25 finish at 119661
[2026-03-15 16:13:32.241] [info] Total compute time 19
[2026-03-15 16:13:32.241] [info] executable layer count 592
[2026-03-15 16:13:32.241] [info] Start layer /blocks.7/Constant_26
[2026-03-15 16:13:32.243] [info] Layer /blocks.7/Constant_26 finish at 119679
[2026-03-15 16:13:32.243] [info] Total compute time 18
[2026-03-15 16:13:32.243] [info] executable layer count 591
[2026-03-15 16:13:32.243] [info] Start layer /blocks.7/Constant_27
[2026-03-15 16:13:32.244] [info] Layer /blocks.7/Constant_27 finish at 119697
[2026-03-15 16:13:32.244] [info] Total compute time 18
[2026-03-15 16:13:32.244] [info] executable layer count 590
[2026-03-15 16:13:32.244] [info] Start layer /blocks.7/Constant_28
[2026-03-15 16:13:32.246] [info] Layer /blocks.7/Constant_28 finish at 119716
[2026-03-15 16:13:32.246] [info] Total compute time 19
[2026-03-15 16:13:32.246] [info] executable layer count 589
[2026-03-15 16:13:32.246] [info] Start layer /blocks.7/Constant_29
[2026-03-15 16:13:32.248] [info] Layer /blocks.7/Constant_29 finish at 119735
[2026-03-15 16:13:32.248] [info] Total compute time 19
[2026-03-15 16:13:32.248] [info] executable layer count 588
[2026-03-15 16:13:32.248] [info] Start layer /Constant_6
[2026-03-15 16:13:32.249] [info] Layer /Constant_6 finish at 119753
[2026-03-15 16:13:32.249] [info] Total compute time 18
[2026-03-15 16:13:32.249] [info] executable layer count 589
[2026-03-15 16:13:32.249] [info] Start layer /blocks.8/Constant
[2026-03-15 16:13:32.251] [info] Layer /blocks.8/Constant finish at 119771
[2026-03-15 16:13:32.251] [info] Total compute time 18
[2026-03-15 16:13:32.251] [info] executable layer count 588
[2026-03-15 16:13:32.251] [info] Start layer /blocks.8/Constant_1
[2026-03-15 16:13:32.253] [info] Layer /blocks.8/Constant_1 finish at 119790
[2026-03-15 16:13:32.253] [info] Total compute time 19
[2026-03-15 16:13:32.253] [info] executable layer count 587
[2026-03-15 16:13:32.253] [info] Start layer /blocks.8/Constant_2
[2026-03-15 16:13:32.254] [info] Layer /blocks.8/Constant_2 finish at 119809
[2026-03-15 16:13:32.254] [info] Total compute time 19
[2026-03-15 16:13:32.255] [info] executable layer count 586
[2026-03-15 16:13:32.255] [info] Start layer /blocks.8/Constant_3
[2026-03-15 16:13:32.256] [info] Layer /blocks.8/Constant_3 finish at 119827
[2026-03-15 16:13:32.256] [info] Total compute time 18
[2026-03-15 16:13:32.256] [info] executable layer count 585
[2026-03-15 16:13:32.256] [info] Start layer /blocks.8/Constant_4
[2026-03-15 16:13:32.257] [info] Layer /blocks.8/Constant_4 finish at 119845
[2026-03-15 16:13:32.257] [info] Total compute time 18
[2026-03-15 16:13:32.257] [info] executable layer count 584
[2026-03-15 16:13:32.257] [info] Start layer /blocks.8/Constant_5
[2026-03-15 16:13:32.259] [info] Layer /blocks.8/Constant_5 finish at 119864
[2026-03-15 16:13:32.259] [info] Total compute time 19
[2026-03-15 16:13:32.259] [info] executable layer count 583
[2026-03-15 16:13:32.259] [info] Start layer /blocks.8/Constant_6
[2026-03-15 16:13:32.260] [info] Layer /blocks.8/Constant_6 finish at 119883
[2026-03-15 16:13:32.260] [info] Total compute time 19
[2026-03-15 16:13:32.260] [info] executable layer count 582
[2026-03-15 16:13:32.260] [info] Start layer /blocks.8/Constant_7
[2026-03-15 16:13:32.262] [info] Layer /blocks.8/Constant_7 finish at 119901
[2026-03-15 16:13:32.262] [info] Total compute time 18
[2026-03-15 16:13:32.262] [info] executable layer count 581
[2026-03-15 16:13:32.262] [info] Start layer /blocks.8/Constant_8
[2026-03-15 16:13:32.264] [info] Layer /blocks.8/Constant_8 finish at 119919
[2026-03-15 16:13:32.264] [info] Total compute time 18
[2026-03-15 16:13:32.264] [info] executable layer count 580
[2026-03-15 16:13:32.264] [info] Start layer /blocks.8/Constant_9
[2026-03-15 16:13:32.265] [info] Layer /blocks.8/Constant_9 finish at 119938
[2026-03-15 16:13:32.265] [info] Total compute time 19
[2026-03-15 16:13:32.265] [info] executable layer count 579
[2026-03-15 16:13:32.265] [info] Start layer /blocks.8/Constant_10
[2026-03-15 16:13:32.266] [info] HBM2-CH_0: BW utilization 15% (1349 reads, 129 writes)
[2026-03-15 16:13:32.266] [info] Layer /blocks.8/Constant_10 finish at 119957
[2026-03-15 16:13:32.266] [info] Total compute time 19
[2026-03-15 16:13:32.266] [info] executable layer count 578
[2026-03-15 16:13:32.266] [info] Start layer /blocks.8/Constant_11
[2026-03-15 16:13:32.269] [info] Layer /blocks.8/Constant_11 finish at 119975
[2026-03-15 16:13:32.269] [info] Total compute time 18
[2026-03-15 16:13:32.269] [info] executable layer count 577
[2026-03-15 16:13:32.269] [info] Start layer /blocks.8/Constant_12
[2026-03-15 16:13:32.271] [info] Layer /blocks.8/Constant_12 finish at 119996
[2026-03-15 16:13:32.271] [info] Total compute time 21
[2026-03-15 16:13:32.271] [info] executable layer count 576
[2026-03-15 16:13:32.271] [info] Start layer /blocks.8/Constant_13
[2026-03-15 16:13:32.271] [info] Core [0] Tile Stats | Issued: 139 Running: 0 Finished: 139
[2026-03-15 16:13:32.271] [info] cycle: [120000]
[2026-03-15 16:13:32.271] [info] Tile  status /blocks.8/Constant_13, instructions left 1
[2026-03-15 16:13:32.271] [info] Core [1] Tile Stats | Issued: 140 Running: 1 Finished: 139
[2026-03-15 16:13:32.271] [info] cycle: [120000]
[2026-03-15 16:13:32.272] [info] Core [2] Tile Stats | Issued: 139 Running: 0 Finished: 139
[2026-03-15 16:13:32.272] [info] cycle: [120000]
[2026-03-15 16:13:32.272] [info] Core [3] Tile Stats | Issued: 140 Running: 0 Finished: 140
[2026-03-15 16:13:32.272] [info] cycle: [120000]
[2026-03-15 16:13:32.273] [info] Layer /blocks.8/Constant_13 finish at 120015
[2026-03-15 16:13:32.273] [info] Total compute time 19
[2026-03-15 16:13:32.273] [info] executable layer count 575
[2026-03-15 16:13:32.273] [info] Start layer /blocks.8/Constant_14
[2026-03-15 16:13:32.275] [info] Layer /blocks.8/Constant_14 finish at 120034
[2026-03-15 16:13:32.275] [info] Total compute time 19
[2026-03-15 16:13:32.275] [info] executable layer count 574
[2026-03-15 16:13:32.275] [info] Start layer /blocks.8/Constant_15
[2026-03-15 16:13:32.277] [info] Layer /blocks.8/Constant_15 finish at 120052
[2026-03-15 16:13:32.277] [info] Total compute time 18
[2026-03-15 16:13:32.277] [info] executable layer count 573
[2026-03-15 16:13:32.277] [info] Start layer /blocks.8/Constant_16
[2026-03-15 16:13:32.278] [info] Layer /blocks.8/Constant_16 finish at 120070
[2026-03-15 16:13:32.278] [info] Total compute time 18
[2026-03-15 16:13:32.279] [info] executable layer count 572
[2026-03-15 16:13:32.279] [info] Start layer /blocks.8/Constant_17
[2026-03-15 16:13:32.280] [info] Layer /blocks.8/Constant_17 finish at 120089
[2026-03-15 16:13:32.280] [info] Total compute time 19
[2026-03-15 16:13:32.280] [info] executable layer count 571
[2026-03-15 16:13:32.280] [info] Start layer /blocks.8/Constant_18
[2026-03-15 16:13:32.282] [info] Layer /blocks.8/Constant_18 finish at 120108
[2026-03-15 16:13:32.282] [info] Total compute time 19
[2026-03-15 16:13:32.282] [info] executable layer count 570
[2026-03-15 16:13:32.282] [info] Start layer /blocks.8/Constant_19
[2026-03-15 16:13:32.283] [info] Layer /blocks.8/Constant_19 finish at 120126
[2026-03-15 16:13:32.283] [info] Total compute time 18
[2026-03-15 16:13:32.283] [info] executable layer count 569
[2026-03-15 16:13:32.283] [info] Start layer /blocks.8/Constant_20
[2026-03-15 16:13:32.285] [info] Layer /blocks.8/Constant_20 finish at 120144
[2026-03-15 16:13:32.285] [info] Total compute time 18
[2026-03-15 16:13:32.285] [info] executable layer count 568
[2026-03-15 16:13:32.285] [info] Start layer /blocks.8/Constant_21
[2026-03-15 16:13:32.287] [info] Layer /blocks.8/Constant_21 finish at 120163
[2026-03-15 16:13:32.287] [info] Total compute time 19
[2026-03-15 16:13:32.287] [info] executable layer count 567
[2026-03-15 16:13:32.287] [info] Start layer /blocks.8/Constant_22
[2026-03-15 16:13:32.288] [info] Layer /blocks.8/Constant_22 finish at 120182
[2026-03-15 16:13:32.288] [info] Total compute time 19
[2026-03-15 16:13:32.288] [info] executable layer count 566
[2026-03-15 16:13:32.288] [info] Start layer /blocks.8/Constant_23
[2026-03-15 16:13:32.290] [info] Layer /blocks.8/Constant_23 finish at 120200
[2026-03-15 16:13:32.290] [info] Total compute time 18
[2026-03-15 16:13:32.290] [info] executable layer count 565
[2026-03-15 16:13:32.290] [info] Start layer /blocks.8/Constant_24
[2026-03-15 16:13:32.291] [info] Layer /blocks.8/Constant_24 finish at 120218
[2026-03-15 16:13:32.291] [info] Total compute time 18
[2026-03-15 16:13:32.291] [info] executable layer count 564
[2026-03-15 16:13:32.291] [info] Start layer /blocks.8/Constant_25
[2026-03-15 16:13:32.293] [info] Layer /blocks.8/Constant_25 finish at 120237
[2026-03-15 16:13:32.293] [info] Total compute time 19
[2026-03-15 16:13:32.293] [info] executable layer count 563
[2026-03-15 16:13:32.293] [info] Start layer /blocks.8/Constant_26
[2026-03-15 16:13:32.294] [info] Layer /blocks.8/Constant_26 finish at 120256
[2026-03-15 16:13:32.294] [info] Total compute time 19
[2026-03-15 16:13:32.294] [info] executable layer count 562
[2026-03-15 16:13:32.294] [info] Start layer /blocks.8/Constant_27
[2026-03-15 16:13:32.295] [info] Layer /blocks.8/Constant_27 finish at 120274
[2026-03-15 16:13:32.295] [info] Total compute time 18
[2026-03-15 16:13:32.295] [info] executable layer count 561
[2026-03-15 16:13:32.295] [info] Start layer /blocks.8/Constant_28
[2026-03-15 16:13:32.298] [info] Layer /blocks.8/Constant_28 finish at 120295
[2026-03-15 16:13:32.298] [info] Total compute time 21
[2026-03-15 16:13:32.298] [info] executable layer count 560
[2026-03-15 16:13:32.298] [info] Start layer /blocks.8/Constant_29
[2026-03-15 16:13:32.299] [info] Layer /blocks.8/Constant_29 finish at 120314
[2026-03-15 16:13:32.299] [info] Total compute time 19
[2026-03-15 16:13:32.299] [info] executable layer count 559
[2026-03-15 16:13:32.299] [info] Start layer /Constant_7
[2026-03-15 16:13:32.301] [info] Layer /Constant_7 finish at 120333
[2026-03-15 16:13:32.301] [info] Total compute time 19
[2026-03-15 16:13:32.301] [info] executable layer count 560
[2026-03-15 16:13:32.301] [info] Start layer /blocks.9/Constant
[2026-03-15 16:13:32.303] [info] Layer /blocks.9/Constant finish at 120351
[2026-03-15 16:13:32.303] [info] Total compute time 18
[2026-03-15 16:13:32.303] [info] executable layer count 559
[2026-03-15 16:13:32.303] [info] Start layer /blocks.9/Constant_1
[2026-03-15 16:13:32.305] [info] Layer /blocks.9/Constant_1 finish at 120369
[2026-03-15 16:13:32.305] [info] Total compute time 18
[2026-03-15 16:13:32.305] [info] executable layer count 558
[2026-03-15 16:13:32.305] [info] Start layer /blocks.9/Constant_2
[2026-03-15 16:13:32.306] [info] Layer /blocks.9/Constant_2 finish at 120388
[2026-03-15 16:13:32.306] [info] Total compute time 19
[2026-03-15 16:13:32.306] [info] executable layer count 557
[2026-03-15 16:13:32.306] [info] Start layer /blocks.9/Constant_3
[2026-03-15 16:13:32.307] [info] Layer /blocks.9/Constant_3 finish at 120407
[2026-03-15 16:13:32.307] [info] Total compute time 19
[2026-03-15 16:13:32.307] [info] executable layer count 556
[2026-03-15 16:13:32.307] [info] Start layer /blocks.9/Constant_4
[2026-03-15 16:13:32.309] [info] Layer /blocks.9/Constant_4 finish at 120425
[2026-03-15 16:13:32.309] [info] Total compute time 18
[2026-03-15 16:13:32.309] [info] executable layer count 555
[2026-03-15 16:13:32.309] [info] Start layer /blocks.9/Constant_5
[2026-03-15 16:13:32.310] [info] Layer /blocks.9/Constant_5 finish at 120443
[2026-03-15 16:13:32.310] [info] Total compute time 18
[2026-03-15 16:13:32.310] [info] executable layer count 554
[2026-03-15 16:13:32.310] [info] Start layer /blocks.9/Constant_6
[2026-03-15 16:13:32.312] [info] Layer /blocks.9/Constant_6 finish at 120462
[2026-03-15 16:13:32.312] [info] Total compute time 19
[2026-03-15 16:13:32.312] [info] executable layer count 553
[2026-03-15 16:13:32.312] [info] Start layer /blocks.9/Constant_7
[2026-03-15 16:13:32.314] [info] Layer /blocks.9/Constant_7 finish at 120481
[2026-03-15 16:13:32.314] [info] Total compute time 19
[2026-03-15 16:13:32.314] [info] executable layer count 552
[2026-03-15 16:13:32.314] [info] Start layer /blocks.9/Constant_8
[2026-03-15 16:13:32.315] [info] Layer /blocks.9/Constant_8 finish at 120501
[2026-03-15 16:13:32.315] [info] Total compute time 20
[2026-03-15 16:13:32.315] [info] executable layer count 551
[2026-03-15 16:13:32.315] [info] Start layer /blocks.9/Constant_9
[2026-03-15 16:13:32.317] [info] Layer /blocks.9/Constant_9 finish at 120519
[2026-03-15 16:13:32.317] [info] Total compute time 18
[2026-03-15 16:13:32.317] [info] executable layer count 550
[2026-03-15 16:13:32.317] [info] Start layer /blocks.9/Constant_10
[2026-03-15 16:13:32.319] [info] Layer /blocks.9/Constant_10 finish at 120538
[2026-03-15 16:13:32.319] [info] Total compute time 19
[2026-03-15 16:13:32.319] [info] executable layer count 549
[2026-03-15 16:13:32.319] [info] Start layer /blocks.9/Constant_11
[2026-03-15 16:13:32.321] [info] Layer /blocks.9/Constant_11 finish at 120557
[2026-03-15 16:13:32.321] [info] Total compute time 19
[2026-03-15 16:13:32.321] [info] executable layer count 548
[2026-03-15 16:13:32.321] [info] Start layer /blocks.9/Constant_12
[2026-03-15 16:13:32.322] [info] Layer /blocks.9/Constant_12 finish at 120575
[2026-03-15 16:13:32.322] [info] Total compute time 18
[2026-03-15 16:13:32.322] [info] executable layer count 547
[2026-03-15 16:13:32.322] [info] Start layer /blocks.9/Constant_13
[2026-03-15 16:13:32.323] [info] Layer /blocks.9/Constant_13 finish at 120593
[2026-03-15 16:13:32.323] [info] Total compute time 18
[2026-03-15 16:13:32.323] [info] executable layer count 546
[2026-03-15 16:13:32.323] [info] Start layer /blocks.9/Constant_14
[2026-03-15 16:13:32.325] [info] Layer /blocks.9/Constant_14 finish at 120612
[2026-03-15 16:13:32.325] [info] Total compute time 19
[2026-03-15 16:13:32.325] [info] executable layer count 545
[2026-03-15 16:13:32.325] [info] Start layer /blocks.9/Constant_15
[2026-03-15 16:13:32.326] [info] Layer /blocks.9/Constant_15 finish at 120631
[2026-03-15 16:13:32.326] [info] Total compute time 19
[2026-03-15 16:13:32.326] [info] executable layer count 544
[2026-03-15 16:13:32.326] [info] Start layer /blocks.9/Constant_16
[2026-03-15 16:13:32.328] [info] Layer /blocks.9/Constant_16 finish at 120649
[2026-03-15 16:13:32.328] [info] Total compute time 18
[2026-03-15 16:13:32.328] [info] executable layer count 543
[2026-03-15 16:13:32.328] [info] Start layer /blocks.9/Constant_17
[2026-03-15 16:13:32.330] [info] Layer /blocks.9/Constant_17 finish at 120667
[2026-03-15 16:13:32.330] [info] Total compute time 18
[2026-03-15 16:13:32.330] [info] executable layer count 542
[2026-03-15 16:13:32.330] [info] Start layer /blocks.9/Constant_18
[2026-03-15 16:13:32.332] [info] Layer /blocks.9/Constant_18 finish at 120686
[2026-03-15 16:13:32.332] [info] Total compute time 19
[2026-03-15 16:13:32.332] [info] executable layer count 541
[2026-03-15 16:13:32.332] [info] Start layer /blocks.9/Constant_19
[2026-03-15 16:13:32.333] [info] Layer /blocks.9/Constant_19 finish at 120705
[2026-03-15 16:13:32.333] [info] Total compute time 19
[2026-03-15 16:13:32.333] [info] executable layer count 540
[2026-03-15 16:13:32.333] [info] Start layer /blocks.9/Constant_20
[2026-03-15 16:13:32.335] [info] Layer /blocks.9/Constant_20 finish at 120723
[2026-03-15 16:13:32.335] [info] Total compute time 18
[2026-03-15 16:13:32.335] [info] executable layer count 539
[2026-03-15 16:13:32.335] [info] Start layer /blocks.9/Constant_21
[2026-03-15 16:13:32.337] [info] Layer /blocks.9/Constant_21 finish at 120741
[2026-03-15 16:13:32.337] [info] Total compute time 18
[2026-03-15 16:13:32.337] [info] executable layer count 538
[2026-03-15 16:13:32.337] [info] Start layer /blocks.9/Constant_22
[2026-03-15 16:13:32.338] [info] Layer /blocks.9/Constant_22 finish at 120760
[2026-03-15 16:13:32.338] [info] Total compute time 19
[2026-03-15 16:13:32.338] [info] executable layer count 537
[2026-03-15 16:13:32.338] [info] Start layer /blocks.9/Constant_23
[2026-03-15 16:13:32.340] [info] Layer /blocks.9/Constant_23 finish at 120779
[2026-03-15 16:13:32.340] [info] Total compute time 19
[2026-03-15 16:13:32.340] [info] executable layer count 536
[2026-03-15 16:13:32.340] [info] Start layer /blocks.9/Constant_24
[2026-03-15 16:13:32.342] [info] Layer /blocks.9/Constant_24 finish at 120797
[2026-03-15 16:13:32.342] [info] Total compute time 18
[2026-03-15 16:13:32.342] [info] executable layer count 535
[2026-03-15 16:13:32.342] [info] Start layer /blocks.9/Constant_25
[2026-03-15 16:13:32.343] [info] Layer /blocks.9/Constant_25 finish at 120815
[2026-03-15 16:13:32.343] [info] Total compute time 18
[2026-03-15 16:13:32.343] [info] executable layer count 534
[2026-03-15 16:13:32.343] [info] Start layer /blocks.9/Constant_26
[2026-03-15 16:13:32.344] [info] Layer /blocks.9/Constant_26 finish at 120834
[2026-03-15 16:13:32.344] [info] Total compute time 19
[2026-03-15 16:13:32.344] [info] executable layer count 533
[2026-03-15 16:13:32.344] [info] Start layer /blocks.9/Constant_27
[2026-03-15 16:13:32.346] [info] Layer /blocks.9/Constant_27 finish at 120853
[2026-03-15 16:13:32.346] [info] Total compute time 19
[2026-03-15 16:13:32.346] [info] executable layer count 532
[2026-03-15 16:13:32.346] [info] Start layer /blocks.9/Constant_28
[2026-03-15 16:13:32.348] [info] Layer /blocks.9/Constant_28 finish at 120871
[2026-03-15 16:13:32.348] [info] Total compute time 18
[2026-03-15 16:13:32.348] [info] executable layer count 531
[2026-03-15 16:13:32.348] [info] Start layer /blocks.9/Constant_29
[2026-03-15 16:13:32.349] [info] Layer /blocks.9/Constant_29 finish at 120889
[2026-03-15 16:13:32.349] [info] Total compute time 18
[2026-03-15 16:13:32.349] [info] executable layer count 530
[2026-03-15 16:13:32.349] [info] Start layer /Constant_8
[2026-03-15 16:13:32.351] [info] Layer /Constant_8 finish at 120908
[2026-03-15 16:13:32.351] [info] Total compute time 19
[2026-03-15 16:13:32.351] [info] executable layer count 531
[2026-03-15 16:13:32.351] [info] Start layer /blocks.10/Constant
[2026-03-15 16:13:32.353] [info] Layer /blocks.10/Constant finish at 120927
[2026-03-15 16:13:32.353] [info] Total compute time 19
[2026-03-15 16:13:32.353] [info] executable layer count 530
[2026-03-15 16:13:32.353] [info] Start layer /blocks.10/Constant_1
[2026-03-15 16:13:32.354] [info] Layer /blocks.10/Constant_1 finish at 120947
[2026-03-15 16:13:32.354] [info] Total compute time 20
[2026-03-15 16:13:32.354] [info] executable layer count 529
[2026-03-15 16:13:32.354] [info] Start layer /blocks.10/Constant_2
[2026-03-15 16:13:32.356] [info] Layer /blocks.10/Constant_2 finish at 120965
[2026-03-15 16:13:32.356] [info] Total compute time 18
[2026-03-15 16:13:32.356] [info] executable layer count 528
[2026-03-15 16:13:32.356] [info] Start layer /blocks.10/Constant_3
[2026-03-15 16:13:32.357] [info] Layer /blocks.10/Constant_3 finish at 120985
[2026-03-15 16:13:32.357] [info] Total compute time 20
[2026-03-15 16:13:32.357] [info] executable layer count 527
[2026-03-15 16:13:32.357] [info] Start layer /blocks.10/Constant_4
[2026-03-15 16:13:32.359] [info] Layer /blocks.10/Constant_4 finish at 121004
[2026-03-15 16:13:32.359] [info] Total compute time 19
[2026-03-15 16:13:32.359] [info] executable layer count 526
[2026-03-15 16:13:32.359] [info] Start layer /blocks.10/Constant_5
[2026-03-15 16:13:32.360] [info] Layer /blocks.10/Constant_5 finish at 121022
[2026-03-15 16:13:32.360] [info] Total compute time 18
[2026-03-15 16:13:32.360] [info] executable layer count 525
[2026-03-15 16:13:32.360] [info] Start layer /blocks.10/Constant_6
[2026-03-15 16:13:32.362] [info] Layer /blocks.10/Constant_6 finish at 121040
[2026-03-15 16:13:32.362] [info] Total compute time 18
[2026-03-15 16:13:32.362] [info] executable layer count 524
[2026-03-15 16:13:32.362] [info] Start layer /blocks.10/Constant_7
[2026-03-15 16:13:32.364] [info] Layer /blocks.10/Constant_7 finish at 121059
[2026-03-15 16:13:32.364] [info] Total compute time 19
[2026-03-15 16:13:32.364] [info] executable layer count 523
[2026-03-15 16:13:32.364] [info] Start layer /blocks.10/Constant_8
[2026-03-15 16:13:32.365] [info] Layer /blocks.10/Constant_8 finish at 121078
[2026-03-15 16:13:32.365] [info] Total compute time 19
[2026-03-15 16:13:32.365] [info] executable layer count 522
[2026-03-15 16:13:32.365] [info] Start layer /blocks.10/Constant_9
[2026-03-15 16:13:32.367] [info] Layer /blocks.10/Constant_9 finish at 121096
[2026-03-15 16:13:32.367] [info] Total compute time 18
[2026-03-15 16:13:32.367] [info] executable layer count 521
[2026-03-15 16:13:32.367] [info] Start layer /blocks.10/Constant_10
[2026-03-15 16:13:32.369] [info] Layer /blocks.10/Constant_10 finish at 121114
[2026-03-15 16:13:32.369] [info] Total compute time 18
[2026-03-15 16:13:32.369] [info] executable layer count 520
[2026-03-15 16:13:32.369] [info] Start layer /blocks.10/Constant_11
[2026-03-15 16:13:32.370] [info] Layer /blocks.10/Constant_11 finish at 121133
[2026-03-15 16:13:32.370] [info] Total compute time 19
[2026-03-15 16:13:32.370] [info] executable layer count 519
[2026-03-15 16:13:32.370] [info] Start layer /blocks.10/Constant_12
[2026-03-15 16:13:32.372] [info] Layer /blocks.10/Constant_12 finish at 121152
[2026-03-15 16:13:32.372] [info] Total compute time 19
[2026-03-15 16:13:32.372] [info] executable layer count 518
[2026-03-15 16:13:32.372] [info] Start layer /blocks.10/Constant_13
[2026-03-15 16:13:32.373] [info] Layer /blocks.10/Constant_13 finish at 121171
[2026-03-15 16:13:32.373] [info] Total compute time 19
[2026-03-15 16:13:32.373] [info] executable layer count 517
[2026-03-15 16:13:32.373] [info] Start layer /blocks.10/Constant_14
[2026-03-15 16:13:32.374] [info] Layer /blocks.10/Constant_14 finish at 121189
[2026-03-15 16:13:32.374] [info] Total compute time 18
[2026-03-15 16:13:32.374] [info] executable layer count 516
[2026-03-15 16:13:32.374] [info] Start layer /blocks.10/Constant_15
[2026-03-15 16:13:32.376] [info] Layer /blocks.10/Constant_15 finish at 121208
[2026-03-15 16:13:32.376] [info] Total compute time 19
[2026-03-15 16:13:32.376] [info] executable layer count 515
[2026-03-15 16:13:32.376] [info] Start layer /blocks.10/Constant_16
[2026-03-15 16:13:32.378] [info] Layer /blocks.10/Constant_16 finish at 121227
[2026-03-15 16:13:32.378] [info] Total compute time 19
[2026-03-15 16:13:32.378] [info] executable layer count 514
[2026-03-15 16:13:32.378] [info] Start layer /blocks.10/Constant_17
[2026-03-15 16:13:32.379] [info] Layer /blocks.10/Constant_17 finish at 121245
[2026-03-15 16:13:32.379] [info] Total compute time 18
[2026-03-15 16:13:32.379] [info] executable layer count 513
[2026-03-15 16:13:32.379] [info] Start layer /blocks.10/Constant_18
[2026-03-15 16:13:32.381] [info] Layer /blocks.10/Constant_18 finish at 121263
[2026-03-15 16:13:32.381] [info] Total compute time 18
[2026-03-15 16:13:32.381] [info] executable layer count 512
[2026-03-15 16:13:32.381] [info] Start layer /blocks.10/Constant_19
[2026-03-15 16:13:32.382] [info] Layer /blocks.10/Constant_19 finish at 121282
[2026-03-15 16:13:32.382] [info] Total compute time 19
[2026-03-15 16:13:32.382] [info] executable layer count 511
[2026-03-15 16:13:32.382] [info] Start layer /blocks.10/Constant_20
[2026-03-15 16:13:32.384] [info] Layer /blocks.10/Constant_20 finish at 121301
[2026-03-15 16:13:32.384] [info] Total compute time 19
[2026-03-15 16:13:32.384] [info] executable layer count 510
[2026-03-15 16:13:32.384] [info] Start layer /blocks.10/Constant_21
[2026-03-15 16:13:32.386] [info] Layer /blocks.10/Constant_21 finish at 121319
[2026-03-15 16:13:32.386] [info] Total compute time 18
[2026-03-15 16:13:32.386] [info] executable layer count 509
[2026-03-15 16:13:32.386] [info] Start layer /blocks.10/Constant_22
[2026-03-15 16:13:32.387] [info] Layer /blocks.10/Constant_22 finish at 121337
[2026-03-15 16:13:32.387] [info] Total compute time 18
[2026-03-15 16:13:32.387] [info] executable layer count 508
[2026-03-15 16:13:32.387] [info] Start layer /blocks.10/Constant_23
[2026-03-15 16:13:32.389] [info] Layer /blocks.10/Constant_23 finish at 121356
[2026-03-15 16:13:32.389] [info] Total compute time 19
[2026-03-15 16:13:32.389] [info] executable layer count 507
[2026-03-15 16:13:32.389] [info] Start layer /blocks.10/Constant_24
[2026-03-15 16:13:32.390] [info] Layer /blocks.10/Constant_24 finish at 121375
[2026-03-15 16:13:32.390] [info] Total compute time 19
[2026-03-15 16:13:32.390] [info] executable layer count 506
[2026-03-15 16:13:32.390] [info] Start layer /blocks.10/Constant_25
[2026-03-15 16:13:32.392] [info] Layer /blocks.10/Constant_25 finish at 121393
[2026-03-15 16:13:32.392] [info] Total compute time 18
[2026-03-15 16:13:32.392] [info] executable layer count 505
[2026-03-15 16:13:32.392] [info] Start layer /blocks.10/Constant_26
[2026-03-15 16:13:32.393] [info] Layer /blocks.10/Constant_26 finish at 121411
[2026-03-15 16:13:32.393] [info] Total compute time 18
[2026-03-15 16:13:32.393] [info] executable layer count 504
[2026-03-15 16:13:32.393] [info] Start layer /blocks.10/Constant_27
[2026-03-15 16:13:32.394] [info] Layer /blocks.10/Constant_27 finish at 121430
[2026-03-15 16:13:32.394] [info] Total compute time 19
[2026-03-15 16:13:32.394] [info] executable layer count 503
[2026-03-15 16:13:32.394] [info] Start layer /blocks.10/Constant_28
[2026-03-15 16:13:32.396] [info] Layer /blocks.10/Constant_28 finish at 121449
[2026-03-15 16:13:32.396] [info] Total compute time 19
[2026-03-15 16:13:32.396] [info] executable layer count 502
[2026-03-15 16:13:32.396] [info] Start layer /blocks.10/Constant_29
[2026-03-15 16:13:32.397] [info] Layer /blocks.10/Constant_29 finish at 121467
[2026-03-15 16:13:32.397] [info] Total compute time 18
[2026-03-15 16:13:32.397] [info] executable layer count 501
[2026-03-15 16:13:32.397] [info] Start layer /Constant_9
[2026-03-15 16:13:32.399] [info] Layer /Constant_9 finish at 121485
[2026-03-15 16:13:32.399] [info] Total compute time 18
[2026-03-15 16:13:32.399] [info] executable layer count 502
[2026-03-15 16:13:32.399] [info] Start layer /blocks.11/Constant
[2026-03-15 16:13:32.400] [info] Layer /blocks.11/Constant finish at 121504
[2026-03-15 16:13:32.400] [info] Total compute time 19
[2026-03-15 16:13:32.400] [info] executable layer count 501
[2026-03-15 16:13:32.400] [info] Start layer /blocks.11/Constant_1
[2026-03-15 16:13:32.401] [info] Layer /blocks.11/Constant_1 finish at 121523
[2026-03-15 16:13:32.401] [info] Total compute time 19
[2026-03-15 16:13:32.401] [info] executable layer count 500
[2026-03-15 16:13:32.401] [info] Start layer /blocks.11/Constant_2
[2026-03-15 16:13:32.402] [info] Layer /blocks.11/Constant_2 finish at 121541
[2026-03-15 16:13:32.402] [info] Total compute time 18
[2026-03-15 16:13:32.402] [info] executable layer count 499
[2026-03-15 16:13:32.402] [info] Start layer /blocks.11/Constant_3
[2026-03-15 16:13:32.404] [info] Layer /blocks.11/Constant_3 finish at 121559
[2026-03-15 16:13:32.404] [info] Total compute time 18
[2026-03-15 16:13:32.404] [info] executable layer count 498
[2026-03-15 16:13:32.404] [info] Start layer /blocks.11/Constant_4
[2026-03-15 16:13:32.405] [info] Layer /blocks.11/Constant_4 finish at 121578
[2026-03-15 16:13:32.405] [info] Total compute time 19
[2026-03-15 16:13:32.405] [info] executable layer count 497
[2026-03-15 16:13:32.405] [info] Start layer /blocks.11/Constant_5
[2026-03-15 16:13:32.407] [info] Layer /blocks.11/Constant_5 finish at 121597
[2026-03-15 16:13:32.407] [info] Total compute time 19
[2026-03-15 16:13:32.407] [info] executable layer count 496
[2026-03-15 16:13:32.407] [info] Start layer /blocks.11/Constant_6
[2026-03-15 16:13:32.409] [info] Layer /blocks.11/Constant_6 finish at 121615
[2026-03-15 16:13:32.409] [info] Total compute time 18
[2026-03-15 16:13:32.409] [info] executable layer count 495
[2026-03-15 16:13:32.409] [info] Start layer /blocks.11/Constant_7
[2026-03-15 16:13:32.410] [info] Layer /blocks.11/Constant_7 finish at 121633
[2026-03-15 16:13:32.410] [info] Total compute time 18
[2026-03-15 16:13:32.410] [info] executable layer count 494
[2026-03-15 16:13:32.410] [info] Start layer /blocks.11/Constant_8
[2026-03-15 16:13:32.412] [info] Layer /blocks.11/Constant_8 finish at 121652
[2026-03-15 16:13:32.412] [info] Total compute time 19
[2026-03-15 16:13:32.412] [info] executable layer count 493
[2026-03-15 16:13:32.412] [info] Start layer /blocks.11/Constant_9
[2026-03-15 16:13:32.413] [info] Layer /blocks.11/Constant_9 finish at 121671
[2026-03-15 16:13:32.413] [info] Total compute time 19
[2026-03-15 16:13:32.413] [info] executable layer count 492
[2026-03-15 16:13:32.413] [info] Start layer /blocks.11/Constant_10
[2026-03-15 16:13:32.414] [info] Layer /blocks.11/Constant_10 finish at 121689
[2026-03-15 16:13:32.414] [info] Total compute time 18
[2026-03-15 16:13:32.414] [info] executable layer count 491
[2026-03-15 16:13:32.414] [info] Start layer /blocks.11/Constant_11
[2026-03-15 16:13:32.415] [info] Layer /blocks.11/Constant_11 finish at 121707
[2026-03-15 16:13:32.415] [info] Total compute time 18
[2026-03-15 16:13:32.415] [info] executable layer count 490
[2026-03-15 16:13:32.415] [info] Start layer /blocks.11/Constant_12
[2026-03-15 16:13:32.417] [info] Layer /blocks.11/Constant_12 finish at 121726
[2026-03-15 16:13:32.417] [info] Total compute time 19
[2026-03-15 16:13:32.417] [info] executable layer count 489
[2026-03-15 16:13:32.417] [info] Start layer /blocks.11/Constant_13
[2026-03-15 16:13:32.419] [info] Layer /blocks.11/Constant_13 finish at 121745
[2026-03-15 16:13:32.419] [info] Total compute time 19
[2026-03-15 16:13:32.419] [info] executable layer count 488
[2026-03-15 16:13:32.419] [info] Start layer /blocks.11/Constant_14
[2026-03-15 16:13:32.422] [info] Layer /blocks.11/Constant_14 finish at 121776
[2026-03-15 16:13:32.422] [info] Total compute time 31
[2026-03-15 16:13:32.422] [info] executable layer count 487
[2026-03-15 16:13:32.422] [info] Start layer /blocks.11/Constant_15
[2026-03-15 16:13:32.425] [info] Layer /blocks.11/Constant_15 finish at 121828
[2026-03-15 16:13:32.425] [info] Total compute time 52
[2026-03-15 16:13:32.425] [info] executable layer count 486
[2026-03-15 16:13:32.425] [info] Start layer /blocks.11/Constant_16
[2026-03-15 16:13:32.427] [info] Layer /blocks.11/Constant_16 finish at 121847
[2026-03-15 16:13:32.427] [info] Total compute time 19
[2026-03-15 16:13:32.427] [info] executable layer count 485
[2026-03-15 16:13:32.427] [info] Start layer /blocks.11/Constant_17
[2026-03-15 16:13:32.429] [info] Layer /blocks.11/Constant_17 finish at 121878
[2026-03-15 16:13:32.429] [info] Total compute time 31
[2026-03-15 16:13:32.429] [info] executable layer count 484
[2026-03-15 16:13:32.429] [info] Start layer /blocks.11/Constant_18
[2026-03-15 16:13:32.430] [info] Layer /blocks.11/Constant_18 finish at 121903
[2026-03-15 16:13:32.430] [info] Total compute time 25
[2026-03-15 16:13:32.430] [info] executable layer count 483
[2026-03-15 16:13:32.430] [info] Start layer /blocks.11/Constant_19
[2026-03-15 16:13:32.432] [info] Layer /blocks.11/Constant_19 finish at 121928
[2026-03-15 16:13:32.432] [info] Total compute time 25
[2026-03-15 16:13:32.432] [info] executable layer count 482
[2026-03-15 16:13:32.432] [info] Start layer /blocks.11/Constant_20
[2026-03-15 16:13:32.436] [info] Layer /blocks.11/Constant_20 finish at 121981
[2026-03-15 16:13:32.436] [info] Total compute time 53
[2026-03-15 16:13:32.436] [info] executable layer count 481
[2026-03-15 16:13:32.436] [info] Start layer /blocks.11/Constant_21
[2026-03-15 16:13:32.437] [info] Layer /blocks.11/Constant_21 finish at 122000
[2026-03-15 16:13:32.437] [info] Total compute time 19
[2026-03-15 16:13:32.437] [info] executable layer count 480
[2026-03-15 16:13:32.437] [info] Start layer /blocks.11/Constant_22
[2026-03-15 16:13:32.439] [info] Layer /blocks.11/Constant_22 finish at 122018
[2026-03-15 16:13:32.439] [info] Total compute time 18
[2026-03-15 16:13:32.439] [info] executable layer count 479
[2026-03-15 16:13:32.439] [info] Start layer /blocks.11/Constant_23
[2026-03-15 16:13:32.440] [info] Layer /blocks.11/Constant_23 finish at 122036
[2026-03-15 16:13:32.440] [info] Total compute time 18
[2026-03-15 16:13:32.440] [info] executable layer count 478
[2026-03-15 16:13:32.440] [info] Start layer /blocks.11/Constant_24
[2026-03-15 16:13:32.441] [info] Layer /blocks.11/Constant_24 finish at 122055
[2026-03-15 16:13:32.441] [info] Total compute time 19
[2026-03-15 16:13:32.441] [info] executable layer count 477
[2026-03-15 16:13:32.441] [info] Start layer /blocks.11/Constant_25
[2026-03-15 16:13:32.443] [info] Layer /blocks.11/Constant_25 finish at 122074
[2026-03-15 16:13:32.443] [info] Total compute time 19
[2026-03-15 16:13:32.443] [info] executable layer count 476
[2026-03-15 16:13:32.443] [info] Start layer /blocks.11/Constant_26
[2026-03-15 16:13:32.444] [info] Layer /blocks.11/Constant_26 finish at 122092
[2026-03-15 16:13:32.444] [info] Total compute time 18
[2026-03-15 16:13:32.444] [info] executable layer count 475
[2026-03-15 16:13:32.444] [info] Start layer /blocks.11/Constant_27
[2026-03-15 16:13:32.445] [info] Layer /blocks.11/Constant_27 finish at 122110
[2026-03-15 16:13:32.445] [info] Total compute time 18
[2026-03-15 16:13:32.445] [info] executable layer count 474
[2026-03-15 16:13:32.445] [info] Start layer /blocks.11/Constant_28
[2026-03-15 16:13:32.447] [info] Layer /blocks.11/Constant_28 finish at 122129
[2026-03-15 16:13:32.447] [info] Total compute time 19
[2026-03-15 16:13:32.447] [info] executable layer count 473
[2026-03-15 16:13:32.447] [info] Start layer /blocks.11/Constant_29
[2026-03-15 16:13:32.448] [info] Layer /blocks.11/Constant_29 finish at 122148
[2026-03-15 16:13:32.448] [info] Total compute time 19
[2026-03-15 16:13:32.448] [info] executable layer count 472
[2026-03-15 16:13:32.448] [info] Start layer /Constant_10
[2026-03-15 16:13:32.449] [info] Layer /Constant_10 finish at 122166
[2026-03-15 16:13:32.449] [info] Total compute time 18
[2026-03-15 16:13:32.449] [info] executable layer count 473
[2026-03-15 16:13:32.449] [info] Start layer /blocks.12/Constant
[2026-03-15 16:13:32.451] [info] Layer /blocks.12/Constant finish at 122184
[2026-03-15 16:13:32.451] [info] Total compute time 18
[2026-03-15 16:13:32.451] [info] executable layer count 472
[2026-03-15 16:13:32.451] [info] Start layer /blocks.12/Constant_1
[2026-03-15 16:13:32.452] [info] Layer /blocks.12/Constant_1 finish at 122203
[2026-03-15 16:13:32.452] [info] Total compute time 19
[2026-03-15 16:13:32.452] [info] executable layer count 471
[2026-03-15 16:13:32.452] [info] Start layer /blocks.12/Constant_2
[2026-03-15 16:13:32.453] [info] Layer /blocks.12/Constant_2 finish at 122222
[2026-03-15 16:13:32.453] [info] Total compute time 19
[2026-03-15 16:13:32.453] [info] executable layer count 470
[2026-03-15 16:13:32.453] [info] Start layer /blocks.12/Constant_3
[2026-03-15 16:13:32.455] [info] Layer /blocks.12/Constant_3 finish at 122242
[2026-03-15 16:13:32.455] [info] Total compute time 20
[2026-03-15 16:13:32.455] [info] executable layer count 469
[2026-03-15 16:13:32.455] [info] Start layer /blocks.12/Constant_4
[2026-03-15 16:13:32.456] [info] Layer /blocks.12/Constant_4 finish at 122260
[2026-03-15 16:13:32.456] [info] Total compute time 18
[2026-03-15 16:13:32.456] [info] executable layer count 468
[2026-03-15 16:13:32.456] [info] Start layer /blocks.12/Constant_5
[2026-03-15 16:13:32.458] [info] Layer /blocks.12/Constant_5 finish at 122279
[2026-03-15 16:13:32.458] [info] Total compute time 19
[2026-03-15 16:13:32.458] [info] executable layer count 467
[2026-03-15 16:13:32.458] [info] Start layer /blocks.12/Constant_6
[2026-03-15 16:13:32.459] [info] Layer /blocks.12/Constant_6 finish at 122298
[2026-03-15 16:13:32.459] [info] Total compute time 19
[2026-03-15 16:13:32.459] [info] executable layer count 466
[2026-03-15 16:13:32.459] [info] Start layer /blocks.12/Constant_7
[2026-03-15 16:13:32.460] [info] Layer /blocks.12/Constant_7 finish at 122316
[2026-03-15 16:13:32.460] [info] Total compute time 18
[2026-03-15 16:13:32.460] [info] executable layer count 465
[2026-03-15 16:13:32.460] [info] Start layer /blocks.12/Constant_8
[2026-03-15 16:13:32.462] [info] Layer /blocks.12/Constant_8 finish at 122334
[2026-03-15 16:13:32.462] [info] Total compute time 18
[2026-03-15 16:13:32.462] [info] executable layer count 464
[2026-03-15 16:13:32.462] [info] Start layer /blocks.12/Constant_9
[2026-03-15 16:13:32.463] [info] Layer /blocks.12/Constant_9 finish at 122353
[2026-03-15 16:13:32.463] [info] Total compute time 19
[2026-03-15 16:13:32.463] [info] executable layer count 463
[2026-03-15 16:13:32.463] [info] Start layer /blocks.12/Constant_10
[2026-03-15 16:13:32.464] [info] Layer /blocks.12/Constant_10 finish at 122372
[2026-03-15 16:13:32.464] [info] Total compute time 19
[2026-03-15 16:13:32.464] [info] executable layer count 462
[2026-03-15 16:13:32.464] [info] Start layer /blocks.12/Constant_11
[2026-03-15 16:13:32.466] [info] Layer /blocks.12/Constant_11 finish at 122392
[2026-03-15 16:13:32.466] [info] Total compute time 20
[2026-03-15 16:13:32.466] [info] executable layer count 461
[2026-03-15 16:13:32.466] [info] Start layer /blocks.12/Constant_12
[2026-03-15 16:13:32.467] [info] Layer /blocks.12/Constant_12 finish at 122410
[2026-03-15 16:13:32.467] [info] Total compute time 18
[2026-03-15 16:13:32.467] [info] executable layer count 460
[2026-03-15 16:13:32.467] [info] Start layer /blocks.12/Constant_13
[2026-03-15 16:13:32.469] [info] Layer /blocks.12/Constant_13 finish at 122429
[2026-03-15 16:13:32.469] [info] Total compute time 19
[2026-03-15 16:13:32.469] [info] executable layer count 459
[2026-03-15 16:13:32.469] [info] Start layer /blocks.12/Constant_14
[2026-03-15 16:13:32.470] [info] Layer /blocks.12/Constant_14 finish at 122448
[2026-03-15 16:13:32.470] [info] Total compute time 19
[2026-03-15 16:13:32.470] [info] executable layer count 458
[2026-03-15 16:13:32.470] [info] Start layer /blocks.12/Constant_15
[2026-03-15 16:13:32.471] [info] Layer /blocks.12/Constant_15 finish at 122466
[2026-03-15 16:13:32.471] [info] Total compute time 18
[2026-03-15 16:13:32.471] [info] executable layer count 457
[2026-03-15 16:13:32.471] [info] Start layer /blocks.12/Constant_16
[2026-03-15 16:13:32.472] [info] Layer /blocks.12/Constant_16 finish at 122484
[2026-03-15 16:13:32.472] [info] Total compute time 18
[2026-03-15 16:13:32.472] [info] executable layer count 456
[2026-03-15 16:13:32.472] [info] Start layer /blocks.12/Constant_17
[2026-03-15 16:13:32.474] [info] Layer /blocks.12/Constant_17 finish at 122503
[2026-03-15 16:13:32.474] [info] Total compute time 19
[2026-03-15 16:13:32.474] [info] executable layer count 455
[2026-03-15 16:13:32.474] [info] Start layer /blocks.12/Constant_18
[2026-03-15 16:13:32.475] [info] Layer /blocks.12/Constant_18 finish at 122522
[2026-03-15 16:13:32.475] [info] Total compute time 19
[2026-03-15 16:13:32.475] [info] executable layer count 454
[2026-03-15 16:13:32.475] [info] Start layer /blocks.12/Constant_19
[2026-03-15 16:13:32.476] [info] Layer /blocks.12/Constant_19 finish at 122540
[2026-03-15 16:13:32.476] [info] Total compute time 18
[2026-03-15 16:13:32.476] [info] executable layer count 453
[2026-03-15 16:13:32.476] [info] Start layer /blocks.12/Constant_20
[2026-03-15 16:13:32.478] [info] Layer /blocks.12/Constant_20 finish at 122558
[2026-03-15 16:13:32.478] [info] Total compute time 18
[2026-03-15 16:13:32.478] [info] executable layer count 452
[2026-03-15 16:13:32.478] [info] Start layer /blocks.12/Constant_21
[2026-03-15 16:13:32.479] [info] Layer /blocks.12/Constant_21 finish at 122577
[2026-03-15 16:13:32.479] [info] Total compute time 19
[2026-03-15 16:13:32.479] [info] executable layer count 451
[2026-03-15 16:13:32.479] [info] Start layer /blocks.12/Constant_22
[2026-03-15 16:13:32.480] [info] Layer /blocks.12/Constant_22 finish at 122596
[2026-03-15 16:13:32.480] [info] Total compute time 19
[2026-03-15 16:13:32.480] [info] executable layer count 450
[2026-03-15 16:13:32.480] [info] Start layer /blocks.12/Constant_23
[2026-03-15 16:13:32.482] [info] Layer /blocks.12/Constant_23 finish at 122614
[2026-03-15 16:13:32.482] [info] Total compute time 18
[2026-03-15 16:13:32.482] [info] executable layer count 449
[2026-03-15 16:13:32.482] [info] Start layer /blocks.12/Constant_24
[2026-03-15 16:13:32.483] [info] Layer /blocks.12/Constant_24 finish at 122632
[2026-03-15 16:13:32.483] [info] Total compute time 18
[2026-03-15 16:13:32.483] [info] executable layer count 448
[2026-03-15 16:13:32.483] [info] Start layer /blocks.12/Constant_25
[2026-03-15 16:13:32.485] [info] Layer /blocks.12/Constant_25 finish at 122651
[2026-03-15 16:13:32.485] [info] Total compute time 19
[2026-03-15 16:13:32.485] [info] executable layer count 447
[2026-03-15 16:13:32.485] [info] Start layer /blocks.12/Constant_26
[2026-03-15 16:13:32.486] [info] Layer /blocks.12/Constant_26 finish at 122670
[2026-03-15 16:13:32.486] [info] Total compute time 19
[2026-03-15 16:13:32.486] [info] executable layer count 446
[2026-03-15 16:13:32.486] [info] Start layer /blocks.12/Constant_27
[2026-03-15 16:13:32.488] [info] Layer /blocks.12/Constant_27 finish at 122688
[2026-03-15 16:13:32.488] [info] Total compute time 18
[2026-03-15 16:13:32.488] [info] executable layer count 445
[2026-03-15 16:13:32.488] [info] Start layer /blocks.12/Constant_28
[2026-03-15 16:13:32.489] [info] Layer /blocks.12/Constant_28 finish at 122706
[2026-03-15 16:13:32.489] [info] Total compute time 18
[2026-03-15 16:13:32.489] [info] executable layer count 444
[2026-03-15 16:13:32.489] [info] Start layer /blocks.12/Constant_29
[2026-03-15 16:13:32.490] [info] Layer /blocks.12/Constant_29 finish at 122725
[2026-03-15 16:13:32.490] [info] Total compute time 19
[2026-03-15 16:13:32.491] [info] executable layer count 443
[2026-03-15 16:13:32.491] [info] Start layer /Constant_11
[2026-03-15 16:13:32.492] [info] Layer /Constant_11 finish at 122744
[2026-03-15 16:13:32.492] [info] Total compute time 19
[2026-03-15 16:13:32.492] [info] executable layer count 444
[2026-03-15 16:13:32.492] [info] Start layer /blocks.13/Constant
[2026-03-15 16:13:32.493] [info] Layer /blocks.13/Constant finish at 122762
[2026-03-15 16:13:32.493] [info] Total compute time 18
[2026-03-15 16:13:32.493] [info] executable layer count 443
[2026-03-15 16:13:32.493] [info] Start layer /blocks.13/Constant_1
[2026-03-15 16:13:32.494] [info] Layer /blocks.13/Constant_1 finish at 122780
[2026-03-15 16:13:32.494] [info] Total compute time 18
[2026-03-15 16:13:32.494] [info] executable layer count 442
[2026-03-15 16:13:32.494] [info] Start layer /blocks.13/Constant_2
[2026-03-15 16:13:32.496] [info] Layer /blocks.13/Constant_2 finish at 122799
[2026-03-15 16:13:32.496] [info] Total compute time 19
[2026-03-15 16:13:32.496] [info] executable layer count 441
[2026-03-15 16:13:32.496] [info] Start layer /blocks.13/Constant_3
[2026-03-15 16:13:32.497] [info] Layer /blocks.13/Constant_3 finish at 122818
[2026-03-15 16:13:32.497] [info] Total compute time 19
[2026-03-15 16:13:32.497] [info] executable layer count 440
[2026-03-15 16:13:32.497] [info] Start layer /blocks.13/Constant_4
[2026-03-15 16:13:32.498] [info] Layer /blocks.13/Constant_4 finish at 122836
[2026-03-15 16:13:32.498] [info] Total compute time 18
[2026-03-15 16:13:32.498] [info] executable layer count 439
[2026-03-15 16:13:32.498] [info] Start layer /blocks.13/Constant_5
[2026-03-15 16:13:32.500] [info] Layer /blocks.13/Constant_5 finish at 122854
[2026-03-15 16:13:32.500] [info] Total compute time 18
[2026-03-15 16:13:32.500] [info] executable layer count 438
[2026-03-15 16:13:32.500] [info] Start layer /blocks.13/Constant_6
[2026-03-15 16:13:32.501] [info] Layer /blocks.13/Constant_6 finish at 122873
[2026-03-15 16:13:32.501] [info] Total compute time 19
[2026-03-15 16:13:32.501] [info] executable layer count 437
[2026-03-15 16:13:32.501] [info] Start layer /blocks.13/Constant_7
[2026-03-15 16:13:32.502] [info] Layer /blocks.13/Constant_7 finish at 122892
[2026-03-15 16:13:32.502] [info] Total compute time 19
[2026-03-15 16:13:32.502] [info] executable layer count 436
[2026-03-15 16:13:32.502] [info] Start layer /blocks.13/Constant_8
[2026-03-15 16:13:32.504] [info] Layer /blocks.13/Constant_8 finish at 122910
[2026-03-15 16:13:32.504] [info] Total compute time 18
[2026-03-15 16:13:32.504] [info] executable layer count 435
[2026-03-15 16:13:32.504] [info] Start layer /blocks.13/Constant_9
[2026-03-15 16:13:32.505] [info] Layer /blocks.13/Constant_9 finish at 122928
[2026-03-15 16:13:32.505] [info] Total compute time 18
[2026-03-15 16:13:32.505] [info] executable layer count 434
[2026-03-15 16:13:32.505] [info] Start layer /blocks.13/Constant_10
[2026-03-15 16:13:32.507] [info] Layer /blocks.13/Constant_10 finish at 122947
[2026-03-15 16:13:32.507] [info] Total compute time 19
[2026-03-15 16:13:32.507] [info] executable layer count 433
[2026-03-15 16:13:32.507] [info] Start layer /blocks.13/Constant_11
[2026-03-15 16:13:32.508] [info] Layer /blocks.13/Constant_11 finish at 122966
[2026-03-15 16:13:32.508] [info] Total compute time 19
[2026-03-15 16:13:32.508] [info] executable layer count 432
[2026-03-15 16:13:32.508] [info] Start layer /blocks.13/Constant_12
[2026-03-15 16:13:32.509] [info] Layer /blocks.13/Constant_12 finish at 122984
[2026-03-15 16:13:32.509] [info] Total compute time 18
[2026-03-15 16:13:32.509] [info] executable layer count 431
[2026-03-15 16:13:32.509] [info] Start layer /blocks.13/Constant_13
[2026-03-15 16:13:32.510] [info] Layer /blocks.13/Constant_13 finish at 123002
[2026-03-15 16:13:32.510] [info] Total compute time 18
[2026-03-15 16:13:32.510] [info] executable layer count 430
[2026-03-15 16:13:32.510] [info] Start layer /blocks.13/Constant_14
[2026-03-15 16:13:32.512] [info] Layer /blocks.13/Constant_14 finish at 123021
[2026-03-15 16:13:32.512] [info] Total compute time 19
[2026-03-15 16:13:32.512] [info] executable layer count 429
[2026-03-15 16:13:32.512] [info] Start layer /blocks.13/Constant_15
[2026-03-15 16:13:32.513] [info] Layer /blocks.13/Constant_15 finish at 123040
[2026-03-15 16:13:32.513] [info] Total compute time 19
[2026-03-15 16:13:32.513] [info] executable layer count 428
[2026-03-15 16:13:32.513] [info] Start layer /blocks.13/Constant_16
[2026-03-15 16:13:32.515] [info] Layer /blocks.13/Constant_16 finish at 123058
[2026-03-15 16:13:32.515] [info] Total compute time 18
[2026-03-15 16:13:32.515] [info] executable layer count 427
[2026-03-15 16:13:32.515] [info] Start layer /blocks.13/Constant_17
[2026-03-15 16:13:32.516] [info] Layer /blocks.13/Constant_17 finish at 123076
[2026-03-15 16:13:32.516] [info] Total compute time 18
[2026-03-15 16:13:32.516] [info] executable layer count 426
[2026-03-15 16:13:32.516] [info] Start layer /blocks.13/Constant_18
[2026-03-15 16:13:32.517] [info] Layer /blocks.13/Constant_18 finish at 123095
[2026-03-15 16:13:32.517] [info] Total compute time 19
[2026-03-15 16:13:32.517] [info] executable layer count 425
[2026-03-15 16:13:32.517] [info] Start layer /blocks.13/Constant_19
[2026-03-15 16:13:32.519] [info] Layer /blocks.13/Constant_19 finish at 123114
[2026-03-15 16:13:32.519] [info] Total compute time 19
[2026-03-15 16:13:32.519] [info] executable layer count 424
[2026-03-15 16:13:32.519] [info] Start layer /blocks.13/Constant_20
[2026-03-15 16:13:32.520] [info] Layer /blocks.13/Constant_20 finish at 123132
[2026-03-15 16:13:32.520] [info] Total compute time 18
[2026-03-15 16:13:32.520] [info] executable layer count 423
[2026-03-15 16:13:32.520] [info] Start layer /blocks.13/Constant_21
[2026-03-15 16:13:32.521] [info] Layer /blocks.13/Constant_21 finish at 123150
[2026-03-15 16:13:32.521] [info] Total compute time 18
[2026-03-15 16:13:32.521] [info] executable layer count 422
[2026-03-15 16:13:32.521] [info] Start layer /blocks.13/Constant_22
[2026-03-15 16:13:32.523] [info] Layer /blocks.13/Constant_22 finish at 123169
[2026-03-15 16:13:32.523] [info] Total compute time 19
[2026-03-15 16:13:32.523] [info] executable layer count 421
[2026-03-15 16:13:32.523] [info] Start layer /blocks.13/Constant_23
[2026-03-15 16:13:32.524] [info] Layer /blocks.13/Constant_23 finish at 123188
[2026-03-15 16:13:32.524] [info] Total compute time 19
[2026-03-15 16:13:32.524] [info] executable layer count 420
[2026-03-15 16:13:32.524] [info] Start layer /blocks.13/Constant_24
[2026-03-15 16:13:32.525] [info] Layer /blocks.13/Constant_24 finish at 123206
[2026-03-15 16:13:32.525] [info] Total compute time 18
[2026-03-15 16:13:32.525] [info] executable layer count 419
[2026-03-15 16:13:32.525] [info] Start layer /blocks.13/Constant_25
[2026-03-15 16:13:32.527] [info] Layer /blocks.13/Constant_25 finish at 123224
[2026-03-15 16:13:32.527] [info] Total compute time 18
[2026-03-15 16:13:32.527] [info] executable layer count 418
[2026-03-15 16:13:32.527] [info] Start layer /blocks.13/Constant_26
[2026-03-15 16:13:32.528] [info] Layer /blocks.13/Constant_26 finish at 123243
[2026-03-15 16:13:32.528] [info] Total compute time 19
[2026-03-15 16:13:32.528] [info] executable layer count 417
[2026-03-15 16:13:32.528] [info] Start layer /blocks.13/Constant_27
[2026-03-15 16:13:32.529] [info] Layer /blocks.13/Constant_27 finish at 123262
[2026-03-15 16:13:32.529] [info] Total compute time 19
[2026-03-15 16:13:32.529] [info] executable layer count 416
[2026-03-15 16:13:32.529] [info] Start layer /blocks.13/Constant_28
[2026-03-15 16:13:32.531] [info] Layer /blocks.13/Constant_28 finish at 123280
[2026-03-15 16:13:32.531] [info] Total compute time 18
[2026-03-15 16:13:32.531] [info] executable layer count 415
[2026-03-15 16:13:32.531] [info] Start layer /blocks.13/Constant_29
[2026-03-15 16:13:32.532] [info] Layer /blocks.13/Constant_29 finish at 123298
[2026-03-15 16:13:32.532] [info] Total compute time 18
[2026-03-15 16:13:32.532] [info] executable layer count 414
[2026-03-15 16:13:32.532] [info] Start layer /Constant_12
[2026-03-15 16:13:32.533] [info] Layer /Constant_12 finish at 123317
[2026-03-15 16:13:32.533] [info] Total compute time 19
[2026-03-15 16:13:32.533] [info] executable layer count 415
[2026-03-15 16:13:32.533] [info] Start layer /blocks.14/Constant
[2026-03-15 16:13:32.535] [info] Layer /blocks.14/Constant finish at 123336
[2026-03-15 16:13:32.535] [info] Total compute time 19
[2026-03-15 16:13:32.535] [info] executable layer count 414
[2026-03-15 16:13:32.535] [info] Start layer /blocks.14/Constant_1
[2026-03-15 16:13:32.536] [info] Layer /blocks.14/Constant_1 finish at 123354
[2026-03-15 16:13:32.536] [info] Total compute time 18
[2026-03-15 16:13:32.536] [info] executable layer count 413
[2026-03-15 16:13:32.536] [info] Start layer /blocks.14/Constant_2
[2026-03-15 16:13:32.537] [info] Layer /blocks.14/Constant_2 finish at 123372
[2026-03-15 16:13:32.537] [info] Total compute time 18
[2026-03-15 16:13:32.537] [info] executable layer count 412
[2026-03-15 16:13:32.537] [info] Start layer /blocks.14/Constant_3
[2026-03-15 16:13:32.539] [info] Layer /blocks.14/Constant_3 finish at 123391
[2026-03-15 16:13:32.539] [info] Total compute time 19
[2026-03-15 16:13:32.539] [info] executable layer count 411
[2026-03-15 16:13:32.539] [info] Start layer /blocks.14/Constant_4
[2026-03-15 16:13:32.540] [info] Layer /blocks.14/Constant_4 finish at 123410
[2026-03-15 16:13:32.540] [info] Total compute time 19
[2026-03-15 16:13:32.540] [info] executable layer count 410
[2026-03-15 16:13:32.540] [info] Start layer /blocks.14/Constant_5
[2026-03-15 16:13:32.541] [info] Layer /blocks.14/Constant_5 finish at 123428
[2026-03-15 16:13:32.541] [info] Total compute time 18
[2026-03-15 16:13:32.542] [info] executable layer count 409
[2026-03-15 16:13:32.542] [info] Start layer /blocks.14/Constant_6
[2026-03-15 16:13:32.543] [info] Layer /blocks.14/Constant_6 finish at 123446
[2026-03-15 16:13:32.543] [info] Total compute time 18
[2026-03-15 16:13:32.543] [info] executable layer count 408
[2026-03-15 16:13:32.543] [info] Start layer /blocks.14/Constant_7
[2026-03-15 16:13:32.544] [info] Layer /blocks.14/Constant_7 finish at 123465
[2026-03-15 16:13:32.544] [info] Total compute time 19
[2026-03-15 16:13:32.544] [info] executable layer count 407
[2026-03-15 16:13:32.544] [info] Start layer /blocks.14/Constant_8
[2026-03-15 16:13:32.545] [info] Layer /blocks.14/Constant_8 finish at 123484
[2026-03-15 16:13:32.545] [info] Total compute time 19
[2026-03-15 16:13:32.545] [info] executable layer count 406
[2026-03-15 16:13:32.545] [info] Start layer /blocks.14/Constant_9
[2026-03-15 16:13:32.547] [info] Layer /blocks.14/Constant_9 finish at 123502
[2026-03-15 16:13:32.547] [info] Total compute time 18
[2026-03-15 16:13:32.547] [info] executable layer count 405
[2026-03-15 16:13:32.547] [info] Start layer /blocks.14/Constant_10
[2026-03-15 16:13:32.548] [info] Layer /blocks.14/Constant_10 finish at 123520
[2026-03-15 16:13:32.548] [info] Total compute time 18
[2026-03-15 16:13:32.548] [info] executable layer count 404
[2026-03-15 16:13:32.548] [info] Start layer /blocks.14/Constant_11
[2026-03-15 16:13:32.550] [info] Layer /blocks.14/Constant_11 finish at 123541
[2026-03-15 16:13:32.550] [info] Total compute time 21
[2026-03-15 16:13:32.550] [info] executable layer count 403
[2026-03-15 16:13:32.550] [info] Start layer /blocks.14/Constant_12
[2026-03-15 16:13:32.551] [info] Layer /blocks.14/Constant_12 finish at 123560
[2026-03-15 16:13:32.551] [info] Total compute time 19
[2026-03-15 16:13:32.551] [info] executable layer count 402
[2026-03-15 16:13:32.551] [info] Start layer /blocks.14/Constant_13
[2026-03-15 16:13:32.552] [info] Layer /blocks.14/Constant_13 finish at 123578
[2026-03-15 16:13:32.552] [info] Total compute time 18
[2026-03-15 16:13:32.552] [info] executable layer count 401
[2026-03-15 16:13:32.552] [info] Start layer /blocks.14/Constant_14
[2026-03-15 16:13:32.554] [info] Layer /blocks.14/Constant_14 finish at 123596
[2026-03-15 16:13:32.554] [info] Total compute time 18
[2026-03-15 16:13:32.554] [info] executable layer count 400
[2026-03-15 16:13:32.554] [info] Start layer /blocks.14/Constant_15
[2026-03-15 16:13:32.555] [info] Layer /blocks.14/Constant_15 finish at 123615
[2026-03-15 16:13:32.555] [info] Total compute time 19
[2026-03-15 16:13:32.555] [info] executable layer count 399
[2026-03-15 16:13:32.555] [info] Start layer /blocks.14/Constant_16
[2026-03-15 16:13:32.557] [info] Layer /blocks.14/Constant_16 finish at 123634
[2026-03-15 16:13:32.557] [info] Total compute time 19
[2026-03-15 16:13:32.557] [info] executable layer count 398
[2026-03-15 16:13:32.557] [info] Start layer /blocks.14/Constant_17
[2026-03-15 16:13:32.558] [info] Layer /blocks.14/Constant_17 finish at 123654
[2026-03-15 16:13:32.558] [info] Total compute time 20
[2026-03-15 16:13:32.558] [info] executable layer count 397
[2026-03-15 16:13:32.558] [info] Start layer /blocks.14/Constant_18
[2026-03-15 16:13:32.559] [info] Layer /blocks.14/Constant_18 finish at 123672
[2026-03-15 16:13:32.559] [info] Total compute time 18
[2026-03-15 16:13:32.559] [info] executable layer count 396
[2026-03-15 16:13:32.559] [info] Start layer /blocks.14/Constant_19
[2026-03-15 16:13:32.560] [info] Layer /blocks.14/Constant_19 finish at 123691
[2026-03-15 16:13:32.560] [info] Total compute time 19
[2026-03-15 16:13:32.560] [info] executable layer count 395
[2026-03-15 16:13:32.560] [info] Start layer /blocks.14/Constant_20
[2026-03-15 16:13:32.562] [info] Layer /blocks.14/Constant_20 finish at 123710
[2026-03-15 16:13:32.562] [info] Total compute time 19
[2026-03-15 16:13:32.562] [info] executable layer count 394
[2026-03-15 16:13:32.562] [info] Start layer /blocks.14/Constant_21
[2026-03-15 16:13:32.563] [info] Layer /blocks.14/Constant_21 finish at 123728
[2026-03-15 16:13:32.563] [info] Total compute time 18
[2026-03-15 16:13:32.563] [info] executable layer count 393
[2026-03-15 16:13:32.563] [info] Start layer /blocks.14/Constant_22
[2026-03-15 16:13:32.565] [info] Layer /blocks.14/Constant_22 finish at 123746
[2026-03-15 16:13:32.565] [info] Total compute time 18
[2026-03-15 16:13:32.565] [info] executable layer count 392
[2026-03-15 16:13:32.565] [info] Start layer /blocks.14/Constant_23
[2026-03-15 16:13:32.566] [info] Layer /blocks.14/Constant_23 finish at 123765
[2026-03-15 16:13:32.566] [info] Total compute time 19
[2026-03-15 16:13:32.566] [info] executable layer count 391
[2026-03-15 16:13:32.566] [info] Start layer /blocks.14/Constant_24
[2026-03-15 16:13:32.567] [info] Layer /blocks.14/Constant_24 finish at 123784
[2026-03-15 16:13:32.567] [info] Total compute time 19
[2026-03-15 16:13:32.567] [info] executable layer count 390
[2026-03-15 16:13:32.567] [info] Start layer /blocks.14/Constant_25
[2026-03-15 16:13:32.569] [info] Layer /blocks.14/Constant_25 finish at 123802
[2026-03-15 16:13:32.569] [info] Total compute time 18
[2026-03-15 16:13:32.569] [info] executable layer count 389
[2026-03-15 16:13:32.569] [info] Start layer /blocks.14/Constant_26
[2026-03-15 16:13:32.570] [info] Layer /blocks.14/Constant_26 finish at 123820
[2026-03-15 16:13:32.570] [info] Total compute time 18
[2026-03-15 16:13:32.570] [info] executable layer count 388
[2026-03-15 16:13:32.570] [info] Start layer /blocks.14/Constant_27
[2026-03-15 16:13:32.571] [info] Layer /blocks.14/Constant_27 finish at 123839
[2026-03-15 16:13:32.571] [info] Total compute time 19
[2026-03-15 16:13:32.571] [info] executable layer count 387
[2026-03-15 16:13:32.571] [info] Start layer /blocks.14/Constant_28
[2026-03-15 16:13:32.573] [info] Layer /blocks.14/Constant_28 finish at 123858
[2026-03-15 16:13:32.573] [info] Total compute time 19
[2026-03-15 16:13:32.573] [info] executable layer count 386
[2026-03-15 16:13:32.573] [info] Start layer /blocks.14/Constant_29
[2026-03-15 16:13:32.574] [info] Layer /blocks.14/Constant_29 finish at 123876
[2026-03-15 16:13:32.574] [info] Total compute time 18
[2026-03-15 16:13:32.574] [info] executable layer count 385
[2026-03-15 16:13:32.574] [info] Start layer /Constant_13
[2026-03-15 16:13:32.575] [info] Layer /Constant_13 finish at 123894
[2026-03-15 16:13:32.575] [info] Total compute time 18
[2026-03-15 16:13:32.575] [info] executable layer count 386
[2026-03-15 16:13:32.575] [info] Start layer /blocks.15/Constant
[2026-03-15 16:13:32.577] [info] Layer /blocks.15/Constant finish at 123913
[2026-03-15 16:13:32.577] [info] Total compute time 19
[2026-03-15 16:13:32.577] [info] executable layer count 385
[2026-03-15 16:13:32.577] [info] Start layer /blocks.15/Constant_1
[2026-03-15 16:13:32.578] [info] Layer /blocks.15/Constant_1 finish at 123932
[2026-03-15 16:13:32.578] [info] Total compute time 19
[2026-03-15 16:13:32.578] [info] executable layer count 384
[2026-03-15 16:13:32.578] [info] Start layer /blocks.15/Constant_2
[2026-03-15 16:13:32.580] [info] Layer /blocks.15/Constant_2 finish at 123950
[2026-03-15 16:13:32.580] [info] Total compute time 18
[2026-03-15 16:13:32.580] [info] executable layer count 383
[2026-03-15 16:13:32.580] [info] Start layer /blocks.15/Constant_3
[2026-03-15 16:13:32.581] [info] Layer /blocks.15/Constant_3 finish at 123968
[2026-03-15 16:13:32.581] [info] Total compute time 18
[2026-03-15 16:13:32.581] [info] executable layer count 382
[2026-03-15 16:13:32.581] [info] Start layer /blocks.15/Constant_4
[2026-03-15 16:13:32.582] [info] Layer /blocks.15/Constant_4 finish at 123987
[2026-03-15 16:13:32.582] [info] Total compute time 19
[2026-03-15 16:13:32.582] [info] executable layer count 381
[2026-03-15 16:13:32.582] [info] Start layer /blocks.15/Constant_5
[2026-03-15 16:13:32.584] [info] Layer /blocks.15/Constant_5 finish at 124006
[2026-03-15 16:13:32.584] [info] Total compute time 19
[2026-03-15 16:13:32.584] [info] executable layer count 380
[2026-03-15 16:13:32.584] [info] Start layer /blocks.15/Constant_6
[2026-03-15 16:13:32.585] [info] Layer /blocks.15/Constant_6 finish at 124024
[2026-03-15 16:13:32.585] [info] Total compute time 18
[2026-03-15 16:13:32.585] [info] executable layer count 379
[2026-03-15 16:13:32.585] [info] Start layer /blocks.15/Constant_7
[2026-03-15 16:13:32.586] [info] Layer /blocks.15/Constant_7 finish at 124042
[2026-03-15 16:13:32.586] [info] Total compute time 18
[2026-03-15 16:13:32.586] [info] executable layer count 378
[2026-03-15 16:13:32.586] [info] Start layer /blocks.15/Constant_8
[2026-03-15 16:13:32.588] [info] Layer /blocks.15/Constant_8 finish at 124061
[2026-03-15 16:13:32.588] [info] Total compute time 19
[2026-03-15 16:13:32.588] [info] executable layer count 377
[2026-03-15 16:13:32.588] [info] Start layer /blocks.15/Constant_9
[2026-03-15 16:13:32.589] [info] Layer /blocks.15/Constant_9 finish at 124080
[2026-03-15 16:13:32.589] [info] Total compute time 19
[2026-03-15 16:13:32.589] [info] executable layer count 376
[2026-03-15 16:13:32.589] [info] Start layer /blocks.15/Constant_10
[2026-03-15 16:13:32.590] [info] Layer /blocks.15/Constant_10 finish at 124098
[2026-03-15 16:13:32.590] [info] Total compute time 18
[2026-03-15 16:13:32.590] [info] executable layer count 375
[2026-03-15 16:13:32.590] [info] Start layer /blocks.15/Constant_11
[2026-03-15 16:13:32.592] [info] Layer /blocks.15/Constant_11 finish at 124116
[2026-03-15 16:13:32.592] [info] Total compute time 18
[2026-03-15 16:13:32.592] [info] executable layer count 374
[2026-03-15 16:13:32.592] [info] Start layer /blocks.15/Constant_12
[2026-03-15 16:13:32.593] [info] Layer /blocks.15/Constant_12 finish at 124135
[2026-03-15 16:13:32.593] [info] Total compute time 19
[2026-03-15 16:13:32.593] [info] executable layer count 373
[2026-03-15 16:13:32.593] [info] Start layer /blocks.15/Constant_13
[2026-03-15 16:13:32.594] [info] Layer /blocks.15/Constant_13 finish at 124154
[2026-03-15 16:13:32.594] [info] Total compute time 19
[2026-03-15 16:13:32.594] [info] executable layer count 372
[2026-03-15 16:13:32.594] [info] Start layer /blocks.15/Constant_14
[2026-03-15 16:13:32.596] [info] Layer /blocks.15/Constant_14 finish at 124172
[2026-03-15 16:13:32.596] [info] Total compute time 18
[2026-03-15 16:13:32.596] [info] executable layer count 371
[2026-03-15 16:13:32.596] [info] Start layer /blocks.15/Constant_15
[2026-03-15 16:13:32.597] [info] Layer /blocks.15/Constant_15 finish at 124190
[2026-03-15 16:13:32.597] [info] Total compute time 18
[2026-03-15 16:13:32.597] [info] executable layer count 370
[2026-03-15 16:13:32.597] [info] Start layer /blocks.15/Constant_16
[2026-03-15 16:13:32.598] [info] Layer /blocks.15/Constant_16 finish at 124209
[2026-03-15 16:13:32.598] [info] Total compute time 19
[2026-03-15 16:13:32.598] [info] executable layer count 369
[2026-03-15 16:13:32.598] [info] Start layer /blocks.15/Constant_17
[2026-03-15 16:13:32.600] [info] Layer /blocks.15/Constant_17 finish at 124228
[2026-03-15 16:13:32.600] [info] Total compute time 19
[2026-03-15 16:13:32.600] [info] executable layer count 368
[2026-03-15 16:13:32.600] [info] Start layer /blocks.15/Constant_18
[2026-03-15 16:13:32.601] [info] Layer /blocks.15/Constant_18 finish at 124246
[2026-03-15 16:13:32.601] [info] Total compute time 18
[2026-03-15 16:13:32.601] [info] executable layer count 367
[2026-03-15 16:13:32.601] [info] Start layer /blocks.15/Constant_19
[2026-03-15 16:13:32.602] [info] Layer /blocks.15/Constant_19 finish at 124264
[2026-03-15 16:13:32.602] [info] Total compute time 18
[2026-03-15 16:13:32.602] [info] executable layer count 366
[2026-03-15 16:13:32.602] [info] Start layer /blocks.15/Constant_20
[2026-03-15 16:13:32.604] [info] Layer /blocks.15/Constant_20 finish at 124283
[2026-03-15 16:13:32.604] [info] Total compute time 19
[2026-03-15 16:13:32.604] [info] executable layer count 365
[2026-03-15 16:13:32.604] [info] Start layer /blocks.15/Constant_21
[2026-03-15 16:13:32.605] [info] Layer /blocks.15/Constant_21 finish at 124302
[2026-03-15 16:13:32.605] [info] Total compute time 19
[2026-03-15 16:13:32.605] [info] executable layer count 364
[2026-03-15 16:13:32.605] [info] Start layer /blocks.15/Constant_22
[2026-03-15 16:13:32.606] [info] Layer /blocks.15/Constant_22 finish at 124320
[2026-03-15 16:13:32.606] [info] Total compute time 18
[2026-03-15 16:13:32.606] [info] executable layer count 363
[2026-03-15 16:13:32.606] [info] Start layer /blocks.15/Constant_23
[2026-03-15 16:13:32.608] [info] Layer /blocks.15/Constant_23 finish at 124338
[2026-03-15 16:13:32.608] [info] Total compute time 18
[2026-03-15 16:13:32.608] [info] executable layer count 362
[2026-03-15 16:13:32.608] [info] Start layer /blocks.15/Constant_24
[2026-03-15 16:13:32.609] [info] Layer /blocks.15/Constant_24 finish at 124357
[2026-03-15 16:13:32.609] [info] Total compute time 19
[2026-03-15 16:13:32.609] [info] executable layer count 361
[2026-03-15 16:13:32.609] [info] Start layer /blocks.15/Constant_25
[2026-03-15 16:13:32.610] [info] Layer /blocks.15/Constant_25 finish at 124376
[2026-03-15 16:13:32.610] [info] Total compute time 19
[2026-03-15 16:13:32.610] [info] executable layer count 360
[2026-03-15 16:13:32.610] [info] Start layer /blocks.15/Constant_26
[2026-03-15 16:13:32.612] [info] Layer /blocks.15/Constant_26 finish at 124394
[2026-03-15 16:13:32.612] [info] Total compute time 18
[2026-03-15 16:13:32.612] [info] executable layer count 359
[2026-03-15 16:13:32.612] [info] Start layer /blocks.15/Constant_27
[2026-03-15 16:13:32.613] [info] Layer /blocks.15/Constant_27 finish at 124415
[2026-03-15 16:13:32.613] [info] Total compute time 21
[2026-03-15 16:13:32.613] [info] executable layer count 358
[2026-03-15 16:13:32.613] [info] Start layer /blocks.15/Constant_28
[2026-03-15 16:13:32.614] [info] Layer /blocks.15/Constant_28 finish at 124434
[2026-03-15 16:13:32.614] [info] Total compute time 19
[2026-03-15 16:13:32.614] [info] executable layer count 357
[2026-03-15 16:13:32.614] [info] Start layer /blocks.15/Constant_29
[2026-03-15 16:13:32.616] [info] Layer /blocks.15/Constant_29 finish at 124453
[2026-03-15 16:13:32.616] [info] Total compute time 19
[2026-03-15 16:13:32.616] [info] executable layer count 356
[2026-03-15 16:13:32.616] [info] Start layer /blocks.16/Constant
[2026-03-15 16:13:32.617] [info] Layer /blocks.16/Constant finish at 124471
[2026-03-15 16:13:32.617] [info] Total compute time 18
[2026-03-15 16:13:32.617] [info] executable layer count 355
[2026-03-15 16:13:32.617] [info] Start layer /blocks.16/Constant_1
[2026-03-15 16:13:32.619] [info] Layer /blocks.16/Constant_1 finish at 124489
[2026-03-15 16:13:32.619] [info] Total compute time 18
[2026-03-15 16:13:32.619] [info] executable layer count 354
[2026-03-15 16:13:32.619] [info] Start layer /blocks.16/Constant_2
[2026-03-15 16:13:32.620] [info] Layer /blocks.16/Constant_2 finish at 124508
[2026-03-15 16:13:32.620] [info] Total compute time 19
[2026-03-15 16:13:32.620] [info] executable layer count 353
[2026-03-15 16:13:32.620] [info] Start layer /blocks.16/Constant_3
[2026-03-15 16:13:32.621] [info] Layer /blocks.16/Constant_3 finish at 124527
[2026-03-15 16:13:32.621] [info] Total compute time 19
[2026-03-15 16:13:32.621] [info] executable layer count 352
[2026-03-15 16:13:32.621] [info] Start layer /blocks.16/Constant_4
[2026-03-15 16:13:32.622] [info] Layer /blocks.16/Constant_4 finish at 124545
[2026-03-15 16:13:32.622] [info] Total compute time 18
[2026-03-15 16:13:32.622] [info] executable layer count 351
[2026-03-15 16:13:32.622] [info] Start layer /blocks.16/Constant_5
[2026-03-15 16:13:32.624] [info] Layer /blocks.16/Constant_5 finish at 124563
[2026-03-15 16:13:32.624] [info] Total compute time 18
[2026-03-15 16:13:32.624] [info] executable layer count 350
[2026-03-15 16:13:32.624] [info] Start layer /blocks.16/Constant_6
[2026-03-15 16:13:32.625] [info] Layer /blocks.16/Constant_6 finish at 124582
[2026-03-15 16:13:32.625] [info] Total compute time 19
[2026-03-15 16:13:32.625] [info] executable layer count 349
[2026-03-15 16:13:32.625] [info] Start layer /blocks.16/Constant_7
[2026-03-15 16:13:32.626] [info] Layer /blocks.16/Constant_7 finish at 124601
[2026-03-15 16:13:32.626] [info] Total compute time 19
[2026-03-15 16:13:32.626] [info] executable layer count 348
[2026-03-15 16:13:32.626] [info] Start layer /blocks.16/Constant_8
[2026-03-15 16:13:32.628] [info] Layer /blocks.16/Constant_8 finish at 124619
[2026-03-15 16:13:32.628] [info] Total compute time 18
[2026-03-15 16:13:32.628] [info] executable layer count 347
[2026-03-15 16:13:32.628] [info] Start layer /blocks.16/Constant_9
[2026-03-15 16:13:32.629] [info] Layer /blocks.16/Constant_9 finish at 124637
[2026-03-15 16:13:32.629] [info] Total compute time 18
[2026-03-15 16:13:32.629] [info] executable layer count 346
[2026-03-15 16:13:32.629] [info] Start layer /blocks.16/Constant_10
[2026-03-15 16:13:32.630] [info] Layer /blocks.16/Constant_10 finish at 124656
[2026-03-15 16:13:32.630] [info] Total compute time 19
[2026-03-15 16:13:32.630] [info] executable layer count 345
[2026-03-15 16:13:32.630] [info] Start layer /blocks.16/Constant_11
[2026-03-15 16:13:32.632] [info] Layer /blocks.16/Constant_11 finish at 124675
[2026-03-15 16:13:32.632] [info] Total compute time 19
[2026-03-15 16:13:32.632] [info] executable layer count 344
[2026-03-15 16:13:32.632] [info] Start layer /blocks.16/Constant_12
[2026-03-15 16:13:32.633] [info] Layer /blocks.16/Constant_12 finish at 124693
[2026-03-15 16:13:32.633] [info] Total compute time 18
[2026-03-15 16:13:32.633] [info] executable layer count 343
[2026-03-15 16:13:32.633] [info] Start layer /blocks.16/Constant_13
[2026-03-15 16:13:32.635] [info] Layer /blocks.16/Constant_13 finish at 124711
[2026-03-15 16:13:32.635] [info] Total compute time 18
[2026-03-15 16:13:32.635] [info] executable layer count 342
[2026-03-15 16:13:32.635] [info] Start layer /blocks.16/Constant_14
[2026-03-15 16:13:32.636] [info] Layer /blocks.16/Constant_14 finish at 124730
[2026-03-15 16:13:32.636] [info] Total compute time 19
[2026-03-15 16:13:32.636] [info] executable layer count 341
[2026-03-15 16:13:32.636] [info] Start layer /blocks.16/Constant_15
[2026-03-15 16:13:32.637] [info] Layer /blocks.16/Constant_15 finish at 124749
[2026-03-15 16:13:32.637] [info] Total compute time 19
[2026-03-15 16:13:32.637] [info] executable layer count 340
[2026-03-15 16:13:32.637] [info] Start layer /blocks.16/Constant_16
[2026-03-15 16:13:32.639] [info] Layer /blocks.16/Constant_16 finish at 124767
[2026-03-15 16:13:32.639] [info] Total compute time 18
[2026-03-15 16:13:32.639] [info] executable layer count 339
[2026-03-15 16:13:32.639] [info] Start layer /blocks.16/Constant_17
[2026-03-15 16:13:32.640] [info] Layer /blocks.16/Constant_17 finish at 124785
[2026-03-15 16:13:32.640] [info] Total compute time 18
[2026-03-15 16:13:32.640] [info] executable layer count 338
[2026-03-15 16:13:32.640] [info] Start layer /blocks.16/Constant_18
[2026-03-15 16:13:32.641] [info] Layer /blocks.16/Constant_18 finish at 124804
[2026-03-15 16:13:32.641] [info] Total compute time 19
[2026-03-15 16:13:32.641] [info] executable layer count 337
[2026-03-15 16:13:32.641] [info] Start layer /blocks.16/Constant_19
[2026-03-15 16:13:32.643] [info] Layer /blocks.16/Constant_19 finish at 124823
[2026-03-15 16:13:32.643] [info] Total compute time 19
[2026-03-15 16:13:32.643] [info] executable layer count 336
[2026-03-15 16:13:32.643] [info] Start layer /blocks.16/Constant_20
[2026-03-15 16:13:32.644] [info] Layer /blocks.16/Constant_20 finish at 124841
[2026-03-15 16:13:32.644] [info] Total compute time 18
[2026-03-15 16:13:32.644] [info] executable layer count 335
[2026-03-15 16:13:32.644] [info] Start layer /blocks.16/Constant_21
[2026-03-15 16:13:32.645] [info] Layer /blocks.16/Constant_21 finish at 124859
[2026-03-15 16:13:32.645] [info] Total compute time 18
[2026-03-15 16:13:32.645] [info] executable layer count 334
[2026-03-15 16:13:32.645] [info] Start layer /blocks.16/Constant_22
[2026-03-15 16:13:32.646] [info] Layer /blocks.16/Constant_22 finish at 124878
[2026-03-15 16:13:32.646] [info] Total compute time 19
[2026-03-15 16:13:32.646] [info] executable layer count 333
[2026-03-15 16:13:32.646] [info] Start layer /blocks.16/Constant_23
[2026-03-15 16:13:32.648] [info] Layer /blocks.16/Constant_23 finish at 124897
[2026-03-15 16:13:32.648] [info] Total compute time 19
[2026-03-15 16:13:32.648] [info] executable layer count 332
[2026-03-15 16:13:32.648] [info] Start layer /blocks.16/Constant_24
[2026-03-15 16:13:32.649] [info] Layer /blocks.16/Constant_24 finish at 124915
[2026-03-15 16:13:32.649] [info] Total compute time 18
[2026-03-15 16:13:32.649] [info] executable layer count 331
[2026-03-15 16:13:32.649] [info] Start layer /blocks.16/Constant_25
[2026-03-15 16:13:32.651] [info] Layer /blocks.16/Constant_25 finish at 124933
[2026-03-15 16:13:32.651] [info] Total compute time 18
[2026-03-15 16:13:32.651] [info] executable layer count 330
[2026-03-15 16:13:32.651] [info] Start layer /blocks.16/Constant_26
[2026-03-15 16:13:32.652] [info] Layer /blocks.16/Constant_26 finish at 124952
[2026-03-15 16:13:32.652] [info] Total compute time 19
[2026-03-15 16:13:32.652] [info] executable layer count 329
[2026-03-15 16:13:32.652] [info] Start layer /blocks.16/Constant_27
[2026-03-15 16:13:32.653] [info] Layer /blocks.16/Constant_27 finish at 124971
[2026-03-15 16:13:32.653] [info] Total compute time 19
[2026-03-15 16:13:32.653] [info] executable layer count 328
[2026-03-15 16:13:32.653] [info] Start layer /blocks.16/Constant_28
[2026-03-15 16:13:32.655] [info] Layer /blocks.16/Constant_28 finish at 124989
[2026-03-15 16:13:32.655] [info] Total compute time 18
[2026-03-15 16:13:32.655] [info] executable layer count 327
[2026-03-15 16:13:32.655] [info] Start layer /blocks.16/Constant_29
[2026-03-15 16:13:32.656] [info] Layer /blocks.16/Constant_29 finish at 125007
[2026-03-15 16:13:32.656] [info] Total compute time 18
[2026-03-15 16:13:32.656] [info] executable layer count 326
[2026-03-15 16:13:32.656] [info] Start layer /Constant_14
[2026-03-15 16:13:32.657] [info] Layer /Constant_14 finish at 125026
[2026-03-15 16:13:32.657] [info] Total compute time 19
[2026-03-15 16:13:32.657] [info] executable layer count 327
[2026-03-15 16:13:32.657] [info] Start layer /blocks.17/Constant
[2026-03-15 16:13:32.659] [info] Layer /blocks.17/Constant finish at 125045
[2026-03-15 16:13:32.659] [info] Total compute time 19
[2026-03-15 16:13:32.659] [info] executable layer count 326
[2026-03-15 16:13:32.659] [info] Start layer /blocks.17/Constant_1
[2026-03-15 16:13:32.660] [info] Layer /blocks.17/Constant_1 finish at 125063
[2026-03-15 16:13:32.660] [info] Total compute time 18
[2026-03-15 16:13:32.660] [info] executable layer count 325
[2026-03-15 16:13:32.660] [info] Start layer /blocks.17/Constant_2
[2026-03-15 16:13:32.661] [info] Layer /blocks.17/Constant_2 finish at 125081
[2026-03-15 16:13:32.661] [info] Total compute time 18
[2026-03-15 16:13:32.661] [info] executable layer count 324
[2026-03-15 16:13:32.661] [info] Start layer /blocks.17/Constant_3
[2026-03-15 16:13:32.663] [info] Layer /blocks.17/Constant_3 finish at 125100
[2026-03-15 16:13:32.663] [info] Total compute time 19
[2026-03-15 16:13:32.663] [info] executable layer count 323
[2026-03-15 16:13:32.663] [info] Start layer /blocks.17/Constant_4
[2026-03-15 16:13:32.664] [info] Layer /blocks.17/Constant_4 finish at 125119
[2026-03-15 16:13:32.664] [info] Total compute time 19
[2026-03-15 16:13:32.664] [info] executable layer count 322
[2026-03-15 16:13:32.664] [info] Start layer /blocks.17/Constant_5
[2026-03-15 16:13:32.665] [info] Layer /blocks.17/Constant_5 finish at 125137
[2026-03-15 16:13:32.665] [info] Total compute time 18
[2026-03-15 16:13:32.665] [info] executable layer count 321
[2026-03-15 16:13:32.665] [info] Start layer /blocks.17/Constant_6
[2026-03-15 16:13:32.667] [info] Layer /blocks.17/Constant_6 finish at 125155
[2026-03-15 16:13:32.667] [info] Total compute time 18
[2026-03-15 16:13:32.667] [info] executable layer count 320
[2026-03-15 16:13:32.667] [info] Start layer /blocks.17/Constant_7
[2026-03-15 16:13:32.668] [info] Layer /blocks.17/Constant_7 finish at 125174
[2026-03-15 16:13:32.668] [info] Total compute time 19
[2026-03-15 16:13:32.668] [info] executable layer count 319
[2026-03-15 16:13:32.668] [info] Start layer /blocks.17/Constant_8
[2026-03-15 16:13:32.669] [info] Layer /blocks.17/Constant_8 finish at 125193
[2026-03-15 16:13:32.669] [info] Total compute time 19
[2026-03-15 16:13:32.669] [info] executable layer count 318
[2026-03-15 16:13:32.669] [info] Start layer /blocks.17/Constant_9
[2026-03-15 16:13:32.671] [info] Layer /blocks.17/Constant_9 finish at 125211
[2026-03-15 16:13:32.671] [info] Total compute time 18
[2026-03-15 16:13:32.671] [info] executable layer count 317
[2026-03-15 16:13:32.671] [info] Start layer /blocks.17/Constant_10
[2026-03-15 16:13:32.672] [info] Layer /blocks.17/Constant_10 finish at 125229
[2026-03-15 16:13:32.672] [info] Total compute time 18
[2026-03-15 16:13:32.672] [info] executable layer count 316
[2026-03-15 16:13:32.672] [info] Start layer /blocks.17/Constant_11
[2026-03-15 16:13:32.673] [info] Layer /blocks.17/Constant_11 finish at 125248
[2026-03-15 16:13:32.673] [info] Total compute time 19
[2026-03-15 16:13:32.673] [info] executable layer count 315
[2026-03-15 16:13:32.673] [info] Start layer /blocks.17/Constant_12
[2026-03-15 16:13:32.675] [info] Layer /blocks.17/Constant_12 finish at 125267
[2026-03-15 16:13:32.675] [info] Total compute time 19
[2026-03-15 16:13:32.675] [info] executable layer count 314
[2026-03-15 16:13:32.675] [info] Start layer /blocks.17/Constant_13
[2026-03-15 16:13:32.676] [info] Layer /blocks.17/Constant_13 finish at 125285
[2026-03-15 16:13:32.676] [info] Total compute time 18
[2026-03-15 16:13:32.676] [info] executable layer count 313
[2026-03-15 16:13:32.676] [info] Start layer /blocks.17/Constant_14
[2026-03-15 16:13:32.677] [info] Layer /blocks.17/Constant_14 finish at 125303
[2026-03-15 16:13:32.677] [info] Total compute time 18
[2026-03-15 16:13:32.677] [info] executable layer count 312
[2026-03-15 16:13:32.677] [info] Start layer /blocks.17/Constant_15
[2026-03-15 16:13:32.679] [info] Layer /blocks.17/Constant_15 finish at 125322
[2026-03-15 16:13:32.679] [info] Total compute time 19
[2026-03-15 16:13:32.679] [info] executable layer count 311
[2026-03-15 16:13:32.679] [info] Start layer /blocks.17/Constant_16
[2026-03-15 16:13:32.680] [info] Layer /blocks.17/Constant_16 finish at 125341
[2026-03-15 16:13:32.680] [info] Total compute time 19
[2026-03-15 16:13:32.680] [info] executable layer count 310
[2026-03-15 16:13:32.680] [info] Start layer /blocks.17/Constant_17
[2026-03-15 16:13:32.681] [info] Layer /blocks.17/Constant_17 finish at 125359
[2026-03-15 16:13:32.681] [info] Total compute time 18
[2026-03-15 16:13:32.681] [info] executable layer count 309
[2026-03-15 16:13:32.681] [info] Start layer /blocks.17/Constant_18
[2026-03-15 16:13:32.682] [info] Layer /blocks.17/Constant_18 finish at 125377
[2026-03-15 16:13:32.682] [info] Total compute time 18
[2026-03-15 16:13:32.682] [info] executable layer count 308
[2026-03-15 16:13:32.682] [info] Start layer /blocks.17/Constant_19
[2026-03-15 16:13:32.684] [info] Layer /blocks.17/Constant_19 finish at 125396
[2026-03-15 16:13:32.684] [info] Total compute time 19
[2026-03-15 16:13:32.684] [info] executable layer count 307
[2026-03-15 16:13:32.684] [info] Start layer /blocks.17/Constant_20
[2026-03-15 16:13:32.685] [info] Layer /blocks.17/Constant_20 finish at 125415
[2026-03-15 16:13:32.685] [info] Total compute time 19
[2026-03-15 16:13:32.685] [info] executable layer count 306
[2026-03-15 16:13:32.685] [info] Start layer /blocks.17/Constant_21
[2026-03-15 16:13:32.687] [info] Layer /blocks.17/Constant_21 finish at 125433
[2026-03-15 16:13:32.687] [info] Total compute time 18
[2026-03-15 16:13:32.687] [info] executable layer count 305
[2026-03-15 16:13:32.687] [info] Start layer /blocks.17/Constant_22
[2026-03-15 16:13:32.688] [info] Layer /blocks.17/Constant_22 finish at 125451
[2026-03-15 16:13:32.688] [info] Total compute time 18
[2026-03-15 16:13:32.688] [info] executable layer count 304
[2026-03-15 16:13:32.688] [info] Start layer /blocks.17/Constant_23
[2026-03-15 16:13:32.689] [info] Layer /blocks.17/Constant_23 finish at 125470
[2026-03-15 16:13:32.689] [info] Total compute time 19
[2026-03-15 16:13:32.689] [info] executable layer count 303
[2026-03-15 16:13:32.689] [info] Start layer /blocks.17/Constant_24
[2026-03-15 16:13:32.691] [info] Layer /blocks.17/Constant_24 finish at 125489
[2026-03-15 16:13:32.691] [info] Total compute time 19
[2026-03-15 16:13:32.691] [info] executable layer count 302
[2026-03-15 16:13:32.691] [info] Start layer /blocks.17/Constant_25
[2026-03-15 16:13:32.692] [info] Layer /blocks.17/Constant_25 finish at 125507
[2026-03-15 16:13:32.692] [info] Total compute time 18
[2026-03-15 16:13:32.692] [info] executable layer count 301
[2026-03-15 16:13:32.692] [info] Start layer /blocks.17/Constant_26
[2026-03-15 16:13:32.693] [info] Layer /blocks.17/Constant_26 finish at 125525
[2026-03-15 16:13:32.693] [info] Total compute time 18
[2026-03-15 16:13:32.693] [info] executable layer count 300
[2026-03-15 16:13:32.693] [info] Start layer /blocks.17/Constant_27
[2026-03-15 16:13:32.695] [info] Layer /blocks.17/Constant_27 finish at 125544
[2026-03-15 16:13:32.695] [info] Total compute time 19
[2026-03-15 16:13:32.695] [info] executable layer count 299
[2026-03-15 16:13:32.695] [info] Start layer /blocks.17/Constant_28
[2026-03-15 16:13:32.696] [info] Layer /blocks.17/Constant_28 finish at 125563
[2026-03-15 16:13:32.696] [info] Total compute time 19
[2026-03-15 16:13:32.696] [info] executable layer count 298
[2026-03-15 16:13:32.696] [info] Start layer /blocks.17/Constant_29
[2026-03-15 16:13:32.697] [info] Layer /blocks.17/Constant_29 finish at 125581
[2026-03-15 16:13:32.697] [info] Total compute time 18
[2026-03-15 16:13:32.697] [info] executable layer count 297
[2026-03-15 16:13:32.697] [info] Start layer /Constant_15
[2026-03-15 16:13:32.699] [info] Layer /Constant_15 finish at 125599
[2026-03-15 16:13:32.699] [info] Total compute time 18
[2026-03-15 16:13:32.699] [info] executable layer count 298
[2026-03-15 16:13:32.699] [info] Start layer /blocks.18/Constant
[2026-03-15 16:13:32.700] [info] Layer /blocks.18/Constant finish at 125618
[2026-03-15 16:13:32.700] [info] Total compute time 19
[2026-03-15 16:13:32.700] [info] executable layer count 297
[2026-03-15 16:13:32.700] [info] Start layer /blocks.18/Constant_1
[2026-03-15 16:13:32.702] [info] Layer /blocks.18/Constant_1 finish at 125637
[2026-03-15 16:13:32.702] [info] Total compute time 19
[2026-03-15 16:13:32.702] [info] executable layer count 296
[2026-03-15 16:13:32.702] [info] Start layer /blocks.18/Constant_2
[2026-03-15 16:13:32.703] [info] Layer /blocks.18/Constant_2 finish at 125655
[2026-03-15 16:13:32.703] [info] Total compute time 18
[2026-03-15 16:13:32.703] [info] executable layer count 295
[2026-03-15 16:13:32.703] [info] Start layer /blocks.18/Constant_3
[2026-03-15 16:13:32.704] [info] Layer /blocks.18/Constant_3 finish at 125673
[2026-03-15 16:13:32.704] [info] Total compute time 18
[2026-03-15 16:13:32.704] [info] executable layer count 294
[2026-03-15 16:13:32.704] [info] Start layer /blocks.18/Constant_4
[2026-03-15 16:13:32.706] [info] Layer /blocks.18/Constant_4 finish at 125692
[2026-03-15 16:13:32.706] [info] Total compute time 19
[2026-03-15 16:13:32.706] [info] executable layer count 293
[2026-03-15 16:13:32.706] [info] Start layer /blocks.18/Constant_5
[2026-03-15 16:13:32.707] [info] Layer /blocks.18/Constant_5 finish at 125711
[2026-03-15 16:13:32.707] [info] Total compute time 19
[2026-03-15 16:13:32.707] [info] executable layer count 292
[2026-03-15 16:13:32.707] [info] Start layer /blocks.18/Constant_6
[2026-03-15 16:13:32.709] [info] Layer /blocks.18/Constant_6 finish at 125731
[2026-03-15 16:13:32.709] [info] Total compute time 20
[2026-03-15 16:13:32.709] [info] executable layer count 291
[2026-03-15 16:13:32.709] [info] Start layer /blocks.18/Constant_7
[2026-03-15 16:13:32.710] [info] Layer /blocks.18/Constant_7 finish at 125749
[2026-03-15 16:13:32.710] [info] Total compute time 18
[2026-03-15 16:13:32.710] [info] executable layer count 290
[2026-03-15 16:13:32.710] [info] Start layer /blocks.18/Constant_8
[2026-03-15 16:13:32.711] [info] Layer /blocks.18/Constant_8 finish at 125768
[2026-03-15 16:13:32.711] [info] Total compute time 19
[2026-03-15 16:13:32.711] [info] executable layer count 289
[2026-03-15 16:13:32.711] [info] Start layer /blocks.18/Constant_9
[2026-03-15 16:13:32.713] [info] Layer /blocks.18/Constant_9 finish at 125787
[2026-03-15 16:13:32.713] [info] Total compute time 19
[2026-03-15 16:13:32.713] [info] executable layer count 288
[2026-03-15 16:13:32.713] [info] Start layer /blocks.18/Constant_10
[2026-03-15 16:13:32.714] [info] Layer /blocks.18/Constant_10 finish at 125805
[2026-03-15 16:13:32.714] [info] Total compute time 18
[2026-03-15 16:13:32.714] [info] executable layer count 287
[2026-03-15 16:13:32.714] [info] Start layer /blocks.18/Constant_11
[2026-03-15 16:13:32.715] [info] Layer /blocks.18/Constant_11 finish at 125823
[2026-03-15 16:13:32.715] [info] Total compute time 18
[2026-03-15 16:13:32.715] [info] executable layer count 286
[2026-03-15 16:13:32.715] [info] Start layer /blocks.18/Constant_12
[2026-03-15 16:13:32.717] [info] Layer /blocks.18/Constant_12 finish at 125842
[2026-03-15 16:13:32.717] [info] Total compute time 19
[2026-03-15 16:13:32.717] [info] executable layer count 285
[2026-03-15 16:13:32.717] [info] Start layer /blocks.18/Constant_13
[2026-03-15 16:13:32.718] [info] Layer /blocks.18/Constant_13 finish at 125861
[2026-03-15 16:13:32.718] [info] Total compute time 19
[2026-03-15 16:13:32.718] [info] executable layer count 284
[2026-03-15 16:13:32.718] [info] Start layer /blocks.18/Constant_14
[2026-03-15 16:13:32.720] [info] Layer /blocks.18/Constant_14 finish at 125879
[2026-03-15 16:13:32.720] [info] Total compute time 18
[2026-03-15 16:13:32.720] [info] executable layer count 283
[2026-03-15 16:13:32.720] [info] Start layer /blocks.18/Constant_15
[2026-03-15 16:13:32.721] [info] Layer /blocks.18/Constant_15 finish at 125897
[2026-03-15 16:13:32.721] [info] Total compute time 18
[2026-03-15 16:13:32.721] [info] executable layer count 282
[2026-03-15 16:13:32.721] [info] Start layer /blocks.18/Constant_16
[2026-03-15 16:13:32.723] [info] Layer /blocks.18/Constant_16 finish at 125916
[2026-03-15 16:13:32.723] [info] Total compute time 19
[2026-03-15 16:13:32.723] [info] executable layer count 281
[2026-03-15 16:13:32.723] [info] Start layer /blocks.18/Constant_17
[2026-03-15 16:13:32.726] [info] Layer /blocks.18/Constant_17 finish at 125935
[2026-03-15 16:13:32.726] [info] Total compute time 19
[2026-03-15 16:13:32.726] [info] executable layer count 280
[2026-03-15 16:13:32.726] [info] Start layer /blocks.18/Constant_18
[2026-03-15 16:13:32.729] [info] Layer /blocks.18/Constant_18 finish at 125953
[2026-03-15 16:13:32.729] [info] Total compute time 18
[2026-03-15 16:13:32.729] [info] executable layer count 279
[2026-03-15 16:13:32.729] [info] Start layer /blocks.18/Constant_19
[2026-03-15 16:13:32.731] [info] Layer /blocks.18/Constant_19 finish at 125971
[2026-03-15 16:13:32.731] [info] Total compute time 18
[2026-03-15 16:13:32.731] [info] executable layer count 278
[2026-03-15 16:13:32.731] [info] Start layer /blocks.18/Constant_20
[2026-03-15 16:13:32.733] [info] Layer /blocks.18/Constant_20 finish at 125990
[2026-03-15 16:13:32.733] [info] Total compute time 19
[2026-03-15 16:13:32.733] [info] executable layer count 277
[2026-03-15 16:13:32.733] [info] Start layer /blocks.18/Constant_21
[2026-03-15 16:13:32.735] [info] Layer /blocks.18/Constant_21 finish at 126009
[2026-03-15 16:13:32.735] [info] Total compute time 19
[2026-03-15 16:13:32.735] [info] executable layer count 276
[2026-03-15 16:13:32.735] [info] Start layer /blocks.18/Constant_22
[2026-03-15 16:13:32.737] [info] Layer /blocks.18/Constant_22 finish at 126027
[2026-03-15 16:13:32.737] [info] Total compute time 18
[2026-03-15 16:13:32.737] [info] executable layer count 275
[2026-03-15 16:13:32.737] [info] Start layer /blocks.18/Constant_23
[2026-03-15 16:13:32.739] [info] Layer /blocks.18/Constant_23 finish at 126045
[2026-03-15 16:13:32.739] [info] Total compute time 18
[2026-03-15 16:13:32.739] [info] executable layer count 274
[2026-03-15 16:13:32.739] [info] Start layer /blocks.18/Constant_24
[2026-03-15 16:13:32.741] [info] Layer /blocks.18/Constant_24 finish at 126064
[2026-03-15 16:13:32.741] [info] Total compute time 19
[2026-03-15 16:13:32.741] [info] executable layer count 273
[2026-03-15 16:13:32.741] [info] Start layer /blocks.18/Constant_25
[2026-03-15 16:13:32.743] [info] Layer /blocks.18/Constant_25 finish at 126083
[2026-03-15 16:13:32.743] [info] Total compute time 19
[2026-03-15 16:13:32.743] [info] executable layer count 272
[2026-03-15 16:13:32.743] [info] Start layer /blocks.18/Constant_26
[2026-03-15 16:13:32.745] [info] Layer /blocks.18/Constant_26 finish at 126101
[2026-03-15 16:13:32.745] [info] Total compute time 18
[2026-03-15 16:13:32.746] [info] executable layer count 271
[2026-03-15 16:13:32.746] [info] Start layer /blocks.18/Constant_27
[2026-03-15 16:13:32.747] [info] Layer /blocks.18/Constant_27 finish at 126119
[2026-03-15 16:13:32.747] [info] Total compute time 18
[2026-03-15 16:13:32.747] [info] executable layer count 270
[2026-03-15 16:13:32.747] [info] Start layer /blocks.18/Constant_28
[2026-03-15 16:13:32.749] [info] Layer /blocks.18/Constant_28 finish at 126138
[2026-03-15 16:13:32.749] [info] Total compute time 19
[2026-03-15 16:13:32.749] [info] executable layer count 269
[2026-03-15 16:13:32.749] [info] Start layer /blocks.18/Constant_29
[2026-03-15 16:13:32.751] [info] Layer /blocks.18/Constant_29 finish at 126157
[2026-03-15 16:13:32.751] [info] Total compute time 19
[2026-03-15 16:13:32.752] [info] executable layer count 268
[2026-03-15 16:13:32.752] [info] Start layer /Constant_16
[2026-03-15 16:13:32.753] [info] Layer /Constant_16 finish at 126175
[2026-03-15 16:13:32.753] [info] Total compute time 18
[2026-03-15 16:13:32.753] [info] executable layer count 269
[2026-03-15 16:13:32.753] [info] Start layer /blocks.19/Constant
[2026-03-15 16:13:32.755] [info] Layer /blocks.19/Constant finish at 126193
[2026-03-15 16:13:32.755] [info] Total compute time 18
[2026-03-15 16:13:32.755] [info] executable layer count 268
[2026-03-15 16:13:32.755] [info] Start layer /blocks.19/Constant_1
[2026-03-15 16:13:32.756] [info] Layer /blocks.19/Constant_1 finish at 126212
[2026-03-15 16:13:32.756] [info] Total compute time 19
[2026-03-15 16:13:32.756] [info] executable layer count 267
[2026-03-15 16:13:32.756] [info] Start layer /blocks.19/Constant_2
[2026-03-15 16:13:32.758] [info] Layer /blocks.19/Constant_2 finish at 126231
[2026-03-15 16:13:32.758] [info] Total compute time 19
[2026-03-15 16:13:32.758] [info] executable layer count 266
[2026-03-15 16:13:32.758] [info] Start layer /blocks.19/Constant_3
[2026-03-15 16:13:32.760] [info] Layer /blocks.19/Constant_3 finish at 126249
[2026-03-15 16:13:32.760] [info] Total compute time 18
[2026-03-15 16:13:32.760] [info] executable layer count 265
[2026-03-15 16:13:32.760] [info] Start layer /blocks.19/Constant_4
[2026-03-15 16:13:32.763] [info] Layer /blocks.19/Constant_4 finish at 126267
[2026-03-15 16:13:32.763] [info] Total compute time 18
[2026-03-15 16:13:32.763] [info] executable layer count 264
[2026-03-15 16:13:32.763] [info] Start layer /blocks.19/Constant_5
[2026-03-15 16:13:32.765] [info] Layer /blocks.19/Constant_5 finish at 126286
[2026-03-15 16:13:32.765] [info] Total compute time 19
[2026-03-15 16:13:32.765] [info] executable layer count 263
[2026-03-15 16:13:32.765] [info] Start layer /blocks.19/Constant_6
[2026-03-15 16:13:32.767] [info] Layer /blocks.19/Constant_6 finish at 126305
[2026-03-15 16:13:32.767] [info] Total compute time 19
[2026-03-15 16:13:32.767] [info] executable layer count 262
[2026-03-15 16:13:32.767] [info] Start layer /blocks.19/Constant_7
[2026-03-15 16:13:32.770] [info] Layer /blocks.19/Constant_7 finish at 126323
[2026-03-15 16:13:32.770] [info] Total compute time 18
[2026-03-15 16:13:32.770] [info] executable layer count 261
[2026-03-15 16:13:32.770] [info] Start layer /blocks.19/Constant_8
[2026-03-15 16:13:32.772] [info] Layer /blocks.19/Constant_8 finish at 126341
[2026-03-15 16:13:32.772] [info] Total compute time 18
[2026-03-15 16:13:32.772] [info] executable layer count 260
[2026-03-15 16:13:32.772] [info] Start layer /blocks.19/Constant_9
[2026-03-15 16:13:32.774] [info] Layer /blocks.19/Constant_9 finish at 126360
[2026-03-15 16:13:32.774] [info] Total compute time 19
[2026-03-15 16:13:32.774] [info] executable layer count 259
[2026-03-15 16:13:32.774] [info] Start layer /blocks.19/Constant_10
[2026-03-15 16:13:32.775] [info] Layer /blocks.19/Constant_10 finish at 126379
[2026-03-15 16:13:32.775] [info] Total compute time 19
[2026-03-15 16:13:32.775] [info] executable layer count 258
[2026-03-15 16:13:32.775] [info] Start layer /blocks.19/Constant_11
[2026-03-15 16:13:32.778] [info] Layer /blocks.19/Constant_11 finish at 126397
[2026-03-15 16:13:32.778] [info] Total compute time 18
[2026-03-15 16:13:32.778] [info] executable layer count 257
[2026-03-15 16:13:32.778] [info] Start layer /blocks.19/Constant_12
[2026-03-15 16:13:32.781] [info] Layer /blocks.19/Constant_12 finish at 126415
[2026-03-15 16:13:32.781] [info] Total compute time 18
[2026-03-15 16:13:32.781] [info] executable layer count 256
[2026-03-15 16:13:32.781] [info] Start layer /blocks.19/Constant_13
[2026-03-15 16:13:32.783] [info] Layer /blocks.19/Constant_13 finish at 126434
[2026-03-15 16:13:32.783] [info] Total compute time 19
[2026-03-15 16:13:32.783] [info] executable layer count 255
[2026-03-15 16:13:32.783] [info] Start layer /blocks.19/Constant_14
[2026-03-15 16:13:32.786] [info] Layer /blocks.19/Constant_14 finish at 126453
[2026-03-15 16:13:32.786] [info] Total compute time 19
[2026-03-15 16:13:32.786] [info] executable layer count 254
[2026-03-15 16:13:32.786] [info] Start layer /blocks.19/Constant_15
[2026-03-15 16:13:32.788] [info] Layer /blocks.19/Constant_15 finish at 126471
[2026-03-15 16:13:32.788] [info] Total compute time 18
[2026-03-15 16:13:32.788] [info] executable layer count 253
[2026-03-15 16:13:32.788] [info] Start layer /blocks.19/Constant_16
[2026-03-15 16:13:32.789] [info] Layer /blocks.19/Constant_16 finish at 126489
[2026-03-15 16:13:32.789] [info] Total compute time 18
[2026-03-15 16:13:32.789] [info] executable layer count 252
[2026-03-15 16:13:32.789] [info] Start layer /blocks.19/Constant_17
[2026-03-15 16:13:32.791] [info] Layer /blocks.19/Constant_17 finish at 126508
[2026-03-15 16:13:32.791] [info] Total compute time 19
[2026-03-15 16:13:32.791] [info] executable layer count 251
[2026-03-15 16:13:32.791] [info] Start layer /blocks.19/Constant_18
[2026-03-15 16:13:32.793] [info] Layer /blocks.19/Constant_18 finish at 126527
[2026-03-15 16:13:32.793] [info] Total compute time 19
[2026-03-15 16:13:32.793] [info] executable layer count 250
[2026-03-15 16:13:32.793] [info] Start layer /blocks.19/Constant_19
[2026-03-15 16:13:32.794] [info] Layer /blocks.19/Constant_19 finish at 126545
[2026-03-15 16:13:32.794] [info] Total compute time 18
[2026-03-15 16:13:32.795] [info] executable layer count 249
[2026-03-15 16:13:32.795] [info] Start layer /blocks.19/Constant_20
[2026-03-15 16:13:32.797] [info] Layer /blocks.19/Constant_20 finish at 126563
[2026-03-15 16:13:32.797] [info] Total compute time 18
[2026-03-15 16:13:32.797] [info] executable layer count 248
[2026-03-15 16:13:32.797] [info] Start layer /blocks.19/Constant_21
[2026-03-15 16:13:32.799] [info] Layer /blocks.19/Constant_21 finish at 126582
[2026-03-15 16:13:32.799] [info] Total compute time 19
[2026-03-15 16:13:32.799] [info] executable layer count 247
[2026-03-15 16:13:32.799] [info] Start layer /blocks.19/Constant_22
[2026-03-15 16:13:32.801] [info] Layer /blocks.19/Constant_22 finish at 126601
[2026-03-15 16:13:32.801] [info] Total compute time 19
[2026-03-15 16:13:32.801] [info] executable layer count 246
[2026-03-15 16:13:32.801] [info] Start layer /blocks.19/Constant_23
[2026-03-15 16:13:32.803] [info] Layer /blocks.19/Constant_23 finish at 126619
[2026-03-15 16:13:32.803] [info] Total compute time 18
[2026-03-15 16:13:32.803] [info] executable layer count 245
[2026-03-15 16:13:32.803] [info] Start layer /blocks.19/Constant_24
[2026-03-15 16:13:32.805] [info] Layer /blocks.19/Constant_24 finish at 126637
[2026-03-15 16:13:32.805] [info] Total compute time 18
[2026-03-15 16:13:32.806] [info] executable layer count 244
[2026-03-15 16:13:32.806] [info] Start layer /blocks.19/Constant_25
[2026-03-15 16:13:32.808] [info] Layer /blocks.19/Constant_25 finish at 126656
[2026-03-15 16:13:32.808] [info] Total compute time 19
[2026-03-15 16:13:32.808] [info] executable layer count 243
[2026-03-15 16:13:32.808] [info] Start layer /blocks.19/Constant_26
[2026-03-15 16:13:32.809] [info] Layer /blocks.19/Constant_26 finish at 126675
[2026-03-15 16:13:32.809] [info] Total compute time 19
[2026-03-15 16:13:32.809] [info] executable layer count 242
[2026-03-15 16:13:32.809] [info] Start layer /blocks.19/Constant_27
[2026-03-15 16:13:32.811] [info] Layer /blocks.19/Constant_27 finish at 126693
[2026-03-15 16:13:32.811] [info] Total compute time 18
[2026-03-15 16:13:32.811] [info] executable layer count 241
[2026-03-15 16:13:32.811] [info] Start layer /blocks.19/Constant_28
[2026-03-15 16:13:32.813] [info] Layer /blocks.19/Constant_28 finish at 126711
[2026-03-15 16:13:32.813] [info] Total compute time 18
[2026-03-15 16:13:32.813] [info] executable layer count 240
[2026-03-15 16:13:32.813] [info] Start layer /blocks.19/Constant_29
[2026-03-15 16:13:32.815] [info] Layer /blocks.19/Constant_29 finish at 126730
[2026-03-15 16:13:32.815] [info] Total compute time 19
[2026-03-15 16:13:32.815] [info] executable layer count 239
[2026-03-15 16:13:32.815] [info] Start layer /blocks.20/Constant
[2026-03-15 16:13:32.817] [info] Layer /blocks.20/Constant finish at 126749
[2026-03-15 16:13:32.817] [info] Total compute time 19
[2026-03-15 16:13:32.817] [info] executable layer count 238
[2026-03-15 16:13:32.817] [info] Start layer /blocks.20/Constant_1
[2026-03-15 16:13:32.819] [info] Layer /blocks.20/Constant_1 finish at 126767
[2026-03-15 16:13:32.819] [info] Total compute time 18
[2026-03-15 16:13:32.819] [info] executable layer count 237
[2026-03-15 16:13:32.819] [info] Start layer /blocks.20/Constant_2
[2026-03-15 16:13:32.821] [info] Layer /blocks.20/Constant_2 finish at 126785
[2026-03-15 16:13:32.821] [info] Total compute time 18
[2026-03-15 16:13:32.821] [info] executable layer count 236
[2026-03-15 16:13:32.821] [info] Start layer /blocks.20/Constant_3
[2026-03-15 16:13:32.826] [info] Layer /blocks.20/Constant_3 finish at 126816
[2026-03-15 16:13:32.826] [info] Total compute time 31
[2026-03-15 16:13:32.826] [info] executable layer count 235
[2026-03-15 16:13:32.826] [info] Start layer /blocks.20/Constant_4
[2026-03-15 16:13:32.833] [info] Layer /blocks.20/Constant_4 finish at 126869
[2026-03-15 16:13:32.833] [info] Total compute time 53
[2026-03-15 16:13:32.833] [info] executable layer count 234
[2026-03-15 16:13:32.833] [info] Start layer /blocks.20/Constant_5
[2026-03-15 16:13:32.836] [info] Layer /blocks.20/Constant_5 finish at 126887
[2026-03-15 16:13:32.836] [info] Total compute time 18
[2026-03-15 16:13:32.836] [info] executable layer count 233
[2026-03-15 16:13:32.836] [info] Start layer /blocks.20/Constant_6
[2026-03-15 16:13:32.838] [info] Layer /blocks.20/Constant_6 finish at 126905
[2026-03-15 16:13:32.838] [info] Total compute time 18
[2026-03-15 16:13:32.838] [info] executable layer count 232
[2026-03-15 16:13:32.838] [info] Start layer /blocks.20/Constant_7
[2026-03-15 16:13:32.840] [info] Layer /blocks.20/Constant_7 finish at 126924
[2026-03-15 16:13:32.840] [info] Total compute time 19
[2026-03-15 16:13:32.840] [info] executable layer count 231
[2026-03-15 16:13:32.840] [info] Start layer /blocks.20/Constant_8
[2026-03-15 16:13:32.843] [info] Layer /blocks.20/Constant_8 finish at 126943
[2026-03-15 16:13:32.843] [info] Total compute time 19
[2026-03-15 16:13:32.843] [info] executable layer count 230
[2026-03-15 16:13:32.843] [info] Start layer /blocks.20/Constant_9
[2026-03-15 16:13:32.845] [info] Layer /blocks.20/Constant_9 finish at 126961
[2026-03-15 16:13:32.845] [info] Total compute time 18
[2026-03-15 16:13:32.845] [info] executable layer count 229
[2026-03-15 16:13:32.845] [info] Start layer /blocks.20/Constant_10
[2026-03-15 16:13:32.847] [info] Layer /blocks.20/Constant_10 finish at 126979
[2026-03-15 16:13:32.847] [info] Total compute time 18
[2026-03-15 16:13:32.847] [info] executable layer count 228
[2026-03-15 16:13:32.847] [info] Start layer /blocks.20/Constant_11
[2026-03-15 16:13:32.850] [info] Layer /blocks.20/Constant_11 finish at 126998
[2026-03-15 16:13:32.850] [info] Total compute time 19
[2026-03-15 16:13:32.850] [info] executable layer count 227
[2026-03-15 16:13:32.850] [info] Start layer /blocks.20/Constant_12
[2026-03-15 16:13:32.852] [info] Layer /blocks.20/Constant_12 finish at 127017
[2026-03-15 16:13:32.852] [info] Total compute time 19
[2026-03-15 16:13:32.852] [info] executable layer count 226
[2026-03-15 16:13:32.852] [info] Start layer /blocks.20/Constant_13
[2026-03-15 16:13:32.855] [info] Layer /blocks.20/Constant_13 finish at 127035
[2026-03-15 16:13:32.855] [info] Total compute time 18
[2026-03-15 16:13:32.855] [info] executable layer count 225
[2026-03-15 16:13:32.855] [info] Start layer /blocks.20/Constant_14
[2026-03-15 16:13:32.860] [info] Layer /blocks.20/Constant_14 finish at 127053
[2026-03-15 16:13:32.860] [info] Total compute time 18
[2026-03-15 16:13:32.860] [info] executable layer count 224
[2026-03-15 16:13:32.860] [info] Start layer /blocks.20/Constant_15
[2026-03-15 16:13:32.865] [info] Layer /blocks.20/Constant_15 finish at 127072
[2026-03-15 16:13:32.865] [info] Total compute time 19
[2026-03-15 16:13:32.865] [info] executable layer count 223
[2026-03-15 16:13:32.865] [info] Start layer /blocks.20/Constant_16
[2026-03-15 16:13:32.870] [info] Layer /blocks.20/Constant_16 finish at 127092
[2026-03-15 16:13:32.870] [info] Total compute time 20
[2026-03-15 16:13:32.870] [info] executable layer count 222
[2026-03-15 16:13:32.870] [info] Start layer /blocks.20/Constant_17
[2026-03-15 16:13:32.872] [info] Layer /blocks.20/Constant_17 finish at 127110
[2026-03-15 16:13:32.873] [info] Total compute time 18
[2026-03-15 16:13:32.873] [info] executable layer count 221
[2026-03-15 16:13:32.873] [info] Start layer /blocks.20/Constant_18
[2026-03-15 16:13:32.875] [info] Layer /blocks.20/Constant_18 finish at 127128
[2026-03-15 16:13:32.875] [info] Total compute time 18
[2026-03-15 16:13:32.875] [info] executable layer count 220
[2026-03-15 16:13:32.875] [info] Start layer /blocks.20/Constant_19
[2026-03-15 16:13:32.877] [info] Layer /blocks.20/Constant_19 finish at 127147
[2026-03-15 16:13:32.877] [info] Total compute time 19
[2026-03-15 16:13:32.877] [info] executable layer count 219
[2026-03-15 16:13:32.877] [info] Start layer /blocks.20/Constant_20
[2026-03-15 16:13:32.880] [info] Layer /blocks.20/Constant_20 finish at 127166
[2026-03-15 16:13:32.880] [info] Total compute time 19
[2026-03-15 16:13:32.880] [info] executable layer count 218
[2026-03-15 16:13:32.880] [info] Start layer /blocks.20/Constant_21
[2026-03-15 16:13:32.883] [info] Layer /blocks.20/Constant_21 finish at 127184
[2026-03-15 16:13:32.883] [info] Total compute time 18
[2026-03-15 16:13:32.883] [info] executable layer count 217
[2026-03-15 16:13:32.883] [info] Start layer /blocks.20/Constant_22
[2026-03-15 16:13:32.887] [info] Layer /blocks.20/Constant_22 finish at 127202
[2026-03-15 16:13:32.887] [info] Total compute time 18
[2026-03-15 16:13:32.887] [info] executable layer count 216
[2026-03-15 16:13:32.887] [info] Start layer /blocks.20/Constant_23
[2026-03-15 16:13:32.890] [info] Layer /blocks.20/Constant_23 finish at 127221
[2026-03-15 16:13:32.890] [info] Total compute time 19
[2026-03-15 16:13:32.890] [info] executable layer count 215
[2026-03-15 16:13:32.890] [info] Start layer /blocks.20/Constant_24
[2026-03-15 16:13:32.894] [info] Layer /blocks.20/Constant_24 finish at 127240
[2026-03-15 16:13:32.894] [info] Total compute time 19
[2026-03-15 16:13:32.894] [info] executable layer count 214
[2026-03-15 16:13:32.894] [info] Start layer /blocks.20/Constant_25
[2026-03-15 16:13:32.898] [info] Layer /blocks.20/Constant_25 finish at 127258
[2026-03-15 16:13:32.898] [info] Total compute time 18
[2026-03-15 16:13:32.898] [info] executable layer count 213
[2026-03-15 16:13:32.898] [info] Start layer /blocks.20/Constant_26
[2026-03-15 16:13:32.901] [info] Layer /blocks.20/Constant_26 finish at 127276
[2026-03-15 16:13:32.901] [info] Total compute time 18
[2026-03-15 16:13:32.901] [info] executable layer count 212
[2026-03-15 16:13:32.901] [info] Start layer /blocks.20/Constant_27
[2026-03-15 16:13:32.904] [info] Layer /blocks.20/Constant_27 finish at 127295
[2026-03-15 16:13:32.904] [info] Total compute time 19
[2026-03-15 16:13:32.904] [info] executable layer count 211
[2026-03-15 16:13:32.904] [info] Start layer /blocks.20/Constant_28
[2026-03-15 16:13:32.907] [info] Layer /blocks.20/Constant_28 finish at 127314
[2026-03-15 16:13:32.907] [info] Total compute time 19
[2026-03-15 16:13:32.907] [info] executable layer count 210
[2026-03-15 16:13:32.907] [info] Start layer /blocks.20/Constant_29
[2026-03-15 16:13:32.910] [info] Layer /blocks.20/Constant_29 finish at 127332
[2026-03-15 16:13:32.910] [info] Total compute time 18
[2026-03-15 16:13:32.910] [info] executable layer count 209
[2026-03-15 16:13:32.910] [info] Start layer /Constant_17
[2026-03-15 16:13:32.913] [info] Layer /Constant_17 finish at 127350
[2026-03-15 16:13:32.913] [info] Total compute time 18
[2026-03-15 16:13:32.913] [info] executable layer count 210
[2026-03-15 16:13:32.913] [info] Start layer /blocks.21/Constant
[2026-03-15 16:13:32.916] [info] Layer /blocks.21/Constant finish at 127369
[2026-03-15 16:13:32.916] [info] Total compute time 19
[2026-03-15 16:13:32.916] [info] executable layer count 209
[2026-03-15 16:13:32.916] [info] Start layer /blocks.21/Constant_1
[2026-03-15 16:13:32.919] [info] Layer /blocks.21/Constant_1 finish at 127388
[2026-03-15 16:13:32.919] [info] Total compute time 19
[2026-03-15 16:13:32.919] [info] executable layer count 208
[2026-03-15 16:13:32.919] [info] Start layer /blocks.21/Constant_2
[2026-03-15 16:13:32.921] [info] Layer /blocks.21/Constant_2 finish at 127406
[2026-03-15 16:13:32.921] [info] Total compute time 18
[2026-03-15 16:13:32.921] [info] executable layer count 207
[2026-03-15 16:13:32.921] [info] Start layer /blocks.21/Constant_3
[2026-03-15 16:13:32.923] [info] Layer /blocks.21/Constant_3 finish at 127424
[2026-03-15 16:13:32.923] [info] Total compute time 18
[2026-03-15 16:13:32.924] [info] executable layer count 206
[2026-03-15 16:13:32.924] [info] Start layer /blocks.21/Constant_4
[2026-03-15 16:13:32.926] [info] Layer /blocks.21/Constant_4 finish at 127443
[2026-03-15 16:13:32.926] [info] Total compute time 19
[2026-03-15 16:13:32.926] [info] executable layer count 205
[2026-03-15 16:13:32.926] [info] Start layer /blocks.21/Constant_5
[2026-03-15 16:13:32.928] [info] Layer /blocks.21/Constant_5 finish at 127462
[2026-03-15 16:13:32.928] [info] Total compute time 19
[2026-03-15 16:13:32.928] [info] executable layer count 204
[2026-03-15 16:13:32.928] [info] Start layer /blocks.21/Constant_6
[2026-03-15 16:13:32.931] [info] Layer /blocks.21/Constant_6 finish at 127480
[2026-03-15 16:13:32.931] [info] Total compute time 18
[2026-03-15 16:13:32.931] [info] executable layer count 203
[2026-03-15 16:13:32.931] [info] Start layer /blocks.21/Constant_7
[2026-03-15 16:13:32.934] [info] Layer /blocks.21/Constant_7 finish at 127498
[2026-03-15 16:13:32.934] [info] Total compute time 18
[2026-03-15 16:13:32.934] [info] executable layer count 202
[2026-03-15 16:13:32.934] [info] Start layer /blocks.21/Constant_8
[2026-03-15 16:13:32.937] [info] Layer /blocks.21/Constant_8 finish at 127517
[2026-03-15 16:13:32.937] [info] Total compute time 19
[2026-03-15 16:13:32.937] [info] executable layer count 201
[2026-03-15 16:13:32.937] [info] Start layer /blocks.21/Constant_9
[2026-03-15 16:13:32.940] [info] Layer /blocks.21/Constant_9 finish at 127536
[2026-03-15 16:13:32.940] [info] Total compute time 19
[2026-03-15 16:13:32.940] [info] executable layer count 200
[2026-03-15 16:13:32.940] [info] Start layer /blocks.21/Constant_10
[2026-03-15 16:13:32.942] [info] Layer /blocks.21/Constant_10 finish at 127554
[2026-03-15 16:13:32.942] [info] Total compute time 18
[2026-03-15 16:13:32.942] [info] executable layer count 199
[2026-03-15 16:13:32.942] [info] Start layer /blocks.21/Constant_11
[2026-03-15 16:13:32.945] [info] Layer /blocks.21/Constant_11 finish at 127572
[2026-03-15 16:13:32.945] [info] Total compute time 18
[2026-03-15 16:13:32.945] [info] executable layer count 198
[2026-03-15 16:13:32.945] [info] Start layer /blocks.21/Constant_12
[2026-03-15 16:13:32.948] [info] Layer /blocks.21/Constant_12 finish at 127591
[2026-03-15 16:13:32.948] [info] Total compute time 19
[2026-03-15 16:13:32.948] [info] executable layer count 197
[2026-03-15 16:13:32.948] [info] Start layer /blocks.21/Constant_13
[2026-03-15 16:13:32.951] [info] Layer /blocks.21/Constant_13 finish at 127610
[2026-03-15 16:13:32.951] [info] Total compute time 19
[2026-03-15 16:13:32.951] [info] executable layer count 196
[2026-03-15 16:13:32.951] [info] Start layer /blocks.21/Constant_14
[2026-03-15 16:13:32.954] [info] Layer /blocks.21/Constant_14 finish at 127628
[2026-03-15 16:13:32.954] [info] Total compute time 18
[2026-03-15 16:13:32.954] [info] executable layer count 195
[2026-03-15 16:13:32.954] [info] Start layer /blocks.21/Constant_15
[2026-03-15 16:13:32.957] [info] Layer /blocks.21/Constant_15 finish at 127646
[2026-03-15 16:13:32.957] [info] Total compute time 18
[2026-03-15 16:13:32.957] [info] executable layer count 194
[2026-03-15 16:13:32.957] [info] Start layer /blocks.21/Constant_16
[2026-03-15 16:13:32.959] [info] Layer /blocks.21/Constant_16 finish at 127665
[2026-03-15 16:13:32.959] [info] Total compute time 19
[2026-03-15 16:13:32.959] [info] executable layer count 193
[2026-03-15 16:13:32.959] [info] Start layer /blocks.21/Constant_17
[2026-03-15 16:13:32.961] [info] Layer /blocks.21/Constant_17 finish at 127684
[2026-03-15 16:13:32.961] [info] Total compute time 19
[2026-03-15 16:13:32.961] [info] executable layer count 192
[2026-03-15 16:13:32.961] [info] Start layer /blocks.21/Constant_18
[2026-03-15 16:13:32.966] [info] Layer /blocks.21/Constant_18 finish at 127702
[2026-03-15 16:13:32.966] [info] Total compute time 18
[2026-03-15 16:13:32.967] [info] executable layer count 191
[2026-03-15 16:13:32.967] [info] Start layer /blocks.21/Constant_19
[2026-03-15 16:13:32.971] [info] Layer /blocks.21/Constant_19 finish at 127720
[2026-03-15 16:13:32.972] [info] Total compute time 18
[2026-03-15 16:13:32.972] [info] executable layer count 190
[2026-03-15 16:13:32.972] [info] Start layer /blocks.21/Constant_20
[2026-03-15 16:13:32.977] [info] Layer /blocks.21/Constant_20 finish at 127740
[2026-03-15 16:13:32.977] [info] Total compute time 20
[2026-03-15 16:13:32.977] [info] executable layer count 189
[2026-03-15 16:13:32.977] [info] Start layer /blocks.21/Constant_21
[2026-03-15 16:13:32.982] [info] Layer /blocks.21/Constant_21 finish at 127759
[2026-03-15 16:13:32.982] [info] Total compute time 19
[2026-03-15 16:13:32.982] [info] executable layer count 188
[2026-03-15 16:13:32.982] [info] Start layer /blocks.21/Constant_22
[2026-03-15 16:13:32.987] [info] Layer /blocks.21/Constant_22 finish at 127777
[2026-03-15 16:13:32.987] [info] Total compute time 18
[2026-03-15 16:13:32.987] [info] executable layer count 187
[2026-03-15 16:13:32.987] [info] Start layer /blocks.21/Constant_23
[2026-03-15 16:13:32.992] [info] Layer /blocks.21/Constant_23 finish at 127795
[2026-03-15 16:13:32.992] [info] Total compute time 18
[2026-03-15 16:13:32.992] [info] executable layer count 186
[2026-03-15 16:13:32.992] [info] Start layer /blocks.21/Constant_24
[2026-03-15 16:13:32.997] [info] Layer /blocks.21/Constant_24 finish at 127814
[2026-03-15 16:13:32.997] [info] Total compute time 19
[2026-03-15 16:13:32.997] [info] executable layer count 185
[2026-03-15 16:13:32.997] [info] Start layer /blocks.21/Constant_25
[2026-03-15 16:13:33.002] [info] Layer /blocks.21/Constant_25 finish at 127833
[2026-03-15 16:13:33.002] [info] Total compute time 19
[2026-03-15 16:13:33.002] [info] executable layer count 184
[2026-03-15 16:13:33.002] [info] Start layer /blocks.21/Constant_26
[2026-03-15 16:13:33.007] [info] Layer /blocks.21/Constant_26 finish at 127851
[2026-03-15 16:13:33.008] [info] Total compute time 18
[2026-03-15 16:13:33.008] [info] executable layer count 183
[2026-03-15 16:13:33.008] [info] Start layer /blocks.21/Constant_27
[2026-03-15 16:13:33.014] [info] Layer /blocks.21/Constant_27 finish at 127872
[2026-03-15 16:13:33.014] [info] Total compute time 21
[2026-03-15 16:13:33.014] [info] executable layer count 182
[2026-03-15 16:13:33.014] [info] Start layer /blocks.21/Constant_28
[2026-03-15 16:13:33.019] [info] Layer /blocks.21/Constant_28 finish at 127891
[2026-03-15 16:13:33.019] [info] Total compute time 19
[2026-03-15 16:13:33.019] [info] executable layer count 181
[2026-03-15 16:13:33.019] [info] Start layer /blocks.21/Constant_29
[2026-03-15 16:13:33.024] [info] Layer /blocks.21/Constant_29 finish at 127910
[2026-03-15 16:13:33.024] [info] Total compute time 19
[2026-03-15 16:13:33.024] [info] executable layer count 180
[2026-03-15 16:13:33.024] [info] Start layer /Constant_18
[2026-03-15 16:13:33.028] [info] Layer /Constant_18 finish at 127928
[2026-03-15 16:13:33.028] [info] Total compute time 18
[2026-03-15 16:13:33.028] [info] executable layer count 181
[2026-03-15 16:13:33.028] [info] Start layer /blocks.22/Constant
[2026-03-15 16:13:33.033] [info] Layer /blocks.22/Constant finish at 127946
[2026-03-15 16:13:33.033] [info] Total compute time 18
[2026-03-15 16:13:33.033] [info] executable layer count 180
[2026-03-15 16:13:33.033] [info] Start layer /blocks.22/Constant_1
[2026-03-15 16:13:33.034] [info] HBM2-CH_0: BW utilization 4% (422 reads, 30 writes)
[2026-03-15 16:13:33.039] [info] Layer /blocks.22/Constant_1 finish at 127965
[2026-03-15 16:13:33.039] [info] Total compute time 19
[2026-03-15 16:13:33.039] [info] executable layer count 179
[2026-03-15 16:13:33.039] [info] Start layer /blocks.22/Constant_2
[2026-03-15 16:13:33.042] [info] Layer /blocks.22/Constant_2 finish at 127984
[2026-03-15 16:13:33.042] [info] Total compute time 19
[2026-03-15 16:13:33.042] [info] executable layer count 178
[2026-03-15 16:13:33.042] [info] Start layer /blocks.22/Constant_3
[2026-03-15 16:13:33.044] [info] Core [0] Tile Stats | Issued: 245 Running: 0 Finished: 245
[2026-03-15 16:13:33.044] [info] cycle: [128000]
[2026-03-15 16:13:33.044] [info] Core [1] Tile Stats | Issued: 245 Running: 0 Finished: 245
[2026-03-15 16:13:33.044] [info] cycle: [128000]
[2026-03-15 16:13:33.044] [info] Tile  status /blocks.22/Constant_3, instructions left 1
[2026-03-15 16:13:33.044] [info] Core [2] Tile Stats | Issued: 245 Running: 1 Finished: 244
[2026-03-15 16:13:33.044] [info] cycle: [128000]
[2026-03-15 16:13:33.044] [info] Core [3] Tile Stats | Issued: 245 Running: 0 Finished: 245
[2026-03-15 16:13:33.044] [info] cycle: [128000]
[2026-03-15 16:13:33.044] [info] Layer /blocks.22/Constant_3 finish at 128002
[2026-03-15 16:13:33.044] [info] Total compute time 18
[2026-03-15 16:13:33.044] [info] executable layer count 177
[2026-03-15 16:13:33.044] [info] Start layer /blocks.22/Constant_4
[2026-03-15 16:13:33.048] [info] Layer /blocks.22/Constant_4 finish at 128020
[2026-03-15 16:13:33.048] [info] Total compute time 18
[2026-03-15 16:13:33.048] [info] executable layer count 176
[2026-03-15 16:13:33.048] [info] Start layer /blocks.22/Constant_5
[2026-03-15 16:13:33.050] [info] Layer /blocks.22/Constant_5 finish at 128039
[2026-03-15 16:13:33.050] [info] Total compute time 19
[2026-03-15 16:13:33.050] [info] executable layer count 175
[2026-03-15 16:13:33.050] [info] Start layer /blocks.22/Constant_6
[2026-03-15 16:13:33.053] [info] Layer /blocks.22/Constant_6 finish at 128058
[2026-03-15 16:13:33.053] [info] Total compute time 19
[2026-03-15 16:13:33.053] [info] executable layer count 174
[2026-03-15 16:13:33.053] [info] Start layer /blocks.22/Constant_7
[2026-03-15 16:13:33.055] [info] Layer /blocks.22/Constant_7 finish at 128076
[2026-03-15 16:13:33.055] [info] Total compute time 18
[2026-03-15 16:13:33.055] [info] executable layer count 173
[2026-03-15 16:13:33.055] [info] Start layer /blocks.22/Constant_8
[2026-03-15 16:13:33.057] [info] Layer /blocks.22/Constant_8 finish at 128094
[2026-03-15 16:13:33.057] [info] Total compute time 18
[2026-03-15 16:13:33.057] [info] executable layer count 172
[2026-03-15 16:13:33.057] [info] Start layer /blocks.22/Constant_9
[2026-03-15 16:13:33.059] [info] Layer /blocks.22/Constant_9 finish at 128113
[2026-03-15 16:13:33.059] [info] Total compute time 19
[2026-03-15 16:13:33.059] [info] executable layer count 171
[2026-03-15 16:13:33.059] [info] Start layer /blocks.22/Constant_10
[2026-03-15 16:13:33.064] [info] Layer /blocks.22/Constant_10 finish at 128132
[2026-03-15 16:13:33.064] [info] Total compute time 19
[2026-03-15 16:13:33.064] [info] executable layer count 170
[2026-03-15 16:13:33.064] [info] Start layer /blocks.22/Constant_11
[2026-03-15 16:13:33.069] [info] Layer /blocks.22/Constant_11 finish at 128150
[2026-03-15 16:13:33.069] [info] Total compute time 18
[2026-03-15 16:13:33.069] [info] executable layer count 169
[2026-03-15 16:13:33.069] [info] Start layer /blocks.22/Constant_12
[2026-03-15 16:13:33.072] [info] Layer /blocks.22/Constant_12 finish at 128168
[2026-03-15 16:13:33.072] [info] Total compute time 18
[2026-03-15 16:13:33.072] [info] executable layer count 168
[2026-03-15 16:13:33.072] [info] Start layer /blocks.22/Constant_13
[2026-03-15 16:13:33.074] [info] Layer /blocks.22/Constant_13 finish at 128187
[2026-03-15 16:13:33.074] [info] Total compute time 19
[2026-03-15 16:13:33.074] [info] executable layer count 167
[2026-03-15 16:13:33.074] [info] Start layer /blocks.22/Constant_14
[2026-03-15 16:13:33.076] [info] Layer /blocks.22/Constant_14 finish at 128206
[2026-03-15 16:13:33.076] [info] Total compute time 19
[2026-03-15 16:13:33.076] [info] executable layer count 166
[2026-03-15 16:13:33.076] [info] Start layer /blocks.22/Constant_15
[2026-03-15 16:13:33.078] [info] Layer /blocks.22/Constant_15 finish at 128224
[2026-03-15 16:13:33.078] [info] Total compute time 18
[2026-03-15 16:13:33.078] [info] executable layer count 165
[2026-03-15 16:13:33.078] [info] Start layer /blocks.22/Constant_16
[2026-03-15 16:13:33.080] [info] Layer /blocks.22/Constant_16 finish at 128242
[2026-03-15 16:13:33.080] [info] Total compute time 18
[2026-03-15 16:13:33.080] [info] executable layer count 164
[2026-03-15 16:13:33.080] [info] Start layer /blocks.22/Constant_17
[2026-03-15 16:13:33.082] [info] Layer /blocks.22/Constant_17 finish at 128261
[2026-03-15 16:13:33.082] [info] Total compute time 19
[2026-03-15 16:13:33.082] [info] executable layer count 163
[2026-03-15 16:13:33.082] [info] Start layer /blocks.22/Constant_18
[2026-03-15 16:13:33.085] [info] Layer /blocks.22/Constant_18 finish at 128280
[2026-03-15 16:13:33.085] [info] Total compute time 19
[2026-03-15 16:13:33.086] [info] executable layer count 162
[2026-03-15 16:13:33.086] [info] Start layer /blocks.22/Constant_19
[2026-03-15 16:13:33.089] [info] Layer /blocks.22/Constant_19 finish at 128298
[2026-03-15 16:13:33.089] [info] Total compute time 18
[2026-03-15 16:13:33.089] [info] executable layer count 161
[2026-03-15 16:13:33.089] [info] Start layer /blocks.22/Constant_20
[2026-03-15 16:13:33.091] [info] Layer /blocks.22/Constant_20 finish at 128316
[2026-03-15 16:13:33.091] [info] Total compute time 18
[2026-03-15 16:13:33.091] [info] executable layer count 160
[2026-03-15 16:13:33.091] [info] Start layer /blocks.22/Constant_21
[2026-03-15 16:13:33.093] [info] Layer /blocks.22/Constant_21 finish at 128335
[2026-03-15 16:13:33.093] [info] Total compute time 19
[2026-03-15 16:13:33.093] [info] executable layer count 159
[2026-03-15 16:13:33.093] [info] Start layer /blocks.22/Constant_22
[2026-03-15 16:13:33.096] [info] Layer /blocks.22/Constant_22 finish at 128354
[2026-03-15 16:13:33.096] [info] Total compute time 19
[2026-03-15 16:13:33.096] [info] executable layer count 158
[2026-03-15 16:13:33.096] [info] Start layer /blocks.22/Constant_23
[2026-03-15 16:13:33.099] [info] Layer /blocks.22/Constant_23 finish at 128372
[2026-03-15 16:13:33.099] [info] Total compute time 18
[2026-03-15 16:13:33.099] [info] executable layer count 157
[2026-03-15 16:13:33.099] [info] Start layer /blocks.22/Constant_24
[2026-03-15 16:13:33.102] [info] Layer /blocks.22/Constant_24 finish at 128390
[2026-03-15 16:13:33.102] [info] Total compute time 18
[2026-03-15 16:13:33.102] [info] executable layer count 156
[2026-03-15 16:13:33.102] [info] Start layer /blocks.22/Constant_25
[2026-03-15 16:13:33.103] [info] Layer /blocks.22/Constant_25 finish at 128409
[2026-03-15 16:13:33.103] [info] Total compute time 19
[2026-03-15 16:13:33.103] [info] executable layer count 155
[2026-03-15 16:13:33.103] [info] Start layer /blocks.22/Constant_26
[2026-03-15 16:13:33.105] [info] Layer /blocks.22/Constant_26 finish at 128428
[2026-03-15 16:13:33.105] [info] Total compute time 19
[2026-03-15 16:13:33.105] [info] executable layer count 154
[2026-03-15 16:13:33.105] [info] Start layer /blocks.22/Constant_27
[2026-03-15 16:13:33.107] [info] Layer /blocks.22/Constant_27 finish at 128446
[2026-03-15 16:13:33.107] [info] Total compute time 18
[2026-03-15 16:13:33.107] [info] executable layer count 153
[2026-03-15 16:13:33.107] [info] Start layer /blocks.22/Constant_28
[2026-03-15 16:13:33.109] [info] Layer /blocks.22/Constant_28 finish at 128464
[2026-03-15 16:13:33.109] [info] Total compute time 18
[2026-03-15 16:13:33.109] [info] executable layer count 152
[2026-03-15 16:13:33.109] [info] Start layer /blocks.22/Constant_29
[2026-03-15 16:13:33.111] [info] Layer /blocks.22/Constant_29 finish at 128483
[2026-03-15 16:13:33.111] [info] Total compute time 19
[2026-03-15 16:13:33.111] [info] executable layer count 151
[2026-03-15 16:13:33.111] [info] Start layer /Constant_19
[2026-03-15 16:13:33.114] [info] Layer /Constant_19 finish at 128502
[2026-03-15 16:13:33.114] [info] Total compute time 19
[2026-03-15 16:13:33.114] [info] executable layer count 152
[2026-03-15 16:13:33.114] [info] Start layer /blocks.23/Constant
[2026-03-15 16:13:33.116] [info] Layer /blocks.23/Constant finish at 128520
[2026-03-15 16:13:33.116] [info] Total compute time 18
[2026-03-15 16:13:33.116] [info] executable layer count 151
[2026-03-15 16:13:33.116] [info] Start layer /blocks.23/Constant_1
[2026-03-15 16:13:33.118] [info] Layer /blocks.23/Constant_1 finish at 128538
[2026-03-15 16:13:33.118] [info] Total compute time 18
[2026-03-15 16:13:33.118] [info] executable layer count 150
[2026-03-15 16:13:33.118] [info] Start layer /blocks.23/Constant_2
[2026-03-15 16:13:33.121] [info] Layer /blocks.23/Constant_2 finish at 128557
[2026-03-15 16:13:33.121] [info] Total compute time 19
[2026-03-15 16:13:33.121] [info] executable layer count 149
[2026-03-15 16:13:33.121] [info] Start layer /blocks.23/Constant_3
[2026-03-15 16:13:33.124] [info] Layer /blocks.23/Constant_3 finish at 128576
[2026-03-15 16:13:33.124] [info] Total compute time 19
[2026-03-15 16:13:33.124] [info] executable layer count 148
[2026-03-15 16:13:33.124] [info] Start layer /blocks.23/Constant_4
[2026-03-15 16:13:33.126] [info] Layer /blocks.23/Constant_4 finish at 128594
[2026-03-15 16:13:33.126] [info] Total compute time 18
[2026-03-15 16:13:33.126] [info] executable layer count 147
[2026-03-15 16:13:33.126] [info] Start layer /blocks.23/Constant_5
[2026-03-15 16:13:33.128] [info] Layer /blocks.23/Constant_5 finish at 128612
[2026-03-15 16:13:33.128] [info] Total compute time 18
[2026-03-15 16:13:33.128] [info] executable layer count 146
[2026-03-15 16:13:33.128] [info] Start layer /blocks.23/Constant_6
[2026-03-15 16:13:33.131] [info] Layer /blocks.23/Constant_6 finish at 128631
[2026-03-15 16:13:33.131] [info] Total compute time 19
[2026-03-15 16:13:33.131] [info] executable layer count 145
[2026-03-15 16:13:33.131] [info] Start layer /blocks.23/Constant_7
[2026-03-15 16:13:33.133] [info] Layer /blocks.23/Constant_7 finish at 128650
[2026-03-15 16:13:33.133] [info] Total compute time 19
[2026-03-15 16:13:33.133] [info] executable layer count 144
[2026-03-15 16:13:33.133] [info] Start layer /blocks.23/Constant_8
[2026-03-15 16:13:33.136] [info] Layer /blocks.23/Constant_8 finish at 128668
[2026-03-15 16:13:33.136] [info] Total compute time 18
[2026-03-15 16:13:33.136] [info] executable layer count 143
[2026-03-15 16:13:33.136] [info] Start layer /blocks.23/Constant_9
[2026-03-15 16:13:33.138] [info] Layer /blocks.23/Constant_9 finish at 128686
[2026-03-15 16:13:33.138] [info] Total compute time 18
[2026-03-15 16:13:33.138] [info] executable layer count 142
[2026-03-15 16:13:33.138] [info] Start layer /blocks.23/Constant_10
[2026-03-15 16:13:33.141] [info] Layer /blocks.23/Constant_10 finish at 128707
[2026-03-15 16:13:33.141] [info] Total compute time 21
[2026-03-15 16:13:33.141] [info] executable layer count 141
[2026-03-15 16:13:33.141] [info] Start layer /blocks.23/Constant_11
[2026-03-15 16:13:33.142] [info] Layer /blocks.23/Constant_11 finish at 128726
[2026-03-15 16:13:33.142] [info] Total compute time 19
[2026-03-15 16:13:33.142] [info] executable layer count 140
[2026-03-15 16:13:33.142] [info] Start layer /blocks.23/Constant_12
[2026-03-15 16:13:33.144] [info] Layer /blocks.23/Constant_12 finish at 128744
[2026-03-15 16:13:33.144] [info] Total compute time 18
[2026-03-15 16:13:33.144] [info] executable layer count 139
[2026-03-15 16:13:33.144] [info] Start layer /blocks.23/Constant_13
[2026-03-15 16:13:33.146] [info] Layer /blocks.23/Constant_13 finish at 128762
[2026-03-15 16:13:33.146] [info] Total compute time 18
[2026-03-15 16:13:33.146] [info] executable layer count 138
[2026-03-15 16:13:33.146] [info] Start layer /blocks.23/Constant_14
[2026-03-15 16:13:33.148] [info] Layer /blocks.23/Constant_14 finish at 128781
[2026-03-15 16:13:33.148] [info] Total compute time 19
[2026-03-15 16:13:33.148] [info] executable layer count 137
[2026-03-15 16:13:33.148] [info] Start layer /blocks.23/Constant_15
[2026-03-15 16:13:33.150] [info] Layer /blocks.23/Constant_15 finish at 128800
[2026-03-15 16:13:33.150] [info] Total compute time 19
[2026-03-15 16:13:33.150] [info] executable layer count 136
[2026-03-15 16:13:33.150] [info] Start layer /blocks.23/Constant_16
[2026-03-15 16:13:33.153] [info] Layer /blocks.23/Constant_16 finish at 128818
[2026-03-15 16:13:33.153] [info] Total compute time 18
[2026-03-15 16:13:33.153] [info] executable layer count 135
[2026-03-15 16:13:33.153] [info] Start layer /blocks.23/Constant_17
[2026-03-15 16:13:33.155] [info] Layer /blocks.23/Constant_17 finish at 128836
[2026-03-15 16:13:33.155] [info] Total compute time 18
[2026-03-15 16:13:33.155] [info] executable layer count 134
[2026-03-15 16:13:33.155] [info] Start layer /blocks.23/Constant_18
[2026-03-15 16:13:33.158] [info] Layer /blocks.23/Constant_18 finish at 128855
[2026-03-15 16:13:33.158] [info] Total compute time 19
[2026-03-15 16:13:33.158] [info] executable layer count 133
[2026-03-15 16:13:33.158] [info] Start layer /blocks.23/Constant_19
[2026-03-15 16:13:33.160] [info] Layer /blocks.23/Constant_19 finish at 128874
[2026-03-15 16:13:33.160] [info] Total compute time 19
[2026-03-15 16:13:33.160] [info] executable layer count 132
[2026-03-15 16:13:33.160] [info] Start layer /blocks.23/Constant_20
[2026-03-15 16:13:33.162] [info] Layer /blocks.23/Constant_20 finish at 128892
[2026-03-15 16:13:33.162] [info] Total compute time 18
[2026-03-15 16:13:33.162] [info] executable layer count 131
[2026-03-15 16:13:33.162] [info] Start layer /blocks.23/Constant_21
[2026-03-15 16:13:33.164] [info] Layer /blocks.23/Constant_21 finish at 128910
[2026-03-15 16:13:33.164] [info] Total compute time 18
[2026-03-15 16:13:33.164] [info] executable layer count 130
[2026-03-15 16:13:33.164] [info] Start layer /blocks.23/Constant_22
[2026-03-15 16:13:33.166] [info] Layer /blocks.23/Constant_22 finish at 128929
[2026-03-15 16:13:33.166] [info] Total compute time 19
[2026-03-15 16:13:33.166] [info] executable layer count 129
[2026-03-15 16:13:33.166] [info] Start layer /blocks.23/Constant_23
[2026-03-15 16:13:33.168] [info] Layer /blocks.23/Constant_23 finish at 128948
[2026-03-15 16:13:33.168] [info] Total compute time 19
[2026-03-15 16:13:33.168] [info] executable layer count 128
[2026-03-15 16:13:33.168] [info] Start layer /blocks.23/Constant_24
[2026-03-15 16:13:33.169] [info] Layer /blocks.23/Constant_24 finish at 128966
[2026-03-15 16:13:33.169] [info] Total compute time 18
[2026-03-15 16:13:33.169] [info] executable layer count 127
[2026-03-15 16:13:33.169] [info] Start layer /blocks.23/Constant_25
[2026-03-15 16:13:33.172] [info] Layer /blocks.23/Constant_25 finish at 128984
[2026-03-15 16:13:33.172] [info] Total compute time 18
[2026-03-15 16:13:33.172] [info] executable layer count 126
[2026-03-15 16:13:33.172] [info] Start layer /blocks.23/Constant_26
[2026-03-15 16:13:33.175] [info] Layer /blocks.23/Constant_26 finish at 129003
[2026-03-15 16:13:33.175] [info] Total compute time 19
[2026-03-15 16:13:33.175] [info] executable layer count 125
[2026-03-15 16:13:33.175] [info] Start layer /blocks.23/Constant_27
[2026-03-15 16:13:33.177] [info] Layer /blocks.23/Constant_27 finish at 129022
[2026-03-15 16:13:33.177] [info] Total compute time 19
[2026-03-15 16:13:33.177] [info] executable layer count 124
[2026-03-15 16:13:33.177] [info] Start layer /blocks.23/Constant_28
[2026-03-15 16:13:33.179] [info] Layer /blocks.23/Constant_28 finish at 129040
[2026-03-15 16:13:33.179] [info] Total compute time 18
[2026-03-15 16:13:33.179] [info] executable layer count 123
[2026-03-15 16:13:33.179] [info] Start layer /blocks.23/Constant_29
[2026-03-15 16:13:33.181] [info] Layer /blocks.23/Constant_29 finish at 129058
[2026-03-15 16:13:33.181] [info] Total compute time 18
[2026-03-15 16:13:33.181] [info] executable layer count 122
[2026-03-15 16:13:33.181] [info] Start layer /Constant_20
[2026-03-15 16:13:33.183] [info] Layer /Constant_20 finish at 129077
[2026-03-15 16:13:33.183] [info] Total compute time 19
[2026-03-15 16:13:33.183] [info] executable layer count 121
[2026-03-15 16:13:33.183] [info] Start layer /Constant_21
[2026-03-15 16:13:33.186] [info] Layer /Constant_21 finish at 129096
[2026-03-15 16:13:33.186] [info] Total compute time 19
[2026-03-15 16:13:33.186] [info] executable layer count 120
[2026-03-15 16:13:33.186] [info] Start layer /Constant_22
[2026-03-15 16:13:33.188] [info] Layer /Constant_22 finish at 129114
[2026-03-15 16:13:33.188] [info] Total compute time 18
[2026-03-15 16:13:33.188] [info] executable layer count 119
[2026-03-15 16:13:33.188] [info] Start layer /Constant_23
[2026-03-15 16:13:33.190] [info] Layer /Constant_23 finish at 129132
[2026-03-15 16:13:33.190] [info] Total compute time 18
[2026-03-15 16:13:33.190] [info] executable layer count 118
[2026-03-15 16:13:33.190] [info] Start layer /Constant_24
[2026-03-15 16:13:33.192] [info] Layer /Constant_24 finish at 129151
[2026-03-15 16:13:33.192] [info] Total compute time 19
[2026-03-15 16:13:33.192] [info] executable layer count 117
[2026-03-15 16:13:33.192] [info] Start layer /Constant_25
[2026-03-15 16:13:33.194] [info] Layer /Constant_25 finish at 129170
[2026-03-15 16:13:33.194] [info] Total compute time 19
[2026-03-15 16:13:33.194] [info] executable layer count 116
[2026-03-15 16:13:33.194] [info] Start layer /Constant_26
[2026-03-15 16:13:33.196] [info] Layer /Constant_26 finish at 129190
[2026-03-15 16:13:33.196] [info] Total compute time 20
[2026-03-15 16:13:33.196] [info] executable layer count 115
[2026-03-15 16:13:33.196] [info] Start layer /Constant_27
[2026-03-15 16:13:33.198] [info] Layer /Constant_27 finish at 129208
[2026-03-15 16:13:33.198] [info] Total compute time 18
[2026-03-15 16:13:33.198] [info] executable layer count 114
[2026-03-15 16:13:33.198] [info] Start layer /Constant_28
[2026-03-15 16:13:33.200] [info] Layer /Constant_28 finish at 129227
[2026-03-15 16:13:33.200] [info] Total compute time 19
[2026-03-15 16:13:33.200] [info] executable layer count 113
[2026-03-15 16:13:33.200] [info] Start layer /Constant_29
[2026-03-15 16:13:33.203] [info] Layer /Constant_29 finish at 129246
[2026-03-15 16:13:33.203] [info] Total compute time 19
[2026-03-15 16:13:33.203] [info] executable layer count 112
[2026-03-15 16:13:33.203] [info] Start layer /Constant_30
[2026-03-15 16:13:33.205] [info] Layer /Constant_30 finish at 129264
[2026-03-15 16:13:33.205] [info] Total compute time 18
[2026-03-15 16:13:33.205] [info] executable layer count 111
[2026-03-15 16:13:33.205] [info] Start layer /Constant_31
[2026-03-15 16:13:33.206] [info] Layer /Constant_31 finish at 129282
[2026-03-15 16:13:33.206] [info] Total compute time 18
[2026-03-15 16:13:33.207] [info] executable layer count 110
[2026-03-15 16:13:33.207] [info] Start layer /Constant_32
[2026-03-15 16:13:33.208] [info] Layer /Constant_32 finish at 129301
[2026-03-15 16:13:33.208] [info] Total compute time 19
[2026-03-15 16:13:33.208] [info] executable layer count 109
[2026-03-15 16:13:33.208] [info] Start layer /Constant_33
[2026-03-15 16:13:33.210] [info] Layer /Constant_33 finish at 129320
[2026-03-15 16:13:33.210] [info] Total compute time 19
[2026-03-15 16:13:33.210] [info] executable layer count 108
[2026-03-15 16:13:33.210] [info] Start layer /Constant_34
[2026-03-15 16:13:33.213] [info] Layer /Constant_34 finish at 129338
[2026-03-15 16:13:33.213] [info] Total compute time 18
[2026-03-15 16:13:33.213] [info] executable layer count 107
[2026-03-15 16:13:33.213] [info] Start layer /Constant_35
[2026-03-15 16:13:33.215] [info] Layer /Constant_35 finish at 129356
[2026-03-15 16:13:33.215] [info] Total compute time 18
[2026-03-15 16:13:33.215] [info] executable layer count 106
[2026-03-15 16:13:33.215] [info] Start layer /Constant_36
[2026-03-15 16:13:33.218] [info] Layer /Constant_36 finish at 129375
[2026-03-15 16:13:33.218] [info] Total compute time 19
[2026-03-15 16:13:33.218] [info] executable layer count 105
[2026-03-15 16:13:33.218] [info] Start layer /Constant_37
[2026-03-15 16:13:33.220] [info] Layer /Constant_37 finish at 129394
[2026-03-15 16:13:33.220] [info] Total compute time 19
[2026-03-15 16:13:33.220] [info] executable layer count 104
[2026-03-15 16:13:33.220] [info] Start layer /Constant_38
[2026-03-15 16:13:33.222] [info] Layer /Constant_38 finish at 129412
[2026-03-15 16:13:33.222] [info] Total compute time 18
[2026-03-15 16:13:33.222] [info] executable layer count 103
[2026-03-15 16:13:33.222] [info] Start layer /Constant_39
[2026-03-15 16:13:33.224] [info] Layer /Constant_39 finish at 129430
[2026-03-15 16:13:33.224] [info] Total compute time 18
[2026-03-15 16:13:33.224] [info] executable layer count 102
[2026-03-15 16:13:33.224] [info] Start layer /Constant_40
[2026-03-15 16:13:33.226] [info] Layer /Constant_40 finish at 129449
[2026-03-15 16:13:33.226] [info] Total compute time 19
[2026-03-15 16:13:33.226] [info] executable layer count 101
[2026-03-15 16:13:33.226] [info] Start layer /Constant_41
[2026-03-15 16:13:33.228] [info] Layer /Constant_41 finish at 129468
[2026-03-15 16:13:33.228] [info] Total compute time 19
[2026-03-15 16:13:33.228] [info] executable layer count 100
[2026-03-15 16:13:33.228] [info] Start layer /Constant_42
[2026-03-15 16:13:33.231] [info] Layer /Constant_42 finish at 129486
[2026-03-15 16:13:33.231] [info] Total compute time 18
[2026-03-15 16:13:33.231] [info] executable layer count 99
[2026-03-15 16:13:33.231] [info] Start layer /Constant_43
[2026-03-15 16:13:33.232] [info] Layer /Constant_43 finish at 129504
[2026-03-15 16:13:33.232] [info] Total compute time 18
[2026-03-15 16:13:33.232] [info] executable layer count 98
[2026-03-15 16:13:33.232] [info] Start layer /Constant_44
[2026-03-15 16:13:33.235] [info] Layer /Constant_44 finish at 129523
[2026-03-15 16:13:33.235] [info] Total compute time 19
[2026-03-15 16:13:33.235] [info] executable layer count 97
[2026-03-15 16:13:33.235] [info] Start layer /Constant_45
[2026-03-15 16:13:33.238] [info] Layer /Constant_45 finish at 129542
[2026-03-15 16:13:33.238] [info] Total compute time 19
[2026-03-15 16:13:33.238] [info] executable layer count 96
[2026-03-15 16:13:33.238] [info] Start layer /Constant_46
[2026-03-15 16:13:33.240] [info] Layer /Constant_46 finish at 129560
[2026-03-15 16:13:33.240] [info] Total compute time 18
[2026-03-15 16:13:33.240] [info] executable layer count 95
[2026-03-15 16:13:33.240] [info] Start layer /Constant_47
[2026-03-15 16:13:33.241] [info] Layer /Constant_47 finish at 129578
[2026-03-15 16:13:33.241] [info] Total compute time 18
[2026-03-15 16:13:33.241] [info] executable layer count 94
[2026-03-15 16:13:33.241] [info] Start layer /Constant_48
[2026-03-15 16:13:33.243] [info] Layer /Constant_48 finish at 129597
[2026-03-15 16:13:33.243] [info] Total compute time 19
[2026-03-15 16:13:33.243] [info] executable layer count 93
[2026-03-15 16:13:33.243] [info] Start layer /Constant_49
[2026-03-15 16:13:33.245] [info] Layer /Constant_49 finish at 129616
[2026-03-15 16:13:33.245] [info] Total compute time 19
[2026-03-15 16:13:33.245] [info] executable layer count 92
[2026-03-15 16:13:33.245] [info] Start layer /Constant_50
[2026-03-15 16:13:33.247] [info] Layer /Constant_50 finish at 129634
[2026-03-15 16:13:33.247] [info] Total compute time 18
[2026-03-15 16:13:33.247] [info] executable layer count 91
[2026-03-15 16:13:33.247] [info] Start layer /Constant_51
[2026-03-15 16:13:33.249] [info] Layer /Constant_51 finish at 129652
[2026-03-15 16:13:33.249] [info] Total compute time 18
[2026-03-15 16:13:33.249] [info] executable layer count 90
[2026-03-15 16:13:33.249] [info] Start layer /Constant_52
[2026-03-15 16:13:33.251] [info] Layer /Constant_52 finish at 129671
[2026-03-15 16:13:33.251] [info] Total compute time 19
[2026-03-15 16:13:33.251] [info] executable layer count 89
[2026-03-15 16:13:33.251] [info] Start layer /Constant_53
[2026-03-15 16:13:33.254] [info] Layer /Constant_53 finish at 129690
[2026-03-15 16:13:33.254] [info] Total compute time 19
[2026-03-15 16:13:33.254] [info] executable layer count 88
[2026-03-15 16:13:33.254] [info] Start layer /Constant_54
[2026-03-15 16:13:33.256] [info] Layer /Constant_54 finish at 129708
[2026-03-15 16:13:33.256] [info] Total compute time 18
[2026-03-15 16:13:33.256] [info] executable layer count 87
[2026-03-15 16:13:33.256] [info] Start layer /Constant_55
[2026-03-15 16:13:33.259] [info] Layer /Constant_55 finish at 129726
[2026-03-15 16:13:33.259] [info] Total compute time 18
[2026-03-15 16:13:33.259] [info] executable layer count 86
[2026-03-15 16:13:33.259] [info] Start layer /Constant_56
[2026-03-15 16:13:33.261] [info] Layer /Constant_56 finish at 129745
[2026-03-15 16:13:33.261] [info] Total compute time 19
[2026-03-15 16:13:33.261] [info] executable layer count 85
[2026-03-15 16:13:33.261] [info] Start layer /Constant_57
[2026-03-15 16:13:33.263] [info] Layer /Constant_57 finish at 129764
[2026-03-15 16:13:33.263] [info] Total compute time 19
[2026-03-15 16:13:33.263] [info] executable layer count 84
[2026-03-15 16:13:33.263] [info] Start layer /Constant_58
[2026-03-15 16:13:33.265] [info] Layer /Constant_58 finish at 129782
[2026-03-15 16:13:33.265] [info] Total compute time 18
[2026-03-15 16:13:33.265] [info] executable layer count 83
[2026-03-15 16:13:33.265] [info] Start layer /Constant_59
[2026-03-15 16:13:33.267] [info] Layer /Constant_59 finish at 129800
[2026-03-15 16:13:33.267] [info] Total compute time 18
[2026-03-15 16:13:33.267] [info] executable layer count 82
[2026-03-15 16:13:33.267] [info] Start layer /Constant_60
[2026-03-15 16:13:33.269] [info] Layer /Constant_60 finish at 129819
[2026-03-15 16:13:33.269] [info] Total compute time 19
[2026-03-15 16:13:33.269] [info] executable layer count 81
[2026-03-15 16:13:33.269] [info] Start layer /Constant_61
[2026-03-15 16:13:33.272] [info] Layer /Constant_61 finish at 129838
[2026-03-15 16:13:33.272] [info] Total compute time 19
[2026-03-15 16:13:33.272] [info] executable layer count 80
[2026-03-15 16:13:33.272] [info] Start layer /Constant_62
[2026-03-15 16:13:33.274] [info] Layer /Constant_62 finish at 129856
[2026-03-15 16:13:33.274] [info] Total compute time 18
[2026-03-15 16:13:33.274] [info] executable layer count 79
[2026-03-15 16:13:33.274] [info] Start layer /Constant_63
[2026-03-15 16:13:33.276] [info] Layer /Constant_63 finish at 129874
[2026-03-15 16:13:33.276] [info] Total compute time 18
[2026-03-15 16:13:33.276] [info] executable layer count 78
[2026-03-15 16:13:33.276] [info] Start layer /Constant_64
[2026-03-15 16:13:33.277] [info] Layer /Constant_64 finish at 129893
[2026-03-15 16:13:33.277] [info] Total compute time 19
[2026-03-15 16:13:33.277] [info] executable layer count 77
[2026-03-15 16:13:33.277] [info] Start layer /Constant_65
[2026-03-15 16:13:33.280] [info] Layer /Constant_65 finish at 129912
[2026-03-15 16:13:33.280] [info] Total compute time 19
[2026-03-15 16:13:33.280] [info] executable layer count 76
[2026-03-15 16:13:33.280] [info] Start layer /Constant_66
[2026-03-15 16:13:33.281] [info] Layer /Constant_66 finish at 129930
[2026-03-15 16:13:33.281] [info] Total compute time 18
[2026-03-15 16:13:33.281] [info] executable layer count 75
[2026-03-15 16:13:33.281] [info] Start layer /Constant_67
[2026-03-15 16:13:33.283] [info] Layer /Constant_67 finish at 129948
[2026-03-15 16:13:33.283] [info] Total compute time 18
[2026-03-15 16:13:33.283] [info] executable layer count 74
[2026-03-15 16:13:33.283] [info] Start layer /blocks.23/Exp
[2026-03-15 16:13:33.308] [info] Layer /blocks.23/Exp finish at 130101
[2026-03-15 16:13:33.308] [info] Total compute time 153
[2026-03-15 16:13:33.309] [info] executable layer count 74
[2026-03-15 16:13:33.309] [info] Start layer /blocks.22/Exp
[2026-03-15 16:13:33.354] [info] Layer /blocks.22/Exp finish at 130385
[2026-03-15 16:13:33.354] [info] Total compute time 284
[2026-03-15 16:13:33.354] [info] executable layer count 74
[2026-03-15 16:13:33.354] [info] Start layer /blocks.21/Exp
[2026-03-15 16:13:33.398] [info] Layer /blocks.21/Exp finish at 130671
[2026-03-15 16:13:33.398] [info] Total compute time 286
[2026-03-15 16:13:33.398] [info] executable layer count 74
[2026-03-15 16:13:33.398] [info] Start layer /blocks.20/Exp
[2026-03-15 16:13:33.440] [info] Layer /blocks.20/Exp finish at 130957
[2026-03-15 16:13:33.440] [info] Total compute time 286
[2026-03-15 16:13:33.440] [info] executable layer count 74
[2026-03-15 16:13:33.440] [info] Start layer /blocks.19/Exp
[2026-03-15 16:13:33.482] [info] Layer /blocks.19/Exp finish at 131252
[2026-03-15 16:13:33.482] [info] Total compute time 295
[2026-03-15 16:13:33.483] [info] executable layer count 74
[2026-03-15 16:13:33.483] [info] Start layer /blocks.18/Exp
[2026-03-15 16:13:33.525] [info] Layer /blocks.18/Exp finish at 131539
[2026-03-15 16:13:33.525] [info] Total compute time 287
[2026-03-15 16:13:33.525] [info] executable layer count 74
[2026-03-15 16:13:33.525] [info] Start layer /blocks.17/Exp
[2026-03-15 16:13:33.575] [info] Layer /blocks.17/Exp finish at 131822
[2026-03-15 16:13:33.575] [info] Total compute time 283
[2026-03-15 16:13:33.575] [info] executable layer count 74
[2026-03-15 16:13:33.575] [info] Start layer /blocks.16/Exp
[2026-03-15 16:13:33.620] [info] Layer /blocks.16/Exp finish at 132111
[2026-03-15 16:13:33.620] [info] Total compute time 289
[2026-03-15 16:13:33.620] [info] executable layer count 74
[2026-03-15 16:13:33.620] [info] Start layer /blocks.15/Exp
[2026-03-15 16:13:33.667] [info] Layer /blocks.15/Exp finish at 132410
[2026-03-15 16:13:33.667] [info] Total compute time 299
[2026-03-15 16:13:33.667] [info] executable layer count 74
[2026-03-15 16:13:33.667] [info] Start layer /blocks.14/Exp
[2026-03-15 16:13:33.710] [info] Layer /blocks.14/Exp finish at 132702
[2026-03-15 16:13:33.710] [info] Total compute time 292
[2026-03-15 16:13:33.710] [info] executable layer count 74
[2026-03-15 16:13:33.710] [info] Start layer /blocks.13/Exp
[2026-03-15 16:13:33.754] [info] Layer /blocks.13/Exp finish at 132985
[2026-03-15 16:13:33.754] [info] Total compute time 283
[2026-03-15 16:13:33.754] [info] executable layer count 74
[2026-03-15 16:13:33.754] [info] Start layer /blocks.12/Exp
[2026-03-15 16:13:33.796] [info] Layer /blocks.12/Exp finish at 133274
[2026-03-15 16:13:33.796] [info] Total compute time 289
[2026-03-15 16:13:33.796] [info] executable layer count 74
[2026-03-15 16:13:33.796] [info] Start layer /blocks.11/Exp
[2026-03-15 16:13:33.837] [info] Layer /blocks.11/Exp finish at 133553
[2026-03-15 16:13:33.837] [info] Total compute time 279
[2026-03-15 16:13:33.838] [info] executable layer count 74
[2026-03-15 16:13:33.838] [info] Start layer /blocks.10/Exp
[2026-03-15 16:13:33.879] [info] Layer /blocks.10/Exp finish at 133840
[2026-03-15 16:13:33.879] [info] Total compute time 287
[2026-03-15 16:13:33.879] [info] executable layer count 74
[2026-03-15 16:13:33.879] [info] Start layer /blocks.9/Exp
[2026-03-15 16:13:33.920] [info] Layer /blocks.9/Exp finish at 134125
[2026-03-15 16:13:33.920] [info] Total compute time 285
[2026-03-15 16:13:33.920] [info] executable layer count 74
[2026-03-15 16:13:33.920] [info] Start layer /blocks.8/Exp
[2026-03-15 16:13:33.960] [info] Layer /blocks.8/Exp finish at 134411
[2026-03-15 16:13:33.960] [info] Total compute time 286
[2026-03-15 16:13:33.960] [info] executable layer count 74
[2026-03-15 16:13:33.960] [info] Start layer /blocks.7/Exp
[2026-03-15 16:13:33.999] [info] Layer /blocks.7/Exp finish at 134692
[2026-03-15 16:13:33.999] [info] Total compute time 281
[2026-03-15 16:13:33.999] [info] executable layer count 74
[2026-03-15 16:13:33.999] [info] Start layer /blocks.6/Exp
[2026-03-15 16:13:34.041] [info] Layer /blocks.6/Exp finish at 134992
[2026-03-15 16:13:34.041] [info] Total compute time 300
[2026-03-15 16:13:34.041] [info] executable layer count 74
[2026-03-15 16:13:34.041] [info] Start layer /blocks.5/Exp
[2026-03-15 16:13:34.089] [info] Layer /blocks.5/Exp finish at 135276
[2026-03-15 16:13:34.089] [info] Total compute time 284
[2026-03-15 16:13:34.089] [info] executable layer count 74
[2026-03-15 16:13:34.089] [info] Start layer /blocks.4/Exp
[2026-03-15 16:13:34.126] [info] Layer /blocks.4/Exp finish at 135557
[2026-03-15 16:13:34.126] [info] Total compute time 281
[2026-03-15 16:13:34.126] [info] executable layer count 74
[2026-03-15 16:13:34.126] [info] Start layer /blocks.3/Exp
[2026-03-15 16:13:34.166] [info] Layer /blocks.3/Exp finish at 135838
[2026-03-15 16:13:34.166] [info] Total compute time 281
[2026-03-15 16:13:34.166] [info] executable layer count 74
[2026-03-15 16:13:34.166] [info] Start layer /blocks.2/Exp
[2026-03-15 16:13:34.176] [info] HBM2-CH_0: BW utilization 42% (2154 reads, 1957 writes)
[2026-03-15 16:13:34.182] [info] Tile  status /blocks.2/Exp, instructions left 2
[2026-03-15 16:13:34.182] [info] Core [0] Tile Stats | Issued: 277 Running: 1 Finished: 276
[2026-03-15 16:13:34.182] [info] cycle: [136000]
[2026-03-15 16:13:34.182] [info] Core [1] Tile Stats | Issued: 277 Running: 0 Finished: 277
[2026-03-15 16:13:34.182] [info] cycle: [136000]
[2026-03-15 16:13:34.182] [info] Core [2] Tile Stats | Issued: 276 Running: 0 Finished: 276
[2026-03-15 16:13:34.182] [info] cycle: [136000]
[2026-03-15 16:13:34.182] [info] Core [3] Tile Stats | Issued: 277 Running: 0 Finished: 277
[2026-03-15 16:13:34.182] [info] cycle: [136000]
[2026-03-15 16:13:34.194] [info] Layer /blocks.2/Exp finish at 136122
[2026-03-15 16:13:34.194] [info] Total compute time 284
[2026-03-15 16:13:34.194] [info] executable layer count 74
[2026-03-15 16:13:34.194] [info] Start layer /blocks.1/Exp
[2026-03-15 16:13:34.223] [info] Layer /blocks.1/Exp finish at 136421
[2026-03-15 16:13:34.223] [info] Total compute time 299
[2026-03-15 16:13:34.223] [info] executable layer count 74
[2026-03-15 16:13:34.223] [info] Start layer /Gather
[2026-03-15 16:13:34.315] [info] Layer /Gather finish at 137182
[2026-03-15 16:13:34.315] [info] Total compute time 761
[2026-03-15 16:13:34.315] [info] executable layer count 75
[2026-03-15 16:13:34.315] [info] Start layer /Gather_1
[2026-03-15 16:13:34.783] [info] Layer /Gather_1 finish at 140301
[2026-03-15 16:13:34.783] [info] Total compute time 3119
[2026-03-15 16:13:34.783] [info] executable layer count 75
[2026-03-15 16:13:34.783] [info] Start layer /Gather_2
[2026-03-15 16:13:35.256] [info] Layer /Gather_2 finish at 143347
[2026-03-15 16:13:35.256] [info] Total compute time 3046
[2026-03-15 16:13:35.256] [info] executable layer count 76
[2026-03-15 16:13:35.256] [info] Start layer /Gather_3
[2026-03-15 16:13:35.331] [info] HBM2-CH_0: BW utilization 75% (3835 reads, 3401 writes)
[2026-03-15 16:13:35.344] [info] Core [0] Tile Stats | Issued: 278 Running: 0 Finished: 278
[2026-03-15 16:13:35.344] [info] cycle: [144000]
[2026-03-15 16:13:35.344] [info] Core [1] Tile Stats | Issued: 278 Running: 0 Finished: 278
[2026-03-15 16:13:35.344] [info] cycle: [144000]
[2026-03-15 16:13:35.344] [info] Tile  status /Gather_3, instructions left 1
[2026-03-15 16:13:35.344] [info] Core [2] Tile Stats | Issued: 278 Running: 1 Finished: 277
[2026-03-15 16:13:35.344] [info] cycle: [144000]
[2026-03-15 16:13:35.344] [info] Core [3] Tile Stats | Issued: 278 Running: 0 Finished: 278
[2026-03-15 16:13:35.344] [info] cycle: [144000]
[2026-03-15 16:13:35.816] [info] Layer /Gather_3 finish at 146410
[2026-03-15 16:13:35.816] [info] Total compute time 3063
[2026-03-15 16:13:35.816] [info] executable layer count 76
[2026-03-15 16:13:35.816] [info] Start layer /blocks.0/Slice
[2026-03-15 16:13:36.178] [info] Layer /blocks.0/Slice finish at 148816
[2026-03-15 16:13:36.178] [info] Total compute time 2406
[2026-03-15 16:13:36.178] [info] executable layer count 75
[2026-03-15 16:13:36.178] [info] Start layer /blocks.0/Slice_1
[2026-03-15 16:13:36.183] [info] Layer /blocks.0/Slice_1 finish at 148872
[2026-03-15 16:13:36.183] [info] Total compute time 56
[2026-03-15 16:13:36.183] [info] executable layer count 75
[2026-03-15 16:13:36.183] [info] Start layer /Gather_40
[2026-03-15 16:13:36.257] [info] Layer /Gather_40 finish at 149525
[2026-03-15 16:13:36.257] [info] Total compute time 653
[2026-03-15 16:13:36.257] [info] executable layer count 76
[2026-03-15 16:13:36.257] [info] Start layer /Gather_41
[2026-03-15 16:13:36.692] [info] HBM2-CH_0: BW utilization 79% (4446 reads, 3208 writes)
[2026-03-15 16:13:36.702] [info] Core [0] Tile Stats | Issued: 279 Running: 0 Finished: 279
[2026-03-15 16:13:36.702] [info] cycle: [152000]
[2026-03-15 16:13:36.702] [info] Core [1] Tile Stats | Issued: 279 Running: 0 Finished: 279
[2026-03-15 16:13:36.702] [info] cycle: [152000]
[2026-03-15 16:13:36.703] [info] Tile  status /Gather_41, instructions left 1
[2026-03-15 16:13:36.703] [info] Core [2] Tile Stats | Issued: 279 Running: 1 Finished: 278
[2026-03-15 16:13:36.703] [info] cycle: [152000]
[2026-03-15 16:13:36.703] [info] Core [3] Tile Stats | Issued: 279 Running: 0 Finished: 279
[2026-03-15 16:13:36.703] [info] cycle: [152000]
[2026-03-15 16:13:36.792] [info] Layer /Gather_41 finish at 152544
[2026-03-15 16:13:36.792] [info] Total compute time 3019
[2026-03-15 16:13:36.792] [info] executable layer count 76
[2026-03-15 16:13:36.792] [info] Start layer /Gather_12
[2026-03-15 16:13:37.295] [info] Layer /Gather_12 finish at 155576
[2026-03-15 16:13:37.295] [info] Total compute time 3032
[2026-03-15 16:13:37.295] [info] executable layer count 77
[2026-03-15 16:13:37.295] [info] Start layer /Gather_13
[2026-03-15 16:13:37.809] [info] Layer /Gather_13 finish at 158580
[2026-03-15 16:13:37.809] [info] Total compute time 3004
[2026-03-15 16:13:37.809] [info] executable layer count 77
[2026-03-15 16:13:37.809] [info] Start layer /blocks.0/Neg
[2026-03-15 16:13:38.045] [info] HBM2-CH_0: BW utilization 79% (3502 reads, 4117 writes)
[2026-03-15 16:13:38.057] [info] Tile  status /blocks.0/Neg, instructions left 2
[2026-03-15 16:13:38.057] [info] Core [0] Tile Stats | Issued: 280 Running: 1 Finished: 279
[2026-03-15 16:13:38.057] [info] cycle: [160000]
[2026-03-15 16:13:38.058] [info] Core [1] Tile Stats | Issued: 280 Running: 0 Finished: 280
[2026-03-15 16:13:38.058] [info] cycle: [160000]
[2026-03-15 16:13:38.058] [info] Core [2] Tile Stats | Issued: 279 Running: 0 Finished: 279
[2026-03-15 16:13:38.058] [info] cycle: [160000]
[2026-03-15 16:13:38.058] [info] Core [3] Tile Stats | Issued: 280 Running: 0 Finished: 280
[2026-03-15 16:13:38.058] [info] cycle: [160000]
[2026-03-15 16:13:38.259] [info] Layer /blocks.0/Neg finish at 161126
[2026-03-15 16:13:38.259] [info] Total compute time 2546
[2026-03-15 16:13:38.259] [info] executable layer count 77
[2026-03-15 16:13:38.259] [info] Start layer /Gather_32
[2026-03-15 16:13:38.396] [info] Layer /Gather_32 finish at 161888
[2026-03-15 16:13:38.396] [info] Total compute time 762
[2026-03-15 16:13:38.396] [info] executable layer count 78
[2026-03-15 16:13:38.396] [info] Start layer /Gather_33
[2026-03-15 16:13:38.882] [info] Layer /Gather_33 finish at 164928
[2026-03-15 16:13:38.882] [info] Total compute time 3040
[2026-03-15 16:13:38.882] [info] executable layer count 78
[2026-03-15 16:13:38.882] [info] Start layer /Gather_4
[2026-03-15 16:13:39.430] [info] HBM2-CH_0: BW utilization 78% (3469 reads, 4056 writes)
[2026-03-15 16:13:39.434] [info] Layer /Gather_4 finish at 167968
[2026-03-15 16:13:39.434] [info] Total compute time 3040
[2026-03-15 16:13:39.434] [info] executable layer count 79
[2026-03-15 16:13:39.434] [info] Start layer /Gather_5
[2026-03-15 16:13:39.438] [info] Tile  status /Gather_5, instructions left 1
[2026-03-15 16:13:39.438] [info] Core [0] Tile Stats | Issued: 281 Running: 1 Finished: 280
[2026-03-15 16:13:39.438] [info] cycle: [168000]
[2026-03-15 16:13:39.438] [info] Core [1] Tile Stats | Issued: 281 Running: 0 Finished: 281
[2026-03-15 16:13:39.438] [info] cycle: [168000]
[2026-03-15 16:13:39.438] [info] Core [2] Tile Stats | Issued: 280 Running: 0 Finished: 280
[2026-03-15 16:13:39.438] [info] cycle: [168000]
[2026-03-15 16:13:39.438] [info] Core [3] Tile Stats | Issued: 281 Running: 0 Finished: 281
[2026-03-15 16:13:39.438] [info] cycle: [168000]
[2026-03-15 16:13:39.864] [info] Layer /Gather_5 finish at 171071
[2026-03-15 16:13:39.864] [info] Total compute time 3103
[2026-03-15 16:13:39.864] [info] executable layer count 79
[2026-03-15 16:13:39.864] [info] Start layer /Gather_6
[2026-03-15 16:13:40.236] [info] Layer /Gather_6 finish at 174098
[2026-03-15 16:13:40.236] [info] Total compute time 3027
[2026-03-15 16:13:40.236] [info] executable layer count 80
[2026-03-15 16:13:40.236] [info] Start layer /Gather_7
[2026-03-15 16:13:40.477] [info] HBM2-CH_0: BW utilization 77% (4066 reads, 3420 writes)
[2026-03-15 16:13:40.490] [info] Core [0] Tile Stats | Issued: 281 Running: 0 Finished: 281
[2026-03-15 16:13:40.490] [info] cycle: [176000]
[2026-03-15 16:13:40.490] [info] Core [1] Tile Stats | Issued: 281 Running: 0 Finished: 281
[2026-03-15 16:13:40.490] [info] cycle: [176000]
[2026-03-15 16:13:40.490] [info] Core [2] Tile Stats | Issued: 281 Running: 0 Finished: 281
[2026-03-15 16:13:40.490] [info] cycle: [176000]
[2026-03-15 16:13:40.490] [info] Tile  status /Gather_7, instructions left 1
[2026-03-15 16:13:40.490] [info] Core [3] Tile Stats | Issued: 282 Running: 1 Finished: 281
[2026-03-15 16:13:40.490] [info] cycle: [176000]
[2026-03-15 16:13:40.697] [info] Layer /Gather_7 finish at 177168
[2026-03-15 16:13:40.697] [info] Total compute time 3070
[2026-03-15 16:13:40.697] [info] executable layer count 80
[2026-03-15 16:13:40.697] [info] Start layer /Gather_8
[2026-03-15 16:13:41.132] [info] Layer /Gather_8 finish at 180187
[2026-03-15 16:13:41.132] [info] Total compute time 3019
[2026-03-15 16:13:41.133] [info] executable layer count 81
[2026-03-15 16:13:41.133] [info] Start layer /Gather_9
[2026-03-15 16:13:41.830] [info] Layer /Gather_9 finish at 183234
[2026-03-15 16:13:41.830] [info] Total compute time 3047
[2026-03-15 16:13:41.830] [info] executable layer count 81
[2026-03-15 16:13:41.830] [info] Start layer /Gather_10
[2026-03-15 16:13:41.916] [info] HBM2-CH_0: BW utilization 78% (4269 reads, 3233 writes)
[2026-03-15 16:13:41.928] [info] Core [0] Tile Stats | Issued: 282 Running: 0 Finished: 282
[2026-03-15 16:13:41.928] [info] cycle: [184000]
[2026-03-15 16:13:41.928] [info] Core [1] Tile Stats | Issued: 282 Running: 0 Finished: 282
[2026-03-15 16:13:41.928] [info] cycle: [184000]
[2026-03-15 16:13:41.928] [info] Tile  status /Gather_10, instructions left 1
[2026-03-15 16:13:41.928] [info] Core [2] Tile Stats | Issued: 282 Running: 1 Finished: 281
[2026-03-15 16:13:41.928] [info] cycle: [184000]
[2026-03-15 16:13:41.928] [info] Core [3] Tile Stats | Issued: 282 Running: 0 Finished: 282
[2026-03-15 16:13:41.928] [info] cycle: [184000]
[2026-03-15 16:13:42.224] [info] Layer /Gather_10 finish at 186256
[2026-03-15 16:13:42.224] [info] Total compute time 3022
[2026-03-15 16:13:42.224] [info] executable layer count 82
[2026-03-15 16:13:42.224] [info] Start layer /Gather_11
[2026-03-15 16:13:42.771] [info] Layer /Gather_11 finish at 189265
[2026-03-15 16:13:42.771] [info] Total compute time 3009
[2026-03-15 16:13:42.771] [info] executable layer count 82
[2026-03-15 16:13:42.771] [info] Start layer /Gather_14
[2026-03-15 16:13:43.314] [info] HBM2-CH_0: BW utilization 80% (3118 reads, 4605 writes)
[2026-03-15 16:13:43.323] [info] Core [0] Tile Stats | Issued: 282 Running: 0 Finished: 282
[2026-03-15 16:13:43.323] [info] cycle: [192000]
[2026-03-15 16:13:43.323] [info] Tile  status /Gather_14, instructions left 1
[2026-03-15 16:13:43.323] [info] Core [1] Tile Stats | Issued: 283 Running: 1 Finished: 282
[2026-03-15 16:13:43.323] [info] cycle: [192000]
[2026-03-15 16:13:43.323] [info] Core [2] Tile Stats | Issued: 282 Running: 0 Finished: 282
[2026-03-15 16:13:43.323] [info] cycle: [192000]
[2026-03-15 16:13:43.323] [info] Core [3] Tile Stats | Issued: 283 Running: 0 Finished: 283
[2026-03-15 16:13:43.323] [info] cycle: [192000]
[2026-03-15 16:13:43.356] [info] Layer /Gather_14 finish at 192294
[2026-03-15 16:13:43.356] [info] Total compute time 3029
[2026-03-15 16:13:43.356] [info] executable layer count 83
[2026-03-15 16:13:43.356] [info] Start layer /Gather_15
[2026-03-15 16:13:43.790] [info] Layer /Gather_15 finish at 195308
[2026-03-15 16:13:43.790] [info] Total compute time 3014
[2026-03-15 16:13:43.790] [info] executable layer count 83
[2026-03-15 16:13:43.790] [info] Start layer /Gather_16
[2026-03-15 16:13:44.274] [info] Layer /Gather_16 finish at 198318
[2026-03-15 16:13:44.275] [info] Total compute time 3010
[2026-03-15 16:13:44.275] [info] executable layer count 84
[2026-03-15 16:13:44.275] [info] Start layer /Gather_17
[2026-03-15 16:13:44.542] [info] HBM2-CH_0: BW utilization 79% (3901 reads, 3687 writes)
[2026-03-15 16:13:44.557] [info] Core [0] Tile Stats | Issued: 283 Running: 0 Finished: 283
[2026-03-15 16:13:44.557] [info] cycle: [200000]
[2026-03-15 16:13:44.557] [info] Core [1] Tile Stats | Issued: 283 Running: 0 Finished: 283
[2026-03-15 16:13:44.557] [info] cycle: [200000]
[2026-03-15 16:13:44.557] [info] Core [2] Tile Stats | Issued: 283 Running: 0 Finished: 283
[2026-03-15 16:13:44.557] [info] cycle: [200000]
[2026-03-15 16:13:44.557] [info] Tile  status /Gather_17, instructions left 1
[2026-03-15 16:13:44.557] [info] Core [3] Tile Stats | Issued: 284 Running: 1 Finished: 283
[2026-03-15 16:13:44.557] [info] cycle: [200000]
[2026-03-15 16:13:44.786] [info] Layer /Gather_17 finish at 201346
[2026-03-15 16:13:44.786] [info] Total compute time 3028
[2026-03-15 16:13:44.786] [info] executable layer count 84
[2026-03-15 16:13:44.786] [info] Start layer /Gather_18
[2026-03-15 16:13:45.198] [info] Layer /Gather_18 finish at 204376
[2026-03-15 16:13:45.198] [info] Total compute time 3030
[2026-03-15 16:13:45.198] [info] executable layer count 85
[2026-03-15 16:13:45.198] [info] Start layer /Gather_19
[2026-03-15 16:13:45.601] [info] Layer /Gather_19 finish at 207377
[2026-03-15 16:13:45.601] [info] Total compute time 3001
[2026-03-15 16:13:45.601] [info] executable layer count 85
[2026-03-15 16:13:45.601] [info] Start layer /Gather_20
[2026-03-15 16:13:45.680] [info] HBM2-CH_0: BW utilization 78% (4432 reads, 3142 writes)
[2026-03-15 16:13:45.691] [info] Core [0] Tile Stats | Issued: 284 Running: 0 Finished: 284
[2026-03-15 16:13:45.691] [info] cycle: [208000]
[2026-03-15 16:13:45.691] [info] Core [1] Tile Stats | Issued: 284 Running: 0 Finished: 284
[2026-03-15 16:13:45.691] [info] cycle: [208000]
[2026-03-15 16:13:45.691] [info] Tile  status /Gather_20, instructions left 1
[2026-03-15 16:13:45.691] [info] Core [2] Tile Stats | Issued: 284 Running: 1 Finished: 283
[2026-03-15 16:13:45.691] [info] cycle: [208000]
[2026-03-15 16:13:45.691] [info] Core [3] Tile Stats | Issued: 284 Running: 0 Finished: 284
[2026-03-15 16:13:45.691] [info] cycle: [208000]
[2026-03-15 16:13:46.299] [info] Layer /Gather_20 finish at 210427
[2026-03-15 16:13:46.299] [info] Total compute time 3050
[2026-03-15 16:13:46.299] [info] executable layer count 86
[2026-03-15 16:13:46.299] [info] Start layer /Gather_21
[2026-03-15 16:13:46.849] [info] Layer /Gather_21 finish at 213474
[2026-03-15 16:13:46.849] [info] Total compute time 3047
[2026-03-15 16:13:46.850] [info] executable layer count 86
[2026-03-15 16:13:46.850] [info] Start layer /Gather_22
[2026-03-15 16:13:47.242] [info] HBM2-CH_0: BW utilization 79% (3200 reads, 4471 writes)
[2026-03-15 16:13:47.253] [info] Core [0] Tile Stats | Issued: 284 Running: 0 Finished: 284
[2026-03-15 16:13:47.253] [info] cycle: [216000]
[2026-03-15 16:13:47.253] [info] Tile  status /Gather_22, instructions left 1
[2026-03-15 16:13:47.253] [info] Core [1] Tile Stats | Issued: 285 Running: 1 Finished: 284
[2026-03-15 16:13:47.253] [info] cycle: [216000]
[2026-03-15 16:13:47.253] [info] Core [2] Tile Stats | Issued: 284 Running: 0 Finished: 284
[2026-03-15 16:13:47.253] [info] cycle: [216000]
[2026-03-15 16:13:47.253] [info] Core [3] Tile Stats | Issued: 285 Running: 0 Finished: 285
[2026-03-15 16:13:47.253] [info] cycle: [216000]
[2026-03-15 16:13:47.312] [info] Layer /Gather_22 finish at 216497
[2026-03-15 16:13:47.312] [info] Total compute time 3023
[2026-03-15 16:13:47.312] [info] executable layer count 87
[2026-03-15 16:13:47.312] [info] Start layer /Gather_23
[2026-03-15 16:13:47.885] [info] Layer /Gather_23 finish at 219511
[2026-03-15 16:13:47.885] [info] Total compute time 3014
[2026-03-15 16:13:47.885] [info] executable layer count 87
[2026-03-15 16:13:47.885] [info] Start layer /Gather_24
[2026-03-15 16:13:48.354] [info] Layer /Gather_24 finish at 222556
[2026-03-15 16:13:48.354] [info] Total compute time 3045
[2026-03-15 16:13:48.354] [info] executable layer count 88
[2026-03-15 16:13:48.354] [info] Start layer /Gather_25
[2026-03-15 16:13:48.622] [info] HBM2-CH_0: BW utilization 78% (3614 reads, 3894 writes)
[2026-03-15 16:13:48.643] [info] Core [0] Tile Stats | Issued: 285 Running: 0 Finished: 285
[2026-03-15 16:13:48.643] [info] cycle: [224000]
[2026-03-15 16:13:48.643] [info] Core [1] Tile Stats | Issued: 285 Running: 0 Finished: 285
[2026-03-15 16:13:48.643] [info] cycle: [224000]
[2026-03-15 16:13:48.643] [info] Core [2] Tile Stats | Issued: 285 Running: 0 Finished: 285
[2026-03-15 16:13:48.643] [info] cycle: [224000]
[2026-03-15 16:13:48.643] [info] Tile  status /Gather_25, instructions left 1
[2026-03-15 16:13:48.643] [info] Core [3] Tile Stats | Issued: 286 Running: 1 Finished: 285
[2026-03-15 16:13:48.643] [info] cycle: [224000]
[2026-03-15 16:13:49.007] [info] Layer /Gather_25 finish at 225597
[2026-03-15 16:13:49.007] [info] Total compute time 3041
[2026-03-15 16:13:49.007] [info] executable layer count 88
[2026-03-15 16:13:49.007] [info] Start layer /Gather_26
[2026-03-15 16:13:49.548] [info] Layer /Gather_26 finish at 228612
[2026-03-15 16:13:49.548] [info] Total compute time 3015
[2026-03-15 16:13:49.548] [info] executable layer count 89
[2026-03-15 16:13:49.548] [info] Start layer /Gather_27
[2026-03-15 16:13:50.109] [info] Layer /Gather_27 finish at 231644
[2026-03-15 16:13:50.109] [info] Total compute time 3032
[2026-03-15 16:13:50.109] [info] executable layer count 89
[2026-03-15 16:13:50.109] [info] Start layer /Gather_28
[2026-03-15 16:13:50.157] [info] HBM2-CH_0: BW utilization 79% (4573 reads, 3023 writes)
[2026-03-15 16:13:50.177] [info] Core [0] Tile Stats | Issued: 286 Running: 0 Finished: 286
[2026-03-15 16:13:50.177] [info] cycle: [232000]
[2026-03-15 16:13:50.177] [info] Core [1] Tile Stats | Issued: 286 Running: 0 Finished: 286
[2026-03-15 16:13:50.177] [info] cycle: [232000]
[2026-03-15 16:13:50.177] [info] Tile  status /Gather_28, instructions left 1
[2026-03-15 16:13:50.177] [info] Core [2] Tile Stats | Issued: 286 Running: 1 Finished: 285
[2026-03-15 16:13:50.177] [info] cycle: [232000]
[2026-03-15 16:13:50.177] [info] Core [3] Tile Stats | Issued: 286 Running: 0 Finished: 286
[2026-03-15 16:13:50.177] [info] cycle: [232000]
[2026-03-15 16:13:50.570] [info] Layer /Gather_28 finish at 234700
[2026-03-15 16:13:50.570] [info] Total compute time 3056
[2026-03-15 16:13:50.570] [info] executable layer count 90
[2026-03-15 16:13:50.570] [info] Start layer /Gather_29
[2026-03-15 16:13:51.021] [info] Layer /Gather_29 finish at 237717
[2026-03-15 16:13:51.021] [info] Total compute time 3017
[2026-03-15 16:13:51.021] [info] executable layer count 90
[2026-03-15 16:13:51.021] [info] Start layer /Gather_30
[2026-03-15 16:13:51.434] [info] HBM2-CH_0: BW utilization 79% (3317 reads, 4329 writes)
[2026-03-15 16:13:51.448] [info] Core [0] Tile Stats | Issued: 286 Running: 0 Finished: 286
[2026-03-15 16:13:51.448] [info] cycle: [240000]
[2026-03-15 16:13:51.448] [info] Tile  status /Gather_30, instructions left 1
[2026-03-15 16:13:51.448] [info] Core [1] Tile Stats | Issued: 287 Running: 1 Finished: 286
[2026-03-15 16:13:51.448] [info] cycle: [240000]
[2026-03-15 16:13:51.448] [info] Core [2] Tile Stats | Issued: 286 Running: 0 Finished: 286
[2026-03-15 16:13:51.448] [info] cycle: [240000]
[2026-03-15 16:13:51.448] [info] Core [3] Tile Stats | Issued: 287 Running: 0 Finished: 287
[2026-03-15 16:13:51.448] [info] cycle: [240000]
[2026-03-15 16:13:51.582] [info] Layer /Gather_30 finish at 240737
[2026-03-15 16:13:51.582] [info] Total compute time 3020
[2026-03-15 16:13:51.582] [info] executable layer count 91
[2026-03-15 16:13:51.582] [info] Start layer /Gather_31
[2026-03-15 16:13:52.073] [info] Layer /Gather_31 finish at 243735
[2026-03-15 16:13:52.073] [info] Total compute time 2998
[2026-03-15 16:13:52.073] [info] executable layer count 91
[2026-03-15 16:13:52.073] [info] Start layer /Gather_34
[2026-03-15 16:13:52.492] [info] Layer /Gather_34 finish at 246761
[2026-03-15 16:13:52.492] [info] Total compute time 3026
[2026-03-15 16:13:52.492] [info] executable layer count 92
[2026-03-15 16:13:52.492] [info] Start layer /Gather_35
[2026-03-15 16:13:52.635] [info] HBM2-CH_0: BW utilization 79% (3438 reads, 4163 writes)
[2026-03-15 16:13:52.655] [info] Core [0] Tile Stats | Issued: 287 Running: 0 Finished: 287
[2026-03-15 16:13:52.655] [info] cycle: [248000]
[2026-03-15 16:13:52.655] [info] Core [1] Tile Stats | Issued: 287 Running: 0 Finished: 287
[2026-03-15 16:13:52.655] [info] cycle: [248000]
[2026-03-15 16:13:52.655] [info] Core [2] Tile Stats | Issued: 287 Running: 0 Finished: 287
[2026-03-15 16:13:52.655] [info] cycle: [248000]
[2026-03-15 16:13:52.655] [info] Tile  status /Gather_35, instructions left 1
[2026-03-15 16:13:52.655] [info] Core [3] Tile Stats | Issued: 288 Running: 1 Finished: 287
[2026-03-15 16:13:52.655] [info] cycle: [248000]
[2026-03-15 16:13:52.963] [info] Layer /Gather_35 finish at 249796
[2026-03-15 16:13:52.963] [info] Total compute time 3035
[2026-03-15 16:13:52.963] [info] executable layer count 92
[2026-03-15 16:13:52.963] [info] Start layer /Gather_36
[2026-03-15 16:13:53.485] [info] Layer /Gather_36 finish at 252837
[2026-03-15 16:13:53.485] [info] Total compute time 3041
[2026-03-15 16:13:53.485] [info] executable layer count 93
[2026-03-15 16:13:53.485] [info] Start layer /Gather_37
[2026-03-15 16:13:54.047] [info] Layer /Gather_37 finish at 255868
[2026-03-15 16:13:54.047] [info] Total compute time 3031
[2026-03-15 16:13:54.047] [info] executable layer count 93
[2026-03-15 16:13:54.047] [info] Start layer /Gather_38
[2026-03-15 16:13:54.049] [info] HBM2-CH_0: BW utilization 79% (4684 reads, 2929 writes)
[2026-03-15 16:13:54.059] [info] Core [0] Tile Stats | Issued: 288 Running: 0 Finished: 288
[2026-03-15 16:13:54.059] [info] cycle: [256000]
[2026-03-15 16:13:54.059] [info] Core [1] Tile Stats | Issued: 288 Running: 0 Finished: 288
[2026-03-15 16:13:54.059] [info] cycle: [256000]
[2026-03-15 16:13:54.059] [info] Tile  status /Gather_38, instructions left 1
[2026-03-15 16:13:54.059] [info] Core [2] Tile Stats | Issued: 288 Running: 1 Finished: 287
[2026-03-15 16:13:54.059] [info] cycle: [256000]
[2026-03-15 16:13:54.059] [info] Core [3] Tile Stats | Issued: 288 Running: 0 Finished: 288
[2026-03-15 16:13:54.059] [info] cycle: [256000]
[2026-03-15 16:13:54.618] [info] Layer /Gather_38 finish at 258899
[2026-03-15 16:13:54.618] [info] Total compute time 3031
[2026-03-15 16:13:54.618] [info] executable layer count 94
[2026-03-15 16:13:54.618] [info] Start layer /Gather_39
[2026-03-15 16:13:55.076] [info] Layer /Gather_39 finish at 261904
[2026-03-15 16:13:55.076] [info] Total compute time 3005
[2026-03-15 16:13:55.076] [info] executable layer count 94
[2026-03-15 16:13:55.076] [info] Start layer /Gather_42
[2026-03-15 16:13:55.339] [info] HBM2-CH_0: BW utilization 79% (3391 reads, 4253 writes)
[2026-03-15 16:13:55.352] [info] Core [0] Tile Stats | Issued: 288 Running: 0 Finished: 288
[2026-03-15 16:13:55.352] [info] cycle: [264000]
[2026-03-15 16:13:55.352] [info] Tile  status /Gather_42, instructions left 1
[2026-03-15 16:13:55.352] [info] Core [1] Tile Stats | Issued: 289 Running: 1 Finished: 288
[2026-03-15 16:13:55.352] [info] cycle: [264000]
[2026-03-15 16:13:55.352] [info] Core [2] Tile Stats | Issued: 288 Running: 0 Finished: 288
[2026-03-15 16:13:55.352] [info] cycle: [264000]
[2026-03-15 16:13:55.352] [info] Core [3] Tile Stats | Issued: 289 Running: 0 Finished: 289
[2026-03-15 16:13:55.352] [info] cycle: [264000]
[2026-03-15 16:13:55.471] [info] Layer /Gather_42 finish at 264934
[2026-03-15 16:13:55.471] [info] Total compute time 3030
[2026-03-15 16:13:55.472] [info] executable layer count 95
[2026-03-15 16:13:55.472] [info] Start layer /Gather_43
[2026-03-15 16:13:55.872] [info] Layer /Gather_43 finish at 267942
[2026-03-15 16:13:55.872] [info] Total compute time 3008
[2026-03-15 16:13:55.872] [info] executable layer count 95
[2026-03-15 16:13:55.872] [info] Start layer /Gather_44
[2026-03-15 16:13:56.261] [info] Layer /Gather_44 finish at 270960
[2026-03-15 16:13:56.261] [info] Total compute time 3018
[2026-03-15 16:13:56.261] [info] executable layer count 96
[2026-03-15 16:13:56.261] [info] Start layer /Gather_45
[2026-03-15 16:13:56.370] [info] HBM2-CH_0: BW utilization 78% (3355 reads, 4218 writes)
[2026-03-15 16:13:56.383] [info] Core [0] Tile Stats | Issued: 289 Running: 0 Finished: 289
[2026-03-15 16:13:56.383] [info] cycle: [272000]
[2026-03-15 16:13:56.383] [info] Core [1] Tile Stats | Issued: 289 Running: 0 Finished: 289
[2026-03-15 16:13:56.383] [info] cycle: [272000]
[2026-03-15 16:13:56.383] [info] Core [2] Tile Stats | Issued: 289 Running: 0 Finished: 289
[2026-03-15 16:13:56.383] [info] cycle: [272000]
[2026-03-15 16:13:56.383] [info] Tile  status /Gather_45, instructions left 1
[2026-03-15 16:13:56.383] [info] Core [3] Tile Stats | Issued: 290 Running: 1 Finished: 289
[2026-03-15 16:13:56.383] [info] cycle: [272000]
[2026-03-15 16:13:56.664] [info] Layer /Gather_45 finish at 273985
[2026-03-15 16:13:56.664] [info] Total compute time 3025
[2026-03-15 16:13:56.664] [info] executable layer count 96
[2026-03-15 16:13:56.664] [info] Start layer /Gather_46
[2026-03-15 16:13:57.052] [info] Layer /Gather_46 finish at 277028
[2026-03-15 16:13:57.052] [info] Total compute time 3043
[2026-03-15 16:13:57.052] [info] executable layer count 97
[2026-03-15 16:13:57.052] [info] Start layer /Gather_47
[2026-03-15 16:13:57.461] [info] HBM2-CH_0: BW utilization 80% (4691 reads, 3015 writes)
[2026-03-15 16:13:57.472] [info] Tile  status /Gather_47, instructions left 1
[2026-03-15 16:13:57.472] [info] Core [0] Tile Stats | Issued: 290 Running: 1 Finished: 289
[2026-03-15 16:13:57.472] [info] cycle: [280000]
[2026-03-15 16:13:57.472] [info] Core [1] Tile Stats | Issued: 290 Running: 0 Finished: 290
[2026-03-15 16:13:57.472] [info] cycle: [280000]
[2026-03-15 16:13:57.472] [info] Core [2] Tile Stats | Issued: 289 Running: 0 Finished: 289
[2026-03-15 16:13:57.472] [info] cycle: [280000]
[2026-03-15 16:13:57.472] [info] Core [3] Tile Stats | Issued: 290 Running: 0 Finished: 290
[2026-03-15 16:13:57.472] [info] cycle: [280000]
[2026-03-15 16:13:57.477] [info] Layer /Gather_47 finish at 280034
[2026-03-15 16:13:57.477] [info] Total compute time 3006
[2026-03-15 16:13:57.477] [info] executable layer count 97
[2026-03-15 16:13:57.477] [info] Start layer /blocks.23/Neg
[2026-03-15 16:13:57.785] [info] Layer /blocks.23/Neg finish at 282565
[2026-03-15 16:13:57.785] [info] Total compute time 2531
[2026-03-15 16:13:57.785] [info] executable layer count 97
[2026-03-15 16:13:57.785] [info] Start layer /blocks.22/Neg
[2026-03-15 16:13:57.812] [info] Layer /blocks.22/Neg finish at 282852
[2026-03-15 16:13:57.812] [info] Total compute time 287
[2026-03-15 16:13:57.812] [info] executable layer count 97
[2026-03-15 16:13:57.812] [info] Start layer /blocks.21/Neg
[2026-03-15 16:13:57.842] [info] Layer /blocks.21/Neg finish at 283149
[2026-03-15 16:13:57.842] [info] Total compute time 297
[2026-03-15 16:13:57.842] [info] executable layer count 97
[2026-03-15 16:13:57.842] [info] Start layer /blocks.20/Neg
[2026-03-15 16:13:57.873] [info] Layer /blocks.20/Neg finish at 283438
[2026-03-15 16:13:57.873] [info] Total compute time 289
[2026-03-15 16:13:57.873] [info] executable layer count 97
[2026-03-15 16:13:57.873] [info] Start layer /blocks.19/Neg
[2026-03-15 16:13:57.901] [info] Layer /blocks.19/Neg finish at 283730
[2026-03-15 16:13:57.901] [info] Total compute time 292
[2026-03-15 16:13:57.901] [info] executable layer count 97
[2026-03-15 16:13:57.901] [info] Start layer /blocks.18/Neg
[2026-03-15 16:13:57.929] [info] Layer /blocks.18/Neg finish at 284024
[2026-03-15 16:13:57.929] [info] Total compute time 294
[2026-03-15 16:13:57.929] [info] executable layer count 97
[2026-03-15 16:13:57.929] [info] Start layer /blocks.17/Neg
[2026-03-15 16:13:57.956] [info] Layer /blocks.17/Neg finish at 284316
[2026-03-15 16:13:57.956] [info] Total compute time 292
[2026-03-15 16:13:57.956] [info] executable layer count 97
[2026-03-15 16:13:57.956] [info] Start layer /blocks.16/Neg
[2026-03-15 16:13:57.983] [info] Layer /blocks.16/Neg finish at 284610
[2026-03-15 16:13:57.983] [info] Total compute time 294
[2026-03-15 16:13:57.983] [info] executable layer count 97
[2026-03-15 16:13:57.983] [info] Start layer /blocks.15/Neg
[2026-03-15 16:13:58.012] [info] Layer /blocks.15/Neg finish at 284905
[2026-03-15 16:13:58.012] [info] Total compute time 295
[2026-03-15 16:13:58.012] [info] executable layer count 97
[2026-03-15 16:13:58.012] [info] Start layer /blocks.14/Neg
[2026-03-15 16:13:58.041] [info] Layer /blocks.14/Neg finish at 285200
[2026-03-15 16:13:58.041] [info] Total compute time 295
[2026-03-15 16:13:58.041] [info] executable layer count 97
[2026-03-15 16:13:58.041] [info] Start layer /blocks.13/Neg
[2026-03-15 16:13:58.069] [info] Layer /blocks.13/Neg finish at 285494
[2026-03-15 16:13:58.069] [info] Total compute time 294
[2026-03-15 16:13:58.069] [info] executable layer count 97
[2026-03-15 16:13:58.069] [info] Start layer /blocks.12/Neg
[2026-03-15 16:13:58.096] [info] Layer /blocks.12/Neg finish at 285786
[2026-03-15 16:13:58.096] [info] Total compute time 292
[2026-03-15 16:13:58.096] [info] executable layer count 97
[2026-03-15 16:13:58.096] [info] Start layer /blocks.11/Neg
[2026-03-15 16:13:58.127] [info] Layer /blocks.11/Neg finish at 286081
[2026-03-15 16:13:58.127] [info] Total compute time 295
[2026-03-15 16:13:58.127] [info] executable layer count 97
[2026-03-15 16:13:58.127] [info] Start layer /blocks.10/Neg
[2026-03-15 16:13:58.166] [info] Layer /blocks.10/Neg finish at 286368
[2026-03-15 16:13:58.166] [info] Total compute time 287
[2026-03-15 16:13:58.166] [info] executable layer count 97
[2026-03-15 16:13:58.166] [info] Start layer /blocks.9/Neg
[2026-03-15 16:13:58.194] [info] Layer /blocks.9/Neg finish at 286656
[2026-03-15 16:13:58.194] [info] Total compute time 288
[2026-03-15 16:13:58.194] [info] executable layer count 97
[2026-03-15 16:13:58.194] [info] Start layer /blocks.8/Neg
[2026-03-15 16:13:58.222] [info] Layer /blocks.8/Neg finish at 286949
[2026-03-15 16:13:58.222] [info] Total compute time 293
[2026-03-15 16:13:58.222] [info] executable layer count 97
[2026-03-15 16:13:58.222] [info] Start layer /blocks.7/Neg
[2026-03-15 16:13:58.249] [info] Layer /blocks.7/Neg finish at 287230
[2026-03-15 16:13:58.249] [info] Total compute time 281
[2026-03-15 16:13:58.249] [info] executable layer count 97
[2026-03-15 16:13:58.249] [info] Start layer /blocks.6/Neg
[2026-03-15 16:13:58.275] [info] Layer /blocks.6/Neg finish at 287512
[2026-03-15 16:13:58.275] [info] Total compute time 282
[2026-03-15 16:13:58.275] [info] executable layer count 97
[2026-03-15 16:13:58.275] [info] Start layer /blocks.5/Neg
[2026-03-15 16:13:58.302] [info] Layer /blocks.5/Neg finish at 287803
[2026-03-15 16:13:58.302] [info] Total compute time 291
[2026-03-15 16:13:58.302] [info] executable layer count 97
[2026-03-15 16:13:58.302] [info] Start layer /blocks.4/Neg
[2026-03-15 16:13:58.309] [info] HBM2-CH_0: BW utilization 62% (1920 reads, 4094 writes)
[2026-03-15 16:13:58.321] [info] Tile  status /blocks.4/Neg, instructions left 2
[2026-03-15 16:13:58.321] [info] Core [0] Tile Stats | Issued: 295 Running: 1 Finished: 294
[2026-03-15 16:13:58.321] [info] cycle: [288000]
[2026-03-15 16:13:58.321] [info] Core [1] Tile Stats | Issued: 295 Running: 0 Finished: 295
[2026-03-15 16:13:58.321] [info] cycle: [288000]
[2026-03-15 16:13:58.321] [info] Core [2] Tile Stats | Issued: 294 Running: 0 Finished: 294
[2026-03-15 16:13:58.321] [info] cycle: [288000]
[2026-03-15 16:13:58.321] [info] Core [3] Tile Stats | Issued: 295 Running: 0 Finished: 295
[2026-03-15 16:13:58.321] [info] cycle: [288000]
[2026-03-15 16:13:58.331] [info] Layer /blocks.4/Neg finish at 288094
[2026-03-15 16:13:58.331] [info] Total compute time 291
[2026-03-15 16:13:58.331] [info] executable layer count 97
[2026-03-15 16:13:58.331] [info] Start layer /blocks.3/Neg
[2026-03-15 16:13:58.358] [info] Layer /blocks.3/Neg finish at 288370
[2026-03-15 16:13:58.358] [info] Total compute time 276
[2026-03-15 16:13:58.358] [info] executable layer count 97
[2026-03-15 16:13:58.358] [info] Start layer /blocks.2/Neg
[2026-03-15 16:13:58.386] [info] Layer /blocks.2/Neg finish at 288661
[2026-03-15 16:13:58.386] [info] Total compute time 291
[2026-03-15 16:13:58.386] [info] executable layer count 97
[2026-03-15 16:13:58.386] [info] Start layer /blocks.1/Neg
[2026-03-15 16:13:58.412] [info] Layer /blocks.1/Neg finish at 288946
[2026-03-15 16:13:58.412] [info] Total compute time 285
[2026-03-15 16:13:58.412] [info] executable layer count 97
[2026-03-15 16:13:58.412] [info] Start layer /blocks.0/conv_proj/Gemm
[2026-03-15 16:13:58.934] [info] HBM2-CH_0: BW utilization 71% (6450 reads, 410 writes)
[2026-03-15 16:13:58.942] [info] Tile  status Gemm, instructions left 49
[2026-03-15 16:13:58.942] [info] Tile  status Gemm, instructions left 49
[2026-03-15 16:13:58.942] [info] Core [0] Tile Stats | Issued: 297 Running: 2 Finished: 295
[2026-03-15 16:13:58.942] [info] cycle: [296000]
[2026-03-15 16:13:58.942] [info] Tile  status Gemm, instructions left 49
[2026-03-15 16:13:58.942] [info] Tile  status Gemm, instructions left 49
[2026-03-15 16:13:58.942] [info] Core [1] Tile Stats | Issued: 298 Running: 2 Finished: 296
[2026-03-15 16:13:58.942] [info] cycle: [296000]
[2026-03-15 16:13:58.942] [info] Tile  status Gemm, instructions left 49
[2026-03-15 16:13:58.942] [info] Tile  status Gemm, instructions left 49
[2026-03-15 16:13:58.942] [info] Core [2] Tile Stats | Issued: 297 Running: 2 Finished: 295
[2026-03-15 16:13:58.942] [info] cycle: [296000]
[2026-03-15 16:13:58.942] [info] Tile  status Gemm, instructions left 49
[2026-03-15 16:13:58.942] [info] Tile  status Gemm, instructions left 49
[2026-03-15 16:13:58.942] [info] Core [3] Tile Stats | Issued: 298 Running: 2 Finished: 296
[2026-03-15 16:13:58.942] [info] cycle: [296000]
[2026-03-15 16:13:59.511] [info] HBM2-CH_0: BW utilization 78% (7543 reads, 0 writes)
[2026-03-15 16:13:59.520] [info] Tile  status Gemm, instructions left 49
[2026-03-15 16:13:59.520] [info] Tile  status Gemm, instructions left 49
[2026-03-15 16:13:59.520] [info] Core [0] Tile Stats | Issued: 297 Running: 2 Finished: 295
[2026-03-15 16:13:59.520] [info] cycle: [304000]
[2026-03-15 16:13:59.520] [info] Tile  status Gemm, instructions left 49
[2026-03-15 16:13:59.520] [info] Tile  status Gemm, instructions left 49
[2026-03-15 16:13:59.520] [info] Core [1] Tile Stats | Issued: 298 Running: 2 Finished: 296
[2026-03-15 16:13:59.520] [info] cycle: [304000]
[2026-03-15 16:13:59.520] [info] Tile  status Gemm, instructions left 49
[2026-03-15 16:13:59.520] [info] Tile  status Gemm, instructions left 49
[2026-03-15 16:13:59.520] [info] Core [2] Tile Stats | Issued: 297 Running: 2 Finished: 295
[2026-03-15 16:13:59.520] [info] cycle: [304000]
[2026-03-15 16:13:59.520] [info] Tile  status Gemm, instructions left 49
[2026-03-15 16:13:59.520] [info] Tile  status Gemm, instructions left 49
[2026-03-15 16:13:59.520] [info] Core [3] Tile Stats | Issued: 298 Running: 2 Finished: 296
[2026-03-15 16:13:59.520] [info] cycle: [304000]
[2026-03-15 16:14:00.138] [info] HBM2-CH_0: BW utilization 73% (7012 reads, 0 writes)
[2026-03-15 16:14:00.147] [info] Tile  status Gemm, instructions left 1
[2026-03-15 16:14:00.148] [info] Tile  status Gemm, instructions left 49
[2026-03-15 16:14:00.148] [info] Core [0] Tile Stats | Issued: 297 Running: 2 Finished: 295
[2026-03-15 16:14:00.148] [info] cycle: [312000]
[2026-03-15 16:14:00.148] [info] Tile  status Gemm, instructions left 1
[2026-03-15 16:14:00.148] [info] Tile  status Gemm, instructions left 49
[2026-03-15 16:14:00.148] [info] Core [1] Tile Stats | Issued: 298 Running: 2 Finished: 296
[2026-03-15 16:14:00.148] [info] cycle: [312000]
[2026-03-15 16:14:00.148] [info] Tile  status Gemm, instructions left 1
[2026-03-15 16:14:00.148] [info] Tile  status Gemm, instructions left 49
[2026-03-15 16:14:00.148] [info] Core [2] Tile Stats | Issued: 297 Running: 2 Finished: 295
[2026-03-15 16:14:00.148] [info] cycle: [312000]
[2026-03-15 16:14:00.148] [info] Tile  status Gemm, instructions left 1
[2026-03-15 16:14:00.148] [info] Tile  status Gemm, instructions left 49
[2026-03-15 16:14:00.148] [info] Core [3] Tile Stats | Issued: 298 Running: 2 Finished: 296
[2026-03-15 16:14:00.148] [info] cycle: [312000]
[2026-03-15 16:14:00.764] [info] HBM2-CH_0: BW utilization 73% (7008 reads, 0 writes)
[2026-03-15 16:14:00.774] [info] Tile  status Gemm, instructions left 49
[2026-03-15 16:14:00.774] [info] Tile  status Gemm, instructions left 49
[2026-03-15 16:14:00.774] [info] Core [0] Tile Stats | Issued: 298 Running: 2 Finished: 296
[2026-03-15 16:14:00.774] [info] cycle: [320000]
[2026-03-15 16:14:00.774] [info] Tile  status Gemm, instructions left 49
[2026-03-15 16:14:00.774] [info] Tile  status Gemm, instructions left 49
[2026-03-15 16:14:00.774] [info] Core [1] Tile Stats | Issued: 299 Running: 2 Finished: 297
[2026-03-15 16:14:00.774] [info] cycle: [320000]
[2026-03-15 16:14:00.774] [info] Tile  status Gemm, instructions left 49
[2026-03-15 16:14:00.774] [info] Tile  status Gemm, instructions left 49
[2026-03-15 16:14:00.774] [info] Core [2] Tile Stats | Issued: 298 Running: 2 Finished: 296
[2026-03-15 16:14:00.774] [info] cycle: [320000]
[2026-03-15 16:14:00.774] [info] Tile  status Gemm, instructions left 49
[2026-03-15 16:14:00.774] [info] Tile  status Gemm, instructions left 49
[2026-03-15 16:14:00.774] [info] Core [3] Tile Stats | Issued: 299 Running: 2 Finished: 297
[2026-03-15 16:14:00.774] [info] cycle: [320000]
[2026-03-15 16:14:01.376] [info] HBM2-CH_0: BW utilization 68% (6480 reads, 49 writes)
[2026-03-15 16:14:01.386] [info] Tile  status Gemm, instructions left 1
[2026-03-15 16:14:01.386] [info] Tile  status Gemm, instructions left 49
[2026-03-15 16:14:01.386] [info] Core [0] Tile Stats | Issued: 298 Running: 2 Finished: 296
[2026-03-15 16:14:01.386] [info] cycle: [328000]
[2026-03-15 16:14:01.386] [info] Tile  status Gemm, instructions left 1
[2026-03-15 16:14:01.386] [info] Tile  status Gemm, instructions left 49
[2026-03-15 16:14:01.386] [info] Core [1] Tile Stats | Issued: 299 Running: 2 Finished: 297
[2026-03-15 16:14:01.386] [info] cycle: [328000]
[2026-03-15 16:14:01.386] [info] Tile  status Gemm, instructions left 1
[2026-03-15 16:14:01.386] [info] Tile  status Gemm, instructions left 49
[2026-03-15 16:14:01.386] [info] Core [2] Tile Stats | Issued: 298 Running: 2 Finished: 296
[2026-03-15 16:14:01.386] [info] cycle: [328000]
[2026-03-15 16:14:01.386] [info] Tile  status Gemm, instructions left 1
[2026-03-15 16:14:01.386] [info] Tile  status Gemm, instructions left 49
[2026-03-15 16:14:01.386] [info] Core [3] Tile Stats | Issued: 299 Running: 2 Finished: 297
[2026-03-15 16:14:01.386] [info] cycle: [328000]
[2026-03-15 16:14:02.620] [info] HBM2-CH_0: BW utilization 62% (6015 reads, 0 writes)
[2026-03-15 16:14:02.650] [info] Tile  status Gemm, instructions left 49
[2026-03-15 16:14:02.650] [info] Core [0] Tile Stats | Issued: 298 Running: 1 Finished: 297
[2026-03-15 16:14:02.650] [info] cycle: [336000]
[2026-03-15 16:14:02.650] [info] Tile  status Gemm, instructions left 49
[2026-03-15 16:14:02.650] [info] Core [1] Tile Stats | Issued: 299 Running: 1 Finished: 298
[2026-03-15 16:14:02.650] [info] cycle: [336000]
[2026-03-15 16:14:02.650] [info] Tile  status Gemm, instructions left 49
[2026-03-15 16:14:02.650] [info] Core [2] Tile Stats | Issued: 298 Running: 1 Finished: 297
[2026-03-15 16:14:02.650] [info] cycle: [336000]
[2026-03-15 16:14:02.650] [info] Tile  status Gemm, instructions left 49
[2026-03-15 16:14:02.650] [info] Core [3] Tile Stats | Issued: 299 Running: 1 Finished: 298
[2026-03-15 16:14:02.650] [info] cycle: [336000]
[2026-03-15 16:14:03.536] [info] HBM2-CH_0: BW utilization 38% (3641 reads, 87 writes)
[2026-03-15 16:14:03.545] [info] Tile  status Gemm, instructions left 1
[2026-03-15 16:14:03.545] [info] Core [0] Tile Stats | Issued: 298 Running: 1 Finished: 297
[2026-03-15 16:14:03.545] [info] cycle: [344000]
[2026-03-15 16:14:03.545] [info] Tile  status Gemm, instructions left 1
[2026-03-15 16:14:03.545] [info] Core [1] Tile Stats | Issued: 299 Running: 1 Finished: 298
[2026-03-15 16:14:03.545] [info] cycle: [344000]
[2026-03-15 16:14:03.545] [info] Tile  status Gemm, instructions left 1
[2026-03-15 16:14:03.545] [info] Core [2] Tile Stats | Issued: 298 Running: 1 Finished: 297
[2026-03-15 16:14:03.545] [info] cycle: [344000]
[2026-03-15 16:14:03.545] [info] Tile  status Gemm, instructions left 1
[2026-03-15 16:14:03.545] [info] Core [3] Tile Stats | Issued: 299 Running: 1 Finished: 298
[2026-03-15 16:14:03.545] [info] cycle: [344000]
[2026-03-15 16:14:03.725] [info] Layer /blocks.0/conv_proj/Gemm finish at 346534
[2026-03-15 16:14:03.725] [info] Total compute time 57588
[2026-03-15 16:14:03.725] [info] executable layer count 97
[2026-03-15 16:14:03.725] [info] Start layer /blocks.0/Slice_2
[2026-03-15 16:14:03.790] [info] Layer /blocks.0/Slice_2 finish at 347182
[2026-03-15 16:14:03.790] [info] Total compute time 648
[2026-03-15 16:14:03.790] [info] executable layer count 97
[2026-03-15 16:14:03.790] [info] Start layer /blocks.0/Reshape
[2026-03-15 16:14:04.199] [info] Layer /blocks.0/Reshape finish at 350229
[2026-03-15 16:14:04.199] [info] Total compute time 3047
[2026-03-15 16:14:04.199] [info] executable layer count 96
[2026-03-15 16:14:04.199] [info] Start layer /blocks.1/conv_proj/Gemm
[2026-03-15 16:14:04.302] [info] HBM2-CH_0: BW utilization 48% (3736 reads, 918 writes)
[2026-03-15 16:14:04.311] [info] Tile  status Gemm, instructions left 49
[2026-03-15 16:14:04.311] [info] Tile  status Gemm, instructions left 49
[2026-03-15 16:14:04.311] [info] Core [0] Tile Stats | Issued: 301 Running: 2 Finished: 299
[2026-03-15 16:14:04.311] [info] cycle: [352000]
[2026-03-15 16:14:04.311] [info] Tile  status Gemm, instructions left 49
[2026-03-15 16:14:04.311] [info] Tile  status Gemm, instructions left 49
[2026-03-15 16:14:04.311] [info] Core [1] Tile Stats | Issued: 301 Running: 2 Finished: 299
[2026-03-15 16:14:04.311] [info] cycle: [352000]
[2026-03-15 16:14:04.311] [info] Tile  status Gemm, instructions left 49
[2026-03-15 16:14:04.311] [info] Tile  status Gemm, instructions left 49
[2026-03-15 16:14:04.311] [info] Core [2] Tile Stats | Issued: 301 Running: 2 Finished: 299
[2026-03-15 16:14:04.311] [info] cycle: [352000]
[2026-03-15 16:14:04.311] [info] Tile  status Gemm, instructions left 49
[2026-03-15 16:14:04.311] [info] Tile  status Gemm, instructions left 49
[2026-03-15 16:14:04.311] [info] Core [3] Tile Stats | Issued: 301 Running: 2 Finished: 299
[2026-03-15 16:14:04.311] [info] cycle: [352000]
[2026-03-15 16:14:04.833] [info] HBM2-CH_0: BW utilization 62% (4544 reads, 1488 writes)
[2026-03-15 16:14:04.841] [info] Tile  status Gemm, instructions left 49
[2026-03-15 16:14:04.841] [info] Tile  status Gemm, instructions left 49
[2026-03-15 16:14:04.841] [info] Core [0] Tile Stats | Issued: 301 Running: 2 Finished: 299
[2026-03-15 16:14:04.841] [info] cycle: [360000]
[2026-03-15 16:14:04.841] [info] Tile  status Gemm, instructions left 49
[2026-03-15 16:14:04.841] [info] Tile  status Gemm, instructions left 49
[2026-03-15 16:14:04.841] [info] Core [1] Tile Stats | Issued: 301 Running: 2 Finished: 299
[2026-03-15 16:14:04.841] [info] cycle: [360000]
[2026-03-15 16:14:04.841] [info] Tile  status Gemm, instructions left 49
[2026-03-15 16:14:04.841] [info] Tile  status Gemm, instructions left 49
[2026-03-15 16:14:04.841] [info] Core [2] Tile Stats | Issued: 301 Running: 2 Finished: 299
[2026-03-15 16:14:04.841] [info] cycle: [360000]
[2026-03-15 16:14:04.841] [info] Tile  status Gemm, instructions left 49
[2026-03-15 16:14:04.841] [info] Tile  status Gemm, instructions left 49
[2026-03-15 16:14:04.841] [info] Core [3] Tile Stats | Issued: 301 Running: 2 Finished: 299
[2026-03-15 16:14:04.841] [info] cycle: [360000]
[2026-03-15 16:14:05.384] [info] HBM2-CH_0: BW utilization 74% (6714 reads, 480 writes)
[2026-03-15 16:14:05.395] [info] Tile  status Gemm, instructions left 49
[2026-03-15 16:14:05.395] [info] Tile  status Gemm, instructions left 49
[2026-03-15 16:14:05.395] [info] Core [0] Tile Stats | Issued: 301 Running: 2 Finished: 299
[2026-03-15 16:14:05.395] [info] cycle: [368000]
[2026-03-15 16:14:05.395] [info] Tile  status Gemm, instructions left 49
[2026-03-15 16:14:05.395] [info] Tile  status Gemm, instructions left 49
[2026-03-15 16:14:05.395] [info] Core [1] Tile Stats | Issued: 301 Running: 2 Finished: 299
[2026-03-15 16:14:05.395] [info] cycle: [368000]
[2026-03-15 16:14:05.395] [info] Tile  status Gemm, instructions left 49
[2026-03-15 16:14:05.395] [info] Tile  status Gemm, instructions left 49
[2026-03-15 16:14:05.395] [info] Core [2] Tile Stats | Issued: 301 Running: 2 Finished: 299
[2026-03-15 16:14:05.395] [info] cycle: [368000]
[2026-03-15 16:14:05.395] [info] Tile  status Gemm, instructions left 49
[2026-03-15 16:14:05.395] [info] Tile  status Gemm, instructions left 49
[2026-03-15 16:14:05.395] [info] Core [3] Tile Stats | Issued: 301 Running: 2 Finished: 299
[2026-03-15 16:14:05.395] [info] cycle: [368000]
[2026-03-15 16:14:06.006] [info] HBM2-CH_0: BW utilization 69% (6689 reads, 0 writes)
[2026-03-15 16:14:06.018] [info] Tile  status Gemm, instructions left 49
[2026-03-15 16:14:06.018] [info] Tile  status Gemm, instructions left 49
[2026-03-15 16:14:06.018] [info] Core [0] Tile Stats | Issued: 302 Running: 2 Finished: 300
[2026-03-15 16:14:06.018] [info] cycle: [376000]
[2026-03-15 16:14:06.018] [info] Tile  status Gemm, instructions left 49
[2026-03-15 16:14:06.018] [info] Tile  status Gemm, instructions left 49
[2026-03-15 16:14:06.018] [info] Core [1] Tile Stats | Issued: 302 Running: 2 Finished: 300
[2026-03-15 16:14:06.018] [info] cycle: [376000]
[2026-03-15 16:14:06.018] [info] Tile  status Gemm, instructions left 49
[2026-03-15 16:14:06.018] [info] Tile  status Gemm, instructions left 49
[2026-03-15 16:14:06.018] [info] Core [2] Tile Stats | Issued: 301 Running: 2 Finished: 299
[2026-03-15 16:14:06.018] [info] cycle: [376000]
[2026-03-15 16:14:06.018] [info] Tile  status Gemm, instructions left 49
[2026-03-15 16:14:06.018] [info] Tile  status Gemm, instructions left 49
[2026-03-15 16:14:06.018] [info] Core [3] Tile Stats | Issued: 302 Running: 2 Finished: 300
[2026-03-15 16:14:06.018] [info] cycle: [376000]
[2026-03-15 16:14:06.606] [info] HBM2-CH_0: BW utilization 70% (6766 reads, 0 writes)
[2026-03-15 16:14:06.626] [info] Tile  status Gemm, instructions left 49
[2026-03-15 16:14:06.626] [info] Tile  status Gemm, instructions left 49
[2026-03-15 16:14:06.626] [info] Core [0] Tile Stats | Issued: 302 Running: 2 Finished: 300
[2026-03-15 16:14:06.626] [info] cycle: [384000]
[2026-03-15 16:14:06.626] [info] Tile  status Gemm, instructions left 49
[2026-03-15 16:14:06.626] [info] Tile  status Gemm, instructions left 49
[2026-03-15 16:14:06.626] [info] Core [1] Tile Stats | Issued: 302 Running: 2 Finished: 300
[2026-03-15 16:14:06.626] [info] cycle: [384000]
[2026-03-15 16:14:06.626] [info] Tile  status Gemm, instructions left 1
[2026-03-15 16:14:06.626] [info] Tile  status Gemm, instructions left 49
[2026-03-15 16:14:06.626] [info] Core [2] Tile Stats | Issued: 301 Running: 2 Finished: 299
[2026-03-15 16:14:06.626] [info] cycle: [384000]
[2026-03-15 16:14:06.626] [info] Tile  status Gemm, instructions left 49
[2026-03-15 16:14:06.626] [info] Tile  status Gemm, instructions left 49
[2026-03-15 16:14:06.626] [info] Core [3] Tile Stats | Issued: 302 Running: 2 Finished: 300
[2026-03-15 16:14:06.626] [info] cycle: [384000]
[2026-03-15 16:14:07.247] [info] HBM2-CH_0: BW utilization 71% (6801 reads, 40 writes)
[2026-03-15 16:14:07.259] [info] Tile  status Gemm, instructions left 1
[2026-03-15 16:14:07.259] [info] Tile  status Gemm, instructions left 49
[2026-03-15 16:14:07.259] [info] Core [0] Tile Stats | Issued: 302 Running: 2 Finished: 300
[2026-03-15 16:14:07.259] [info] cycle: [392000]
[2026-03-15 16:14:07.259] [info] Tile  status Gemm, instructions left 1
[2026-03-15 16:14:07.259] [info] Tile  status Gemm, instructions left 49
[2026-03-15 16:14:07.259] [info] Core [1] Tile Stats | Issued: 302 Running: 2 Finished: 300
[2026-03-15 16:14:07.259] [info] cycle: [392000]
[2026-03-15 16:14:07.259] [info] Tile  status Gemm, instructions left 49
[2026-03-15 16:14:07.259] [info] Tile  status Gemm, instructions left 49
[2026-03-15 16:14:07.259] [info] Core [2] Tile Stats | Issued: 302 Running: 2 Finished: 300
[2026-03-15 16:14:07.259] [info] cycle: [392000]
[2026-03-15 16:14:07.259] [info] Tile  status Gemm, instructions left 1
[2026-03-15 16:14:07.259] [info] Tile  status Gemm, instructions left 49
[2026-03-15 16:14:07.259] [info] Core [3] Tile Stats | Issued: 302 Running: 2 Finished: 300
[2026-03-15 16:14:07.259] [info] cycle: [392000]
[2026-03-15 16:14:08.340] [info] HBM2-CH_0: BW utilization 69% (6618 reads, 40 writes)
[2026-03-15 16:14:08.371] [info] Tile  status Gemm, instructions left 49
[2026-03-15 16:14:08.371] [info] Core [0] Tile Stats | Issued: 302 Running: 1 Finished: 301
[2026-03-15 16:14:08.371] [info] cycle: [400000]
[2026-03-15 16:14:08.372] [info] Tile  status Gemm, instructions left 49
[2026-03-15 16:14:08.372] [info] Core [1] Tile Stats | Issued: 302 Running: 1 Finished: 301
[2026-03-15 16:14:08.372] [info] cycle: [400000]
[2026-03-15 16:14:08.372] [info] Tile  status Gemm, instructions left 1
[2026-03-15 16:14:08.372] [info] Tile  status Gemm, instructions left 49
[2026-03-15 16:14:08.372] [info] Core [2] Tile Stats | Issued: 302 Running: 2 Finished: 300
[2026-03-15 16:14:08.372] [info] cycle: [400000]
[2026-03-15 16:14:08.372] [info] Tile  status Gemm, instructions left 49
[2026-03-15 16:14:08.372] [info] Core [3] Tile Stats | Issued: 302 Running: 1 Finished: 301
[2026-03-15 16:14:08.372] [info] cycle: [400000]
[2026-03-15 16:14:09.376] [info] HBM2-CH_0: BW utilization 50% (4795 reads, 65 writes)
[2026-03-15 16:14:09.387] [info] Tile  status Gemm, instructions left 1
[2026-03-15 16:14:09.387] [info] Core [0] Tile Stats | Issued: 302 Running: 1 Finished: 301
[2026-03-15 16:14:09.387] [info] cycle: [408000]
[2026-03-15 16:14:09.387] [info] Tile  status Gemm, instructions left 1
[2026-03-15 16:14:09.387] [info] Core [1] Tile Stats | Issued: 302 Running: 1 Finished: 301
[2026-03-15 16:14:09.387] [info] cycle: [408000]
[2026-03-15 16:14:09.387] [info] Tile  status Gemm, instructions left 1
[2026-03-15 16:14:09.387] [info] Core [2] Tile Stats | Issued: 302 Running: 1 Finished: 301
[2026-03-15 16:14:09.387] [info] cycle: [408000]
[2026-03-15 16:14:09.387] [info] Tile  status Gemm, instructions left 1
[2026-03-15 16:14:09.387] [info] Core [3] Tile Stats | Issued: 302 Running: 1 Finished: 301
[2026-03-15 16:14:09.387] [info] cycle: [408000]
[2026-03-15 16:14:09.694] [info] Layer /blocks.1/conv_proj/Gemm finish at 412411
[2026-03-15 16:14:09.694] [info] Total compute time 62182
[2026-03-15 16:14:09.694] [info] executable layer count 96
[2026-03-15 16:14:09.694] [info] Start layer /blocks.1/Slice_2
[2026-03-15 16:14:09.763] [info] Layer /blocks.1/Slice_2 finish at 413063
[2026-03-15 16:14:09.763] [info] Total compute time 652
[2026-03-15 16:14:09.763] [info] executable layer count 95
[2026-03-15 16:14:09.763] [info] Start layer /blocks.1/Reshape
[2026-03-15 16:14:10.124] [info] HBM2-CH_0: BW utilization 34% (2730 reads, 602 writes)
[2026-03-15 16:14:10.143] [info] Core [0] Tile Stats | Issued: 302 Running: 0 Finished: 302
[2026-03-15 16:14:10.143] [info] cycle: [416000]
[2026-03-15 16:14:10.143] [info] Tile  status /blocks.1/Reshape, instructions left 1
[2026-03-15 16:14:10.143] [info] Core [1] Tile Stats | Issued: 303 Running: 1 Finished: 302
[2026-03-15 16:14:10.143] [info] cycle: [416000]
[2026-03-15 16:14:10.143] [info] Core [2] Tile Stats | Issued: 302 Running: 0 Finished: 302
[2026-03-15 16:14:10.143] [info] cycle: [416000]
[2026-03-15 16:14:10.143] [info] Core [3] Tile Stats | Issued: 303 Running: 0 Finished: 303
[2026-03-15 16:14:10.143] [info] cycle: [416000]
[2026-03-15 16:14:10.150] [info] Layer /blocks.1/Reshape finish at 416064
[2026-03-15 16:14:10.150] [info] Total compute time 3001
[2026-03-15 16:14:10.150] [info] executable layer count 94
[2026-03-15 16:14:10.150] [info] Start layer /blocks.0/Sigmoid_1
[2026-03-15 16:14:10.519] [info] Layer /blocks.0/Sigmoid_1 finish at 418474
[2026-03-15 16:14:10.519] [info] Total compute time 2410
[2026-03-15 16:14:10.519] [info] executable layer count 94
[2026-03-15 16:14:10.519] [info] Start layer /blocks.20/conv_proj/Gemm
[2026-03-15 16:14:10.902] [info] HBM2-CH_0: BW utilization 69% (4381 reads, 2319 writes)
[2026-03-15 16:14:10.914] [info] Tile  status Gemm, instructions left 49
[2026-03-15 16:14:10.914] [info] Tile  status Gemm, instructions left 49
[2026-03-15 16:14:10.914] [info] Core [0] Tile Stats | Issued: 305 Running: 2 Finished: 303
[2026-03-15 16:14:10.914] [info] cycle: [424000]
[2026-03-15 16:14:10.914] [info] Tile  status Gemm, instructions left 49
[2026-03-15 16:14:10.914] [info] Tile  status Gemm, instructions left 49
[2026-03-15 16:14:10.914] [info] Core [1] Tile Stats | Issued: 305 Running: 2 Finished: 303
[2026-03-15 16:14:10.914] [info] cycle: [424000]
[2026-03-15 16:14:10.914] [info] Tile  status Gemm, instructions left 49
[2026-03-15 16:14:10.914] [info] Tile  status Gemm, instructions left 49
[2026-03-15 16:14:10.914] [info] Core [2] Tile Stats | Issued: 304 Running: 2 Finished: 302
[2026-03-15 16:14:10.914] [info] cycle: [424000]
[2026-03-15 16:14:10.914] [info] Tile  status Gemm, instructions left 49
[2026-03-15 16:14:10.914] [info] Tile  status Gemm, instructions left 49
[2026-03-15 16:14:10.914] [info] Core [3] Tile Stats | Issued: 305 Running: 2 Finished: 303
[2026-03-15 16:14:10.914] [info] cycle: [424000]
[2026-03-15 16:14:11.449] [info] HBM2-CH_0: BW utilization 66% (6400 reads, 0 writes)
[2026-03-15 16:14:11.460] [info] Tile  status Gemm, instructions left 49
[2026-03-15 16:14:11.460] [info] Tile  status Gemm, instructions left 49
[2026-03-15 16:14:11.460] [info] Core [0] Tile Stats | Issued: 305 Running: 2 Finished: 303
[2026-03-15 16:14:11.460] [info] cycle: [432000]
[2026-03-15 16:14:11.460] [info] Tile  status Gemm, instructions left 49
[2026-03-15 16:14:11.460] [info] Tile  status Gemm, instructions left 49
[2026-03-15 16:14:11.460] [info] Core [1] Tile Stats | Issued: 305 Running: 2 Finished: 303
[2026-03-15 16:14:11.460] [info] cycle: [432000]
[2026-03-15 16:14:11.460] [info] Tile  status Gemm, instructions left 49
[2026-03-15 16:14:11.460] [info] Tile  status Gemm, instructions left 49
[2026-03-15 16:14:11.460] [info] Core [2] Tile Stats | Issued: 304 Running: 2 Finished: 302
[2026-03-15 16:14:11.460] [info] cycle: [432000]
[2026-03-15 16:14:11.460] [info] Tile  status Gemm, instructions left 49
[2026-03-15 16:14:11.460] [info] Tile  status Gemm, instructions left 49
[2026-03-15 16:14:11.460] [info] Core [3] Tile Stats | Issued: 305 Running: 2 Finished: 303
[2026-03-15 16:14:11.460] [info] cycle: [432000]
[2026-03-15 16:14:11.996] [info] HBM2-CH_0: BW utilization 72% (6938 reads, 0 writes)
[2026-03-15 16:14:12.008] [info] Tile  status Gemm, instructions left 1
[2026-03-15 16:14:12.008] [info] Tile  status Gemm, instructions left 49
[2026-03-15 16:14:12.008] [info] Core [0] Tile Stats | Issued: 305 Running: 2 Finished: 303
[2026-03-15 16:14:12.008] [info] cycle: [440000]
[2026-03-15 16:14:12.008] [info] Tile  status Gemm, instructions left 1
[2026-03-15 16:14:12.008] [info] Tile  status Gemm, instructions left 49
[2026-03-15 16:14:12.008] [info] Core [1] Tile Stats | Issued: 305 Running: 2 Finished: 303
[2026-03-15 16:14:12.008] [info] cycle: [440000]
[2026-03-15 16:14:12.008] [info] Tile  status Gemm, instructions left 1
[2026-03-15 16:14:12.008] [info] Tile  status Gemm, instructions left 49
[2026-03-15 16:14:12.008] [info] Core [2] Tile Stats | Issued: 304 Running: 2 Finished: 302
[2026-03-15 16:14:12.008] [info] cycle: [440000]
[2026-03-15 16:14:12.008] [info] Tile  status Gemm, instructions left 1
[2026-03-15 16:14:12.008] [info] Tile  status Gemm, instructions left 49
[2026-03-15 16:14:12.008] [info] Core [3] Tile Stats | Issued: 305 Running: 2 Finished: 303
[2026-03-15 16:14:12.008] [info] cycle: [440000]
[2026-03-15 16:14:12.581] [info] HBM2-CH_0: BW utilization 61% (5901 reads, 0 writes)
[2026-03-15 16:14:12.594] [info] Tile  status Gemm, instructions left 49
[2026-03-15 16:14:12.594] [info] Tile  status Gemm, instructions left 49
[2026-03-15 16:14:12.594] [info] Core [0] Tile Stats | Issued: 306 Running: 2 Finished: 304
[2026-03-15 16:14:12.594] [info] cycle: [448000]
[2026-03-15 16:14:12.594] [info] Tile  status Gemm, instructions left 49
[2026-03-15 16:14:12.594] [info] Tile  status Gemm, instructions left 49
[2026-03-15 16:14:12.594] [info] Core [1] Tile Stats | Issued: 306 Running: 2 Finished: 304
[2026-03-15 16:14:12.594] [info] cycle: [448000]
[2026-03-15 16:14:12.594] [info] Tile  status Gemm, instructions left 49
[2026-03-15 16:14:12.594] [info] Tile  status Gemm, instructions left 49
[2026-03-15 16:14:12.594] [info] Core [2] Tile Stats | Issued: 305 Running: 2 Finished: 303
[2026-03-15 16:14:12.594] [info] cycle: [448000]
[2026-03-15 16:14:12.594] [info] Tile  status Gemm, instructions left 49
[2026-03-15 16:14:12.594] [info] Tile  status Gemm, instructions left 49
[2026-03-15 16:14:12.594] [info] Core [3] Tile Stats | Issued: 306 Running: 2 Finished: 304
[2026-03-15 16:14:12.594] [info] cycle: [448000]
[2026-03-15 16:14:13.152] [info] HBM2-CH_0: BW utilization 69% (6663 reads, 42 writes)
[2026-03-15 16:14:13.165] [info] Tile  status Gemm, instructions left 49
[2026-03-15 16:14:13.165] [info] Tile  status Gemm, instructions left 49
[2026-03-15 16:14:13.165] [info] Core [0] Tile Stats | Issued: 306 Running: 2 Finished: 304
[2026-03-15 16:14:13.165] [info] cycle: [456000]
[2026-03-15 16:14:13.165] [info] Tile  status Gemm, instructions left 49
[2026-03-15 16:14:13.165] [info] Tile  status Gemm, instructions left 49
[2026-03-15 16:14:13.165] [info] Core [1] Tile Stats | Issued: 306 Running: 2 Finished: 304
[2026-03-15 16:14:13.165] [info] cycle: [456000]
[2026-03-15 16:14:13.165] [info] Tile  status Gemm, instructions left 49
[2026-03-15 16:14:13.165] [info] Tile  status Gemm, instructions left 49
[2026-03-15 16:14:13.165] [info] Core [2] Tile Stats | Issued: 305 Running: 2 Finished: 303
[2026-03-15 16:14:13.165] [info] cycle: [456000]
[2026-03-15 16:14:13.165] [info] Tile  status Gemm, instructions left 49
[2026-03-15 16:14:13.165] [info] Tile  status Gemm, instructions left 49
[2026-03-15 16:14:13.165] [info] Core [3] Tile Stats | Issued: 306 Running: 2 Finished: 304
[2026-03-15 16:14:13.165] [info] cycle: [456000]
[2026-03-15 16:14:13.733] [info] HBM2-CH_0: BW utilization 60% (5792 reads, 0 writes)
[2026-03-15 16:14:13.761] [info] Tile  status Gemm, instructions left 49
[2026-03-15 16:14:13.761] [info] Core [0] Tile Stats | Issued: 306 Running: 1 Finished: 305
[2026-03-15 16:14:13.761] [info] cycle: [464000]
[2026-03-15 16:14:13.761] [info] Tile  status Gemm, instructions left 49
[2026-03-15 16:14:13.761] [info] Core [1] Tile Stats | Issued: 306 Running: 1 Finished: 305
[2026-03-15 16:14:13.761] [info] cycle: [464000]
[2026-03-15 16:14:13.761] [info] Tile  status Gemm, instructions left 49
[2026-03-15 16:14:13.761] [info] Core [2] Tile Stats | Issued: 305 Running: 1 Finished: 304
[2026-03-15 16:14:13.761] [info] cycle: [464000]
[2026-03-15 16:14:13.761] [info] Tile  status Gemm, instructions left 49
[2026-03-15 16:14:13.761] [info] Core [3] Tile Stats | Issued: 306 Running: 1 Finished: 305
[2026-03-15 16:14:13.761] [info] cycle: [464000]
[2026-03-15 16:14:15.001] [info] HBM2-CH_0: BW utilization 62% (5970 reads, 0 writes)
[2026-03-15 16:14:15.035] [info] Tile  status Gemm, instructions left 49
[2026-03-15 16:14:15.035] [info] Core [0] Tile Stats | Issued: 306 Running: 1 Finished: 305
[2026-03-15 16:14:15.035] [info] cycle: [472000]
[2026-03-15 16:14:15.035] [info] Tile  status Gemm, instructions left 49
[2026-03-15 16:14:15.035] [info] Core [1] Tile Stats | Issued: 306 Running: 1 Finished: 305
[2026-03-15 16:14:15.035] [info] cycle: [472000]
[2026-03-15 16:14:15.035] [info] Tile  status Gemm, instructions left 49
[2026-03-15 16:14:15.035] [info] Core [2] Tile Stats | Issued: 305 Running: 1 Finished: 304
[2026-03-15 16:14:15.035] [info] cycle: [472000]
[2026-03-15 16:14:15.035] [info] Tile  status Gemm, instructions left 49
[2026-03-15 16:14:15.035] [info] Core [3] Tile Stats | Issued: 306 Running: 1 Finished: 305
[2026-03-15 16:14:15.035] [info] cycle: [472000]
[2026-03-15 16:14:15.873] [info] HBM2-CH_0: BW utilization 20% (1901 reads, 62 writes)
[2026-03-15 16:14:15.886] [info] Tile  status Gemm, instructions left 1
[2026-03-15 16:14:15.886] [info] Core [0] Tile Stats | Issued: 306 Running: 1 Finished: 305
[2026-03-15 16:14:15.886] [info] cycle: [480000]
[2026-03-15 16:14:15.886] [info] Tile  status Gemm, instructions left 1
[2026-03-15 16:14:15.886] [info] Core [1] Tile Stats | Issued: 306 Running: 1 Finished: 305
[2026-03-15 16:14:15.886] [info] cycle: [480000]
[2026-03-15 16:14:15.886] [info] Tile  status Gemm, instructions left 1
[2026-03-15 16:14:15.886] [info] Core [2] Tile Stats | Issued: 305 Running: 1 Finished: 304
[2026-03-15 16:14:15.886] [info] cycle: [480000]
[2026-03-15 16:14:15.886] [info] Tile  status Gemm, instructions left 1
[2026-03-15 16:14:15.886] [info] Core [3] Tile Stats | Issued: 306 Running: 1 Finished: 305
[2026-03-15 16:14:15.886] [info] cycle: [480000]
[2026-03-15 16:14:16.096] [info] Layer /blocks.20/conv_proj/Gemm finish at 483000
[2026-03-15 16:14:16.096] [info] Total compute time 64526
[2026-03-15 16:14:16.096] [info] executable layer count 94
[2026-03-15 16:14:16.096] [info] Start layer /blocks.20/Slice_2
[2026-03-15 16:14:16.160] [info] Layer /blocks.20/Slice_2 finish at 483665
[2026-03-15 16:14:16.160] [info] Total compute time 665
[2026-03-15 16:14:16.160] [info] executable layer count 93
[2026-03-15 16:14:16.160] [info] Start layer /blocks.20/Reshape
[2026-03-15 16:14:16.563] [info] Layer /blocks.20/Reshape finish at 486666
[2026-03-15 16:14:16.563] [info] Total compute time 3001
[2026-03-15 16:14:16.563] [info] executable layer count 92
[2026-03-15 16:14:16.563] [info] Start layer /blocks.6/conv_proj/Gemm
[2026-03-15 16:14:16.636] [info] HBM2-CH_0: BW utilization 45% (3499 reads, 826 writes)
[2026-03-15 16:14:16.648] [info] Tile  status Gemm, instructions left 49
[2026-03-15 16:14:16.648] [info] Tile  status Gemm, instructions left 49
[2026-03-15 16:14:16.648] [info] Core [0] Tile Stats | Issued: 308 Running: 2 Finished: 306
[2026-03-15 16:14:16.648] [info] cycle: [488000]
[2026-03-15 16:14:16.648] [info] Tile  status Gemm, instructions left 49
[2026-03-15 16:14:16.648] [info] Tile  status Gemm, instructions left 49
[2026-03-15 16:14:16.648] [info] Core [1] Tile Stats | Issued: 308 Running: 2 Finished: 306
[2026-03-15 16:14:16.648] [info] cycle: [488000]
[2026-03-15 16:14:16.648] [info] Tile  status Gemm, instructions left 49
[2026-03-15 16:14:16.648] [info] Tile  status Gemm, instructions left 49
[2026-03-15 16:14:16.648] [info] Core [2] Tile Stats | Issued: 308 Running: 2 Finished: 306
[2026-03-15 16:14:16.648] [info] cycle: [488000]
[2026-03-15 16:14:16.648] [info] Tile  status Gemm, instructions left 49
[2026-03-15 16:14:16.648] [info] Tile  status Gemm, instructions left 49
[2026-03-15 16:14:16.648] [info] Core [3] Tile Stats | Issued: 309 Running: 2 Finished: 307
[2026-03-15 16:14:16.648] [info] cycle: [488000]
[2026-03-15 16:14:17.152] [info] HBM2-CH_0: BW utilization 64% (4614 reads, 1536 writes)
[2026-03-15 16:14:17.163] [info] Tile  status Gemm, instructions left 49
[2026-03-15 16:14:17.163] [info] Tile  status Gemm, instructions left 49
[2026-03-15 16:14:17.163] [info] Core [0] Tile Stats | Issued: 308 Running: 2 Finished: 306
[2026-03-15 16:14:17.163] [info] cycle: [496000]
[2026-03-15 16:14:17.163] [info] Tile  status Gemm, instructions left 49
[2026-03-15 16:14:17.163] [info] Tile  status Gemm, instructions left 49
[2026-03-15 16:14:17.163] [info] Core [1] Tile Stats | Issued: 308 Running: 2 Finished: 306
[2026-03-15 16:14:17.163] [info] cycle: [496000]
[2026-03-15 16:14:17.163] [info] Tile  status Gemm, instructions left 49
[2026-03-15 16:14:17.163] [info] Tile  status Gemm, instructions left 49
[2026-03-15 16:14:17.163] [info] Core [2] Tile Stats | Issued: 308 Running: 2 Finished: 306
[2026-03-15 16:14:17.163] [info] cycle: [496000]
[2026-03-15 16:14:17.163] [info] Tile  status Gemm, instructions left 49
[2026-03-15 16:14:17.163] [info] Tile  status Gemm, instructions left 49
[2026-03-15 16:14:17.163] [info] Core [3] Tile Stats | Issued: 309 Running: 2 Finished: 307
[2026-03-15 16:14:17.163] [info] cycle: [496000]
[2026-03-15 16:14:17.727] [info] HBM2-CH_0: BW utilization 77% (6899 reads, 528 writes)
[2026-03-15 16:14:17.742] [info] Tile  status Gemm, instructions left 49
[2026-03-15 16:14:17.742] [info] Tile  status Gemm, instructions left 49
[2026-03-15 16:14:17.742] [info] Core [0] Tile Stats | Issued: 308 Running: 2 Finished: 306
[2026-03-15 16:14:17.742] [info] cycle: [504000]
[2026-03-15 16:14:17.742] [info] Tile  status Gemm, instructions left 49
[2026-03-15 16:14:17.742] [info] Tile  status Gemm, instructions left 49
[2026-03-15 16:14:17.742] [info] Core [1] Tile Stats | Issued: 308 Running: 2 Finished: 306
[2026-03-15 16:14:17.742] [info] cycle: [504000]
[2026-03-15 16:14:17.742] [info] Tile  status Gemm, instructions left 49
[2026-03-15 16:14:17.742] [info] Tile  status Gemm, instructions left 49
[2026-03-15 16:14:17.742] [info] Core [2] Tile Stats | Issued: 308 Running: 2 Finished: 306
[2026-03-15 16:14:17.742] [info] cycle: [504000]
[2026-03-15 16:14:17.742] [info] Tile  status Gemm, instructions left 49
[2026-03-15 16:14:17.742] [info] Tile  status Gemm, instructions left 49
[2026-03-15 16:14:17.742] [info] Core [3] Tile Stats | Issued: 309 Running: 2 Finished: 307
[2026-03-15 16:14:17.742] [info] cycle: [504000]
[2026-03-15 16:14:18.374] [info] HBM2-CH_0: BW utilization 75% (7217 reads, 0 writes)
[2026-03-15 16:14:18.389] [info] Tile  status Gemm, instructions left 49
[2026-03-15 16:14:18.389] [info] Tile  status Gemm, instructions left 49
[2026-03-15 16:14:18.389] [info] Core [0] Tile Stats | Issued: 309 Running: 2 Finished: 307
[2026-03-15 16:14:18.389] [info] cycle: [512000]
[2026-03-15 16:14:18.389] [info] Tile  status Gemm, instructions left 49
[2026-03-15 16:14:18.389] [info] Tile  status Gemm, instructions left 49
[2026-03-15 16:14:18.389] [info] Core [1] Tile Stats | Issued: 309 Running: 2 Finished: 307
[2026-03-15 16:14:18.389] [info] cycle: [512000]
[2026-03-15 16:14:18.389] [info] Tile  status Gemm, instructions left 49
[2026-03-15 16:14:18.389] [info] Tile  status Gemm, instructions left 49
[2026-03-15 16:14:18.389] [info] Core [2] Tile Stats | Issued: 309 Running: 2 Finished: 307
[2026-03-15 16:14:18.389] [info] cycle: [512000]
[2026-03-15 16:14:18.389] [info] Tile  status Gemm, instructions left 49
[2026-03-15 16:14:18.389] [info] Tile  status Gemm, instructions left 49
[2026-03-15 16:14:18.389] [info] Core [3] Tile Stats | Issued: 309 Running: 2 Finished: 307
[2026-03-15 16:14:18.389] [info] cycle: [512000]
[2026-03-15 16:14:18.978] [info] HBM2-CH_0: BW utilization 79% (7555 reads, 42 writes)
[2026-03-15 16:14:18.994] [info] Tile  status Gemm, instructions left 49
[2026-03-15 16:14:18.994] [info] Tile  status Gemm, instructions left 49
[2026-03-15 16:14:18.994] [info] Core [0] Tile Stats | Issued: 309 Running: 2 Finished: 307
[2026-03-15 16:14:18.994] [info] cycle: [520000]
[2026-03-15 16:14:18.994] [info] Tile  status Gemm, instructions left 49
[2026-03-15 16:14:18.994] [info] Tile  status Gemm, instructions left 49
[2026-03-15 16:14:18.994] [info] Core [1] Tile Stats | Issued: 309 Running: 2 Finished: 307
[2026-03-15 16:14:18.994] [info] cycle: [520000]
[2026-03-15 16:14:18.994] [info] Tile  status Gemm, instructions left 49
[2026-03-15 16:14:18.994] [info] Tile  status Gemm, instructions left 49
[2026-03-15 16:14:18.994] [info] Core [2] Tile Stats | Issued: 309 Running: 2 Finished: 307
[2026-03-15 16:14:18.994] [info] cycle: [520000]
[2026-03-15 16:14:18.994] [info] Tile  status Gemm, instructions left 1
[2026-03-15 16:14:18.994] [info] Tile  status Gemm, instructions left 49
[2026-03-15 16:14:18.994] [info] Core [3] Tile Stats | Issued: 309 Running: 2 Finished: 307
[2026-03-15 16:14:18.994] [info] cycle: [520000]
[2026-03-15 16:14:19.646] [info] HBM2-CH_0: BW utilization 68% (6551 reads, 0 writes)
[2026-03-15 16:14:19.674] [info] Tile  status Gemm, instructions left 49
[2026-03-15 16:14:19.674] [info] Core [0] Tile Stats | Issued: 309 Running: 1 Finished: 308
[2026-03-15 16:14:19.674] [info] cycle: [528000]
[2026-03-15 16:14:19.674] [info] Tile  status Gemm, instructions left 49
[2026-03-15 16:14:19.674] [info] Core [1] Tile Stats | Issued: 309 Running: 1 Finished: 308
[2026-03-15 16:14:19.674] [info] cycle: [528000]
[2026-03-15 16:14:19.674] [info] Tile  status Gemm, instructions left 49
[2026-03-15 16:14:19.674] [info] Core [2] Tile Stats | Issued: 309 Running: 1 Finished: 308
[2026-03-15 16:14:19.674] [info] cycle: [528000]
[2026-03-15 16:14:19.674] [info] Tile  status Gemm, instructions left 49
[2026-03-15 16:14:19.674] [info] Tile  status Gemm, instructions left 49
[2026-03-15 16:14:19.674] [info] Core [3] Tile Stats | Issued: 310 Running: 2 Finished: 308
[2026-03-15 16:14:19.674] [info] cycle: [528000]
[2026-03-15 16:14:20.792] [info] HBM2-CH_0: BW utilization 71% (6839 reads, 0 writes)
[2026-03-15 16:14:20.829] [info] Tile  status Gemm, instructions left 49
[2026-03-15 16:14:20.829] [info] Core [0] Tile Stats | Issued: 309 Running: 1 Finished: 308
[2026-03-15 16:14:20.829] [info] cycle: [536000]
[2026-03-15 16:14:20.829] [info] Tile  status Gemm, instructions left 49
[2026-03-15 16:14:20.829] [info] Core [1] Tile Stats | Issued: 309 Running: 1 Finished: 308
[2026-03-15 16:14:20.829] [info] cycle: [536000]
[2026-03-15 16:14:20.829] [info] Tile  status Gemm, instructions left 49
[2026-03-15 16:14:20.829] [info] Core [2] Tile Stats | Issued: 309 Running: 1 Finished: 308
[2026-03-15 16:14:20.829] [info] cycle: [536000]
[2026-03-15 16:14:20.829] [info] Tile  status Gemm, instructions left 1
[2026-03-15 16:14:20.829] [info] Tile  status Gemm, instructions left 49
[2026-03-15 16:14:20.829] [info] Core [3] Tile Stats | Issued: 310 Running: 2 Finished: 308
[2026-03-15 16:14:20.829] [info] cycle: [536000]
[2026-03-15 16:14:21.624] [info] HBM2-CH_0: BW utilization 37% (3486 reads, 99 writes)
[2026-03-15 16:14:21.638] [info] Tile  status Gemm, instructions left 1
[2026-03-15 16:14:21.638] [info] Core [0] Tile Stats | Issued: 309 Running: 1 Finished: 308
[2026-03-15 16:14:21.638] [info] cycle: [544000]
[2026-03-15 16:14:21.638] [info] Tile  status Gemm, instructions left 1
[2026-03-15 16:14:21.638] [info] Core [1] Tile Stats | Issued: 309 Running: 1 Finished: 308
[2026-03-15 16:14:21.638] [info] cycle: [544000]
[2026-03-15 16:14:21.638] [info] Tile  status Gemm, instructions left 1
[2026-03-15 16:14:21.638] [info] Core [2] Tile Stats | Issued: 309 Running: 1 Finished: 308
[2026-03-15 16:14:21.638] [info] cycle: [544000]
[2026-03-15 16:14:21.638] [info] Tile  status Gemm, instructions left 1
[2026-03-15 16:14:21.638] [info] Core [3] Tile Stats | Issued: 310 Running: 1 Finished: 309
[2026-03-15 16:14:21.638] [info] cycle: [544000]
[2026-03-15 16:14:21.810] [info] Layer /blocks.6/conv_proj/Gemm finish at 546377
[2026-03-15 16:14:21.810] [info] Total compute time 59711
[2026-03-15 16:14:21.810] [info] executable layer count 92
[2026-03-15 16:14:21.810] [info] Start layer /blocks.6/Slice_2
[2026-03-15 16:14:21.883] [info] Layer /blocks.6/Slice_2 finish at 547023
[2026-03-15 16:14:21.883] [info] Total compute time 646
[2026-03-15 16:14:21.883] [info] executable layer count 91
[2026-03-15 16:14:21.883] [info] Start layer /blocks.6/Reshape
[2026-03-15 16:14:22.288] [info] Layer /blocks.6/Reshape finish at 550057
[2026-03-15 16:14:22.288] [info] Total compute time 3034
[2026-03-15 16:14:22.288] [info] executable layer count 90
[2026-03-15 16:14:22.288] [info] Start layer /blocks.0/Unsqueeze_1
[2026-03-15 16:14:22.513] [info] HBM2-CH_0: BW utilization 53% (2965 reads, 2188 writes)
[2026-03-15 16:14:22.540] [info] Core [0] Tile Stats | Issued: 310 Running: 0 Finished: 310
[2026-03-15 16:14:22.540] [info] cycle: [552000]
[2026-03-15 16:14:22.540] [info] Core [1] Tile Stats | Issued: 310 Running: 0 Finished: 310
[2026-03-15 16:14:22.540] [info] cycle: [552000]
[2026-03-15 16:14:22.540] [info] Tile  status /blocks.0/Unsqueeze_1, instructions left 1
[2026-03-15 16:14:22.540] [info] Core [2] Tile Stats | Issued: 310 Running: 1 Finished: 309
[2026-03-15 16:14:22.540] [info] cycle: [552000]
[2026-03-15 16:14:22.540] [info] Core [3] Tile Stats | Issued: 310 Running: 0 Finished: 310
[2026-03-15 16:14:22.540] [info] cycle: [552000]
[2026-03-15 16:14:22.609] [info] Layer /blocks.0/Unsqueeze_1 finish at 552586
[2026-03-15 16:14:22.609] [info] Total compute time 2529
[2026-03-15 16:14:22.609] [info] executable layer count 89
[2026-03-15 16:14:22.609] [info] Start layer /blocks.16/conv_proj/Gemm
[2026-03-15 16:14:23.167] [info] HBM2-CH_0: BW utilization 78% (6785 reads, 791 writes)
[2026-03-15 16:14:23.183] [info] Tile  status Gemm, instructions left 49
[2026-03-15 16:14:23.183] [info] Tile  status Gemm, instructions left 49
[2026-03-15 16:14:23.183] [info] Core [0] Tile Stats | Issued: 312 Running: 2 Finished: 310
[2026-03-15 16:14:23.183] [info] cycle: [560000]
[2026-03-15 16:14:23.183] [info] Tile  status Gemm, instructions left 49
[2026-03-15 16:14:23.183] [info] Tile  status Gemm, instructions left 49
[2026-03-15 16:14:23.183] [info] Core [1] Tile Stats | Issued: 312 Running: 2 Finished: 310
[2026-03-15 16:14:23.183] [info] cycle: [560000]
[2026-03-15 16:14:23.183] [info] Tile  status Gemm, instructions left 49
[2026-03-15 16:14:23.183] [info] Tile  status Gemm, instructions left 49
[2026-03-15 16:14:23.183] [info] Core [2] Tile Stats | Issued: 312 Running: 2 Finished: 310
[2026-03-15 16:14:23.183] [info] cycle: [560000]
[2026-03-15 16:14:23.183] [info] Tile  status Gemm, instructions left 49
[2026-03-15 16:14:23.183] [info] Tile  status Gemm, instructions left 49
[2026-03-15 16:14:23.183] [info] Core [3] Tile Stats | Issued: 312 Running: 2 Finished: 310
[2026-03-15 16:14:23.183] [info] cycle: [560000]
[2026-03-15 16:14:23.799] [info] HBM2-CH_0: BW utilization 84% (8065 reads, 0 writes)
[2026-03-15 16:14:23.814] [info] Tile  status Gemm, instructions left 49
[2026-03-15 16:14:23.814] [info] Tile  status Gemm, instructions left 49
[2026-03-15 16:14:23.814] [info] Core [0] Tile Stats | Issued: 312 Running: 2 Finished: 310
[2026-03-15 16:14:23.814] [info] cycle: [568000]
[2026-03-15 16:14:23.814] [info] Tile  status Gemm, instructions left 49
[2026-03-15 16:14:23.814] [info] Tile  status Gemm, instructions left 49
[2026-03-15 16:14:23.814] [info] Core [1] Tile Stats | Issued: 312 Running: 2 Finished: 310
[2026-03-15 16:14:23.814] [info] cycle: [568000]
[2026-03-15 16:14:23.814] [info] Tile  status Gemm, instructions left 49
[2026-03-15 16:14:23.814] [info] Tile  status Gemm, instructions left 49
[2026-03-15 16:14:23.814] [info] Core [2] Tile Stats | Issued: 312 Running: 2 Finished: 310
[2026-03-15 16:14:23.814] [info] cycle: [568000]
[2026-03-15 16:14:23.814] [info] Tile  status Gemm, instructions left 49
[2026-03-15 16:14:23.814] [info] Tile  status Gemm, instructions left 49
[2026-03-15 16:14:23.814] [info] Core [3] Tile Stats | Issued: 312 Running: 2 Finished: 310
[2026-03-15 16:14:23.814] [info] cycle: [568000]
[2026-03-15 16:14:24.407] [info] HBM2-CH_0: BW utilization 72% (6914 reads, 0 writes)
[2026-03-15 16:14:24.426] [info] Tile  status Gemm, instructions left 49
[2026-03-15 16:14:24.426] [info] Tile  status Gemm, instructions left 49
[2026-03-15 16:14:24.426] [info] Core [0] Tile Stats | Issued: 313 Running: 2 Finished: 311
[2026-03-15 16:14:24.426] [info] cycle: [576000]
[2026-03-15 16:14:24.426] [info] Tile  status Gemm, instructions left 49
[2026-03-15 16:14:24.426] [info] Tile  status Gemm, instructions left 49
[2026-03-15 16:14:24.426] [info] Core [1] Tile Stats | Issued: 313 Running: 2 Finished: 311
[2026-03-15 16:14:24.426] [info] cycle: [576000]
[2026-03-15 16:14:24.426] [info] Tile  status Gemm, instructions left 49
[2026-03-15 16:14:24.426] [info] Tile  status Gemm, instructions left 49
[2026-03-15 16:14:24.426] [info] Core [2] Tile Stats | Issued: 313 Running: 2 Finished: 311
[2026-03-15 16:14:24.426] [info] cycle: [576000]
[2026-03-15 16:14:24.426] [info] Tile  status Gemm, instructions left 49
[2026-03-15 16:14:24.426] [info] Tile  status Gemm, instructions left 49
[2026-03-15 16:14:24.426] [info] Core [3] Tile Stats | Issued: 313 Running: 2 Finished: 311
[2026-03-15 16:14:24.426] [info] cycle: [576000]
[2026-03-15 16:14:25.017] [info] HBM2-CH_0: BW utilization 77% (7359 reads, 62 writes)
[2026-03-15 16:14:25.033] [info] Tile  status Gemm, instructions left 49
[2026-03-15 16:14:25.033] [info] Tile  status Gemm, instructions left 49
[2026-03-15 16:14:25.033] [info] Core [0] Tile Stats | Issued: 313 Running: 2 Finished: 311
[2026-03-15 16:14:25.033] [info] cycle: [584000]
[2026-03-15 16:14:25.033] [info] Tile  status Gemm, instructions left 49
[2026-03-15 16:14:25.033] [info] Tile  status Gemm, instructions left 49
[2026-03-15 16:14:25.033] [info] Core [1] Tile Stats | Issued: 313 Running: 2 Finished: 311
[2026-03-15 16:14:25.033] [info] cycle: [584000]
[2026-03-15 16:14:25.033] [info] Tile  status Gemm, instructions left 49
[2026-03-15 16:14:25.033] [info] Tile  status Gemm, instructions left 49
[2026-03-15 16:14:25.033] [info] Core [2] Tile Stats | Issued: 313 Running: 2 Finished: 311
[2026-03-15 16:14:25.033] [info] cycle: [584000]
[2026-03-15 16:14:25.033] [info] Tile  status Gemm, instructions left 49
[2026-03-15 16:14:25.033] [info] Tile  status Gemm, instructions left 49
[2026-03-15 16:14:25.033] [info] Core [3] Tile Stats | Issued: 313 Running: 2 Finished: 311
[2026-03-15 16:14:25.033] [info] cycle: [584000]
[2026-03-15 16:14:25.678] [info] HBM2-CH_0: BW utilization 67% (6462 reads, 0 writes)
[2026-03-15 16:14:25.713] [info] Tile  status Gemm, instructions left 49
[2026-03-15 16:14:25.713] [info] Core [0] Tile Stats | Issued: 313 Running: 1 Finished: 312
[2026-03-15 16:14:25.713] [info] cycle: [592000]
[2026-03-15 16:14:25.713] [info] Tile  status Gemm, instructions left 49
[2026-03-15 16:14:25.713] [info] Core [1] Tile Stats | Issued: 313 Running: 1 Finished: 312
[2026-03-15 16:14:25.713] [info] cycle: [592000]
[2026-03-15 16:14:25.713] [info] Tile  status Gemm, instructions left 49
[2026-03-15 16:14:25.713] [info] Core [2] Tile Stats | Issued: 313 Running: 1 Finished: 312
[2026-03-15 16:14:25.713] [info] cycle: [592000]
[2026-03-15 16:14:25.713] [info] Tile  status Gemm, instructions left 49
[2026-03-15 16:14:25.713] [info] Core [3] Tile Stats | Issued: 313 Running: 1 Finished: 312
[2026-03-15 16:14:25.713] [info] cycle: [592000]
[2026-03-15 16:14:26.958] [info] HBM2-CH_0: BW utilization 70% (6738 reads, 0 writes)
[2026-03-15 16:14:27.006] [info] Tile  status Gemm, instructions left 49
[2026-03-15 16:14:27.006] [info] Core [0] Tile Stats | Issued: 313 Running: 1 Finished: 312
[2026-03-15 16:14:27.006] [info] cycle: [600000]
[2026-03-15 16:14:27.006] [info] Tile  status Gemm, instructions left 49
[2026-03-15 16:14:27.006] [info] Core [1] Tile Stats | Issued: 313 Running: 1 Finished: 312
[2026-03-15 16:14:27.006] [info] cycle: [600000]
[2026-03-15 16:14:27.006] [info] Tile  status Gemm, instructions left 49
[2026-03-15 16:14:27.006] [info] Core [2] Tile Stats | Issued: 313 Running: 1 Finished: 312
[2026-03-15 16:14:27.006] [info] cycle: [600000]
[2026-03-15 16:14:27.006] [info] Tile  status Gemm, instructions left 49
[2026-03-15 16:14:27.006] [info] Core [3] Tile Stats | Issued: 313 Running: 1 Finished: 312
[2026-03-15 16:14:27.006] [info] cycle: [600000]
[2026-03-15 16:14:27.683] [info] HBM2-CH_0: BW utilization 16% (1482 reads, 75 writes)
[2026-03-15 16:14:27.699] [info] Tile  status Gemm, instructions left 1
[2026-03-15 16:14:27.699] [info] Core [0] Tile Stats | Issued: 313 Running: 1 Finished: 312
[2026-03-15 16:14:27.699] [info] cycle: [608000]
[2026-03-15 16:14:27.699] [info] Tile  status Gemm, instructions left 1
[2026-03-15 16:14:27.699] [info] Core [1] Tile Stats | Issued: 313 Running: 1 Finished: 312
[2026-03-15 16:14:27.699] [info] cycle: [608000]
[2026-03-15 16:14:27.699] [info] Tile  status Gemm, instructions left 1
[2026-03-15 16:14:27.699] [info] Core [2] Tile Stats | Issued: 313 Running: 1 Finished: 312
[2026-03-15 16:14:27.699] [info] cycle: [608000]
[2026-03-15 16:14:27.699] [info] Tile  status Gemm, instructions left 1
[2026-03-15 16:14:27.699] [info] Core [3] Tile Stats | Issued: 313 Running: 1 Finished: 312
[2026-03-15 16:14:27.699] [info] cycle: [608000]
[2026-03-15 16:14:27.726] [info] Layer /blocks.16/conv_proj/Gemm finish at 608403
[2026-03-15 16:14:27.726] [info] Total compute time 55817
[2026-03-15 16:14:27.726] [info] executable layer count 89
[2026-03-15 16:14:27.726] [info] Start layer /blocks.16/Slice_2
[2026-03-15 16:14:27.805] [info] Layer /blocks.16/Slice_2 finish at 609053
[2026-03-15 16:14:27.805] [info] Total compute time 650
[2026-03-15 16:14:27.805] [info] executable layer count 88
[2026-03-15 16:14:27.805] [info] Start layer /blocks.16/Reshape
[2026-03-15 16:14:28.212] [info] Layer /blocks.16/Reshape finish at 612091
[2026-03-15 16:14:28.212] [info] Total compute time 3038
[2026-03-15 16:14:28.212] [info] executable layer count 87
[2026-03-15 16:14:28.212] [info] Start layer /blocks.2/conv_proj/Gemm
[2026-03-15 16:14:28.465] [info] HBM2-CH_0: BW utilization 66% (5062 reads, 1343 writes)
[2026-03-15 16:14:28.481] [info] Tile  status Gemm, instructions left 49
[2026-03-15 16:14:28.481] [info] Tile  status Gemm, instructions left 49
[2026-03-15 16:14:28.481] [info] Core [0] Tile Stats | Issued: 315 Running: 2 Finished: 313
[2026-03-15 16:14:28.481] [info] cycle: [616000]
[2026-03-15 16:14:28.481] [info] Tile  status Gemm, instructions left 49
[2026-03-15 16:14:28.481] [info] Tile  status Gemm, instructions left 49
[2026-03-15 16:14:28.481] [info] Core [1] Tile Stats | Issued: 316 Running: 2 Finished: 314
[2026-03-15 16:14:28.481] [info] cycle: [616000]
[2026-03-15 16:14:28.481] [info] Tile  status Gemm, instructions left 49
[2026-03-15 16:14:28.481] [info] Tile  status Gemm, instructions left 49
[2026-03-15 16:14:28.481] [info] Core [2] Tile Stats | Issued: 315 Running: 2 Finished: 313
[2026-03-15 16:14:28.481] [info] cycle: [616000]
[2026-03-15 16:14:28.481] [info] Tile  status Gemm, instructions left 49
[2026-03-15 16:14:28.481] [info] Tile  status Gemm, instructions left 49
[2026-03-15 16:14:28.481] [info] Core [3] Tile Stats | Issued: 316 Running: 2 Finished: 314
[2026-03-15 16:14:28.481] [info] cycle: [616000]
[2026-03-15 16:14:29.017] [info] HBM2-CH_0: BW utilization 66% (4880 reads, 1536 writes)
[2026-03-15 16:14:29.033] [info] Tile  status Gemm, instructions left 49
[2026-03-15 16:14:29.033] [info] Tile  status Gemm, instructions left 49
[2026-03-15 16:14:29.033] [info] Core [0] Tile Stats | Issued: 315 Running: 2 Finished: 313
[2026-03-15 16:14:29.033] [info] cycle: [624000]
[2026-03-15 16:14:29.033] [info] Tile  status Gemm, instructions left 49
[2026-03-15 16:14:29.033] [info] Tile  status Gemm, instructions left 49
[2026-03-15 16:14:29.033] [info] Core [1] Tile Stats | Issued: 316 Running: 2 Finished: 314
[2026-03-15 16:14:29.033] [info] cycle: [624000]
[2026-03-15 16:14:29.033] [info] Tile  status Gemm, instructions left 49
[2026-03-15 16:14:29.033] [info] Tile  status Gemm, instructions left 49
[2026-03-15 16:14:29.033] [info] Core [2] Tile Stats | Issued: 315 Running: 2 Finished: 313
[2026-03-15 16:14:29.033] [info] cycle: [624000]
[2026-03-15 16:14:29.033] [info] Tile  status Gemm, instructions left 49
[2026-03-15 16:14:29.033] [info] Tile  status Gemm, instructions left 49
[2026-03-15 16:14:29.033] [info] Core [3] Tile Stats | Issued: 316 Running: 2 Finished: 314
[2026-03-15 16:14:29.033] [info] cycle: [624000]
[2026-03-15 16:14:29.584] [info] HBM2-CH_0: BW utilization 80% (7761 reads, 0 writes)
[2026-03-15 16:14:29.602] [info] Tile  status Gemm, instructions left 1
[2026-03-15 16:14:29.602] [info] Tile  status Gemm, instructions left 49
[2026-03-15 16:14:29.602] [info] Core [0] Tile Stats | Issued: 315 Running: 2 Finished: 313
[2026-03-15 16:14:29.602] [info] cycle: [632000]
[2026-03-15 16:14:29.602] [info] Tile  status Gemm, instructions left 49
[2026-03-15 16:14:29.602] [info] Tile  status Gemm, instructions left 49
[2026-03-15 16:14:29.602] [info] Core [1] Tile Stats | Issued: 316 Running: 2 Finished: 314
[2026-03-15 16:14:29.602] [info] cycle: [632000]
[2026-03-15 16:14:29.602] [info] Tile  status Gemm, instructions left 1
[2026-03-15 16:14:29.602] [info] Tile  status Gemm, instructions left 49
[2026-03-15 16:14:29.602] [info] Core [2] Tile Stats | Issued: 315 Running: 2 Finished: 313
[2026-03-15 16:14:29.602] [info] cycle: [632000]
[2026-03-15 16:14:29.602] [info] Tile  status Gemm, instructions left 1
[2026-03-15 16:14:29.602] [info] Tile  status Gemm, instructions left 49
[2026-03-15 16:14:29.602] [info] Core [3] Tile Stats | Issued: 316 Running: 2 Finished: 314
[2026-03-15 16:14:29.602] [info] cycle: [632000]
[2026-03-15 16:14:30.169] [info] HBM2-CH_0: BW utilization 75% (7204 reads, 0 writes)
[2026-03-15 16:14:30.188] [info] Tile  status Gemm, instructions left 49
[2026-03-15 16:14:30.188] [info] Tile  status Gemm, instructions left 49
[2026-03-15 16:14:30.188] [info] Core [0] Tile Stats | Issued: 316 Running: 2 Finished: 314
[2026-03-15 16:14:30.188] [info] cycle: [640000]
[2026-03-15 16:14:30.188] [info] Tile  status Gemm, instructions left 49
[2026-03-15 16:14:30.188] [info] Tile  status Gemm, instructions left 49
[2026-03-15 16:14:30.188] [info] Core [1] Tile Stats | Issued: 316 Running: 2 Finished: 314
[2026-03-15 16:14:30.188] [info] cycle: [640000]
[2026-03-15 16:14:30.188] [info] Tile  status Gemm, instructions left 49
[2026-03-15 16:14:30.188] [info] Tile  status Gemm, instructions left 49
[2026-03-15 16:14:30.188] [info] Core [2] Tile Stats | Issued: 316 Running: 2 Finished: 314
[2026-03-15 16:14:30.188] [info] cycle: [640000]
[2026-03-15 16:14:30.188] [info] Tile  status Gemm, instructions left 49
[2026-03-15 16:14:30.188] [info] Tile  status Gemm, instructions left 49
[2026-03-15 16:14:30.188] [info] Core [3] Tile Stats | Issued: 317 Running: 2 Finished: 315
[2026-03-15 16:14:30.188] [info] cycle: [640000]
[2026-03-15 16:14:30.767] [info] HBM2-CH_0: BW utilization 78% (7516 reads, 40 writes)
[2026-03-15 16:14:30.788] [info] Tile  status Gemm, instructions left 1
[2026-03-15 16:14:30.788] [info] Tile  status Gemm, instructions left 49
[2026-03-15 16:14:30.788] [info] Core [0] Tile Stats | Issued: 316 Running: 2 Finished: 314
[2026-03-15 16:14:30.788] [info] cycle: [648000]
[2026-03-15 16:14:30.788] [info] Tile  status Gemm, instructions left 49
[2026-03-15 16:14:30.788] [info] Tile  status Gemm, instructions left 49
[2026-03-15 16:14:30.788] [info] Core [1] Tile Stats | Issued: 317 Running: 2 Finished: 315
[2026-03-15 16:14:30.788] [info] cycle: [648000]
[2026-03-15 16:14:30.788] [info] Tile  status Gemm, instructions left 1
[2026-03-15 16:14:30.788] [info] Tile  status Gemm, instructions left 49
[2026-03-15 16:14:30.788] [info] Core [2] Tile Stats | Issued: 316 Running: 2 Finished: 314
[2026-03-15 16:14:30.788] [info] cycle: [648000]
[2026-03-15 16:14:30.788] [info] Tile  status Gemm, instructions left 1
[2026-03-15 16:14:30.788] [info] Tile  status Gemm, instructions left 49
[2026-03-15 16:14:30.788] [info] Core [3] Tile Stats | Issued: 317 Running: 2 Finished: 315
[2026-03-15 16:14:30.788] [info] cycle: [648000]
[2026-03-15 16:14:31.576] [info] HBM2-CH_0: BW utilization 69% (6661 reads, 44 writes)
[2026-03-15 16:14:31.613] [info] Tile  status Gemm, instructions left 49
[2026-03-15 16:14:31.613] [info] Core [0] Tile Stats | Issued: 316 Running: 1 Finished: 315
[2026-03-15 16:14:31.613] [info] cycle: [656000]
[2026-03-15 16:14:31.613] [info] Tile  status Gemm, instructions left 49
[2026-03-15 16:14:31.613] [info] Tile  status Gemm, instructions left 49
[2026-03-15 16:14:31.613] [info] Core [1] Tile Stats | Issued: 317 Running: 2 Finished: 315
[2026-03-15 16:14:31.613] [info] cycle: [656000]
[2026-03-15 16:14:31.613] [info] Tile  status Gemm, instructions left 49
[2026-03-15 16:14:31.613] [info] Core [2] Tile Stats | Issued: 316 Running: 1 Finished: 315
[2026-03-15 16:14:31.613] [info] cycle: [656000]
[2026-03-15 16:14:31.613] [info] Tile  status Gemm, instructions left 49
[2026-03-15 16:14:31.613] [info] Core [3] Tile Stats | Issued: 317 Running: 1 Finished: 316
[2026-03-15 16:14:31.613] [info] cycle: [656000]
[2026-03-15 16:14:32.720] [info] HBM2-CH_0: BW utilization 79% (7580 reads, 61 writes)
[2026-03-15 16:14:32.748] [info] Tile  status Gemm, instructions left 1
[2026-03-15 16:14:32.748] [info] Core [0] Tile Stats | Issued: 316 Running: 1 Finished: 315
[2026-03-15 16:14:32.748] [info] cycle: [664000]
[2026-03-15 16:14:32.748] [info] Tile  status Gemm, instructions left 49
[2026-03-15 16:14:32.748] [info] Core [1] Tile Stats | Issued: 317 Running: 1 Finished: 316
[2026-03-15 16:14:32.748] [info] cycle: [664000]
[2026-03-15 16:14:32.748] [info] Tile  status Gemm, instructions left 1
[2026-03-15 16:14:32.748] [info] Core [2] Tile Stats | Issued: 316 Running: 1 Finished: 315
[2026-03-15 16:14:32.748] [info] cycle: [664000]
[2026-03-15 16:14:32.748] [info] Tile  status Gemm, instructions left 1
[2026-03-15 16:14:32.748] [info] Core [3] Tile Stats | Issued: 317 Running: 1 Finished: 316
[2026-03-15 16:14:32.748] [info] cycle: [664000]
[2026-03-15 16:14:33.385] [info] HBM2-CH_0: BW utilization 0% (0 reads, 38 writes)
[2026-03-15 16:14:33.402] [info] Core [0] Tile Stats | Issued: 316 Running: 0 Finished: 316
[2026-03-15 16:14:33.402] [info] cycle: [672000]
[2026-03-15 16:14:33.402] [info] Tile  status Gemm, instructions left 1
[2026-03-15 16:14:33.402] [info] Core [1] Tile Stats | Issued: 317 Running: 1 Finished: 316
[2026-03-15 16:14:33.402] [info] cycle: [672000]
[2026-03-15 16:14:33.402] [info] Core [2] Tile Stats | Issued: 316 Running: 0 Finished: 316
[2026-03-15 16:14:33.402] [info] cycle: [672000]
[2026-03-15 16:14:33.402] [info] Core [3] Tile Stats | Issued: 317 Running: 0 Finished: 317
[2026-03-15 16:14:33.402] [info] cycle: [672000]
[2026-03-15 16:14:33.416] [info] Layer /blocks.2/conv_proj/Gemm finish at 672223
[2026-03-15 16:14:33.416] [info] Total compute time 60132
[2026-03-15 16:14:33.416] [info] executable layer count 87
[2026-03-15 16:14:33.416] [info] Start layer /blocks.2/Slice_2
[2026-03-15 16:14:33.498] [info] Layer /blocks.2/Slice_2 finish at 672867
[2026-03-15 16:14:33.498] [info] Total compute time 644
[2026-03-15 16:14:33.498] [info] executable layer count 86
[2026-03-15 16:14:33.498] [info] Start layer /blocks.2/Reshape
[2026-03-15 16:14:33.902] [info] Layer /blocks.2/Reshape finish at 675900
[2026-03-15 16:14:33.902] [info] Total compute time 3033
[2026-03-15 16:14:33.902] [info] executable layer count 85
[2026-03-15 16:14:33.902] [info] Start layer /blocks.3/conv_proj/Gemm
[2026-03-15 16:14:34.188] [info] HBM2-CH_0: BW utilization 65% (5014 reads, 1298 writes)
[2026-03-15 16:14:34.205] [info] Tile  status Gemm, instructions left 49
[2026-03-15 16:14:34.205] [info] Tile  status Gemm, instructions left 49
[2026-03-15 16:14:34.205] [info] Core [0] Tile Stats | Issued: 319 Running: 2 Finished: 317
[2026-03-15 16:14:34.205] [info] cycle: [680000]
[2026-03-15 16:14:34.205] [info] Tile  status Gemm, instructions left 49
[2026-03-15 16:14:34.205] [info] Tile  status Gemm, instructions left 49
[2026-03-15 16:14:34.205] [info] Core [1] Tile Stats | Issued: 319 Running: 2 Finished: 317
[2026-03-15 16:14:34.205] [info] cycle: [680000]
[2026-03-15 16:14:34.205] [info] Tile  status Gemm, instructions left 49
[2026-03-15 16:14:34.205] [info] Tile  status Gemm, instructions left 49
[2026-03-15 16:14:34.205] [info] Core [2] Tile Stats | Issued: 319 Running: 2 Finished: 317
[2026-03-15 16:14:34.205] [info] cycle: [680000]
[2026-03-15 16:14:34.205] [info] Tile  status Gemm, instructions left 49
[2026-03-15 16:14:34.205] [info] Tile  status Gemm, instructions left 49
[2026-03-15 16:14:34.205] [info] Core [3] Tile Stats | Issued: 319 Running: 2 Finished: 317
[2026-03-15 16:14:34.205] [info] cycle: [680000]
[2026-03-15 16:14:34.700] [info] HBM2-CH_0: BW utilization 58% (4230 reads, 1392 writes)
[2026-03-15 16:14:34.717] [info] Tile  status Gemm, instructions left 49
[2026-03-15 16:14:34.717] [info] Tile  status Gemm, instructions left 49
[2026-03-15 16:14:34.718] [info] Core [0] Tile Stats | Issued: 319 Running: 2 Finished: 317
[2026-03-15 16:14:34.718] [info] cycle: [688000]
[2026-03-15 16:14:34.718] [info] Tile  status Gemm, instructions left 49
[2026-03-15 16:14:34.718] [info] Tile  status Gemm, instructions left 49
[2026-03-15 16:14:34.718] [info] Core [1] Tile Stats | Issued: 319 Running: 2 Finished: 317
[2026-03-15 16:14:34.718] [info] cycle: [688000]
[2026-03-15 16:14:34.718] [info] Tile  status Gemm, instructions left 49
[2026-03-15 16:14:34.718] [info] Tile  status Gemm, instructions left 49
[2026-03-15 16:14:34.718] [info] Core [2] Tile Stats | Issued: 319 Running: 2 Finished: 317
[2026-03-15 16:14:34.718] [info] cycle: [688000]
[2026-03-15 16:14:34.718] [info] Tile  status Gemm, instructions left 49
[2026-03-15 16:14:34.718] [info] Tile  status Gemm, instructions left 49
[2026-03-15 16:14:34.718] [info] Core [3] Tile Stats | Issued: 319 Running: 2 Finished: 317
[2026-03-15 16:14:34.718] [info] cycle: [688000]
[2026-03-15 16:14:35.291] [info] HBM2-CH_0: BW utilization 77% (7296 reads, 188 writes)
[2026-03-15 16:14:35.312] [info] Tile  status Gemm, instructions left 1
[2026-03-15 16:14:35.312] [info] Tile  status Gemm, instructions left 49
[2026-03-15 16:14:35.312] [info] Core [0] Tile Stats | Issued: 319 Running: 2 Finished: 317
[2026-03-15 16:14:35.312] [info] cycle: [696000]
[2026-03-15 16:14:35.312] [info] Tile  status Gemm, instructions left 1
[2026-03-15 16:14:35.312] [info] Tile  status Gemm, instructions left 49
[2026-03-15 16:14:35.312] [info] Core [1] Tile Stats | Issued: 319 Running: 2 Finished: 317
[2026-03-15 16:14:35.312] [info] cycle: [696000]
[2026-03-15 16:14:35.312] [info] Tile  status Gemm, instructions left 49
[2026-03-15 16:14:35.312] [info] Tile  status Gemm, instructions left 49
[2026-03-15 16:14:35.312] [info] Core [2] Tile Stats | Issued: 319 Running: 2 Finished: 317
[2026-03-15 16:14:35.312] [info] cycle: [696000]
[2026-03-15 16:14:35.312] [info] Tile  status Gemm, instructions left 1
[2026-03-15 16:14:35.312] [info] Tile  status Gemm, instructions left 49
[2026-03-15 16:14:35.312] [info] Core [3] Tile Stats | Issued: 319 Running: 2 Finished: 317
[2026-03-15 16:14:35.312] [info] cycle: [696000]
[2026-03-15 16:14:35.896] [info] HBM2-CH_0: BW utilization 74% (7118 reads, 0 writes)
[2026-03-15 16:14:35.916] [info] Tile  status Gemm, instructions left 49
[2026-03-15 16:14:35.916] [info] Tile  status Gemm, instructions left 49
[2026-03-15 16:14:35.916] [info] Core [0] Tile Stats | Issued: 320 Running: 2 Finished: 318
[2026-03-15 16:14:35.916] [info] cycle: [704000]
[2026-03-15 16:14:35.916] [info] Tile  status Gemm, instructions left 49
[2026-03-15 16:14:35.916] [info] Tile  status Gemm, instructions left 49
[2026-03-15 16:14:35.916] [info] Core [1] Tile Stats | Issued: 320 Running: 2 Finished: 318
[2026-03-15 16:14:35.916] [info] cycle: [704000]
[2026-03-15 16:14:35.916] [info] Tile  status Gemm, instructions left 49
[2026-03-15 16:14:35.916] [info] Tile  status Gemm, instructions left 49
[2026-03-15 16:14:35.916] [info] Core [2] Tile Stats | Issued: 319 Running: 2 Finished: 317
[2026-03-15 16:14:35.916] [info] cycle: [704000]
[2026-03-15 16:14:35.916] [info] Tile  status Gemm, instructions left 49
[2026-03-15 16:14:35.916] [info] Tile  status Gemm, instructions left 49
[2026-03-15 16:14:35.916] [info] Core [3] Tile Stats | Issued: 320 Running: 2 Finished: 318
[2026-03-15 16:14:35.916] [info] cycle: [704000]
[2026-03-15 16:14:36.509] [info] HBM2-CH_0: BW utilization 78% (7500 reads, 0 writes)
[2026-03-15 16:14:36.530] [info] Tile  status Gemm, instructions left 1
[2026-03-15 16:14:36.530] [info] Tile  status Gemm, instructions left 49
[2026-03-15 16:14:36.530] [info] Core [0] Tile Stats | Issued: 320 Running: 2 Finished: 318
[2026-03-15 16:14:36.530] [info] cycle: [712000]
[2026-03-15 16:14:36.530] [info] Tile  status Gemm, instructions left 1
[2026-03-15 16:14:36.530] [info] Tile  status Gemm, instructions left 49
[2026-03-15 16:14:36.530] [info] Core [1] Tile Stats | Issued: 320 Running: 2 Finished: 318
[2026-03-15 16:14:36.530] [info] cycle: [712000]
[2026-03-15 16:14:36.530] [info] Tile  status Gemm, instructions left 49
[2026-03-15 16:14:36.530] [info] Tile  status Gemm, instructions left 49
[2026-03-15 16:14:36.530] [info] Core [2] Tile Stats | Issued: 320 Running: 2 Finished: 318
[2026-03-15 16:14:36.530] [info] cycle: [712000]
[2026-03-15 16:14:36.530] [info] Tile  status Gemm, instructions left 1
[2026-03-15 16:14:36.530] [info] Tile  status Gemm, instructions left 49
[2026-03-15 16:14:36.530] [info] Core [3] Tile Stats | Issued: 320 Running: 2 Finished: 318
[2026-03-15 16:14:36.530] [info] cycle: [712000]
[2026-03-15 16:14:37.327] [info] HBM2-CH_0: BW utilization 68% (6545 reads, 0 writes)
[2026-03-15 16:14:37.366] [info] Tile  status Gemm, instructions left 49
[2026-03-15 16:14:37.366] [info] Core [0] Tile Stats | Issued: 320 Running: 1 Finished: 319
[2026-03-15 16:14:37.366] [info] cycle: [720000]
[2026-03-15 16:14:37.366] [info] Tile  status Gemm, instructions left 49
[2026-03-15 16:14:37.366] [info] Core [1] Tile Stats | Issued: 320 Running: 1 Finished: 319
[2026-03-15 16:14:37.366] [info] cycle: [720000]
[2026-03-15 16:14:37.366] [info] Tile  status Gemm, instructions left 49
[2026-03-15 16:14:37.366] [info] Tile  status Gemm, instructions left 49
[2026-03-15 16:14:37.366] [info] Core [2] Tile Stats | Issued: 320 Running: 2 Finished: 318
[2026-03-15 16:14:37.366] [info] cycle: [720000]
[2026-03-15 16:14:37.367] [info] Tile  status Gemm, instructions left 49
[2026-03-15 16:14:37.367] [info] Core [3] Tile Stats | Issued: 320 Running: 1 Finished: 319
[2026-03-15 16:14:37.367] [info] cycle: [720000]
[2026-03-15 16:14:38.428] [info] HBM2-CH_0: BW utilization 75% (7182 reads, 85 writes)
[2026-03-15 16:14:38.455] [info] Tile  status Gemm, instructions left 1
[2026-03-15 16:14:38.455] [info] Core [0] Tile Stats | Issued: 320 Running: 1 Finished: 319
[2026-03-15 16:14:38.455] [info] cycle: [728000]
[2026-03-15 16:14:38.455] [info] Tile  status Gemm, instructions left 1
[2026-03-15 16:14:38.455] [info] Core [1] Tile Stats | Issued: 320 Running: 1 Finished: 319
[2026-03-15 16:14:38.455] [info] cycle: [728000]
[2026-03-15 16:14:38.455] [info] Tile  status Gemm, instructions left 49
[2026-03-15 16:14:38.455] [info] Core [2] Tile Stats | Issued: 320 Running: 1 Finished: 319
[2026-03-15 16:14:38.455] [info] cycle: [728000]
[2026-03-15 16:14:38.455] [info] Tile  status Gemm, instructions left 1
[2026-03-15 16:14:38.455] [info] Core [3] Tile Stats | Issued: 320 Running: 1 Finished: 319
[2026-03-15 16:14:38.455] [info] cycle: [728000]
[2026-03-15 16:14:39.080] [info] HBM2-CH_0: BW utilization 19% (1778 reads, 62 writes)
[2026-03-15 16:14:39.099] [info] Core [0] Tile Stats | Issued: 320 Running: 0 Finished: 320
[2026-03-15 16:14:39.099] [info] cycle: [736000]
[2026-03-15 16:14:39.099] [info] Core [1] Tile Stats | Issued: 320 Running: 0 Finished: 320
[2026-03-15 16:14:39.099] [info] cycle: [736000]
[2026-03-15 16:14:39.099] [info] Tile  status Gemm, instructions left 1
[2026-03-15 16:14:39.099] [info] Core [2] Tile Stats | Issued: 320 Running: 1 Finished: 319
[2026-03-15 16:14:39.099] [info] cycle: [736000]
[2026-03-15 16:14:39.099] [info] Core [3] Tile Stats | Issued: 320 Running: 0 Finished: 320
[2026-03-15 16:14:39.099] [info] cycle: [736000]
[2026-03-15 16:14:39.119] [info] Layer /blocks.3/conv_proj/Gemm finish at 736307
[2026-03-15 16:14:39.119] [info] Total compute time 60407
[2026-03-15 16:14:39.119] [info] executable layer count 85
[2026-03-15 16:14:39.119] [info] Start layer /blocks.3/Slice_2
[2026-03-15 16:14:39.200] [info] Layer /blocks.3/Slice_2 finish at 736960
[2026-03-15 16:14:39.200] [info] Total compute time 653
[2026-03-15 16:14:39.200] [info] executable layer count 84
[2026-03-15 16:14:39.200] [info] Start layer /blocks.3/Reshape
[2026-03-15 16:14:39.649] [info] Layer /blocks.3/Reshape finish at 739961
[2026-03-15 16:14:39.649] [info] Total compute time 3001
[2026-03-15 16:14:39.649] [info] executable layer count 83
[2026-03-15 16:14:39.649] [info] Start layer /blocks.4/conv_proj/Gemm
[2026-03-15 16:14:39.913] [info] HBM2-CH_0: BW utilization 66% (5090 reads, 1296 writes)
[2026-03-15 16:14:39.932] [info] Tile  status Gemm, instructions left 49
[2026-03-15 16:14:39.932] [info] Tile  status Gemm, instructions left 49
[2026-03-15 16:14:39.932] [info] Core [0] Tile Stats | Issued: 322 Running: 2 Finished: 320
[2026-03-15 16:14:39.932] [info] cycle: [744000]
[2026-03-15 16:14:39.932] [info] Tile  status Gemm, instructions left 49
[2026-03-15 16:14:39.932] [info] Tile  status Gemm, instructions left 49
[2026-03-15 16:14:39.932] [info] Core [1] Tile Stats | Issued: 323 Running: 2 Finished: 321
[2026-03-15 16:14:39.932] [info] cycle: [744000]
[2026-03-15 16:14:39.932] [info] Tile  status Gemm, instructions left 49
[2026-03-15 16:14:39.932] [info] Tile  status Gemm, instructions left 49
[2026-03-15 16:14:39.932] [info] Core [2] Tile Stats | Issued: 322 Running: 2 Finished: 320
[2026-03-15 16:14:39.932] [info] cycle: [744000]
[2026-03-15 16:14:39.932] [info] Tile  status Gemm, instructions left 49
[2026-03-15 16:14:39.932] [info] Tile  status Gemm, instructions left 49
[2026-03-15 16:14:39.932] [info] Core [3] Tile Stats | Issued: 323 Running: 2 Finished: 321
[2026-03-15 16:14:39.932] [info] cycle: [744000]
[2026-03-15 16:14:40.442] [info] HBM2-CH_0: BW utilization 65% (4733 reads, 1581 writes)
[2026-03-15 16:14:40.466] [info] Tile  status Gemm, instructions left 49
[2026-03-15 16:14:40.466] [info] Tile  status Gemm, instructions left 49
[2026-03-15 16:14:40.466] [info] Core [0] Tile Stats | Issued: 322 Running: 2 Finished: 320
[2026-03-15 16:14:40.466] [info] cycle: [752000]
[2026-03-15 16:14:40.466] [info] Tile  status Gemm, instructions left 49
[2026-03-15 16:14:40.466] [info] Tile  status Gemm, instructions left 49
[2026-03-15 16:14:40.466] [info] Core [1] Tile Stats | Issued: 323 Running: 2 Finished: 321
[2026-03-15 16:14:40.466] [info] cycle: [752000]
[2026-03-15 16:14:40.466] [info] Tile  status Gemm, instructions left 49
[2026-03-15 16:14:40.466] [info] Tile  status Gemm, instructions left 49
[2026-03-15 16:14:40.466] [info] Core [2] Tile Stats | Issued: 322 Running: 2 Finished: 320
[2026-03-15 16:14:40.466] [info] cycle: [752000]
[2026-03-15 16:14:40.466] [info] Tile  status Gemm, instructions left 49
[2026-03-15 16:14:40.466] [info] Tile  status Gemm, instructions left 49
[2026-03-15 16:14:40.466] [info] Core [3] Tile Stats | Issued: 323 Running: 2 Finished: 321
[2026-03-15 16:14:40.466] [info] cycle: [752000]
[2026-03-15 16:14:41.021] [info] HBM2-CH_0: BW utilization 76% (7300 reads, 0 writes)
[2026-03-15 16:14:41.043] [info] Tile  status Gemm, instructions left 1
[2026-03-15 16:14:41.043] [info] Tile  status Gemm, instructions left 49
[2026-03-15 16:14:41.043] [info] Core [0] Tile Stats | Issued: 322 Running: 2 Finished: 320
[2026-03-15 16:14:41.043] [info] cycle: [760000]
[2026-03-15 16:14:41.043] [info] Tile  status Gemm, instructions left 49
[2026-03-15 16:14:41.043] [info] Tile  status Gemm, instructions left 49
[2026-03-15 16:14:41.043] [info] Core [1] Tile Stats | Issued: 323 Running: 2 Finished: 321
[2026-03-15 16:14:41.043] [info] cycle: [760000]
[2026-03-15 16:14:41.043] [info] Tile  status Gemm, instructions left 1
[2026-03-15 16:14:41.043] [info] Tile  status Gemm, instructions left 49
[2026-03-15 16:14:41.043] [info] Core [2] Tile Stats | Issued: 322 Running: 2 Finished: 320
[2026-03-15 16:14:41.043] [info] cycle: [760000]
[2026-03-15 16:14:41.043] [info] Tile  status Gemm, instructions left 1
[2026-03-15 16:14:41.043] [info] Tile  status Gemm, instructions left 49
[2026-03-15 16:14:41.043] [info] Core [3] Tile Stats | Issued: 323 Running: 2 Finished: 321
[2026-03-15 16:14:41.043] [info] cycle: [760000]
[2026-03-15 16:14:41.661] [info] HBM2-CH_0: BW utilization 69% (6675 reads, 0 writes)
[2026-03-15 16:14:41.685] [info] Tile  status Gemm, instructions left 49
[2026-03-15 16:14:41.685] [info] Tile  status Gemm, instructions left 49
[2026-03-15 16:14:41.685] [info] Core [0] Tile Stats | Issued: 323 Running: 2 Finished: 321
[2026-03-15 16:14:41.685] [info] cycle: [768000]
[2026-03-15 16:14:41.685] [info] Tile  status Gemm, instructions left 49
[2026-03-15 16:14:41.685] [info] Tile  status Gemm, instructions left 49
[2026-03-15 16:14:41.685] [info] Core [1] Tile Stats | Issued: 323 Running: 2 Finished: 321
[2026-03-15 16:14:41.685] [info] cycle: [768000]
[2026-03-15 16:14:41.685] [info] Tile  status Gemm, instructions left 49
[2026-03-15 16:14:41.685] [info] Tile  status Gemm, instructions left 49
[2026-03-15 16:14:41.685] [info] Core [2] Tile Stats | Issued: 323 Running: 2 Finished: 321
[2026-03-15 16:14:41.685] [info] cycle: [768000]
[2026-03-15 16:14:41.685] [info] Tile  status Gemm, instructions left 49
[2026-03-15 16:14:41.685] [info] Tile  status Gemm, instructions left 49
[2026-03-15 16:14:41.685] [info] Core [3] Tile Stats | Issued: 324 Running: 2 Finished: 322
[2026-03-15 16:14:41.685] [info] cycle: [768000]
[2026-03-15 16:14:42.316] [info] HBM2-CH_0: BW utilization 69% (6696 reads, 0 writes)
[2026-03-15 16:14:42.343] [info] Tile  status Gemm, instructions left 1
[2026-03-15 16:14:42.344] [info] Tile  status Gemm, instructions left 49
[2026-03-15 16:14:42.344] [info] Core [0] Tile Stats | Issued: 323 Running: 2 Finished: 321
[2026-03-15 16:14:42.344] [info] cycle: [776000]
[2026-03-15 16:14:42.344] [info] Tile  status Gemm, instructions left 49
[2026-03-15 16:14:42.344] [info] Tile  status Gemm, instructions left 49
[2026-03-15 16:14:42.344] [info] Core [1] Tile Stats | Issued: 324 Running: 2 Finished: 322
[2026-03-15 16:14:42.344] [info] cycle: [776000]
[2026-03-15 16:14:42.344] [info] Tile  status Gemm, instructions left 1
[2026-03-15 16:14:42.344] [info] Tile  status Gemm, instructions left 49
[2026-03-15 16:14:42.344] [info] Core [2] Tile Stats | Issued: 323 Running: 2 Finished: 321
[2026-03-15 16:14:42.344] [info] cycle: [776000]
[2026-03-15 16:14:42.344] [info] Tile  status Gemm, instructions left 1
[2026-03-15 16:14:42.344] [info] Tile  status Gemm, instructions left 49
[2026-03-15 16:14:42.344] [info] Core [3] Tile Stats | Issued: 324 Running: 2 Finished: 322
[2026-03-15 16:14:42.344] [info] cycle: [776000]
[2026-03-15 16:14:43.051] [info] HBM2-CH_0: BW utilization 69% (6641 reads, 0 writes)
[2026-03-15 16:14:43.094] [info] Tile  status Gemm, instructions left 49
[2026-03-15 16:14:43.094] [info] Core [0] Tile Stats | Issued: 323 Running: 1 Finished: 322
[2026-03-15 16:14:43.094] [info] cycle: [784000]
[2026-03-15 16:14:43.094] [info] Tile  status Gemm, instructions left 49
[2026-03-15 16:14:43.094] [info] Tile  status Gemm, instructions left 49
[2026-03-15 16:14:43.094] [info] Core [1] Tile Stats | Issued: 324 Running: 2 Finished: 322
[2026-03-15 16:14:43.094] [info] cycle: [784000]
[2026-03-15 16:14:43.094] [info] Tile  status Gemm, instructions left 49
[2026-03-15 16:14:43.094] [info] Core [2] Tile Stats | Issued: 323 Running: 1 Finished: 322
[2026-03-15 16:14:43.094] [info] cycle: [784000]
[2026-03-15 16:14:43.094] [info] Tile  status Gemm, instructions left 49
[2026-03-15 16:14:43.094] [info] Core [3] Tile Stats | Issued: 324 Running: 1 Finished: 323
[2026-03-15 16:14:43.094] [info] cycle: [784000]
[2026-03-15 16:14:44.179] [info] HBM2-CH_0: BW utilization 69% (6586 reads, 45 writes)
[2026-03-15 16:14:44.222] [info] Tile  status Gemm, instructions left 49
[2026-03-15 16:14:44.222] [info] Core [0] Tile Stats | Issued: 323 Running: 1 Finished: 322
[2026-03-15 16:14:44.222] [info] cycle: [792000]
[2026-03-15 16:14:44.222] [info] Tile  status Gemm, instructions left 1
[2026-03-15 16:14:44.222] [info] Tile  status Gemm, instructions left 49
[2026-03-15 16:14:44.222] [info] Core [1] Tile Stats | Issued: 324 Running: 2 Finished: 322
[2026-03-15 16:14:44.222] [info] cycle: [792000]
[2026-03-15 16:14:44.222] [info] Tile  status Gemm, instructions left 49
[2026-03-15 16:14:44.222] [info] Core [2] Tile Stats | Issued: 323 Running: 1 Finished: 322
[2026-03-15 16:14:44.222] [info] cycle: [792000]
[2026-03-15 16:14:44.222] [info] Tile  status Gemm, instructions left 49
[2026-03-15 16:14:44.222] [info] Core [3] Tile Stats | Issued: 324 Running: 1 Finished: 323
[2026-03-15 16:14:44.222] [info] cycle: [792000]
[2026-03-15 16:14:45.048] [info] HBM2-CH_0: BW utilization 31% (2941 reads, 99 writes)
[2026-03-15 16:14:45.069] [info] Core [0] Tile Stats | Issued: 323 Running: 0 Finished: 323
[2026-03-15 16:14:45.069] [info] cycle: [800000]
[2026-03-15 16:14:45.069] [info] Tile  status Gemm, instructions left 1
[2026-03-15 16:14:45.069] [info] Core [1] Tile Stats | Issued: 324 Running: 1 Finished: 323
[2026-03-15 16:14:45.069] [info] cycle: [800000]
[2026-03-15 16:14:45.069] [info] Core [2] Tile Stats | Issued: 323 Running: 0 Finished: 323
[2026-03-15 16:14:45.069] [info] cycle: [800000]
[2026-03-15 16:14:45.069] [info] Core [3] Tile Stats | Issued: 324 Running: 0 Finished: 324
[2026-03-15 16:14:45.069] [info] cycle: [800000]
[2026-03-15 16:14:45.185] [info] Layer /blocks.4/conv_proj/Gemm finish at 801611
[2026-03-15 16:14:45.185] [info] Total compute time 61650
[2026-03-15 16:14:45.185] [info] executable layer count 83
[2026-03-15 16:14:45.185] [info] Start layer /blocks.4/Slice_2
[2026-03-15 16:14:45.254] [info] Layer /blocks.4/Slice_2 finish at 802255
[2026-03-15 16:14:45.254] [info] Total compute time 644
[2026-03-15 16:14:45.254] [info] executable layer count 82
[2026-03-15 16:14:45.254] [info] Start layer /blocks.4/Reshape
[2026-03-15 16:14:45.648] [info] Layer /blocks.4/Reshape finish at 805290
[2026-03-15 16:14:45.648] [info] Total compute time 3035
[2026-03-15 16:14:45.648] [info] executable layer count 81
[2026-03-15 16:14:45.648] [info] Start layer /blocks.5/conv_proj/Gemm
[2026-03-15 16:14:45.808] [info] HBM2-CH_0: BW utilization 55% (4266 reads, 1027 writes)
[2026-03-15 16:14:45.834] [info] Tile  status Gemm, instructions left 49
[2026-03-15 16:14:45.834] [info] Tile  status Gemm, instructions left 49
[2026-03-15 16:14:45.834] [info] Core [0] Tile Stats | Issued: 326 Running: 2 Finished: 324
[2026-03-15 16:14:45.834] [info] cycle: [808000]
[2026-03-15 16:14:45.834] [info] Tile  status Gemm, instructions left 49
[2026-03-15 16:14:45.834] [info] Tile  status Gemm, instructions left 49
[2026-03-15 16:14:45.834] [info] Core [1] Tile Stats | Issued: 326 Running: 2 Finished: 324
[2026-03-15 16:14:45.834] [info] cycle: [808000]
[2026-03-15 16:14:45.834] [info] Tile  status Gemm, instructions left 49
[2026-03-15 16:14:45.834] [info] Tile  status Gemm, instructions left 49
[2026-03-15 16:14:45.834] [info] Core [2] Tile Stats | Issued: 326 Running: 2 Finished: 324
[2026-03-15 16:14:45.834] [info] cycle: [808000]
[2026-03-15 16:14:45.834] [info] Tile  status Gemm, instructions left 49
[2026-03-15 16:14:45.834] [info] Tile  status Gemm, instructions left 49
[2026-03-15 16:14:45.834] [info] Core [3] Tile Stats | Issued: 326 Running: 2 Finished: 324
[2026-03-15 16:14:45.834] [info] cycle: [808000]
[2026-03-15 16:14:46.329] [info] HBM2-CH_0: BW utilization 65% (4716 reads, 1584 writes)
[2026-03-15 16:14:46.348] [info] Tile  status Gemm, instructions left 49
[2026-03-15 16:14:46.348] [info] Tile  status Gemm, instructions left 49
[2026-03-15 16:14:46.349] [info] Core [0] Tile Stats | Issued: 326 Running: 2 Finished: 324
[2026-03-15 16:14:46.349] [info] cycle: [816000]
[2026-03-15 16:14:46.349] [info] Tile  status Gemm, instructions left 49
[2026-03-15 16:14:46.349] [info] Tile  status Gemm, instructions left 49
[2026-03-15 16:14:46.349] [info] Core [1] Tile Stats | Issued: 326 Running: 2 Finished: 324
[2026-03-15 16:14:46.349] [info] cycle: [816000]
[2026-03-15 16:14:46.349] [info] Tile  status Gemm, instructions left 49
[2026-03-15 16:14:46.349] [info] Tile  status Gemm, instructions left 49
[2026-03-15 16:14:46.349] [info] Core [2] Tile Stats | Issued: 326 Running: 2 Finished: 324
[2026-03-15 16:14:46.349] [info] cycle: [816000]
[2026-03-15 16:14:46.349] [info] Tile  status Gemm, instructions left 49
[2026-03-15 16:14:46.349] [info] Tile  status Gemm, instructions left 49
[2026-03-15 16:14:46.349] [info] Core [3] Tile Stats | Issued: 326 Running: 2 Finished: 324
[2026-03-15 16:14:46.349] [info] cycle: [816000]
[2026-03-15 16:14:46.943] [info] HBM2-CH_0: BW utilization 78% (7309 reads, 240 writes)
[2026-03-15 16:14:46.966] [info] Tile  status Gemm, instructions left 1
[2026-03-15 16:14:46.966] [info] Tile  status Gemm, instructions left 49
[2026-03-15 16:14:46.966] [info] Core [0] Tile Stats | Issued: 326 Running: 2 Finished: 324
[2026-03-15 16:14:46.966] [info] cycle: [824000]
[2026-03-15 16:14:46.966] [info] Tile  status Gemm, instructions left 1
[2026-03-15 16:14:46.966] [info] Tile  status Gemm, instructions left 49
[2026-03-15 16:14:46.966] [info] Core [1] Tile Stats | Issued: 326 Running: 2 Finished: 324
[2026-03-15 16:14:46.966] [info] cycle: [824000]
[2026-03-15 16:14:46.966] [info] Tile  status Gemm, instructions left 49
[2026-03-15 16:14:46.966] [info] Tile  status Gemm, instructions left 49
[2026-03-15 16:14:46.966] [info] Core [2] Tile Stats | Issued: 326 Running: 2 Finished: 324
[2026-03-15 16:14:46.966] [info] cycle: [824000]
[2026-03-15 16:14:46.966] [info] Tile  status Gemm, instructions left 1
[2026-03-15 16:14:46.966] [info] Tile  status Gemm, instructions left 49
[2026-03-15 16:14:46.966] [info] Core [3] Tile Stats | Issued: 326 Running: 2 Finished: 324
[2026-03-15 16:14:46.966] [info] cycle: [824000]
[2026-03-15 16:14:47.528] [info] HBM2-CH_0: BW utilization 76% (7331 reads, 0 writes)
[2026-03-15 16:14:47.553] [info] Tile  status Gemm, instructions left 49
[2026-03-15 16:14:47.553] [info] Tile  status Gemm, instructions left 49
[2026-03-15 16:14:47.553] [info] Core [0] Tile Stats | Issued: 327 Running: 2 Finished: 325
[2026-03-15 16:14:47.553] [info] cycle: [832000]
[2026-03-15 16:14:47.553] [info] Tile  status Gemm, instructions left 49
[2026-03-15 16:14:47.553] [info] Tile  status Gemm, instructions left 49
[2026-03-15 16:14:47.553] [info] Core [1] Tile Stats | Issued: 327 Running: 2 Finished: 325
[2026-03-15 16:14:47.553] [info] cycle: [832000]
[2026-03-15 16:14:47.553] [info] Tile  status Gemm, instructions left 49
[2026-03-15 16:14:47.553] [info] Tile  status Gemm, instructions left 49
[2026-03-15 16:14:47.553] [info] Core [2] Tile Stats | Issued: 326 Running: 2 Finished: 324
[2026-03-15 16:14:47.553] [info] cycle: [832000]
[2026-03-15 16:14:47.553] [info] Tile  status Gemm, instructions left 49
[2026-03-15 16:14:47.553] [info] Tile  status Gemm, instructions left 49
[2026-03-15 16:14:47.553] [info] Core [3] Tile Stats | Issued: 327 Running: 2 Finished: 325
[2026-03-15 16:14:47.553] [info] cycle: [832000]
[2026-03-15 16:14:48.117] [info] HBM2-CH_0: BW utilization 80% (7631 reads, 56 writes)
[2026-03-15 16:14:48.143] [info] Tile  status Gemm, instructions left 1
[2026-03-15 16:14:48.143] [info] Tile  status Gemm, instructions left 49
[2026-03-15 16:14:48.143] [info] Core [0] Tile Stats | Issued: 327 Running: 2 Finished: 325
[2026-03-15 16:14:48.143] [info] cycle: [840000]
[2026-03-15 16:14:48.143] [info] Tile  status Gemm, instructions left 1
[2026-03-15 16:14:48.143] [info] Tile  status Gemm, instructions left 49
[2026-03-15 16:14:48.143] [info] Core [1] Tile Stats | Issued: 327 Running: 2 Finished: 325
[2026-03-15 16:14:48.143] [info] cycle: [840000]
[2026-03-15 16:14:48.143] [info] Tile  status Gemm, instructions left 1
[2026-03-15 16:14:48.143] [info] Tile  status Gemm, instructions left 49
[2026-03-15 16:14:48.143] [info] Core [2] Tile Stats | Issued: 326 Running: 2 Finished: 324
[2026-03-15 16:14:48.143] [info] cycle: [840000]
[2026-03-15 16:14:48.143] [info] Tile  status Gemm, instructions left 1
[2026-03-15 16:14:48.143] [info] Tile  status Gemm, instructions left 49
[2026-03-15 16:14:48.143] [info] Core [3] Tile Stats | Issued: 327 Running: 2 Finished: 325
[2026-03-15 16:14:48.143] [info] cycle: [840000]
[2026-03-15 16:14:48.826] [info] HBM2-CH_0: BW utilization 71% (6889 reads, 0 writes)
[2026-03-15 16:14:48.874] [info] Tile  status Gemm, instructions left 49
[2026-03-15 16:14:48.874] [info] Core [0] Tile Stats | Issued: 327 Running: 1 Finished: 326
[2026-03-15 16:14:48.874] [info] cycle: [848000]
[2026-03-15 16:14:48.874] [info] Tile  status Gemm, instructions left 49
[2026-03-15 16:14:48.874] [info] Core [1] Tile Stats | Issued: 327 Running: 1 Finished: 326
[2026-03-15 16:14:48.874] [info] cycle: [848000]
[2026-03-15 16:14:48.874] [info] Tile  status Gemm, instructions left 49
[2026-03-15 16:14:48.874] [info] Tile  status Gemm, instructions left 49
[2026-03-15 16:14:48.874] [info] Core [2] Tile Stats | Issued: 327 Running: 2 Finished: 325
[2026-03-15 16:14:48.875] [info] cycle: [848000]
[2026-03-15 16:14:48.875] [info] Tile  status Gemm, instructions left 49
[2026-03-15 16:14:48.875] [info] Core [3] Tile Stats | Issued: 327 Running: 1 Finished: 326
[2026-03-15 16:14:48.875] [info] cycle: [848000]
[2026-03-15 16:14:49.950] [info] HBM2-CH_0: BW utilization 80% (7629 reads, 55 writes)
[2026-03-15 16:14:49.983] [info] Tile  status Gemm, instructions left 49
[2026-03-15 16:14:49.983] [info] Core [0] Tile Stats | Issued: 327 Running: 1 Finished: 326
[2026-03-15 16:14:49.983] [info] cycle: [856000]
[2026-03-15 16:14:49.983] [info] Tile  status Gemm, instructions left 49
[2026-03-15 16:14:49.983] [info] Core [1] Tile Stats | Issued: 327 Running: 1 Finished: 326
[2026-03-15 16:14:49.983] [info] cycle: [856000]
[2026-03-15 16:14:49.983] [info] Tile  status Gemm, instructions left 1
[2026-03-15 16:14:49.983] [info] Tile  status Gemm, instructions left 49
[2026-03-15 16:14:49.983] [info] Core [2] Tile Stats | Issued: 327 Running: 2 Finished: 325
[2026-03-15 16:14:49.983] [info] cycle: [856000]
[2026-03-15 16:14:49.983] [info] Tile  status Gemm, instructions left 49
[2026-03-15 16:14:49.983] [info] Core [3] Tile Stats | Issued: 327 Running: 1 Finished: 326
[2026-03-15 16:14:49.983] [info] cycle: [856000]
[2026-03-15 16:14:50.656] [info] HBM2-CH_0: BW utilization 9% (891 reads, 60 writes)
[2026-03-15 16:14:50.680] [info] Core [0] Tile Stats | Issued: 327 Running: 0 Finished: 327
[2026-03-15 16:14:50.680] [info] cycle: [864000]
[2026-03-15 16:14:50.680] [info] Core [1] Tile Stats | Issued: 327 Running: 0 Finished: 327
[2026-03-15 16:14:50.680] [info] cycle: [864000]
[2026-03-15 16:14:50.680] [info] Tile  status Gemm, instructions left 1
[2026-03-15 16:14:50.680] [info] Core [2] Tile Stats | Issued: 327 Running: 1 Finished: 326
[2026-03-15 16:14:50.680] [info] cycle: [864000]
[2026-03-15 16:14:50.680] [info] Core [3] Tile Stats | Issued: 327 Running: 0 Finished: 327
[2026-03-15 16:14:50.680] [info] cycle: [864000]
[2026-03-15 16:14:50.741] [info] Layer /blocks.5/conv_proj/Gemm finish at 864894
[2026-03-15 16:14:50.741] [info] Total compute time 59604
[2026-03-15 16:14:50.741] [info] executable layer count 81
[2026-03-15 16:14:50.741] [info] Start layer /blocks.5/Slice_2
[2026-03-15 16:14:50.824] [info] Layer /blocks.5/Slice_2 finish at 865538
[2026-03-15 16:14:50.824] [info] Total compute time 644
[2026-03-15 16:14:50.824] [info] executable layer count 80
[2026-03-15 16:14:50.824] [info] Start layer /blocks.5/Reshape
[2026-03-15 16:14:51.232] [info] Layer /blocks.5/Reshape finish at 868556
[2026-03-15 16:14:51.232] [info] Total compute time 3018
[2026-03-15 16:14:51.232] [info] executable layer count 79
[2026-03-15 16:14:51.232] [info] Start layer /blocks.7/conv_proj/Gemm
[2026-03-15 16:14:51.448] [info] HBM2-CH_0: BW utilization 61% (4715 reads, 1174 writes)
[2026-03-15 16:14:51.470] [info] Tile  status Gemm, instructions left 49
[2026-03-15 16:14:51.471] [info] Tile  status Gemm, instructions left 49
[2026-03-15 16:14:51.471] [info] Core [0] Tile Stats | Issued: 329 Running: 2 Finished: 327
[2026-03-15 16:14:51.471] [info] cycle: [872000]
[2026-03-15 16:14:51.471] [info] Tile  status Gemm, instructions left 49
[2026-03-15 16:14:51.471] [info] Tile  status Gemm, instructions left 49
[2026-03-15 16:14:51.471] [info] Core [1] Tile Stats | Issued: 330 Running: 2 Finished: 328
[2026-03-15 16:14:51.471] [info] cycle: [872000]
[2026-03-15 16:14:51.471] [info] Tile  status Gemm, instructions left 49
[2026-03-15 16:14:51.471] [info] Tile  status Gemm, instructions left 49
[2026-03-15 16:14:51.471] [info] Core [2] Tile Stats | Issued: 329 Running: 2 Finished: 327
[2026-03-15 16:14:51.471] [info] cycle: [872000]
[2026-03-15 16:14:51.471] [info] Tile  status Gemm, instructions left 49
[2026-03-15 16:14:51.471] [info] Tile  status Gemm, instructions left 49
[2026-03-15 16:14:51.471] [info] Core [3] Tile Stats | Issued: 330 Running: 2 Finished: 328
[2026-03-15 16:14:51.471] [info] cycle: [872000]
[2026-03-15 16:14:51.995] [info] HBM2-CH_0: BW utilization 68% (4903 reads, 1666 writes)
[2026-03-15 16:14:52.016] [info] Tile  status Gemm, instructions left 49
[2026-03-15 16:14:52.016] [info] Tile  status Gemm, instructions left 49
[2026-03-15 16:14:52.017] [info] Core [0] Tile Stats | Issued: 329 Running: 2 Finished: 327
[2026-03-15 16:14:52.017] [info] cycle: [880000]
[2026-03-15 16:14:52.017] [info] Tile  status Gemm, instructions left 49
[2026-03-15 16:14:52.017] [info] Tile  status Gemm, instructions left 49
[2026-03-15 16:14:52.017] [info] Core [1] Tile Stats | Issued: 330 Running: 2 Finished: 328
[2026-03-15 16:14:52.017] [info] cycle: [880000]
[2026-03-15 16:14:52.017] [info] Tile  status Gemm, instructions left 49
[2026-03-15 16:14:52.017] [info] Tile  status Gemm, instructions left 49
[2026-03-15 16:14:52.017] [info] Core [2] Tile Stats | Issued: 329 Running: 2 Finished: 327
[2026-03-15 16:14:52.017] [info] cycle: [880000]
[2026-03-15 16:14:52.017] [info] Tile  status Gemm, instructions left 49
[2026-03-15 16:14:52.017] [info] Tile  status Gemm, instructions left 49
[2026-03-15 16:14:52.017] [info] Core [3] Tile Stats | Issued: 330 Running: 2 Finished: 328
[2026-03-15 16:14:52.017] [info] cycle: [880000]
[2026-03-15 16:14:52.574] [info] HBM2-CH_0: BW utilization 74% (7148 reads, 14 writes)
[2026-03-15 16:14:52.600] [info] Tile  status Gemm, instructions left 1
[2026-03-15 16:14:52.600] [info] Tile  status Gemm, instructions left 49
[2026-03-15 16:14:52.600] [info] Core [0] Tile Stats | Issued: 329 Running: 2 Finished: 327
[2026-03-15 16:14:52.600] [info] cycle: [888000]
[2026-03-15 16:14:52.600] [info] Tile  status Gemm, instructions left 49
[2026-03-15 16:14:52.600] [info] Tile  status Gemm, instructions left 49
[2026-03-15 16:14:52.600] [info] Core [1] Tile Stats | Issued: 330 Running: 2 Finished: 328
[2026-03-15 16:14:52.600] [info] cycle: [888000]
[2026-03-15 16:14:52.600] [info] Tile  status Gemm, instructions left 1
[2026-03-15 16:14:52.600] [info] Tile  status Gemm, instructions left 49
[2026-03-15 16:14:52.600] [info] Core [2] Tile Stats | Issued: 329 Running: 2 Finished: 327
[2026-03-15 16:14:52.600] [info] cycle: [888000]
[2026-03-15 16:14:52.600] [info] Tile  status Gemm, instructions left 1
[2026-03-15 16:14:52.600] [info] Tile  status Gemm, instructions left 49
[2026-03-15 16:14:52.600] [info] Core [3] Tile Stats | Issued: 330 Running: 2 Finished: 328
[2026-03-15 16:14:52.600] [info] cycle: [888000]
[2026-03-15 16:14:53.195] [info] HBM2-CH_0: BW utilization 71% (6854 reads, 0 writes)
[2026-03-15 16:14:53.222] [info] Tile  status Gemm, instructions left 49
[2026-03-15 16:14:53.222] [info] Tile  status Gemm, instructions left 49
[2026-03-15 16:14:53.222] [info] Core [0] Tile Stats | Issued: 330 Running: 2 Finished: 328
[2026-03-15 16:14:53.222] [info] cycle: [896000]
[2026-03-15 16:14:53.222] [info] Tile  status Gemm, instructions left 49
[2026-03-15 16:14:53.222] [info] Tile  status Gemm, instructions left 49
[2026-03-15 16:14:53.222] [info] Core [1] Tile Stats | Issued: 330 Running: 2 Finished: 328
[2026-03-15 16:14:53.222] [info] cycle: [896000]
[2026-03-15 16:14:53.222] [info] Tile  status Gemm, instructions left 49
[2026-03-15 16:14:53.222] [info] Tile  status Gemm, instructions left 49
[2026-03-15 16:14:53.222] [info] Core [2] Tile Stats | Issued: 330 Running: 2 Finished: 328
[2026-03-15 16:14:53.222] [info] cycle: [896000]
[2026-03-15 16:14:53.222] [info] Tile  status Gemm, instructions left 49
[2026-03-15 16:14:53.222] [info] Tile  status Gemm, instructions left 49
[2026-03-15 16:14:53.222] [info] Core [3] Tile Stats | Issued: 331 Running: 2 Finished: 329
[2026-03-15 16:14:53.222] [info] cycle: [896000]
[2026-03-15 16:14:53.792] [info] HBM2-CH_0: BW utilization 72% (6891 reads, 43 writes)
[2026-03-15 16:14:53.820] [info] Tile  status Gemm, instructions left 1
[2026-03-15 16:14:53.820] [info] Tile  status Gemm, instructions left 49
[2026-03-15 16:14:53.820] [info] Core [0] Tile Stats | Issued: 330 Running: 2 Finished: 328
[2026-03-15 16:14:53.820] [info] cycle: [904000]
[2026-03-15 16:14:53.820] [info] Tile  status Gemm, instructions left 49
[2026-03-15 16:14:53.820] [info] Tile  status Gemm, instructions left 49
[2026-03-15 16:14:53.820] [info] Core [1] Tile Stats | Issued: 331 Running: 2 Finished: 329
[2026-03-15 16:14:53.820] [info] cycle: [904000]
[2026-03-15 16:14:53.820] [info] Tile  status Gemm, instructions left 1
[2026-03-15 16:14:53.820] [info] Tile  status Gemm, instructions left 49
[2026-03-15 16:14:53.820] [info] Core [2] Tile Stats | Issued: 330 Running: 2 Finished: 328
[2026-03-15 16:14:53.820] [info] cycle: [904000]
[2026-03-15 16:14:53.820] [info] Tile  status Gemm, instructions left 1
[2026-03-15 16:14:53.820] [info] Tile  status Gemm, instructions left 49
[2026-03-15 16:14:53.820] [info] Core [3] Tile Stats | Issued: 331 Running: 2 Finished: 329
[2026-03-15 16:14:53.820] [info] cycle: [904000]
[2026-03-15 16:14:54.573] [info] HBM2-CH_0: BW utilization 68% (6529 reads, 0 writes)
[2026-03-15 16:14:54.623] [info] Tile  status Gemm, instructions left 49
[2026-03-15 16:14:54.623] [info] Core [0] Tile Stats | Issued: 330 Running: 1 Finished: 329
[2026-03-15 16:14:54.623] [info] cycle: [912000]
[2026-03-15 16:14:54.623] [info] Tile  status Gemm, instructions left 49
[2026-03-15 16:14:54.623] [info] Tile  status Gemm, instructions left 49
[2026-03-15 16:14:54.623] [info] Core [1] Tile Stats | Issued: 331 Running: 2 Finished: 329
[2026-03-15 16:14:54.623] [info] cycle: [912000]
[2026-03-15 16:14:54.623] [info] Tile  status Gemm, instructions left 49
[2026-03-15 16:14:54.623] [info] Core [2] Tile Stats | Issued: 330 Running: 1 Finished: 329
[2026-03-15 16:14:54.623] [info] cycle: [912000]
[2026-03-15 16:14:54.623] [info] Tile  status Gemm, instructions left 49
[2026-03-15 16:14:54.623] [info] Core [3] Tile Stats | Issued: 331 Running: 1 Finished: 330
[2026-03-15 16:14:54.623] [info] cycle: [912000]
[2026-03-15 16:14:55.736] [info] HBM2-CH_0: BW utilization 69% (6643 reads, 0 writes)
[2026-03-15 16:14:55.798] [info] Tile  status Gemm, instructions left 49
[2026-03-15 16:14:55.798] [info] Core [0] Tile Stats | Issued: 330 Running: 1 Finished: 329
[2026-03-15 16:14:55.798] [info] cycle: [920000]
[2026-03-15 16:14:55.798] [info] Tile  status Gemm, instructions left 1
[2026-03-15 16:14:55.798] [info] Tile  status Gemm, instructions left 49
[2026-03-15 16:14:55.798] [info] Core [1] Tile Stats | Issued: 331 Running: 2 Finished: 329
[2026-03-15 16:14:55.798] [info] cycle: [920000]
[2026-03-15 16:14:55.798] [info] Tile  status Gemm, instructions left 49
[2026-03-15 16:14:55.798] [info] Core [2] Tile Stats | Issued: 330 Running: 1 Finished: 329
[2026-03-15 16:14:55.798] [info] cycle: [920000]
[2026-03-15 16:14:55.798] [info] Tile  status Gemm, instructions left 49
[2026-03-15 16:14:55.798] [info] Core [3] Tile Stats | Issued: 331 Running: 1 Finished: 330
[2026-03-15 16:14:55.798] [info] cycle: [920000]
[2026-03-15 16:14:56.620] [info] HBM2-CH_0: BW utilization 32% (2980 reads, 131 writes)
[2026-03-15 16:14:56.646] [info] Core [0] Tile Stats | Issued: 330 Running: 0 Finished: 330
[2026-03-15 16:14:56.646] [info] cycle: [928000]
[2026-03-15 16:14:56.646] [info] Tile  status Gemm, instructions left 1
[2026-03-15 16:14:56.646] [info] Core [1] Tile Stats | Issued: 331 Running: 1 Finished: 330
[2026-03-15 16:14:56.646] [info] cycle: [928000]
[2026-03-15 16:14:56.646] [info] Core [2] Tile Stats | Issued: 330 Running: 0 Finished: 330
[2026-03-15 16:14:56.646] [info] cycle: [928000]
[2026-03-15 16:14:56.646] [info] Core [3] Tile Stats | Issued: 331 Running: 0 Finished: 331
[2026-03-15 16:14:56.646] [info] cycle: [928000]
[2026-03-15 16:14:56.780] [info] Layer /blocks.7/conv_proj/Gemm finish at 929761
[2026-03-15 16:14:56.780] [info] Total compute time 61205
[2026-03-15 16:14:56.780] [info] executable layer count 79
[2026-03-15 16:14:56.780] [info] Start layer /blocks.7/Slice_2
[2026-03-15 16:14:56.851] [info] Layer /blocks.7/Slice_2 finish at 930410
[2026-03-15 16:14:56.851] [info] Total compute time 649
[2026-03-15 16:14:56.851] [info] executable layer count 78
[2026-03-15 16:14:56.851] [info] Start layer /blocks.7/Reshape
[2026-03-15 16:14:57.288] [info] Layer /blocks.7/Reshape finish at 933438
[2026-03-15 16:14:57.288] [info] Total compute time 3028
[2026-03-15 16:14:57.288] [info] executable layer count 77
[2026-03-15 16:14:57.288] [info] Start layer /blocks.8/conv_proj/Gemm
[2026-03-15 16:14:57.429] [info] HBM2-CH_0: BW utilization 53% (4124 reads, 1025 writes)
[2026-03-15 16:14:57.464] [info] Tile  status Gemm, instructions left 49
[2026-03-15 16:14:57.464] [info] Tile  status Gemm, instructions left 49
[2026-03-15 16:14:57.464] [info] Core [0] Tile Stats | Issued: 333 Running: 2 Finished: 331
[2026-03-15 16:14:57.464] [info] cycle: [936000]
[2026-03-15 16:14:57.464] [info] Tile  status Gemm, instructions left 49
[2026-03-15 16:14:57.464] [info] Tile  status Gemm, instructions left 49
[2026-03-15 16:14:57.464] [info] Core [1] Tile Stats | Issued: 333 Running: 2 Finished: 331
[2026-03-15 16:14:57.464] [info] cycle: [936000]
[2026-03-15 16:14:57.464] [info] Tile  status Gemm, instructions left 49
[2026-03-15 16:14:57.464] [info] Tile  status Gemm, instructions left 49
[2026-03-15 16:14:57.464] [info] Core [2] Tile Stats | Issued: 333 Running: 2 Finished: 331
[2026-03-15 16:14:57.464] [info] cycle: [936000]
[2026-03-15 16:14:57.464] [info] Tile  status Gemm, instructions left 49
[2026-03-15 16:14:57.464] [info] Tile  status Gemm, instructions left 49
[2026-03-15 16:14:57.464] [info] Core [3] Tile Stats | Issued: 333 Running: 2 Finished: 331
[2026-03-15 16:14:57.464] [info] cycle: [936000]
[2026-03-15 16:14:57.949] [info] HBM2-CH_0: BW utilization 66% (4843 reads, 1584 writes)
[2026-03-15 16:14:57.971] [info] Tile  status Gemm, instructions left 49
[2026-03-15 16:14:57.971] [info] Tile  status Gemm, instructions left 49
[2026-03-15 16:14:57.971] [info] Core [0] Tile Stats | Issued: 333 Running: 2 Finished: 331
[2026-03-15 16:14:57.971] [info] cycle: [944000]
[2026-03-15 16:14:57.971] [info] Tile  status Gemm, instructions left 49
[2026-03-15 16:14:57.971] [info] Tile  status Gemm, instructions left 49
[2026-03-15 16:14:57.971] [info] Core [1] Tile Stats | Issued: 333 Running: 2 Finished: 331
[2026-03-15 16:14:57.971] [info] cycle: [944000]
[2026-03-15 16:14:57.971] [info] Tile  status Gemm, instructions left 49
[2026-03-15 16:14:57.971] [info] Tile  status Gemm, instructions left 49
[2026-03-15 16:14:57.971] [info] Core [2] Tile Stats | Issued: 333 Running: 2 Finished: 331
[2026-03-15 16:14:57.971] [info] cycle: [944000]
[2026-03-15 16:14:57.971] [info] Tile  status Gemm, instructions left 49
[2026-03-15 16:14:57.971] [info] Tile  status Gemm, instructions left 49
[2026-03-15 16:14:57.971] [info] Core [3] Tile Stats | Issued: 333 Running: 2 Finished: 331
[2026-03-15 16:14:57.971] [info] cycle: [944000]
[2026-03-15 16:14:58.518] [info] HBM2-CH_0: BW utilization 78% (7311 reads, 240 writes)
[2026-03-15 16:14:58.544] [info] Tile  status Gemm, instructions left 1
[2026-03-15 16:14:58.544] [info] Tile  status Gemm, instructions left 49
[2026-03-15 16:14:58.544] [info] Core [0] Tile Stats | Issued: 333 Running: 2 Finished: 331
[2026-03-15 16:14:58.544] [info] cycle: [952000]
[2026-03-15 16:14:58.544] [info] Tile  status Gemm, instructions left 1
[2026-03-15 16:14:58.544] [info] Tile  status Gemm, instructions left 49
[2026-03-15 16:14:58.544] [info] Core [1] Tile Stats | Issued: 333 Running: 2 Finished: 331
[2026-03-15 16:14:58.544] [info] cycle: [952000]
[2026-03-15 16:14:58.544] [info] Tile  status Gemm, instructions left 49
[2026-03-15 16:14:58.544] [info] Tile  status Gemm, instructions left 49
[2026-03-15 16:14:58.544] [info] Core [2] Tile Stats | Issued: 333 Running: 2 Finished: 331
[2026-03-15 16:14:58.544] [info] cycle: [952000]
[2026-03-15 16:14:58.544] [info] Tile  status Gemm, instructions left 1
[2026-03-15 16:14:58.544] [info] Tile  status Gemm, instructions left 49
[2026-03-15 16:14:58.544] [info] Core [3] Tile Stats | Issued: 333 Running: 2 Finished: 331
[2026-03-15 16:14:58.544] [info] cycle: [952000]
[2026-03-15 16:14:59.149] [info] HBM2-CH_0: BW utilization 72% (6989 reads, 0 writes)
[2026-03-15 16:14:59.178] [info] Tile  status Gemm, instructions left 49
[2026-03-15 16:14:59.178] [info] Tile  status Gemm, instructions left 49
[2026-03-15 16:14:59.178] [info] Core [0] Tile Stats | Issued: 334 Running: 2 Finished: 332
[2026-03-15 16:14:59.178] [info] cycle: [960000]
[2026-03-15 16:14:59.178] [info] Tile  status Gemm, instructions left 49
[2026-03-15 16:14:59.178] [info] Tile  status Gemm, instructions left 49
[2026-03-15 16:14:59.178] [info] Core [1] Tile Stats | Issued: 334 Running: 2 Finished: 332
[2026-03-15 16:14:59.178] [info] cycle: [960000]
[2026-03-15 16:14:59.178] [info] Tile  status Gemm, instructions left 49
[2026-03-15 16:14:59.178] [info] Tile  status Gemm, instructions left 49
[2026-03-15 16:14:59.178] [info] Core [2] Tile Stats | Issued: 333 Running: 2 Finished: 331
[2026-03-15 16:14:59.178] [info] cycle: [960000]
[2026-03-15 16:14:59.178] [info] Tile  status Gemm, instructions left 49
[2026-03-15 16:14:59.178] [info] Tile  status Gemm, instructions left 49
[2026-03-15 16:14:59.178] [info] Core [3] Tile Stats | Issued: 334 Running: 2 Finished: 332
[2026-03-15 16:14:59.178] [info] cycle: [960000]
[2026-03-15 16:14:59.776] [info] HBM2-CH_0: BW utilization 76% (7336 reads, 45 writes)
[2026-03-15 16:14:59.805] [info] Tile  status Gemm, instructions left 1
[2026-03-15 16:14:59.805] [info] Tile  status Gemm, instructions left 49
[2026-03-15 16:14:59.805] [info] Core [0] Tile Stats | Issued: 334 Running: 2 Finished: 332
[2026-03-15 16:14:59.805] [info] cycle: [968000]
[2026-03-15 16:14:59.805] [info] Tile  status Gemm, instructions left 1
[2026-03-15 16:14:59.805] [info] Tile  status Gemm, instructions left 49
[2026-03-15 16:14:59.805] [info] Core [1] Tile Stats | Issued: 334 Running: 2 Finished: 332
[2026-03-15 16:14:59.805] [info] cycle: [968000]
[2026-03-15 16:14:59.805] [info] Tile  status Gemm, instructions left 1
[2026-03-15 16:14:59.805] [info] Tile  status Gemm, instructions left 49
[2026-03-15 16:14:59.805] [info] Core [2] Tile Stats | Issued: 333 Running: 2 Finished: 331
[2026-03-15 16:14:59.805] [info] cycle: [968000]
[2026-03-15 16:14:59.805] [info] Tile  status Gemm, instructions left 1
[2026-03-15 16:14:59.805] [info] Tile  status Gemm, instructions left 49
[2026-03-15 16:14:59.805] [info] Core [3] Tile Stats | Issued: 334 Running: 2 Finished: 332
[2026-03-15 16:14:59.805] [info] cycle: [968000]
[2026-03-15 16:15:00.555] [info] HBM2-CH_0: BW utilization 65% (6244 reads, 0 writes)
[2026-03-15 16:15:00.607] [info] Tile  status Gemm, instructions left 49
[2026-03-15 16:15:00.607] [info] Core [0] Tile Stats | Issued: 334 Running: 1 Finished: 333
[2026-03-15 16:15:00.607] [info] cycle: [976000]
[2026-03-15 16:15:00.607] [info] Tile  status Gemm, instructions left 49
[2026-03-15 16:15:00.607] [info] Core [1] Tile Stats | Issued: 334 Running: 1 Finished: 333
[2026-03-15 16:15:00.607] [info] cycle: [976000]
[2026-03-15 16:15:00.607] [info] Tile  status Gemm, instructions left 49
[2026-03-15 16:15:00.607] [info] Tile  status Gemm, instructions left 49
[2026-03-15 16:15:00.607] [info] Core [2] Tile Stats | Issued: 334 Running: 2 Finished: 332
[2026-03-15 16:15:00.607] [info] cycle: [976000]
[2026-03-15 16:15:00.607] [info] Tile  status Gemm, instructions left 49
[2026-03-15 16:15:00.607] [info] Core [3] Tile Stats | Issued: 334 Running: 1 Finished: 333
[2026-03-15 16:15:00.607] [info] cycle: [976000]
[2026-03-15 16:15:01.702] [info] HBM2-CH_0: BW utilization 70% (6739 reads, 0 writes)
[2026-03-15 16:15:01.763] [info] Tile  status Gemm, instructions left 49
[2026-03-15 16:15:01.763] [info] Core [0] Tile Stats | Issued: 334 Running: 1 Finished: 333
[2026-03-15 16:15:01.763] [info] cycle: [984000]
[2026-03-15 16:15:01.763] [info] Tile  status Gemm, instructions left 49
[2026-03-15 16:15:01.763] [info] Core [1] Tile Stats | Issued: 334 Running: 1 Finished: 333
[2026-03-15 16:15:01.763] [info] cycle: [984000]
[2026-03-15 16:15:01.763] [info] Tile  status Gemm, instructions left 1
[2026-03-15 16:15:01.763] [info] Tile  status Gemm, instructions left 49
[2026-03-15 16:15:01.763] [info] Core [2] Tile Stats | Issued: 334 Running: 2 Finished: 332
[2026-03-15 16:15:01.763] [info] cycle: [984000]
[2026-03-15 16:15:01.763] [info] Tile  status Gemm, instructions left 49
[2026-03-15 16:15:01.763] [info] Core [3] Tile Stats | Issued: 334 Running: 1 Finished: 333
[2026-03-15 16:15:01.763] [info] cycle: [984000]
[2026-03-15 16:15:02.517] [info] HBM2-CH_0: BW utilization 32% (3075 reads, 91 writes)
[2026-03-15 16:15:02.544] [info] Core [0] Tile Stats | Issued: 334 Running: 0 Finished: 334
[2026-03-15 16:15:02.544] [info] cycle: [992000]
[2026-03-15 16:15:02.544] [info] Core [1] Tile Stats | Issued: 334 Running: 0 Finished: 334
[2026-03-15 16:15:02.544] [info] cycle: [992000]
[2026-03-15 16:15:02.544] [info] Tile  status Gemm, instructions left 1
[2026-03-15 16:15:02.544] [info] Core [2] Tile Stats | Issued: 334 Running: 1 Finished: 333
[2026-03-15 16:15:02.544] [info] cycle: [992000]
[2026-03-15 16:15:02.544] [info] Core [3] Tile Stats | Issued: 334 Running: 0 Finished: 334
[2026-03-15 16:15:02.544] [info] cycle: [992000]
[2026-03-15 16:15:02.699] [info] Layer /blocks.8/conv_proj/Gemm finish at 994053
[2026-03-15 16:15:02.699] [info] Total compute time 60615
[2026-03-15 16:15:02.699] [info] executable layer count 77
[2026-03-15 16:15:02.699] [info] Start layer /blocks.8/Slice_2
[2026-03-15 16:15:02.766] [info] Layer /blocks.8/Slice_2 finish at 994702
[2026-03-15 16:15:02.766] [info] Total compute time 649
[2026-03-15 16:15:02.766] [info] executable layer count 76
[2026-03-15 16:15:02.766] [info] Start layer /blocks.8/Reshape
[2026-03-15 16:15:03.183] [info] Layer /blocks.8/Reshape finish at 997739
[2026-03-15 16:15:03.183] [info] Total compute time 3037
[2026-03-15 16:15:03.183] [info] executable layer count 75
[2026-03-15 16:15:03.183] [info] Start layer /blocks.9/conv_proj/Gemm
[2026-03-15 16:15:03.308] [info] HBM2-CH_0: BW utilization 51% (3963 reads, 964 writes)
[2026-03-15 16:15:03.344] [info] Tile  status Gemm, instructions left 49
[2026-03-15 16:15:03.344] [info] Tile  status Gemm, instructions left 49
[2026-03-15 16:15:03.344] [info] Core [0] Tile Stats | Issued: 336 Running: 2 Finished: 334
[2026-03-15 16:15:03.344] [info] cycle: [1000000]
[2026-03-15 16:15:03.344] [info] Tile  status Gemm, instructions left 49
[2026-03-15 16:15:03.344] [info] Tile  status Gemm, instructions left 49
[2026-03-15 16:15:03.344] [info] Core [1] Tile Stats | Issued: 337 Running: 2 Finished: 335
[2026-03-15 16:15:03.344] [info] cycle: [1000000]
[2026-03-15 16:15:03.344] [info] Tile  status Gemm, instructions left 49
[2026-03-15 16:15:03.344] [info] Tile  status Gemm, instructions left 49
[2026-03-15 16:15:03.344] [info] Core [2] Tile Stats | Issued: 336 Running: 2 Finished: 334
[2026-03-15 16:15:03.344] [info] cycle: [1000000]
[2026-03-15 16:15:03.344] [info] Tile  status Gemm, instructions left 49
[2026-03-15 16:15:03.344] [info] Tile  status Gemm, instructions left 49
[2026-03-15 16:15:03.344] [info] Core [3] Tile Stats | Issued: 337 Running: 2 Finished: 335
[2026-03-15 16:15:03.344] [info] cycle: [1000000]
[2026-03-15 16:15:03.840] [info] HBM2-CH_0: BW utilization 66% (4764 reads, 1596 writes)
[2026-03-15 16:15:03.867] [info] Tile  status Gemm, instructions left 49
[2026-03-15 16:15:03.867] [info] Tile  status Gemm, instructions left 49
[2026-03-15 16:15:03.867] [info] Core [0] Tile Stats | Issued: 336 Running: 2 Finished: 334
[2026-03-15 16:15:03.867] [info] cycle: [1008000]
[2026-03-15 16:15:03.867] [info] Tile  status Gemm, instructions left 49
[2026-03-15 16:15:03.867] [info] Tile  status Gemm, instructions left 49
[2026-03-15 16:15:03.867] [info] Core [1] Tile Stats | Issued: 337 Running: 2 Finished: 335
[2026-03-15 16:15:03.867] [info] cycle: [1008000]
[2026-03-15 16:15:03.867] [info] Tile  status Gemm, instructions left 49
[2026-03-15 16:15:03.867] [info] Tile  status Gemm, instructions left 49
[2026-03-15 16:15:03.867] [info] Core [2] Tile Stats | Issued: 336 Running: 2 Finished: 334
[2026-03-15 16:15:03.867] [info] cycle: [1008000]
[2026-03-15 16:15:03.867] [info] Tile  status Gemm, instructions left 49
[2026-03-15 16:15:03.867] [info] Tile  status Gemm, instructions left 49
[2026-03-15 16:15:03.867] [info] Core [3] Tile Stats | Issued: 337 Running: 2 Finished: 335
[2026-03-15 16:15:03.867] [info] cycle: [1008000]
[2026-03-15 16:15:04.465] [info] HBM2-CH_0: BW utilization 78% (7176 reads, 324 writes)
[2026-03-15 16:15:04.496] [info] Tile  status Gemm, instructions left 1
[2026-03-15 16:15:04.496] [info] Tile  status Gemm, instructions left 49
[2026-03-15 16:15:04.496] [info] Core [0] Tile Stats | Issued: 336 Running: 2 Finished: 334
[2026-03-15 16:15:04.496] [info] cycle: [1016000]
[2026-03-15 16:15:04.496] [info] Tile  status Gemm, instructions left 49
[2026-03-15 16:15:04.496] [info] Tile  status Gemm, instructions left 49
[2026-03-15 16:15:04.496] [info] Core [1] Tile Stats | Issued: 337 Running: 2 Finished: 335
[2026-03-15 16:15:04.496] [info] cycle: [1016000]
[2026-03-15 16:15:04.496] [info] Tile  status Gemm, instructions left 1
[2026-03-15 16:15:04.496] [info] Tile  status Gemm, instructions left 49
[2026-03-15 16:15:04.496] [info] Core [2] Tile Stats | Issued: 336 Running: 2 Finished: 334
[2026-03-15 16:15:04.496] [info] cycle: [1016000]
[2026-03-15 16:15:04.496] [info] Tile  status Gemm, instructions left 1
[2026-03-15 16:15:04.496] [info] Tile  status Gemm, instructions left 49
[2026-03-15 16:15:04.496] [info] Core [3] Tile Stats | Issued: 337 Running: 2 Finished: 335
[2026-03-15 16:15:04.496] [info] cycle: [1016000]
[2026-03-15 16:15:05.086] [info] HBM2-CH_0: BW utilization 74% (7178 reads, 0 writes)
[2026-03-15 16:15:05.117] [info] Tile  status Gemm, instructions left 49
[2026-03-15 16:15:05.117] [info] Tile  status Gemm, instructions left 49
[2026-03-15 16:15:05.117] [info] Core [0] Tile Stats | Issued: 337 Running: 2 Finished: 335
[2026-03-15 16:15:05.117] [info] cycle: [1024000]
[2026-03-15 16:15:05.117] [info] Tile  status Gemm, instructions left 49
[2026-03-15 16:15:05.117] [info] Tile  status Gemm, instructions left 49
[2026-03-15 16:15:05.117] [info] Core [1] Tile Stats | Issued: 337 Running: 2 Finished: 335
[2026-03-15 16:15:05.117] [info] cycle: [1024000]
[2026-03-15 16:15:05.117] [info] Tile  status Gemm, instructions left 49
[2026-03-15 16:15:05.117] [info] Tile  status Gemm, instructions left 49
[2026-03-15 16:15:05.117] [info] Core [2] Tile Stats | Issued: 337 Running: 2 Finished: 335
[2026-03-15 16:15:05.117] [info] cycle: [1024000]
[2026-03-15 16:15:05.117] [info] Tile  status Gemm, instructions left 49
[2026-03-15 16:15:05.117] [info] Tile  status Gemm, instructions left 49
[2026-03-15 16:15:05.117] [info] Core [3] Tile Stats | Issued: 338 Running: 2 Finished: 336
[2026-03-15 16:15:05.117] [info] cycle: [1024000]
[2026-03-15 16:15:05.706] [info] HBM2-CH_0: BW utilization 79% (7559 reads, 40 writes)
[2026-03-15 16:15:05.737] [info] Tile  status Gemm, instructions left 1
[2026-03-15 16:15:05.737] [info] Tile  status Gemm, instructions left 49
[2026-03-15 16:15:05.737] [info] Core [0] Tile Stats | Issued: 337 Running: 2 Finished: 335
[2026-03-15 16:15:05.737] [info] cycle: [1032000]
[2026-03-15 16:15:05.737] [info] Tile  status Gemm, instructions left 1
[2026-03-15 16:15:05.737] [info] Tile  status Gemm, instructions left 49
[2026-03-15 16:15:05.737] [info] Core [1] Tile Stats | Issued: 337 Running: 2 Finished: 335
[2026-03-15 16:15:05.737] [info] cycle: [1032000]
[2026-03-15 16:15:05.737] [info] Tile  status Gemm, instructions left 1
[2026-03-15 16:15:05.737] [info] Tile  status Gemm, instructions left 49
[2026-03-15 16:15:05.737] [info] Core [2] Tile Stats | Issued: 337 Running: 2 Finished: 335
[2026-03-15 16:15:05.737] [info] cycle: [1032000]
[2026-03-15 16:15:05.737] [info] Tile  status Gemm, instructions left 1
[2026-03-15 16:15:05.737] [info] Tile  status Gemm, instructions left 49
[2026-03-15 16:15:05.737] [info] Core [3] Tile Stats | Issued: 338 Running: 2 Finished: 336
[2026-03-15 16:15:05.737] [info] cycle: [1032000]
[2026-03-15 16:15:06.413] [info] HBM2-CH_0: BW utilization 69% (6648 reads, 0 writes)
[2026-03-15 16:15:06.470] [info] Tile  status Gemm, instructions left 49
[2026-03-15 16:15:06.470] [info] Core [0] Tile Stats | Issued: 337 Running: 1 Finished: 336
[2026-03-15 16:15:06.470] [info] cycle: [1040000]
[2026-03-15 16:15:06.470] [info] Tile  status Gemm, instructions left 49
[2026-03-15 16:15:06.470] [info] Tile  status Gemm, instructions left 49
[2026-03-15 16:15:06.470] [info] Core [1] Tile Stats | Issued: 338 Running: 2 Finished: 336
[2026-03-15 16:15:06.470] [info] cycle: [1040000]
[2026-03-15 16:15:06.470] [info] Tile  status Gemm, instructions left 49
[2026-03-15 16:15:06.470] [info] Core [2] Tile Stats | Issued: 337 Running: 1 Finished: 336
[2026-03-15 16:15:06.470] [info] cycle: [1040000]
[2026-03-15 16:15:06.470] [info] Tile  status Gemm, instructions left 49
[2026-03-15 16:15:06.470] [info] Core [3] Tile Stats | Issued: 338 Running: 1 Finished: 337
[2026-03-15 16:15:06.470] [info] cycle: [1040000]
[2026-03-15 16:15:07.594] [info] HBM2-CH_0: BW utilization 75% (7220 reads, 41 writes)
[2026-03-15 16:15:07.666] [info] Tile  status Gemm, instructions left 49
[2026-03-15 16:15:07.666] [info] Core [0] Tile Stats | Issued: 337 Running: 1 Finished: 336
[2026-03-15 16:15:07.666] [info] cycle: [1048000]
[2026-03-15 16:15:07.666] [info] Tile  status Gemm, instructions left 1
[2026-03-15 16:15:07.666] [info] Tile  status Gemm, instructions left 49
[2026-03-15 16:15:07.666] [info] Core [1] Tile Stats | Issued: 338 Running: 2 Finished: 336
[2026-03-15 16:15:07.666] [info] cycle: [1048000]
[2026-03-15 16:15:07.666] [info] Tile  status Gemm, instructions left 49
[2026-03-15 16:15:07.666] [info] Core [2] Tile Stats | Issued: 337 Running: 1 Finished: 336
[2026-03-15 16:15:07.666] [info] cycle: [1048000]
[2026-03-15 16:15:07.666] [info] Tile  status Gemm, instructions left 49
[2026-03-15 16:15:07.666] [info] Core [3] Tile Stats | Issued: 338 Running: 1 Finished: 337
[2026-03-15 16:15:07.666] [info] cycle: [1048000]
[2026-03-15 16:15:08.522] [info] HBM2-CH_0: BW utilization 23% (2153 reads, 62 writes)
[2026-03-15 16:15:08.552] [info] Tile  status Gemm, instructions left 1
[2026-03-15 16:15:08.552] [info] Core [0] Tile Stats | Issued: 337 Running: 1 Finished: 336
[2026-03-15 16:15:08.552] [info] cycle: [1056000]
[2026-03-15 16:15:08.552] [info] Tile  status Gemm, instructions left 1
[2026-03-15 16:15:08.552] [info] Core [1] Tile Stats | Issued: 338 Running: 1 Finished: 337
[2026-03-15 16:15:08.552] [info] cycle: [1056000]
[2026-03-15 16:15:08.552] [info] Tile  status Gemm, instructions left 1
[2026-03-15 16:15:08.552] [info] Core [2] Tile Stats | Issued: 337 Running: 1 Finished: 336
[2026-03-15 16:15:08.552] [info] cycle: [1056000]
[2026-03-15 16:15:08.552] [info] Tile  status Gemm, instructions left 1
[2026-03-15 16:15:08.552] [info] Core [3] Tile Stats | Issued: 338 Running: 1 Finished: 337
[2026-03-15 16:15:08.552] [info] cycle: [1056000]
[2026-03-15 16:15:08.777] [info] Layer /blocks.9/conv_proj/Gemm finish at 1058986
[2026-03-15 16:15:08.777] [info] Total compute time 61247
[2026-03-15 16:15:08.777] [info] executable layer count 75
[2026-03-15 16:15:08.777] [info] Start layer /blocks.9/Slice_2
[2026-03-15 16:15:08.850] [info] Layer /blocks.9/Slice_2 finish at 1059634
[2026-03-15 16:15:08.850] [info] Total compute time 648
[2026-03-15 16:15:08.850] [info] executable layer count 74
[2026-03-15 16:15:08.850] [info] Start layer /blocks.9/Reshape
[2026-03-15 16:15:09.428] [info] Layer /blocks.9/Reshape finish at 1062636
[2026-03-15 16:15:09.428] [info] Total compute time 3002
[2026-03-15 16:15:09.428] [info] executable layer count 73
[2026-03-15 16:15:09.428] [info] Start layer /blocks.10/conv_proj/Gemm
[2026-03-15 16:15:09.539] [info] HBM2-CH_0: BW utilization 43% (3387 reads, 774 writes)
[2026-03-15 16:15:09.591] [info] Tile  status Gemm, instructions left 49
[2026-03-15 16:15:09.591] [info] Tile  status Gemm, instructions left 49
[2026-03-15 16:15:09.591] [info] Core [0] Tile Stats | Issued: 340 Running: 2 Finished: 338
[2026-03-15 16:15:09.591] [info] cycle: [1064000]
[2026-03-15 16:15:09.591] [info] Tile  status Gemm, instructions left 49
[2026-03-15 16:15:09.591] [info] Tile  status Gemm, instructions left 49
[2026-03-15 16:15:09.591] [info] Core [1] Tile Stats | Issued: 340 Running: 2 Finished: 338
[2026-03-15 16:15:09.591] [info] cycle: [1064000]
[2026-03-15 16:15:09.591] [info] Tile  status Gemm, instructions left 49
[2026-03-15 16:15:09.591] [info] Tile  status Gemm, instructions left 49
[2026-03-15 16:15:09.591] [info] Core [2] Tile Stats | Issued: 340 Running: 2 Finished: 338
[2026-03-15 16:15:09.591] [info] cycle: [1064000]
[2026-03-15 16:15:09.591] [info] Tile  status Gemm, instructions left 49
[2026-03-15 16:15:09.591] [info] Tile  status Gemm, instructions left 49
[2026-03-15 16:15:09.591] [info] Core [3] Tile Stats | Issued: 340 Running: 2 Finished: 338
[2026-03-15 16:15:09.591] [info] cycle: [1064000]
[2026-03-15 16:15:10.218] [info] HBM2-CH_0: BW utilization 65% (4682 reads, 1584 writes)
[2026-03-15 16:15:10.251] [info] Tile  status Gemm, instructions left 49
[2026-03-15 16:15:10.251] [info] Tile  status Gemm, instructions left 49
[2026-03-15 16:15:10.251] [info] Core [0] Tile Stats | Issued: 340 Running: 2 Finished: 338
[2026-03-15 16:15:10.251] [info] cycle: [1072000]
[2026-03-15 16:15:10.251] [info] Tile  status Gemm, instructions left 49
[2026-03-15 16:15:10.251] [info] Tile  status Gemm, instructions left 49
[2026-03-15 16:15:10.251] [info] Core [1] Tile Stats | Issued: 340 Running: 2 Finished: 338
[2026-03-15 16:15:10.251] [info] cycle: [1072000]
[2026-03-15 16:15:10.251] [info] Tile  status Gemm, instructions left 49
[2026-03-15 16:15:10.251] [info] Tile  status Gemm, instructions left 49
[2026-03-15 16:15:10.251] [info] Core [2] Tile Stats | Issued: 340 Running: 2 Finished: 338
[2026-03-15 16:15:10.251] [info] cycle: [1072000]
[2026-03-15 16:15:10.251] [info] Tile  status Gemm, instructions left 49
[2026-03-15 16:15:10.251] [info] Tile  status Gemm, instructions left 49
[2026-03-15 16:15:10.251] [info] Core [3] Tile Stats | Issued: 340 Running: 2 Finished: 338
[2026-03-15 16:15:10.251] [info] cycle: [1072000]
[2026-03-15 16:15:10.997] [info] HBM2-CH_0: BW utilization 74% (6614 reads, 528 writes)
[2026-03-15 16:15:11.046] [info] Tile  status Gemm, instructions left 49
[2026-03-15 16:15:11.046] [info] Tile  status Gemm, instructions left 49
[2026-03-15 16:15:11.046] [info] Core [0] Tile Stats | Issued: 340 Running: 2 Finished: 338
[2026-03-15 16:15:11.046] [info] cycle: [1080000]
[2026-03-15 16:15:11.046] [info] Tile  status Gemm, instructions left 49
[2026-03-15 16:15:11.046] [info] Tile  status Gemm, instructions left 49
[2026-03-15 16:15:11.046] [info] Core [1] Tile Stats | Issued: 340 Running: 2 Finished: 338
[2026-03-15 16:15:11.046] [info] cycle: [1080000]
[2026-03-15 16:15:11.046] [info] Tile  status Gemm, instructions left 49
[2026-03-15 16:15:11.046] [info] Tile  status Gemm, instructions left 49
[2026-03-15 16:15:11.046] [info] Core [2] Tile Stats | Issued: 340 Running: 2 Finished: 338
[2026-03-15 16:15:11.046] [info] cycle: [1080000]
[2026-03-15 16:15:11.046] [info] Tile  status Gemm, instructions left 49
[2026-03-15 16:15:11.046] [info] Tile  status Gemm, instructions left 49
[2026-03-15 16:15:11.046] [info] Core [3] Tile Stats | Issued: 340 Running: 2 Finished: 338
[2026-03-15 16:15:11.046] [info] cycle: [1080000]
[2026-03-15 16:15:11.719] [info] HBM2-CH_0: BW utilization 71% (6825 reads, 0 writes)
[2026-03-15 16:15:11.792] [info] Tile  status Gemm, instructions left 49
[2026-03-15 16:15:11.792] [info] Tile  status Gemm, instructions left 49
[2026-03-15 16:15:11.792] [info] Core [0] Tile Stats | Issued: 341 Running: 2 Finished: 339
[2026-03-15 16:15:11.792] [info] cycle: [1088000]
[2026-03-15 16:15:11.792] [info] Tile  status Gemm, instructions left 49
[2026-03-15 16:15:11.792] [info] Tile  status Gemm, instructions left 49
[2026-03-15 16:15:11.792] [info] Core [1] Tile Stats | Issued: 341 Running: 2 Finished: 339
[2026-03-15 16:15:11.792] [info] cycle: [1088000]
[2026-03-15 16:15:11.792] [info] Tile  status Gemm, instructions left 49
[2026-03-15 16:15:11.792] [info] Tile  status Gemm, instructions left 49
[2026-03-15 16:15:11.792] [info] Core [2] Tile Stats | Issued: 340 Running: 2 Finished: 338
[2026-03-15 16:15:11.792] [info] cycle: [1088000]
[2026-03-15 16:15:11.792] [info] Tile  status Gemm, instructions left 49
[2026-03-15 16:15:11.792] [info] Tile  status Gemm, instructions left 49
[2026-03-15 16:15:11.792] [info] Core [3] Tile Stats | Issued: 341 Running: 2 Finished: 339
[2026-03-15 16:15:11.792] [info] cycle: [1088000]
[2026-03-15 16:15:12.523] [info] HBM2-CH_0: BW utilization 71% (6882 reads, 0 writes)
[2026-03-15 16:15:12.573] [info] Tile  status Gemm, instructions left 49
[2026-03-15 16:15:12.573] [info] Tile  status Gemm, instructions left 49
[2026-03-15 16:15:12.573] [info] Core [0] Tile Stats | Issued: 341 Running: 2 Finished: 339
[2026-03-15 16:15:12.573] [info] cycle: [1096000]
[2026-03-15 16:15:12.573] [info] Tile  status Gemm, instructions left 49
[2026-03-15 16:15:12.573] [info] Tile  status Gemm, instructions left 49
[2026-03-15 16:15:12.573] [info] Core [1] Tile Stats | Issued: 341 Running: 2 Finished: 339
[2026-03-15 16:15:12.573] [info] cycle: [1096000]
[2026-03-15 16:15:12.573] [info] Tile  status Gemm, instructions left 1
[2026-03-15 16:15:12.573] [info] Tile  status Gemm, instructions left 49
[2026-03-15 16:15:12.573] [info] Core [2] Tile Stats | Issued: 340 Running: 2 Finished: 338
[2026-03-15 16:15:12.573] [info] cycle: [1096000]
[2026-03-15 16:15:12.573] [info] Tile  status Gemm, instructions left 49
[2026-03-15 16:15:12.573] [info] Tile  status Gemm, instructions left 49
[2026-03-15 16:15:12.573] [info] Core [3] Tile Stats | Issued: 341 Running: 2 Finished: 339
[2026-03-15 16:15:12.573] [info] cycle: [1096000]
[2026-03-15 16:15:13.324] [info] HBM2-CH_0: BW utilization 70% (6704 reads, 42 writes)
[2026-03-15 16:15:13.378] [info] Tile  status Gemm, instructions left 1
[2026-03-15 16:15:13.378] [info] Tile  status Gemm, instructions left 49
[2026-03-15 16:15:13.378] [info] Core [0] Tile Stats | Issued: 341 Running: 2 Finished: 339
[2026-03-15 16:15:13.378] [info] cycle: [1104000]
[2026-03-15 16:15:13.378] [info] Tile  status Gemm, instructions left 1
[2026-03-15 16:15:13.378] [info] Tile  status Gemm, instructions left 49
[2026-03-15 16:15:13.378] [info] Core [1] Tile Stats | Issued: 341 Running: 2 Finished: 339
[2026-03-15 16:15:13.378] [info] cycle: [1104000]
[2026-03-15 16:15:13.378] [info] Tile  status Gemm, instructions left 49
[2026-03-15 16:15:13.378] [info] Tile  status Gemm, instructions left 49
[2026-03-15 16:15:13.378] [info] Core [2] Tile Stats | Issued: 341 Running: 2 Finished: 339
[2026-03-15 16:15:13.378] [info] cycle: [1104000]
[2026-03-15 16:15:13.378] [info] Tile  status Gemm, instructions left 1
[2026-03-15 16:15:13.378] [info] Tile  status Gemm, instructions left 49
[2026-03-15 16:15:13.378] [info] Core [3] Tile Stats | Issued: 341 Running: 2 Finished: 339
[2026-03-15 16:15:13.378] [info] cycle: [1104000]
[2026-03-15 16:15:14.598] [info] HBM2-CH_0: BW utilization 67% (6483 reads, 0 writes)
[2026-03-15 16:15:14.683] [info] Tile  status Gemm, instructions left 49
[2026-03-15 16:15:14.683] [info] Core [0] Tile Stats | Issued: 341 Running: 1 Finished: 340
[2026-03-15 16:15:14.683] [info] cycle: [1112000]
[2026-03-15 16:15:14.683] [info] Tile  status Gemm, instructions left 49
[2026-03-15 16:15:14.683] [info] Core [1] Tile Stats | Issued: 341 Running: 1 Finished: 340
[2026-03-15 16:15:14.683] [info] cycle: [1112000]
[2026-03-15 16:15:14.683] [info] Tile  status Gemm, instructions left 1
[2026-03-15 16:15:14.683] [info] Tile  status Gemm, instructions left 49
[2026-03-15 16:15:14.683] [info] Core [2] Tile Stats | Issued: 341 Running: 2 Finished: 339
[2026-03-15 16:15:14.683] [info] cycle: [1112000]
[2026-03-15 16:15:14.683] [info] Tile  status Gemm, instructions left 49
[2026-03-15 16:15:14.683] [info] Core [3] Tile Stats | Issued: 341 Running: 1 Finished: 340
[2026-03-15 16:15:14.683] [info] cycle: [1112000]
[2026-03-15 16:15:15.760] [info] HBM2-CH_0: BW utilization 53% (5086 reads, 94 writes)
[2026-03-15 16:15:15.789] [info] Tile  status Gemm, instructions left 1
[2026-03-15 16:15:15.789] [info] Core [0] Tile Stats | Issued: 341 Running: 1 Finished: 340
[2026-03-15 16:15:15.789] [info] cycle: [1120000]
[2026-03-15 16:15:15.789] [info] Tile  status Gemm, instructions left 1
[2026-03-15 16:15:15.789] [info] Core [1] Tile Stats | Issued: 341 Running: 1 Finished: 340
[2026-03-15 16:15:15.790] [info] cycle: [1120000]
[2026-03-15 16:15:15.790] [info] Tile  status Gemm, instructions left 1
[2026-03-15 16:15:15.790] [info] Core [2] Tile Stats | Issued: 341 Running: 1 Finished: 340
[2026-03-15 16:15:15.790] [info] cycle: [1120000]
[2026-03-15 16:15:15.790] [info] Tile  status Gemm, instructions left 1
[2026-03-15 16:15:15.790] [info] Core [3] Tile Stats | Issued: 341 Running: 1 Finished: 340
[2026-03-15 16:15:15.790] [info] cycle: [1120000]
[2026-03-15 16:15:16.143] [info] Layer /blocks.10/conv_proj/Gemm finish at 1125050
[2026-03-15 16:15:16.143] [info] Total compute time 62414
[2026-03-15 16:15:16.143] [info] executable layer count 73
[2026-03-15 16:15:16.143] [info] Start layer /blocks.10/Slice_2
[2026-03-15 16:15:16.212] [info] Layer /blocks.10/Slice_2 finish at 1125702
[2026-03-15 16:15:16.212] [info] Total compute time 652
[2026-03-15 16:15:16.212] [info] executable layer count 72
[2026-03-15 16:15:16.212] [info] Start layer /blocks.10/Reshape
[2026-03-15 16:15:16.465] [info] HBM2-CH_0: BW utilization 25% (1789 reads, 615 writes)
[2026-03-15 16:15:16.524] [info] Core [0] Tile Stats | Issued: 341 Running: 0 Finished: 341
[2026-03-15 16:15:16.524] [info] cycle: [1128000]
[2026-03-15 16:15:16.524] [info] Tile  status /blocks.10/Reshape, instructions left 1
[2026-03-15 16:15:16.524] [info] Core [1] Tile Stats | Issued: 342 Running: 1 Finished: 341
[2026-03-15 16:15:16.524] [info] cycle: [1128000]
[2026-03-15 16:15:16.524] [info] Core [2] Tile Stats | Issued: 341 Running: 0 Finished: 341
[2026-03-15 16:15:16.524] [info] cycle: [1128000]
[2026-03-15 16:15:16.524] [info] Core [3] Tile Stats | Issued: 342 Running: 0 Finished: 342
[2026-03-15 16:15:16.524] [info] cycle: [1128000]
[2026-03-15 16:15:16.638] [info] Layer /blocks.10/Reshape finish at 1128701
[2026-03-15 16:15:16.638] [info] Total compute time 2999
[2026-03-15 16:15:16.638] [info] executable layer count 71
[2026-03-15 16:15:16.638] [info] Start layer /blocks.11/conv_proj/Gemm
[2026-03-15 16:15:17.112] [info] HBM2-CH_0: BW utilization 67% (5116 reads, 1362 writes)
[2026-03-15 16:15:17.142] [info] Tile  status Gemm, instructions left 49
[2026-03-15 16:15:17.142] [info] Tile  status Gemm, instructions left 49
[2026-03-15 16:15:17.142] [info] Core [0] Tile Stats | Issued: 343 Running: 2 Finished: 341
[2026-03-15 16:15:17.142] [info] cycle: [1136000]
[2026-03-15 16:15:17.142] [info] Tile  status Gemm, instructions left 49
[2026-03-15 16:15:17.142] [info] Tile  status Gemm, instructions left 49
[2026-03-15 16:15:17.142] [info] Core [1] Tile Stats | Issued: 344 Running: 2 Finished: 342
[2026-03-15 16:15:17.142] [info] cycle: [1136000]
[2026-03-15 16:15:17.142] [info] Tile  status Gemm, instructions left 49
[2026-03-15 16:15:17.142] [info] Tile  status Gemm, instructions left 49
[2026-03-15 16:15:17.142] [info] Core [2] Tile Stats | Issued: 343 Running: 2 Finished: 341
[2026-03-15 16:15:17.142] [info] cycle: [1136000]
[2026-03-15 16:15:17.142] [info] Tile  status Gemm, instructions left 49
[2026-03-15 16:15:17.142] [info] Tile  status Gemm, instructions left 49
[2026-03-15 16:15:17.142] [info] Core [3] Tile Stats | Issued: 344 Running: 2 Finished: 342
[2026-03-15 16:15:17.142] [info] cycle: [1136000]
[2026-03-15 16:15:17.880] [info] HBM2-CH_0: BW utilization 69% (5713 reads, 912 writes)
[2026-03-15 16:15:17.929] [info] Tile  status Gemm, instructions left 49
[2026-03-15 16:15:17.929] [info] Tile  status Gemm, instructions left 49
[2026-03-15 16:15:17.929] [info] Core [0] Tile Stats | Issued: 343 Running: 2 Finished: 341
[2026-03-15 16:15:17.929] [info] cycle: [1144000]
[2026-03-15 16:15:17.929] [info] Tile  status Gemm, instructions left 49
[2026-03-15 16:15:17.929] [info] Tile  status Gemm, instructions left 49
[2026-03-15 16:15:17.929] [info] Core [1] Tile Stats | Issued: 344 Running: 2 Finished: 342
[2026-03-15 16:15:17.929] [info] cycle: [1144000]
[2026-03-15 16:15:17.929] [info] Tile  status Gemm, instructions left 49
[2026-03-15 16:15:17.929] [info] Tile  status Gemm, instructions left 49
[2026-03-15 16:15:17.929] [info] Core [2] Tile Stats | Issued: 343 Running: 2 Finished: 341
[2026-03-15 16:15:17.929] [info] cycle: [1144000]
[2026-03-15 16:15:17.929] [info] Tile  status Gemm, instructions left 49
[2026-03-15 16:15:17.929] [info] Tile  status Gemm, instructions left 49
[2026-03-15 16:15:17.929] [info] Core [3] Tile Stats | Issued: 344 Running: 2 Finished: 342
[2026-03-15 16:15:17.929] [info] cycle: [1144000]
[2026-03-15 16:15:18.533] [info] HBM2-CH_0: BW utilization 73% (7057 reads, 0 writes)
[2026-03-15 16:15:18.567] [info] Tile  status Gemm, instructions left 1
[2026-03-15 16:15:18.567] [info] Tile  status Gemm, instructions left 49
[2026-03-15 16:15:18.567] [info] Core [0] Tile Stats | Issued: 343 Running: 2 Finished: 341
[2026-03-15 16:15:18.567] [info] cycle: [1152000]
[2026-03-15 16:15:18.567] [info] Tile  status Gemm, instructions left 49
[2026-03-15 16:15:18.567] [info] Tile  status Gemm, instructions left 49
[2026-03-15 16:15:18.567] [info] Core [1] Tile Stats | Issued: 344 Running: 2 Finished: 342
[2026-03-15 16:15:18.567] [info] cycle: [1152000]
[2026-03-15 16:15:18.567] [info] Tile  status Gemm, instructions left 1
[2026-03-15 16:15:18.567] [info] Tile  status Gemm, instructions left 49
[2026-03-15 16:15:18.567] [info] Core [2] Tile Stats | Issued: 343 Running: 2 Finished: 341
[2026-03-15 16:15:18.567] [info] cycle: [1152000]
[2026-03-15 16:15:18.567] [info] Tile  status Gemm, instructions left 1
[2026-03-15 16:15:18.567] [info] Tile  status Gemm, instructions left 49
[2026-03-15 16:15:18.567] [info] Core [3] Tile Stats | Issued: 344 Running: 2 Finished: 342
[2026-03-15 16:15:18.567] [info] cycle: [1152000]
[2026-03-15 16:15:19.218] [info] HBM2-CH_0: BW utilization 66% (6383 reads, 0 writes)
[2026-03-15 16:15:19.252] [info] Tile  status Gemm, instructions left 49
[2026-03-15 16:15:19.252] [info] Tile  status Gemm, instructions left 49
[2026-03-15 16:15:19.252] [info] Core [0] Tile Stats | Issued: 344 Running: 2 Finished: 342
[2026-03-15 16:15:19.252] [info] cycle: [1160000]
[2026-03-15 16:15:19.252] [info] Tile  status Gemm, instructions left 1
[2026-03-15 16:15:19.252] [info] Tile  status Gemm, instructions left 49
[2026-03-15 16:15:19.252] [info] Core [1] Tile Stats | Issued: 344 Running: 2 Finished: 342
[2026-03-15 16:15:19.252] [info] cycle: [1160000]
[2026-03-15 16:15:19.252] [info] Tile  status Gemm, instructions left 49
[2026-03-15 16:15:19.252] [info] Tile  status Gemm, instructions left 49
[2026-03-15 16:15:19.252] [info] Core [2] Tile Stats | Issued: 344 Running: 2 Finished: 342
[2026-03-15 16:15:19.252] [info] cycle: [1160000]
[2026-03-15 16:15:19.252] [info] Tile  status Gemm, instructions left 49
[2026-03-15 16:15:19.252] [info] Tile  status Gemm, instructions left 49
[2026-03-15 16:15:19.252] [info] Core [3] Tile Stats | Issued: 345 Running: 2 Finished: 343
[2026-03-15 16:15:19.252] [info] cycle: [1160000]
[2026-03-15 16:15:19.846] [info] HBM2-CH_0: BW utilization 70% (6754 reads, 42 writes)
[2026-03-15 16:15:19.882] [info] Tile  status Gemm, instructions left 1
[2026-03-15 16:15:19.882] [info] Tile  status Gemm, instructions left 49
[2026-03-15 16:15:19.882] [info] Core [0] Tile Stats | Issued: 344 Running: 2 Finished: 342
[2026-03-15 16:15:19.882] [info] cycle: [1168000]
[2026-03-15 16:15:19.882] [info] Tile  status Gemm, instructions left 49
[2026-03-15 16:15:19.882] [info] Tile  status Gemm, instructions left 49
[2026-03-15 16:15:19.882] [info] Core [1] Tile Stats | Issued: 345 Running: 2 Finished: 343
[2026-03-15 16:15:19.882] [info] cycle: [1168000]
[2026-03-15 16:15:19.882] [info] Tile  status Gemm, instructions left 1
[2026-03-15 16:15:19.882] [info] Tile  status Gemm, instructions left 49
[2026-03-15 16:15:19.882] [info] Core [2] Tile Stats | Issued: 344 Running: 2 Finished: 342
[2026-03-15 16:15:19.882] [info] cycle: [1168000]
[2026-03-15 16:15:19.882] [info] Tile  status Gemm, instructions left 1
[2026-03-15 16:15:19.882] [info] Tile  status Gemm, instructions left 49
[2026-03-15 16:15:19.882] [info] Core [3] Tile Stats | Issued: 345 Running: 2 Finished: 343
[2026-03-15 16:15:19.882] [info] cycle: [1168000]
[2026-03-15 16:15:21.215] [info] HBM2-CH_0: BW utilization 60% (5848 reads, 0 writes)
[2026-03-15 16:15:21.359] [info] Tile  status Gemm, instructions left 49
[2026-03-15 16:15:21.359] [info] Core [0] Tile Stats | Issued: 344 Running: 1 Finished: 343
[2026-03-15 16:15:21.359] [info] cycle: [1176000]
[2026-03-15 16:15:21.359] [info] Tile  status Gemm, instructions left 49
[2026-03-15 16:15:21.359] [info] Tile  status Gemm, instructions left 49
[2026-03-15 16:15:21.359] [info] Core [1] Tile Stats | Issued: 345 Running: 2 Finished: 343
[2026-03-15 16:15:21.359] [info] cycle: [1176000]
[2026-03-15 16:15:21.359] [info] Tile  status Gemm, instructions left 49
[2026-03-15 16:15:21.359] [info] Core [2] Tile Stats | Issued: 344 Running: 1 Finished: 343
[2026-03-15 16:15:21.359] [info] cycle: [1176000]
[2026-03-15 16:15:21.359] [info] Tile  status Gemm, instructions left 49
[2026-03-15 16:15:21.359] [info] Core [3] Tile Stats | Issued: 345 Running: 1 Finished: 344
[2026-03-15 16:15:21.359] [info] cycle: [1176000]
[2026-03-15 16:15:22.471] [info] HBM2-CH_0: BW utilization 73% (7022 reads, 40 writes)
[2026-03-15 16:15:22.513] [info] Tile  status Gemm, instructions left 1
[2026-03-15 16:15:22.513] [info] Core [0] Tile Stats | Issued: 344 Running: 1 Finished: 343
[2026-03-15 16:15:22.513] [info] cycle: [1184000]
[2026-03-15 16:15:22.513] [info] Tile  status Gemm, instructions left 49
[2026-03-15 16:15:22.513] [info] Core [1] Tile Stats | Issued: 345 Running: 1 Finished: 344
[2026-03-15 16:15:22.513] [info] cycle: [1184000]
[2026-03-15 16:15:22.513] [info] Tile  status Gemm, instructions left 1
[2026-03-15 16:15:22.513] [info] Core [2] Tile Stats | Issued: 344 Running: 1 Finished: 343
[2026-03-15 16:15:22.513] [info] cycle: [1184000]
[2026-03-15 16:15:22.513] [info] Tile  status Gemm, instructions left 1
[2026-03-15 16:15:22.513] [info] Core [3] Tile Stats | Issued: 345 Running: 1 Finished: 344
[2026-03-15 16:15:22.513] [info] cycle: [1184000]
[2026-03-15 16:15:23.036] [info] HBM2-CH_0: BW utilization 11% (982 reads, 90 writes)
[2026-03-15 16:15:23.044] [info] Layer /blocks.11/conv_proj/Gemm finish at 1191634
[2026-03-15 16:15:23.044] [info] Total compute time 62933
[2026-03-15 16:15:23.044] [info] executable layer count 71
[2026-03-15 16:15:23.044] [info] Start layer /blocks.11/Slice_2
[2026-03-15 16:15:23.091] [info] Tile  status /blocks.11/Slice_2, instructions left 1
[2026-03-15 16:15:23.092] [info] Core [0] Tile Stats | Issued: 345 Running: 1 Finished: 344
[2026-03-15 16:15:23.092] [info] cycle: [1192000]
[2026-03-15 16:15:23.092] [info] Core [1] Tile Stats | Issued: 345 Running: 0 Finished: 345
[2026-03-15 16:15:23.092] [info] cycle: [1192000]
[2026-03-15 16:15:23.092] [info] Core [2] Tile Stats | Issued: 344 Running: 0 Finished: 344
[2026-03-15 16:15:23.092] [info] cycle: [1192000]
[2026-03-15 16:15:23.092] [info] Core [3] Tile Stats | Issued: 345 Running: 0 Finished: 345
[2026-03-15 16:15:23.092] [info] cycle: [1192000]
[2026-03-15 16:15:23.120] [info] Layer /blocks.11/Slice_2 finish at 1192282
[2026-03-15 16:15:23.120] [info] Total compute time 648
[2026-03-15 16:15:23.120] [info] executable layer count 70
[2026-03-15 16:15:23.120] [info] Start layer /blocks.11/Reshape
[2026-03-15 16:15:23.529] [info] Layer /blocks.11/Reshape finish at 1195309
[2026-03-15 16:15:23.529] [info] Total compute time 3027
[2026-03-15 16:15:23.529] [info] executable layer count 69
[2026-03-15 16:15:23.529] [info] Start layer /blocks.12/conv_proj/Gemm
[2026-03-15 16:15:23.857] [info] HBM2-CH_0: BW utilization 70% (5374 reads, 1400 writes)
[2026-03-15 16:15:23.889] [info] Tile  status Gemm, instructions left 49
[2026-03-15 16:15:23.889] [info] Tile  status Gemm, instructions left 49
[2026-03-15 16:15:23.889] [info] Core [0] Tile Stats | Issued: 347 Running: 2 Finished: 345
[2026-03-15 16:15:23.889] [info] cycle: [1200000]
[2026-03-15 16:15:23.889] [info] Tile  status Gemm, instructions left 49
[2026-03-15 16:15:23.889] [info] Tile  status Gemm, instructions left 49
[2026-03-15 16:15:23.889] [info] Core [1] Tile Stats | Issued: 347 Running: 2 Finished: 345
[2026-03-15 16:15:23.889] [info] cycle: [1200000]
[2026-03-15 16:15:23.889] [info] Tile  status Gemm, instructions left 49
[2026-03-15 16:15:23.889] [info] Tile  status Gemm, instructions left 49
[2026-03-15 16:15:23.889] [info] Core [2] Tile Stats | Issued: 347 Running: 2 Finished: 345
[2026-03-15 16:15:23.889] [info] cycle: [1200000]
[2026-03-15 16:15:23.889] [info] Tile  status Gemm, instructions left 49
[2026-03-15 16:15:23.889] [info] Tile  status Gemm, instructions left 49
[2026-03-15 16:15:23.889] [info] Core [3] Tile Stats | Issued: 347 Running: 2 Finished: 345
[2026-03-15 16:15:23.889] [info] cycle: [1200000]
[2026-03-15 16:15:24.382] [info] HBM2-CH_0: BW utilization 67% (4992 reads, 1482 writes)
[2026-03-15 16:15:24.415] [info] Tile  status Gemm, instructions left 49
[2026-03-15 16:15:24.415] [info] Tile  status Gemm, instructions left 49
[2026-03-15 16:15:24.415] [info] Core [0] Tile Stats | Issued: 347 Running: 2 Finished: 345
[2026-03-15 16:15:24.415] [info] cycle: [1208000]
[2026-03-15 16:15:24.415] [info] Tile  status Gemm, instructions left 49
[2026-03-15 16:15:24.415] [info] Tile  status Gemm, instructions left 49
[2026-03-15 16:15:24.415] [info] Core [1] Tile Stats | Issued: 347 Running: 2 Finished: 345
[2026-03-15 16:15:24.415] [info] cycle: [1208000]
[2026-03-15 16:15:24.415] [info] Tile  status Gemm, instructions left 49
[2026-03-15 16:15:24.415] [info] Tile  status Gemm, instructions left 49
[2026-03-15 16:15:24.415] [info] Core [2] Tile Stats | Issued: 347 Running: 2 Finished: 345
[2026-03-15 16:15:24.415] [info] cycle: [1208000]
[2026-03-15 16:15:24.415] [info] Tile  status Gemm, instructions left 49
[2026-03-15 16:15:24.415] [info] Tile  status Gemm, instructions left 49
[2026-03-15 16:15:24.415] [info] Core [3] Tile Stats | Issued: 347 Running: 2 Finished: 345
[2026-03-15 16:15:24.415] [info] cycle: [1208000]
[2026-03-15 16:15:24.977] [info] HBM2-CH_0: BW utilization 78% (7565 reads, 0 writes)
[2026-03-15 16:15:25.012] [info] Tile  status Gemm, instructions left 1
[2026-03-15 16:15:25.012] [info] Tile  status Gemm, instructions left 49
[2026-03-15 16:15:25.012] [info] Core [0] Tile Stats | Issued: 347 Running: 2 Finished: 345
[2026-03-15 16:15:25.012] [info] cycle: [1216000]
[2026-03-15 16:15:25.012] [info] Tile  status Gemm, instructions left 1
[2026-03-15 16:15:25.012] [info] Tile  status Gemm, instructions left 49
[2026-03-15 16:15:25.012] [info] Core [1] Tile Stats | Issued: 347 Running: 2 Finished: 345
[2026-03-15 16:15:25.012] [info] cycle: [1216000]
[2026-03-15 16:15:25.012] [info] Tile  status Gemm, instructions left 49
[2026-03-15 16:15:25.012] [info] Tile  status Gemm, instructions left 49
[2026-03-15 16:15:25.012] [info] Core [2] Tile Stats | Issued: 347 Running: 2 Finished: 345
[2026-03-15 16:15:25.012] [info] cycle: [1216000]
[2026-03-15 16:15:25.012] [info] Tile  status Gemm, instructions left 1
[2026-03-15 16:15:25.012] [info] Tile  status Gemm, instructions left 49
[2026-03-15 16:15:25.012] [info] Core [3] Tile Stats | Issued: 347 Running: 2 Finished: 345
[2026-03-15 16:15:25.012] [info] cycle: [1216000]
[2026-03-15 16:15:25.587] [info] HBM2-CH_0: BW utilization 71% (6836 reads, 0 writes)
[2026-03-15 16:15:25.623] [info] Tile  status Gemm, instructions left 49
[2026-03-15 16:15:25.623] [info] Tile  status Gemm, instructions left 49
[2026-03-15 16:15:25.623] [info] Core [0] Tile Stats | Issued: 348 Running: 2 Finished: 346
[2026-03-15 16:15:25.623] [info] cycle: [1224000]
[2026-03-15 16:15:25.623] [info] Tile  status Gemm, instructions left 49
[2026-03-15 16:15:25.623] [info] Tile  status Gemm, instructions left 49
[2026-03-15 16:15:25.623] [info] Core [1] Tile Stats | Issued: 348 Running: 2 Finished: 346
[2026-03-15 16:15:25.623] [info] cycle: [1224000]
[2026-03-15 16:15:25.623] [info] Tile  status Gemm, instructions left 1
[2026-03-15 16:15:25.623] [info] Tile  status Gemm, instructions left 49
[2026-03-15 16:15:25.623] [info] Core [2] Tile Stats | Issued: 347 Running: 2 Finished: 345
[2026-03-15 16:15:25.623] [info] cycle: [1224000]
[2026-03-15 16:15:25.624] [info] Tile  status Gemm, instructions left 49
[2026-03-15 16:15:25.624] [info] Tile  status Gemm, instructions left 49
[2026-03-15 16:15:25.624] [info] Core [3] Tile Stats | Issued: 348 Running: 2 Finished: 346
[2026-03-15 16:15:25.624] [info] cycle: [1224000]
[2026-03-15 16:15:26.245] [info] HBM2-CH_0: BW utilization 75% (7280 reads, 0 writes)
[2026-03-15 16:15:26.281] [info] Tile  status Gemm, instructions left 1
[2026-03-15 16:15:26.281] [info] Tile  status Gemm, instructions left 49
[2026-03-15 16:15:26.281] [info] Core [0] Tile Stats | Issued: 348 Running: 2 Finished: 346
[2026-03-15 16:15:26.281] [info] cycle: [1232000]
[2026-03-15 16:15:26.281] [info] Tile  status Gemm, instructions left 1
[2026-03-15 16:15:26.281] [info] Tile  status Gemm, instructions left 49
[2026-03-15 16:15:26.281] [info] Core [1] Tile Stats | Issued: 348 Running: 2 Finished: 346
[2026-03-15 16:15:26.281] [info] cycle: [1232000]
[2026-03-15 16:15:26.281] [info] Tile  status Gemm, instructions left 49
[2026-03-15 16:15:26.281] [info] Tile  status Gemm, instructions left 49
[2026-03-15 16:15:26.281] [info] Core [2] Tile Stats | Issued: 348 Running: 2 Finished: 346
[2026-03-15 16:15:26.281] [info] cycle: [1232000]
[2026-03-15 16:15:26.281] [info] Tile  status Gemm, instructions left 1
[2026-03-15 16:15:26.281] [info] Tile  status Gemm, instructions left 49
[2026-03-15 16:15:26.281] [info] Core [3] Tile Stats | Issued: 348 Running: 2 Finished: 346
[2026-03-15 16:15:26.281] [info] cycle: [1232000]
[2026-03-15 16:15:27.078] [info] HBM2-CH_0: BW utilization 66% (6347 reads, 0 writes)
[2026-03-15 16:15:27.177] [info] Tile  status Gemm, instructions left 49
[2026-03-15 16:15:27.177] [info] Core [0] Tile Stats | Issued: 348 Running: 1 Finished: 347
[2026-03-15 16:15:27.177] [info] cycle: [1240000]
[2026-03-15 16:15:27.177] [info] Tile  status Gemm, instructions left 49
[2026-03-15 16:15:27.177] [info] Core [1] Tile Stats | Issued: 348 Running: 1 Finished: 347
[2026-03-15 16:15:27.177] [info] cycle: [1240000]
[2026-03-15 16:15:27.177] [info] Tile  status Gemm, instructions left 49
[2026-03-15 16:15:27.177] [info] Tile  status Gemm, instructions left 49
[2026-03-15 16:15:27.177] [info] Core [2] Tile Stats | Issued: 348 Running: 2 Finished: 346
[2026-03-15 16:15:27.177] [info] cycle: [1240000]
[2026-03-15 16:15:27.177] [info] Tile  status Gemm, instructions left 49
[2026-03-15 16:15:27.177] [info] Core [3] Tile Stats | Issued: 348 Running: 1 Finished: 347
[2026-03-15 16:15:27.177] [info] cycle: [1240000]
[2026-03-15 16:15:28.487] [info] HBM2-CH_0: BW utilization 76% (7249 reads, 85 writes)
[2026-03-15 16:15:28.546] [info] Tile  status Gemm, instructions left 1
[2026-03-15 16:15:28.546] [info] Core [0] Tile Stats | Issued: 348 Running: 1 Finished: 347
[2026-03-15 16:15:28.546] [info] cycle: [1248000]
[2026-03-15 16:15:28.546] [info] Tile  status Gemm, instructions left 1
[2026-03-15 16:15:28.546] [info] Core [1] Tile Stats | Issued: 348 Running: 1 Finished: 347
[2026-03-15 16:15:28.546] [info] cycle: [1248000]
[2026-03-15 16:15:28.546] [info] Tile  status Gemm, instructions left 49
[2026-03-15 16:15:28.546] [info] Core [2] Tile Stats | Issued: 348 Running: 1 Finished: 347
[2026-03-15 16:15:28.546] [info] cycle: [1248000]
[2026-03-15 16:15:28.546] [info] Tile  status Gemm, instructions left 1
[2026-03-15 16:15:28.546] [info] Core [3] Tile Stats | Issued: 348 Running: 1 Finished: 347
[2026-03-15 16:15:28.546] [info] cycle: [1248000]
[2026-03-15 16:15:29.173] [info] HBM2-CH_0: BW utilization 11% (1020 reads, 60 writes)
[2026-03-15 16:15:29.207] [info] Core [0] Tile Stats | Issued: 348 Running: 0 Finished: 348
[2026-03-15 16:15:29.207] [info] cycle: [1256000]
[2026-03-15 16:15:29.207] [info] Core [1] Tile Stats | Issued: 348 Running: 0 Finished: 348
[2026-03-15 16:15:29.207] [info] cycle: [1256000]
[2026-03-15 16:15:29.207] [info] Tile  status Gemm, instructions left 1
[2026-03-15 16:15:29.207] [info] Core [2] Tile Stats | Issued: 348 Running: 1 Finished: 347
[2026-03-15 16:15:29.207] [info] cycle: [1256000]
[2026-03-15 16:15:29.207] [info] Core [3] Tile Stats | Issued: 348 Running: 0 Finished: 348
[2026-03-15 16:15:29.207] [info] cycle: [1256000]
[2026-03-15 16:15:29.244] [info] Layer /blocks.12/conv_proj/Gemm finish at 1256549
[2026-03-15 16:15:29.244] [info] Total compute time 61240
[2026-03-15 16:15:29.244] [info] executable layer count 69
[2026-03-15 16:15:29.244] [info] Start layer /blocks.12/Slice_2
[2026-03-15 16:15:29.329] [info] Layer /blocks.12/Slice_2 finish at 1257202
[2026-03-15 16:15:29.329] [info] Total compute time 653
[2026-03-15 16:15:29.329] [info] executable layer count 68
[2026-03-15 16:15:29.329] [info] Start layer /blocks.12/Reshape
[2026-03-15 16:15:29.743] [info] Layer /blocks.12/Reshape finish at 1260222
[2026-03-15 16:15:29.743] [info] Total compute time 3020
[2026-03-15 16:15:29.743] [info] executable layer count 67
[2026-03-15 16:15:29.743] [info] Start layer /blocks.13/conv_proj/Gemm
[2026-03-15 16:15:29.968] [info] HBM2-CH_0: BW utilization 62% (4821 reads, 1214 writes)
[2026-03-15 16:15:29.999] [info] Tile  status Gemm, instructions left 49
[2026-03-15 16:15:29.999] [info] Tile  status Gemm, instructions left 49
[2026-03-15 16:15:29.999] [info] Core [0] Tile Stats | Issued: 350 Running: 2 Finished: 348
[2026-03-15 16:15:29.999] [info] cycle: [1264000]
[2026-03-15 16:15:29.999] [info] Tile  status Gemm, instructions left 49
[2026-03-15 16:15:29.999] [info] Tile  status Gemm, instructions left 49
[2026-03-15 16:15:29.999] [info] Core [1] Tile Stats | Issued: 351 Running: 2 Finished: 349
[2026-03-15 16:15:29.999] [info] cycle: [1264000]
[2026-03-15 16:15:29.999] [info] Tile  status Gemm, instructions left 49
[2026-03-15 16:15:29.999] [info] Tile  status Gemm, instructions left 49
[2026-03-15 16:15:29.999] [info] Core [2] Tile Stats | Issued: 350 Running: 2 Finished: 348
[2026-03-15 16:15:29.999] [info] cycle: [1264000]
[2026-03-15 16:15:29.999] [info] Tile  status Gemm, instructions left 49
[2026-03-15 16:15:29.999] [info] Tile  status Gemm, instructions left 49
[2026-03-15 16:15:29.999] [info] Core [3] Tile Stats | Issued: 351 Running: 2 Finished: 349
[2026-03-15 16:15:29.999] [info] cycle: [1264000]
[2026-03-15 16:15:30.509] [info] HBM2-CH_0: BW utilization 67% (4803 reads, 1632 writes)
[2026-03-15 16:15:30.540] [info] Tile  status Gemm, instructions left 49
[2026-03-15 16:15:30.540] [info] Tile  status Gemm, instructions left 49
[2026-03-15 16:15:30.540] [info] Core [0] Tile Stats | Issued: 350 Running: 2 Finished: 348
[2026-03-15 16:15:30.540] [info] cycle: [1272000]
[2026-03-15 16:15:30.540] [info] Tile  status Gemm, instructions left 49
[2026-03-15 16:15:30.540] [info] Tile  status Gemm, instructions left 49
[2026-03-15 16:15:30.540] [info] Core [1] Tile Stats | Issued: 351 Running: 2 Finished: 349
[2026-03-15 16:15:30.540] [info] cycle: [1272000]
[2026-03-15 16:15:30.540] [info] Tile  status Gemm, instructions left 49
[2026-03-15 16:15:30.540] [info] Tile  status Gemm, instructions left 49
[2026-03-15 16:15:30.540] [info] Core [2] Tile Stats | Issued: 350 Running: 2 Finished: 348
[2026-03-15 16:15:30.540] [info] cycle: [1272000]
[2026-03-15 16:15:30.540] [info] Tile  status Gemm, instructions left 49
[2026-03-15 16:15:30.540] [info] Tile  status Gemm, instructions left 49
[2026-03-15 16:15:30.540] [info] Core [3] Tile Stats | Issued: 351 Running: 2 Finished: 349
[2026-03-15 16:15:30.540] [info] cycle: [1272000]
[2026-03-15 16:15:31.151] [info] HBM2-CH_0: BW utilization 77% (7396 reads, 0 writes)
[2026-03-15 16:15:31.189] [info] Tile  status Gemm, instructions left 1
[2026-03-15 16:15:31.189] [info] Tile  status Gemm, instructions left 49
[2026-03-15 16:15:31.189] [info] Core [0] Tile Stats | Issued: 350 Running: 2 Finished: 348
[2026-03-15 16:15:31.189] [info] cycle: [1280000]
[2026-03-15 16:15:31.189] [info] Tile  status Gemm, instructions left 49
[2026-03-15 16:15:31.189] [info] Tile  status Gemm, instructions left 49
[2026-03-15 16:15:31.189] [info] Core [1] Tile Stats | Issued: 351 Running: 2 Finished: 349
[2026-03-15 16:15:31.189] [info] cycle: [1280000]
[2026-03-15 16:15:31.189] [info] Tile  status Gemm, instructions left 1
[2026-03-15 16:15:31.189] [info] Tile  status Gemm, instructions left 49
[2026-03-15 16:15:31.189] [info] Core [2] Tile Stats | Issued: 350 Running: 2 Finished: 348
[2026-03-15 16:15:31.189] [info] cycle: [1280000]
[2026-03-15 16:15:31.189] [info] Tile  status Gemm, instructions left 1
[2026-03-15 16:15:31.189] [info] Tile  status Gemm, instructions left 49
[2026-03-15 16:15:31.189] [info] Core [3] Tile Stats | Issued: 351 Running: 2 Finished: 349
[2026-03-15 16:15:31.189] [info] cycle: [1280000]
[2026-03-15 16:15:31.788] [info] HBM2-CH_0: BW utilization 66% (6388 reads, 0 writes)
[2026-03-15 16:15:31.827] [info] Tile  status Gemm, instructions left 49
[2026-03-15 16:15:31.827] [info] Tile  status Gemm, instructions left 49
[2026-03-15 16:15:31.827] [info] Core [0] Tile Stats | Issued: 351 Running: 2 Finished: 349
[2026-03-15 16:15:31.827] [info] cycle: [1288000]
[2026-03-15 16:15:31.827] [info] Tile  status Gemm, instructions left 49
[2026-03-15 16:15:31.827] [info] Tile  status Gemm, instructions left 49
[2026-03-15 16:15:31.827] [info] Core [1] Tile Stats | Issued: 351 Running: 2 Finished: 349
[2026-03-15 16:15:31.827] [info] cycle: [1288000]
[2026-03-15 16:15:31.827] [info] Tile  status Gemm, instructions left 49
[2026-03-15 16:15:31.827] [info] Tile  status Gemm, instructions left 49
[2026-03-15 16:15:31.827] [info] Core [2] Tile Stats | Issued: 351 Running: 2 Finished: 349
[2026-03-15 16:15:31.827] [info] cycle: [1288000]
[2026-03-15 16:15:31.827] [info] Tile  status Gemm, instructions left 49
[2026-03-15 16:15:31.827] [info] Tile  status Gemm, instructions left 49
[2026-03-15 16:15:31.827] [info] Core [3] Tile Stats | Issued: 352 Running: 2 Finished: 350
[2026-03-15 16:15:31.827] [info] cycle: [1288000]
[2026-03-15 16:15:32.400] [info] HBM2-CH_0: BW utilization 70% (6698 reads, 40 writes)
[2026-03-15 16:15:32.442] [info] Tile  status Gemm, instructions left 1
[2026-03-15 16:15:32.442] [info] Tile  status Gemm, instructions left 49
[2026-03-15 16:15:32.442] [info] Core [0] Tile Stats | Issued: 351 Running: 2 Finished: 349
[2026-03-15 16:15:32.442] [info] cycle: [1296000]
[2026-03-15 16:15:32.442] [info] Tile  status Gemm, instructions left 49
[2026-03-15 16:15:32.442] [info] Tile  status Gemm, instructions left 49
[2026-03-15 16:15:32.442] [info] Core [1] Tile Stats | Issued: 352 Running: 2 Finished: 350
[2026-03-15 16:15:32.442] [info] cycle: [1296000]
[2026-03-15 16:15:32.442] [info] Tile  status Gemm, instructions left 1
[2026-03-15 16:15:32.442] [info] Tile  status Gemm, instructions left 49
[2026-03-15 16:15:32.442] [info] Core [2] Tile Stats | Issued: 351 Running: 2 Finished: 349
[2026-03-15 16:15:32.442] [info] cycle: [1296000]
[2026-03-15 16:15:32.442] [info] Tile  status Gemm, instructions left 1
[2026-03-15 16:15:32.442] [info] Tile  status Gemm, instructions left 49
[2026-03-15 16:15:32.442] [info] Core [3] Tile Stats | Issued: 352 Running: 2 Finished: 350
[2026-03-15 16:15:32.442] [info] cycle: [1296000]
[2026-03-15 16:15:33.185] [info] HBM2-CH_0: BW utilization 66% (6369 reads, 0 writes)
[2026-03-15 16:15:33.260] [info] Tile  status Gemm, instructions left 49
[2026-03-15 16:15:33.260] [info] Core [0] Tile Stats | Issued: 351 Running: 1 Finished: 350
[2026-03-15 16:15:33.260] [info] cycle: [1304000]
[2026-03-15 16:15:33.260] [info] Tile  status Gemm, instructions left 49
[2026-03-15 16:15:33.260] [info] Tile  status Gemm, instructions left 49
[2026-03-15 16:15:33.260] [info] Core [1] Tile Stats | Issued: 352 Running: 2 Finished: 350
[2026-03-15 16:15:33.260] [info] cycle: [1304000]
[2026-03-15 16:15:33.260] [info] Tile  status Gemm, instructions left 49
[2026-03-15 16:15:33.260] [info] Core [2] Tile Stats | Issued: 351 Running: 1 Finished: 350
[2026-03-15 16:15:33.260] [info] cycle: [1304000]
[2026-03-15 16:15:33.260] [info] Tile  status Gemm, instructions left 49
[2026-03-15 16:15:33.260] [info] Core [3] Tile Stats | Issued: 352 Running: 1 Finished: 351
[2026-03-15 16:15:33.260] [info] cycle: [1304000]
[2026-03-15 16:15:34.349] [info] HBM2-CH_0: BW utilization 65% (6289 reads, 40 writes)
[2026-03-15 16:15:34.439] [info] Tile  status Gemm, instructions left 49
[2026-03-15 16:15:34.439] [info] Core [0] Tile Stats | Issued: 351 Running: 1 Finished: 350
[2026-03-15 16:15:34.439] [info] cycle: [1312000]
[2026-03-15 16:15:34.439] [info] Tile  status Gemm, instructions left 1
[2026-03-15 16:15:34.439] [info] Tile  status Gemm, instructions left 49
[2026-03-15 16:15:34.439] [info] Core [1] Tile Stats | Issued: 352 Running: 2 Finished: 350
[2026-03-15 16:15:34.439] [info] cycle: [1312000]
[2026-03-15 16:15:34.439] [info] Tile  status Gemm, instructions left 49
[2026-03-15 16:15:34.439] [info] Core [2] Tile Stats | Issued: 351 Running: 1 Finished: 350
[2026-03-15 16:15:34.439] [info] cycle: [1312000]
[2026-03-15 16:15:34.439] [info] Tile  status Gemm, instructions left 49
[2026-03-15 16:15:34.439] [info] Core [3] Tile Stats | Issued: 352 Running: 1 Finished: 351
[2026-03-15 16:15:34.439] [info] cycle: [1312000]
[2026-03-15 16:15:35.307] [info] HBM2-CH_0: BW utilization 41% (3897 reads, 61 writes)
[2026-03-15 16:15:35.343] [info] Tile  status Gemm, instructions left 1
[2026-03-15 16:15:35.343] [info] Core [0] Tile Stats | Issued: 351 Running: 1 Finished: 350
[2026-03-15 16:15:35.343] [info] cycle: [1320000]
[2026-03-15 16:15:35.343] [info] Tile  status Gemm, instructions left 1
[2026-03-15 16:15:35.343] [info] Core [1] Tile Stats | Issued: 352 Running: 1 Finished: 351
[2026-03-15 16:15:35.343] [info] cycle: [1320000]
[2026-03-15 16:15:35.343] [info] Tile  status Gemm, instructions left 1
[2026-03-15 16:15:35.343] [info] Core [2] Tile Stats | Issued: 351 Running: 1 Finished: 350
[2026-03-15 16:15:35.343] [info] cycle: [1320000]
[2026-03-15 16:15:35.343] [info] Tile  status Gemm, instructions left 1
[2026-03-15 16:15:35.343] [info] Core [3] Tile Stats | Issued: 352 Running: 1 Finished: 351
[2026-03-15 16:15:35.343] [info] cycle: [1320000]
[2026-03-15 16:15:35.543] [info] Layer /blocks.13/conv_proj/Gemm finish at 1322458
[2026-03-15 16:15:35.543] [info] Total compute time 62236
[2026-03-15 16:15:35.543] [info] executable layer count 67
[2026-03-15 16:15:35.543] [info] Start layer /blocks.13/Slice_2
[2026-03-15 16:15:35.614] [info] Layer /blocks.13/Slice_2 finish at 1323107
[2026-03-15 16:15:35.614] [info] Total compute time 649
[2026-03-15 16:15:35.614] [info] executable layer count 66
[2026-03-15 16:15:35.614] [info] Start layer /blocks.13/Reshape
[2026-03-15 16:15:36.024] [info] Layer /blocks.13/Reshape finish at 1326139
[2026-03-15 16:15:36.024] [info] Total compute time 3032
[2026-03-15 16:15:36.024] [info] executable layer count 65
[2026-03-15 16:15:36.024] [info] Start layer /blocks.14/conv_proj/Gemm
[2026-03-15 16:15:36.108] [info] HBM2-CH_0: BW utilization 47% (3657 reads, 855 writes)
[2026-03-15 16:15:36.142] [info] Tile  status Gemm, instructions left 49
[2026-03-15 16:15:36.143] [info] Tile  status Gemm, instructions left 49
[2026-03-15 16:15:36.143] [info] Core [0] Tile Stats | Issued: 354 Running: 2 Finished: 352
[2026-03-15 16:15:36.143] [info] cycle: [1328000]
[2026-03-15 16:15:36.143] [info] Tile  status Gemm, instructions left 49
[2026-03-15 16:15:36.143] [info] Tile  status Gemm, instructions left 49
[2026-03-15 16:15:36.143] [info] Core [1] Tile Stats | Issued: 354 Running: 2 Finished: 352
[2026-03-15 16:15:36.143] [info] cycle: [1328000]
[2026-03-15 16:15:36.143] [info] Tile  status Gemm, instructions left 49
[2026-03-15 16:15:36.143] [info] Tile  status Gemm, instructions left 49
[2026-03-15 16:15:36.143] [info] Core [2] Tile Stats | Issued: 354 Running: 2 Finished: 352
[2026-03-15 16:15:36.143] [info] cycle: [1328000]
[2026-03-15 16:15:36.143] [info] Tile  status Gemm, instructions left 49
[2026-03-15 16:15:36.143] [info] Tile  status Gemm, instructions left 49
[2026-03-15 16:15:36.143] [info] Core [3] Tile Stats | Issued: 354 Running: 2 Finished: 352
[2026-03-15 16:15:36.143] [info] cycle: [1328000]
[2026-03-15 16:15:36.626] [info] HBM2-CH_0: BW utilization 68% (4896 reads, 1632 writes)
[2026-03-15 16:15:36.658] [info] Tile  status Gemm, instructions left 49
[2026-03-15 16:15:36.658] [info] Tile  status Gemm, instructions left 49
[2026-03-15 16:15:36.658] [info] Core [0] Tile Stats | Issued: 354 Running: 2 Finished: 352
[2026-03-15 16:15:36.658] [info] cycle: [1336000]
[2026-03-15 16:15:36.658] [info] Tile  status Gemm, instructions left 49
[2026-03-15 16:15:36.658] [info] Tile  status Gemm, instructions left 49
[2026-03-15 16:15:36.658] [info] Core [1] Tile Stats | Issued: 354 Running: 2 Finished: 352
[2026-03-15 16:15:36.658] [info] cycle: [1336000]
[2026-03-15 16:15:36.658] [info] Tile  status Gemm, instructions left 49
[2026-03-15 16:15:36.658] [info] Tile  status Gemm, instructions left 49
[2026-03-15 16:15:36.658] [info] Core [2] Tile Stats | Issued: 354 Running: 2 Finished: 352
[2026-03-15 16:15:36.658] [info] cycle: [1336000]
[2026-03-15 16:15:36.658] [info] Tile  status Gemm, instructions left 49
[2026-03-15 16:15:36.658] [info] Tile  status Gemm, instructions left 49
[2026-03-15 16:15:36.658] [info] Core [3] Tile Stats | Issued: 354 Running: 2 Finished: 352
[2026-03-15 16:15:36.658] [info] cycle: [1336000]
[2026-03-15 16:15:37.187] [info] HBM2-CH_0: BW utilization 77% (7056 reads, 428 writes)
[2026-03-15 16:15:37.226] [info] Tile  status Gemm, instructions left 49
[2026-03-15 16:15:37.226] [info] Tile  status Gemm, instructions left 49
[2026-03-15 16:15:37.226] [info] Core [0] Tile Stats | Issued: 354 Running: 2 Finished: 352
[2026-03-15 16:15:37.226] [info] cycle: [1344000]
[2026-03-15 16:15:37.226] [info] Tile  status Gemm, instructions left 49
[2026-03-15 16:15:37.226] [info] Tile  status Gemm, instructions left 49
[2026-03-15 16:15:37.226] [info] Core [1] Tile Stats | Issued: 354 Running: 2 Finished: 352
[2026-03-15 16:15:37.226] [info] cycle: [1344000]
[2026-03-15 16:15:37.226] [info] Tile  status Gemm, instructions left 49
[2026-03-15 16:15:37.226] [info] Tile  status Gemm, instructions left 49
[2026-03-15 16:15:37.226] [info] Core [2] Tile Stats | Issued: 354 Running: 2 Finished: 352
[2026-03-15 16:15:37.226] [info] cycle: [1344000]
[2026-03-15 16:15:37.226] [info] Tile  status Gemm, instructions left 49
[2026-03-15 16:15:37.226] [info] Tile  status Gemm, instructions left 49
[2026-03-15 16:15:37.226] [info] Core [3] Tile Stats | Issued: 354 Running: 2 Finished: 352
[2026-03-15 16:15:37.226] [info] cycle: [1344000]
[2026-03-15 16:15:37.842] [info] HBM2-CH_0: BW utilization 70% (6770 reads, 0 writes)
[2026-03-15 16:15:37.883] [info] Tile  status Gemm, instructions left 49
[2026-03-15 16:15:37.883] [info] Tile  status Gemm, instructions left 49
[2026-03-15 16:15:37.883] [info] Core [0] Tile Stats | Issued: 355 Running: 2 Finished: 353
[2026-03-15 16:15:37.883] [info] cycle: [1352000]
[2026-03-15 16:15:37.883] [info] Tile  status Gemm, instructions left 49
[2026-03-15 16:15:37.883] [info] Tile  status Gemm, instructions left 49
[2026-03-15 16:15:37.883] [info] Core [1] Tile Stats | Issued: 355 Running: 2 Finished: 353
[2026-03-15 16:15:37.883] [info] cycle: [1352000]
[2026-03-15 16:15:37.883] [info] Tile  status Gemm, instructions left 49
[2026-03-15 16:15:37.883] [info] Tile  status Gemm, instructions left 49
[2026-03-15 16:15:37.883] [info] Core [2] Tile Stats | Issued: 354 Running: 2 Finished: 352
[2026-03-15 16:15:37.883] [info] cycle: [1352000]
[2026-03-15 16:15:37.883] [info] Tile  status Gemm, instructions left 49
[2026-03-15 16:15:37.883] [info] Tile  status Gemm, instructions left 49
[2026-03-15 16:15:37.883] [info] Core [3] Tile Stats | Issued: 355 Running: 2 Finished: 353
[2026-03-15 16:15:37.883] [info] cycle: [1352000]
[2026-03-15 16:15:38.459] [info] HBM2-CH_0: BW utilization 77% (7463 reads, 0 writes)
[2026-03-15 16:15:38.500] [info] Tile  status Gemm, instructions left 49
[2026-03-15 16:15:38.500] [info] Tile  status Gemm, instructions left 49
[2026-03-15 16:15:38.500] [info] Core [0] Tile Stats | Issued: 355 Running: 2 Finished: 353
[2026-03-15 16:15:38.500] [info] cycle: [1360000]
[2026-03-15 16:15:38.500] [info] Tile  status Gemm, instructions left 49
[2026-03-15 16:15:38.500] [info] Tile  status Gemm, instructions left 49
[2026-03-15 16:15:38.500] [info] Core [1] Tile Stats | Issued: 355 Running: 2 Finished: 353
[2026-03-15 16:15:38.500] [info] cycle: [1360000]
[2026-03-15 16:15:38.500] [info] Tile  status Gemm, instructions left 1
[2026-03-15 16:15:38.500] [info] Tile  status Gemm, instructions left 49
[2026-03-15 16:15:38.500] [info] Core [2] Tile Stats | Issued: 354 Running: 2 Finished: 352
[2026-03-15 16:15:38.500] [info] cycle: [1360000]
[2026-03-15 16:15:38.500] [info] Tile  status Gemm, instructions left 49
[2026-03-15 16:15:38.500] [info] Tile  status Gemm, instructions left 49
[2026-03-15 16:15:38.500] [info] Core [3] Tile Stats | Issued: 355 Running: 2 Finished: 353
[2026-03-15 16:15:38.500] [info] cycle: [1360000]
[2026-03-15 16:15:39.126] [info] HBM2-CH_0: BW utilization 66% (6354 reads, 0 writes)
[2026-03-15 16:15:39.207] [info] Tile  status Gemm, instructions left 49
[2026-03-15 16:15:39.207] [info] Core [0] Tile Stats | Issued: 355 Running: 1 Finished: 354
[2026-03-15 16:15:39.207] [info] cycle: [1368000]
[2026-03-15 16:15:39.207] [info] Tile  status Gemm, instructions left 49
[2026-03-15 16:15:39.207] [info] Core [1] Tile Stats | Issued: 355 Running: 1 Finished: 354
[2026-03-15 16:15:39.207] [info] cycle: [1368000]
[2026-03-15 16:15:39.207] [info] Tile  status Gemm, instructions left 49
[2026-03-15 16:15:39.207] [info] Tile  status Gemm, instructions left 49
[2026-03-15 16:15:39.207] [info] Core [2] Tile Stats | Issued: 355 Running: 2 Finished: 353
[2026-03-15 16:15:39.207] [info] cycle: [1368000]
[2026-03-15 16:15:39.207] [info] Tile  status Gemm, instructions left 49
[2026-03-15 16:15:39.207] [info] Core [3] Tile Stats | Issued: 355 Running: 1 Finished: 354
[2026-03-15 16:15:39.207] [info] cycle: [1368000]
[2026-03-15 16:15:40.281] [info] HBM2-CH_0: BW utilization 67% (6473 reads, 40 writes)
[2026-03-15 16:15:40.374] [info] Tile  status Gemm, instructions left 49
[2026-03-15 16:15:40.374] [info] Core [0] Tile Stats | Issued: 355 Running: 1 Finished: 354
[2026-03-15 16:15:40.375] [info] cycle: [1376000]
[2026-03-15 16:15:40.375] [info] Tile  status Gemm, instructions left 49
[2026-03-15 16:15:40.375] [info] Core [1] Tile Stats | Issued: 355 Running: 1 Finished: 354
[2026-03-15 16:15:40.375] [info] cycle: [1376000]
[2026-03-15 16:15:40.375] [info] Tile  status Gemm, instructions left 1
[2026-03-15 16:15:40.375] [info] Tile  status Gemm, instructions left 49
[2026-03-15 16:15:40.375] [info] Core [2] Tile Stats | Issued: 355 Running: 2 Finished: 353
[2026-03-15 16:15:40.375] [info] cycle: [1376000]
[2026-03-15 16:15:40.375] [info] Tile  status Gemm, instructions left 49
[2026-03-15 16:15:40.375] [info] Core [3] Tile Stats | Issued: 355 Running: 1 Finished: 354
[2026-03-15 16:15:40.375] [info] cycle: [1376000]
[2026-03-15 16:15:41.198] [info] HBM2-CH_0: BW utilization 42% (3994 reads, 71 writes)
[2026-03-15 16:15:41.235] [info] Tile  status Gemm, instructions left 1
[2026-03-15 16:15:41.235] [info] Core [0] Tile Stats | Issued: 355 Running: 1 Finished: 354
[2026-03-15 16:15:41.235] [info] cycle: [1384000]
[2026-03-15 16:15:41.235] [info] Tile  status Gemm, instructions left 1
[2026-03-15 16:15:41.235] [info] Core [1] Tile Stats | Issued: 355 Running: 1 Finished: 354
[2026-03-15 16:15:41.235] [info] cycle: [1384000]
[2026-03-15 16:15:41.235] [info] Tile  status Gemm, instructions left 1
[2026-03-15 16:15:41.235] [info] Core [2] Tile Stats | Issued: 355 Running: 1 Finished: 354
[2026-03-15 16:15:41.235] [info] cycle: [1384000]
[2026-03-15 16:15:41.235] [info] Tile  status Gemm, instructions left 1
[2026-03-15 16:15:41.235] [info] Core [3] Tile Stats | Issued: 355 Running: 1 Finished: 354
[2026-03-15 16:15:41.235] [info] cycle: [1384000]
[2026-03-15 16:15:41.443] [info] Layer /blocks.14/conv_proj/Gemm finish at 1386851
[2026-03-15 16:15:41.443] [info] Total compute time 60712
[2026-03-15 16:15:41.443] [info] executable layer count 65
[2026-03-15 16:15:41.443] [info] Start layer /blocks.14/Slice_2
[2026-03-15 16:15:41.514] [info] Layer /blocks.14/Slice_2 finish at 1387501
[2026-03-15 16:15:41.514] [info] Total compute time 650
[2026-03-15 16:15:41.514] [info] executable layer count 64
[2026-03-15 16:15:41.514] [info] Start layer /blocks.14/Reshape
[2026-03-15 16:15:41.978] [info] Layer /blocks.14/Reshape finish at 1390513
[2026-03-15 16:15:41.978] [info] Total compute time 3012
[2026-03-15 16:15:41.978] [info] executable layer count 63
[2026-03-15 16:15:41.979] [info] Start layer /blocks.15/conv_proj/Gemm
[2026-03-15 16:15:42.037] [info] HBM2-CH_0: BW utilization 43% (3410 reads, 772 writes)
[2026-03-15 16:15:42.071] [info] Tile  status Gemm, instructions left 49
[2026-03-15 16:15:42.071] [info] Tile  status Gemm, instructions left 49
[2026-03-15 16:15:42.071] [info] Core [0] Tile Stats | Issued: 357 Running: 2 Finished: 355
[2026-03-15 16:15:42.071] [info] cycle: [1392000]
[2026-03-15 16:15:42.071] [info] Tile  status Gemm, instructions left 49
[2026-03-15 16:15:42.071] [info] Tile  status Gemm, instructions left 49
[2026-03-15 16:15:42.071] [info] Core [1] Tile Stats | Issued: 358 Running: 2 Finished: 356
[2026-03-15 16:15:42.071] [info] cycle: [1392000]
[2026-03-15 16:15:42.071] [info] Tile  status Gemm, instructions left 49
[2026-03-15 16:15:42.071] [info] Tile  status Gemm, instructions left 49
[2026-03-15 16:15:42.071] [info] Core [2] Tile Stats | Issued: 357 Running: 2 Finished: 355
[2026-03-15 16:15:42.071] [info] cycle: [1392000]
[2026-03-15 16:15:42.071] [info] Tile  status Gemm, instructions left 49
[2026-03-15 16:15:42.071] [info] Tile  status Gemm, instructions left 49
[2026-03-15 16:15:42.071] [info] Core [3] Tile Stats | Issued: 358 Running: 2 Finished: 356
[2026-03-15 16:15:42.071] [info] cycle: [1392000]
[2026-03-15 16:15:42.550] [info] HBM2-CH_0: BW utilization 66% (4779 reads, 1632 writes)
[2026-03-15 16:15:42.582] [info] Tile  status Gemm, instructions left 49
[2026-03-15 16:15:42.582] [info] Tile  status Gemm, instructions left 49
[2026-03-15 16:15:42.582] [info] Core [0] Tile Stats | Issued: 357 Running: 2 Finished: 355
[2026-03-15 16:15:42.582] [info] cycle: [1400000]
[2026-03-15 16:15:42.582] [info] Tile  status Gemm, instructions left 49
[2026-03-15 16:15:42.582] [info] Tile  status Gemm, instructions left 49
[2026-03-15 16:15:42.582] [info] Core [1] Tile Stats | Issued: 358 Running: 2 Finished: 356
[2026-03-15 16:15:42.582] [info] cycle: [1400000]
[2026-03-15 16:15:42.582] [info] Tile  status Gemm, instructions left 49
[2026-03-15 16:15:42.582] [info] Tile  status Gemm, instructions left 49
[2026-03-15 16:15:42.582] [info] Core [2] Tile Stats | Issued: 357 Running: 2 Finished: 355
[2026-03-15 16:15:42.582] [info] cycle: [1400000]
[2026-03-15 16:15:42.582] [info] Tile  status Gemm, instructions left 49
[2026-03-15 16:15:42.582] [info] Tile  status Gemm, instructions left 49
[2026-03-15 16:15:42.582] [info] Core [3] Tile Stats | Issued: 358 Running: 2 Finished: 356
[2026-03-15 16:15:42.582] [info] cycle: [1400000]
[2026-03-15 16:15:43.113] [info] HBM2-CH_0: BW utilization 77% (6954 reads, 480 writes)
[2026-03-15 16:15:43.151] [info] Tile  status Gemm, instructions left 49
[2026-03-15 16:15:43.151] [info] Tile  status Gemm, instructions left 49
[2026-03-15 16:15:43.151] [info] Core [0] Tile Stats | Issued: 357 Running: 2 Finished: 355
[2026-03-15 16:15:43.151] [info] cycle: [1408000]
[2026-03-15 16:15:43.151] [info] Tile  status Gemm, instructions left 49
[2026-03-15 16:15:43.151] [info] Tile  status Gemm, instructions left 49
[2026-03-15 16:15:43.151] [info] Core [1] Tile Stats | Issued: 358 Running: 2 Finished: 356
[2026-03-15 16:15:43.151] [info] cycle: [1408000]
[2026-03-15 16:15:43.151] [info] Tile  status Gemm, instructions left 49
[2026-03-15 16:15:43.151] [info] Tile  status Gemm, instructions left 49
[2026-03-15 16:15:43.151] [info] Core [2] Tile Stats | Issued: 357 Running: 2 Finished: 355
[2026-03-15 16:15:43.151] [info] cycle: [1408000]
[2026-03-15 16:15:43.151] [info] Tile  status Gemm, instructions left 49
[2026-03-15 16:15:43.151] [info] Tile  status Gemm, instructions left 49
[2026-03-15 16:15:43.151] [info] Core [3] Tile Stats | Issued: 358 Running: 2 Finished: 356
[2026-03-15 16:15:43.151] [info] cycle: [1408000]
[2026-03-15 16:15:43.699] [info] HBM2-CH_0: BW utilization 72% (6963 reads, 0 writes)
[2026-03-15 16:15:43.743] [info] Tile  status Gemm, instructions left 49
[2026-03-15 16:15:43.743] [info] Tile  status Gemm, instructions left 49
[2026-03-15 16:15:43.743] [info] Core [0] Tile Stats | Issued: 358 Running: 2 Finished: 356
[2026-03-15 16:15:43.743] [info] cycle: [1416000]
[2026-03-15 16:15:43.743] [info] Tile  status Gemm, instructions left 49
[2026-03-15 16:15:43.743] [info] Tile  status Gemm, instructions left 49
[2026-03-15 16:15:43.743] [info] Core [1] Tile Stats | Issued: 358 Running: 2 Finished: 356
[2026-03-15 16:15:43.743] [info] cycle: [1416000]
[2026-03-15 16:15:43.743] [info] Tile  status Gemm, instructions left 49
[2026-03-15 16:15:43.743] [info] Tile  status Gemm, instructions left 49
[2026-03-15 16:15:43.743] [info] Core [2] Tile Stats | Issued: 358 Running: 2 Finished: 356
[2026-03-15 16:15:43.743] [info] cycle: [1416000]
[2026-03-15 16:15:43.743] [info] Tile  status Gemm, instructions left 49
[2026-03-15 16:15:43.743] [info] Tile  status Gemm, instructions left 49
[2026-03-15 16:15:43.743] [info] Core [3] Tile Stats | Issued: 359 Running: 2 Finished: 357
[2026-03-15 16:15:43.743] [info] cycle: [1416000]
[2026-03-15 16:15:44.297] [info] HBM2-CH_0: BW utilization 77% (7436 reads, 0 writes)
[2026-03-15 16:15:44.339] [info] Tile  status Gemm, instructions left 49
[2026-03-15 16:15:44.339] [info] Tile  status Gemm, instructions left 49
[2026-03-15 16:15:44.339] [info] Core [0] Tile Stats | Issued: 358 Running: 2 Finished: 356
[2026-03-15 16:15:44.339] [info] cycle: [1424000]
[2026-03-15 16:15:44.339] [info] Tile  status Gemm, instructions left 1
[2026-03-15 16:15:44.339] [info] Tile  status Gemm, instructions left 49
[2026-03-15 16:15:44.339] [info] Core [1] Tile Stats | Issued: 358 Running: 2 Finished: 356
[2026-03-15 16:15:44.339] [info] cycle: [1424000]
[2026-03-15 16:15:44.339] [info] Tile  status Gemm, instructions left 49
[2026-03-15 16:15:44.339] [info] Tile  status Gemm, instructions left 49
[2026-03-15 16:15:44.339] [info] Core [2] Tile Stats | Issued: 358 Running: 2 Finished: 356
[2026-03-15 16:15:44.339] [info] cycle: [1424000]
[2026-03-15 16:15:44.339] [info] Tile  status Gemm, instructions left 49
[2026-03-15 16:15:44.339] [info] Tile  status Gemm, instructions left 49
[2026-03-15 16:15:44.339] [info] Core [3] Tile Stats | Issued: 359 Running: 2 Finished: 357
[2026-03-15 16:15:44.339] [info] cycle: [1424000]
[2026-03-15 16:15:44.932] [info] HBM2-CH_0: BW utilization 67% (6473 reads, 42 writes)
[2026-03-15 16:15:45.011] [info] Tile  status Gemm, instructions left 49
[2026-03-15 16:15:45.011] [info] Core [0] Tile Stats | Issued: 358 Running: 1 Finished: 357
[2026-03-15 16:15:45.011] [info] cycle: [1432000]
[2026-03-15 16:15:45.011] [info] Tile  status Gemm, instructions left 49
[2026-03-15 16:15:45.011] [info] Tile  status Gemm, instructions left 49
[2026-03-15 16:15:45.011] [info] Core [1] Tile Stats | Issued: 359 Running: 2 Finished: 357
[2026-03-15 16:15:45.011] [info] cycle: [1432000]
[2026-03-15 16:15:45.011] [info] Tile  status Gemm, instructions left 49
[2026-03-15 16:15:45.011] [info] Core [2] Tile Stats | Issued: 358 Running: 1 Finished: 357
[2026-03-15 16:15:45.011] [info] cycle: [1432000]
[2026-03-15 16:15:45.011] [info] Tile  status Gemm, instructions left 49
[2026-03-15 16:15:45.011] [info] Core [3] Tile Stats | Issued: 359 Running: 1 Finished: 358
[2026-03-15 16:15:45.011] [info] cycle: [1432000]
[2026-03-15 16:15:46.105] [info] HBM2-CH_0: BW utilization 68% (6614 reads, 0 writes)
[2026-03-15 16:15:46.212] [info] Tile  status Gemm, instructions left 49
[2026-03-15 16:15:46.212] [info] Core [0] Tile Stats | Issued: 358 Running: 1 Finished: 357
[2026-03-15 16:15:46.212] [info] cycle: [1440000]
[2026-03-15 16:15:46.212] [info] Tile  status Gemm, instructions left 1
[2026-03-15 16:15:46.212] [info] Tile  status Gemm, instructions left 49
[2026-03-15 16:15:46.212] [info] Core [1] Tile Stats | Issued: 359 Running: 2 Finished: 357
[2026-03-15 16:15:46.212] [info] cycle: [1440000]
[2026-03-15 16:15:46.212] [info] Tile  status Gemm, instructions left 49
[2026-03-15 16:15:46.213] [info] Core [2] Tile Stats | Issued: 358 Running: 1 Finished: 357
[2026-03-15 16:15:46.213] [info] cycle: [1440000]
[2026-03-15 16:15:46.213] [info] Tile  status Gemm, instructions left 49
[2026-03-15 16:15:46.213] [info] Core [3] Tile Stats | Issued: 359 Running: 1 Finished: 358
[2026-03-15 16:15:46.213] [info] cycle: [1440000]
[2026-03-15 16:15:46.975] [info] HBM2-CH_0: BW utilization 42% (4022 reads, 96 writes)
[2026-03-15 16:15:47.012] [info] Tile  status Gemm, instructions left 1
[2026-03-15 16:15:47.013] [info] Core [0] Tile Stats | Issued: 358 Running: 1 Finished: 357
[2026-03-15 16:15:47.013] [info] cycle: [1448000]
[2026-03-15 16:15:47.013] [info] Tile  status Gemm, instructions left 1
[2026-03-15 16:15:47.013] [info] Core [1] Tile Stats | Issued: 359 Running: 1 Finished: 358
[2026-03-15 16:15:47.013] [info] cycle: [1448000]
[2026-03-15 16:15:47.013] [info] Tile  status Gemm, instructions left 1
[2026-03-15 16:15:47.013] [info] Core [2] Tile Stats | Issued: 358 Running: 1 Finished: 357
[2026-03-15 16:15:47.013] [info] cycle: [1448000]
[2026-03-15 16:15:47.013] [info] Tile  status Gemm, instructions left 1
[2026-03-15 16:15:47.013] [info] Core [3] Tile Stats | Issued: 359 Running: 1 Finished: 358
[2026-03-15 16:15:47.013] [info] cycle: [1448000]
[2026-03-15 16:15:47.288] [info] Layer /blocks.15/conv_proj/Gemm finish at 1450948
[2026-03-15 16:15:47.288] [info] Total compute time 60435
[2026-03-15 16:15:47.288] [info] executable layer count 63
[2026-03-15 16:15:47.288] [info] Start layer /blocks.15/Slice_2
[2026-03-15 16:15:47.358] [info] Layer /blocks.15/Slice_2 finish at 1451597
[2026-03-15 16:15:47.358] [info] Total compute time 649
[2026-03-15 16:15:47.358] [info] executable layer count 62
[2026-03-15 16:15:47.358] [info] Start layer /blocks.15/Reshape
[2026-03-15 16:15:47.770] [info] Layer /blocks.15/Reshape finish at 1454635
[2026-03-15 16:15:47.770] [info] Total compute time 3038
[2026-03-15 16:15:47.770] [info] executable layer count 61
[2026-03-15 16:15:47.770] [info] Start layer /blocks.17/conv_proj/Gemm
[2026-03-15 16:15:47.821] [info] HBM2-CH_0: BW utilization 42% (3284 reads, 760 writes)
[2026-03-15 16:15:47.858] [info] Tile  status Gemm, instructions left 49
[2026-03-15 16:15:47.858] [info] Tile  status Gemm, instructions left 49
[2026-03-15 16:15:47.858] [info] Core [0] Tile Stats | Issued: 361 Running: 2 Finished: 359
[2026-03-15 16:15:47.858] [info] cycle: [1456000]
[2026-03-15 16:15:47.858] [info] Tile  status Gemm, instructions left 49
[2026-03-15 16:15:47.858] [info] Tile  status Gemm, instructions left 49
[2026-03-15 16:15:47.858] [info] Core [1] Tile Stats | Issued: 361 Running: 2 Finished: 359
[2026-03-15 16:15:47.858] [info] cycle: [1456000]
[2026-03-15 16:15:47.858] [info] Tile  status Gemm, instructions left 49
[2026-03-15 16:15:47.858] [info] Tile  status Gemm, instructions left 49
[2026-03-15 16:15:47.858] [info] Core [2] Tile Stats | Issued: 361 Running: 2 Finished: 359
[2026-03-15 16:15:47.858] [info] cycle: [1456000]
[2026-03-15 16:15:47.858] [info] Tile  status Gemm, instructions left 49
[2026-03-15 16:15:47.858] [info] Tile  status Gemm, instructions left 49
[2026-03-15 16:15:47.858] [info] Core [3] Tile Stats | Issued: 361 Running: 2 Finished: 359
[2026-03-15 16:15:47.858] [info] cycle: [1456000]
[2026-03-15 16:15:48.346] [info] HBM2-CH_0: BW utilization 64% (4669 reads, 1536 writes)
[2026-03-15 16:15:48.381] [info] Tile  status Gemm, instructions left 49
[2026-03-15 16:15:48.381] [info] Tile  status Gemm, instructions left 49
[2026-03-15 16:15:48.381] [info] Core [0] Tile Stats | Issued: 361 Running: 2 Finished: 359
[2026-03-15 16:15:48.381] [info] cycle: [1464000]
[2026-03-15 16:15:48.381] [info] Tile  status Gemm, instructions left 49
[2026-03-15 16:15:48.381] [info] Tile  status Gemm, instructions left 49
[2026-03-15 16:15:48.381] [info] Core [1] Tile Stats | Issued: 361 Running: 2 Finished: 359
[2026-03-15 16:15:48.381] [info] cycle: [1464000]
[2026-03-15 16:15:48.381] [info] Tile  status Gemm, instructions left 49
[2026-03-15 16:15:48.381] [info] Tile  status Gemm, instructions left 49
[2026-03-15 16:15:48.381] [info] Core [2] Tile Stats | Issued: 361 Running: 2 Finished: 359
[2026-03-15 16:15:48.381] [info] cycle: [1464000]
[2026-03-15 16:15:48.381] [info] Tile  status Gemm, instructions left 49
[2026-03-15 16:15:48.381] [info] Tile  status Gemm, instructions left 49
[2026-03-15 16:15:48.381] [info] Core [3] Tile Stats | Issued: 361 Running: 2 Finished: 359
[2026-03-15 16:15:48.381] [info] cycle: [1464000]
[2026-03-15 16:15:48.924] [info] HBM2-CH_0: BW utilization 74% (6507 reads, 619 writes)
[2026-03-15 16:15:48.968] [info] Tile  status Gemm, instructions left 49
[2026-03-15 16:15:48.968] [info] Tile  status Gemm, instructions left 49
[2026-03-15 16:15:48.968] [info] Core [0] Tile Stats | Issued: 361 Running: 2 Finished: 359
[2026-03-15 16:15:48.968] [info] cycle: [1472000]
[2026-03-15 16:15:48.968] [info] Tile  status Gemm, instructions left 49
[2026-03-15 16:15:48.968] [info] Tile  status Gemm, instructions left 49
[2026-03-15 16:15:48.968] [info] Core [1] Tile Stats | Issued: 361 Running: 2 Finished: 359
[2026-03-15 16:15:48.968] [info] cycle: [1472000]
[2026-03-15 16:15:48.968] [info] Tile  status Gemm, instructions left 49
[2026-03-15 16:15:48.968] [info] Tile  status Gemm, instructions left 49
[2026-03-15 16:15:48.968] [info] Core [2] Tile Stats | Issued: 361 Running: 2 Finished: 359
[2026-03-15 16:15:48.968] [info] cycle: [1472000]
[2026-03-15 16:15:48.968] [info] Tile  status Gemm, instructions left 49
[2026-03-15 16:15:48.968] [info] Tile  status Gemm, instructions left 49
[2026-03-15 16:15:48.968] [info] Core [3] Tile Stats | Issued: 361 Running: 2 Finished: 359
[2026-03-15 16:15:48.968] [info] cycle: [1472000]
[2026-03-15 16:15:49.564] [info] HBM2-CH_0: BW utilization 76% (7359 reads, 0 writes)
[2026-03-15 16:15:49.609] [info] Tile  status Gemm, instructions left 49
[2026-03-15 16:15:49.609] [info] Tile  status Gemm, instructions left 49
[2026-03-15 16:15:49.609] [info] Core [0] Tile Stats | Issued: 362 Running: 2 Finished: 360
[2026-03-15 16:15:49.609] [info] cycle: [1480000]
[2026-03-15 16:15:49.609] [info] Tile  status Gemm, instructions left 49
[2026-03-15 16:15:49.609] [info] Tile  status Gemm, instructions left 49
[2026-03-15 16:15:49.609] [info] Core [1] Tile Stats | Issued: 362 Running: 2 Finished: 360
[2026-03-15 16:15:49.609] [info] cycle: [1480000]
[2026-03-15 16:15:49.609] [info] Tile  status Gemm, instructions left 49
[2026-03-15 16:15:49.609] [info] Tile  status Gemm, instructions left 49
[2026-03-15 16:15:49.609] [info] Core [2] Tile Stats | Issued: 361 Running: 2 Finished: 359
[2026-03-15 16:15:49.609] [info] cycle: [1480000]
[2026-03-15 16:15:49.609] [info] Tile  status Gemm, instructions left 49
[2026-03-15 16:15:49.609] [info] Tile  status Gemm, instructions left 49
[2026-03-15 16:15:49.609] [info] Core [3] Tile Stats | Issued: 362 Running: 2 Finished: 360
[2026-03-15 16:15:49.609] [info] cycle: [1480000]
[2026-03-15 16:15:50.173] [info] HBM2-CH_0: BW utilization 77% (7461 reads, 0 writes)
[2026-03-15 16:15:50.216] [info] Tile  status Gemm, instructions left 49
[2026-03-15 16:15:50.216] [info] Tile  status Gemm, instructions left 49
[2026-03-15 16:15:50.216] [info] Core [0] Tile Stats | Issued: 362 Running: 2 Finished: 360
[2026-03-15 16:15:50.216] [info] cycle: [1488000]
[2026-03-15 16:15:50.216] [info] Tile  status Gemm, instructions left 49
[2026-03-15 16:15:50.216] [info] Tile  status Gemm, instructions left 49
[2026-03-15 16:15:50.216] [info] Core [1] Tile Stats | Issued: 362 Running: 2 Finished: 360
[2026-03-15 16:15:50.216] [info] cycle: [1488000]
[2026-03-15 16:15:50.216] [info] Tile  status Gemm, instructions left 1
[2026-03-15 16:15:50.216] [info] Tile  status Gemm, instructions left 49
[2026-03-15 16:15:50.216] [info] Core [2] Tile Stats | Issued: 361 Running: 2 Finished: 359
[2026-03-15 16:15:50.216] [info] cycle: [1488000]
[2026-03-15 16:15:50.216] [info] Tile  status Gemm, instructions left 49
[2026-03-15 16:15:50.216] [info] Tile  status Gemm, instructions left 49
[2026-03-15 16:15:50.216] [info] Core [3] Tile Stats | Issued: 362 Running: 2 Finished: 360
[2026-03-15 16:15:50.216] [info] cycle: [1488000]
[2026-03-15 16:15:50.821] [info] HBM2-CH_0: BW utilization 71% (6894 reads, 0 writes)
[2026-03-15 16:15:50.938] [info] Tile  status Gemm, instructions left 49
[2026-03-15 16:15:50.938] [info] Core [0] Tile Stats | Issued: 362 Running: 1 Finished: 361
[2026-03-15 16:15:50.938] [info] cycle: [1496000]
[2026-03-15 16:15:50.939] [info] Tile  status Gemm, instructions left 49
[2026-03-15 16:15:50.939] [info] Core [1] Tile Stats | Issued: 362 Running: 1 Finished: 361
[2026-03-15 16:15:50.939] [info] cycle: [1496000]
[2026-03-15 16:15:50.939] [info] Tile  status Gemm, instructions left 49
[2026-03-15 16:15:50.939] [info] Tile  status Gemm, instructions left 49
[2026-03-15 16:15:50.939] [info] Core [2] Tile Stats | Issued: 362 Running: 2 Finished: 360
[2026-03-15 16:15:50.939] [info] cycle: [1496000]
[2026-03-15 16:15:50.939] [info] Tile  status Gemm, instructions left 49
[2026-03-15 16:15:50.939] [info] Core [3] Tile Stats | Issued: 362 Running: 1 Finished: 361
[2026-03-15 16:15:50.939] [info] cycle: [1496000]
[2026-03-15 16:15:52.039] [info] HBM2-CH_0: BW utilization 73% (7022 reads, 41 writes)
[2026-03-15 16:15:52.152] [info] Tile  status Gemm, instructions left 49
[2026-03-15 16:15:52.152] [info] Core [0] Tile Stats | Issued: 362 Running: 1 Finished: 361
[2026-03-15 16:15:52.152] [info] cycle: [1504000]
[2026-03-15 16:15:52.152] [info] Tile  status Gemm, instructions left 49
[2026-03-15 16:15:52.152] [info] Core [1] Tile Stats | Issued: 362 Running: 1 Finished: 361
[2026-03-15 16:15:52.152] [info] cycle: [1504000]
[2026-03-15 16:15:52.152] [info] Tile  status Gemm, instructions left 1
[2026-03-15 16:15:52.152] [info] Tile  status Gemm, instructions left 49
[2026-03-15 16:15:52.152] [info] Core [2] Tile Stats | Issued: 362 Running: 2 Finished: 360
[2026-03-15 16:15:52.152] [info] cycle: [1504000]
[2026-03-15 16:15:52.152] [info] Tile  status Gemm, instructions left 49
[2026-03-15 16:15:52.152] [info] Core [3] Tile Stats | Issued: 362 Running: 1 Finished: 361
[2026-03-15 16:15:52.152] [info] cycle: [1504000]
[2026-03-15 16:15:52.893] [info] HBM2-CH_0: BW utilization 36% (3465 reads, 71 writes)
[2026-03-15 16:15:52.933] [info] Core [0] Tile Stats | Issued: 362 Running: 0 Finished: 362
[2026-03-15 16:15:52.933] [info] cycle: [1512000]
[2026-03-15 16:15:52.933] [info] Core [1] Tile Stats | Issued: 362 Running: 0 Finished: 362
[2026-03-15 16:15:52.933] [info] cycle: [1512000]
[2026-03-15 16:15:52.933] [info] Tile  status Gemm, instructions left 1
[2026-03-15 16:15:52.933] [info] Core [2] Tile Stats | Issued: 362 Running: 1 Finished: 361
[2026-03-15 16:15:52.933] [info] cycle: [1512000]
[2026-03-15 16:15:52.933] [info] Core [3] Tile Stats | Issued: 362 Running: 0 Finished: 362
[2026-03-15 16:15:52.933] [info] cycle: [1512000]
[2026-03-15 16:15:53.095] [info] Layer /blocks.17/conv_proj/Gemm finish at 1514215
[2026-03-15 16:15:53.095] [info] Total compute time 59580
[2026-03-15 16:15:53.095] [info] executable layer count 61
[2026-03-15 16:15:53.095] [info] Start layer /blocks.17/Slice_2
[2026-03-15 16:15:53.163] [info] Layer /blocks.17/Slice_2 finish at 1514862
[2026-03-15 16:15:53.163] [info] Total compute time 647
[2026-03-15 16:15:53.163] [info] executable layer count 60
[2026-03-15 16:15:53.163] [info] Start layer /blocks.17/Reshape
[2026-03-15 16:15:53.617] [info] Layer /blocks.17/Reshape finish at 1517915
[2026-03-15 16:15:53.617] [info] Total compute time 3053
[2026-03-15 16:15:53.617] [info] executable layer count 59
[2026-03-15 16:15:53.617] [info] Start layer /blocks.18/conv_proj/Gemm
[2026-03-15 16:15:53.716] [info] HBM2-CH_0: BW utilization 48% (3717 reads, 904 writes)
[2026-03-15 16:15:53.763] [info] Tile  status Gemm, instructions left 49
[2026-03-15 16:15:53.763] [info] Tile  status Gemm, instructions left 49
[2026-03-15 16:15:53.763] [info] Core [0] Tile Stats | Issued: 364 Running: 2 Finished: 362
[2026-03-15 16:15:53.763] [info] cycle: [1520000]
[2026-03-15 16:15:53.763] [info] Tile  status Gemm, instructions left 49
[2026-03-15 16:15:53.763] [info] Tile  status Gemm, instructions left 49
[2026-03-15 16:15:53.763] [info] Core [1] Tile Stats | Issued: 365 Running: 2 Finished: 363
[2026-03-15 16:15:53.763] [info] cycle: [1520000]
[2026-03-15 16:15:53.763] [info] Tile  status Gemm, instructions left 49
[2026-03-15 16:15:53.763] [info] Tile  status Gemm, instructions left 49
[2026-03-15 16:15:53.763] [info] Core [2] Tile Stats | Issued: 364 Running: 2 Finished: 362
[2026-03-15 16:15:53.763] [info] cycle: [1520000]
[2026-03-15 16:15:53.763] [info] Tile  status Gemm, instructions left 49
[2026-03-15 16:15:53.763] [info] Tile  status Gemm, instructions left 49
[2026-03-15 16:15:53.763] [info] Core [3] Tile Stats | Issued: 365 Running: 2 Finished: 363
[2026-03-15 16:15:53.763] [info] cycle: [1520000]
[2026-03-15 16:15:54.257] [info] HBM2-CH_0: BW utilization 66% (4834 reads, 1584 writes)
[2026-03-15 16:15:54.294] [info] Tile  status Gemm, instructions left 49
[2026-03-15 16:15:54.294] [info] Tile  status Gemm, instructions left 49
[2026-03-15 16:15:54.294] [info] Core [0] Tile Stats | Issued: 364 Running: 2 Finished: 362
[2026-03-15 16:15:54.294] [info] cycle: [1528000]
[2026-03-15 16:15:54.294] [info] Tile  status Gemm, instructions left 49
[2026-03-15 16:15:54.294] [info] Tile  status Gemm, instructions left 49
[2026-03-15 16:15:54.294] [info] Core [1] Tile Stats | Issued: 365 Running: 2 Finished: 363
[2026-03-15 16:15:54.294] [info] cycle: [1528000]
[2026-03-15 16:15:54.294] [info] Tile  status Gemm, instructions left 49
[2026-03-15 16:15:54.294] [info] Tile  status Gemm, instructions left 49
[2026-03-15 16:15:54.294] [info] Core [2] Tile Stats | Issued: 364 Running: 2 Finished: 362
[2026-03-15 16:15:54.294] [info] cycle: [1528000]
[2026-03-15 16:15:54.294] [info] Tile  status Gemm, instructions left 49
[2026-03-15 16:15:54.294] [info] Tile  status Gemm, instructions left 49
[2026-03-15 16:15:54.294] [info] Core [3] Tile Stats | Issued: 365 Running: 2 Finished: 363
[2026-03-15 16:15:54.294] [info] cycle: [1528000]
[2026-03-15 16:15:54.821] [info] HBM2-CH_0: BW utilization 78% (7128 reads, 426 writes)
[2026-03-15 16:15:54.872] [info] Tile  status Gemm, instructions left 1
[2026-03-15 16:15:54.872] [info] Tile  status Gemm, instructions left 49
[2026-03-15 16:15:54.872] [info] Core [0] Tile Stats | Issued: 364 Running: 2 Finished: 362
[2026-03-15 16:15:54.872] [info] cycle: [1536000]
[2026-03-15 16:15:54.872] [info] Tile  status Gemm, instructions left 49
[2026-03-15 16:15:54.872] [info] Tile  status Gemm, instructions left 49
[2026-03-15 16:15:54.872] [info] Core [1] Tile Stats | Issued: 365 Running: 2 Finished: 363
[2026-03-15 16:15:54.872] [info] cycle: [1536000]
[2026-03-15 16:15:54.872] [info] Tile  status Gemm, instructions left 1
[2026-03-15 16:15:54.872] [info] Tile  status Gemm, instructions left 49
[2026-03-15 16:15:54.872] [info] Core [2] Tile Stats | Issued: 364 Running: 2 Finished: 362
[2026-03-15 16:15:54.872] [info] cycle: [1536000]
[2026-03-15 16:15:54.872] [info] Tile  status Gemm, instructions left 1
[2026-03-15 16:15:54.872] [info] Tile  status Gemm, instructions left 49
[2026-03-15 16:15:54.872] [info] Core [3] Tile Stats | Issued: 365 Running: 2 Finished: 363
[2026-03-15 16:15:54.872] [info] cycle: [1536000]
[2026-03-15 16:15:55.465] [info] HBM2-CH_0: BW utilization 74% (7146 reads, 0 writes)
[2026-03-15 16:15:55.513] [info] Tile  status Gemm, instructions left 49
[2026-03-15 16:15:55.513] [info] Tile  status Gemm, instructions left 49
[2026-03-15 16:15:55.513] [info] Core [0] Tile Stats | Issued: 365 Running: 2 Finished: 363
[2026-03-15 16:15:55.513] [info] cycle: [1544000]
[2026-03-15 16:15:55.513] [info] Tile  status Gemm, instructions left 49
[2026-03-15 16:15:55.513] [info] Tile  status Gemm, instructions left 49
[2026-03-15 16:15:55.513] [info] Core [1] Tile Stats | Issued: 365 Running: 2 Finished: 363
[2026-03-15 16:15:55.513] [info] cycle: [1544000]
[2026-03-15 16:15:55.513] [info] Tile  status Gemm, instructions left 49
[2026-03-15 16:15:55.513] [info] Tile  status Gemm, instructions left 49
[2026-03-15 16:15:55.513] [info] Core [2] Tile Stats | Issued: 365 Running: 2 Finished: 363
[2026-03-15 16:15:55.513] [info] cycle: [1544000]
[2026-03-15 16:15:55.513] [info] Tile  status Gemm, instructions left 49
[2026-03-15 16:15:55.513] [info] Tile  status Gemm, instructions left 49
[2026-03-15 16:15:55.513] [info] Core [3] Tile Stats | Issued: 366 Running: 2 Finished: 364
[2026-03-15 16:15:55.513] [info] cycle: [1544000]
[2026-03-15 16:15:56.079] [info] HBM2-CH_0: BW utilization 79% (7610 reads, 0 writes)
[2026-03-15 16:15:56.125] [info] Tile  status Gemm, instructions left 49
[2026-03-15 16:15:56.125] [info] Tile  status Gemm, instructions left 49
[2026-03-15 16:15:56.125] [info] Core [0] Tile Stats | Issued: 365 Running: 2 Finished: 363
[2026-03-15 16:15:56.125] [info] cycle: [1552000]
[2026-03-15 16:15:56.125] [info] Tile  status Gemm, instructions left 1
[2026-03-15 16:15:56.125] [info] Tile  status Gemm, instructions left 49
[2026-03-15 16:15:56.125] [info] Core [1] Tile Stats | Issued: 365 Running: 2 Finished: 363
[2026-03-15 16:15:56.125] [info] cycle: [1552000]
[2026-03-15 16:15:56.125] [info] Tile  status Gemm, instructions left 49
[2026-03-15 16:15:56.125] [info] Tile  status Gemm, instructions left 49
[2026-03-15 16:15:56.125] [info] Core [2] Tile Stats | Issued: 365 Running: 2 Finished: 363
[2026-03-15 16:15:56.125] [info] cycle: [1552000]
[2026-03-15 16:15:56.125] [info] Tile  status Gemm, instructions left 49
[2026-03-15 16:15:56.125] [info] Tile  status Gemm, instructions left 49
[2026-03-15 16:15:56.125] [info] Core [3] Tile Stats | Issued: 366 Running: 2 Finished: 364
[2026-03-15 16:15:56.125] [info] cycle: [1552000]
[2026-03-15 16:15:56.704] [info] HBM2-CH_0: BW utilization 73% (7012 reads, 0 writes)
[2026-03-15 16:15:56.784] [info] Tile  status Gemm, instructions left 49
[2026-03-15 16:15:56.784] [info] Core [0] Tile Stats | Issued: 365 Running: 1 Finished: 364
[2026-03-15 16:15:56.784] [info] cycle: [1560000]
[2026-03-15 16:15:56.784] [info] Tile  status Gemm, instructions left 49
[2026-03-15 16:15:56.784] [info] Tile  status Gemm, instructions left 49
[2026-03-15 16:15:56.784] [info] Core [1] Tile Stats | Issued: 366 Running: 2 Finished: 364
[2026-03-15 16:15:56.784] [info] cycle: [1560000]
[2026-03-15 16:15:56.784] [info] Tile  status Gemm, instructions left 49
[2026-03-15 16:15:56.784] [info] Core [2] Tile Stats | Issued: 365 Running: 1 Finished: 364
[2026-03-15 16:15:56.784] [info] cycle: [1560000]
[2026-03-15 16:15:56.784] [info] Tile  status Gemm, instructions left 49
[2026-03-15 16:15:56.784] [info] Core [3] Tile Stats | Issued: 366 Running: 1 Finished: 365
[2026-03-15 16:15:56.784] [info] cycle: [1560000]
[2026-03-15 16:15:57.857] [info] HBM2-CH_0: BW utilization 79% (7549 reads, 45 writes)
[2026-03-15 16:15:57.938] [info] Tile  status Gemm, instructions left 49
[2026-03-15 16:15:57.938] [info] Core [0] Tile Stats | Issued: 365 Running: 1 Finished: 364
[2026-03-15 16:15:57.938] [info] cycle: [1568000]
[2026-03-15 16:15:57.938] [info] Tile  status Gemm, instructions left 1
[2026-03-15 16:15:57.938] [info] Tile  status Gemm, instructions left 49
[2026-03-15 16:15:57.938] [info] Core [1] Tile Stats | Issued: 366 Running: 2 Finished: 364
[2026-03-15 16:15:57.938] [info] cycle: [1568000]
[2026-03-15 16:15:57.938] [info] Tile  status Gemm, instructions left 49
[2026-03-15 16:15:57.938] [info] Core [2] Tile Stats | Issued: 365 Running: 1 Finished: 364
[2026-03-15 16:15:57.938] [info] cycle: [1568000]
[2026-03-15 16:15:57.938] [info] Tile  status Gemm, instructions left 49
[2026-03-15 16:15:57.938] [info] Core [3] Tile Stats | Issued: 366 Running: 1 Finished: 365
[2026-03-15 16:15:57.938] [info] cycle: [1568000]
[2026-03-15 16:15:58.686] [info] HBM2-CH_0: BW utilization 18% (1666 reads, 63 writes)
[2026-03-15 16:15:58.728] [info] Tile  status Gemm, instructions left 1
[2026-03-15 16:15:58.728] [info] Core [0] Tile Stats | Issued: 365 Running: 1 Finished: 364
[2026-03-15 16:15:58.728] [info] cycle: [1576000]
[2026-03-15 16:15:58.728] [info] Tile  status Gemm, instructions left 1
[2026-03-15 16:15:58.728] [info] Core [1] Tile Stats | Issued: 366 Running: 1 Finished: 365
[2026-03-15 16:15:58.728] [info] cycle: [1576000]
[2026-03-15 16:15:58.728] [info] Tile  status Gemm, instructions left 1
[2026-03-15 16:15:58.728] [info] Core [2] Tile Stats | Issued: 365 Running: 1 Finished: 364
[2026-03-15 16:15:58.728] [info] cycle: [1576000]
[2026-03-15 16:15:58.728] [info] Tile  status Gemm, instructions left 1
[2026-03-15 16:15:58.728] [info] Core [3] Tile Stats | Issued: 366 Running: 1 Finished: 365
[2026-03-15 16:15:58.728] [info] cycle: [1576000]
[2026-03-15 16:15:58.971] [info] Layer /blocks.18/conv_proj/Gemm finish at 1579419
[2026-03-15 16:15:58.971] [info] Total compute time 61504
[2026-03-15 16:15:58.971] [info] executable layer count 59
[2026-03-15 16:15:58.971] [info] Start layer /blocks.18/Slice_2
[2026-03-15 16:15:59.043] [info] Layer /blocks.18/Slice_2 finish at 1580070
[2026-03-15 16:15:59.043] [info] Total compute time 651
[2026-03-15 16:15:59.043] [info] executable layer count 58
[2026-03-15 16:15:59.043] [info] Start layer /blocks.18/Reshape
[2026-03-15 16:15:59.502] [info] Layer /blocks.18/Reshape finish at 1583097
[2026-03-15 16:15:59.502] [info] Total compute time 3027
[2026-03-15 16:15:59.502] [info] executable layer count 57
[2026-03-15 16:15:59.502] [info] Start layer /blocks.19/conv_proj/Gemm
[2026-03-15 16:15:59.521] [info] HBM2-CH_0: BW utilization 38% (2987 reads, 676 writes)
[2026-03-15 16:15:59.560] [info] Tile  status Gemm, instructions left 49
[2026-03-15 16:15:59.560] [info] Tile  status Gemm, instructions left 49
[2026-03-15 16:15:59.560] [info] Core [0] Tile Stats | Issued: 368 Running: 2 Finished: 366
[2026-03-15 16:15:59.560] [info] cycle: [1584000]
[2026-03-15 16:15:59.560] [info] Tile  status Gemm, instructions left 49
[2026-03-15 16:15:59.560] [info] Tile  status Gemm, instructions left 49
[2026-03-15 16:15:59.560] [info] Core [1] Tile Stats | Issued: 368 Running: 2 Finished: 366
[2026-03-15 16:15:59.560] [info] cycle: [1584000]
[2026-03-15 16:15:59.560] [info] Tile  status Gemm, instructions left 49
[2026-03-15 16:15:59.560] [info] Tile  status Gemm, instructions left 49
[2026-03-15 16:15:59.560] [info] Core [2] Tile Stats | Issued: 368 Running: 2 Finished: 366
[2026-03-15 16:15:59.560] [info] cycle: [1584000]
[2026-03-15 16:15:59.560] [info] Tile  status Gemm, instructions left 49
[2026-03-15 16:15:59.560] [info] Tile  status Gemm, instructions left 49
[2026-03-15 16:15:59.560] [info] Core [3] Tile Stats | Issued: 368 Running: 2 Finished: 366
[2026-03-15 16:15:59.560] [info] cycle: [1584000]
[2026-03-15 16:16:00.056] [info] HBM2-CH_0: BW utilization 66% (4839 reads, 1584 writes)
[2026-03-15 16:16:00.095] [info] Tile  status Gemm, instructions left 49
[2026-03-15 16:16:00.095] [info] Tile  status Gemm, instructions left 49
[2026-03-15 16:16:00.095] [info] Core [0] Tile Stats | Issued: 368 Running: 2 Finished: 366
[2026-03-15 16:16:00.095] [info] cycle: [1592000]
[2026-03-15 16:16:00.095] [info] Tile  status Gemm, instructions left 49
[2026-03-15 16:16:00.095] [info] Tile  status Gemm, instructions left 49
[2026-03-15 16:16:00.095] [info] Core [1] Tile Stats | Issued: 368 Running: 2 Finished: 366
[2026-03-15 16:16:00.095] [info] cycle: [1592000]
[2026-03-15 16:16:00.095] [info] Tile  status Gemm, instructions left 49
[2026-03-15 16:16:00.095] [info] Tile  status Gemm, instructions left 49
[2026-03-15 16:16:00.095] [info] Core [2] Tile Stats | Issued: 368 Running: 2 Finished: 366
[2026-03-15 16:16:00.095] [info] cycle: [1592000]
[2026-03-15 16:16:00.095] [info] Tile  status Gemm, instructions left 49
[2026-03-15 16:16:00.095] [info] Tile  status Gemm, instructions left 49
[2026-03-15 16:16:00.095] [info] Core [3] Tile Stats | Issued: 368 Running: 2 Finished: 366
[2026-03-15 16:16:00.095] [info] cycle: [1592000]
[2026-03-15 16:16:00.617] [info] HBM2-CH_0: BW utilization 76% (6730 reads, 624 writes)
[2026-03-15 16:16:00.680] [info] Tile  status Gemm, instructions left 49
[2026-03-15 16:16:00.680] [info] Tile  status Gemm, instructions left 49
[2026-03-15 16:16:00.680] [info] Core [0] Tile Stats | Issued: 368 Running: 2 Finished: 366
[2026-03-15 16:16:00.680] [info] cycle: [1600000]
[2026-03-15 16:16:00.680] [info] Tile  status Gemm, instructions left 49
[2026-03-15 16:16:00.680] [info] Tile  status Gemm, instructions left 49
[2026-03-15 16:16:00.680] [info] Core [1] Tile Stats | Issued: 368 Running: 2 Finished: 366
[2026-03-15 16:16:00.680] [info] cycle: [1600000]
[2026-03-15 16:16:00.680] [info] Tile  status Gemm, instructions left 49
[2026-03-15 16:16:00.680] [info] Tile  status Gemm, instructions left 49
[2026-03-15 16:16:00.680] [info] Core [2] Tile Stats | Issued: 368 Running: 2 Finished: 366
[2026-03-15 16:16:00.680] [info] cycle: [1600000]
[2026-03-15 16:16:00.680] [info] Tile  status Gemm, instructions left 49
[2026-03-15 16:16:00.680] [info] Tile  status Gemm, instructions left 49
[2026-03-15 16:16:00.680] [info] Core [3] Tile Stats | Issued: 368 Running: 2 Finished: 366
[2026-03-15 16:16:00.680] [info] cycle: [1600000]
[2026-03-15 16:16:01.334] [info] HBM2-CH_0: BW utilization 71% (6908 reads, 0 writes)
[2026-03-15 16:16:01.397] [info] Tile  status Gemm, instructions left 49
[2026-03-15 16:16:01.397] [info] Tile  status Gemm, instructions left 49
[2026-03-15 16:16:01.397] [info] Core [0] Tile Stats | Issued: 369 Running: 2 Finished: 367
[2026-03-15 16:16:01.397] [info] cycle: [1608000]
[2026-03-15 16:16:01.397] [info] Tile  status Gemm, instructions left 49
[2026-03-15 16:16:01.397] [info] Tile  status Gemm, instructions left 49
[2026-03-15 16:16:01.397] [info] Core [1] Tile Stats | Issued: 369 Running: 2 Finished: 367
[2026-03-15 16:16:01.397] [info] cycle: [1608000]
[2026-03-15 16:16:01.397] [info] Tile  status Gemm, instructions left 49
[2026-03-15 16:16:01.397] [info] Tile  status Gemm, instructions left 49
[2026-03-15 16:16:01.397] [info] Core [2] Tile Stats | Issued: 368 Running: 2 Finished: 366
[2026-03-15 16:16:01.397] [info] cycle: [1608000]
[2026-03-15 16:16:01.397] [info] Tile  status Gemm, instructions left 49
[2026-03-15 16:16:01.397] [info] Tile  status Gemm, instructions left 49
[2026-03-15 16:16:01.397] [info] Core [3] Tile Stats | Issued: 369 Running: 2 Finished: 367
[2026-03-15 16:16:01.397] [info] cycle: [1608000]
[2026-03-15 16:16:02.101] [info] HBM2-CH_0: BW utilization 67% (6479 reads, 0 writes)
[2026-03-15 16:16:02.161] [info] Tile  status Gemm, instructions left 49
[2026-03-15 16:16:02.161] [info] Tile  status Gemm, instructions left 49
[2026-03-15 16:16:02.161] [info] Core [0] Tile Stats | Issued: 369 Running: 2 Finished: 367
[2026-03-15 16:16:02.161] [info] cycle: [1616000]
[2026-03-15 16:16:02.161] [info] Tile  status Gemm, instructions left 49
[2026-03-15 16:16:02.161] [info] Tile  status Gemm, instructions left 49
[2026-03-15 16:16:02.161] [info] Core [1] Tile Stats | Issued: 369 Running: 2 Finished: 367
[2026-03-15 16:16:02.161] [info] cycle: [1616000]
[2026-03-15 16:16:02.161] [info] Tile  status Gemm, instructions left 1
[2026-03-15 16:16:02.161] [info] Tile  status Gemm, instructions left 49
[2026-03-15 16:16:02.161] [info] Core [2] Tile Stats | Issued: 368 Running: 2 Finished: 366
[2026-03-15 16:16:02.161] [info] cycle: [1616000]
[2026-03-15 16:16:02.161] [info] Tile  status Gemm, instructions left 49
[2026-03-15 16:16:02.161] [info] Tile  status Gemm, instructions left 49
[2026-03-15 16:16:02.161] [info] Core [3] Tile Stats | Issued: 369 Running: 2 Finished: 367
[2026-03-15 16:16:02.161] [info] cycle: [1616000]
[2026-03-15 16:16:02.763] [info] HBM2-CH_0: BW utilization 74% (7113 reads, 49 writes)
[2026-03-15 16:16:02.813] [info] Tile  status Gemm, instructions left 1
[2026-03-15 16:16:02.813] [info] Tile  status Gemm, instructions left 49
[2026-03-15 16:16:02.813] [info] Core [0] Tile Stats | Issued: 369 Running: 2 Finished: 367
[2026-03-15 16:16:02.813] [info] cycle: [1624000]
[2026-03-15 16:16:02.813] [info] Tile  status Gemm, instructions left 1
[2026-03-15 16:16:02.813] [info] Tile  status Gemm, instructions left 49
[2026-03-15 16:16:02.813] [info] Core [1] Tile Stats | Issued: 369 Running: 2 Finished: 367
[2026-03-15 16:16:02.813] [info] cycle: [1624000]
[2026-03-15 16:16:02.813] [info] Tile  status Gemm, instructions left 49
[2026-03-15 16:16:02.813] [info] Tile  status Gemm, instructions left 49
[2026-03-15 16:16:02.813] [info] Core [2] Tile Stats | Issued: 369 Running: 2 Finished: 367
[2026-03-15 16:16:02.813] [info] cycle: [1624000]
[2026-03-15 16:16:02.813] [info] Tile  status Gemm, instructions left 1
[2026-03-15 16:16:02.813] [info] Tile  status Gemm, instructions left 49
[2026-03-15 16:16:02.813] [info] Core [3] Tile Stats | Issued: 369 Running: 2 Finished: 367
[2026-03-15 16:16:02.813] [info] cycle: [1624000]
[2026-03-15 16:16:04.121] [info] HBM2-CH_0: BW utilization 65% (6283 reads, 0 writes)
[2026-03-15 16:16:04.256] [info] Tile  status Gemm, instructions left 49
[2026-03-15 16:16:04.256] [info] Core [0] Tile Stats | Issued: 369 Running: 1 Finished: 368
[2026-03-15 16:16:04.256] [info] cycle: [1632000]
[2026-03-15 16:16:04.256] [info] Tile  status Gemm, instructions left 49
[2026-03-15 16:16:04.256] [info] Core [1] Tile Stats | Issued: 369 Running: 1 Finished: 368
[2026-03-15 16:16:04.256] [info] cycle: [1632000]
[2026-03-15 16:16:04.256] [info] Tile  status Gemm, instructions left 1
[2026-03-15 16:16:04.256] [info] Tile  status Gemm, instructions left 49
[2026-03-15 16:16:04.256] [info] Core [2] Tile Stats | Issued: 369 Running: 2 Finished: 367
[2026-03-15 16:16:04.256] [info] cycle: [1632000]
[2026-03-15 16:16:04.256] [info] Tile  status Gemm, instructions left 49
[2026-03-15 16:16:04.256] [info] Core [3] Tile Stats | Issued: 369 Running: 1 Finished: 368
[2026-03-15 16:16:04.256] [info] cycle: [1632000]
[2026-03-15 16:16:05.138] [info] HBM2-CH_0: BW utilization 56% (5324 reads, 91 writes)
[2026-03-15 16:16:05.185] [info] Tile  status Gemm, instructions left 1
[2026-03-15 16:16:05.185] [info] Core [0] Tile Stats | Issued: 369 Running: 1 Finished: 368
[2026-03-15 16:16:05.185] [info] cycle: [1640000]
[2026-03-15 16:16:05.185] [info] Tile  status Gemm, instructions left 1
[2026-03-15 16:16:05.185] [info] Core [1] Tile Stats | Issued: 369 Running: 1 Finished: 368
[2026-03-15 16:16:05.185] [info] cycle: [1640000]
[2026-03-15 16:16:05.185] [info] Tile  status Gemm, instructions left 1
[2026-03-15 16:16:05.185] [info] Core [2] Tile Stats | Issued: 369 Running: 1 Finished: 368
[2026-03-15 16:16:05.185] [info] cycle: [1640000]
[2026-03-15 16:16:05.185] [info] Tile  status Gemm, instructions left 1
[2026-03-15 16:16:05.185] [info] Core [3] Tile Stats | Issued: 369 Running: 1 Finished: 368
[2026-03-15 16:16:05.185] [info] cycle: [1640000]
[2026-03-15 16:16:05.459] [info] Layer /blocks.19/conv_proj/Gemm finish at 1643558
[2026-03-15 16:16:05.459] [info] Total compute time 60461
[2026-03-15 16:16:05.459] [info] executable layer count 57
[2026-03-15 16:16:05.459] [info] Start layer /blocks.19/Slice_2
[2026-03-15 16:16:05.534] [info] Layer /blocks.19/Slice_2 finish at 1644206
[2026-03-15 16:16:05.534] [info] Total compute time 648
[2026-03-15 16:16:05.534] [info] executable layer count 56
[2026-03-15 16:16:05.534] [info] Start layer /blocks.19/Reshape
[2026-03-15 16:16:05.982] [info] Layer /blocks.19/Reshape finish at 1647216
[2026-03-15 16:16:05.982] [info] Total compute time 3010
[2026-03-15 16:16:05.982] [info] executable layer count 55
[2026-03-15 16:16:05.982] [info] Start layer /blocks.21/conv_proj/Gemm
[2026-03-15 16:16:05.994] [info] HBM2-CH_0: BW utilization 37% (2940 reads, 624 writes)
[2026-03-15 16:16:06.035] [info] Tile  status Gemm, instructions left 49
[2026-03-15 16:16:06.035] [info] Tile  status Gemm, instructions left 49
[2026-03-15 16:16:06.035] [info] Core [0] Tile Stats | Issued: 371 Running: 2 Finished: 369
[2026-03-15 16:16:06.035] [info] cycle: [1648000]
[2026-03-15 16:16:06.035] [info] Tile  status Gemm, instructions left 49
[2026-03-15 16:16:06.035] [info] Tile  status Gemm, instructions left 49
[2026-03-15 16:16:06.035] [info] Core [1] Tile Stats | Issued: 372 Running: 2 Finished: 370
[2026-03-15 16:16:06.035] [info] cycle: [1648000]
[2026-03-15 16:16:06.035] [info] Tile  status Gemm, instructions left 49
[2026-03-15 16:16:06.035] [info] Tile  status Gemm, instructions left 49
[2026-03-15 16:16:06.035] [info] Core [2] Tile Stats | Issued: 371 Running: 2 Finished: 369
[2026-03-15 16:16:06.035] [info] cycle: [1648000]
[2026-03-15 16:16:06.035] [info] Tile  status Gemm, instructions left 49
[2026-03-15 16:16:06.035] [info] Tile  status Gemm, instructions left 49
[2026-03-15 16:16:06.035] [info] Core [3] Tile Stats | Issued: 372 Running: 2 Finished: 370
[2026-03-15 16:16:06.035] [info] cycle: [1648000]
[2026-03-15 16:16:06.605] [info] HBM2-CH_0: BW utilization 64% (4642 reads, 1582 writes)
[2026-03-15 16:16:06.646] [info] Tile  status Gemm, instructions left 49
[2026-03-15 16:16:06.646] [info] Tile  status Gemm, instructions left 49
[2026-03-15 16:16:06.646] [info] Core [0] Tile Stats | Issued: 371 Running: 2 Finished: 369
[2026-03-15 16:16:06.646] [info] cycle: [1656000]
[2026-03-15 16:16:06.646] [info] Tile  status Gemm, instructions left 49
[2026-03-15 16:16:06.646] [info] Tile  status Gemm, instructions left 49
[2026-03-15 16:16:06.646] [info] Core [1] Tile Stats | Issued: 372 Running: 2 Finished: 370
[2026-03-15 16:16:06.646] [info] cycle: [1656000]
[2026-03-15 16:16:06.646] [info] Tile  status Gemm, instructions left 49
[2026-03-15 16:16:06.646] [info] Tile  status Gemm, instructions left 49
[2026-03-15 16:16:06.646] [info] Core [2] Tile Stats | Issued: 371 Running: 2 Finished: 369
[2026-03-15 16:16:06.646] [info] cycle: [1656000]
[2026-03-15 16:16:06.646] [info] Tile  status Gemm, instructions left 49
[2026-03-15 16:16:06.646] [info] Tile  status Gemm, instructions left 49
[2026-03-15 16:16:06.646] [info] Core [3] Tile Stats | Issued: 372 Running: 2 Finished: 370
[2026-03-15 16:16:06.646] [info] cycle: [1656000]
[2026-03-15 16:16:07.227] [info] HBM2-CH_0: BW utilization 73% (6423 reads, 672 writes)
[2026-03-15 16:16:07.279] [info] Tile  status Gemm, instructions left 49
[2026-03-15 16:16:07.279] [info] Tile  status Gemm, instructions left 49
[2026-03-15 16:16:07.279] [info] Core [0] Tile Stats | Issued: 371 Running: 2 Finished: 369
[2026-03-15 16:16:07.279] [info] cycle: [1664000]
[2026-03-15 16:16:07.279] [info] Tile  status Gemm, instructions left 49
[2026-03-15 16:16:07.279] [info] Tile  status Gemm, instructions left 49
[2026-03-15 16:16:07.279] [info] Core [1] Tile Stats | Issued: 372 Running: 2 Finished: 370
[2026-03-15 16:16:07.279] [info] cycle: [1664000]
[2026-03-15 16:16:07.279] [info] Tile  status Gemm, instructions left 49
[2026-03-15 16:16:07.279] [info] Tile  status Gemm, instructions left 49
[2026-03-15 16:16:07.279] [info] Core [2] Tile Stats | Issued: 371 Running: 2 Finished: 369
[2026-03-15 16:16:07.279] [info] cycle: [1664000]
[2026-03-15 16:16:07.279] [info] Tile  status Gemm, instructions left 49
[2026-03-15 16:16:07.279] [info] Tile  status Gemm, instructions left 49
[2026-03-15 16:16:07.279] [info] Core [3] Tile Stats | Issued: 372 Running: 2 Finished: 370
[2026-03-15 16:16:07.279] [info] cycle: [1664000]
[2026-03-15 16:16:07.910] [info] HBM2-CH_0: BW utilization 72% (6986 reads, 0 writes)
[2026-03-15 16:16:07.985] [info] Tile  status Gemm, instructions left 49
[2026-03-15 16:16:07.985] [info] Tile  status Gemm, instructions left 49
[2026-03-15 16:16:07.985] [info] Core [0] Tile Stats | Issued: 372 Running: 2 Finished: 370
[2026-03-15 16:16:07.985] [info] cycle: [1672000]
[2026-03-15 16:16:07.985] [info] Tile  status Gemm, instructions left 49
[2026-03-15 16:16:07.985] [info] Tile  status Gemm, instructions left 49
[2026-03-15 16:16:07.985] [info] Core [1] Tile Stats | Issued: 372 Running: 2 Finished: 370
[2026-03-15 16:16:07.985] [info] cycle: [1672000]
[2026-03-15 16:16:07.985] [info] Tile  status Gemm, instructions left 49
[2026-03-15 16:16:07.985] [info] Tile  status Gemm, instructions left 49
[2026-03-15 16:16:07.985] [info] Core [2] Tile Stats | Issued: 372 Running: 2 Finished: 370
[2026-03-15 16:16:07.985] [info] cycle: [1672000]
[2026-03-15 16:16:07.985] [info] Tile  status Gemm, instructions left 49
[2026-03-15 16:16:07.985] [info] Tile  status Gemm, instructions left 49
[2026-03-15 16:16:07.985] [info] Core [3] Tile Stats | Issued: 373 Running: 2 Finished: 371
[2026-03-15 16:16:07.985] [info] cycle: [1672000]
[2026-03-15 16:16:08.712] [info] HBM2-CH_0: BW utilization 72% (6985 reads, 0 writes)
[2026-03-15 16:16:08.767] [info] Tile  status Gemm, instructions left 49
[2026-03-15 16:16:08.767] [info] Tile  status Gemm, instructions left 49
[2026-03-15 16:16:08.767] [info] Core [0] Tile Stats | Issued: 372 Running: 2 Finished: 370
[2026-03-15 16:16:08.767] [info] cycle: [1680000]
[2026-03-15 16:16:08.767] [info] Tile  status Gemm, instructions left 1
[2026-03-15 16:16:08.767] [info] Tile  status Gemm, instructions left 49
[2026-03-15 16:16:08.767] [info] Core [1] Tile Stats | Issued: 372 Running: 2 Finished: 370
[2026-03-15 16:16:08.767] [info] cycle: [1680000]
[2026-03-15 16:16:08.767] [info] Tile  status Gemm, instructions left 49
[2026-03-15 16:16:08.767] [info] Tile  status Gemm, instructions left 49
[2026-03-15 16:16:08.767] [info] Core [2] Tile Stats | Issued: 372 Running: 2 Finished: 370
[2026-03-15 16:16:08.767] [info] cycle: [1680000]
[2026-03-15 16:16:08.767] [info] Tile  status Gemm, instructions left 49
[2026-03-15 16:16:08.767] [info] Tile  status Gemm, instructions left 49
[2026-03-15 16:16:08.767] [info] Core [3] Tile Stats | Issued: 373 Running: 2 Finished: 371
[2026-03-15 16:16:08.767] [info] cycle: [1680000]
[2026-03-15 16:16:09.397] [info] HBM2-CH_0: BW utilization 70% (6746 reads, 40 writes)
[2026-03-15 16:16:09.460] [info] Tile  status Gemm, instructions left 49
[2026-03-15 16:16:09.460] [info] Core [0] Tile Stats | Issued: 372 Running: 1 Finished: 371
[2026-03-15 16:16:09.460] [info] cycle: [1688000]
[2026-03-15 16:16:09.460] [info] Tile  status Gemm, instructions left 49
[2026-03-15 16:16:09.460] [info] Tile  status Gemm, instructions left 49
[2026-03-15 16:16:09.460] [info] Core [1] Tile Stats | Issued: 373 Running: 2 Finished: 371
[2026-03-15 16:16:09.460] [info] cycle: [1688000]
[2026-03-15 16:16:09.460] [info] Tile  status Gemm, instructions left 49
[2026-03-15 16:16:09.460] [info] Core [2] Tile Stats | Issued: 372 Running: 1 Finished: 371
[2026-03-15 16:16:09.460] [info] cycle: [1688000]
[2026-03-15 16:16:09.460] [info] Tile  status Gemm, instructions left 49
[2026-03-15 16:16:09.460] [info] Core [3] Tile Stats | Issued: 373 Running: 1 Finished: 372
[2026-03-15 16:16:09.460] [info] cycle: [1688000]
[2026-03-15 16:16:10.611] [info] HBM2-CH_0: BW utilization 64% (6170 reads, 40 writes)
[2026-03-15 16:16:10.788] [info] Tile  status Gemm, instructions left 49
[2026-03-15 16:16:10.788] [info] Core [0] Tile Stats | Issued: 372 Running: 1 Finished: 371
[2026-03-15 16:16:10.788] [info] cycle: [1696000]
[2026-03-15 16:16:10.788] [info] Tile  status Gemm, instructions left 1
[2026-03-15 16:16:10.788] [info] Tile  status Gemm, instructions left 49
[2026-03-15 16:16:10.788] [info] Core [1] Tile Stats | Issued: 373 Running: 2 Finished: 371
[2026-03-15 16:16:10.788] [info] cycle: [1696000]
[2026-03-15 16:16:10.788] [info] Tile  status Gemm, instructions left 49
[2026-03-15 16:16:10.788] [info] Core [2] Tile Stats | Issued: 372 Running: 1 Finished: 371
[2026-03-15 16:16:10.788] [info] cycle: [1696000]
[2026-03-15 16:16:10.788] [info] Tile  status Gemm, instructions left 49
[2026-03-15 16:16:10.788] [info] Core [3] Tile Stats | Issued: 373 Running: 1 Finished: 372
[2026-03-15 16:16:10.788] [info] cycle: [1696000]
[2026-03-15 16:16:11.833] [info] HBM2-CH_0: BW utilization 60% (5771 reads, 65 writes)
[2026-03-15 16:16:11.885] [info] Tile  status Gemm, instructions left 1
[2026-03-15 16:16:11.885] [info] Core [0] Tile Stats | Issued: 372 Running: 1 Finished: 371
[2026-03-15 16:16:11.885] [info] cycle: [1704000]
[2026-03-15 16:16:11.885] [info] Tile  status Gemm, instructions left 1
[2026-03-15 16:16:11.885] [info] Core [1] Tile Stats | Issued: 373 Running: 1 Finished: 372
[2026-03-15 16:16:11.885] [info] cycle: [1704000]
[2026-03-15 16:16:11.885] [info] Tile  status Gemm, instructions left 1
[2026-03-15 16:16:11.885] [info] Core [2] Tile Stats | Issued: 372 Running: 1 Finished: 371
[2026-03-15 16:16:11.885] [info] cycle: [1704000]
[2026-03-15 16:16:11.885] [info] Tile  status Gemm, instructions left 1
[2026-03-15 16:16:11.885] [info] Core [3] Tile Stats | Issued: 373 Running: 1 Finished: 372
[2026-03-15 16:16:11.885] [info] cycle: [1704000]
[2026-03-15 16:16:12.225] [info] Layer /blocks.21/conv_proj/Gemm finish at 1708031
[2026-03-15 16:16:12.225] [info] Total compute time 60815
[2026-03-15 16:16:12.225] [info] executable layer count 55
[2026-03-15 16:16:12.225] [info] Start layer /blocks.21/Slice_2
[2026-03-15 16:16:12.323] [info] Layer /blocks.21/Slice_2 finish at 1708672
[2026-03-15 16:16:12.323] [info] Total compute time 641
[2026-03-15 16:16:12.323] [info] executable layer count 54
[2026-03-15 16:16:12.323] [info] Start layer /blocks.21/Reshape
[2026-03-15 16:16:12.695] [info] HBM2-CH_0: BW utilization 32% (2553 reads, 612 writes)
[2026-03-15 16:16:12.740] [info] Layer /blocks.21/Reshape finish at 1711689
[2026-03-15 16:16:12.740] [info] Total compute time 3017
[2026-03-15 16:16:12.740] [info] executable layer count 53
[2026-03-15 16:16:12.740] [info] Start layer /blocks.22/conv_proj/Gemm
[2026-03-15 16:16:12.763] [info] Tile  status Gemm, instructions left 49
[2026-03-15 16:16:12.763] [info] Tile  status Gemm, instructions left 49
[2026-03-15 16:16:12.763] [info] Core [0] Tile Stats | Issued: 375 Running: 2 Finished: 373
[2026-03-15 16:16:12.764] [info] cycle: [1712000]
[2026-03-15 16:16:12.764] [info] Tile  status Gemm, instructions left 49
[2026-03-15 16:16:12.764] [info] Tile  status Gemm, instructions left 49
[2026-03-15 16:16:12.764] [info] Core [1] Tile Stats | Issued: 375 Running: 2 Finished: 373
[2026-03-15 16:16:12.764] [info] cycle: [1712000]
[2026-03-15 16:16:12.764] [info] Tile  status Gemm, instructions left 49
[2026-03-15 16:16:12.764] [info] Tile  status Gemm, instructions left 49
[2026-03-15 16:16:12.764] [info] Core [2] Tile Stats | Issued: 375 Running: 2 Finished: 373
[2026-03-15 16:16:12.764] [info] cycle: [1712000]
[2026-03-15 16:16:12.764] [info] Tile  status Gemm, instructions left 49
[2026-03-15 16:16:12.764] [info] Tile  status Gemm, instructions left 49
[2026-03-15 16:16:12.764] [info] Core [3] Tile Stats | Issued: 375 Running: 2 Finished: 373
[2026-03-15 16:16:12.764] [info] cycle: [1712000]
[2026-03-15 16:16:13.313] [info] HBM2-CH_0: BW utilization 65% (4780 reads, 1492 writes)
[2026-03-15 16:16:13.358] [info] Tile  status Gemm, instructions left 49
[2026-03-15 16:16:13.358] [info] Tile  status Gemm, instructions left 49
[2026-03-15 16:16:13.358] [info] Core [0] Tile Stats | Issued: 375 Running: 2 Finished: 373
[2026-03-15 16:16:13.358] [info] cycle: [1720000]
[2026-03-15 16:16:13.358] [info] Tile  status Gemm, instructions left 49
[2026-03-15 16:16:13.358] [info] Tile  status Gemm, instructions left 49
[2026-03-15 16:16:13.358] [info] Core [1] Tile Stats | Issued: 375 Running: 2 Finished: 373
[2026-03-15 16:16:13.358] [info] cycle: [1720000]
[2026-03-15 16:16:13.358] [info] Tile  status Gemm, instructions left 49
[2026-03-15 16:16:13.358] [info] Tile  status Gemm, instructions left 49
[2026-03-15 16:16:13.358] [info] Core [2] Tile Stats | Issued: 375 Running: 2 Finished: 373
[2026-03-15 16:16:13.358] [info] cycle: [1720000]
[2026-03-15 16:16:13.358] [info] Tile  status Gemm, instructions left 49
[2026-03-15 16:16:13.358] [info] Tile  status Gemm, instructions left 49
[2026-03-15 16:16:13.358] [info] Core [3] Tile Stats | Issued: 375 Running: 2 Finished: 373
[2026-03-15 16:16:13.358] [info] cycle: [1720000]
[2026-03-15 16:16:13.887] [info] HBM2-CH_0: BW utilization 72% (6148 reads, 812 writes)
[2026-03-15 16:16:13.940] [info] Tile  status Gemm, instructions left 49
[2026-03-15 16:16:13.940] [info] Tile  status Gemm, instructions left 49
[2026-03-15 16:16:13.940] [info] Core [0] Tile Stats | Issued: 375 Running: 2 Finished: 373
[2026-03-15 16:16:13.940] [info] cycle: [1728000]
[2026-03-15 16:16:13.940] [info] Tile  status Gemm, instructions left 49
[2026-03-15 16:16:13.940] [info] Tile  status Gemm, instructions left 49
[2026-03-15 16:16:13.940] [info] Core [1] Tile Stats | Issued: 375 Running: 2 Finished: 373
[2026-03-15 16:16:13.940] [info] cycle: [1728000]
[2026-03-15 16:16:13.940] [info] Tile  status Gemm, instructions left 49
[2026-03-15 16:16:13.940] [info] Tile  status Gemm, instructions left 49
[2026-03-15 16:16:13.940] [info] Core [2] Tile Stats | Issued: 375 Running: 2 Finished: 373
[2026-03-15 16:16:13.940] [info] cycle: [1728000]
[2026-03-15 16:16:13.940] [info] Tile  status Gemm, instructions left 49
[2026-03-15 16:16:13.940] [info] Tile  status Gemm, instructions left 49
[2026-03-15 16:16:13.940] [info] Core [3] Tile Stats | Issued: 375 Running: 2 Finished: 373
[2026-03-15 16:16:13.940] [info] cycle: [1728000]
[2026-03-15 16:16:14.521] [info] HBM2-CH_0: BW utilization 78% (7543 reads, 0 writes)
[2026-03-15 16:16:14.568] [info] Tile  status Gemm, instructions left 1
[2026-03-15 16:16:14.568] [info] Tile  status Gemm, instructions left 49
[2026-03-15 16:16:14.568] [info] Core [0] Tile Stats | Issued: 375 Running: 2 Finished: 373
[2026-03-15 16:16:14.568] [info] cycle: [1736000]
[2026-03-15 16:16:14.568] [info] Tile  status Gemm, instructions left 1
[2026-03-15 16:16:14.568] [info] Tile  status Gemm, instructions left 49
[2026-03-15 16:16:14.568] [info] Core [1] Tile Stats | Issued: 375 Running: 2 Finished: 373
[2026-03-15 16:16:14.568] [info] cycle: [1736000]
[2026-03-15 16:16:14.568] [info] Tile  status Gemm, instructions left 49
[2026-03-15 16:16:14.568] [info] Tile  status Gemm, instructions left 49
[2026-03-15 16:16:14.568] [info] Core [2] Tile Stats | Issued: 375 Running: 2 Finished: 373
[2026-03-15 16:16:14.568] [info] cycle: [1736000]
[2026-03-15 16:16:14.568] [info] Tile  status Gemm, instructions left 0
[2026-03-15 16:16:14.568] [info] Core [3] Tile Stats | Issued: 375 Running: 1 Finished: 374
[2026-03-15 16:16:14.568] [info] cycle: [1736000]
[2026-03-15 16:16:14.569] [info] Issue tile Gemm on core 3, spad_id 1, accum_spad_id 1
[2026-03-15 16:16:15.289] [info] HBM2-CH_0: BW utilization 70% (6725 reads, 0 writes)
[2026-03-15 16:16:15.346] [info] Tile  status Gemm, instructions left 49
[2026-03-15 16:16:15.346] [info] Tile  status Gemm, instructions left 49
[2026-03-15 16:16:15.346] [info] Core [0] Tile Stats | Issued: 376 Running: 2 Finished: 374
[2026-03-15 16:16:15.346] [info] cycle: [1744000]
[2026-03-15 16:16:15.346] [info] Tile  status Gemm, instructions left 49
[2026-03-15 16:16:15.346] [info] Tile  status Gemm, instructions left 49
[2026-03-15 16:16:15.346] [info] Core [1] Tile Stats | Issued: 376 Running: 2 Finished: 374
[2026-03-15 16:16:15.346] [info] cycle: [1744000]
[2026-03-15 16:16:15.346] [info] Tile  status Gemm, instructions left 1
[2026-03-15 16:16:15.346] [info] Tile  status Gemm, instructions left 49
[2026-03-15 16:16:15.346] [info] Core [2] Tile Stats | Issued: 375 Running: 2 Finished: 373
[2026-03-15 16:16:15.346] [info] cycle: [1744000]
[2026-03-15 16:16:15.346] [info] Tile  status Gemm, instructions left 49
[2026-03-15 16:16:15.346] [info] Tile  status Gemm, instructions left 49
[2026-03-15 16:16:15.346] [info] Core [3] Tile Stats | Issued: 376 Running: 2 Finished: 374
[2026-03-15 16:16:15.346] [info] cycle: [1744000]
[2026-03-15 16:16:15.963] [info] HBM2-CH_0: BW utilization 74% (7173 reads, 0 writes)
[2026-03-15 16:16:16.016] [info] Tile  status Gemm, instructions left 1
[2026-03-15 16:16:16.016] [info] Tile  status Gemm, instructions left 49
[2026-03-15 16:16:16.016] [info] Core [0] Tile Stats | Issued: 376 Running: 2 Finished: 374
[2026-03-15 16:16:16.016] [info] cycle: [1752000]
[2026-03-15 16:16:16.016] [info] Tile  status Gemm, instructions left 1
[2026-03-15 16:16:16.016] [info] Tile  status Gemm, instructions left 49
[2026-03-15 16:16:16.016] [info] Core [1] Tile Stats | Issued: 376 Running: 2 Finished: 374
[2026-03-15 16:16:16.016] [info] cycle: [1752000]
[2026-03-15 16:16:16.016] [info] Tile  status Gemm, instructions left 49
[2026-03-15 16:16:16.016] [info] Tile  status Gemm, instructions left 49
[2026-03-15 16:16:16.016] [info] Core [2] Tile Stats | Issued: 376 Running: 2 Finished: 374
[2026-03-15 16:16:16.016] [info] cycle: [1752000]
[2026-03-15 16:16:16.016] [info] Tile  status Gemm, instructions left 1
[2026-03-15 16:16:16.016] [info] Tile  status Gemm, instructions left 49
[2026-03-15 16:16:16.016] [info] Core [3] Tile Stats | Issued: 376 Running: 2 Finished: 374
[2026-03-15 16:16:16.016] [info] cycle: [1752000]
[2026-03-15 16:16:17.110] [info] HBM2-CH_0: BW utilization 65% (6207 reads, 40 writes)
[2026-03-15 16:16:17.239] [info] Tile  status Gemm, instructions left 49
[2026-03-15 16:16:17.240] [info] Core [0] Tile Stats | Issued: 376 Running: 1 Finished: 375
[2026-03-15 16:16:17.240] [info] cycle: [1760000]
[2026-03-15 16:16:17.240] [info] Tile  status Gemm, instructions left 49
[2026-03-15 16:16:17.240] [info] Core [1] Tile Stats | Issued: 376 Running: 1 Finished: 375
[2026-03-15 16:16:17.240] [info] cycle: [1760000]
[2026-03-15 16:16:17.240] [info] Tile  status Gemm, instructions left 1
[2026-03-15 16:16:17.240] [info] Tile  status Gemm, instructions left 49
[2026-03-15 16:16:17.240] [info] Core [2] Tile Stats | Issued: 376 Running: 2 Finished: 374
[2026-03-15 16:16:17.240] [info] cycle: [1760000]
[2026-03-15 16:16:17.240] [info] Tile  status Gemm, instructions left 49
[2026-03-15 16:16:17.240] [info] Core [3] Tile Stats | Issued: 376 Running: 1 Finished: 375
[2026-03-15 16:16:17.240] [info] cycle: [1760000]
[2026-03-15 16:16:18.380] [info] HBM2-CH_0: BW utilization 58% (5534 reads, 72 writes)
[2026-03-15 16:16:18.436] [info] Tile  status Gemm, instructions left 1
[2026-03-15 16:16:18.436] [info] Core [0] Tile Stats | Issued: 376 Running: 1 Finished: 375
[2026-03-15 16:16:18.436] [info] cycle: [1768000]
[2026-03-15 16:16:18.436] [info] Tile  status Gemm, instructions left 1
[2026-03-15 16:16:18.436] [info] Core [1] Tile Stats | Issued: 376 Running: 1 Finished: 375
[2026-03-15 16:16:18.436] [info] cycle: [1768000]
[2026-03-15 16:16:18.436] [info] Tile  status Gemm, instructions left 1
[2026-03-15 16:16:18.436] [info] Core [2] Tile Stats | Issued: 376 Running: 1 Finished: 375
[2026-03-15 16:16:18.436] [info] cycle: [1768000]
[2026-03-15 16:16:18.436] [info] Tile  status Gemm, instructions left 1
[2026-03-15 16:16:18.436] [info] Core [3] Tile Stats | Issued: 376 Running: 1 Finished: 375
[2026-03-15 16:16:18.436] [info] cycle: [1768000]
[2026-03-15 16:16:18.808] [info] Layer /blocks.22/conv_proj/Gemm finish at 1772710
[2026-03-15 16:16:18.808] [info] Total compute time 61021
[2026-03-15 16:16:18.808] [info] executable layer count 53
[2026-03-15 16:16:18.808] [info] Start layer /blocks.22/Slice_2
[2026-03-15 16:16:18.882] [info] Layer /blocks.22/Slice_2 finish at 1773360
[2026-03-15 16:16:18.882] [info] Total compute time 650
[2026-03-15 16:16:18.882] [info] executable layer count 52
[2026-03-15 16:16:18.882] [info] Start layer /blocks.22/Reshape
[2026-03-15 16:16:19.141] [info] HBM2-CH_0: BW utilization 25% (1851 reads, 609 writes)
[2026-03-15 16:16:19.236] [info] Core [0] Tile Stats | Issued: 376 Running: 0 Finished: 376
[2026-03-15 16:16:19.236] [info] cycle: [1776000]
[2026-03-15 16:16:19.236] [info] Tile  status /blocks.22/Reshape, instructions left 1
[2026-03-15 16:16:19.236] [info] Core [1] Tile Stats | Issued: 377 Running: 1 Finished: 376
[2026-03-15 16:16:19.236] [info] cycle: [1776000]
[2026-03-15 16:16:19.236] [info] Core [2] Tile Stats | Issued: 376 Running: 0 Finished: 376
[2026-03-15 16:16:19.236] [info] cycle: [1776000]
[2026-03-15 16:16:19.236] [info] Core [3] Tile Stats | Issued: 377 Running: 0 Finished: 377
[2026-03-15 16:16:19.236] [info] cycle: [1776000]
[2026-03-15 16:16:19.286] [info] Layer /blocks.22/Reshape finish at 1776360
[2026-03-15 16:16:19.286] [info] Total compute time 3000
[2026-03-15 16:16:19.286] [info] executable layer count 51
[2026-03-15 16:16:19.286] [info] Start layer /blocks.23/conv_proj/Gemm
[2026-03-15 16:16:19.774] [info] HBM2-CH_0: BW utilization 68% (5146 reads, 1397 writes)
[2026-03-15 16:16:19.820] [info] Tile  status Gemm, instructions left 49
[2026-03-15 16:16:19.820] [info] Tile  status Gemm, instructions left 49
[2026-03-15 16:16:19.820] [info] Core [0] Tile Stats | Issued: 378 Running: 2 Finished: 376
[2026-03-15 16:16:19.820] [info] cycle: [1784000]
[2026-03-15 16:16:19.820] [info] Tile  status Gemm, instructions left 49
[2026-03-15 16:16:19.820] [info] Tile  status Gemm, instructions left 49
[2026-03-15 16:16:19.820] [info] Core [1] Tile Stats | Issued: 379 Running: 2 Finished: 377
[2026-03-15 16:16:19.820] [info] cycle: [1784000]
[2026-03-15 16:16:19.820] [info] Tile  status Gemm, instructions left 49
[2026-03-15 16:16:19.820] [info] Tile  status Gemm, instructions left 49
[2026-03-15 16:16:19.820] [info] Core [2] Tile Stats | Issued: 378 Running: 2 Finished: 376
[2026-03-15 16:16:19.820] [info] cycle: [1784000]
[2026-03-15 16:16:19.820] [info] Tile  status Gemm, instructions left 49
[2026-03-15 16:16:19.820] [info] Tile  status Gemm, instructions left 49
[2026-03-15 16:16:19.820] [info] Core [3] Tile Stats | Issued: 379 Running: 2 Finished: 377
[2026-03-15 16:16:19.820] [info] cycle: [1784000]
[2026-03-15 16:16:20.328] [info] HBM2-CH_0: BW utilization 72% (6026 reads, 906 writes)
[2026-03-15 16:16:20.380] [info] Tile  status Gemm, instructions left 49
[2026-03-15 16:16:20.380] [info] Tile  status Gemm, instructions left 49
[2026-03-15 16:16:20.380] [info] Core [0] Tile Stats | Issued: 378 Running: 2 Finished: 376
[2026-03-15 16:16:20.380] [info] cycle: [1792000]
[2026-03-15 16:16:20.380] [info] Tile  status Gemm, instructions left 49
[2026-03-15 16:16:20.380] [info] Tile  status Gemm, instructions left 49
[2026-03-15 16:16:20.380] [info] Core [1] Tile Stats | Issued: 379 Running: 2 Finished: 377
[2026-03-15 16:16:20.380] [info] cycle: [1792000]
[2026-03-15 16:16:20.380] [info] Tile  status Gemm, instructions left 49
[2026-03-15 16:16:20.380] [info] Tile  status Gemm, instructions left 49
[2026-03-15 16:16:20.381] [info] Core [2] Tile Stats | Issued: 378 Running: 2 Finished: 376
[2026-03-15 16:16:20.381] [info] cycle: [1792000]
[2026-03-15 16:16:20.381] [info] Tile  status Gemm, instructions left 49
[2026-03-15 16:16:20.381] [info] Tile  status Gemm, instructions left 49
[2026-03-15 16:16:20.381] [info] Core [3] Tile Stats | Issued: 379 Running: 2 Finished: 377
[2026-03-15 16:16:20.381] [info] cycle: [1792000]
[2026-03-15 16:16:20.923] [info] HBM2-CH_0: BW utilization 78% (7497 reads, 0 writes)
[2026-03-15 16:16:20.975] [info] Tile  status Gemm, instructions left 1
[2026-03-15 16:16:20.975] [info] Tile  status Gemm, instructions left 49
[2026-03-15 16:16:20.975] [info] Core [0] Tile Stats | Issued: 378 Running: 2 Finished: 376
[2026-03-15 16:16:20.975] [info] cycle: [1800000]
[2026-03-15 16:16:20.975] [info] Tile  status Gemm, instructions left 49
[2026-03-15 16:16:20.975] [info] Tile  status Gemm, instructions left 49
[2026-03-15 16:16:20.975] [info] Core [1] Tile Stats | Issued: 379 Running: 2 Finished: 377
[2026-03-15 16:16:20.975] [info] cycle: [1800000]
[2026-03-15 16:16:20.975] [info] Tile  status Gemm, instructions left 1
[2026-03-15 16:16:20.975] [info] Tile  status Gemm, instructions left 49
[2026-03-15 16:16:20.975] [info] Core [2] Tile Stats | Issued: 378 Running: 2 Finished: 376
[2026-03-15 16:16:20.975] [info] cycle: [1800000]
[2026-03-15 16:16:20.975] [info] Tile  status Gemm, instructions left 1
[2026-03-15 16:16:20.975] [info] Tile  status Gemm, instructions left 49
[2026-03-15 16:16:20.975] [info] Core [3] Tile Stats | Issued: 379 Running: 2 Finished: 377
[2026-03-15 16:16:20.975] [info] cycle: [1800000]
[2026-03-15 16:16:21.527] [info] HBM2-CH_0: BW utilization 75% (7214 reads, 0 writes)
[2026-03-15 16:16:21.582] [info] Tile  status Gemm, instructions left 49
[2026-03-15 16:16:21.582] [info] Tile  status Gemm, instructions left 49
[2026-03-15 16:16:21.582] [info] Core [0] Tile Stats | Issued: 379 Running: 2 Finished: 377
[2026-03-15 16:16:21.582] [info] cycle: [1808000]
[2026-03-15 16:16:21.582] [info] Tile  status Gemm, instructions left 1
[2026-03-15 16:16:21.582] [info] Tile  status Gemm, instructions left 49
[2026-03-15 16:16:21.582] [info] Core [1] Tile Stats | Issued: 379 Running: 2 Finished: 377
[2026-03-15 16:16:21.582] [info] cycle: [1808000]
[2026-03-15 16:16:21.582] [info] Tile  status Gemm, instructions left 49
[2026-03-15 16:16:21.582] [info] Tile  status Gemm, instructions left 49
[2026-03-15 16:16:21.582] [info] Core [2] Tile Stats | Issued: 379 Running: 2 Finished: 377
[2026-03-15 16:16:21.582] [info] cycle: [1808000]
[2026-03-15 16:16:21.582] [info] Tile  status Gemm, instructions left 49
[2026-03-15 16:16:21.582] [info] Tile  status Gemm, instructions left 49
[2026-03-15 16:16:21.582] [info] Core [3] Tile Stats | Issued: 380 Running: 2 Finished: 378
[2026-03-15 16:16:21.582] [info] cycle: [1808000]
[2026-03-15 16:16:22.198] [info] HBM2-CH_0: BW utilization 76% (7338 reads, 0 writes)
[2026-03-15 16:16:22.289] [info] Tile  status Gemm, instructions left 1
[2026-03-15 16:16:22.289] [info] Tile  status Gemm, instructions left 49
[2026-03-15 16:16:22.289] [info] Core [0] Tile Stats | Issued: 379 Running: 2 Finished: 377
[2026-03-15 16:16:22.289] [info] cycle: [1816000]
[2026-03-15 16:16:22.289] [info] Tile  status Gemm, instructions left 49
[2026-03-15 16:16:22.289] [info] Tile  status Gemm, instructions left 49
[2026-03-15 16:16:22.289] [info] Core [1] Tile Stats | Issued: 380 Running: 2 Finished: 378
[2026-03-15 16:16:22.289] [info] cycle: [1816000]
[2026-03-15 16:16:22.289] [info] Tile  status Gemm, instructions left 1
[2026-03-15 16:16:22.289] [info] Tile  status Gemm, instructions left 49
[2026-03-15 16:16:22.289] [info] Core [2] Tile Stats | Issued: 379 Running: 2 Finished: 377
[2026-03-15 16:16:22.289] [info] cycle: [1816000]
[2026-03-15 16:16:22.289] [info] Tile  status Gemm, instructions left 1
[2026-03-15 16:16:22.289] [info] Tile  status Gemm, instructions left 49
[2026-03-15 16:16:22.289] [info] Core [3] Tile Stats | Issued: 380 Running: 2 Finished: 378
[2026-03-15 16:16:22.289] [info] cycle: [1816000]
[2026-03-15 16:16:23.649] [info] HBM2-CH_0: BW utilization 72% (6893 reads, 42 writes)
[2026-03-15 16:16:23.823] [info] Tile  status Gemm, instructions left 49
[2026-03-15 16:16:23.823] [info] Core [0] Tile Stats | Issued: 379 Running: 1 Finished: 378
[2026-03-15 16:16:23.823] [info] cycle: [1824000]
[2026-03-15 16:16:23.823] [info] Tile  status Gemm, instructions left 1
[2026-03-15 16:16:23.823] [info] Tile  status Gemm, instructions left 49
[2026-03-15 16:16:23.823] [info] Core [1] Tile Stats | Issued: 380 Running: 2 Finished: 378
[2026-03-15 16:16:23.823] [info] cycle: [1824000]
[2026-03-15 16:16:23.823] [info] Tile  status Gemm, instructions left 49
[2026-03-15 16:16:23.823] [info] Core [2] Tile Stats | Issued: 379 Running: 1 Finished: 378
[2026-03-15 16:16:23.823] [info] cycle: [1824000]
[2026-03-15 16:16:23.823] [info] Tile  status Gemm, instructions left 49
[2026-03-15 16:16:23.823] [info] Core [3] Tile Stats | Issued: 380 Running: 1 Finished: 379
[2026-03-15 16:16:23.823] [info] cycle: [1824000]
[2026-03-15 16:16:24.772] [info] HBM2-CH_0: BW utilization 49% (4698 reads, 66 writes)
[2026-03-15 16:16:24.822] [info] Tile  status Gemm, instructions left 1
[2026-03-15 16:16:24.822] [info] Core [0] Tile Stats | Issued: 379 Running: 1 Finished: 378
[2026-03-15 16:16:24.822] [info] cycle: [1832000]
[2026-03-15 16:16:24.822] [info] Tile  status Gemm, instructions left 1
[2026-03-15 16:16:24.822] [info] Core [1] Tile Stats | Issued: 380 Running: 1 Finished: 379
[2026-03-15 16:16:24.822] [info] cycle: [1832000]
[2026-03-15 16:16:24.822] [info] Tile  status Gemm, instructions left 1
[2026-03-15 16:16:24.822] [info] Core [2] Tile Stats | Issued: 379 Running: 1 Finished: 378
[2026-03-15 16:16:24.822] [info] cycle: [1832000]
[2026-03-15 16:16:24.822] [info] Tile  status Gemm, instructions left 1
[2026-03-15 16:16:24.822] [info] Core [3] Tile Stats | Issued: 380 Running: 1 Finished: 379
[2026-03-15 16:16:24.822] [info] cycle: [1832000]
[2026-03-15 16:16:25.209] [info] Layer /blocks.23/conv_proj/Gemm finish at 1837438
[2026-03-15 16:16:25.209] [info] Total compute time 61078
[2026-03-15 16:16:25.209] [info] executable layer count 51
[2026-03-15 16:16:25.209] [info] Start layer /blocks.23/Slice_2
[2026-03-15 16:16:25.278] [info] Layer /blocks.23/Slice_2 finish at 1838085
[2026-03-15 16:16:25.278] [info] Total compute time 647
[2026-03-15 16:16:25.278] [info] executable layer count 50
[2026-03-15 16:16:25.278] [info] Start layer /blocks.23/Reshape
[2026-03-15 16:16:25.434] [info] HBM2-CH_0: BW utilization 17% (1124 reads, 575 writes)
[2026-03-15 16:16:25.542] [info] Core [0] Tile Stats | Issued: 380 Running: 0 Finished: 380
[2026-03-15 16:16:25.542] [info] cycle: [1840000]
[2026-03-15 16:16:25.542] [info] Core [1] Tile Stats | Issued: 380 Running: 0 Finished: 380
[2026-03-15 16:16:25.542] [info] cycle: [1840000]
[2026-03-15 16:16:25.542] [info] Tile  status /blocks.23/Reshape, instructions left 1
[2026-03-15 16:16:25.542] [info] Core [2] Tile Stats | Issued: 380 Running: 1 Finished: 379
[2026-03-15 16:16:25.542] [info] cycle: [1840000]
[2026-03-15 16:16:25.542] [info] Core [3] Tile Stats | Issued: 380 Running: 0 Finished: 380
[2026-03-15 16:16:25.542] [info] cycle: [1840000]
[2026-03-15 16:16:25.745] [info] Layer /blocks.23/Reshape finish at 1841097
[2026-03-15 16:16:25.745] [info] Total compute time 3012
[2026-03-15 16:16:25.745] [info] executable layer count 49
[2026-03-15 16:16:25.745] [info] Start layer /blocks.23/Unsqueeze_1
[2026-03-15 16:16:26.159] [info] Layer /blocks.23/Unsqueeze_1 finish at 1843635
[2026-03-15 16:16:26.159] [info] Total compute time 2538
[2026-03-15 16:16:26.159] [info] executable layer count 48
[2026-03-15 16:16:26.159] [info] Start layer /blocks.22/Unsqueeze_1
[2026-03-15 16:16:26.188] [info] Layer /blocks.22/Unsqueeze_1 finish at 1843919
[2026-03-15 16:16:26.188] [info] Total compute time 284
[2026-03-15 16:16:26.188] [info] executable layer count 47
[2026-03-15 16:16:26.188] [info] Start layer /blocks.21/Unsqueeze_1
[2026-03-15 16:16:26.217] [info] Layer /blocks.21/Unsqueeze_1 finish at 1844205
[2026-03-15 16:16:26.217] [info] Total compute time 286
[2026-03-15 16:16:26.217] [info] executable layer count 46
[2026-03-15 16:16:26.217] [info] Start layer /blocks.20/Unsqueeze_1
[2026-03-15 16:16:26.245] [info] Layer /blocks.20/Unsqueeze_1 finish at 1844490
[2026-03-15 16:16:26.245] [info] Total compute time 285
[2026-03-15 16:16:26.245] [info] executable layer count 45
[2026-03-15 16:16:26.245] [info] Start layer /blocks.19/Unsqueeze_1
[2026-03-15 16:16:26.274] [info] Layer /blocks.19/Unsqueeze_1 finish at 1844780
[2026-03-15 16:16:26.274] [info] Total compute time 290
[2026-03-15 16:16:26.274] [info] executable layer count 44
[2026-03-15 16:16:26.274] [info] Start layer /blocks.18/Unsqueeze_1
[2026-03-15 16:16:26.302] [info] Layer /blocks.18/Unsqueeze_1 finish at 1845066
[2026-03-15 16:16:26.302] [info] Total compute time 286
[2026-03-15 16:16:26.302] [info] executable layer count 43
[2026-03-15 16:16:26.302] [info] Start layer /blocks.17/Unsqueeze_1
[2026-03-15 16:16:26.331] [info] Layer /blocks.17/Unsqueeze_1 finish at 1845356
[2026-03-15 16:16:26.331] [info] Total compute time 290
[2026-03-15 16:16:26.331] [info] executable layer count 42
[2026-03-15 16:16:26.331] [info] Start layer /blocks.16/Unsqueeze_1
[2026-03-15 16:16:26.359] [info] Layer /blocks.16/Unsqueeze_1 finish at 1845643
[2026-03-15 16:16:26.359] [info] Total compute time 287
[2026-03-15 16:16:26.359] [info] executable layer count 41
[2026-03-15 16:16:26.359] [info] Start layer /blocks.15/Unsqueeze_1
[2026-03-15 16:16:26.392] [info] Layer /blocks.15/Unsqueeze_1 finish at 1845929
[2026-03-15 16:16:26.392] [info] Total compute time 286
[2026-03-15 16:16:26.392] [info] executable layer count 40
[2026-03-15 16:16:26.392] [info] Start layer /blocks.14/Unsqueeze_1
[2026-03-15 16:16:26.430] [info] Layer /blocks.14/Unsqueeze_1 finish at 1846210
[2026-03-15 16:16:26.430] [info] Total compute time 281
[2026-03-15 16:16:26.430] [info] executable layer count 39
[2026-03-15 16:16:26.430] [info] Start layer /blocks.13/Unsqueeze_1
[2026-03-15 16:16:26.458] [info] Layer /blocks.13/Unsqueeze_1 finish at 1846490
[2026-03-15 16:16:26.458] [info] Total compute time 280
[2026-03-15 16:16:26.458] [info] executable layer count 38
[2026-03-15 16:16:26.458] [info] Start layer /blocks.12/Unsqueeze_1
[2026-03-15 16:16:26.486] [info] Layer /blocks.12/Unsqueeze_1 finish at 1846772
[2026-03-15 16:16:26.486] [info] Total compute time 282
[2026-03-15 16:16:26.486] [info] executable layer count 37
[2026-03-15 16:16:26.486] [info] Start layer /blocks.11/Unsqueeze_1
[2026-03-15 16:16:26.513] [info] Layer /blocks.11/Unsqueeze_1 finish at 1847052
[2026-03-15 16:16:26.513] [info] Total compute time 280
[2026-03-15 16:16:26.513] [info] executable layer count 36
[2026-03-15 16:16:26.513] [info] Start layer /blocks.10/Unsqueeze_1
[2026-03-15 16:16:26.534] [info] HBM2-CH_0: BW utilization 69% (3048 reads, 3585 writes)
[2026-03-15 16:16:26.540] [info] Layer /blocks.10/Unsqueeze_1 finish at 1847328
[2026-03-15 16:16:26.540] [info] Total compute time 276
[2026-03-15 16:16:26.540] [info] executable layer count 35
[2026-03-15 16:16:26.540] [info] Start layer /blocks.9/Unsqueeze_1
[2026-03-15 16:16:26.567] [info] Layer /blocks.9/Unsqueeze_1 finish at 1847603
[2026-03-15 16:16:26.567] [info] Total compute time 275
[2026-03-15 16:16:26.567] [info] executable layer count 34
[2026-03-15 16:16:26.567] [info] Start layer /blocks.8/Unsqueeze_1
[2026-03-15 16:16:26.596] [info] Layer /blocks.8/Unsqueeze_1 finish at 1847879
[2026-03-15 16:16:26.596] [info] Total compute time 276
[2026-03-15 16:16:26.596] [info] executable layer count 33
[2026-03-15 16:16:26.596] [info] Start layer /blocks.7/Unsqueeze_1
[2026-03-15 16:16:26.607] [info] Core [0] Tile Stats | Issued: 384 Running: 0 Finished: 384
[2026-03-15 16:16:26.607] [info] cycle: [1848000]
[2026-03-15 16:16:26.607] [info] Core [1] Tile Stats | Issued: 384 Running: 0 Finished: 384
[2026-03-15 16:16:26.607] [info] cycle: [1848000]
[2026-03-15 16:16:26.607] [info] Core [2] Tile Stats | Issued: 384 Running: 0 Finished: 384
[2026-03-15 16:16:26.607] [info] cycle: [1848000]
[2026-03-15 16:16:26.607] [info] Tile  status /blocks.7/Unsqueeze_1, instructions left 1
[2026-03-15 16:16:26.607] [info] Core [3] Tile Stats | Issued: 385 Running: 1 Finished: 384
[2026-03-15 16:16:26.607] [info] cycle: [1848000]
[2026-03-15 16:16:26.623] [info] Layer /blocks.7/Unsqueeze_1 finish at 1848153
[2026-03-15 16:16:26.623] [info] Total compute time 274
[2026-03-15 16:16:26.623] [info] executable layer count 32
[2026-03-15 16:16:26.623] [info] Start layer /blocks.6/Unsqueeze_1
[2026-03-15 16:16:26.654] [info] Layer /blocks.6/Unsqueeze_1 finish at 1848430
[2026-03-15 16:16:26.654] [info] Total compute time 277
[2026-03-15 16:16:26.654] [info] executable layer count 31
[2026-03-15 16:16:26.654] [info] Start layer /blocks.5/Unsqueeze_1
[2026-03-15 16:16:26.685] [info] Layer /blocks.5/Unsqueeze_1 finish at 1848707
[2026-03-15 16:16:26.685] [info] Total compute time 277
[2026-03-15 16:16:26.685] [info] executable layer count 30
[2026-03-15 16:16:26.685] [info] Start layer /blocks.4/Unsqueeze_1
[2026-03-15 16:16:26.715] [info] Layer /blocks.4/Unsqueeze_1 finish at 1848986
[2026-03-15 16:16:26.715] [info] Total compute time 279
[2026-03-15 16:16:26.715] [info] executable layer count 29
[2026-03-15 16:16:26.715] [info] Start layer /blocks.3/Unsqueeze_1
[2026-03-15 16:16:26.743] [info] Layer /blocks.3/Unsqueeze_1 finish at 1849271
[2026-03-15 16:16:26.743] [info] Total compute time 285
[2026-03-15 16:16:26.743] [info] executable layer count 28
[2026-03-15 16:16:26.743] [info] Start layer /blocks.2/Unsqueeze_1
[2026-03-15 16:16:26.771] [info] Layer /blocks.2/Unsqueeze_1 finish at 1849556
[2026-03-15 16:16:26.771] [info] Total compute time 285
[2026-03-15 16:16:26.771] [info] executable layer count 27
[2026-03-15 16:16:26.771] [info] Start layer /blocks.1/Unsqueeze_1
[2026-03-15 16:16:26.798] [info] Layer /blocks.1/Unsqueeze_1 finish at 1849840
[2026-03-15 16:16:26.798] [info] Total compute time 284
[2026-03-15 16:16:26.798] [info] executable layer count 26
[2026-03-15 16:16:26.798] [info] Start layer /blocks.0/Sigmoid
[2026-03-15 16:16:26.836] [info] Layer /blocks.0/Sigmoid finish at 1850214
[2026-03-15 16:16:26.836] [info] Total compute time 374
[2026-03-15 16:16:26.837] [info] executable layer count 26
[2026-03-15 16:16:26.837] [info] Start layer /blocks.0/Concat
[2026-03-15 16:16:26.944] [info] Layer /blocks.0/Concat finish at 1851025
[2026-03-15 16:16:26.944] [info] Total compute time 811
[2026-03-15 16:16:26.944] [info] executable layer count 26
[2026-03-15 16:16:26.944] [info] Start layer /blocks.1/Sigmoid
[2026-03-15 16:16:27.047] [info] Layer /blocks.1/Sigmoid finish at 1851898
[2026-03-15 16:16:27.047] [info] Total compute time 873
[2026-03-15 16:16:27.047] [info] executable layer count 26
[2026-03-15 16:16:27.047] [info] Start layer /blocks.0/Mul_6
[2026-03-15 16:16:27.071] [info] Layer /blocks.0/Mul_6 finish at 1852138
[2026-03-15 16:16:27.071] [info] Total compute time 240
[2026-03-15 16:16:27.072] [info] executable layer count 25
[2026-03-15 16:16:27.072] [info] Start layer /blocks.20/Sigmoid
[2026-03-15 16:16:27.107] [info] Layer /blocks.20/Sigmoid finish at 1852392
[2026-03-15 16:16:27.107] [info] Total compute time 254
[2026-03-15 16:16:27.107] [info] executable layer count 25
[2026-03-15 16:16:27.107] [info] Start layer /blocks.6/Sigmoid
[2026-03-15 16:16:27.157] [info] Layer /blocks.6/Sigmoid finish at 1852837
[2026-03-15 16:16:27.157] [info] Total compute time 445
[2026-03-15 16:16:27.157] [info] executable layer count 25
[2026-03-15 16:16:27.157] [info] Start layer /blocks.16/Sigmoid
[2026-03-15 16:16:27.200] [info] Layer /blocks.16/Sigmoid finish at 1853270
[2026-03-15 16:16:27.200] [info] Total compute time 433
[2026-03-15 16:16:27.200] [info] executable layer count 25
[2026-03-15 16:16:27.200] [info] Start layer /blocks.2/Sigmoid
[2026-03-15 16:16:27.250] [info] Layer /blocks.2/Sigmoid finish at 1853710
[2026-03-15 16:16:27.250] [info] Total compute time 440
[2026-03-15 16:16:27.250] [info] executable layer count 25
[2026-03-15 16:16:27.250] [info] Start layer /blocks.3/Sigmoid
[2026-03-15 16:16:27.328] [info] Layer /blocks.3/Sigmoid finish at 1854128
[2026-03-15 16:16:27.328] [info] Total compute time 418
[2026-03-15 16:16:27.328] [info] executable layer count 25
[2026-03-15 16:16:27.328] [info] Start layer /blocks.4/Sigmoid
[2026-03-15 16:16:27.386] [info] Layer /blocks.4/Sigmoid finish at 1854555
[2026-03-15 16:16:27.386] [info] Total compute time 427
[2026-03-15 16:16:27.386] [info] executable layer count 25
[2026-03-15 16:16:27.386] [info] Start layer /blocks.5/Sigmoid
[2026-03-15 16:16:27.431] [info] Layer /blocks.5/Sigmoid finish at 1854971
[2026-03-15 16:16:27.431] [info] Total compute time 416
[2026-03-15 16:16:27.431] [info] executable layer count 25
[2026-03-15 16:16:27.431] [info] Start layer /blocks.7/Sigmoid
[2026-03-15 16:16:27.466] [info] HBM2-CH_0: BW utilization 59% (2890 reads, 2834 writes)
[2026-03-15 16:16:27.485] [info] Layer /blocks.7/Sigmoid finish at 1855396
[2026-03-15 16:16:27.485] [info] Total compute time 425
[2026-03-15 16:16:27.485] [info] executable layer count 25
[2026-03-15 16:16:27.485] [info] Start layer /blocks.8/Sigmoid
[2026-03-15 16:16:27.532] [info] Layer /blocks.8/Sigmoid finish at 1855817
[2026-03-15 16:16:27.532] [info] Total compute time 421
[2026-03-15 16:16:27.532] [info] executable layer count 25
[2026-03-15 16:16:27.532] [info] Start layer /blocks.9/Sigmoid
[2026-03-15 16:16:27.550] [info] Core [0] Tile Stats | Issued: 389 Running: 0 Finished: 389
[2026-03-15 16:16:27.550] [info] cycle: [1856000]
[2026-03-15 16:16:27.550] [info] Core [1] Tile Stats | Issued: 389 Running: 0 Finished: 389
[2026-03-15 16:16:27.550] [info] cycle: [1856000]
[2026-03-15 16:16:27.550] [info] Core [2] Tile Stats | Issued: 389 Running: 0 Finished: 389
[2026-03-15 16:16:27.550] [info] cycle: [1856000]
[2026-03-15 16:16:27.550] [info] Tile  status /blocks.9/Sigmoid, instructions left 5
[2026-03-15 16:16:27.550] [info] Core [3] Tile Stats | Issued: 390 Running: 1 Finished: 389
[2026-03-15 16:16:27.550] [info] cycle: [1856000]
[2026-03-15 16:16:27.574] [info] Layer /blocks.9/Sigmoid finish at 1856239
[2026-03-15 16:16:27.574] [info] Total compute time 422
[2026-03-15 16:16:27.574] [info] executable layer count 25
[2026-03-15 16:16:27.574] [info] Start layer /blocks.10/Sigmoid
[2026-03-15 16:16:27.617] [info] Layer /blocks.10/Sigmoid finish at 1856675
[2026-03-15 16:16:27.617] [info] Total compute time 436
[2026-03-15 16:16:27.617] [info] executable layer count 25
[2026-03-15 16:16:27.617] [info] Start layer /blocks.11/Sigmoid
[2026-03-15 16:16:27.660] [info] Layer /blocks.11/Sigmoid finish at 1857097
[2026-03-15 16:16:27.660] [info] Total compute time 422
[2026-03-15 16:16:27.660] [info] executable layer count 25
[2026-03-15 16:16:27.660] [info] Start layer /blocks.12/Sigmoid
[2026-03-15 16:16:27.704] [info] Layer /blocks.12/Sigmoid finish at 1857525
[2026-03-15 16:16:27.704] [info] Total compute time 428
[2026-03-15 16:16:27.704] [info] executable layer count 25
[2026-03-15 16:16:27.704] [info] Start layer /blocks.13/Sigmoid
[2026-03-15 16:16:27.747] [info] Layer /blocks.13/Sigmoid finish at 1857955
[2026-03-15 16:16:27.748] [info] Total compute time 430
[2026-03-15 16:16:27.748] [info] executable layer count 25
[2026-03-15 16:16:27.748] [info] Start layer /blocks.14/Sigmoid
[2026-03-15 16:16:27.791] [info] Layer /blocks.14/Sigmoid finish at 1858388
[2026-03-15 16:16:27.791] [info] Total compute time 433
[2026-03-15 16:16:27.791] [info] executable layer count 25
[2026-03-15 16:16:27.791] [info] Start layer /blocks.15/Sigmoid
[2026-03-15 16:16:27.835] [info] Layer /blocks.15/Sigmoid finish at 1858817
[2026-03-15 16:16:27.835] [info] Total compute time 429
[2026-03-15 16:16:27.835] [info] executable layer count 25
[2026-03-15 16:16:27.835] [info] Start layer /blocks.17/Sigmoid
[2026-03-15 16:16:27.882] [info] Layer /blocks.17/Sigmoid finish at 1859248
[2026-03-15 16:16:27.882] [info] Total compute time 431
[2026-03-15 16:16:27.882] [info] executable layer count 25
[2026-03-15 16:16:27.882] [info] Start layer /blocks.18/Sigmoid
[2026-03-15 16:16:27.927] [info] Layer /blocks.18/Sigmoid finish at 1859678
[2026-03-15 16:16:27.927] [info] Total compute time 430
[2026-03-15 16:16:27.927] [info] executable layer count 25
[2026-03-15 16:16:27.927] [info] Start layer /blocks.19/Sigmoid
[2026-03-15 16:16:27.977] [info] Layer /blocks.19/Sigmoid finish at 1860100
[2026-03-15 16:16:27.977] [info] Total compute time 422
[2026-03-15 16:16:27.977] [info] executable layer count 25
[2026-03-15 16:16:27.977] [info] Start layer /blocks.21/Sigmoid
[2026-03-15 16:16:28.030] [info] Layer /blocks.21/Sigmoid finish at 1860528
[2026-03-15 16:16:28.030] [info] Total compute time 428
[2026-03-15 16:16:28.030] [info] executable layer count 25
[2026-03-15 16:16:28.030] [info] Start layer /blocks.22/Sigmoid
[2026-03-15 16:16:28.087] [info] Layer /blocks.22/Sigmoid finish at 1860959
[2026-03-15 16:16:28.087] [info] Total compute time 431
[2026-03-15 16:16:28.087] [info] executable layer count 25
[2026-03-15 16:16:28.087] [info] Start layer /blocks.23/Sigmoid
[2026-03-15 16:16:28.144] [info] Layer /blocks.23/Sigmoid finish at 1861383
[2026-03-15 16:16:28.144] [info] Total compute time 424
[2026-03-15 16:16:28.144] [info] executable layer count 25
[2026-03-15 16:16:28.144] [info] Start layer /blocks.0/Mul
[2026-03-15 16:16:28.257] [info] Layer /blocks.0/Mul finish at 1862037
[2026-03-15 16:16:28.257] [info] Total compute time 654
[2026-03-15 16:16:28.257] [info] executable layer count 27
[2026-03-15 16:16:28.257] [info] Start layer /Unsqueeze
[2026-03-15 16:16:28.358] [info] Layer /Unsqueeze finish at 1862702
[2026-03-15 16:16:28.358] [info] Total compute time 665
[2026-03-15 16:16:28.358] [info] executable layer count 26
[2026-03-15 16:16:28.358] [info] Start layer /blocks.1/Mul
[2026-03-15 16:16:28.395] [info] HBM2-CH_0: BW utilization 59% (3131 reads, 2626 writes)
[2026-03-15 16:16:28.461] [info] Layer /blocks.1/Mul finish at 1863795
[2026-03-15 16:16:28.461] [info] Total compute time 1093
[2026-03-15 16:16:28.461] [info] executable layer count 28
[2026-03-15 16:16:28.461] [info] Start layer /blocks.20/Mul
[2026-03-15 16:16:28.469] [info] Tile  status /blocks.20/Mul, instructions left 2
[2026-03-15 16:16:28.469] [info] Tile  status /blocks.20/Mul, instructions left 2
[2026-03-15 16:16:28.469] [info] Core [0] Tile Stats | Issued: 399 Running: 2 Finished: 397
[2026-03-15 16:16:28.469] [info] cycle: [1864000]
[2026-03-15 16:16:28.469] [info] Tile  status /blocks.20/Mul, instructions left 2
[2026-03-15 16:16:28.469] [info] Tile  status /blocks.20/Mul, instructions left 2
[2026-03-15 16:16:28.469] [info] Core [1] Tile Stats | Issued: 399 Running: 2 Finished: 397
[2026-03-15 16:16:28.469] [info] cycle: [1864000]
[2026-03-15 16:16:28.469] [info] Tile  status /blocks.20/Mul, instructions left 2
[2026-03-15 16:16:28.469] [info] Tile  status /blocks.20/Mul, instructions left 2
[2026-03-15 16:16:28.469] [info] Core [2] Tile Stats | Issued: 399 Running: 2 Finished: 397
[2026-03-15 16:16:28.469] [info] cycle: [1864000]
[2026-03-15 16:16:28.469] [info] Tile  status /blocks.20/Mul, instructions left 2
[2026-03-15 16:16:28.469] [info] Tile  status /blocks.20/Mul, instructions left 2
[2026-03-15 16:16:28.469] [info] Core [3] Tile Stats | Issued: 399 Running: 2 Finished: 397
[2026-03-15 16:16:28.469] [info] cycle: [1864000]
[2026-03-15 16:16:28.490] [info] Layer /blocks.20/Mul finish at 1864236
[2026-03-15 16:16:28.490] [info] Total compute time 441
[2026-03-15 16:16:28.490] [info] executable layer count 30
[2026-03-15 16:16:28.490] [info] Start layer /blocks.6/Mul
[2026-03-15 16:16:28.524] [info] Layer /blocks.6/Mul finish at 1864757
[2026-03-15 16:16:28.524] [info] Total compute time 521
[2026-03-15 16:16:28.524] [info] executable layer count 32
[2026-03-15 16:16:28.524] [info] Start layer /blocks.16/Mul
[2026-03-15 16:16:28.566] [info] Layer /blocks.16/Mul finish at 1865220
[2026-03-15 16:16:28.566] [info] Total compute time 463
[2026-03-15 16:16:28.566] [info] executable layer count 34
[2026-03-15 16:16:28.566] [info] Start layer /blocks.2/Mul
[2026-03-15 16:16:28.600] [info] Layer /blocks.2/Mul finish at 1865674
[2026-03-15 16:16:28.600] [info] Total compute time 454
[2026-03-15 16:16:28.600] [info] executable layer count 36
[2026-03-15 16:16:28.600] [info] Start layer /blocks.3/Mul
[2026-03-15 16:16:28.629] [info] Layer /blocks.3/Mul finish at 1866118
[2026-03-15 16:16:28.629] [info] Total compute time 444
[2026-03-15 16:16:28.629] [info] executable layer count 38
[2026-03-15 16:16:28.629] [info] Start layer /blocks.4/Mul
[2026-03-15 16:16:28.663] [info] Layer /blocks.4/Mul finish at 1866587
[2026-03-15 16:16:28.663] [info] Total compute time 469
[2026-03-15 16:16:28.663] [info] executable layer count 40
[2026-03-15 16:16:28.663] [info] Start layer /blocks.5/Mul
[2026-03-15 16:16:28.690] [info] Layer /blocks.5/Mul finish at 1867029
[2026-03-15 16:16:28.690] [info] Total compute time 442
[2026-03-15 16:16:28.690] [info] executable layer count 42
[2026-03-15 16:16:28.690] [info] Start layer /blocks.7/Mul
[2026-03-15 16:16:28.722] [info] Layer /blocks.7/Mul finish at 1867536
[2026-03-15 16:16:28.722] [info] Total compute time 507
[2026-03-15 16:16:28.722] [info] executable layer count 44
[2026-03-15 16:16:28.722] [info] Start layer /blocks.8/Mul
[2026-03-15 16:16:28.752] [info] Layer /blocks.8/Mul finish at 1867982
[2026-03-15 16:16:28.752] [info] Total compute time 446
[2026-03-15 16:16:28.752] [info] executable layer count 46
[2026-03-15 16:16:28.752] [info] Start layer /blocks.9/Mul
[2026-03-15 16:16:28.789] [info] Layer /blocks.9/Mul finish at 1868512
[2026-03-15 16:16:28.789] [info] Total compute time 530
[2026-03-15 16:16:28.789] [info] executable layer count 48
[2026-03-15 16:16:28.789] [info] Start layer /blocks.10/Mul
[2026-03-15 16:16:28.820] [info] Layer /blocks.10/Mul finish at 1868989
[2026-03-15 16:16:28.820] [info] Total compute time 477
[2026-03-15 16:16:28.820] [info] executable layer count 50
[2026-03-15 16:16:28.820] [info] Start layer /blocks.11/Mul
[2026-03-15 16:16:28.848] [info] Layer /blocks.11/Mul finish at 1869429
[2026-03-15 16:16:28.848] [info] Total compute time 440
[2026-03-15 16:16:28.848] [info] executable layer count 52
[2026-03-15 16:16:28.848] [info] Start layer /blocks.12/Mul
[2026-03-15 16:16:28.876] [info] Layer /blocks.12/Mul finish at 1869881
[2026-03-15 16:16:28.876] [info] Total compute time 452
[2026-03-15 16:16:28.876] [info] executable layer count 54
[2026-03-15 16:16:28.876] [info] Start layer /blocks.13/Mul
[2026-03-15 16:16:28.910] [info] Layer /blocks.13/Mul finish at 1870410
[2026-03-15 16:16:28.910] [info] Total compute time 529
[2026-03-15 16:16:28.910] [info] executable layer count 56
[2026-03-15 16:16:28.910] [info] Start layer /blocks.14/Mul
[2026-03-15 16:16:28.940] [info] Layer /blocks.14/Mul finish at 1870902
[2026-03-15 16:16:28.940] [info] Total compute time 492
[2026-03-15 16:16:28.940] [info] executable layer count 58
[2026-03-15 16:16:28.940] [info] Start layer /blocks.15/Mul
[2026-03-15 16:16:28.957] [info] HBM2-CH_0: BW utilization 75% (4689 reads, 2596 writes)
[2026-03-15 16:16:28.973] [info] Layer /blocks.15/Mul finish at 1871401
[2026-03-15 16:16:28.973] [info] Total compute time 499
[2026-03-15 16:16:28.973] [info] executable layer count 60
[2026-03-15 16:16:28.973] [info] Start layer /blocks.17/Mul
[2026-03-15 16:16:29.003] [info] Layer /blocks.17/Mul finish at 1871868
[2026-03-15 16:16:29.003] [info] Total compute time 467
[2026-03-15 16:16:29.003] [info] executable layer count 62
[2026-03-15 16:16:29.003] [info] Start layer /blocks.18/Mul
[2026-03-15 16:16:29.007] [info] Tile  status /blocks.18/Mul, instructions left 2
[2026-03-15 16:16:29.007] [info] Tile  status /blocks.18/Mul, instructions left 2
[2026-03-15 16:16:29.007] [info] Core [0] Tile Stats | Issued: 437 Running: 2 Finished: 435
[2026-03-15 16:16:29.007] [info] cycle: [1872000]
[2026-03-15 16:16:29.007] [info] Tile  status /blocks.18/Mul, instructions left 2
[2026-03-15 16:16:29.007] [info] Tile  status /blocks.18/Mul, instructions left 2
[2026-03-15 16:16:29.007] [info] Core [1] Tile Stats | Issued: 437 Running: 2 Finished: 435
[2026-03-15 16:16:29.007] [info] cycle: [1872000]
[2026-03-15 16:16:29.007] [info] Tile  status /blocks.18/Mul, instructions left 2
[2026-03-15 16:16:29.007] [info] Tile  status /blocks.18/Mul, instructions left 2
[2026-03-15 16:16:29.007] [info] Core [2] Tile Stats | Issued: 437 Running: 2 Finished: 435
[2026-03-15 16:16:29.007] [info] cycle: [1872000]
[2026-03-15 16:16:29.007] [info] Tile  status /blocks.18/Mul, instructions left 2
[2026-03-15 16:16:29.007] [info] Tile  status /blocks.18/Mul, instructions left 2
[2026-03-15 16:16:29.007] [info] Core [3] Tile Stats | Issued: 438 Running: 2 Finished: 436
[2026-03-15 16:16:29.007] [info] cycle: [1872000]
[2026-03-15 16:16:29.037] [info] Layer /blocks.18/Mul finish at 1872363
[2026-03-15 16:16:29.037] [info] Total compute time 495
[2026-03-15 16:16:29.037] [info] executable layer count 64
[2026-03-15 16:16:29.037] [info] Start layer /blocks.19/Mul
[2026-03-15 16:16:29.085] [info] Layer /blocks.19/Mul finish at 1872847
[2026-03-15 16:16:29.085] [info] Total compute time 484
[2026-03-15 16:16:29.085] [info] executable layer count 66
[2026-03-15 16:16:29.085] [info] Start layer /blocks.21/Mul
[2026-03-15 16:16:29.114] [info] Layer /blocks.21/Mul finish at 1873266
[2026-03-15 16:16:29.114] [info] Total compute time 419
[2026-03-15 16:16:29.114] [info] executable layer count 68
[2026-03-15 16:16:29.114] [info] Start layer /blocks.22/Mul
[2026-03-15 16:16:29.147] [info] Layer /blocks.22/Mul finish at 1873753
[2026-03-15 16:16:29.147] [info] Total compute time 487
[2026-03-15 16:16:29.147] [info] executable layer count 70
[2026-03-15 16:16:29.147] [info] Start layer /blocks.23/Mul
[2026-03-15 16:16:29.178] [info] Layer /blocks.23/Mul finish at 1874204
[2026-03-15 16:16:29.178] [info] Total compute time 451
[2026-03-15 16:16:29.178] [info] executable layer count 72
[2026-03-15 16:16:29.178] [info] Start layer /blocks.0/x_proj/Gemm
[2026-03-15 16:16:29.529] [info] HBM2-CH_0: BW utilization 28% (1752 reads, 993 writes)
[2026-03-15 16:16:29.579] [info] Core [0] Tile Stats | Issued: 446 Running: 0 Finished: 446
[2026-03-15 16:16:29.579] [info] cycle: [1880000]
[2026-03-15 16:16:29.579] [info] Core [1] Tile Stats | Issued: 447 Running: 0 Finished: 447
[2026-03-15 16:16:29.579] [info] cycle: [1880000]
[2026-03-15 16:16:29.579] [info] Core [2] Tile Stats | Issued: 446 Running: 0 Finished: 446
[2026-03-15 16:16:29.579] [info] cycle: [1880000]
[2026-03-15 16:16:29.579] [info] Core [3] Tile Stats | Issued: 447 Running: 0 Finished: 447
[2026-03-15 16:16:29.579] [info] cycle: [1880000]
[2026-03-15 16:16:30.106] [info] HBM2-CH_0: BW utilization 0% (0 reads, 0 writes)
[2026-03-15 16:16:30.155] [info] Core [0] Tile Stats | Issued: 446 Running: 0 Finished: 446
[2026-03-15 16:16:30.155] [info] cycle: [1888000]
[2026-03-15 16:16:30.156] [info] Core [1] Tile Stats | Issued: 447 Running: 0 Finished: 447
[2026-03-15 16:16:30.156] [info] cycle: [1888000]
[2026-03-15 16:16:30.156] [info] Core [2] Tile Stats | Issued: 446 Running: 0 Finished: 446
[2026-03-15 16:16:30.156] [info] cycle: [1888000]
[2026-03-15 16:16:30.156] [info] Core [3] Tile Stats | Issued: 447 Running: 0 Finished: 447
[2026-03-15 16:16:30.156] [info] cycle: [1888000]
[2026-03-15 16:16:30.648] [info] HBM2-CH_0: BW utilization 0% (0 reads, 0 writes)
[2026-03-15 16:16:30.697] [info] Core [0] Tile Stats | Issued: 446 Running: 0 Finished: 446
[2026-03-15 16:16:30.697] [info] cycle: [1896000]
[2026-03-15 16:16:30.697] [info] Core [1] Tile Stats | Issued: 447 Running: 0 Finished: 447
[2026-03-15 16:16:30.697] [info] cycle: [1896000]
[2026-03-15 16:16:30.697] [info] Core [2] Tile Stats | Issued: 446 Running: 0 Finished: 446
[2026-03-15 16:16:30.697] [info] cycle: [1896000]
[2026-03-15 16:16:30.697] [info] Core [3] Tile Stats | Issued: 447 Running: 0 Finished: 447
[2026-03-15 16:16:30.697] [info] cycle: [1896000]
[2026-03-15 16:16:31.240] [info] HBM2-CH_0: BW utilization 0% (0 reads, 0 writes)
[2026-03-15 16:16:31.305] [info] Core [0] Tile Stats | Issued: 446 Running: 0 Finished: 446
[2026-03-15 16:16:31.305] [info] cycle: [1904000]
[2026-03-15 16:16:31.305] [info] Core [1] Tile Stats | Issued: 447 Running: 0 Finished: 447
[2026-03-15 16:16:31.305] [info] cycle: [1904000]
[2026-03-15 16:16:31.305] [info] Core [2] Tile Stats | Issued: 446 Running: 0 Finished: 446
[2026-03-15 16:16:31.305] [info] cycle: [1904000]
[2026-03-15 16:16:31.305] [info] Core [3] Tile Stats | Issued: 447 Running: 0 Finished: 447
[2026-03-15 16:16:31.305] [info] cycle: [1904000]
[2026-03-15 16:16:31.924] [info] HBM2-CH_0: BW utilization 0% (0 reads, 0 writes)
[2026-03-15 16:16:31.980] [info] Core [0] Tile Stats | Issued: 446 Running: 0 Finished: 446
[2026-03-15 16:16:31.980] [info] cycle: [1912000]
[2026-03-15 16:16:31.980] [info] Core [1] Tile Stats | Issued: 447 Running: 0 Finished: 447
[2026-03-15 16:16:31.980] [info] cycle: [1912000]
[2026-03-15 16:16:31.980] [info] Core [2] Tile Stats | Issued: 446 Running: 0 Finished: 446
[2026-03-15 16:16:31.980] [info] cycle: [1912000]
[2026-03-15 16:16:31.980] [info] Core [3] Tile Stats | Issued: 447 Running: 0 Finished: 447
[2026-03-15 16:16:31.980] [info] cycle: [1912000]
[2026-03-15 16:16:32.564] [info] HBM2-CH_0: BW utilization 0% (0 reads, 0 writes)
[2026-03-15 16:16:32.627] [info] Core [0] Tile Stats | Issued: 446 Running: 0 Finished: 446
[2026-03-15 16:16:32.627] [info] cycle: [1920000]
[2026-03-15 16:16:32.627] [info] Core [1] Tile Stats | Issued: 447 Running: 0 Finished: 447
[2026-03-15 16:16:32.627] [info] cycle: [1920000]
[2026-03-15 16:16:32.627] [info] Core [2] Tile Stats | Issued: 446 Running: 0 Finished: 446
[2026-03-15 16:16:32.627] [info] cycle: [1920000]
[2026-03-15 16:16:32.627] [info] Core [3] Tile Stats | Issued: 447 Running: 0 Finished: 447
[2026-03-15 16:16:32.627] [info] cycle: [1920000]
[2026-03-15 16:16:33.186] [info] HBM2-CH_0: BW utilization 0% (0 reads, 0 writes)
[2026-03-15 16:16:33.236] [info] Core [0] Tile Stats | Issued: 446 Running: 0 Finished: 446
[2026-03-15 16:16:33.236] [info] cycle: [1928000]
[2026-03-15 16:16:33.236] [info] Core [1] Tile Stats | Issued: 447 Running: 0 Finished: 447
[2026-03-15 16:16:33.236] [info] cycle: [1928000]
[2026-03-15 16:16:33.236] [info] Core [2] Tile Stats | Issued: 446 Running: 0 Finished: 446
[2026-03-15 16:16:33.236] [info] cycle: [1928000]
[2026-03-15 16:16:33.236] [info] Core [3] Tile Stats | Issued: 447 Running: 0 Finished: 447
[2026-03-15 16:16:33.236] [info] cycle: [1928000]
[2026-03-15 16:16:33.785] [info] HBM2-CH_0: BW utilization 0% (0 reads, 0 writes)
[2026-03-15 16:16:33.839] [info] Core [0] Tile Stats | Issued: 446 Running: 0 Finished: 446
[2026-03-15 16:16:33.839] [info] cycle: [1936000]
[2026-03-15 16:16:33.839] [info] Core [1] Tile Stats | Issued: 447 Running: 0 Finished: 447
[2026-03-15 16:16:33.839] [info] cycle: [1936000]
[2026-03-15 16:16:33.839] [info] Core [2] Tile Stats | Issued: 446 Running: 0 Finished: 446
[2026-03-15 16:16:33.839] [info] cycle: [1936000]
[2026-03-15 16:16:33.839] [info] Core [3] Tile Stats | Issued: 447 Running: 0 Finished: 447
[2026-03-15 16:16:33.839] [info] cycle: [1936000]
[2026-03-15 16:16:34.350] [info] HBM2-CH_0: BW utilization 0% (0 reads, 0 writes)
[2026-03-15 16:16:34.403] [info] Core [0] Tile Stats | Issued: 446 Running: 0 Finished: 446
[2026-03-15 16:16:34.403] [info] cycle: [1944000]
[2026-03-15 16:16:34.403] [info] Core [1] Tile Stats | Issued: 447 Running: 0 Finished: 447
[2026-03-15 16:16:34.403] [info] cycle: [1944000]
[2026-03-15 16:16:34.403] [info] Core [2] Tile Stats | Issued: 446 Running: 0 Finished: 446
[2026-03-15 16:16:34.403] [info] cycle: [1944000]
[2026-03-15 16:16:34.403] [info] Core [3] Tile Stats | Issued: 447 Running: 0 Finished: 447
[2026-03-15 16:16:34.403] [info] cycle: [1944000]
[2026-03-15 16:16:35.144] [info] HBM2-CH_0: BW utilization 0% (0 reads, 0 writes)
[2026-03-15 16:16:35.205] [info] Core [0] Tile Stats | Issued: 446 Running: 0 Finished: 446
[2026-03-15 16:16:35.205] [info] cycle: [1952000]
[2026-03-15 16:16:35.205] [info] Core [1] Tile Stats | Issued: 447 Running: 0 Finished: 447
[2026-03-15 16:16:35.205] [info] cycle: [1952000]
[2026-03-15 16:16:35.205] [info] Core [2] Tile Stats | Issued: 446 Running: 0 Finished: 446
[2026-03-15 16:16:35.205] [info] cycle: [1952000]
[2026-03-15 16:16:35.205] [info] Core [3] Tile Stats | Issued: 447 Running: 0 Finished: 447
[2026-03-15 16:16:35.205] [info] cycle: [1952000]
[2026-03-15 16:16:35.838] [info] HBM2-CH_0: BW utilization 0% (0 reads, 0 writes)
[2026-03-15 16:16:35.895] [info] Core [0] Tile Stats | Issued: 446 Running: 0 Finished: 446
[2026-03-15 16:16:35.895] [info] cycle: [1960000]
[2026-03-15 16:16:35.895] [info] Core [1] Tile Stats | Issued: 447 Running: 0 Finished: 447
[2026-03-15 16:16:35.895] [info] cycle: [1960000]
[2026-03-15 16:16:35.895] [info] Core [2] Tile Stats | Issued: 446 Running: 0 Finished: 446
[2026-03-15 16:16:35.895] [info] cycle: [1960000]
[2026-03-15 16:16:35.895] [info] Core [3] Tile Stats | Issued: 447 Running: 0 Finished: 447
[2026-03-15 16:16:35.895] [info] cycle: [1960000]
[2026-03-15 16:16:36.473] [info] HBM2-CH_0: BW utilization 0% (0 reads, 0 writes)
[2026-03-15 16:16:36.547] [info] Core [0] Tile Stats | Issued: 446 Running: 0 Finished: 446
[2026-03-15 16:16:36.547] [info] cycle: [1968000]
[2026-03-15 16:16:36.547] [info] Core [1] Tile Stats | Issued: 447 Running: 0 Finished: 447
[2026-03-15 16:16:36.547] [info] cycle: [1968000]
[2026-03-15 16:16:36.547] [info] Core [2] Tile Stats | Issued: 446 Running: 0 Finished: 446
[2026-03-15 16:16:36.547] [info] cycle: [1968000]
[2026-03-15 16:16:36.547] [info] Core [3] Tile Stats | Issued: 447 Running: 0 Finished: 447
[2026-03-15 16:16:36.547] [info] cycle: [1968000]
[2026-03-15 16:16:37.126] [info] HBM2-CH_0: BW utilization 0% (0 reads, 0 writes)
[2026-03-15 16:16:37.184] [info] Core [0] Tile Stats | Issued: 446 Running: 0 Finished: 446
[2026-03-15 16:16:37.184] [info] cycle: [1976000]
[2026-03-15 16:16:37.184] [info] Core [1] Tile Stats | Issued: 447 Running: 0 Finished: 447
[2026-03-15 16:16:37.184] [info] cycle: [1976000]
[2026-03-15 16:16:37.184] [info] Core [2] Tile Stats | Issued: 446 Running: 0 Finished: 446
[2026-03-15 16:16:37.184] [info] cycle: [1976000]
[2026-03-15 16:16:37.184] [info] Core [3] Tile Stats | Issued: 447 Running: 0 Finished: 447
[2026-03-15 16:16:37.184] [info] cycle: [1976000]
[2026-03-15 16:16:37.744] [info] HBM2-CH_0: BW utilization 0% (0 reads, 0 writes)
[2026-03-15 16:16:37.801] [info] Core [0] Tile Stats | Issued: 446 Running: 0 Finished: 446
[2026-03-15 16:16:37.801] [info] cycle: [1984000]
[2026-03-15 16:16:37.801] [info] Core [1] Tile Stats | Issued: 447 Running: 0 Finished: 447
[2026-03-15 16:16:37.801] [info] cycle: [1984000]
[2026-03-15 16:16:37.801] [info] Core [2] Tile Stats | Issued: 446 Running: 0 Finished: 446
[2026-03-15 16:16:37.801] [info] cycle: [1984000]
[2026-03-15 16:16:37.801] [info] Core [3] Tile Stats | Issued: 447 Running: 0 Finished: 447
[2026-03-15 16:16:37.801] [info] cycle: [1984000]
[2026-03-15 16:16:38.313] [info] HBM2-CH_0: BW utilization 0% (0 reads, 0 writes)
[2026-03-15 16:16:38.368] [info] Core [0] Tile Stats | Issued: 446 Running: 0 Finished: 446
[2026-03-15 16:16:38.368] [info] cycle: [1992000]
[2026-03-15 16:16:38.368] [info] Core [1] Tile Stats | Issued: 447 Running: 0 Finished: 447
[2026-03-15 16:16:38.368] [info] cycle: [1992000]
[2026-03-15 16:16:38.368] [info] Core [2] Tile Stats | Issued: 446 Running: 0 Finished: 446
[2026-03-15 16:16:38.368] [info] cycle: [1992000]
[2026-03-15 16:16:38.368] [info] Core [3] Tile Stats | Issued: 447 Running: 0 Finished: 447
[2026-03-15 16:16:38.368] [info] cycle: [1992000]
[2026-03-15 16:16:38.875] [info] HBM2-CH_0: BW utilization 0% (0 reads, 0 writes)
[2026-03-15 16:16:38.929] [info] Core [0] Tile Stats | Issued: 446 Running: 0 Finished: 446
[2026-03-15 16:16:38.929] [info] cycle: [2000000]
[2026-03-15 16:16:38.929] [info] Core [1] Tile Stats | Issued: 447 Running: 0 Finished: 447
[2026-03-15 16:16:38.929] [info] cycle: [2000000]
[2026-03-15 16:16:38.929] [info] Core [2] Tile Stats | Issued: 446 Running: 0 Finished: 446
[2026-03-15 16:16:38.929] [info] cycle: [2000000]
[2026-03-15 16:16:38.929] [info] Core [3] Tile Stats | Issued: 447 Running: 0 Finished: 447
[2026-03-15 16:16:38.929] [info] cycle: [2000000]
[2026-03-15 16:16:39.453] [info] HBM2-CH_0: BW utilization 0% (0 reads, 0 writes)
[2026-03-15 16:16:39.510] [info] Core [0] Tile Stats | Issued: 446 Running: 0 Finished: 446
[2026-03-15 16:16:39.510] [info] cycle: [2008000]
[2026-03-15 16:16:39.510] [info] Core [1] Tile Stats | Issued: 447 Running: 0 Finished: 447
[2026-03-15 16:16:39.510] [info] cycle: [2008000]
[2026-03-15 16:16:39.510] [info] Core [2] Tile Stats | Issued: 446 Running: 0 Finished: 446
[2026-03-15 16:16:39.510] [info] cycle: [2008000]
[2026-03-15 16:16:39.510] [info] Core [3] Tile Stats | Issued: 447 Running: 0 Finished: 447
[2026-03-15 16:16:39.510] [info] cycle: [2008000]
[2026-03-15 16:16:40.020] [info] HBM2-CH_0: BW utilization 0% (0 reads, 0 writes)
[2026-03-15 16:16:40.074] [info] Core [0] Tile Stats | Issued: 446 Running: 0 Finished: 446
[2026-03-15 16:16:40.074] [info] cycle: [2016000]
[2026-03-15 16:16:40.074] [info] Core [1] Tile Stats | Issued: 447 Running: 0 Finished: 447
[2026-03-15 16:16:40.074] [info] cycle: [2016000]
[2026-03-15 16:16:40.074] [info] Core [2] Tile Stats | Issued: 446 Running: 0 Finished: 446
[2026-03-15 16:16:40.074] [info] cycle: [2016000]
[2026-03-15 16:16:40.074] [info] Core [3] Tile Stats | Issued: 447 Running: 0 Finished: 447
[2026-03-15 16:16:40.074] [info] cycle: [2016000]
[2026-03-15 16:16:40.581] [info] HBM2-CH_0: BW utilization 0% (0 reads, 0 writes)
[2026-03-15 16:16:40.636] [info] Core [0] Tile Stats | Issued: 446 Running: 0 Finished: 446
[2026-03-15 16:16:40.636] [info] cycle: [2024000]
[2026-03-15 16:16:40.636] [info] Core [1] Tile Stats | Issued: 447 Running: 0 Finished: 447
[2026-03-15 16:16:40.636] [info] cycle: [2024000]
[2026-03-15 16:16:40.636] [info] Core [2] Tile Stats | Issued: 446 Running: 0 Finished: 446
[2026-03-15 16:16:40.636] [info] cycle: [2024000]
[2026-03-15 16:16:40.636] [info] Core [3] Tile Stats | Issued: 447 Running: 0 Finished: 447
[2026-03-15 16:16:40.636] [info] cycle: [2024000]
[2026-03-15 16:16:41.138] [info] HBM2-CH_0: BW utilization 0% (0 reads, 0 writes)
[2026-03-15 16:16:41.194] [info] Core [0] Tile Stats | Issued: 446 Running: 0 Finished: 446
[2026-03-15 16:16:41.194] [info] cycle: [2032000]
[2026-03-15 16:16:41.194] [info] Core [1] Tile Stats | Issued: 447 Running: 0 Finished: 447
[2026-03-15 16:16:41.194] [info] cycle: [2032000]
[2026-03-15 16:16:41.194] [info] Core [2] Tile Stats | Issued: 446 Running: 0 Finished: 446
[2026-03-15 16:16:41.194] [info] cycle: [2032000]
[2026-03-15 16:16:41.194] [info] Core [3] Tile Stats | Issued: 447 Running: 0 Finished: 447
[2026-03-15 16:16:41.194] [info] cycle: [2032000]
[2026-03-15 16:16:41.715] [info] HBM2-CH_0: BW utilization 0% (0 reads, 0 writes)
[2026-03-15 16:16:41.770] [info] Core [0] Tile Stats | Issued: 446 Running: 0 Finished: 446
[2026-03-15 16:16:41.770] [info] cycle: [2040000]
[2026-03-15 16:16:41.770] [info] Core [1] Tile Stats | Issued: 447 Running: 0 Finished: 447
[2026-03-15 16:16:41.770] [info] cycle: [2040000]
[2026-03-15 16:16:41.770] [info] Core [2] Tile Stats | Issued: 446 Running: 0 Finished: 446
[2026-03-15 16:16:41.770] [info] cycle: [2040000]
[2026-03-15 16:16:41.770] [info] Core [3] Tile Stats | Issued: 447 Running: 0 Finished: 447
[2026-03-15 16:16:41.770] [info] cycle: [2040000]
[2026-03-15 16:16:42.276] [info] HBM2-CH_0: BW utilization 0% (0 reads, 0 writes)
[2026-03-15 16:16:42.332] [info] Core [0] Tile Stats | Issued: 446 Running: 0 Finished: 446
[2026-03-15 16:16:42.332] [info] cycle: [2048000]
[2026-03-15 16:16:42.332] [info] Core [1] Tile Stats | Issued: 447 Running: 0 Finished: 447
[2026-03-15 16:16:42.332] [info] cycle: [2048000]
[2026-03-15 16:16:42.332] [info] Core [2] Tile Stats | Issued: 446 Running: 0 Finished: 446
[2026-03-15 16:16:42.332] [info] cycle: [2048000]
[2026-03-15 16:16:42.332] [info] Core [3] Tile Stats | Issued: 447 Running: 0 Finished: 447
[2026-03-15 16:16:42.332] [info] cycle: [2048000]
[2026-03-15 16:16:42.834] [info] HBM2-CH_0: BW utilization 0% (0 reads, 0 writes)
[2026-03-15 16:16:42.889] [info] Core [0] Tile Stats | Issued: 446 Running: 0 Finished: 446
[2026-03-15 16:16:42.889] [info] cycle: [2056000]
[2026-03-15 16:16:42.889] [info] Core [1] Tile Stats | Issued: 447 Running: 0 Finished: 447
[2026-03-15 16:16:42.889] [info] cycle: [2056000]
[2026-03-15 16:16:42.889] [info] Core [2] Tile Stats | Issued: 446 Running: 0 Finished: 446
[2026-03-15 16:16:42.889] [info] cycle: [2056000]
[2026-03-15 16:16:42.889] [info] Core [3] Tile Stats | Issued: 447 Running: 0 Finished: 447
[2026-03-15 16:16:42.889] [info] cycle: [2056000]
[2026-03-15 16:16:43.392] [info] HBM2-CH_0: BW utilization 0% (0 reads, 0 writes)
[2026-03-15 16:16:43.448] [info] Core [0] Tile Stats | Issued: 446 Running: 0 Finished: 446
[2026-03-15 16:16:43.448] [info] cycle: [2064000]
[2026-03-15 16:16:43.449] [info] Core [1] Tile Stats | Issued: 447 Running: 0 Finished: 447
[2026-03-15 16:16:43.449] [info] cycle: [2064000]
[2026-03-15 16:16:43.449] [info] Core [2] Tile Stats | Issued: 446 Running: 0 Finished: 446
[2026-03-15 16:16:43.449] [info] cycle: [2064000]
[2026-03-15 16:16:43.449] [info] Core [3] Tile Stats | Issued: 447 Running: 0 Finished: 447
[2026-03-15 16:16:43.449] [info] cycle: [2064000]
[2026-03-15 16:16:43.973] [info] HBM2-CH_0: BW utilization 0% (0 reads, 0 writes)
[2026-03-15 16:16:44.029] [info] Core [0] Tile Stats | Issued: 446 Running: 0 Finished: 446
[2026-03-15 16:16:44.029] [info] cycle: [2072000]
[2026-03-15 16:16:44.029] [info] Core [1] Tile Stats | Issued: 447 Running: 0 Finished: 447
[2026-03-15 16:16:44.029] [info] cycle: [2072000]
[2026-03-15 16:16:44.029] [info] Core [2] Tile Stats | Issued: 446 Running: 0 Finished: 446
[2026-03-15 16:16:44.029] [info] cycle: [2072000]
[2026-03-15 16:16:44.029] [info] Core [3] Tile Stats | Issued: 447 Running: 0 Finished: 447
[2026-03-15 16:16:44.029] [info] cycle: [2072000]
[2026-03-15 16:16:44.530] [info] HBM2-CH_0: BW utilization 0% (0 reads, 0 writes)
[2026-03-15 16:16:44.586] [info] Core [0] Tile Stats | Issued: 446 Running: 0 Finished: 446
[2026-03-15 16:16:44.586] [info] cycle: [2080000]
[2026-03-15 16:16:44.586] [info] Core [1] Tile Stats | Issued: 447 Running: 0 Finished: 447
[2026-03-15 16:16:44.586] [info] cycle: [2080000]
[2026-03-15 16:16:44.586] [info] Core [2] Tile Stats | Issued: 446 Running: 0 Finished: 446
[2026-03-15 16:16:44.586] [info] cycle: [2080000]
[2026-03-15 16:16:44.586] [info] Core [3] Tile Stats | Issued: 447 Running: 0 Finished: 447
[2026-03-15 16:16:44.586] [info] cycle: [2080000]
[2026-03-15 16:16:45.084] [info] HBM2-CH_0: BW utilization 0% (0 reads, 0 writes)
[2026-03-15 16:16:45.142] [info] Core [0] Tile Stats | Issued: 446 Running: 0 Finished: 446
[2026-03-15 16:16:45.142] [info] cycle: [2088000]
[2026-03-15 16:16:45.142] [info] Core [1] Tile Stats | Issued: 447 Running: 0 Finished: 447
[2026-03-15 16:16:45.142] [info] cycle: [2088000]
[2026-03-15 16:16:45.142] [info] Core [2] Tile Stats | Issued: 446 Running: 0 Finished: 446
[2026-03-15 16:16:45.142] [info] cycle: [2088000]
[2026-03-15 16:16:45.142] [info] Core [3] Tile Stats | Issued: 447 Running: 0 Finished: 447
[2026-03-15 16:16:45.142] [info] cycle: [2088000]
[2026-03-15 16:16:45.621] [info] HBM2-CH_0: BW utilization 0% (0 reads, 0 writes)
[2026-03-15 16:16:45.676] [info] Core [0] Tile Stats | Issued: 446 Running: 0 Finished: 446
[2026-03-15 16:16:45.676] [info] cycle: [2096000]
[2026-03-15 16:16:45.676] [info] Core [1] Tile Stats | Issued: 447 Running: 0 Finished: 447
[2026-03-15 16:16:45.676] [info] cycle: [2096000]
[2026-03-15 16:16:45.676] [info] Core [2] Tile Stats | Issued: 446 Running: 0 Finished: 446
[2026-03-15 16:16:45.676] [info] cycle: [2096000]
[2026-03-15 16:16:45.676] [info] Core [3] Tile Stats | Issued: 447 Running: 0 Finished: 447
[2026-03-15 16:16:45.676] [info] cycle: [2096000]
[2026-03-15 16:16:46.197] [info] HBM2-CH_0: BW utilization 0% (0 reads, 0 writes)
[2026-03-15 16:16:46.253] [info] Core [0] Tile Stats | Issued: 446 Running: 0 Finished: 446
[2026-03-15 16:16:46.253] [info] cycle: [2104000]
[2026-03-15 16:16:46.253] [info] Core [1] Tile Stats | Issued: 447 Running: 0 Finished: 447
[2026-03-15 16:16:46.253] [info] cycle: [2104000]
[2026-03-15 16:16:46.253] [info] Core [2] Tile Stats | Issued: 446 Running: 0 Finished: 446
[2026-03-15 16:16:46.253] [info] cycle: [2104000]
[2026-03-15 16:16:46.253] [info] Core [3] Tile Stats | Issued: 447 Running: 0 Finished: 447
[2026-03-15 16:16:46.253] [info] cycle: [2104000]
[2026-03-15 16:16:46.741] [info] HBM2-CH_0: BW utilization 0% (0 reads, 0 writes)
[2026-03-15 16:16:46.798] [info] Core [0] Tile Stats | Issued: 446 Running: 0 Finished: 446
[2026-03-15 16:16:46.798] [info] cycle: [2112000]
[2026-03-15 16:16:46.798] [info] Core [1] Tile Stats | Issued: 447 Running: 0 Finished: 447
[2026-03-15 16:16:46.798] [info] cycle: [2112000]
[2026-03-15 16:16:46.798] [info] Core [2] Tile Stats | Issued: 446 Running: 0 Finished: 446
[2026-03-15 16:16:46.798] [info] cycle: [2112000]
[2026-03-15 16:16:46.798] [info] Core [3] Tile Stats | Issued: 447 Running: 0 Finished: 447
[2026-03-15 16:16:46.798] [info] cycle: [2112000]
[2026-03-15 16:16:47.283] [info] HBM2-CH_0: BW utilization 0% (0 reads, 0 writes)
[2026-03-15 16:16:47.338] [info] Core [0] Tile Stats | Issued: 446 Running: 0 Finished: 446
[2026-03-15 16:16:47.338] [info] cycle: [2120000]
[2026-03-15 16:16:47.338] [info] Core [1] Tile Stats | Issued: 447 Running: 0 Finished: 447
[2026-03-15 16:16:47.338] [info] cycle: [2120000]
[2026-03-15 16:16:47.338] [info] Core [2] Tile Stats | Issued: 446 Running: 0 Finished: 446
[2026-03-15 16:16:47.338] [info] cycle: [2120000]
[2026-03-15 16:16:47.338] [info] Core [3] Tile Stats | Issued: 447 Running: 0 Finished: 447
[2026-03-15 16:16:47.338] [info] cycle: [2120000]
[2026-03-15 16:16:47.831] [info] HBM2-CH_0: BW utilization 0% (0 reads, 0 writes)
[2026-03-15 16:16:47.888] [info] Core [0] Tile Stats | Issued: 446 Running: 0 Finished: 446
[2026-03-15 16:16:47.888] [info] cycle: [2128000]
[2026-03-15 16:16:47.888] [info] Core [1] Tile Stats | Issued: 447 Running: 0 Finished: 447
[2026-03-15 16:16:47.888] [info] cycle: [2128000]
[2026-03-15 16:16:47.888] [info] Core [2] Tile Stats | Issued: 446 Running: 0 Finished: 446
[2026-03-15 16:16:47.888] [info] cycle: [2128000]
[2026-03-15 16:16:47.888] [info] Core [3] Tile Stats | Issued: 447 Running: 0 Finished: 447
[2026-03-15 16:16:47.888] [info] cycle: [2128000]
[2026-03-15 16:16:48.449] [info] HBM2-CH_0: BW utilization 0% (0 reads, 0 writes)
[2026-03-15 16:16:48.506] [info] Core [0] Tile Stats | Issued: 446 Running: 0 Finished: 446
[2026-03-15 16:16:48.506] [info] cycle: [2136000]
[2026-03-15 16:16:48.506] [info] Core [1] Tile Stats | Issued: 447 Running: 0 Finished: 447
[2026-03-15 16:16:48.506] [info] cycle: [2136000]
[2026-03-15 16:16:48.506] [info] Core [2] Tile Stats | Issued: 446 Running: 0 Finished: 446
[2026-03-15 16:16:48.506] [info] cycle: [2136000]
[2026-03-15 16:16:48.506] [info] Core [3] Tile Stats | Issued: 447 Running: 0 Finished: 447
[2026-03-15 16:16:48.506] [info] cycle: [2136000]
[2026-03-15 16:16:48.992] [info] HBM2-CH_0: BW utilization 0% (0 reads, 0 writes)
[2026-03-15 16:16:49.048] [info] Core [0] Tile Stats | Issued: 446 Running: 0 Finished: 446
[2026-03-15 16:16:49.048] [info] cycle: [2144000]
[2026-03-15 16:16:49.048] [info] Core [1] Tile Stats | Issued: 447 Running: 0 Finished: 447
[2026-03-15 16:16:49.048] [info] cycle: [2144000]
[2026-03-15 16:16:49.048] [info] Core [2] Tile Stats | Issued: 446 Running: 0 Finished: 446
[2026-03-15 16:16:49.048] [info] cycle: [2144000]
[2026-03-15 16:16:49.048] [info] Core [3] Tile Stats | Issued: 447 Running: 0 Finished: 447
[2026-03-15 16:16:49.048] [info] cycle: [2144000]
[2026-03-15 16:16:49.533] [info] HBM2-CH_0: BW utilization 0% (0 reads, 0 writes)
[2026-03-15 16:16:49.588] [info] Core [0] Tile Stats | Issued: 446 Running: 0 Finished: 446
[2026-03-15 16:16:49.588] [info] cycle: [2152000]
[2026-03-15 16:16:49.588] [info] Core [1] Tile Stats | Issued: 447 Running: 0 Finished: 447
[2026-03-15 16:16:49.588] [info] cycle: [2152000]
[2026-03-15 16:16:49.588] [info] Core [2] Tile Stats | Issued: 446 Running: 0 Finished: 446
[2026-03-15 16:16:49.588] [info] cycle: [2152000]
[2026-03-15 16:16:49.588] [info] Core [3] Tile Stats | Issued: 447 Running: 0 Finished: 447
[2026-03-15 16:16:49.588] [info] cycle: [2152000]
[2026-03-15 16:16:50.071] [info] HBM2-CH_0: BW utilization 0% (0 reads, 0 writes)
[2026-03-15 16:16:50.128] [info] Core [0] Tile Stats | Issued: 446 Running: 0 Finished: 446
[2026-03-15 16:16:50.128] [info] cycle: [2160000]
[2026-03-15 16:16:50.128] [info] Core [1] Tile Stats | Issued: 447 Running: 0 Finished: 447
[2026-03-15 16:16:50.128] [info] cycle: [2160000]
[2026-03-15 16:16:50.128] [info] Core [2] Tile Stats | Issued: 446 Running: 0 Finished: 446
[2026-03-15 16:16:50.128] [info] cycle: [2160000]
[2026-03-15 16:16:50.128] [info] Core [3] Tile Stats | Issued: 447 Running: 0 Finished: 447
[2026-03-15 16:16:50.128] [info] cycle: [2160000]
[2026-03-15 16:16:50.644] [info] HBM2-CH_0: BW utilization 0% (0 reads, 0 writes)
[2026-03-15 16:16:50.701] [info] Core [0] Tile Stats | Issued: 446 Running: 0 Finished: 446
[2026-03-15 16:16:50.701] [info] cycle: [2168000]
[2026-03-15 16:16:50.701] [info] Core [1] Tile Stats | Issued: 447 Running: 0 Finished: 447
[2026-03-15 16:16:50.701] [info] cycle: [2168000]
[2026-03-15 16:16:50.701] [info] Core [2] Tile Stats | Issued: 446 Running: 0 Finished: 446
[2026-03-15 16:16:50.701] [info] cycle: [2168000]
[2026-03-15 16:16:50.701] [info] Core [3] Tile Stats | Issued: 447 Running: 0 Finished: 447
[2026-03-15 16:16:50.701] [info] cycle: [2168000]
[2026-03-15 16:16:51.181] [info] HBM2-CH_0: BW utilization 0% (0 reads, 0 writes)
[2026-03-15 16:16:51.238] [info] Core [0] Tile Stats | Issued: 446 Running: 0 Finished: 446
[2026-03-15 16:16:51.238] [info] cycle: [2176000]
[2026-03-15 16:16:51.238] [info] Core [1] Tile Stats | Issued: 447 Running: 0 Finished: 447
[2026-03-15 16:16:51.238] [info] cycle: [2176000]
[2026-03-15 16:16:51.238] [info] Core [2] Tile Stats | Issued: 446 Running: 0 Finished: 446
[2026-03-15 16:16:51.238] [info] cycle: [2176000]
[2026-03-15 16:16:51.238] [info] Core [3] Tile Stats | Issued: 447 Running: 0 Finished: 447
[2026-03-15 16:16:51.238] [info] cycle: [2176000]
[2026-03-15 16:16:51.743] [info] HBM2-CH_0: BW utilization 0% (0 reads, 0 writes)
[2026-03-15 16:16:51.799] [info] Core [0] Tile Stats | Issued: 446 Running: 0 Finished: 446
[2026-03-15 16:16:51.799] [info] cycle: [2184000]
[2026-03-15 16:16:51.799] [info] Core [1] Tile Stats | Issued: 447 Running: 0 Finished: 447
[2026-03-15 16:16:51.799] [info] cycle: [2184000]
[2026-03-15 16:16:51.799] [info] Core [2] Tile Stats | Issued: 446 Running: 0 Finished: 446
[2026-03-15 16:16:51.799] [info] cycle: [2184000]
[2026-03-15 16:16:51.799] [info] Core [3] Tile Stats | Issued: 447 Running: 0 Finished: 447
[2026-03-15 16:16:51.799] [info] cycle: [2184000]
[2026-03-15 16:16:52.302] [info] HBM2-CH_0: BW utilization 0% (0 reads, 0 writes)
[2026-03-15 16:16:52.371] [info] Core [0] Tile Stats | Issued: 446 Running: 0 Finished: 446
[2026-03-15 16:16:52.371] [info] cycle: [2192000]
[2026-03-15 16:16:52.371] [info] Core [1] Tile Stats | Issued: 447 Running: 0 Finished: 447
[2026-03-15 16:16:52.371] [info] cycle: [2192000]
[2026-03-15 16:16:52.371] [info] Core [2] Tile Stats | Issued: 446 Running: 0 Finished: 446
[2026-03-15 16:16:52.371] [info] cycle: [2192000]
[2026-03-15 16:16:52.371] [info] Core [3] Tile Stats | Issued: 447 Running: 0 Finished: 447
[2026-03-15 16:16:52.371] [info] cycle: [2192000]
[2026-03-15 16:16:52.969] [info] HBM2-CH_0: BW utilization 0% (0 reads, 0 writes)
[2026-03-15 16:16:53.027] [info] Core [0] Tile Stats | Issued: 446 Running: 0 Finished: 446
[2026-03-15 16:16:53.027] [info] cycle: [2200000]
[2026-03-15 16:16:53.027] [info] Core [1] Tile Stats | Issued: 447 Running: 0 Finished: 447
[2026-03-15 16:16:53.027] [info] cycle: [2200000]
[2026-03-15 16:16:53.027] [info] Core [2] Tile Stats | Issued: 446 Running: 0 Finished: 446
[2026-03-15 16:16:53.027] [info] cycle: [2200000]
[2026-03-15 16:16:53.027] [info] Core [3] Tile Stats | Issued: 447 Running: 0 Finished: 447
[2026-03-15 16:16:53.027] [info] cycle: [2200000]
[2026-03-15 16:16:53.525] [info] HBM2-CH_0: BW utilization 0% (0 reads, 0 writes)
[2026-03-15 16:16:53.585] [info] Core [0] Tile Stats | Issued: 446 Running: 0 Finished: 446
[2026-03-15 16:16:53.585] [info] cycle: [2208000]
[2026-03-15 16:16:53.585] [info] Core [1] Tile Stats | Issued: 447 Running: 0 Finished: 447
[2026-03-15 16:16:53.585] [info] cycle: [2208000]
[2026-03-15 16:16:53.585] [info] Core [2] Tile Stats | Issued: 446 Running: 0 Finished: 446
[2026-03-15 16:16:53.585] [info] cycle: [2208000]
[2026-03-15 16:16:53.585] [info] Core [3] Tile Stats | Issued: 447 Running: 0 Finished: 447
[2026-03-15 16:16:53.585] [info] cycle: [2208000]
[2026-03-15 16:16:54.155] [info] HBM2-CH_0: BW utilization 0% (0 reads, 0 writes)
[2026-03-15 16:16:54.217] [info] Core [0] Tile Stats | Issued: 446 Running: 0 Finished: 446
[2026-03-15 16:16:54.217] [info] cycle: [2216000]
[2026-03-15 16:16:54.217] [info] Core [1] Tile Stats | Issued: 447 Running: 0 Finished: 447
[2026-03-15 16:16:54.217] [info] cycle: [2216000]
[2026-03-15 16:16:54.217] [info] Core [2] Tile Stats | Issued: 446 Running: 0 Finished: 446
[2026-03-15 16:16:54.217] [info] cycle: [2216000]
[2026-03-15 16:16:54.217] [info] Core [3] Tile Stats | Issued: 447 Running: 0 Finished: 447
[2026-03-15 16:16:54.217] [info] cycle: [2216000]
[2026-03-15 16:16:54.742] [info] HBM2-CH_0: BW utilization 0% (0 reads, 0 writes)
[2026-03-15 16:16:54.830] [info] Core [0] Tile Stats | Issued: 446 Running: 0 Finished: 446
[2026-03-15 16:16:54.830] [info] cycle: [2224000]
[2026-03-15 16:16:54.830] [info] Core [1] Tile Stats | Issued: 447 Running: 0 Finished: 447
[2026-03-15 16:16:54.830] [info] cycle: [2224000]
[2026-03-15 16:16:54.830] [info] Core [2] Tile Stats | Issued: 446 Running: 0 Finished: 446
[2026-03-15 16:16:54.830] [info] cycle: [2224000]
[2026-03-15 16:16:54.830] [info] Core [3] Tile Stats | Issued: 447 Running: 0 Finished: 447
[2026-03-15 16:16:54.830] [info] cycle: [2224000]
[2026-03-15 16:16:55.487] [info] HBM2-CH_0: BW utilization 0% (0 reads, 0 writes)
[2026-03-15 16:16:55.546] [info] Core [0] Tile Stats | Issued: 446 Running: 0 Finished: 446
[2026-03-15 16:16:55.546] [info] cycle: [2232000]
[2026-03-15 16:16:55.546] [info] Core [1] Tile Stats | Issued: 447 Running: 0 Finished: 447
[2026-03-15 16:16:55.546] [info] cycle: [2232000]
[2026-03-15 16:16:55.546] [info] Core [2] Tile Stats | Issued: 446 Running: 0 Finished: 446
[2026-03-15 16:16:55.546] [info] cycle: [2232000]
[2026-03-15 16:16:55.546] [info] Core [3] Tile Stats | Issued: 447 Running: 0 Finished: 447
[2026-03-15 16:16:55.546] [info] cycle: [2232000]
[2026-03-15 16:16:56.154] [info] HBM2-CH_0: BW utilization 0% (0 reads, 0 writes)
[2026-03-15 16:16:56.244] [info] Core [0] Tile Stats | Issued: 446 Running: 0 Finished: 446
[2026-03-15 16:16:56.244] [info] cycle: [2240000]
[2026-03-15 16:16:56.244] [info] Core [1] Tile Stats | Issued: 447 Running: 0 Finished: 447
[2026-03-15 16:16:56.244] [info] cycle: [2240000]
[2026-03-15 16:16:56.244] [info] Core [2] Tile Stats | Issued: 446 Running: 0 Finished: 446
[2026-03-15 16:16:56.244] [info] cycle: [2240000]
[2026-03-15 16:16:56.245] [info] Core [3] Tile Stats | Issued: 447 Running: 0 Finished: 447
[2026-03-15 16:16:56.245] [info] cycle: [2240000]
[2026-03-15 16:16:56.892] [info] HBM2-CH_0: BW utilization 0% (0 reads, 0 writes)
[2026-03-15 16:16:56.961] [info] Core [0] Tile Stats | Issued: 446 Running: 0 Finished: 446
[2026-03-15 16:16:56.961] [info] cycle: [2248000]
[2026-03-15 16:16:56.961] [info] Core [1] Tile Stats | Issued: 447 Running: 0 Finished: 447
[2026-03-15 16:16:56.961] [info] cycle: [2248000]
[2026-03-15 16:16:56.961] [info] Core [2] Tile Stats | Issued: 446 Running: 0 Finished: 446
[2026-03-15 16:16:56.961] [info] cycle: [2248000]
[2026-03-15 16:16:56.961] [info] Core [3] Tile Stats | Issued: 447 Running: 0 Finished: 447
[2026-03-15 16:16:56.961] [info] cycle: [2248000]
[2026-03-15 16:16:57.524] [info] HBM2-CH_0: BW utilization 0% (0 reads, 0 writes)
[2026-03-15 16:16:57.597] [info] Core [0] Tile Stats | Issued: 446 Running: 0 Finished: 446
[2026-03-15 16:16:57.597] [info] cycle: [2256000]
[2026-03-15 16:16:57.597] [info] Core [1] Tile Stats | Issued: 447 Running: 0 Finished: 447
[2026-03-15 16:16:57.597] [info] cycle: [2256000]
[2026-03-15 16:16:57.597] [info] Core [2] Tile Stats | Issued: 446 Running: 0 Finished: 446
[2026-03-15 16:16:57.597] [info] cycle: [2256000]
[2026-03-15 16:16:57.597] [info] Core [3] Tile Stats | Issued: 447 Running: 0 Finished: 447
[2026-03-15 16:16:57.597] [info] cycle: [2256000]
[2026-03-15 16:16:58.210] [info] HBM2-CH_0: BW utilization 0% (0 reads, 0 writes)
[2026-03-15 16:16:58.273] [info] Core [0] Tile Stats | Issued: 446 Running: 0 Finished: 446
[2026-03-15 16:16:58.273] [info] cycle: [2264000]
[2026-03-15 16:16:58.273] [info] Core [1] Tile Stats | Issued: 447 Running: 0 Finished: 447
[2026-03-15 16:16:58.273] [info] cycle: [2264000]
[2026-03-15 16:16:58.273] [info] Core [2] Tile Stats | Issued: 446 Running: 0 Finished: 446
[2026-03-15 16:16:58.273] [info] cycle: [2264000]
[2026-03-15 16:16:58.273] [info] Core [3] Tile Stats | Issued: 447 Running: 0 Finished: 447
[2026-03-15 16:16:58.273] [info] cycle: [2264000]
[2026-03-15 16:16:58.838] [info] HBM2-CH_0: BW utilization 0% (0 reads, 0 writes)
[2026-03-15 16:16:58.910] [info] Core [0] Tile Stats | Issued: 446 Running: 0 Finished: 446
[2026-03-15 16:16:58.910] [info] cycle: [2272000]
[2026-03-15 16:16:58.911] [info] Core [1] Tile Stats | Issued: 447 Running: 0 Finished: 447
[2026-03-15 16:16:58.911] [info] cycle: [2272000]
[2026-03-15 16:16:58.911] [info] Core [2] Tile Stats | Issued: 446 Running: 0 Finished: 446
[2026-03-15 16:16:58.911] [info] cycle: [2272000]
[2026-03-15 16:16:58.911] [info] Core [3] Tile Stats | Issued: 447 Running: 0 Finished: 447
[2026-03-15 16:16:58.911] [info] cycle: [2272000]
[2026-03-15 16:16:59.471] [info] HBM2-CH_0: BW utilization 0% (0 reads, 0 writes)
[2026-03-15 16:16:59.546] [info] Core [0] Tile Stats | Issued: 446 Running: 0 Finished: 446
[2026-03-15 16:16:59.546] [info] cycle: [2280000]
[2026-03-15 16:16:59.546] [info] Core [1] Tile Stats | Issued: 447 Running: 0 Finished: 447
[2026-03-15 16:16:59.546] [info] cycle: [2280000]
[2026-03-15 16:16:59.546] [info] Core [2] Tile Stats | Issued: 446 Running: 0 Finished: 446
[2026-03-15 16:16:59.546] [info] cycle: [2280000]
[2026-03-15 16:16:59.546] [info] Core [3] Tile Stats | Issued: 447 Running: 0 Finished: 447
[2026-03-15 16:16:59.546] [info] cycle: [2280000]
[2026-03-15 16:17:00.106] [info] HBM2-CH_0: BW utilization 0% (0 reads, 0 writes)
[2026-03-15 16:17:00.172] [info] Core [0] Tile Stats | Issued: 446 Running: 0 Finished: 446
[2026-03-15 16:17:00.172] [info] cycle: [2288000]
[2026-03-15 16:17:00.172] [info] Core [1] Tile Stats | Issued: 447 Running: 0 Finished: 447
[2026-03-15 16:17:00.172] [info] cycle: [2288000]
[2026-03-15 16:17:00.172] [info] Core [2] Tile Stats | Issued: 446 Running: 0 Finished: 446
[2026-03-15 16:17:00.172] [info] cycle: [2288000]
[2026-03-15 16:17:00.172] [info] Core [3] Tile Stats | Issued: 447 Running: 0 Finished: 447
[2026-03-15 16:17:00.172] [info] cycle: [2288000]
[2026-03-15 16:17:00.669] [info] HBM2-CH_0: BW utilization 0% (0 reads, 0 writes)
[2026-03-15 16:17:00.737] [info] Core [0] Tile Stats | Issued: 446 Running: 0 Finished: 446
[2026-03-15 16:17:00.737] [info] cycle: [2296000]
[2026-03-15 16:17:00.737] [info] Core [1] Tile Stats | Issued: 447 Running: 0 Finished: 447
[2026-03-15 16:17:00.737] [info] cycle: [2296000]
[2026-03-15 16:17:00.737] [info] Core [2] Tile Stats | Issued: 446 Running: 0 Finished: 446
[2026-03-15 16:17:00.737] [info] cycle: [2296000]
[2026-03-15 16:17:00.737] [info] Core [3] Tile Stats | Issued: 447 Running: 0 Finished: 447
[2026-03-15 16:17:00.737] [info] cycle: [2296000]
[2026-03-15 16:17:01.345] [info] HBM2-CH_0: BW utilization 0% (0 reads, 0 writes)
[2026-03-15 16:17:01.440] [info] Core [0] Tile Stats | Issued: 446 Running: 0 Finished: 446
[2026-03-15 16:17:01.440] [info] cycle: [2304000]
[2026-03-15 16:17:01.440] [info] Core [1] Tile Stats | Issued: 447 Running: 0 Finished: 447
[2026-03-15 16:17:01.440] [info] cycle: [2304000]
[2026-03-15 16:17:01.440] [info] Core [2] Tile Stats | Issued: 446 Running: 0 Finished: 446
[2026-03-15 16:17:01.440] [info] cycle: [2304000]
[2026-03-15 16:17:01.440] [info] Core [3] Tile Stats | Issued: 447 Running: 0 Finished: 447
[2026-03-15 16:17:01.440] [info] cycle: [2304000]
[2026-03-15 16:17:02.191] [info] HBM2-CH_0: BW utilization 0% (0 reads, 0 writes)
[2026-03-15 16:17:02.254] [info] Core [0] Tile Stats | Issued: 446 Running: 0 Finished: 446
[2026-03-15 16:17:02.254] [info] cycle: [2312000]
[2026-03-15 16:17:02.254] [info] Core [1] Tile Stats | Issued: 447 Running: 0 Finished: 447
[2026-03-15 16:17:02.254] [info] cycle: [2312000]
[2026-03-15 16:17:02.254] [info] Core [2] Tile Stats | Issued: 446 Running: 0 Finished: 446
[2026-03-15 16:17:02.254] [info] cycle: [2312000]
[2026-03-15 16:17:02.254] [info] Core [3] Tile Stats | Issued: 447 Running: 0 Finished: 447
[2026-03-15 16:17:02.254] [info] cycle: [2312000]
[2026-03-15 16:17:02.747] [info] HBM2-CH_0: BW utilization 0% (0 reads, 0 writes)
[2026-03-15 16:17:02.809] [info] Core [0] Tile Stats | Issued: 446 Running: 0 Finished: 446
[2026-03-15 16:17:02.809] [info] cycle: [2320000]
[2026-03-15 16:17:02.809] [info] Core [1] Tile Stats | Issued: 447 Running: 0 Finished: 447
[2026-03-15 16:17:02.809] [info] cycle: [2320000]
[2026-03-15 16:17:02.809] [info] Core [2] Tile Stats | Issued: 446 Running: 0 Finished: 446
[2026-03-15 16:17:02.809] [info] cycle: [2320000]
[2026-03-15 16:17:02.809] [info] Core [3] Tile Stats | Issued: 447 Running: 0 Finished: 447
[2026-03-15 16:17:02.809] [info] cycle: [2320000]
[2026-03-15 16:17:03.394] [info] HBM2-CH_0: BW utilization 0% (0 reads, 0 writes)
[2026-03-15 16:17:03.467] [info] Core [0] Tile Stats | Issued: 446 Running: 0 Finished: 446
[2026-03-15 16:17:03.467] [info] cycle: [2328000]
[2026-03-15 16:17:03.467] [info] Core [1] Tile Stats | Issued: 447 Running: 0 Finished: 447
[2026-03-15 16:17:03.467] [info] cycle: [2328000]
[2026-03-15 16:17:03.467] [info] Core [2] Tile Stats | Issued: 446 Running: 0 Finished: 446
[2026-03-15 16:17:03.467] [info] cycle: [2328000]
[2026-03-15 16:17:03.467] [info] Core [3] Tile Stats | Issued: 447 Running: 0 Finished: 447
[2026-03-15 16:17:03.467] [info] cycle: [2328000]
[2026-03-15 16:17:04.025] [info] HBM2-CH_0: BW utilization 0% (0 reads, 0 writes)
[2026-03-15 16:17:04.120] [info] Core [0] Tile Stats | Issued: 446 Running: 0 Finished: 446
[2026-03-15 16:17:04.120] [info] cycle: [2336000]
[2026-03-15 16:17:04.120] [info] Core [1] Tile Stats | Issued: 447 Running: 0 Finished: 447
[2026-03-15 16:17:04.120] [info] cycle: [2336000]
[2026-03-15 16:17:04.120] [info] Core [2] Tile Stats | Issued: 446 Running: 0 Finished: 446
[2026-03-15 16:17:04.120] [info] cycle: [2336000]
[2026-03-15 16:17:04.120] [info] Core [3] Tile Stats | Issued: 447 Running: 0 Finished: 447
[2026-03-15 16:17:04.120] [info] cycle: [2336000]
[2026-03-15 16:17:04.924] [info] HBM2-CH_0: BW utilization 0% (0 reads, 0 writes)
[2026-03-15 16:17:04.994] [info] Core [0] Tile Stats | Issued: 446 Running: 0 Finished: 446
[2026-03-15 16:17:04.994] [info] cycle: [2344000]
[2026-03-15 16:17:04.994] [info] Core [1] Tile Stats | Issued: 447 Running: 0 Finished: 447
[2026-03-15 16:17:04.994] [info] cycle: [2344000]
[2026-03-15 16:17:04.994] [info] Core [2] Tile Stats | Issued: 446 Running: 0 Finished: 446
[2026-03-15 16:17:04.994] [info] cycle: [2344000]
[2026-03-15 16:17:04.994] [info] Core [3] Tile Stats | Issued: 447 Running: 0 Finished: 447
[2026-03-15 16:17:04.994] [info] cycle: [2344000]
[2026-03-15 16:17:05.596] [info] HBM2-CH_0: BW utilization 0% (0 reads, 0 writes)
[2026-03-15 16:17:05.691] [info] Core [0] Tile Stats | Issued: 446 Running: 0 Finished: 446
[2026-03-15 16:17:05.691] [info] cycle: [2352000]
[2026-03-15 16:17:05.691] [info] Core [1] Tile Stats | Issued: 447 Running: 0 Finished: 447
[2026-03-15 16:17:05.691] [info] cycle: [2352000]
[2026-03-15 16:17:05.691] [info] Core [2] Tile Stats | Issued: 446 Running: 0 Finished: 446
[2026-03-15 16:17:05.691] [info] cycle: [2352000]
[2026-03-15 16:17:05.691] [info] Core [3] Tile Stats | Issued: 447 Running: 0 Finished: 447
[2026-03-15 16:17:05.691] [info] cycle: [2352000]
[2026-03-15 16:17:06.204] [info] HBM2-CH_0: BW utilization 0% (0 reads, 0 writes)
[2026-03-15 16:17:06.266] [info] Core [0] Tile Stats | Issued: 446 Running: 0 Finished: 446
[2026-03-15 16:17:06.266] [info] cycle: [2360000]
[2026-03-15 16:17:06.266] [info] Core [1] Tile Stats | Issued: 447 Running: 0 Finished: 447
[2026-03-15 16:17:06.266] [info] cycle: [2360000]
[2026-03-15 16:17:06.266] [info] Core [2] Tile Stats | Issued: 446 Running: 0 Finished: 446
[2026-03-15 16:17:06.266] [info] cycle: [2360000]
[2026-03-15 16:17:06.266] [info] Core [3] Tile Stats | Issued: 447 Running: 0 Finished: 447
[2026-03-15 16:17:06.266] [info] cycle: [2360000]
[2026-03-15 16:17:06.749] [info] HBM2-CH_0: BW utilization 0% (0 reads, 0 writes)
[2026-03-15 16:17:06.812] [info] Core [0] Tile Stats | Issued: 446 Running: 0 Finished: 446
[2026-03-15 16:17:06.812] [info] cycle: [2368000]
[2026-03-15 16:17:06.812] [info] Core [1] Tile Stats | Issued: 447 Running: 0 Finished: 447
[2026-03-15 16:17:06.812] [info] cycle: [2368000]
[2026-03-15 16:17:06.812] [info] Core [2] Tile Stats | Issued: 446 Running: 0 Finished: 446
[2026-03-15 16:17:06.812] [info] cycle: [2368000]
[2026-03-15 16:17:06.812] [info] Core [3] Tile Stats | Issued: 447 Running: 0 Finished: 447
[2026-03-15 16:17:06.812] [info] cycle: [2368000]
[2026-03-15 16:17:07.304] [info] HBM2-CH_0: BW utilization 0% (0 reads, 0 writes)
[2026-03-15 16:17:07.370] [info] Core [0] Tile Stats | Issued: 446 Running: 0 Finished: 446
[2026-03-15 16:17:07.370] [info] cycle: [2376000]
[2026-03-15 16:17:07.370] [info] Core [1] Tile Stats | Issued: 447 Running: 0 Finished: 447
[2026-03-15 16:17:07.370] [info] cycle: [2376000]
[2026-03-15 16:17:07.370] [info] Core [2] Tile Stats | Issued: 446 Running: 0 Finished: 446
[2026-03-15 16:17:07.370] [info] cycle: [2376000]
[2026-03-15 16:17:07.370] [info] Core [3] Tile Stats | Issued: 447 Running: 0 Finished: 447
[2026-03-15 16:17:07.370] [info] cycle: [2376000]
[2026-03-15 16:17:07.917] [info] HBM2-CH_0: BW utilization 0% (0 reads, 0 writes)
[2026-03-15 16:17:07.981] [info] Core [0] Tile Stats | Issued: 446 Running: 0 Finished: 446
[2026-03-15 16:17:07.981] [info] cycle: [2384000]
[2026-03-15 16:17:07.981] [info] Core [1] Tile Stats | Issued: 447 Running: 0 Finished: 447
[2026-03-15 16:17:07.981] [info] cycle: [2384000]
[2026-03-15 16:17:07.981] [info] Core [2] Tile Stats | Issued: 446 Running: 0 Finished: 446
[2026-03-15 16:17:07.981] [info] cycle: [2384000]
[2026-03-15 16:17:07.981] [info] Core [3] Tile Stats | Issued: 447 Running: 0 Finished: 447
[2026-03-15 16:17:07.981] [info] cycle: [2384000]
[2026-03-15 16:17:08.522] [info] HBM2-CH_0: BW utilization 0% (0 reads, 0 writes)
[2026-03-15 16:17:08.596] [info] Core [0] Tile Stats | Issued: 446 Running: 0 Finished: 446
[2026-03-15 16:17:08.596] [info] cycle: [2392000]
[2026-03-15 16:17:08.596] [info] Core [1] Tile Stats | Issued: 447 Running: 0 Finished: 447
[2026-03-15 16:17:08.596] [info] cycle: [2392000]
[2026-03-15 16:17:08.596] [info] Core [2] Tile Stats | Issued: 446 Running: 0 Finished: 446
[2026-03-15 16:17:08.596] [info] cycle: [2392000]
[2026-03-15 16:17:08.596] [info] Core [3] Tile Stats | Issued: 447 Running: 0 Finished: 447
[2026-03-15 16:17:08.596] [info] cycle: [2392000]
[2026-03-15 16:17:09.278] [info] HBM2-CH_0: BW utilization 0% (0 reads, 0 writes)
[2026-03-15 16:17:09.340] [info] Core [0] Tile Stats | Issued: 446 Running: 0 Finished: 446
[2026-03-15 16:17:09.340] [info] cycle: [2400000]
[2026-03-15 16:17:09.340] [info] Core [1] Tile Stats | Issued: 447 Running: 0 Finished: 447
[2026-03-15 16:17:09.340] [info] cycle: [2400000]
[2026-03-15 16:17:09.340] [info] Core [2] Tile Stats | Issued: 446 Running: 0 Finished: 446
[2026-03-15 16:17:09.340] [info] cycle: [2400000]
[2026-03-15 16:17:09.340] [info] Core [3] Tile Stats | Issued: 447 Running: 0 Finished: 447
[2026-03-15 16:17:09.340] [info] cycle: [2400000]
[2026-03-15 16:17:09.988] [info] HBM2-CH_0: BW utilization 0% (0 reads, 0 writes)
[2026-03-15 16:17:10.073] [info] Core [0] Tile Stats | Issued: 446 Running: 0 Finished: 446
[2026-03-15 16:17:10.073] [info] cycle: [2408000]
[2026-03-15 16:17:10.073] [info] Core [1] Tile Stats | Issued: 447 Running: 0 Finished: 447
[2026-03-15 16:17:10.073] [info] cycle: [2408000]
[2026-03-15 16:17:10.074] [info] Core [2] Tile Stats | Issued: 446 Running: 0 Finished: 446
[2026-03-15 16:17:10.074] [info] cycle: [2408000]
[2026-03-15 16:17:10.074] [info] Core [3] Tile Stats | Issued: 447 Running: 0 Finished: 447
[2026-03-15 16:17:10.074] [info] cycle: [2408000]
[2026-03-15 16:17:10.647] [info] HBM2-CH_0: BW utilization 0% (0 reads, 0 writes)
[2026-03-15 16:17:10.710] [info] Core [0] Tile Stats | Issued: 446 Running: 0 Finished: 446
[2026-03-15 16:17:10.710] [info] cycle: [2416000]
[2026-03-15 16:17:10.710] [info] Core [1] Tile Stats | Issued: 447 Running: 0 Finished: 447
[2026-03-15 16:17:10.710] [info] cycle: [2416000]
[2026-03-15 16:17:10.710] [info] Core [2] Tile Stats | Issued: 446 Running: 0 Finished: 446
[2026-03-15 16:17:10.710] [info] cycle: [2416000]
[2026-03-15 16:17:10.710] [info] Core [3] Tile Stats | Issued: 447 Running: 0 Finished: 447
[2026-03-15 16:17:10.710] [info] cycle: [2416000]
[2026-03-15 16:17:11.190] [info] HBM2-CH_0: BW utilization 0% (0 reads, 0 writes)
[2026-03-15 16:17:11.254] [info] Core [0] Tile Stats | Issued: 446 Running: 0 Finished: 446
[2026-03-15 16:17:11.254] [info] cycle: [2424000]
[2026-03-15 16:17:11.254] [info] Core [1] Tile Stats | Issued: 447 Running: 0 Finished: 447
[2026-03-15 16:17:11.254] [info] cycle: [2424000]
[2026-03-15 16:17:11.254] [info] Core [2] Tile Stats | Issued: 446 Running: 0 Finished: 446
[2026-03-15 16:17:11.254] [info] cycle: [2424000]
[2026-03-15 16:17:11.254] [info] Core [3] Tile Stats | Issued: 447 Running: 0 Finished: 447
[2026-03-15 16:17:11.254] [info] cycle: [2424000]
[2026-03-15 16:17:11.790] [info] HBM2-CH_0: BW utilization 0% (0 reads, 0 writes)
[2026-03-15 16:17:11.855] [info] Core [0] Tile Stats | Issued: 446 Running: 0 Finished: 446
[2026-03-15 16:17:11.855] [info] cycle: [2432000]
[2026-03-15 16:17:11.855] [info] Core [1] Tile Stats | Issued: 447 Running: 0 Finished: 447
[2026-03-15 16:17:11.855] [info] cycle: [2432000]
[2026-03-15 16:17:11.855] [info] Core [2] Tile Stats | Issued: 446 Running: 0 Finished: 446
[2026-03-15 16:17:11.855] [info] cycle: [2432000]
[2026-03-15 16:17:11.855] [info] Core [3] Tile Stats | Issued: 447 Running: 0 Finished: 447
[2026-03-15 16:17:11.855] [info] cycle: [2432000]
[2026-03-15 16:17:12.483] [info] HBM2-CH_0: BW utilization 0% (0 reads, 0 writes)
[2026-03-15 16:17:12.546] [info] Core [0] Tile Stats | Issued: 446 Running: 0 Finished: 446
[2026-03-15 16:17:12.546] [info] cycle: [2440000]
[2026-03-15 16:17:12.546] [info] Core [1] Tile Stats | Issued: 447 Running: 0 Finished: 447
[2026-03-15 16:17:12.546] [info] cycle: [2440000]
[2026-03-15 16:17:12.546] [info] Core [2] Tile Stats | Issued: 446 Running: 0 Finished: 446
[2026-03-15 16:17:12.546] [info] cycle: [2440000]
[2026-03-15 16:17:12.546] [info] Core [3] Tile Stats | Issued: 447 Running: 0 Finished: 447
[2026-03-15 16:17:12.546] [info] cycle: [2440000]
[2026-03-15 16:17:13.055] [info] HBM2-CH_0: BW utilization 0% (0 reads, 0 writes)
[2026-03-15 16:17:13.128] [info] Core [0] Tile Stats | Issued: 446 Running: 0 Finished: 446
[2026-03-15 16:17:13.128] [info] cycle: [2448000]
[2026-03-15 16:17:13.128] [info] Core [1] Tile Stats | Issued: 447 Running: 0 Finished: 447
[2026-03-15 16:17:13.128] [info] cycle: [2448000]
[2026-03-15 16:17:13.128] [info] Core [2] Tile Stats | Issued: 446 Running: 0 Finished: 446
[2026-03-15 16:17:13.128] [info] cycle: [2448000]
[2026-03-15 16:17:13.128] [info] Core [3] Tile Stats | Issued: 447 Running: 0 Finished: 447
[2026-03-15 16:17:13.128] [info] cycle: [2448000]
[2026-03-15 16:17:13.661] [info] HBM2-CH_0: BW utilization 0% (0 reads, 0 writes)
[2026-03-15 16:17:13.737] [info] Core [0] Tile Stats | Issued: 446 Running: 0 Finished: 446
[2026-03-15 16:17:13.737] [info] cycle: [2456000]
[2026-03-15 16:17:13.737] [info] Core [1] Tile Stats | Issued: 447 Running: 0 Finished: 447
[2026-03-15 16:17:13.737] [info] cycle: [2456000]
[2026-03-15 16:17:13.737] [info] Core [2] Tile Stats | Issued: 446 Running: 0 Finished: 446
[2026-03-15 16:17:13.737] [info] cycle: [2456000]
[2026-03-15 16:17:13.737] [info] Core [3] Tile Stats | Issued: 447 Running: 0 Finished: 447
[2026-03-15 16:17:13.737] [info] cycle: [2456000]
[2026-03-15 16:17:14.286] [info] HBM2-CH_0: BW utilization 0% (0 reads, 0 writes)
[2026-03-15 16:17:14.353] [info] Core [0] Tile Stats | Issued: 446 Running: 0 Finished: 446
[2026-03-15 16:17:14.353] [info] cycle: [2464000]
[2026-03-15 16:17:14.353] [info] Core [1] Tile Stats | Issued: 447 Running: 0 Finished: 447
[2026-03-15 16:17:14.353] [info] cycle: [2464000]
[2026-03-15 16:17:14.353] [info] Core [2] Tile Stats | Issued: 446 Running: 0 Finished: 446
[2026-03-15 16:17:14.353] [info] cycle: [2464000]
[2026-03-15 16:17:14.353] [info] Core [3] Tile Stats | Issued: 447 Running: 0 Finished: 447
[2026-03-15 16:17:14.353] [info] cycle: [2464000]
[2026-03-15 16:17:14.876] [info] HBM2-CH_0: BW utilization 0% (0 reads, 0 writes)
[2026-03-15 16:17:14.944] [info] Core [0] Tile Stats | Issued: 446 Running: 0 Finished: 446
[2026-03-15 16:17:14.944] [info] cycle: [2472000]
[2026-03-15 16:17:14.944] [info] Core [1] Tile Stats | Issued: 447 Running: 0 Finished: 447
[2026-03-15 16:17:14.944] [info] cycle: [2472000]
[2026-03-15 16:17:14.944] [info] Core [2] Tile Stats | Issued: 446 Running: 0 Finished: 446
[2026-03-15 16:17:14.944] [info] cycle: [2472000]
[2026-03-15 16:17:14.944] [info] Core [3] Tile Stats | Issued: 447 Running: 0 Finished: 447
[2026-03-15 16:17:14.944] [info] cycle: [2472000]
[2026-03-15 16:17:15.573] [info] HBM2-CH_0: BW utilization 0% (0 reads, 0 writes)
[2026-03-15 16:17:15.663] [info] Core [0] Tile Stats | Issued: 446 Running: 0 Finished: 446
[2026-03-15 16:17:15.663] [info] cycle: [2480000]
[2026-03-15 16:17:15.663] [info] Core [1] Tile Stats | Issued: 447 Running: 0 Finished: 447
[2026-03-15 16:17:15.663] [info] cycle: [2480000]
[2026-03-15 16:17:15.663] [info] Core [2] Tile Stats | Issued: 446 Running: 0 Finished: 446
[2026-03-15 16:17:15.663] [info] cycle: [2480000]
[2026-03-15 16:17:15.663] [info] Core [3] Tile Stats | Issued: 447 Running: 0 Finished: 447
[2026-03-15 16:17:15.663] [info] cycle: [2480000]
[2026-03-15 16:17:16.215] [info] HBM2-CH_0: BW utilization 0% (0 reads, 0 writes)
[2026-03-15 16:17:16.284] [info] Core [0] Tile Stats | Issued: 446 Running: 0 Finished: 446
[2026-03-15 16:17:16.284] [info] cycle: [2488000]
[2026-03-15 16:17:16.284] [info] Core [1] Tile Stats | Issued: 447 Running: 0 Finished: 447
[2026-03-15 16:17:16.284] [info] cycle: [2488000]
[2026-03-15 16:17:16.284] [info] Core [2] Tile Stats | Issued: 446 Running: 0 Finished: 446
[2026-03-15 16:17:16.284] [info] cycle: [2488000]
[2026-03-15 16:17:16.284] [info] Core [3] Tile Stats | Issued: 447 Running: 0 Finished: 447
[2026-03-15 16:17:16.284] [info] cycle: [2488000]
[2026-03-15 16:17:16.814] [info] HBM2-CH_0: BW utilization 0% (0 reads, 0 writes)
[2026-03-15 16:17:16.891] [info] Core [0] Tile Stats | Issued: 446 Running: 0 Finished: 446
[2026-03-15 16:17:16.891] [info] cycle: [2496000]
[2026-03-15 16:17:16.891] [info] Core [1] Tile Stats | Issued: 447 Running: 0 Finished: 447
[2026-03-15 16:17:16.891] [info] cycle: [2496000]
[2026-03-15 16:17:16.891] [info] Core [2] Tile Stats | Issued: 446 Running: 0 Finished: 446
[2026-03-15 16:17:16.891] [info] cycle: [2496000]
[2026-03-15 16:17:16.891] [info] Core [3] Tile Stats | Issued: 447 Running: 0 Finished: 447
[2026-03-15 16:17:16.891] [info] cycle: [2496000]
[2026-03-15 16:17:17.474] [info] HBM2-CH_0: BW utilization 0% (0 reads, 0 writes)
[2026-03-15 16:17:17.547] [info] Core [0] Tile Stats | Issued: 446 Running: 0 Finished: 446
[2026-03-15 16:17:17.548] [info] cycle: [2504000]
[2026-03-15 16:17:17.548] [info] Core [1] Tile Stats | Issued: 447 Running: 0 Finished: 447
[2026-03-15 16:17:17.548] [info] cycle: [2504000]
[2026-03-15 16:17:17.548] [info] Core [2] Tile Stats | Issued: 446 Running: 0 Finished: 446
[2026-03-15 16:17:17.548] [info] cycle: [2504000]
[2026-03-15 16:17:17.548] [info] Core [3] Tile Stats | Issued: 447 Running: 0 Finished: 447
[2026-03-15 16:17:17.548] [info] cycle: [2504000]
[2026-03-15 16:17:18.048] [info] HBM2-CH_0: BW utilization 0% (0 reads, 0 writes)
[2026-03-15 16:17:18.117] [info] Core [0] Tile Stats | Issued: 446 Running: 0 Finished: 446
[2026-03-15 16:17:18.117] [info] cycle: [2512000]
[2026-03-15 16:17:18.117] [info] Core [1] Tile Stats | Issued: 447 Running: 0 Finished: 447
[2026-03-15 16:17:18.117] [info] cycle: [2512000]
[2026-03-15 16:17:18.117] [info] Core [2] Tile Stats | Issued: 446 Running: 0 Finished: 446
[2026-03-15 16:17:18.117] [info] cycle: [2512000]
[2026-03-15 16:17:18.117] [info] Core [3] Tile Stats | Issued: 447 Running: 0 Finished: 447
[2026-03-15 16:17:18.117] [info] cycle: [2512000]
[2026-03-15 16:17:18.593] [info] HBM2-CH_0: BW utilization 0% (0 reads, 0 writes)
[2026-03-15 16:17:18.659] [info] Core [0] Tile Stats | Issued: 446 Running: 0 Finished: 446
[2026-03-15 16:17:18.659] [info] cycle: [2520000]
[2026-03-15 16:17:18.659] [info] Core [1] Tile Stats | Issued: 447 Running: 0 Finished: 447
[2026-03-15 16:17:18.659] [info] cycle: [2520000]
[2026-03-15 16:17:18.659] [info] Core [2] Tile Stats | Issued: 446 Running: 0 Finished: 446
[2026-03-15 16:17:18.659] [info] cycle: [2520000]
[2026-03-15 16:17:18.659] [info] Core [3] Tile Stats | Issued: 447 Running: 0 Finished: 447
[2026-03-15 16:17:18.659] [info] cycle: [2520000]
[2026-03-15 16:17:19.135] [info] HBM2-CH_0: BW utilization 0% (0 reads, 0 writes)
[2026-03-15 16:17:19.202] [info] Core [0] Tile Stats | Issued: 446 Running: 0 Finished: 446
[2026-03-15 16:17:19.202] [info] cycle: [2528000]
[2026-03-15 16:17:19.203] [info] Core [1] Tile Stats | Issued: 447 Running: 0 Finished: 447
[2026-03-15 16:17:19.203] [info] cycle: [2528000]
[2026-03-15 16:17:19.203] [info] Core [2] Tile Stats | Issued: 446 Running: 0 Finished: 446
[2026-03-15 16:17:19.203] [info] cycle: [2528000]
[2026-03-15 16:17:19.203] [info] Core [3] Tile Stats | Issued: 447 Running: 0 Finished: 447
[2026-03-15 16:17:19.203] [info] cycle: [2528000]
[2026-03-15 16:17:19.677] [info] HBM2-CH_0: BW utilization 0% (0 reads, 0 writes)
[2026-03-15 16:17:19.744] [info] Core [0] Tile Stats | Issued: 446 Running: 0 Finished: 446
[2026-03-15 16:17:19.744] [info] cycle: [2536000]
[2026-03-15 16:17:19.744] [info] Core [1] Tile Stats | Issued: 447 Running: 0 Finished: 447
[2026-03-15 16:17:19.744] [info] cycle: [2536000]
[2026-03-15 16:17:19.744] [info] Core [2] Tile Stats | Issued: 446 Running: 0 Finished: 446
[2026-03-15 16:17:19.744] [info] cycle: [2536000]
[2026-03-15 16:17:19.744] [info] Core [3] Tile Stats | Issued: 447 Running: 0 Finished: 447
[2026-03-15 16:17:19.744] [info] cycle: [2536000]
[2026-03-15 16:17:20.249] [info] HBM2-CH_0: BW utilization 0% (0 reads, 0 writes)
[2026-03-15 16:17:20.317] [info] Core [0] Tile Stats | Issued: 446 Running: 0 Finished: 446
[2026-03-15 16:17:20.317] [info] cycle: [2544000]
[2026-03-15 16:17:20.317] [info] Core [1] Tile Stats | Issued: 447 Running: 0 Finished: 447
[2026-03-15 16:17:20.317] [info] cycle: [2544000]
[2026-03-15 16:17:20.317] [info] Core [2] Tile Stats | Issued: 446 Running: 0 Finished: 446
[2026-03-15 16:17:20.317] [info] cycle: [2544000]
[2026-03-15 16:17:20.317] [info] Core [3] Tile Stats | Issued: 447 Running: 0 Finished: 447
[2026-03-15 16:17:20.317] [info] cycle: [2544000]
[2026-03-15 16:17:20.794] [info] HBM2-CH_0: BW utilization 0% (0 reads, 0 writes)
[2026-03-15 16:17:20.861] [info] Core [0] Tile Stats | Issued: 446 Running: 0 Finished: 446
[2026-03-15 16:17:20.861] [info] cycle: [2552000]
[2026-03-15 16:17:20.861] [info] Core [1] Tile Stats | Issued: 447 Running: 0 Finished: 447
[2026-03-15 16:17:20.861] [info] cycle: [2552000]
[2026-03-15 16:17:20.861] [info] Core [2] Tile Stats | Issued: 446 Running: 0 Finished: 446
[2026-03-15 16:17:20.861] [info] cycle: [2552000]
[2026-03-15 16:17:20.861] [info] Core [3] Tile Stats | Issued: 447 Running: 0 Finished: 447
[2026-03-15 16:17:20.861] [info] cycle: [2552000]
[2026-03-15 16:17:21.337] [info] HBM2-CH_0: BW utilization 0% (0 reads, 0 writes)
[2026-03-15 16:17:21.406] [info] Core [0] Tile Stats | Issued: 446 Running: 0 Finished: 446
[2026-03-15 16:17:21.406] [info] cycle: [2560000]
[2026-03-15 16:17:21.406] [info] Core [1] Tile Stats | Issued: 447 Running: 0 Finished: 447
[2026-03-15 16:17:21.406] [info] cycle: [2560000]
[2026-03-15 16:17:21.406] [info] Core [2] Tile Stats | Issued: 446 Running: 0 Finished: 446
[2026-03-15 16:17:21.406] [info] cycle: [2560000]
[2026-03-15 16:17:21.406] [info] Core [3] Tile Stats | Issued: 447 Running: 0 Finished: 447
[2026-03-15 16:17:21.406] [info] cycle: [2560000]
[2026-03-15 16:17:21.881] [info] HBM2-CH_0: BW utilization 0% (0 reads, 0 writes)
[2026-03-15 16:17:21.948] [info] Core [0] Tile Stats | Issued: 446 Running: 0 Finished: 446
[2026-03-15 16:17:21.948] [info] cycle: [2568000]
[2026-03-15 16:17:21.948] [info] Core [1] Tile Stats | Issued: 447 Running: 0 Finished: 447
[2026-03-15 16:17:21.948] [info] cycle: [2568000]
[2026-03-15 16:17:21.948] [info] Core [2] Tile Stats | Issued: 446 Running: 0 Finished: 446
[2026-03-15 16:17:21.948] [info] cycle: [2568000]
[2026-03-15 16:17:21.948] [info] Core [3] Tile Stats | Issued: 447 Running: 0 Finished: 447
[2026-03-15 16:17:21.948] [info] cycle: [2568000]
[2026-03-15 16:17:22.489] [info] HBM2-CH_0: BW utilization 0% (0 reads, 0 writes)
[2026-03-15 16:17:22.556] [info] Core [0] Tile Stats | Issued: 446 Running: 0 Finished: 446
[2026-03-15 16:17:22.556] [info] cycle: [2576000]
[2026-03-15 16:17:22.556] [info] Core [1] Tile Stats | Issued: 447 Running: 0 Finished: 447
[2026-03-15 16:17:22.556] [info] cycle: [2576000]
[2026-03-15 16:17:22.556] [info] Core [2] Tile Stats | Issued: 446 Running: 0 Finished: 446
[2026-03-15 16:17:22.556] [info] cycle: [2576000]
[2026-03-15 16:17:22.556] [info] Core [3] Tile Stats | Issued: 447 Running: 0 Finished: 447
[2026-03-15 16:17:22.556] [info] cycle: [2576000]
[2026-03-15 16:17:23.027] [info] HBM2-CH_0: BW utilization 0% (0 reads, 0 writes)
[2026-03-15 16:17:23.095] [info] Core [0] Tile Stats | Issued: 446 Running: 0 Finished: 446
[2026-03-15 16:17:23.095] [info] cycle: [2584000]
[2026-03-15 16:17:23.095] [info] Core [1] Tile Stats | Issued: 447 Running: 0 Finished: 447
[2026-03-15 16:17:23.095] [info] cycle: [2584000]
[2026-03-15 16:17:23.095] [info] Core [2] Tile Stats | Issued: 446 Running: 0 Finished: 446
[2026-03-15 16:17:23.095] [info] cycle: [2584000]
[2026-03-15 16:17:23.095] [info] Core [3] Tile Stats | Issued: 447 Running: 0 Finished: 447
[2026-03-15 16:17:23.095] [info] cycle: [2584000]
[2026-03-15 16:17:23.561] [info] HBM2-CH_0: BW utilization 0% (0 reads, 0 writes)
[2026-03-15 16:17:23.628] [info] Core [0] Tile Stats | Issued: 446 Running: 0 Finished: 446
[2026-03-15 16:17:23.628] [info] cycle: [2592000]
[2026-03-15 16:17:23.628] [info] Core [1] Tile Stats | Issued: 447 Running: 0 Finished: 447
[2026-03-15 16:17:23.628] [info] cycle: [2592000]
[2026-03-15 16:17:23.628] [info] Core [2] Tile Stats | Issued: 446 Running: 0 Finished: 446
[2026-03-15 16:17:23.628] [info] cycle: [2592000]
[2026-03-15 16:17:23.628] [info] Core [3] Tile Stats | Issued: 447 Running: 0 Finished: 447
[2026-03-15 16:17:23.628] [info] cycle: [2592000]
[2026-03-15 16:17:24.126] [info] HBM2-CH_0: BW utilization 0% (0 reads, 0 writes)
[2026-03-15 16:17:24.195] [info] Core [0] Tile Stats | Issued: 446 Running: 0 Finished: 446
[2026-03-15 16:17:24.195] [info] cycle: [2600000]
[2026-03-15 16:17:24.195] [info] Core [1] Tile Stats | Issued: 447 Running: 0 Finished: 447
[2026-03-15 16:17:24.195] [info] cycle: [2600000]
[2026-03-15 16:17:24.195] [info] Core [2] Tile Stats | Issued: 446 Running: 0 Finished: 446
[2026-03-15 16:17:24.195] [info] cycle: [2600000]
[2026-03-15 16:17:24.195] [info] Core [3] Tile Stats | Issued: 447 Running: 0 Finished: 447
[2026-03-15 16:17:24.195] [info] cycle: [2600000]
[2026-03-15 16:17:24.706] [info] HBM2-CH_0: BW utilization 0% (0 reads, 0 writes)
[2026-03-15 16:17:24.775] [info] Core [0] Tile Stats | Issued: 446 Running: 0 Finished: 446
[2026-03-15 16:17:24.775] [info] cycle: [2608000]
[2026-03-15 16:17:24.775] [info] Core [1] Tile Stats | Issued: 447 Running: 0 Finished: 447
[2026-03-15 16:17:24.775] [info] cycle: [2608000]
[2026-03-15 16:17:24.775] [info] Core [2] Tile Stats | Issued: 446 Running: 0 Finished: 446
[2026-03-15 16:17:24.775] [info] cycle: [2608000]
[2026-03-15 16:17:24.775] [info] Core [3] Tile Stats | Issued: 447 Running: 0 Finished: 447
[2026-03-15 16:17:24.775] [info] cycle: [2608000]
[2026-03-15 16:17:25.249] [info] HBM2-CH_0: BW utilization 0% (0 reads, 0 writes)
[2026-03-15 16:17:25.321] [info] Core [0] Tile Stats | Issued: 446 Running: 0 Finished: 446
[2026-03-15 16:17:25.321] [info] cycle: [2616000]
[2026-03-15 16:17:25.321] [info] Core [1] Tile Stats | Issued: 447 Running: 0 Finished: 447
[2026-03-15 16:17:25.321] [info] cycle: [2616000]
[2026-03-15 16:17:25.321] [info] Core [2] Tile Stats | Issued: 446 Running: 0 Finished: 446
[2026-03-15 16:17:25.321] [info] cycle: [2616000]
[2026-03-15 16:17:25.321] [info] Core [3] Tile Stats | Issued: 447 Running: 0 Finished: 447
[2026-03-15 16:17:25.321] [info] cycle: [2616000]
[2026-03-15 16:17:25.792] [info] HBM2-CH_0: BW utilization 0% (0 reads, 0 writes)
[2026-03-15 16:17:25.862] [info] Core [0] Tile Stats | Issued: 446 Running: 0 Finished: 446
[2026-03-15 16:17:25.862] [info] cycle: [2624000]
[2026-03-15 16:17:25.862] [info] Core [1] Tile Stats | Issued: 447 Running: 0 Finished: 447
[2026-03-15 16:17:25.862] [info] cycle: [2624000]
[2026-03-15 16:17:25.862] [info] Core [2] Tile Stats | Issued: 446 Running: 0 Finished: 446
[2026-03-15 16:17:25.862] [info] cycle: [2624000]
[2026-03-15 16:17:25.862] [info] Core [3] Tile Stats | Issued: 447 Running: 0 Finished: 447
[2026-03-15 16:17:25.862] [info] cycle: [2624000]
[2026-03-15 16:17:26.340] [info] HBM2-CH_0: BW utilization 0% (0 reads, 0 writes)
[2026-03-15 16:17:26.410] [info] Core [0] Tile Stats | Issued: 446 Running: 0 Finished: 446
[2026-03-15 16:17:26.410] [info] cycle: [2632000]
[2026-03-15 16:17:26.410] [info] Core [1] Tile Stats | Issued: 447 Running: 0 Finished: 447
[2026-03-15 16:17:26.410] [info] cycle: [2632000]
[2026-03-15 16:17:26.410] [info] Core [2] Tile Stats | Issued: 446 Running: 0 Finished: 446
[2026-03-15 16:17:26.410] [info] cycle: [2632000]
[2026-03-15 16:17:26.410] [info] Core [3] Tile Stats | Issued: 447 Running: 0 Finished: 447
[2026-03-15 16:17:26.410] [info] cycle: [2632000]
[2026-03-15 16:17:26.914] [info] HBM2-CH_0: BW utilization 0% (0 reads, 0 writes)
[2026-03-15 16:17:26.985] [info] Core [0] Tile Stats | Issued: 446 Running: 0 Finished: 446
[2026-03-15 16:17:26.985] [info] cycle: [2640000]
[2026-03-15 16:17:26.985] [info] Core [1] Tile Stats | Issued: 447 Running: 0 Finished: 447
[2026-03-15 16:17:26.985] [info] cycle: [2640000]
[2026-03-15 16:17:26.985] [info] Core [2] Tile Stats | Issued: 446 Running: 0 Finished: 446
[2026-03-15 16:17:26.985] [info] cycle: [2640000]
[2026-03-15 16:17:26.985] [info] Core [3] Tile Stats | Issued: 447 Running: 0 Finished: 447
[2026-03-15 16:17:26.985] [info] cycle: [2640000]
[2026-03-15 16:17:27.458] [info] HBM2-CH_0: BW utilization 0% (0 reads, 0 writes)
[2026-03-15 16:17:27.528] [info] Core [0] Tile Stats | Issued: 446 Running: 0 Finished: 446
[2026-03-15 16:17:27.528] [info] cycle: [2648000]
[2026-03-15 16:17:27.528] [info] Core [1] Tile Stats | Issued: 447 Running: 0 Finished: 447
[2026-03-15 16:17:27.528] [info] cycle: [2648000]
[2026-03-15 16:17:27.528] [info] Core [2] Tile Stats | Issued: 446 Running: 0 Finished: 446
[2026-03-15 16:17:27.528] [info] cycle: [2648000]
[2026-03-15 16:17:27.528] [info] Core [3] Tile Stats | Issued: 447 Running: 0 Finished: 447
[2026-03-15 16:17:27.528] [info] cycle: [2648000]
[2026-03-15 16:17:28.005] [info] HBM2-CH_0: BW utilization 0% (0 reads, 0 writes)
[2026-03-15 16:17:28.075] [info] Core [0] Tile Stats | Issued: 446 Running: 0 Finished: 446
[2026-03-15 16:17:28.075] [info] cycle: [2656000]
[2026-03-15 16:17:28.075] [info] Core [1] Tile Stats | Issued: 447 Running: 0 Finished: 447
[2026-03-15 16:17:28.075] [info] cycle: [2656000]
[2026-03-15 16:17:28.075] [info] Core [2] Tile Stats | Issued: 446 Running: 0 Finished: 446
[2026-03-15 16:17:28.075] [info] cycle: [2656000]
[2026-03-15 16:17:28.075] [info] Core [3] Tile Stats | Issued: 447 Running: 0 Finished: 447
[2026-03-15 16:17:28.075] [info] cycle: [2656000]
[2026-03-15 16:17:28.551] [info] HBM2-CH_0: BW utilization 0% (0 reads, 0 writes)
[2026-03-15 16:17:28.621] [info] Core [0] Tile Stats | Issued: 446 Running: 0 Finished: 446
[2026-03-15 16:17:28.621] [info] cycle: [2664000]
[2026-03-15 16:17:28.621] [info] Core [1] Tile Stats | Issued: 447 Running: 0 Finished: 447
[2026-03-15 16:17:28.621] [info] cycle: [2664000]
[2026-03-15 16:17:28.621] [info] Core [2] Tile Stats | Issued: 446 Running: 0 Finished: 446
[2026-03-15 16:17:28.621] [info] cycle: [2664000]
[2026-03-15 16:17:28.621] [info] Core [3] Tile Stats | Issued: 447 Running: 0 Finished: 447
[2026-03-15 16:17:28.621] [info] cycle: [2664000]
[2026-03-15 16:17:29.111] [info] HBM2-CH_0: BW utilization 0% (0 reads, 0 writes)
[2026-03-15 16:17:29.184] [info] Core [0] Tile Stats | Issued: 446 Running: 0 Finished: 446
[2026-03-15 16:17:29.184] [info] cycle: [2672000]
[2026-03-15 16:17:29.184] [info] Core [1] Tile Stats | Issued: 447 Running: 0 Finished: 447
[2026-03-15 16:17:29.184] [info] cycle: [2672000]
[2026-03-15 16:17:29.184] [info] Core [2] Tile Stats | Issued: 446 Running: 0 Finished: 446
[2026-03-15 16:17:29.184] [info] cycle: [2672000]
[2026-03-15 16:17:29.184] [info] Core [3] Tile Stats | Issued: 447 Running: 0 Finished: 447
[2026-03-15 16:17:29.184] [info] cycle: [2672000]
[2026-03-15 16:17:29.657] [info] HBM2-CH_0: BW utilization 0% (0 reads, 0 writes)
[2026-03-15 16:17:29.728] [info] Core [0] Tile Stats | Issued: 446 Running: 0 Finished: 446
[2026-03-15 16:17:29.728] [info] cycle: [2680000]
[2026-03-15 16:17:29.728] [info] Core [1] Tile Stats | Issued: 447 Running: 0 Finished: 447
[2026-03-15 16:17:29.728] [info] cycle: [2680000]
[2026-03-15 16:17:29.728] [info] Core [2] Tile Stats | Issued: 446 Running: 0 Finished: 446
[2026-03-15 16:17:29.728] [info] cycle: [2680000]
[2026-03-15 16:17:29.728] [info] Core [3] Tile Stats | Issued: 447 Running: 0 Finished: 447
[2026-03-15 16:17:29.728] [info] cycle: [2680000]
[2026-03-15 16:17:30.204] [info] HBM2-CH_0: BW utilization 0% (0 reads, 0 writes)
[2026-03-15 16:17:30.276] [info] Core [0] Tile Stats | Issued: 446 Running: 0 Finished: 446
[2026-03-15 16:17:30.276] [info] cycle: [2688000]
[2026-03-15 16:17:30.276] [info] Core [1] Tile Stats | Issued: 447 Running: 0 Finished: 447
[2026-03-15 16:17:30.276] [info] cycle: [2688000]
[2026-03-15 16:17:30.276] [info] Core [2] Tile Stats | Issued: 446 Running: 0 Finished: 446
[2026-03-15 16:17:30.276] [info] cycle: [2688000]
[2026-03-15 16:17:30.276] [info] Core [3] Tile Stats | Issued: 447 Running: 0 Finished: 447
[2026-03-15 16:17:30.276] [info] cycle: [2688000]
[2026-03-15 16:17:30.749] [info] HBM2-CH_0: BW utilization 0% (0 reads, 0 writes)
[2026-03-15 16:17:30.819] [info] Core [0] Tile Stats | Issued: 446 Running: 0 Finished: 446
[2026-03-15 16:17:30.819] [info] cycle: [2696000]
[2026-03-15 16:17:30.819] [info] Core [1] Tile Stats | Issued: 447 Running: 0 Finished: 447
[2026-03-15 16:17:30.819] [info] cycle: [2696000]
[2026-03-15 16:17:30.819] [info] Core [2] Tile Stats | Issued: 446 Running: 0 Finished: 446
[2026-03-15 16:17:30.819] [info] cycle: [2696000]
[2026-03-15 16:17:30.819] [info] Core [3] Tile Stats | Issued: 447 Running: 0 Finished: 447
[2026-03-15 16:17:30.819] [info] cycle: [2696000]
[2026-03-15 16:17:31.339] [info] HBM2-CH_0: BW utilization 0% (0 reads, 0 writes)
[2026-03-15 16:17:31.409] [info] Core [0] Tile Stats | Issued: 446 Running: 0 Finished: 446
[2026-03-15 16:17:31.409] [info] cycle: [2704000]
[2026-03-15 16:17:31.409] [info] Core [1] Tile Stats | Issued: 447 Running: 0 Finished: 447
[2026-03-15 16:17:31.409] [info] cycle: [2704000]
[2026-03-15 16:17:31.409] [info] Core [2] Tile Stats | Issued: 446 Running: 0 Finished: 446
[2026-03-15 16:17:31.409] [info] cycle: [2704000]
[2026-03-15 16:17:31.409] [info] Core [3] Tile Stats | Issued: 447 Running: 0 Finished: 447
[2026-03-15 16:17:31.409] [info] cycle: [2704000]
[2026-03-15 16:17:31.875] [info] HBM2-CH_0: BW utilization 0% (0 reads, 0 writes)
[2026-03-15 16:17:31.949] [info] Core [0] Tile Stats | Issued: 446 Running: 0 Finished: 446
[2026-03-15 16:17:31.949] [info] cycle: [2712000]
[2026-03-15 16:17:31.949] [info] Core [1] Tile Stats | Issued: 447 Running: 0 Finished: 447
[2026-03-15 16:17:31.949] [info] cycle: [2712000]
[2026-03-15 16:17:31.949] [info] Core [2] Tile Stats | Issued: 446 Running: 0 Finished: 446
[2026-03-15 16:17:31.949] [info] cycle: [2712000]
[2026-03-15 16:17:31.949] [info] Core [3] Tile Stats | Issued: 447 Running: 0 Finished: 447
[2026-03-15 16:17:31.949] [info] cycle: [2712000]
[2026-03-15 16:17:32.416] [info] HBM2-CH_0: BW utilization 0% (0 reads, 0 writes)
[2026-03-15 16:17:32.489] [info] Core [0] Tile Stats | Issued: 446 Running: 0 Finished: 446
[2026-03-15 16:17:32.489] [info] cycle: [2720000]
[2026-03-15 16:17:32.489] [info] Core [1] Tile Stats | Issued: 447 Running: 0 Finished: 447
[2026-03-15 16:17:32.489] [info] cycle: [2720000]
[2026-03-15 16:17:32.489] [info] Core [2] Tile Stats | Issued: 446 Running: 0 Finished: 446
[2026-03-15 16:17:32.489] [info] cycle: [2720000]
[2026-03-15 16:17:32.489] [info] Core [3] Tile Stats | Issued: 447 Running: 0 Finished: 447
[2026-03-15 16:17:32.489] [info] cycle: [2720000]
[2026-03-15 16:17:32.961] [info] HBM2-CH_0: BW utilization 0% (0 reads, 0 writes)
[2026-03-15 16:17:33.032] [info] Core [0] Tile Stats | Issued: 446 Running: 0 Finished: 446
[2026-03-15 16:17:33.032] [info] cycle: [2728000]
[2026-03-15 16:17:33.032] [info] Core [1] Tile Stats | Issued: 447 Running: 0 Finished: 447
[2026-03-15 16:17:33.032] [info] cycle: [2728000]
[2026-03-15 16:17:33.032] [info] Core [2] Tile Stats | Issued: 446 Running: 0 Finished: 446
[2026-03-15 16:17:33.032] [info] cycle: [2728000]
[2026-03-15 16:17:33.032] [info] Core [3] Tile Stats | Issued: 447 Running: 0 Finished: 447
[2026-03-15 16:17:33.032] [info] cycle: [2728000]
[2026-03-15 16:17:33.566] [info] HBM2-CH_0: BW utilization 0% (0 reads, 0 writes)
[2026-03-15 16:17:33.637] [info] Core [0] Tile Stats | Issued: 446 Running: 0 Finished: 446
[2026-03-15 16:17:33.637] [info] cycle: [2736000]
[2026-03-15 16:17:33.637] [info] Core [1] Tile Stats | Issued: 447 Running: 0 Finished: 447
[2026-03-15 16:17:33.637] [info] cycle: [2736000]
[2026-03-15 16:17:33.637] [info] Core [2] Tile Stats | Issued: 446 Running: 0 Finished: 446
[2026-03-15 16:17:33.637] [info] cycle: [2736000]
[2026-03-15 16:17:33.637] [info] Core [3] Tile Stats | Issued: 447 Running: 0 Finished: 447
[2026-03-15 16:17:33.637] [info] cycle: [2736000]
[2026-03-15 16:17:34.116] [info] HBM2-CH_0: BW utilization 0% (0 reads, 0 writes)
[2026-03-15 16:17:34.188] [info] Core [0] Tile Stats | Issued: 446 Running: 0 Finished: 446
[2026-03-15 16:17:34.188] [info] cycle: [2744000]
[2026-03-15 16:17:34.188] [info] Core [1] Tile Stats | Issued: 447 Running: 0 Finished: 447
[2026-03-15 16:17:34.188] [info] cycle: [2744000]
[2026-03-15 16:17:34.188] [info] Core [2] Tile Stats | Issued: 446 Running: 0 Finished: 446
[2026-03-15 16:17:34.188] [info] cycle: [2744000]
[2026-03-15 16:17:34.188] [info] Core [3] Tile Stats | Issued: 447 Running: 0 Finished: 447
[2026-03-15 16:17:34.188] [info] cycle: [2744000]
[2026-03-15 16:17:34.659] [info] HBM2-CH_0: BW utilization 0% (0 reads, 0 writes)
[2026-03-15 16:17:34.733] [info] Core [0] Tile Stats | Issued: 446 Running: 0 Finished: 446
[2026-03-15 16:17:34.733] [info] cycle: [2752000]
[2026-03-15 16:17:34.733] [info] Core [1] Tile Stats | Issued: 447 Running: 0 Finished: 447
[2026-03-15 16:17:34.733] [info] cycle: [2752000]
[2026-03-15 16:17:34.733] [info] Core [2] Tile Stats | Issued: 446 Running: 0 Finished: 446
[2026-03-15 16:17:34.733] [info] cycle: [2752000]
[2026-03-15 16:17:34.733] [info] Core [3] Tile Stats | Issued: 447 Running: 0 Finished: 447
[2026-03-15 16:17:34.733] [info] cycle: [2752000]
[2026-03-15 16:17:35.205] [info] HBM2-CH_0: BW utilization 0% (0 reads, 0 writes)
[2026-03-15 16:17:35.278] [info] Core [0] Tile Stats | Issued: 446 Running: 0 Finished: 446
[2026-03-15 16:17:35.278] [info] cycle: [2760000]
[2026-03-15 16:17:35.278] [info] Core [1] Tile Stats | Issued: 447 Running: 0 Finished: 447
[2026-03-15 16:17:35.278] [info] cycle: [2760000]
[2026-03-15 16:17:35.278] [info] Core [2] Tile Stats | Issued: 446 Running: 0 Finished: 446
[2026-03-15 16:17:35.278] [info] cycle: [2760000]
[2026-03-15 16:17:35.278] [info] Core [3] Tile Stats | Issued: 447 Running: 0 Finished: 447
[2026-03-15 16:17:35.278] [info] cycle: [2760000]
[2026-03-15 16:17:35.777] [info] HBM2-CH_0: BW utilization 0% (0 reads, 0 writes)
[2026-03-15 16:17:35.856] [info] Core [0] Tile Stats | Issued: 446 Running: 0 Finished: 446
[2026-03-15 16:17:35.856] [info] cycle: [2768000]
[2026-03-15 16:17:35.856] [info] Core [1] Tile Stats | Issued: 447 Running: 0 Finished: 447
[2026-03-15 16:17:35.856] [info] cycle: [2768000]
[2026-03-15 16:17:35.856] [info] Core [2] Tile Stats | Issued: 446 Running: 0 Finished: 446
[2026-03-15 16:17:35.856] [info] cycle: [2768000]
[2026-03-15 16:17:35.856] [info] Core [3] Tile Stats | Issued: 447 Running: 0 Finished: 447
[2026-03-15 16:17:35.856] [info] cycle: [2768000]
[2026-03-15 16:17:36.336] [info] HBM2-CH_0: BW utilization 0% (0 reads, 0 writes)
[2026-03-15 16:17:36.410] [info] Core [0] Tile Stats | Issued: 446 Running: 0 Finished: 446
[2026-03-15 16:17:36.410] [info] cycle: [2776000]
[2026-03-15 16:17:36.410] [info] Core [1] Tile Stats | Issued: 447 Running: 0 Finished: 447
[2026-03-15 16:17:36.410] [info] cycle: [2776000]
[2026-03-15 16:17:36.410] [info] Core [2] Tile Stats | Issued: 446 Running: 0 Finished: 446
[2026-03-15 16:17:36.410] [info] cycle: [2776000]
[2026-03-15 16:17:36.410] [info] Core [3] Tile Stats | Issued: 447 Running: 0 Finished: 447
[2026-03-15 16:17:36.410] [info] cycle: [2776000]
[2026-03-15 16:17:36.878] [info] HBM2-CH_0: BW utilization 0% (0 reads, 0 writes)
[2026-03-15 16:17:36.952] [info] Core [0] Tile Stats | Issued: 446 Running: 0 Finished: 446
[2026-03-15 16:17:36.952] [info] cycle: [2784000]
[2026-03-15 16:17:36.952] [info] Core [1] Tile Stats | Issued: 447 Running: 0 Finished: 447
[2026-03-15 16:17:36.952] [info] cycle: [2784000]
[2026-03-15 16:17:36.952] [info] Core [2] Tile Stats | Issued: 446 Running: 0 Finished: 446
[2026-03-15 16:17:36.952] [info] cycle: [2784000]
[2026-03-15 16:17:36.952] [info] Core [3] Tile Stats | Issued: 447 Running: 0 Finished: 447
[2026-03-15 16:17:36.952] [info] cycle: [2784000]
[2026-03-15 16:17:37.420] [info] HBM2-CH_0: BW utilization 0% (0 reads, 0 writes)
[2026-03-15 16:17:37.493] [info] Core [0] Tile Stats | Issued: 446 Running: 0 Finished: 446
[2026-03-15 16:17:37.493] [info] cycle: [2792000]
[2026-03-15 16:17:37.493] [info] Core [1] Tile Stats | Issued: 447 Running: 0 Finished: 447
[2026-03-15 16:17:37.493] [info] cycle: [2792000]
[2026-03-15 16:17:37.493] [info] Core [2] Tile Stats | Issued: 446 Running: 0 Finished: 446
[2026-03-15 16:17:37.493] [info] cycle: [2792000]
[2026-03-15 16:17:37.493] [info] Core [3] Tile Stats | Issued: 447 Running: 0 Finished: 447
[2026-03-15 16:17:37.493] [info] cycle: [2792000]
[2026-03-15 16:17:37.982] [info] HBM2-CH_0: BW utilization 0% (0 reads, 0 writes)
[2026-03-15 16:17:38.056] [info] Core [0] Tile Stats | Issued: 446 Running: 0 Finished: 446
[2026-03-15 16:17:38.056] [info] cycle: [2800000]
[2026-03-15 16:17:38.056] [info] Core [1] Tile Stats | Issued: 447 Running: 0 Finished: 447
[2026-03-15 16:17:38.056] [info] cycle: [2800000]
[2026-03-15 16:17:38.056] [info] Core [2] Tile Stats | Issued: 446 Running: 0 Finished: 446
[2026-03-15 16:17:38.056] [info] cycle: [2800000]
[2026-03-15 16:17:38.056] [info] Core [3] Tile Stats | Issued: 447 Running: 0 Finished: 447
[2026-03-15 16:17:38.056] [info] cycle: [2800000]
[2026-03-15 16:17:38.523] [info] HBM2-CH_0: BW utilization 0% (0 reads, 0 writes)
[2026-03-15 16:17:38.596] [info] Core [0] Tile Stats | Issued: 446 Running: 0 Finished: 446
[2026-03-15 16:17:38.596] [info] cycle: [2808000]
[2026-03-15 16:17:38.596] [info] Core [1] Tile Stats | Issued: 447 Running: 0 Finished: 447
[2026-03-15 16:17:38.596] [info] cycle: [2808000]
[2026-03-15 16:17:38.596] [info] Core [2] Tile Stats | Issued: 446 Running: 0 Finished: 446
[2026-03-15 16:17:38.596] [info] cycle: [2808000]
[2026-03-15 16:17:38.596] [info] Core [3] Tile Stats | Issued: 447 Running: 0 Finished: 447
[2026-03-15 16:17:38.596] [info] cycle: [2808000]
[2026-03-15 16:17:39.058] [info] HBM2-CH_0: BW utilization 0% (0 reads, 0 writes)
[2026-03-15 16:17:39.136] [info] Core [0] Tile Stats | Issued: 446 Running: 0 Finished: 446
[2026-03-15 16:17:39.136] [info] cycle: [2816000]
[2026-03-15 16:17:39.136] [info] Core [1] Tile Stats | Issued: 447 Running: 0 Finished: 447
[2026-03-15 16:17:39.136] [info] cycle: [2816000]
[2026-03-15 16:17:39.136] [info] Core [2] Tile Stats | Issued: 446 Running: 0 Finished: 446
[2026-03-15 16:17:39.136] [info] cycle: [2816000]
[2026-03-15 16:17:39.136] [info] Core [3] Tile Stats | Issued: 447 Running: 0 Finished: 447
[2026-03-15 16:17:39.136] [info] cycle: [2816000]
[2026-03-15 16:17:39.609] [info] HBM2-CH_0: BW utilization 0% (0 reads, 0 writes)
[2026-03-15 16:17:39.684] [info] Core [0] Tile Stats | Issued: 446 Running: 0 Finished: 446
[2026-03-15 16:17:39.684] [info] cycle: [2824000]
[2026-03-15 16:17:39.684] [info] Core [1] Tile Stats | Issued: 447 Running: 0 Finished: 447
[2026-03-15 16:17:39.684] [info] cycle: [2824000]
[2026-03-15 16:17:39.684] [info] Core [2] Tile Stats | Issued: 446 Running: 0 Finished: 446
[2026-03-15 16:17:39.684] [info] cycle: [2824000]
[2026-03-15 16:17:39.684] [info] Core [3] Tile Stats | Issued: 447 Running: 0 Finished: 447
[2026-03-15 16:17:39.684] [info] cycle: [2824000]
[2026-03-15 16:17:40.178] [info] HBM2-CH_0: BW utilization 0% (0 reads, 0 writes)
[2026-03-15 16:17:40.253] [info] Core [0] Tile Stats | Issued: 446 Running: 0 Finished: 446
[2026-03-15 16:17:40.253] [info] cycle: [2832000]
[2026-03-15 16:17:40.253] [info] Core [1] Tile Stats | Issued: 447 Running: 0 Finished: 447
[2026-03-15 16:17:40.253] [info] cycle: [2832000]
[2026-03-15 16:17:40.253] [info] Core [2] Tile Stats | Issued: 446 Running: 0 Finished: 446
[2026-03-15 16:17:40.253] [info] cycle: [2832000]
[2026-03-15 16:17:40.253] [info] Core [3] Tile Stats | Issued: 447 Running: 0 Finished: 447
[2026-03-15 16:17:40.253] [info] cycle: [2832000]
[2026-03-15 16:17:40.772] [info] HBM2-CH_0: BW utilization 0% (0 reads, 0 writes)
[2026-03-15 16:17:40.848] [info] Core [0] Tile Stats | Issued: 446 Running: 0 Finished: 446
[2026-03-15 16:17:40.848] [info] cycle: [2840000]
[2026-03-15 16:17:40.848] [info] Core [1] Tile Stats | Issued: 447 Running: 0 Finished: 447
[2026-03-15 16:17:40.848] [info] cycle: [2840000]
[2026-03-15 16:17:40.848] [info] Core [2] Tile Stats | Issued: 446 Running: 0 Finished: 446
[2026-03-15 16:17:40.848] [info] cycle: [2840000]
[2026-03-15 16:17:40.848] [info] Core [3] Tile Stats | Issued: 447 Running: 0 Finished: 447
[2026-03-15 16:17:40.848] [info] cycle: [2840000]
[2026-03-15 16:17:41.312] [info] HBM2-CH_0: BW utilization 0% (0 reads, 0 writes)
[2026-03-15 16:17:41.388] [info] Core [0] Tile Stats | Issued: 446 Running: 0 Finished: 446
[2026-03-15 16:17:41.388] [info] cycle: [2848000]
[2026-03-15 16:17:41.388] [info] Core [1] Tile Stats | Issued: 447 Running: 0 Finished: 447
[2026-03-15 16:17:41.388] [info] cycle: [2848000]
[2026-03-15 16:17:41.388] [info] Core [2] Tile Stats | Issued: 446 Running: 0 Finished: 446
[2026-03-15 16:17:41.388] [info] cycle: [2848000]
[2026-03-15 16:17:41.388] [info] Core [3] Tile Stats | Issued: 447 Running: 0 Finished: 447
[2026-03-15 16:17:41.388] [info] cycle: [2848000]
[2026-03-15 16:17:41.878] [info] HBM2-CH_0: BW utilization 0% (0 reads, 0 writes)
[2026-03-15 16:17:41.953] [info] Core [0] Tile Stats | Issued: 446 Running: 0 Finished: 446
[2026-03-15 16:17:41.953] [info] cycle: [2856000]
[2026-03-15 16:17:41.953] [info] Core [1] Tile Stats | Issued: 447 Running: 0 Finished: 447
[2026-03-15 16:17:41.953] [info] cycle: [2856000]
[2026-03-15 16:17:41.953] [info] Core [2] Tile Stats | Issued: 446 Running: 0 Finished: 446
[2026-03-15 16:17:41.953] [info] cycle: [2856000]
[2026-03-15 16:17:41.953] [info] Core [3] Tile Stats | Issued: 447 Running: 0 Finished: 447
[2026-03-15 16:17:41.953] [info] cycle: [2856000]
[2026-03-15 16:17:42.422] [info] HBM2-CH_0: BW utilization 0% (0 reads, 0 writes)
[2026-03-15 16:17:42.498] [info] Core [0] Tile Stats | Issued: 446 Running: 0 Finished: 446
[2026-03-15 16:17:42.498] [info] cycle: [2864000]
[2026-03-15 16:17:42.498] [info] Core [1] Tile Stats | Issued: 447 Running: 0 Finished: 447
[2026-03-15 16:17:42.498] [info] cycle: [2864000]
[2026-03-15 16:17:42.498] [info] Core [2] Tile Stats | Issued: 446 Running: 0 Finished: 446
[2026-03-15 16:17:42.498] [info] cycle: [2864000]
[2026-03-15 16:17:42.498] [info] Core [3] Tile Stats | Issued: 447 Running: 0 Finished: 447
[2026-03-15 16:17:42.498] [info] cycle: [2864000]
[2026-03-15 16:17:42.964] [info] HBM2-CH_0: BW utilization 0% (0 reads, 0 writes)
[2026-03-15 16:17:43.039] [info] Core [0] Tile Stats | Issued: 446 Running: 0 Finished: 446
[2026-03-15 16:17:43.039] [info] cycle: [2872000]
[2026-03-15 16:17:43.039] [info] Core [1] Tile Stats | Issued: 447 Running: 0 Finished: 447
[2026-03-15 16:17:43.039] [info] cycle: [2872000]
[2026-03-15 16:17:43.039] [info] Core [2] Tile Stats | Issued: 446 Running: 0 Finished: 446
[2026-03-15 16:17:43.039] [info] cycle: [2872000]
[2026-03-15 16:17:43.039] [info] Core [3] Tile Stats | Issued: 447 Running: 0 Finished: 447
[2026-03-15 16:17:43.039] [info] cycle: [2872000]
[2026-03-15 16:17:43.504] [info] HBM2-CH_0: BW utilization 0% (0 reads, 0 writes)
[2026-03-15 16:17:43.580] [info] Core [0] Tile Stats | Issued: 446 Running: 0 Finished: 446
[2026-03-15 16:17:43.580] [info] cycle: [2880000]
[2026-03-15 16:17:43.580] [info] Core [1] Tile Stats | Issued: 447 Running: 0 Finished: 447
[2026-03-15 16:17:43.580] [info] cycle: [2880000]
[2026-03-15 16:17:43.580] [info] Core [2] Tile Stats | Issued: 446 Running: 0 Finished: 446
[2026-03-15 16:17:43.580] [info] cycle: [2880000]
[2026-03-15 16:17:43.580] [info] Core [3] Tile Stats | Issued: 447 Running: 0 Finished: 447
[2026-03-15 16:17:43.580] [info] cycle: [2880000]
[2026-03-15 16:17:44.092] [info] HBM2-CH_0: BW utilization 0% (0 reads, 0 writes)
[2026-03-15 16:17:44.168] [info] Core [0] Tile Stats | Issued: 446 Running: 0 Finished: 446
[2026-03-15 16:17:44.168] [info] cycle: [2888000]
[2026-03-15 16:17:44.168] [info] Core [1] Tile Stats | Issued: 447 Running: 0 Finished: 447
[2026-03-15 16:17:44.168] [info] cycle: [2888000]
[2026-03-15 16:17:44.168] [info] Core [2] Tile Stats | Issued: 446 Running: 0 Finished: 446
[2026-03-15 16:17:44.168] [info] cycle: [2888000]
[2026-03-15 16:17:44.168] [info] Core [3] Tile Stats | Issued: 447 Running: 0 Finished: 447
[2026-03-15 16:17:44.168] [info] cycle: [2888000]
[2026-03-15 16:17:44.637] [info] HBM2-CH_0: BW utilization 0% (0 reads, 0 writes)
[2026-03-15 16:17:44.714] [info] Core [0] Tile Stats | Issued: 446 Running: 0 Finished: 446
[2026-03-15 16:17:44.714] [info] cycle: [2896000]
[2026-03-15 16:17:44.714] [info] Core [1] Tile Stats | Issued: 447 Running: 0 Finished: 447
[2026-03-15 16:17:44.714] [info] cycle: [2896000]
[2026-03-15 16:17:44.714] [info] Core [2] Tile Stats | Issued: 446 Running: 0 Finished: 446
[2026-03-15 16:17:44.714] [info] cycle: [2896000]
[2026-03-15 16:17:44.714] [info] Core [3] Tile Stats | Issued: 447 Running: 0 Finished: 447
[2026-03-15 16:17:44.714] [info] cycle: [2896000]
[2026-03-15 16:17:45.180] [info] HBM2-CH_0: BW utilization 0% (0 reads, 0 writes)
[2026-03-15 16:17:45.256] [info] Core [0] Tile Stats | Issued: 446 Running: 0 Finished: 446
[2026-03-15 16:17:45.256] [info] cycle: [2904000]
[2026-03-15 16:17:45.256] [info] Core [1] Tile Stats | Issued: 447 Running: 0 Finished: 447
[2026-03-15 16:17:45.256] [info] cycle: [2904000]
[2026-03-15 16:17:45.256] [info] Core [2] Tile Stats | Issued: 446 Running: 0 Finished: 446
[2026-03-15 16:17:45.256] [info] cycle: [2904000]
[2026-03-15 16:17:45.257] [info] Core [3] Tile Stats | Issued: 447 Running: 0 Finished: 447
[2026-03-15 16:17:45.257] [info] cycle: [2904000]
[2026-03-15 16:17:45.737] [info] HBM2-CH_0: BW utilization 0% (0 reads, 0 writes)
[2026-03-15 16:17:45.817] [info] Core [0] Tile Stats | Issued: 446 Running: 0 Finished: 446
[2026-03-15 16:17:45.817] [info] cycle: [2912000]
[2026-03-15 16:17:45.817] [info] Core [1] Tile Stats | Issued: 447 Running: 0 Finished: 447
[2026-03-15 16:17:45.817] [info] cycle: [2912000]
[2026-03-15 16:17:45.817] [info] Core [2] Tile Stats | Issued: 446 Running: 0 Finished: 446
[2026-03-15 16:17:45.817] [info] cycle: [2912000]
[2026-03-15 16:17:45.817] [info] Core [3] Tile Stats | Issued: 447 Running: 0 Finished: 447
[2026-03-15 16:17:45.817] [info] cycle: [2912000]
[2026-03-15 16:17:46.314] [info] HBM2-CH_0: BW utilization 0% (0 reads, 0 writes)
[2026-03-15 16:17:46.393] [info] Core [0] Tile Stats | Issued: 446 Running: 0 Finished: 446
[2026-03-15 16:17:46.393] [info] cycle: [2920000]
[2026-03-15 16:17:46.393] [info] Core [1] Tile Stats | Issued: 447 Running: 0 Finished: 447
[2026-03-15 16:17:46.393] [info] cycle: [2920000]
[2026-03-15 16:17:46.394] [info] Core [2] Tile Stats | Issued: 446 Running: 0 Finished: 446
[2026-03-15 16:17:46.394] [info] cycle: [2920000]
[2026-03-15 16:17:46.394] [info] Core [3] Tile Stats | Issued: 447 Running: 0 Finished: 447
[2026-03-15 16:17:46.394] [info] cycle: [2920000]
[2026-03-15 16:17:46.869] [info] HBM2-CH_0: BW utilization 0% (0 reads, 0 writes)
[2026-03-15 16:17:46.952] [info] Core [0] Tile Stats | Issued: 446 Running: 0 Finished: 446
[2026-03-15 16:17:46.952] [info] cycle: [2928000]
[2026-03-15 16:17:46.952] [info] Core [1] Tile Stats | Issued: 447 Running: 0 Finished: 447
[2026-03-15 16:17:46.952] [info] cycle: [2928000]
[2026-03-15 16:17:46.952] [info] Core [2] Tile Stats | Issued: 446 Running: 0 Finished: 446
[2026-03-15 16:17:46.952] [info] cycle: [2928000]
[2026-03-15 16:17:46.952] [info] Core [3] Tile Stats | Issued: 447 Running: 0 Finished: 447
[2026-03-15 16:17:46.952] [info] cycle: [2928000]
[2026-03-15 16:17:47.427] [info] HBM2-CH_0: BW utilization 0% (0 reads, 0 writes)
[2026-03-15 16:17:47.510] [info] Core [0] Tile Stats | Issued: 446 Running: 0 Finished: 446
[2026-03-15 16:17:47.510] [info] cycle: [2936000]
[2026-03-15 16:17:47.510] [info] Core [1] Tile Stats | Issued: 447 Running: 0 Finished: 447
[2026-03-15 16:17:47.510] [info] cycle: [2936000]
[2026-03-15 16:17:47.510] [info] Core [2] Tile Stats | Issued: 446 Running: 0 Finished: 446
[2026-03-15 16:17:47.510] [info] cycle: [2936000]
[2026-03-15 16:17:47.510] [info] Core [3] Tile Stats | Issued: 447 Running: 0 Finished: 447
[2026-03-15 16:17:47.510] [info] cycle: [2936000]
[2026-03-15 16:17:47.986] [info] HBM2-CH_0: BW utilization 0% (0 reads, 0 writes)
[2026-03-15 16:17:48.066] [info] Core [0] Tile Stats | Issued: 446 Running: 0 Finished: 446
[2026-03-15 16:17:48.066] [info] cycle: [2944000]
[2026-03-15 16:17:48.066] [info] Core [1] Tile Stats | Issued: 447 Running: 0 Finished: 447
[2026-03-15 16:17:48.066] [info] cycle: [2944000]
[2026-03-15 16:17:48.066] [info] Core [2] Tile Stats | Issued: 446 Running: 0 Finished: 446
[2026-03-15 16:17:48.066] [info] cycle: [2944000]
[2026-03-15 16:17:48.066] [info] Core [3] Tile Stats | Issued: 447 Running: 0 Finished: 447
[2026-03-15 16:17:48.066] [info] cycle: [2944000]
[2026-03-15 16:17:48.564] [info] HBM2-CH_0: BW utilization 0% (0 reads, 0 writes)
[2026-03-15 16:17:48.643] [info] Core [0] Tile Stats | Issued: 446 Running: 0 Finished: 446
[2026-03-15 16:17:48.643] [info] cycle: [2952000]
[2026-03-15 16:17:48.643] [info] Core [1] Tile Stats | Issued: 447 Running: 0 Finished: 447
[2026-03-15 16:17:48.643] [info] cycle: [2952000]
[2026-03-15 16:17:48.643] [info] Core [2] Tile Stats | Issued: 446 Running: 0 Finished: 446
[2026-03-15 16:17:48.643] [info] cycle: [2952000]
[2026-03-15 16:17:48.643] [info] Core [3] Tile Stats | Issued: 447 Running: 0 Finished: 447
[2026-03-15 16:17:48.643] [info] cycle: [2952000]
[2026-03-15 16:17:49.129] [info] HBM2-CH_0: BW utilization 0% (0 reads, 0 writes)
[2026-03-15 16:17:49.223] [info] Core [0] Tile Stats | Issued: 446 Running: 0 Finished: 446
[2026-03-15 16:17:49.223] [info] cycle: [2960000]
[2026-03-15 16:17:49.223] [info] Core [1] Tile Stats | Issued: 447 Running: 0 Finished: 447
[2026-03-15 16:17:49.223] [info] cycle: [2960000]
[2026-03-15 16:17:49.223] [info] Core [2] Tile Stats | Issued: 446 Running: 0 Finished: 446
[2026-03-15 16:17:49.223] [info] cycle: [2960000]
[2026-03-15 16:17:49.223] [info] Core [3] Tile Stats | Issued: 447 Running: 0 Finished: 447
[2026-03-15 16:17:49.223] [info] cycle: [2960000]
[2026-03-15 16:17:49.797] [info] HBM2-CH_0: BW utilization 0% (0 reads, 0 writes)
[2026-03-15 16:17:49.883] [info] Core [0] Tile Stats | Issued: 446 Running: 0 Finished: 446
[2026-03-15 16:17:49.883] [info] cycle: [2968000]
[2026-03-15 16:17:49.883] [info] Core [1] Tile Stats | Issued: 447 Running: 0 Finished: 447
[2026-03-15 16:17:49.883] [info] cycle: [2968000]
[2026-03-15 16:17:49.883] [info] Core [2] Tile Stats | Issued: 446 Running: 0 Finished: 446
[2026-03-15 16:17:49.883] [info] cycle: [2968000]
[2026-03-15 16:17:49.884] [info] Core [3] Tile Stats | Issued: 447 Running: 0 Finished: 447
[2026-03-15 16:17:49.884] [info] cycle: [2968000]
[2026-03-15 16:17:50.396] [info] HBM2-CH_0: BW utilization 0% (0 reads, 0 writes)
[2026-03-15 16:17:50.505] [info] Core [0] Tile Stats | Issued: 446 Running: 0 Finished: 446
[2026-03-15 16:17:50.505] [info] cycle: [2976000]
[2026-03-15 16:17:50.505] [info] Core [1] Tile Stats | Issued: 447 Running: 0 Finished: 447
[2026-03-15 16:17:50.505] [info] cycle: [2976000]
[2026-03-15 16:17:50.505] [info] Core [2] Tile Stats | Issued: 446 Running: 0 Finished: 446
[2026-03-15 16:17:50.505] [info] cycle: [2976000]
[2026-03-15 16:17:50.505] [info] Core [3] Tile Stats | Issued: 447 Running: 0 Finished: 447
[2026-03-15 16:17:50.505] [info] cycle: [2976000]
[2026-03-15 16:17:51.120] [info] HBM2-CH_0: BW utilization 0% (0 reads, 0 writes)
[2026-03-15 16:17:51.234] [info] Core [0] Tile Stats | Issued: 446 Running: 0 Finished: 446
[2026-03-15 16:17:51.234] [info] cycle: [2984000]
[2026-03-15 16:17:51.234] [info] Core [1] Tile Stats | Issued: 447 Running: 0 Finished: 447
[2026-03-15 16:17:51.234] [info] cycle: [2984000]
[2026-03-15 16:17:51.235] [info] Core [2] Tile Stats | Issued: 446 Running: 0 Finished: 446
[2026-03-15 16:17:51.235] [info] cycle: [2984000]
[2026-03-15 16:17:51.235] [info] Core [3] Tile Stats | Issued: 447 Running: 0 Finished: 447
[2026-03-15 16:17:51.235] [info] cycle: [2984000]
[2026-03-15 16:17:51.785] [info] HBM2-CH_0: BW utilization 0% (0 reads, 0 writes)
[2026-03-15 16:17:51.888] [info] Core [0] Tile Stats | Issued: 446 Running: 0 Finished: 446
[2026-03-15 16:17:51.888] [info] cycle: [2992000]
[2026-03-15 16:17:51.888] [info] Core [1] Tile Stats | Issued: 447 Running: 0 Finished: 447
[2026-03-15 16:17:51.888] [info] cycle: [2992000]
[2026-03-15 16:17:51.888] [info] Core [2] Tile Stats | Issued: 446 Running: 0 Finished: 446
[2026-03-15 16:17:51.888] [info] cycle: [2992000]
[2026-03-15 16:17:51.888] [info] Core [3] Tile Stats | Issued: 447 Running: 0 Finished: 447
[2026-03-15 16:17:51.888] [info] cycle: [2992000]
[2026-03-15 16:17:52.499] [info] HBM2-CH_0: BW utilization 0% (0 reads, 0 writes)
[2026-03-15 16:17:52.593] [info] Core [0] Tile Stats | Issued: 446 Running: 0 Finished: 446
[2026-03-15 16:17:52.593] [info] cycle: [3000000]
[2026-03-15 16:17:52.593] [info] Core [1] Tile Stats | Issued: 447 Running: 0 Finished: 447
[2026-03-15 16:17:52.593] [info] cycle: [3000000]
[2026-03-15 16:17:52.593] [info] Core [2] Tile Stats | Issued: 446 Running: 0 Finished: 446
[2026-03-15 16:17:52.593] [info] cycle: [3000000]
[2026-03-15 16:17:52.593] [info] Core [3] Tile Stats | Issued: 447 Running: 0 Finished: 447
[2026-03-15 16:17:52.593] [info] cycle: [3000000]
[2026-03-15 16:17:53.143] [info] HBM2-CH_0: BW utilization 0% (0 reads, 0 writes)
[2026-03-15 16:17:53.228] [info] Core [0] Tile Stats | Issued: 446 Running: 0 Finished: 446
[2026-03-15 16:17:53.228] [info] cycle: [3008000]
[2026-03-15 16:17:53.228] [info] Core [1] Tile Stats | Issued: 447 Running: 0 Finished: 447
[2026-03-15 16:17:53.228] [info] cycle: [3008000]
[2026-03-15 16:17:53.228] [info] Core [2] Tile Stats | Issued: 446 Running: 0 Finished: 446
[2026-03-15 16:17:53.228] [info] cycle: [3008000]
[2026-03-15 16:17:53.228] [info] Core [3] Tile Stats | Issued: 447 Running: 0 Finished: 447
[2026-03-15 16:17:53.228] [info] cycle: [3008000]
[2026-03-15 16:17:53.828] [info] HBM2-CH_0: BW utilization 0% (0 reads, 0 writes)
[2026-03-15 16:17:53.939] [info] Core [0] Tile Stats | Issued: 446 Running: 0 Finished: 446
[2026-03-15 16:17:53.939] [info] cycle: [3016000]
[2026-03-15 16:17:53.939] [info] Core [1] Tile Stats | Issued: 447 Running: 0 Finished: 447
[2026-03-15 16:17:53.939] [info] cycle: [3016000]
[2026-03-15 16:17:53.939] [info] Core [2] Tile Stats | Issued: 446 Running: 0 Finished: 446
[2026-03-15 16:17:53.939] [info] cycle: [3016000]
[2026-03-15 16:17:53.939] [info] Core [3] Tile Stats | Issued: 447 Running: 0 Finished: 447
[2026-03-15 16:17:53.939] [info] cycle: [3016000]
[2026-03-15 16:17:54.457] [info] HBM2-CH_0: BW utilization 0% (0 reads, 0 writes)
[2026-03-15 16:17:54.540] [info] Core [0] Tile Stats | Issued: 446 Running: 0 Finished: 446
[2026-03-15 16:17:54.540] [info] cycle: [3024000]
[2026-03-15 16:17:54.540] [info] Core [1] Tile Stats | Issued: 447 Running: 0 Finished: 447
[2026-03-15 16:17:54.540] [info] cycle: [3024000]
[2026-03-15 16:17:54.540] [info] Core [2] Tile Stats | Issued: 446 Running: 0 Finished: 446
[2026-03-15 16:17:54.540] [info] cycle: [3024000]
[2026-03-15 16:17:54.540] [info] Core [3] Tile Stats | Issued: 447 Running: 0 Finished: 447
[2026-03-15 16:17:54.540] [info] cycle: [3024000]
[2026-03-15 16:17:55.005] [info] HBM2-CH_0: BW utilization 0% (0 reads, 0 writes)
[2026-03-15 16:17:55.084] [info] Core [0] Tile Stats | Issued: 446 Running: 0 Finished: 446
[2026-03-15 16:17:55.084] [info] cycle: [3032000]
[2026-03-15 16:17:55.084] [info] Core [1] Tile Stats | Issued: 447 Running: 0 Finished: 447
[2026-03-15 16:17:55.084] [info] cycle: [3032000]
[2026-03-15 16:17:55.084] [info] Core [2] Tile Stats | Issued: 446 Running: 0 Finished: 446
[2026-03-15 16:17:55.084] [info] cycle: [3032000]
[2026-03-15 16:17:55.084] [info] Core [3] Tile Stats | Issued: 447 Running: 0 Finished: 447
[2026-03-15 16:17:55.084] [info] cycle: [3032000]
[2026-03-15 16:17:55.591] [info] HBM2-CH_0: BW utilization 0% (0 reads, 0 writes)
[2026-03-15 16:17:55.669] [info] Core [0] Tile Stats | Issued: 446 Running: 0 Finished: 446
[2026-03-15 16:17:55.669] [info] cycle: [3040000]
[2026-03-15 16:17:55.669] [info] Core [1] Tile Stats | Issued: 447 Running: 0 Finished: 447
[2026-03-15 16:17:55.669] [info] cycle: [3040000]
[2026-03-15 16:17:55.669] [info] Core [2] Tile Stats | Issued: 446 Running: 0 Finished: 446
[2026-03-15 16:17:55.669] [info] cycle: [3040000]
[2026-03-15 16:17:55.669] [info] Core [3] Tile Stats | Issued: 447 Running: 0 Finished: 447
[2026-03-15 16:17:55.669] [info] cycle: [3040000]
[2026-03-15 16:17:56.248] [info] HBM2-CH_0: BW utilization 0% (0 reads, 0 writes)
[2026-03-15 16:17:56.349] [info] Core [0] Tile Stats | Issued: 446 Running: 0 Finished: 446
[2026-03-15 16:17:56.349] [info] cycle: [3048000]
[2026-03-15 16:17:56.349] [info] Core [1] Tile Stats | Issued: 447 Running: 0 Finished: 447
[2026-03-15 16:17:56.349] [info] cycle: [3048000]
[2026-03-15 16:17:56.349] [info] Core [2] Tile Stats | Issued: 446 Running: 0 Finished: 446
[2026-03-15 16:17:56.349] [info] cycle: [3048000]
[2026-03-15 16:17:56.349] [info] Core [3] Tile Stats | Issued: 447 Running: 0 Finished: 447
[2026-03-15 16:17:56.349] [info] cycle: [3048000]
[2026-03-15 16:17:56.874] [info] HBM2-CH_0: BW utilization 0% (0 reads, 0 writes)
