[2026-03-15 16:24:01.869] [info] CPU 0: Partition 0
[2026-03-15 16:24:01.870] [info] CPU 1: Partition 0
[2026-03-15 16:24:01.870] [info] CPU 2: Partition 0
[2026-03-15 16:24:01.870] [info] CPU 3: Partition 0
[2026-03-15 16:24:01.870] [info] Running in default mode
[2026-03-15 16:24:01.870] [info] Simulator Configuration:
[2026-03-15 16:24:01.870] [info] [Core 0] Systolic Array Throughput: 131072 GFLOPS, Spad size: 32768 KB, Accumulator size: 4096 KB
[2026-03-15 16:24:01.870] [info] [Core 1] Systolic Array Throughput: 131072 GFLOPS, Spad size: 32768 KB, Accumulator size: 4096 KB
[2026-03-15 16:24:01.870] [info] [Core 2] Systolic Array Throughput: 131072 GFLOPS, Spad size: 32768 KB, Accumulator size: 4096 KB
[2026-03-15 16:24:01.870] [info] [Core 3] Systolic Array Throughput: 131072 GFLOPS, Spad size: 32768 KB, Accumulator size: 4096 KB
[2026-03-15 16:24:01.870] [info] DRAM Bandwidth 614 GB/s
[2026-03-15 16:24:01.870] [info] Ramulator2 config: ./configs/../configs/ramulator2_configs/HBM2.yaml
[2026-03-15 16:24:01.889] [info] Initialize SimpleInterconnect
[2026-03-15 16:24:01.893] [info] ICNT print interval: 8000 cycles
[2026-03-15 16:24:01.893] [info] num cores : [4]
[2026-03-15 16:24:01.893] [info] Register model: mamba-130m-s1-b24
[2026-03-15 16:24:01.893] [info] Model Name
[2026-03-15 16:24:02.884] [info] has_l2,[false]
[2026-03-15 16:24:02.884] [info] ======Start Simulation=====
[2026-03-15 16:24:02.885] [info] Model Name: mamba-130m-s1-b24 model started
[2026-03-15 16:24:03.534] [info] [GemmWs] Keys K = 768, N = 1, M = 3072
[2026-03-15 16:24:03.534] [info] [GemmWS]: total 0.0047216644 GFLOPs, 0.004732416 GB
[2026-03-15 16:24:03.534] [info] [GemmWS]: Theoretical time(ms): 0.007707518307142891 Compute time: 3.60234402307924e-05 Memory time: 0.007707518307142891
[2026-03-15 16:24:03.534] [info] [GEMM] spad_size: 33554432 accum_size: 4194304
[2026-03-15 16:24:03.534] [info] [GEMM] required_sram_size: 3145728 required_accum_size: 32768
[2026-03-15 16:24:03.534] [info] [GEMM] Used gemmini gemm mapping: Total N:24 C:6144 M:1536, Outer N:1 C:1 M:12, Inner N:128 C:6144 M:128
[2026-03-15 16:24:03.656] [info] [GemmWs] Keys K = 6144, N = 24, M = 1536
[2026-03-15 16:24:03.656] [info] [GemmWS]: total 0.45302168 GFLOPs, 0.019246079 GB
[2026-03-15 16:24:03.656] [info] [GemmWS]: Theoretical time(ms): 0.031345403840532526 Compute time: 0.0034562810924398946 Memory time: 0.031345403840532526
[2026-03-15 16:24:03.666] [info] [GEMM] spad_size: 33554432 accum_size: 4194304
[2026-03-15 16:24:03.666] [info] [GEMM] required_sram_size: 393216 required_accum_size: 0
[2026-03-15 16:24:03.666] [info] [GEMM] Used gemmini gemm mapping: Total N:24 C:1536 M:80, Outer N:1 C:1 M:0, Inner N:128 C:1536 M:0
[2026-03-15 16:24:03.666] [info] [GemmWs] Keys K = 1536, N = 24, M = 80
[2026-03-15 16:24:03.666] [info] [GemmWS]: total 0.00590016 GFLOPs, 0.000323488 GB
[2026-03-15 16:24:03.666] [info] [GemmWS]: Theoretical time(ms): 0.0005268533982416557 Compute time: 4.501464800910071e-05 Memory time: 0.0005268533982416557
[2026-03-15 16:24:03.666] [info] [GEMM] spad_size: 33554432 accum_size: 4194304
[2026-03-15 16:24:03.666] [info] [GEMM] required_sram_size: 65536 required_accum_size: 32768
[2026-03-15 16:24:03.666] [info] [GEMM] Used gemmini gemm mapping: Total N:24 C:48 M:1536, Outer N:1 C:1 M:12, Inner N:128 C:128 M:128
[2026-03-15 16:24:03.669] [info] [GemmWs] Keys K = 48, N = 24, M = 1536
[2026-03-15 16:24:03.669] [info] [GemmWS]: total 0.003575808 GFLOPs, 0.00022655999 GB
[2026-03-15 16:24:03.669] [info] [GemmWS]: Theoretical time(ms): 0.00036899021438330237 Compute time: 2.728124925965858e-05 Memory time: 0.00036899021438330237
[2026-03-15 16:24:03.714] [info] [GEMM] spad_size: 33554432 accum_size: 4194304
[2026-03-15 16:24:03.714] [info] [GEMM] required_sram_size: 65536 required_accum_size: 32768
[2026-03-15 16:24:03.714] [info] [GEMM] Used gemmini gemm mapping: Total N:24 C:16 M:1536, Outer N:1 C:1 M:12, Inner N:128 C:128 M:128
[2026-03-15 16:24:03.715] [info] [GemmWs] Keys K = 16, N = 24, M = 1536
[2026-03-15 16:24:03.715] [info] [GemmWS]: total 0.0012165118 GFLOPs, 0.00012672 GB
[2026-03-15 16:24:03.715] [info] [GemmWS]: Theoretical time(ms): 0.00020638435671571642 Compute time: 9.281248658510322e-06 Memory time: 0.00020638435671571642
[2026-03-15 16:24:03.716] [info] [GEMM] spad_size: 33554432 accum_size: 4194304
[2026-03-15 16:24:03.716] [info] [GEMM] required_sram_size: 786432 required_accum_size: 32768
[2026-03-15 16:24:03.716] [info] [GEMM] Used gemmini gemm mapping: Total N:24 C:1536 M:768, Outer N:1 C:1 M:6, Inner N:128 C:1536 M:128
[2026-03-15 16:24:03.727] [info] [GemmWs] Keys K = 1536, N = 24, M = 768
[2026-03-15 16:24:03.727] [info] [GemmWS]: total 0.056641534 GFLOPs, 0.002471424 GB
[2026-03-15 16:24:03.727] [info] [GemmWS]: Theoretical time(ms): 0.004025120233563939 Compute time: 0.00043214060951868305 Memory time: 0.004025120233563939
[2026-03-15 16:24:03.736] [info] [GEMM] spad_size: 33554432 accum_size: 4194304
[2026-03-15 16:24:03.736] [info] [GEMM] required_sram_size: 983040 required_accum_size: 131072
[2026-03-15 16:24:03.736] [info] [GEMM] Used gemmini gemm mapping: Total N:24 C:768 M:3072, Outer N:1 C:1 M:6, Inner N:128 C:768 M:512
[2026-03-15 16:24:03.755] [info] [GemmWs] Keys K = 768, N = 24, M = 3072
[2026-03-15 16:24:03.755] [info] [GemmWS]: total 0.11331993 GFLOPs, 0.004909056 GB
[2026-03-15 16:24:03.755] [info] [GemmWS]: Theoretical time(ms): 0.007995205123734195 Compute time: 0.0008645624802738894 Memory time: 0.007995205123734195
[2026-03-15 16:24:03.845] [info] [GemmWs] Keys K = 6144, N = 24, M = 1536
[2026-03-15 16:24:03.845] [info] [GemmWS]: total 0.45302168 GFLOPs, 0.019246079 GB
[2026-03-15 16:24:03.845] [info] [GemmWS]: Theoretical time(ms): 0.031345403840532526 Compute time: 0.0034562810924398946 Memory time: 0.031345403840532526
[2026-03-15 16:24:03.847] [info] [GemmWs] Keys K = 1536, N = 24, M = 80
[2026-03-15 16:24:03.847] [info] [GemmWS]: total 0.00590016 GFLOPs, 0.000323488 GB
[2026-03-15 16:24:03.847] [info] [GemmWS]: Theoretical time(ms): 0.0005268533982416557 Compute time: 4.501464800910071e-05 Memory time: 0.0005268533982416557
[2026-03-15 16:24:03.848] [info] [GemmWs] Keys K = 48, N = 24, M = 1536
[2026-03-15 16:24:03.848] [info] [GemmWS]: total 0.003575808 GFLOPs, 0.00022655999 GB
[2026-03-15 16:24:03.848] [info] [GemmWS]: Theoretical time(ms): 0.00036899021438330237 Compute time: 2.728124925965858e-05 Memory time: 0.00036899021438330237
[2026-03-15 16:24:03.871] [info] [GemmWs] Keys K = 16, N = 24, M = 1536
[2026-03-15 16:24:03.871] [info] [GemmWS]: total 0.0012165118 GFLOPs, 0.00012672 GB
[2026-03-15 16:24:03.871] [info] [GemmWS]: Theoretical time(ms): 0.00020638435671571642 Compute time: 9.281248658510322e-06 Memory time: 0.00020638435671571642
[2026-03-15 16:24:03.883] [info] [GemmWs] Keys K = 1536, N = 24, M = 768
[2026-03-15 16:24:03.883] [info] [GemmWS]: total 0.056641534 GFLOPs, 0.002471424 GB
[2026-03-15 16:24:03.883] [info] [GemmWS]: Theoretical time(ms): 0.004025120233563939 Compute time: 0.00043214060951868305 Memory time: 0.004025120233563939
[2026-03-15 16:24:03.914] [info] [GemmWs] Keys K = 768, N = 24, M = 3072
[2026-03-15 16:24:03.914] [info] [GemmWS]: total 0.11331993 GFLOPs, 0.004909056 GB
[2026-03-15 16:24:03.914] [info] [GemmWS]: Theoretical time(ms): 0.007995205123734195 Compute time: 0.0008645624802738894 Memory time: 0.007995205123734195
[2026-03-15 16:24:04.007] [info] [GemmWs] Keys K = 6144, N = 24, M = 1536
[2026-03-15 16:24:04.007] [info] [GemmWS]: total 0.45302168 GFLOPs, 0.019246079 GB
[2026-03-15 16:24:04.007] [info] [GemmWS]: Theoretical time(ms): 0.031345403840532526 Compute time: 0.0034562810924398946 Memory time: 0.031345403840532526
[2026-03-15 16:24:04.009] [info] [GemmWs] Keys K = 1536, N = 24, M = 80
[2026-03-15 16:24:04.009] [info] [GemmWS]: total 0.00590016 GFLOPs, 0.000323488 GB
[2026-03-15 16:24:04.009] [info] [GemmWS]: Theoretical time(ms): 0.0005268533982416557 Compute time: 4.501464800910071e-05 Memory time: 0.0005268533982416557
[2026-03-15 16:24:04.010] [info] [GemmWs] Keys K = 48, N = 24, M = 1536
[2026-03-15 16:24:04.010] [info] [GemmWS]: total 0.003575808 GFLOPs, 0.00022655999 GB
[2026-03-15 16:24:04.010] [info] [GemmWS]: Theoretical time(ms): 0.00036899021438330237 Compute time: 2.728124925965858e-05 Memory time: 0.00036899021438330237
[2026-03-15 16:24:04.033] [info] [GemmWs] Keys K = 16, N = 24, M = 1536
[2026-03-15 16:24:04.033] [info] [GemmWS]: total 0.0012165118 GFLOPs, 0.00012672 GB
[2026-03-15 16:24:04.033] [info] [GemmWS]: Theoretical time(ms): 0.00020638435671571642 Compute time: 9.281248658510322e-06 Memory time: 0.00020638435671571642
[2026-03-15 16:24:04.045] [info] [GemmWs] Keys K = 1536, N = 24, M = 768
[2026-03-15 16:24:04.045] [info] [GemmWS]: total 0.056641534 GFLOPs, 0.002471424 GB
[2026-03-15 16:24:04.045] [info] [GemmWS]: Theoretical time(ms): 0.004025120233563939 Compute time: 0.00043214060951868305 Memory time: 0.004025120233563939
[2026-03-15 16:24:04.076] [info] [GemmWs] Keys K = 768, N = 24, M = 3072
[2026-03-15 16:24:04.076] [info] [GemmWS]: total 0.11331993 GFLOPs, 0.004909056 GB
[2026-03-15 16:24:04.076] [info] [GemmWS]: Theoretical time(ms): 0.007995205123734195 Compute time: 0.0008645624802738894 Memory time: 0.007995205123734195
[2026-03-15 16:24:04.164] [info] [GemmWs] Keys K = 6144, N = 24, M = 1536
[2026-03-15 16:24:04.164] [info] [GemmWS]: total 0.45302168 GFLOPs, 0.019246079 GB
[2026-03-15 16:24:04.164] [info] [GemmWS]: Theoretical time(ms): 0.031345403840532526 Compute time: 0.0034562810924398946 Memory time: 0.031345403840532526
[2026-03-15 16:24:04.166] [info] [GemmWs] Keys K = 1536, N = 24, M = 80
[2026-03-15 16:24:04.166] [info] [GemmWS]: total 0.00590016 GFLOPs, 0.000323488 GB
[2026-03-15 16:24:04.166] [info] [GemmWS]: Theoretical time(ms): 0.0005268533982416557 Compute time: 4.501464800910071e-05 Memory time: 0.0005268533982416557
[2026-03-15 16:24:04.167] [info] [GemmWs] Keys K = 48, N = 24, M = 1536
[2026-03-15 16:24:04.167] [info] [GemmWS]: total 0.003575808 GFLOPs, 0.00022655999 GB
[2026-03-15 16:24:04.167] [info] [GemmWS]: Theoretical time(ms): 0.00036899021438330237 Compute time: 2.728124925965858e-05 Memory time: 0.00036899021438330237
[2026-03-15 16:24:04.190] [info] [GemmWs] Keys K = 16, N = 24, M = 1536
[2026-03-15 16:24:04.190] [info] [GemmWS]: total 0.0012165118 GFLOPs, 0.00012672 GB
[2026-03-15 16:24:04.190] [info] [GemmWS]: Theoretical time(ms): 0.00020638435671571642 Compute time: 9.281248658510322e-06 Memory time: 0.00020638435671571642
[2026-03-15 16:24:04.202] [info] [GemmWs] Keys K = 1536, N = 24, M = 768
[2026-03-15 16:24:04.202] [info] [GemmWS]: total 0.056641534 GFLOPs, 0.002471424 GB
[2026-03-15 16:24:04.202] [info] [GemmWS]: Theoretical time(ms): 0.004025120233563939 Compute time: 0.00043214060951868305 Memory time: 0.004025120233563939
[2026-03-15 16:24:04.233] [info] [GemmWs] Keys K = 768, N = 24, M = 3072
[2026-03-15 16:24:04.233] [info] [GemmWS]: total 0.11331993 GFLOPs, 0.004909056 GB
[2026-03-15 16:24:04.233] [info] [GemmWS]: Theoretical time(ms): 0.007995205123734195 Compute time: 0.0008645624802738894 Memory time: 0.007995205123734195
[2026-03-15 16:24:04.327] [info] [GemmWs] Keys K = 6144, N = 24, M = 1536
[2026-03-15 16:24:04.327] [info] [GemmWS]: total 0.45302168 GFLOPs, 0.019246079 GB
[2026-03-15 16:24:04.327] [info] [GemmWS]: Theoretical time(ms): 0.031345403840532526 Compute time: 0.0034562810924398946 Memory time: 0.031345403840532526
[2026-03-15 16:24:04.330] [info] [GemmWs] Keys K = 1536, N = 24, M = 80
[2026-03-15 16:24:04.330] [info] [GemmWS]: total 0.00590016 GFLOPs, 0.000323488 GB
[2026-03-15 16:24:04.330] [info] [GemmWS]: Theoretical time(ms): 0.0005268533982416557 Compute time: 4.501464800910071e-05 Memory time: 0.0005268533982416557
[2026-03-15 16:24:04.331] [info] [GemmWs] Keys K = 48, N = 24, M = 1536
[2026-03-15 16:24:04.331] [info] [GemmWS]: total 0.003575808 GFLOPs, 0.00022655999 GB
[2026-03-15 16:24:04.331] [info] [GemmWS]: Theoretical time(ms): 0.00036899021438330237 Compute time: 2.728124925965858e-05 Memory time: 0.00036899021438330237
[2026-03-15 16:24:04.353] [info] [GemmWs] Keys K = 16, N = 24, M = 1536
[2026-03-15 16:24:04.353] [info] [GemmWS]: total 0.0012165118 GFLOPs, 0.00012672 GB
[2026-03-15 16:24:04.353] [info] [GemmWS]: Theoretical time(ms): 0.00020638435671571642 Compute time: 9.281248658510322e-06 Memory time: 0.00020638435671571642
[2026-03-15 16:24:04.366] [info] [GemmWs] Keys K = 1536, N = 24, M = 768
[2026-03-15 16:24:04.366] [info] [GemmWS]: total 0.056641534 GFLOPs, 0.002471424 GB
[2026-03-15 16:24:04.366] [info] [GemmWS]: Theoretical time(ms): 0.004025120233563939 Compute time: 0.00043214060951868305 Memory time: 0.004025120233563939
[2026-03-15 16:24:04.396] [info] [GemmWs] Keys K = 768, N = 24, M = 3072
[2026-03-15 16:24:04.396] [info] [GemmWS]: total 0.11331993 GFLOPs, 0.004909056 GB
[2026-03-15 16:24:04.396] [info] [GemmWS]: Theoretical time(ms): 0.007995205123734195 Compute time: 0.0008645624802738894 Memory time: 0.007995205123734195
[2026-03-15 16:24:04.487] [info] [GemmWs] Keys K = 6144, N = 24, M = 1536
[2026-03-15 16:24:04.487] [info] [GemmWS]: total 0.45302168 GFLOPs, 0.019246079 GB
[2026-03-15 16:24:04.487] [info] [GemmWS]: Theoretical time(ms): 0.031345403840532526 Compute time: 0.0034562810924398946 Memory time: 0.031345403840532526
[2026-03-15 16:24:04.489] [info] [GemmWs] Keys K = 1536, N = 24, M = 80
[2026-03-15 16:24:04.489] [info] [GemmWS]: total 0.00590016 GFLOPs, 0.000323488 GB
[2026-03-15 16:24:04.489] [info] [GemmWS]: Theoretical time(ms): 0.0005268533982416557 Compute time: 4.501464800910071e-05 Memory time: 0.0005268533982416557
[2026-03-15 16:24:04.490] [info] [GemmWs] Keys K = 48, N = 24, M = 1536
[2026-03-15 16:24:04.490] [info] [GemmWS]: total 0.003575808 GFLOPs, 0.00022655999 GB
[2026-03-15 16:24:04.490] [info] [GemmWS]: Theoretical time(ms): 0.00036899021438330237 Compute time: 2.728124925965858e-05 Memory time: 0.00036899021438330237
[2026-03-15 16:24:04.514] [info] [GemmWs] Keys K = 16, N = 24, M = 1536
[2026-03-15 16:24:04.514] [info] [GemmWS]: total 0.0012165118 GFLOPs, 0.00012672 GB
[2026-03-15 16:24:04.514] [info] [GemmWS]: Theoretical time(ms): 0.00020638435671571642 Compute time: 9.281248658510322e-06 Memory time: 0.00020638435671571642
[2026-03-15 16:24:04.526] [info] [GemmWs] Keys K = 1536, N = 24, M = 768
[2026-03-15 16:24:04.526] [info] [GemmWS]: total 0.056641534 GFLOPs, 0.002471424 GB
[2026-03-15 16:24:04.526] [info] [GemmWS]: Theoretical time(ms): 0.004025120233563939 Compute time: 0.00043214060951868305 Memory time: 0.004025120233563939
[2026-03-15 16:24:04.558] [info] [GemmWs] Keys K = 768, N = 24, M = 3072
[2026-03-15 16:24:04.558] [info] [GemmWS]: total 0.11331993 GFLOPs, 0.004909056 GB
[2026-03-15 16:24:04.558] [info] [GemmWS]: Theoretical time(ms): 0.007995205123734195 Compute time: 0.0008645624802738894 Memory time: 0.007995205123734195
[2026-03-15 16:24:04.646] [info] [GemmWs] Keys K = 6144, N = 24, M = 1536
[2026-03-15 16:24:04.646] [info] [GemmWS]: total 0.45302168 GFLOPs, 0.019246079 GB
[2026-03-15 16:24:04.646] [info] [GemmWS]: Theoretical time(ms): 0.031345403840532526 Compute time: 0.0034562810924398946 Memory time: 0.031345403840532526
[2026-03-15 16:24:04.649] [info] [GemmWs] Keys K = 1536, N = 24, M = 80
[2026-03-15 16:24:04.649] [info] [GemmWS]: total 0.00590016 GFLOPs, 0.000323488 GB
[2026-03-15 16:24:04.649] [info] [GemmWS]: Theoretical time(ms): 0.0005268533982416557 Compute time: 4.501464800910071e-05 Memory time: 0.0005268533982416557
[2026-03-15 16:24:04.649] [info] [GemmWs] Keys K = 48, N = 24, M = 1536
[2026-03-15 16:24:04.649] [info] [GemmWS]: total 0.003575808 GFLOPs, 0.00022655999 GB
[2026-03-15 16:24:04.649] [info] [GemmWS]: Theoretical time(ms): 0.00036899021438330237 Compute time: 2.728124925965858e-05 Memory time: 0.00036899021438330237
[2026-03-15 16:24:04.673] [info] [GemmWs] Keys K = 16, N = 24, M = 1536
[2026-03-15 16:24:04.673] [info] [GemmWS]: total 0.0012165118 GFLOPs, 0.00012672 GB
[2026-03-15 16:24:04.673] [info] [GemmWS]: Theoretical time(ms): 0.00020638435671571642 Compute time: 9.281248658510322e-06 Memory time: 0.00020638435671571642
[2026-03-15 16:24:04.684] [info] [GemmWs] Keys K = 1536, N = 24, M = 768
[2026-03-15 16:24:04.684] [info] [GemmWS]: total 0.056641534 GFLOPs, 0.002471424 GB
[2026-03-15 16:24:04.684] [info] [GemmWS]: Theoretical time(ms): 0.004025120233563939 Compute time: 0.00043214060951868305 Memory time: 0.004025120233563939
[2026-03-15 16:24:04.717] [info] [GemmWs] Keys K = 768, N = 24, M = 3072
[2026-03-15 16:24:04.717] [info] [GemmWS]: total 0.11331993 GFLOPs, 0.004909056 GB
[2026-03-15 16:24:04.717] [info] [GemmWS]: Theoretical time(ms): 0.007995205123734195 Compute time: 0.0008645624802738894 Memory time: 0.007995205123734195
[2026-03-15 16:24:04.806] [info] [GemmWs] Keys K = 6144, N = 24, M = 1536
[2026-03-15 16:24:04.806] [info] [GemmWS]: total 0.45302168 GFLOPs, 0.019246079 GB
[2026-03-15 16:24:04.806] [info] [GemmWS]: Theoretical time(ms): 0.031345403840532526 Compute time: 0.0034562810924398946 Memory time: 0.031345403840532526
[2026-03-15 16:24:04.809] [info] [GemmWs] Keys K = 1536, N = 24, M = 80
[2026-03-15 16:24:04.809] [info] [GemmWS]: total 0.00590016 GFLOPs, 0.000323488 GB
[2026-03-15 16:24:04.809] [info] [GemmWS]: Theoretical time(ms): 0.0005268533982416557 Compute time: 4.501464800910071e-05 Memory time: 0.0005268533982416557
[2026-03-15 16:24:04.809] [info] [GemmWs] Keys K = 48, N = 24, M = 1536
[2026-03-15 16:24:04.809] [info] [GemmWS]: total 0.003575808 GFLOPs, 0.00022655999 GB
[2026-03-15 16:24:04.809] [info] [GemmWS]: Theoretical time(ms): 0.00036899021438330237 Compute time: 2.728124925965858e-05 Memory time: 0.00036899021438330237
[2026-03-15 16:24:04.833] [info] [GemmWs] Keys K = 16, N = 24, M = 1536
[2026-03-15 16:24:04.833] [info] [GemmWS]: total 0.0012165118 GFLOPs, 0.00012672 GB
[2026-03-15 16:24:04.833] [info] [GemmWS]: Theoretical time(ms): 0.00020638435671571642 Compute time: 9.281248658510322e-06 Memory time: 0.00020638435671571642
[2026-03-15 16:24:04.845] [info] [GemmWs] Keys K = 1536, N = 24, M = 768
[2026-03-15 16:24:04.845] [info] [GemmWS]: total 0.056641534 GFLOPs, 0.002471424 GB
[2026-03-15 16:24:04.845] [info] [GemmWS]: Theoretical time(ms): 0.004025120233563939 Compute time: 0.00043214060951868305 Memory time: 0.004025120233563939
[2026-03-15 16:24:04.877] [info] [GemmWs] Keys K = 768, N = 24, M = 3072
[2026-03-15 16:24:04.877] [info] [GemmWS]: total 0.11331993 GFLOPs, 0.004909056 GB
[2026-03-15 16:24:04.877] [info] [GemmWS]: Theoretical time(ms): 0.007995205123734195 Compute time: 0.0008645624802738894 Memory time: 0.007995205123734195
[2026-03-15 16:24:04.967] [info] [GemmWs] Keys K = 6144, N = 24, M = 1536
[2026-03-15 16:24:04.967] [info] [GemmWS]: total 0.45302168 GFLOPs, 0.019246079 GB
[2026-03-15 16:24:04.967] [info] [GemmWS]: Theoretical time(ms): 0.031345403840532526 Compute time: 0.0034562810924398946 Memory time: 0.031345403840532526
[2026-03-15 16:24:04.970] [info] [GemmWs] Keys K = 1536, N = 24, M = 80
[2026-03-15 16:24:04.970] [info] [GemmWS]: total 0.00590016 GFLOPs, 0.000323488 GB
[2026-03-15 16:24:04.970] [info] [GemmWS]: Theoretical time(ms): 0.0005268533982416557 Compute time: 4.501464800910071e-05 Memory time: 0.0005268533982416557
[2026-03-15 16:24:04.970] [info] [GemmWs] Keys K = 48, N = 24, M = 1536
[2026-03-15 16:24:04.970] [info] [GemmWS]: total 0.003575808 GFLOPs, 0.00022655999 GB
[2026-03-15 16:24:04.970] [info] [GemmWS]: Theoretical time(ms): 0.00036899021438330237 Compute time: 2.728124925965858e-05 Memory time: 0.00036899021438330237
[2026-03-15 16:24:04.994] [info] [GemmWs] Keys K = 16, N = 24, M = 1536
[2026-03-15 16:24:04.994] [info] [GemmWS]: total 0.0012165118 GFLOPs, 0.00012672 GB
[2026-03-15 16:24:04.994] [info] [GemmWS]: Theoretical time(ms): 0.00020638435671571642 Compute time: 9.281248658510322e-06 Memory time: 0.00020638435671571642
[2026-03-15 16:24:05.006] [info] [GemmWs] Keys K = 1536, N = 24, M = 768
[2026-03-15 16:24:05.006] [info] [GemmWS]: total 0.056641534 GFLOPs, 0.002471424 GB
[2026-03-15 16:24:05.006] [info] [GemmWS]: Theoretical time(ms): 0.004025120233563939 Compute time: 0.00043214060951868305 Memory time: 0.004025120233563939
[2026-03-15 16:24:05.037] [info] [GemmWs] Keys K = 768, N = 24, M = 3072
[2026-03-15 16:24:05.037] [info] [GemmWS]: total 0.11331993 GFLOPs, 0.004909056 GB
[2026-03-15 16:24:05.037] [info] [GemmWS]: Theoretical time(ms): 0.007995205123734195 Compute time: 0.0008645624802738894 Memory time: 0.007995205123734195
[2026-03-15 16:24:05.129] [info] [GemmWs] Keys K = 6144, N = 24, M = 1536
[2026-03-15 16:24:05.129] [info] [GemmWS]: total 0.45302168 GFLOPs, 0.019246079 GB
[2026-03-15 16:24:05.129] [info] [GemmWS]: Theoretical time(ms): 0.031345403840532526 Compute time: 0.0034562810924398946 Memory time: 0.031345403840532526
[2026-03-15 16:24:05.132] [info] [GemmWs] Keys K = 1536, N = 24, M = 80
[2026-03-15 16:24:05.132] [info] [GemmWS]: total 0.00590016 GFLOPs, 0.000323488 GB
[2026-03-15 16:24:05.132] [info] [GemmWS]: Theoretical time(ms): 0.0005268533982416557 Compute time: 4.501464800910071e-05 Memory time: 0.0005268533982416557
[2026-03-15 16:24:05.133] [info] [GemmWs] Keys K = 48, N = 24, M = 1536
[2026-03-15 16:24:05.133] [info] [GemmWS]: total 0.003575808 GFLOPs, 0.00022655999 GB
[2026-03-15 16:24:05.133] [info] [GemmWS]: Theoretical time(ms): 0.00036899021438330237 Compute time: 2.728124925965858e-05 Memory time: 0.00036899021438330237
[2026-03-15 16:24:05.156] [info] [GemmWs] Keys K = 16, N = 24, M = 1536
[2026-03-15 16:24:05.156] [info] [GemmWS]: total 0.0012165118 GFLOPs, 0.00012672 GB
[2026-03-15 16:24:05.156] [info] [GemmWS]: Theoretical time(ms): 0.00020638435671571642 Compute time: 9.281248658510322e-06 Memory time: 0.00020638435671571642
[2026-03-15 16:24:05.169] [info] [GemmWs] Keys K = 1536, N = 24, M = 768
[2026-03-15 16:24:05.169] [info] [GemmWS]: total 0.056641534 GFLOPs, 0.002471424 GB
[2026-03-15 16:24:05.169] [info] [GemmWS]: Theoretical time(ms): 0.004025120233563939 Compute time: 0.00043214060951868305 Memory time: 0.004025120233563939
[2026-03-15 16:24:05.201] [info] [GemmWs] Keys K = 768, N = 24, M = 3072
[2026-03-15 16:24:05.201] [info] [GemmWS]: total 0.11331993 GFLOPs, 0.004909056 GB
[2026-03-15 16:24:05.201] [info] [GemmWS]: Theoretical time(ms): 0.007995205123734195 Compute time: 0.0008645624802738894 Memory time: 0.007995205123734195
[2026-03-15 16:24:05.288] [info] [GemmWs] Keys K = 6144, N = 24, M = 1536
[2026-03-15 16:24:05.288] [info] [GemmWS]: total 0.45302168 GFLOPs, 0.019246079 GB
[2026-03-15 16:24:05.288] [info] [GemmWS]: Theoretical time(ms): 0.031345403840532526 Compute time: 0.0034562810924398946 Memory time: 0.031345403840532526
[2026-03-15 16:24:05.291] [info] [GemmWs] Keys K = 1536, N = 24, M = 80
[2026-03-15 16:24:05.291] [info] [GemmWS]: total 0.00590016 GFLOPs, 0.000323488 GB
[2026-03-15 16:24:05.291] [info] [GemmWS]: Theoretical time(ms): 0.0005268533982416557 Compute time: 4.501464800910071e-05 Memory time: 0.0005268533982416557
[2026-03-15 16:24:05.292] [info] [GemmWs] Keys K = 48, N = 24, M = 1536
[2026-03-15 16:24:05.292] [info] [GemmWS]: total 0.003575808 GFLOPs, 0.00022655999 GB
[2026-03-15 16:24:05.292] [info] [GemmWS]: Theoretical time(ms): 0.00036899021438330237 Compute time: 2.728124925965858e-05 Memory time: 0.00036899021438330237
[2026-03-15 16:24:05.315] [info] [GemmWs] Keys K = 16, N = 24, M = 1536
[2026-03-15 16:24:05.315] [info] [GemmWS]: total 0.0012165118 GFLOPs, 0.00012672 GB
[2026-03-15 16:24:05.315] [info] [GemmWS]: Theoretical time(ms): 0.00020638435671571642 Compute time: 9.281248658510322e-06 Memory time: 0.00020638435671571642
[2026-03-15 16:24:05.327] [info] [GemmWs] Keys K = 1536, N = 24, M = 768
[2026-03-15 16:24:05.327] [info] [GemmWS]: total 0.056641534 GFLOPs, 0.002471424 GB
[2026-03-15 16:24:05.327] [info] [GemmWS]: Theoretical time(ms): 0.004025120233563939 Compute time: 0.00043214060951868305 Memory time: 0.004025120233563939
[2026-03-15 16:24:05.360] [info] [GemmWs] Keys K = 768, N = 24, M = 3072
[2026-03-15 16:24:05.360] [info] [GemmWS]: total 0.11331993 GFLOPs, 0.004909056 GB
[2026-03-15 16:24:05.360] [info] [GemmWS]: Theoretical time(ms): 0.007995205123734195 Compute time: 0.0008645624802738894 Memory time: 0.007995205123734195
[2026-03-15 16:24:05.450] [info] [GemmWs] Keys K = 6144, N = 24, M = 1536
[2026-03-15 16:24:05.450] [info] [GemmWS]: total 0.45302168 GFLOPs, 0.019246079 GB
[2026-03-15 16:24:05.450] [info] [GemmWS]: Theoretical time(ms): 0.031345403840532526 Compute time: 0.0034562810924398946 Memory time: 0.031345403840532526
[2026-03-15 16:24:05.453] [info] [GemmWs] Keys K = 1536, N = 24, M = 80
[2026-03-15 16:24:05.453] [info] [GemmWS]: total 0.00590016 GFLOPs, 0.000323488 GB
[2026-03-15 16:24:05.453] [info] [GemmWS]: Theoretical time(ms): 0.0005268533982416557 Compute time: 4.501464800910071e-05 Memory time: 0.0005268533982416557
[2026-03-15 16:24:05.454] [info] [GemmWs] Keys K = 48, N = 24, M = 1536
[2026-03-15 16:24:05.454] [info] [GemmWS]: total 0.003575808 GFLOPs, 0.00022655999 GB
[2026-03-15 16:24:05.454] [info] [GemmWS]: Theoretical time(ms): 0.00036899021438330237 Compute time: 2.728124925965858e-05 Memory time: 0.00036899021438330237
[2026-03-15 16:24:05.477] [info] [GemmWs] Keys K = 16, N = 24, M = 1536
[2026-03-15 16:24:05.477] [info] [GemmWS]: total 0.0012165118 GFLOPs, 0.00012672 GB
[2026-03-15 16:24:05.477] [info] [GemmWS]: Theoretical time(ms): 0.00020638435671571642 Compute time: 9.281248658510322e-06 Memory time: 0.00020638435671571642
[2026-03-15 16:24:05.490] [info] [GemmWs] Keys K = 1536, N = 24, M = 768
[2026-03-15 16:24:05.490] [info] [GemmWS]: total 0.056641534 GFLOPs, 0.002471424 GB
[2026-03-15 16:24:05.490] [info] [GemmWS]: Theoretical time(ms): 0.004025120233563939 Compute time: 0.00043214060951868305 Memory time: 0.004025120233563939
[2026-03-15 16:24:05.522] [info] [GemmWs] Keys K = 768, N = 24, M = 3072
[2026-03-15 16:24:05.522] [info] [GemmWS]: total 0.11331993 GFLOPs, 0.004909056 GB
[2026-03-15 16:24:05.522] [info] [GemmWS]: Theoretical time(ms): 0.007995205123734195 Compute time: 0.0008645624802738894 Memory time: 0.007995205123734195
[2026-03-15 16:24:05.612] [info] [GemmWs] Keys K = 6144, N = 24, M = 1536
[2026-03-15 16:24:05.612] [info] [GemmWS]: total 0.45302168 GFLOPs, 0.019246079 GB
[2026-03-15 16:24:05.612] [info] [GemmWS]: Theoretical time(ms): 0.031345403840532526 Compute time: 0.0034562810924398946 Memory time: 0.031345403840532526
[2026-03-15 16:24:05.615] [info] [GemmWs] Keys K = 1536, N = 24, M = 80
[2026-03-15 16:24:05.615] [info] [GemmWS]: total 0.00590016 GFLOPs, 0.000323488 GB
[2026-03-15 16:24:05.615] [info] [GemmWS]: Theoretical time(ms): 0.0005268533982416557 Compute time: 4.501464800910071e-05 Memory time: 0.0005268533982416557
[2026-03-15 16:24:05.616] [info] [GemmWs] Keys K = 48, N = 24, M = 1536
[2026-03-15 16:24:05.616] [info] [GemmWS]: total 0.003575808 GFLOPs, 0.00022655999 GB
[2026-03-15 16:24:05.616] [info] [GemmWS]: Theoretical time(ms): 0.00036899021438330237 Compute time: 2.728124925965858e-05 Memory time: 0.00036899021438330237
[2026-03-15 16:24:05.640] [info] [GemmWs] Keys K = 16, N = 24, M = 1536
[2026-03-15 16:24:05.640] [info] [GemmWS]: total 0.0012165118 GFLOPs, 0.00012672 GB
[2026-03-15 16:24:05.640] [info] [GemmWS]: Theoretical time(ms): 0.00020638435671571642 Compute time: 9.281248658510322e-06 Memory time: 0.00020638435671571642
[2026-03-15 16:24:05.653] [info] [GemmWs] Keys K = 1536, N = 24, M = 768
[2026-03-15 16:24:05.653] [info] [GemmWS]: total 0.056641534 GFLOPs, 0.002471424 GB
[2026-03-15 16:24:05.653] [info] [GemmWS]: Theoretical time(ms): 0.004025120233563939 Compute time: 0.00043214060951868305 Memory time: 0.004025120233563939
[2026-03-15 16:24:05.685] [info] [GemmWs] Keys K = 768, N = 24, M = 3072
[2026-03-15 16:24:05.685] [info] [GemmWS]: total 0.11331993 GFLOPs, 0.004909056 GB
[2026-03-15 16:24:05.685] [info] [GemmWS]: Theoretical time(ms): 0.007995205123734195 Compute time: 0.0008645624802738894 Memory time: 0.007995205123734195
[2026-03-15 16:24:05.772] [info] [GemmWs] Keys K = 6144, N = 24, M = 1536
[2026-03-15 16:24:05.772] [info] [GemmWS]: total 0.45302168 GFLOPs, 0.019246079 GB
[2026-03-15 16:24:05.772] [info] [GemmWS]: Theoretical time(ms): 0.031345403840532526 Compute time: 0.0034562810924398946 Memory time: 0.031345403840532526
[2026-03-15 16:24:05.775] [info] [GemmWs] Keys K = 1536, N = 24, M = 80
[2026-03-15 16:24:05.775] [info] [GemmWS]: total 0.00590016 GFLOPs, 0.000323488 GB
[2026-03-15 16:24:05.775] [info] [GemmWS]: Theoretical time(ms): 0.0005268533982416557 Compute time: 4.501464800910071e-05 Memory time: 0.0005268533982416557
[2026-03-15 16:24:05.776] [info] [GemmWs] Keys K = 48, N = 24, M = 1536
[2026-03-15 16:24:05.776] [info] [GemmWS]: total 0.003575808 GFLOPs, 0.00022655999 GB
[2026-03-15 16:24:05.776] [info] [GemmWS]: Theoretical time(ms): 0.00036899021438330237 Compute time: 2.728124925965858e-05 Memory time: 0.00036899021438330237
[2026-03-15 16:24:05.802] [info] [GemmWs] Keys K = 16, N = 24, M = 1536
[2026-03-15 16:24:05.802] [info] [GemmWS]: total 0.0012165118 GFLOPs, 0.00012672 GB
[2026-03-15 16:24:05.802] [info] [GemmWS]: Theoretical time(ms): 0.00020638435671571642 Compute time: 9.281248658510322e-06 Memory time: 0.00020638435671571642
[2026-03-15 16:24:05.815] [info] [GemmWs] Keys K = 1536, N = 24, M = 768
[2026-03-15 16:24:05.815] [info] [GemmWS]: total 0.056641534 GFLOPs, 0.002471424 GB
[2026-03-15 16:24:05.815] [info] [GemmWS]: Theoretical time(ms): 0.004025120233563939 Compute time: 0.00043214060951868305 Memory time: 0.004025120233563939
[2026-03-15 16:24:05.847] [info] [GemmWs] Keys K = 768, N = 24, M = 3072
[2026-03-15 16:24:05.847] [info] [GemmWS]: total 0.11331993 GFLOPs, 0.004909056 GB
[2026-03-15 16:24:05.847] [info] [GemmWS]: Theoretical time(ms): 0.007995205123734195 Compute time: 0.0008645624802738894 Memory time: 0.007995205123734195
[2026-03-15 16:24:05.934] [info] [GemmWs] Keys K = 6144, N = 24, M = 1536
[2026-03-15 16:24:05.934] [info] [GemmWS]: total 0.45302168 GFLOPs, 0.019246079 GB
[2026-03-15 16:24:05.934] [info] [GemmWS]: Theoretical time(ms): 0.031345403840532526 Compute time: 0.0034562810924398946 Memory time: 0.031345403840532526
[2026-03-15 16:24:05.937] [info] [GemmWs] Keys K = 1536, N = 24, M = 80
[2026-03-15 16:24:05.937] [info] [GemmWS]: total 0.00590016 GFLOPs, 0.000323488 GB
[2026-03-15 16:24:05.937] [info] [GemmWS]: Theoretical time(ms): 0.0005268533982416557 Compute time: 4.501464800910071e-05 Memory time: 0.0005268533982416557
[2026-03-15 16:24:05.938] [info] [GemmWs] Keys K = 48, N = 24, M = 1536
[2026-03-15 16:24:05.938] [info] [GemmWS]: total 0.003575808 GFLOPs, 0.00022655999 GB
[2026-03-15 16:24:05.938] [info] [GemmWS]: Theoretical time(ms): 0.00036899021438330237 Compute time: 2.728124925965858e-05 Memory time: 0.00036899021438330237
[2026-03-15 16:24:05.968] [info] [GemmWs] Keys K = 16, N = 24, M = 1536
[2026-03-15 16:24:05.968] [info] [GemmWS]: total 0.0012165118 GFLOPs, 0.00012672 GB
[2026-03-15 16:24:05.968] [info] [GemmWS]: Theoretical time(ms): 0.00020638435671571642 Compute time: 9.281248658510322e-06 Memory time: 0.00020638435671571642
[2026-03-15 16:24:05.989] [info] [GemmWs] Keys K = 1536, N = 24, M = 768
[2026-03-15 16:24:05.989] [info] [GemmWS]: total 0.056641534 GFLOPs, 0.002471424 GB
[2026-03-15 16:24:05.989] [info] [GemmWS]: Theoretical time(ms): 0.004025120233563939 Compute time: 0.00043214060951868305 Memory time: 0.004025120233563939
[2026-03-15 16:24:06.018] [info] [GemmWs] Keys K = 768, N = 24, M = 3072
[2026-03-15 16:24:06.018] [info] [GemmWS]: total 0.11331993 GFLOPs, 0.004909056 GB
[2026-03-15 16:24:06.018] [info] [GemmWS]: Theoretical time(ms): 0.007995205123734195 Compute time: 0.0008645624802738894 Memory time: 0.007995205123734195
[2026-03-15 16:24:06.108] [info] [GemmWs] Keys K = 6144, N = 24, M = 1536
[2026-03-15 16:24:06.108] [info] [GemmWS]: total 0.45302168 GFLOPs, 0.019246079 GB
[2026-03-15 16:24:06.108] [info] [GemmWS]: Theoretical time(ms): 0.031345403840532526 Compute time: 0.0034562810924398946 Memory time: 0.031345403840532526
[2026-03-15 16:24:06.111] [info] [GemmWs] Keys K = 1536, N = 24, M = 80
[2026-03-15 16:24:06.111] [info] [GemmWS]: total 0.00590016 GFLOPs, 0.000323488 GB
[2026-03-15 16:24:06.111] [info] [GemmWS]: Theoretical time(ms): 0.0005268533982416557 Compute time: 4.501464800910071e-05 Memory time: 0.0005268533982416557
[2026-03-15 16:24:06.111] [info] [GemmWs] Keys K = 48, N = 24, M = 1536
[2026-03-15 16:24:06.111] [info] [GemmWS]: total 0.003575808 GFLOPs, 0.00022655999 GB
[2026-03-15 16:24:06.111] [info] [GemmWS]: Theoretical time(ms): 0.00036899021438330237 Compute time: 2.728124925965858e-05 Memory time: 0.00036899021438330237
[2026-03-15 16:24:06.136] [info] [GemmWs] Keys K = 16, N = 24, M = 1536
[2026-03-15 16:24:06.136] [info] [GemmWS]: total 0.0012165118 GFLOPs, 0.00012672 GB
[2026-03-15 16:24:06.136] [info] [GemmWS]: Theoretical time(ms): 0.00020638435671571642 Compute time: 9.281248658510322e-06 Memory time: 0.00020638435671571642
[2026-03-15 16:24:06.149] [info] [GemmWs] Keys K = 1536, N = 24, M = 768
[2026-03-15 16:24:06.149] [info] [GemmWS]: total 0.056641534 GFLOPs, 0.002471424 GB
[2026-03-15 16:24:06.149] [info] [GemmWS]: Theoretical time(ms): 0.004025120233563939 Compute time: 0.00043214060951868305 Memory time: 0.004025120233563939
[2026-03-15 16:24:06.181] [info] [GemmWs] Keys K = 768, N = 24, M = 3072
[2026-03-15 16:24:06.181] [info] [GemmWS]: total 0.11331993 GFLOPs, 0.004909056 GB
[2026-03-15 16:24:06.181] [info] [GemmWS]: Theoretical time(ms): 0.007995205123734195 Compute time: 0.0008645624802738894 Memory time: 0.007995205123734195
[2026-03-15 16:24:06.271] [info] [GemmWs] Keys K = 6144, N = 24, M = 1536
[2026-03-15 16:24:06.271] [info] [GemmWS]: total 0.45302168 GFLOPs, 0.019246079 GB
[2026-03-15 16:24:06.271] [info] [GemmWS]: Theoretical time(ms): 0.031345403840532526 Compute time: 0.0034562810924398946 Memory time: 0.031345403840532526
[2026-03-15 16:24:06.274] [info] [GemmWs] Keys K = 1536, N = 24, M = 80
[2026-03-15 16:24:06.274] [info] [GemmWS]: total 0.00590016 GFLOPs, 0.000323488 GB
[2026-03-15 16:24:06.274] [info] [GemmWS]: Theoretical time(ms): 0.0005268533982416557 Compute time: 4.501464800910071e-05 Memory time: 0.0005268533982416557
[2026-03-15 16:24:06.275] [info] [GemmWs] Keys K = 48, N = 24, M = 1536
[2026-03-15 16:24:06.275] [info] [GemmWS]: total 0.003575808 GFLOPs, 0.00022655999 GB
[2026-03-15 16:24:06.275] [info] [GemmWS]: Theoretical time(ms): 0.00036899021438330237 Compute time: 2.728124925965858e-05 Memory time: 0.00036899021438330237
[2026-03-15 16:24:06.299] [info] [GemmWs] Keys K = 16, N = 24, M = 1536
[2026-03-15 16:24:06.299] [info] [GemmWS]: total 0.0012165118 GFLOPs, 0.00012672 GB
[2026-03-15 16:24:06.299] [info] [GemmWS]: Theoretical time(ms): 0.00020638435671571642 Compute time: 9.281248658510322e-06 Memory time: 0.00020638435671571642
[2026-03-15 16:24:06.312] [info] [GemmWs] Keys K = 1536, N = 24, M = 768
[2026-03-15 16:24:06.312] [info] [GemmWS]: total 0.056641534 GFLOPs, 0.002471424 GB
[2026-03-15 16:24:06.312] [info] [GemmWS]: Theoretical time(ms): 0.004025120233563939 Compute time: 0.00043214060951868305 Memory time: 0.004025120233563939
[2026-03-15 16:24:06.344] [info] [GemmWs] Keys K = 768, N = 24, M = 3072
[2026-03-15 16:24:06.344] [info] [GemmWS]: total 0.11331993 GFLOPs, 0.004909056 GB
[2026-03-15 16:24:06.344] [info] [GemmWS]: Theoretical time(ms): 0.007995205123734195 Compute time: 0.0008645624802738894 Memory time: 0.007995205123734195
[2026-03-15 16:24:06.433] [info] [GemmWs] Keys K = 6144, N = 24, M = 1536
[2026-03-15 16:24:06.433] [info] [GemmWS]: total 0.45302168 GFLOPs, 0.019246079 GB
[2026-03-15 16:24:06.433] [info] [GemmWS]: Theoretical time(ms): 0.031345403840532526 Compute time: 0.0034562810924398946 Memory time: 0.031345403840532526
[2026-03-15 16:24:06.436] [info] [GemmWs] Keys K = 1536, N = 24, M = 80
[2026-03-15 16:24:06.436] [info] [GemmWS]: total 0.00590016 GFLOPs, 0.000323488 GB
[2026-03-15 16:24:06.436] [info] [GemmWS]: Theoretical time(ms): 0.0005268533982416557 Compute time: 4.501464800910071e-05 Memory time: 0.0005268533982416557
[2026-03-15 16:24:06.437] [info] [GemmWs] Keys K = 48, N = 24, M = 1536
[2026-03-15 16:24:06.437] [info] [GemmWS]: total 0.003575808 GFLOPs, 0.00022655999 GB
[2026-03-15 16:24:06.437] [info] [GemmWS]: Theoretical time(ms): 0.00036899021438330237 Compute time: 2.728124925965858e-05 Memory time: 0.00036899021438330237
[2026-03-15 16:24:06.462] [info] [GemmWs] Keys K = 16, N = 24, M = 1536
[2026-03-15 16:24:06.462] [info] [GemmWS]: total 0.0012165118 GFLOPs, 0.00012672 GB
[2026-03-15 16:24:06.462] [info] [GemmWS]: Theoretical time(ms): 0.00020638435671571642 Compute time: 9.281248658510322e-06 Memory time: 0.00020638435671571642
[2026-03-15 16:24:06.475] [info] [GemmWs] Keys K = 1536, N = 24, M = 768
[2026-03-15 16:24:06.475] [info] [GemmWS]: total 0.056641534 GFLOPs, 0.002471424 GB
[2026-03-15 16:24:06.475] [info] [GemmWS]: Theoretical time(ms): 0.004025120233563939 Compute time: 0.00043214060951868305 Memory time: 0.004025120233563939
[2026-03-15 16:24:06.508] [info] [GemmWs] Keys K = 768, N = 24, M = 3072
[2026-03-15 16:24:06.508] [info] [GemmWS]: total 0.11331993 GFLOPs, 0.004909056 GB
[2026-03-15 16:24:06.508] [info] [GemmWS]: Theoretical time(ms): 0.007995205123734195 Compute time: 0.0008645624802738894 Memory time: 0.007995205123734195
[2026-03-15 16:24:06.598] [info] [GemmWs] Keys K = 6144, N = 24, M = 1536
[2026-03-15 16:24:06.598] [info] [GemmWS]: total 0.45302168 GFLOPs, 0.019246079 GB
[2026-03-15 16:24:06.598] [info] [GemmWS]: Theoretical time(ms): 0.031345403840532526 Compute time: 0.0034562810924398946 Memory time: 0.031345403840532526
[2026-03-15 16:24:06.601] [info] [GemmWs] Keys K = 1536, N = 24, M = 80
[2026-03-15 16:24:06.601] [info] [GemmWS]: total 0.00590016 GFLOPs, 0.000323488 GB
[2026-03-15 16:24:06.601] [info] [GemmWS]: Theoretical time(ms): 0.0005268533982416557 Compute time: 4.501464800910071e-05 Memory time: 0.0005268533982416557
[2026-03-15 16:24:06.602] [info] [GemmWs] Keys K = 48, N = 24, M = 1536
[2026-03-15 16:24:06.602] [info] [GemmWS]: total 0.003575808 GFLOPs, 0.00022655999 GB
[2026-03-15 16:24:06.602] [info] [GemmWS]: Theoretical time(ms): 0.00036899021438330237 Compute time: 2.728124925965858e-05 Memory time: 0.00036899021438330237
[2026-03-15 16:24:06.626] [info] [GemmWs] Keys K = 16, N = 24, M = 1536
[2026-03-15 16:24:06.626] [info] [GemmWS]: total 0.0012165118 GFLOPs, 0.00012672 GB
[2026-03-15 16:24:06.626] [info] [GemmWS]: Theoretical time(ms): 0.00020638435671571642 Compute time: 9.281248658510322e-06 Memory time: 0.00020638435671571642
[2026-03-15 16:24:06.639] [info] [GemmWs] Keys K = 1536, N = 24, M = 768
[2026-03-15 16:24:06.639] [info] [GemmWS]: total 0.056641534 GFLOPs, 0.002471424 GB
[2026-03-15 16:24:06.639] [info] [GemmWS]: Theoretical time(ms): 0.004025120233563939 Compute time: 0.00043214060951868305 Memory time: 0.004025120233563939
[2026-03-15 16:24:06.671] [info] [GemmWs] Keys K = 768, N = 24, M = 3072
[2026-03-15 16:24:06.671] [info] [GemmWS]: total 0.11331993 GFLOPs, 0.004909056 GB
[2026-03-15 16:24:06.671] [info] [GemmWS]: Theoretical time(ms): 0.007995205123734195 Compute time: 0.0008645624802738894 Memory time: 0.007995205123734195
[2026-03-15 16:24:06.761] [info] [GemmWs] Keys K = 6144, N = 24, M = 1536
[2026-03-15 16:24:06.761] [info] [GemmWS]: total 0.45302168 GFLOPs, 0.019246079 GB
[2026-03-15 16:24:06.761] [info] [GemmWS]: Theoretical time(ms): 0.031345403840532526 Compute time: 0.0034562810924398946 Memory time: 0.031345403840532526
[2026-03-15 16:24:06.764] [info] [GemmWs] Keys K = 1536, N = 24, M = 80
[2026-03-15 16:24:06.764] [info] [GemmWS]: total 0.00590016 GFLOPs, 0.000323488 GB
[2026-03-15 16:24:06.764] [info] [GemmWS]: Theoretical time(ms): 0.0005268533982416557 Compute time: 4.501464800910071e-05 Memory time: 0.0005268533982416557
[2026-03-15 16:24:06.765] [info] [GemmWs] Keys K = 48, N = 24, M = 1536
[2026-03-15 16:24:06.765] [info] [GemmWS]: total 0.003575808 GFLOPs, 0.00022655999 GB
[2026-03-15 16:24:06.765] [info] [GemmWS]: Theoretical time(ms): 0.00036899021438330237 Compute time: 2.728124925965858e-05 Memory time: 0.00036899021438330237
[2026-03-15 16:24:06.789] [info] [GemmWs] Keys K = 16, N = 24, M = 1536
[2026-03-15 16:24:06.789] [info] [GemmWS]: total 0.0012165118 GFLOPs, 0.00012672 GB
[2026-03-15 16:24:06.789] [info] [GemmWS]: Theoretical time(ms): 0.00020638435671571642 Compute time: 9.281248658510322e-06 Memory time: 0.00020638435671571642
[2026-03-15 16:24:06.802] [info] [GemmWs] Keys K = 1536, N = 24, M = 768
[2026-03-15 16:24:06.802] [info] [GemmWS]: total 0.056641534 GFLOPs, 0.002471424 GB
[2026-03-15 16:24:06.802] [info] [GemmWS]: Theoretical time(ms): 0.004025120233563939 Compute time: 0.00043214060951868305 Memory time: 0.004025120233563939
[2026-03-15 16:24:06.834] [info] [GemmWs] Keys K = 768, N = 24, M = 3072
[2026-03-15 16:24:06.834] [info] [GemmWS]: total 0.11331993 GFLOPs, 0.004909056 GB
[2026-03-15 16:24:06.834] [info] [GemmWS]: Theoretical time(ms): 0.007995205123734195 Compute time: 0.0008645624802738894 Memory time: 0.007995205123734195
[2026-03-15 16:24:06.922] [info] [GemmWs] Keys K = 6144, N = 24, M = 1536
[2026-03-15 16:24:06.922] [info] [GemmWS]: total 0.45302168 GFLOPs, 0.019246079 GB
[2026-03-15 16:24:06.922] [info] [GemmWS]: Theoretical time(ms): 0.031345403840532526 Compute time: 0.0034562810924398946 Memory time: 0.031345403840532526
[2026-03-15 16:24:06.926] [info] [GemmWs] Keys K = 1536, N = 24, M = 80
[2026-03-15 16:24:06.933] [info] [GemmWS]: total 0.00590016 GFLOPs, 0.000323488 GB
[2026-03-15 16:24:06.933] [info] [GemmWS]: Theoretical time(ms): 0.0005268533982416557 Compute time: 4.501464800910071e-05 Memory time: 0.0005268533982416557
[2026-03-15 16:24:06.934] [info] [GemmWs] Keys K = 48, N = 24, M = 1536
[2026-03-15 16:24:06.934] [info] [GemmWS]: total 0.003575808 GFLOPs, 0.00022655999 GB
[2026-03-15 16:24:06.934] [info] [GemmWS]: Theoretical time(ms): 0.00036899021438330237 Compute time: 2.728124925965858e-05 Memory time: 0.00036899021438330237
[2026-03-15 16:24:06.958] [info] [GemmWs] Keys K = 16, N = 24, M = 1536
[2026-03-15 16:24:06.958] [info] [GemmWS]: total 0.0012165118 GFLOPs, 0.00012672 GB
[2026-03-15 16:24:06.958] [info] [GemmWS]: Theoretical time(ms): 0.00020638435671571642 Compute time: 9.281248658510322e-06 Memory time: 0.00020638435671571642
[2026-03-15 16:24:06.972] [info] [GemmWs] Keys K = 1536, N = 24, M = 768
[2026-03-15 16:24:06.972] [info] [GemmWS]: total 0.056641534 GFLOPs, 0.002471424 GB
[2026-03-15 16:24:06.972] [info] [GemmWS]: Theoretical time(ms): 0.004025120233563939 Compute time: 0.00043214060951868305 Memory time: 0.004025120233563939
[2026-03-15 16:24:07.004] [info] [GemmWs] Keys K = 768, N = 24, M = 3072
[2026-03-15 16:24:07.004] [info] [GemmWS]: total 0.11331993 GFLOPs, 0.004909056 GB
[2026-03-15 16:24:07.004] [info] [GemmWS]: Theoretical time(ms): 0.007995205123734195 Compute time: 0.0008645624802738894 Memory time: 0.007995205123734195
[2026-03-15 16:24:07.091] [info] [GemmWs] Keys K = 6144, N = 24, M = 1536
[2026-03-15 16:24:07.091] [info] [GemmWS]: total 0.45302168 GFLOPs, 0.019246079 GB
[2026-03-15 16:24:07.091] [info] [GemmWS]: Theoretical time(ms): 0.031345403840532526 Compute time: 0.0034562810924398946 Memory time: 0.031345403840532526
[2026-03-15 16:24:07.094] [info] [GemmWs] Keys K = 1536, N = 24, M = 80
[2026-03-15 16:24:07.094] [info] [GemmWS]: total 0.00590016 GFLOPs, 0.000323488 GB
[2026-03-15 16:24:07.094] [info] [GemmWS]: Theoretical time(ms): 0.0005268533982416557 Compute time: 4.501464800910071e-05 Memory time: 0.0005268533982416557
[2026-03-15 16:24:07.095] [info] [GemmWs] Keys K = 48, N = 24, M = 1536
[2026-03-15 16:24:07.095] [info] [GemmWS]: total 0.003575808 GFLOPs, 0.00022655999 GB
[2026-03-15 16:24:07.095] [info] [GemmWS]: Theoretical time(ms): 0.00036899021438330237 Compute time: 2.728124925965858e-05 Memory time: 0.00036899021438330237
[2026-03-15 16:24:07.119] [info] [GemmWs] Keys K = 16, N = 24, M = 1536
[2026-03-15 16:24:07.119] [info] [GemmWS]: total 0.0012165118 GFLOPs, 0.00012672 GB
[2026-03-15 16:24:07.119] [info] [GemmWS]: Theoretical time(ms): 0.00020638435671571642 Compute time: 9.281248658510322e-06 Memory time: 0.00020638435671571642
[2026-03-15 16:24:07.131] [info] [GemmWs] Keys K = 1536, N = 24, M = 768
[2026-03-15 16:24:07.131] [info] [GemmWS]: total 0.056641534 GFLOPs, 0.002471424 GB
[2026-03-15 16:24:07.131] [info] [GemmWS]: Theoretical time(ms): 0.004025120233563939 Compute time: 0.00043214060951868305 Memory time: 0.004025120233563939
[2026-03-15 16:24:07.164] [info] [GemmWs] Keys K = 768, N = 24, M = 3072
[2026-03-15 16:24:07.164] [info] [GemmWS]: total 0.11331993 GFLOPs, 0.004909056 GB
[2026-03-15 16:24:07.164] [info] [GemmWS]: Theoretical time(ms): 0.007995205123734195 Compute time: 0.0008645624802738894 Memory time: 0.007995205123734195
[2026-03-15 16:24:07.251] [info] [GemmWs] Keys K = 6144, N = 24, M = 1536
[2026-03-15 16:24:07.251] [info] [GemmWS]: total 0.45302168 GFLOPs, 0.019246079 GB
[2026-03-15 16:24:07.251] [info] [GemmWS]: Theoretical time(ms): 0.031345403840532526 Compute time: 0.0034562810924398946 Memory time: 0.031345403840532526
[2026-03-15 16:24:07.254] [info] [GemmWs] Keys K = 1536, N = 24, M = 80
[2026-03-15 16:24:07.254] [info] [GemmWS]: total 0.00590016 GFLOPs, 0.000323488 GB
[2026-03-15 16:24:07.254] [info] [GemmWS]: Theoretical time(ms): 0.0005268533982416557 Compute time: 4.501464800910071e-05 Memory time: 0.0005268533982416557
[2026-03-15 16:24:07.255] [info] [GemmWs] Keys K = 48, N = 24, M = 1536
[2026-03-15 16:24:07.255] [info] [GemmWS]: total 0.003575808 GFLOPs, 0.00022655999 GB
[2026-03-15 16:24:07.255] [info] [GemmWS]: Theoretical time(ms): 0.00036899021438330237 Compute time: 2.728124925965858e-05 Memory time: 0.00036899021438330237
[2026-03-15 16:24:07.278] [info] [GemmWs] Keys K = 16, N = 24, M = 1536
[2026-03-15 16:24:07.278] [info] [GemmWS]: total 0.0012165118 GFLOPs, 0.00012672 GB
[2026-03-15 16:24:07.278] [info] [GemmWS]: Theoretical time(ms): 0.00020638435671571642 Compute time: 9.281248658510322e-06 Memory time: 0.00020638435671571642
[2026-03-15 16:24:07.291] [info] [GemmWs] Keys K = 1536, N = 24, M = 768
[2026-03-15 16:24:07.291] [info] [GemmWS]: total 0.056641534 GFLOPs, 0.002471424 GB
[2026-03-15 16:24:07.291] [info] [GemmWS]: Theoretical time(ms): 0.004025120233563939 Compute time: 0.00043214060951868305 Memory time: 0.004025120233563939
[2026-03-15 16:24:07.324] [info] [GemmWs] Keys K = 768, N = 24, M = 3072
[2026-03-15 16:24:07.324] [info] [GemmWS]: total 0.11331993 GFLOPs, 0.004909056 GB
[2026-03-15 16:24:07.324] [info] [GemmWS]: Theoretical time(ms): 0.007995205123734195 Compute time: 0.0008645624802738894 Memory time: 0.007995205123734195
[2026-03-15 16:24:07.413] [info] [GemmWs] Keys K = 6144, N = 24, M = 1536
[2026-03-15 16:24:07.413] [info] [GemmWS]: total 0.45302168 GFLOPs, 0.019246079 GB
[2026-03-15 16:24:07.413] [info] [GemmWS]: Theoretical time(ms): 0.031345403840532526 Compute time: 0.0034562810924398946 Memory time: 0.031345403840532526
[2026-03-15 16:24:07.416] [info] [GemmWs] Keys K = 1536, N = 24, M = 80
[2026-03-15 16:24:07.416] [info] [GemmWS]: total 0.00590016 GFLOPs, 0.000323488 GB
[2026-03-15 16:24:07.416] [info] [GemmWS]: Theoretical time(ms): 0.0005268533982416557 Compute time: 4.501464800910071e-05 Memory time: 0.0005268533982416557
[2026-03-15 16:24:07.417] [info] [GemmWs] Keys K = 48, N = 24, M = 1536
[2026-03-15 16:24:07.417] [info] [GemmWS]: total 0.003575808 GFLOPs, 0.00022655999 GB
[2026-03-15 16:24:07.417] [info] [GemmWS]: Theoretical time(ms): 0.00036899021438330237 Compute time: 2.728124925965858e-05 Memory time: 0.00036899021438330237
[2026-03-15 16:24:07.441] [info] [GemmWs] Keys K = 16, N = 24, M = 1536
[2026-03-15 16:24:07.441] [info] [GemmWS]: total 0.0012165118 GFLOPs, 0.00012672 GB
[2026-03-15 16:24:07.441] [info] [GemmWS]: Theoretical time(ms): 0.00020638435671571642 Compute time: 9.281248658510322e-06 Memory time: 0.00020638435671571642
[2026-03-15 16:24:07.454] [info] [GemmWs] Keys K = 1536, N = 24, M = 768
[2026-03-15 16:24:07.454] [info] [GemmWS]: total 0.056641534 GFLOPs, 0.002471424 GB
[2026-03-15 16:24:07.454] [info] [GemmWS]: Theoretical time(ms): 0.004025120233563939 Compute time: 0.00043214060951868305 Memory time: 0.004025120233563939
[2026-03-15 16:24:07.755] [info] ./models/mamba-130m-s1-b24/mamba-130m-s1-b24.onnx Model initialization time: 4.870584 seconds
[2026-03-15 16:24:07.805] [info] Schedule model: mamba-130m-s1-b24 at 1000 us
[2026-03-15 16:24:07.805] [info] MODEL mamba-130m-s1-b24 Scheduled, Total Request: 1
[2026-03-15 16:24:07.805] [info] executable layer count 956
[2026-03-15 16:24:07.805] [info] Start layer Identity_792
[2026-03-15 16:24:07.805] [info] Issue tile Identity_792 on core 0, spad_id 1, accum_spad_id 1
[2026-03-15 16:24:07.806] [info] HBM2-CH_0: BW utilization 0% (0 reads, 0 writes)
[2026-03-15 16:24:07.841] [info] Layer Identity_792 finish at 136
[2026-03-15 16:24:07.841] [info] Total compute time 136
[2026-03-15 16:24:07.841] [info] executable layer count 956
[2026-03-15 16:24:07.841] [info] Start layer Identity_793
[2026-03-15 16:24:07.883] [info] Layer Identity_793 finish at 375
[2026-03-15 16:24:07.883] [info] Total compute time 239
[2026-03-15 16:24:07.883] [info] executable layer count 956
[2026-03-15 16:24:07.883] [info] Start layer Identity_794
[2026-03-15 16:24:07.918] [info] Layer Identity_794 finish at 611
[2026-03-15 16:24:07.918] [info] Total compute time 236
[2026-03-15 16:24:07.918] [info] executable layer count 956
[2026-03-15 16:24:07.918] [info] Start layer Identity_795
[2026-03-15 16:24:07.950] [info] Layer Identity_795 finish at 853
[2026-03-15 16:24:07.950] [info] Total compute time 242
[2026-03-15 16:24:07.951] [info] executable layer count 956
[2026-03-15 16:24:07.951] [info] Start layer Identity_796
[2026-03-15 16:24:07.984] [info] Layer Identity_796 finish at 1104
[2026-03-15 16:24:07.984] [info] Total compute time 251
[2026-03-15 16:24:07.984] [info] executable layer count 956
[2026-03-15 16:24:07.984] [info] Start layer Identity_797
[2026-03-15 16:24:08.023] [info] Layer Identity_797 finish at 1390
[2026-03-15 16:24:08.023] [info] Total compute time 286
[2026-03-15 16:24:08.023] [info] executable layer count 956
[2026-03-15 16:24:08.023] [info] Start layer Identity_798
[2026-03-15 16:24:08.058] [info] Layer Identity_798 finish at 1656
[2026-03-15 16:24:08.058] [info] Total compute time 266
[2026-03-15 16:24:08.058] [info] executable layer count 956
[2026-03-15 16:24:08.058] [info] Start layer Identity_799
[2026-03-15 16:24:08.091] [info] Layer Identity_799 finish at 1909
[2026-03-15 16:24:08.091] [info] Total compute time 253
[2026-03-15 16:24:08.091] [info] executable layer count 956
[2026-03-15 16:24:08.091] [info] Start layer Identity_800
[2026-03-15 16:24:08.121] [info] Layer Identity_800 finish at 2164
[2026-03-15 16:24:08.121] [info] Total compute time 255
[2026-03-15 16:24:08.121] [info] executable layer count 956
[2026-03-15 16:24:08.121] [info] Start layer Identity_801
[2026-03-15 16:24:08.151] [info] Layer Identity_801 finish at 2421
[2026-03-15 16:24:08.151] [info] Total compute time 257
[2026-03-15 16:24:08.151] [info] executable layer count 956
[2026-03-15 16:24:08.151] [info] Start layer Identity_802
[2026-03-15 16:24:08.184] [info] Layer Identity_802 finish at 2709
[2026-03-15 16:24:08.184] [info] Total compute time 288
[2026-03-15 16:24:08.184] [info] executable layer count 956
[2026-03-15 16:24:08.184] [info] Start layer Identity_803
[2026-03-15 16:24:08.214] [info] Layer Identity_803 finish at 2982
[2026-03-15 16:24:08.214] [info] Total compute time 273
[2026-03-15 16:24:08.214] [info] executable layer count 956
[2026-03-15 16:24:08.214] [info] Start layer Identity_804
[2026-03-15 16:24:08.241] [info] Layer Identity_804 finish at 3234
[2026-03-15 16:24:08.241] [info] Total compute time 252
[2026-03-15 16:24:08.241] [info] executable layer count 956
[2026-03-15 16:24:08.241] [info] Start layer Identity_805
[2026-03-15 16:24:08.267] [info] Layer Identity_805 finish at 3488
[2026-03-15 16:24:08.267] [info] Total compute time 254
[2026-03-15 16:24:08.267] [info] executable layer count 956
[2026-03-15 16:24:08.267] [info] Start layer Identity_806
[2026-03-15 16:24:08.299] [info] Layer Identity_806 finish at 3742
[2026-03-15 16:24:08.299] [info] Total compute time 254
[2026-03-15 16:24:08.299] [info] executable layer count 956
[2026-03-15 16:24:08.299] [info] Start layer Identity_807
[2026-03-15 16:24:08.330] [info] Layer Identity_807 finish at 3998
[2026-03-15 16:24:08.330] [info] Total compute time 256
[2026-03-15 16:24:08.330] [info] executable layer count 956
[2026-03-15 16:24:08.330] [info] Start layer Identity_808
[2026-03-15 16:24:08.370] [info] Layer Identity_808 finish at 4280
[2026-03-15 16:24:08.370] [info] Total compute time 282
[2026-03-15 16:24:08.371] [info] executable layer count 956
[2026-03-15 16:24:08.371] [info] Start layer Identity_809
[2026-03-15 16:24:08.403] [info] Layer Identity_809 finish at 4533
[2026-03-15 16:24:08.403] [info] Total compute time 253
[2026-03-15 16:24:08.403] [info] executable layer count 956
[2026-03-15 16:24:08.403] [info] Start layer Identity_810
[2026-03-15 16:24:08.434] [info] Layer Identity_810 finish at 4790
[2026-03-15 16:24:08.434] [info] Total compute time 257
[2026-03-15 16:24:08.434] [info] executable layer count 956
[2026-03-15 16:24:08.434] [info] Start layer Identity_811
[2026-03-15 16:24:08.466] [info] Layer Identity_811 finish at 5037
[2026-03-15 16:24:08.466] [info] Total compute time 247
[2026-03-15 16:24:08.466] [info] executable layer count 956
[2026-03-15 16:24:08.466] [info] Start layer Identity_812
[2026-03-15 16:24:08.500] [info] Layer Identity_812 finish at 5293
[2026-03-15 16:24:08.500] [info] Total compute time 256
[2026-03-15 16:24:08.500] [info] executable layer count 956
[2026-03-15 16:24:08.500] [info] Start layer Identity_813
[2026-03-15 16:24:08.539] [info] Layer Identity_813 finish at 5575
[2026-03-15 16:24:08.539] [info] Total compute time 282
[2026-03-15 16:24:08.539] [info] executable layer count 956
[2026-03-15 16:24:08.539] [info] Start layer Identity_814
[2026-03-15 16:24:08.575] [info] Layer Identity_814 finish at 5843
[2026-03-15 16:24:08.575] [info] Total compute time 268
[2026-03-15 16:24:08.575] [info] executable layer count 956
[2026-03-15 16:24:08.575] [info] Start layer Identity_815
[2026-03-15 16:24:08.579] [info] Layer Identity_815 finish at 5882
[2026-03-15 16:24:08.579] [info] Total compute time 39
[2026-03-15 16:24:08.579] [info] executable layer count 955
[2026-03-15 16:24:08.579] [info] Start layer Identity_816
[2026-03-15 16:24:08.597] [info] Layer Identity_816 finish at 6008
[2026-03-15 16:24:08.597] [info] Total compute time 126
[2026-03-15 16:24:08.597] [info] executable layer count 954
[2026-03-15 16:24:08.597] [info] Start layer Identity_817
[2026-03-15 16:24:08.601] [info] Layer Identity_817 finish at 6046
[2026-03-15 16:24:08.601] [info] Total compute time 38
[2026-03-15 16:24:08.601] [info] executable layer count 953
[2026-03-15 16:24:08.601] [info] Start layer Identity_818
[2026-03-15 16:24:08.605] [info] Layer Identity_818 finish at 6072
[2026-03-15 16:24:08.605] [info] Total compute time 26
[2026-03-15 16:24:08.605] [info] executable layer count 952
[2026-03-15 16:24:08.605] [info] Start layer Identity_819
[2026-03-15 16:24:08.611] [info] Layer Identity_819 finish at 6125
[2026-03-15 16:24:08.611] [info] Total compute time 53
[2026-03-15 16:24:08.611] [info] executable layer count 951
[2026-03-15 16:24:08.611] [info] Start layer Identity_820
[2026-03-15 16:24:08.615] [info] Layer Identity_820 finish at 6170
[2026-03-15 16:24:08.615] [info] Total compute time 45
[2026-03-15 16:24:08.615] [info] executable layer count 950
[2026-03-15 16:24:08.615] [info] Start layer Identity_821
[2026-03-15 16:24:08.619] [info] Layer Identity_821 finish at 6195
[2026-03-15 16:24:08.619] [info] Total compute time 25
[2026-03-15 16:24:08.619] [info] executable layer count 949
[2026-03-15 16:24:08.619] [info] Start layer Identity_822
[2026-03-15 16:24:08.625] [info] Layer Identity_822 finish at 6237
[2026-03-15 16:24:08.625] [info] Total compute time 42
[2026-03-15 16:24:08.625] [info] executable layer count 948
[2026-03-15 16:24:08.625] [info] Start layer Identity_823
[2026-03-15 16:24:08.627] [info] Layer Identity_823 finish at 6256
[2026-03-15 16:24:08.627] [info] Total compute time 19
[2026-03-15 16:24:08.627] [info] executable layer count 947
[2026-03-15 16:24:08.627] [info] Start layer Identity_824
[2026-03-15 16:24:08.629] [info] Layer Identity_824 finish at 6284
[2026-03-15 16:24:08.629] [info] Total compute time 28
[2026-03-15 16:24:08.629] [info] executable layer count 946
[2026-03-15 16:24:08.629] [info] Start layer Identity_825
[2026-03-15 16:24:08.634] [info] Layer Identity_825 finish at 6336
[2026-03-15 16:24:08.634] [info] Total compute time 52
[2026-03-15 16:24:08.634] [info] executable layer count 945
[2026-03-15 16:24:08.634] [info] Start layer Identity_826
[2026-03-15 16:24:08.641] [info] Layer Identity_826 finish at 6381
[2026-03-15 16:24:08.641] [info] Total compute time 45
[2026-03-15 16:24:08.641] [info] executable layer count 944
[2026-03-15 16:24:08.641] [info] Start layer Identity_827
[2026-03-15 16:24:08.644] [info] Layer Identity_827 finish at 6417
[2026-03-15 16:24:08.644] [info] Total compute time 36
[2026-03-15 16:24:08.644] [info] executable layer count 943
[2026-03-15 16:24:08.644] [info] Start layer Identity_828
[2026-03-15 16:24:08.650] [info] Layer Identity_828 finish at 6461
[2026-03-15 16:24:08.650] [info] Total compute time 44
[2026-03-15 16:24:08.650] [info] executable layer count 942
[2026-03-15 16:24:08.650] [info] Start layer Identity_829
[2026-03-15 16:24:08.651] [info] Layer Identity_829 finish at 6483
[2026-03-15 16:24:08.651] [info] Total compute time 22
[2026-03-15 16:24:08.651] [info] executable layer count 941
[2026-03-15 16:24:08.651] [info] Start layer Identity_830
[2026-03-15 16:24:08.655] [info] Layer Identity_830 finish at 6517
[2026-03-15 16:24:08.655] [info] Total compute time 34
[2026-03-15 16:24:08.655] [info] executable layer count 940
[2026-03-15 16:24:08.655] [info] Start layer Identity_831
[2026-03-15 16:24:08.661] [info] Layer Identity_831 finish at 6571
[2026-03-15 16:24:08.661] [info] Total compute time 54
[2026-03-15 16:24:08.661] [info] executable layer count 939
[2026-03-15 16:24:08.661] [info] Start layer Identity_832
[2026-03-15 16:24:08.666] [info] Layer Identity_832 finish at 6617
[2026-03-15 16:24:08.666] [info] Total compute time 46
[2026-03-15 16:24:08.666] [info] executable layer count 938
[2026-03-15 16:24:08.666] [info] Start layer Identity_833
[2026-03-15 16:24:08.669] [info] Layer Identity_833 finish at 6657
[2026-03-15 16:24:08.669] [info] Total compute time 40
[2026-03-15 16:24:08.669] [info] executable layer count 937
[2026-03-15 16:24:08.669] [info] Start layer Identity_834
[2026-03-15 16:24:08.674] [info] Layer Identity_834 finish at 6699
[2026-03-15 16:24:08.674] [info] Total compute time 42
[2026-03-15 16:24:08.674] [info] executable layer count 936
[2026-03-15 16:24:08.674] [info] Start layer Identity_835
[2026-03-15 16:24:08.675] [info] Layer Identity_835 finish at 6719
[2026-03-15 16:24:08.675] [info] Total compute time 20
[2026-03-15 16:24:08.675] [info] executable layer count 935
[2026-03-15 16:24:08.675] [info] Start layer Identity_836
[2026-03-15 16:24:08.678] [info] Layer Identity_836 finish at 6753
[2026-03-15 16:24:08.678] [info] Total compute time 34
[2026-03-15 16:24:08.678] [info] executable layer count 934
[2026-03-15 16:24:08.678] [info] Start layer Identity_837
[2026-03-15 16:24:08.683] [info] Layer Identity_837 finish at 6804
[2026-03-15 16:24:08.683] [info] Total compute time 51
[2026-03-15 16:24:08.683] [info] executable layer count 933
[2026-03-15 16:24:08.683] [info] Start layer Identity_838
[2026-03-15 16:24:08.689] [info] Layer Identity_838 finish at 6850
[2026-03-15 16:24:08.689] [info] Total compute time 46
[2026-03-15 16:24:08.689] [info] executable layer count 932
[2026-03-15 16:24:08.689] [info] Start layer Identity_839
[2026-03-15 16:24:08.692] [info] Layer Identity_839 finish at 6881
[2026-03-15 16:24:08.692] [info] Total compute time 31
[2026-03-15 16:24:08.692] [info] executable layer count 931
[2026-03-15 16:24:08.692] [info] Start layer Identity_840
[2026-03-15 16:24:08.695] [info] Layer Identity_840 finish at 6924
[2026-03-15 16:24:08.695] [info] Total compute time 43
[2026-03-15 16:24:08.695] [info] executable layer count 930
[2026-03-15 16:24:08.695] [info] Start layer Identity_841
[2026-03-15 16:24:08.697] [info] Layer Identity_841 finish at 6948
[2026-03-15 16:24:08.697] [info] Total compute time 24
[2026-03-15 16:24:08.697] [info] executable layer count 929
[2026-03-15 16:24:08.697] [info] Start layer Identity_842
[2026-03-15 16:24:08.700] [info] Layer Identity_842 finish at 6980
[2026-03-15 16:24:08.700] [info] Total compute time 32
[2026-03-15 16:24:08.700] [info] executable layer count 928
[2026-03-15 16:24:08.700] [info] Start layer Identity_843
[2026-03-15 16:24:08.706] [info] Layer Identity_843 finish at 7034
[2026-03-15 16:24:08.706] [info] Total compute time 54
[2026-03-15 16:24:08.706] [info] executable layer count 927
[2026-03-15 16:24:08.706] [info] Start layer Identity_844
[2026-03-15 16:24:08.709] [info] Layer Identity_844 finish at 7079
[2026-03-15 16:24:08.709] [info] Total compute time 45
[2026-03-15 16:24:08.709] [info] executable layer count 926
[2026-03-15 16:24:08.709] [info] Start layer Identity_845
[2026-03-15 16:24:08.712] [info] Layer Identity_845 finish at 7112
[2026-03-15 16:24:08.712] [info] Total compute time 33
[2026-03-15 16:24:08.712] [info] executable layer count 925
[2026-03-15 16:24:08.712] [info] Start layer Identity_846
[2026-03-15 16:24:08.716] [info] Layer Identity_846 finish at 7155
[2026-03-15 16:24:08.716] [info] Total compute time 43
[2026-03-15 16:24:08.716] [info] executable layer count 924
[2026-03-15 16:24:08.716] [info] Start layer Identity_847
[2026-03-15 16:24:08.720] [info] Layer Identity_847 finish at 7202
[2026-03-15 16:24:08.720] [info] Total compute time 47
[2026-03-15 16:24:08.720] [info] executable layer count 923
[2026-03-15 16:24:08.720] [info] Start layer Identity_848
[2026-03-15 16:24:08.722] [info] Layer Identity_848 finish at 7234
[2026-03-15 16:24:08.722] [info] Total compute time 32
[2026-03-15 16:24:08.722] [info] executable layer count 922
[2026-03-15 16:24:08.722] [info] Start layer Identity_849
[2026-03-15 16:24:08.727] [info] Layer Identity_849 finish at 7285
[2026-03-15 16:24:08.727] [info] Total compute time 51
[2026-03-15 16:24:08.727] [info] executable layer count 921
[2026-03-15 16:24:08.727] [info] Start layer Identity_850
[2026-03-15 16:24:08.731] [info] Layer Identity_850 finish at 7340
[2026-03-15 16:24:08.731] [info] Total compute time 55
[2026-03-15 16:24:08.731] [info] executable layer count 920
[2026-03-15 16:24:08.731] [info] Start layer Identity_851
[2026-03-15 16:24:08.735] [info] Layer Identity_851 finish at 7380
[2026-03-15 16:24:08.735] [info] Total compute time 40
[2026-03-15 16:24:08.735] [info] executable layer count 919
[2026-03-15 16:24:08.735] [info] Start layer Identity_852
[2026-03-15 16:24:08.741] [info] Layer Identity_852 finish at 7434
[2026-03-15 16:24:08.741] [info] Total compute time 54
[2026-03-15 16:24:08.741] [info] executable layer count 918
[2026-03-15 16:24:08.741] [info] Start layer Identity_853
[2026-03-15 16:24:08.744] [info] Layer Identity_853 finish at 7478
[2026-03-15 16:24:08.744] [info] Total compute time 44
[2026-03-15 16:24:08.744] [info] executable layer count 917
[2026-03-15 16:24:08.744] [info] Start layer Identity_854
[2026-03-15 16:24:08.747] [info] Layer Identity_854 finish at 7519
[2026-03-15 16:24:08.747] [info] Total compute time 41
[2026-03-15 16:24:08.747] [info] executable layer count 916
[2026-03-15 16:24:08.747] [info] Start layer Identity_855
[2026-03-15 16:24:08.752] [info] Layer Identity_855 finish at 7572
[2026-03-15 16:24:08.752] [info] Total compute time 53
[2026-03-15 16:24:08.752] [info] executable layer count 915
[2026-03-15 16:24:08.752] [info] Start layer Identity_856
[2026-03-15 16:24:08.758] [info] Layer Identity_856 finish at 7617
[2026-03-15 16:24:08.758] [info] Total compute time 45
[2026-03-15 16:24:08.758] [info] executable layer count 914
[2026-03-15 16:24:08.758] [info] Start layer Identity_857
[2026-03-15 16:24:08.760] [info] Layer Identity_857 finish at 7645
[2026-03-15 16:24:08.760] [info] Total compute time 28
[2026-03-15 16:24:08.760] [info] executable layer count 913
[2026-03-15 16:24:08.760] [info] Start layer Identity_858
[2026-03-15 16:24:08.764] [info] Layer Identity_858 finish at 7688
[2026-03-15 16:24:08.764] [info] Total compute time 43
[2026-03-15 16:24:08.764] [info] executable layer count 912
[2026-03-15 16:24:08.764] [info] Start layer Identity_859
[2026-03-15 16:24:08.766] [info] Layer Identity_859 finish at 7713
[2026-03-15 16:24:08.766] [info] Total compute time 25
[2026-03-15 16:24:08.766] [info] executable layer count 911
[2026-03-15 16:24:08.766] [info] Start layer Identity_860
[2026-03-15 16:24:08.768] [info] Layer Identity_860 finish at 7741
[2026-03-15 16:24:08.768] [info] Total compute time 28
[2026-03-15 16:24:08.768] [info] executable layer count 910
[2026-03-15 16:24:08.768] [info] Start layer Identity_861
[2026-03-15 16:24:08.773] [info] Layer Identity_861 finish at 7793
[2026-03-15 16:24:08.773] [info] Total compute time 52
[2026-03-15 16:24:08.774] [info] executable layer count 909
[2026-03-15 16:24:08.774] [info] Start layer Identity_862
[2026-03-15 16:24:08.777] [info] Layer Identity_862 finish at 7837
[2026-03-15 16:24:08.777] [info] Total compute time 44
[2026-03-15 16:24:08.777] [info] executable layer count 908
[2026-03-15 16:24:08.777] [info] Start layer Identity_863
[2026-03-15 16:24:08.780] [info] Layer Identity_863 finish at 7862
[2026-03-15 16:24:08.780] [info] Total compute time 25
[2026-03-15 16:24:08.780] [info] executable layer count 907
[2026-03-15 16:24:08.780] [info] Start layer Identity_864
[2026-03-15 16:24:08.783] [info] Layer Identity_864 finish at 7904
[2026-03-15 16:24:08.783] [info] Total compute time 42
[2026-03-15 16:24:08.783] [info] executable layer count 906
[2026-03-15 16:24:08.783] [info] Start layer Identity_865
[2026-03-15 16:24:08.785] [info] Layer Identity_865 finish at 7927
[2026-03-15 16:24:08.785] [info] Total compute time 23
[2026-03-15 16:24:08.785] [info] executable layer count 905
[2026-03-15 16:24:08.785] [info] Start layer Identity_866
[2026-03-15 16:24:08.788] [info] Layer Identity_866 finish at 7953
[2026-03-15 16:24:08.788] [info] Total compute time 26
[2026-03-15 16:24:08.788] [info] executable layer count 904
[2026-03-15 16:24:08.788] [info] Start layer Identity_867
[2026-03-15 16:24:08.793] [info] HBM2-CH_0: BW utilization 51% (2467 reads, 2493 writes)
[2026-03-15 16:24:08.793] [info] Core [0] Tile Stats | Issued: 19 Running: 0 Finished: 19
[2026-03-15 16:24:08.793] [info] cycle: [8000]
[2026-03-15 16:24:08.793] [info] Core [1] Tile Stats | Issued: 19 Running: 0 Finished: 19
[2026-03-15 16:24:08.793] [info] cycle: [8000]
[2026-03-15 16:24:08.793] [info] Core [2] Tile Stats | Issued: 19 Running: 0 Finished: 19
[2026-03-15 16:24:08.793] [info] cycle: [8000]
[2026-03-15 16:24:08.793] [info] Tile  status Identity_867, instructions left 1
[2026-03-15 16:24:08.793] [info] Core [3] Tile Stats | Issued: 19 Running: 1 Finished: 18
[2026-03-15 16:24:08.793] [info] cycle: [8000]
[2026-03-15 16:24:08.794] [info] Layer Identity_867 finish at 8006
[2026-03-15 16:24:08.794] [info] Total compute time 53
[2026-03-15 16:24:08.794] [info] executable layer count 903
[2026-03-15 16:24:08.794] [info] Start layer Identity_868
[2026-03-15 16:24:08.799] [info] Layer Identity_868 finish at 8051
[2026-03-15 16:24:08.799] [info] Total compute time 45
[2026-03-15 16:24:08.799] [info] executable layer count 902
[2026-03-15 16:24:08.799] [info] Start layer Identity_869
[2026-03-15 16:24:08.801] [info] Layer Identity_869 finish at 8077
[2026-03-15 16:24:08.801] [info] Total compute time 26
[2026-03-15 16:24:08.801] [info] executable layer count 901
[2026-03-15 16:24:08.801] [info] Start layer Identity_870
[2026-03-15 16:24:08.806] [info] Layer Identity_870 finish at 8120
[2026-03-15 16:24:08.806] [info] Total compute time 43
[2026-03-15 16:24:08.806] [info] executable layer count 900
[2026-03-15 16:24:08.806] [info] Start layer Identity_871
[2026-03-15 16:24:08.808] [info] Layer Identity_871 finish at 8140
[2026-03-15 16:24:08.808] [info] Total compute time 20
[2026-03-15 16:24:08.808] [info] executable layer count 899
[2026-03-15 16:24:08.808] [info] Start layer Identity_872
[2026-03-15 16:24:08.810] [info] Layer Identity_872 finish at 8167
[2026-03-15 16:24:08.810] [info] Total compute time 27
[2026-03-15 16:24:08.810] [info] executable layer count 898
[2026-03-15 16:24:08.810] [info] Start layer Identity_873
[2026-03-15 16:24:08.816] [info] Layer Identity_873 finish at 8218
[2026-03-15 16:24:08.816] [info] Total compute time 51
[2026-03-15 16:24:08.816] [info] executable layer count 897
[2026-03-15 16:24:08.816] [info] Start layer Identity_874
[2026-03-15 16:24:08.820] [info] Layer Identity_874 finish at 8263
[2026-03-15 16:24:08.820] [info] Total compute time 45
[2026-03-15 16:24:08.820] [info] executable layer count 896
[2026-03-15 16:24:08.820] [info] Start layer Identity_875
[2026-03-15 16:24:08.824] [info] Layer Identity_875 finish at 8290
[2026-03-15 16:24:08.824] [info] Total compute time 27
[2026-03-15 16:24:08.824] [info] executable layer count 895
[2026-03-15 16:24:08.824] [info] Start layer Identity_876
[2026-03-15 16:24:08.828] [info] Layer Identity_876 finish at 8332
[2026-03-15 16:24:08.828] [info] Total compute time 42
[2026-03-15 16:24:08.828] [info] executable layer count 894
[2026-03-15 16:24:08.828] [info] Start layer Identity_877
[2026-03-15 16:24:08.830] [info] Layer Identity_877 finish at 8352
[2026-03-15 16:24:08.830] [info] Total compute time 20
[2026-03-15 16:24:08.830] [info] executable layer count 893
[2026-03-15 16:24:08.830] [info] Start layer Identity_878
[2026-03-15 16:24:08.833] [info] Layer Identity_878 finish at 8386
[2026-03-15 16:24:08.833] [info] Total compute time 34
[2026-03-15 16:24:08.833] [info] executable layer count 892
[2026-03-15 16:24:08.833] [info] Start layer Identity_879
[2026-03-15 16:24:08.839] [info] Layer Identity_879 finish at 8438
[2026-03-15 16:24:08.839] [info] Total compute time 52
[2026-03-15 16:24:08.839] [info] executable layer count 891
[2026-03-15 16:24:08.839] [info] Start layer Identity_880
[2026-03-15 16:24:08.843] [info] Layer Identity_880 finish at 8484
[2026-03-15 16:24:08.843] [info] Total compute time 46
[2026-03-15 16:24:08.843] [info] executable layer count 890
[2026-03-15 16:24:08.843] [info] Start layer Identity_881
[2026-03-15 16:24:08.846] [info] Layer Identity_881 finish at 8516
[2026-03-15 16:24:08.846] [info] Total compute time 32
[2026-03-15 16:24:08.846] [info] executable layer count 889
[2026-03-15 16:24:08.846] [info] Start layer Identity_882
[2026-03-15 16:24:08.850] [info] Layer Identity_882 finish at 8559
[2026-03-15 16:24:08.850] [info] Total compute time 43
[2026-03-15 16:24:08.850] [info] executable layer count 888
[2026-03-15 16:24:08.850] [info] Start layer Identity_883
[2026-03-15 16:24:08.852] [info] Layer Identity_883 finish at 8578
[2026-03-15 16:24:08.852] [info] Total compute time 19
[2026-03-15 16:24:08.852] [info] executable layer count 887
[2026-03-15 16:24:08.852] [info] Start layer Identity_884
[2026-03-15 16:24:08.856] [info] Layer Identity_884 finish at 8612
[2026-03-15 16:24:08.856] [info] Total compute time 34
[2026-03-15 16:24:08.856] [info] executable layer count 886
[2026-03-15 16:24:08.856] [info] Start layer Identity_885
[2026-03-15 16:24:08.861] [info] Layer Identity_885 finish at 8663
[2026-03-15 16:24:08.861] [info] Total compute time 51
[2026-03-15 16:24:08.861] [info] executable layer count 885
[2026-03-15 16:24:08.861] [info] Start layer Identity_886
[2026-03-15 16:24:08.866] [info] Layer Identity_886 finish at 8707
[2026-03-15 16:24:08.866] [info] Total compute time 44
[2026-03-15 16:24:08.866] [info] executable layer count 884
[2026-03-15 16:24:08.866] [info] Start layer Identity_887
[2026-03-15 16:24:08.869] [info] Layer Identity_887 finish at 8739
[2026-03-15 16:24:08.869] [info] Total compute time 32
[2026-03-15 16:24:08.869] [info] executable layer count 883
[2026-03-15 16:24:08.869] [info] Start layer Identity_888
[2026-03-15 16:24:08.874] [info] Layer Identity_888 finish at 8782
[2026-03-15 16:24:08.874] [info] Total compute time 43
[2026-03-15 16:24:08.874] [info] executable layer count 882
[2026-03-15 16:24:08.874] [info] Start layer Identity_889
[2026-03-15 16:24:08.876] [info] Layer Identity_889 finish at 8806
[2026-03-15 16:24:08.876] [info] Total compute time 24
[2026-03-15 16:24:08.876] [info] executable layer count 881
[2026-03-15 16:24:08.876] [info] Start layer Identity_890
[2026-03-15 16:24:08.879] [info] Layer Identity_890 finish at 8838
[2026-03-15 16:24:08.879] [info] Total compute time 32
[2026-03-15 16:24:08.879] [info] executable layer count 880
[2026-03-15 16:24:08.879] [info] Start layer Identity_891
[2026-03-15 16:24:08.884] [info] Layer Identity_891 finish at 8893
[2026-03-15 16:24:08.884] [info] Total compute time 55
[2026-03-15 16:24:08.884] [info] executable layer count 879
[2026-03-15 16:24:08.884] [info] Start layer Identity_892
[2026-03-15 16:24:08.889] [info] Layer Identity_892 finish at 8938
[2026-03-15 16:24:08.889] [info] Total compute time 45
[2026-03-15 16:24:08.889] [info] executable layer count 878
[2026-03-15 16:24:08.889] [info] Start layer Identity_893
[2026-03-15 16:24:08.894] [info] Layer Identity_893 finish at 8972
[2026-03-15 16:24:08.894] [info] Total compute time 34
[2026-03-15 16:24:08.894] [info] executable layer count 877
[2026-03-15 16:24:08.894] [info] Start layer Identity_894
[2026-03-15 16:24:08.898] [info] Layer Identity_894 finish at 9015
[2026-03-15 16:24:08.898] [info] Total compute time 43
[2026-03-15 16:24:08.898] [info] executable layer count 876
[2026-03-15 16:24:08.898] [info] Start layer Identity_895
[2026-03-15 16:24:08.900] [info] Layer Identity_895 finish at 9040
[2026-03-15 16:24:08.900] [info] Total compute time 25
[2026-03-15 16:24:08.900] [info] executable layer count 875
[2026-03-15 16:24:08.900] [info] Start layer Identity_896
[2026-03-15 16:24:08.903] [info] Layer Identity_896 finish at 9073
[2026-03-15 16:24:08.903] [info] Total compute time 33
[2026-03-15 16:24:08.903] [info] executable layer count 874
[2026-03-15 16:24:08.903] [info] Start layer Identity_897
[2026-03-15 16:24:08.909] [info] Layer Identity_897 finish at 9127
[2026-03-15 16:24:08.909] [info] Total compute time 54
[2026-03-15 16:24:08.909] [info] executable layer count 873
[2026-03-15 16:24:08.909] [info] Start layer Identity_898
[2026-03-15 16:24:08.912] [info] Layer Identity_898 finish at 9170
[2026-03-15 16:24:08.912] [info] Total compute time 43
[2026-03-15 16:24:08.912] [info] executable layer count 872
[2026-03-15 16:24:08.912] [info] Start layer Identity_899
[2026-03-15 16:24:08.915] [info] Layer Identity_899 finish at 9203
[2026-03-15 16:24:08.915] [info] Total compute time 33
[2026-03-15 16:24:08.915] [info] executable layer count 871
[2026-03-15 16:24:08.915] [info] Start layer Identity_900
[2026-03-15 16:24:08.918] [info] Layer Identity_900 finish at 9245
[2026-03-15 16:24:08.918] [info] Total compute time 42
[2026-03-15 16:24:08.918] [info] executable layer count 870
[2026-03-15 16:24:08.918] [info] Start layer Identity_901
[2026-03-15 16:24:08.922] [info] Layer Identity_901 finish at 9274
[2026-03-15 16:24:08.922] [info] Total compute time 29
[2026-03-15 16:24:08.922] [info] executable layer count 869
[2026-03-15 16:24:08.922] [info] Start layer Identity_902
[2026-03-15 16:24:08.924] [info] Layer Identity_902 finish at 9300
[2026-03-15 16:24:08.924] [info] Total compute time 26
[2026-03-15 16:24:08.924] [info] executable layer count 868
[2026-03-15 16:24:08.924] [info] Start layer Identity_903
[2026-03-15 16:24:08.929] [info] Layer Identity_903 finish at 9354
[2026-03-15 16:24:08.929] [info] Total compute time 54
[2026-03-15 16:24:08.929] [info] executable layer count 867
[2026-03-15 16:24:08.929] [info] Start layer Identity_904
[2026-03-15 16:24:08.932] [info] Layer Identity_904 finish at 9399
[2026-03-15 16:24:08.932] [info] Total compute time 45
[2026-03-15 16:24:08.932] [info] executable layer count 866
[2026-03-15 16:24:08.932] [info] Start layer Identity_905
[2026-03-15 16:24:08.935] [info] Layer Identity_905 finish at 9428
[2026-03-15 16:24:08.935] [info] Total compute time 29
[2026-03-15 16:24:08.935] [info] executable layer count 865
[2026-03-15 16:24:08.935] [info] Start layer Identity_906
[2026-03-15 16:24:08.940] [info] Layer Identity_906 finish at 9470
[2026-03-15 16:24:08.940] [info] Total compute time 42
[2026-03-15 16:24:08.940] [info] executable layer count 864
[2026-03-15 16:24:08.940] [info] Start layer Identity_907
[2026-03-15 16:24:08.942] [info] Layer Identity_907 finish at 9495
[2026-03-15 16:24:08.942] [info] Total compute time 25
[2026-03-15 16:24:08.942] [info] executable layer count 863
[2026-03-15 16:24:08.942] [info] Start layer Identity_908
[2026-03-15 16:24:08.944] [info] Layer Identity_908 finish at 9523
[2026-03-15 16:24:08.944] [info] Total compute time 28
[2026-03-15 16:24:08.944] [info] executable layer count 862
[2026-03-15 16:24:08.944] [info] Start layer Identity_909
[2026-03-15 16:24:08.949] [info] Layer Identity_909 finish at 9575
[2026-03-15 16:24:08.949] [info] Total compute time 52
[2026-03-15 16:24:08.949] [info] executable layer count 861
[2026-03-15 16:24:08.949] [info] Start layer Identity_910
[2026-03-15 16:24:08.952] [info] Layer Identity_910 finish at 9619
[2026-03-15 16:24:08.952] [info] Total compute time 44
[2026-03-15 16:24:08.952] [info] executable layer count 860
[2026-03-15 16:24:08.952] [info] Start layer Identity_911
[2026-03-15 16:24:08.954] [info] Layer Identity_911 finish at 9644
[2026-03-15 16:24:08.954] [info] Total compute time 25
[2026-03-15 16:24:08.954] [info] executable layer count 859
[2026-03-15 16:24:08.954] [info] Start layer Identity_912
[2026-03-15 16:24:08.958] [info] Layer Identity_912 finish at 9687
[2026-03-15 16:24:08.958] [info] Total compute time 43
[2026-03-15 16:24:08.958] [info] executable layer count 858
[2026-03-15 16:24:08.958] [info] Start layer Identity_913
[2026-03-15 16:24:08.959] [info] Layer Identity_913 finish at 9705
[2026-03-15 16:24:08.959] [info] Total compute time 18
[2026-03-15 16:24:08.959] [info] executable layer count 857
[2026-03-15 16:24:08.959] [info] Start layer Identity_914
[2026-03-15 16:24:08.961] [info] Layer Identity_914 finish at 9732
[2026-03-15 16:24:08.961] [info] Total compute time 27
[2026-03-15 16:24:08.961] [info] executable layer count 856
[2026-03-15 16:24:08.961] [info] Start layer Identity_915
[2026-03-15 16:24:08.966] [info] Layer Identity_915 finish at 9786
[2026-03-15 16:24:08.966] [info] Total compute time 54
[2026-03-15 16:24:08.966] [info] executable layer count 855
[2026-03-15 16:24:08.966] [info] Start layer Identity_916
[2026-03-15 16:24:08.971] [info] Layer Identity_916 finish at 9831
[2026-03-15 16:24:08.971] [info] Total compute time 45
[2026-03-15 16:24:08.971] [info] executable layer count 854
[2026-03-15 16:24:08.971] [info] Start layer Identity_917
[2026-03-15 16:24:08.975] [info] Layer Identity_917 finish at 9875
[2026-03-15 16:24:08.975] [info] Total compute time 44
[2026-03-15 16:24:08.975] [info] executable layer count 853
[2026-03-15 16:24:08.975] [info] Start layer Identity_918
[2026-03-15 16:24:08.978] [info] Layer Identity_918 finish at 9917
[2026-03-15 16:24:08.978] [info] Total compute time 42
[2026-03-15 16:24:08.979] [info] executable layer count 852
[2026-03-15 16:24:08.979] [info] Start layer Identity_919
[2026-03-15 16:24:08.980] [info] Layer Identity_919 finish at 9936
[2026-03-15 16:24:08.980] [info] Total compute time 19
[2026-03-15 16:24:08.980] [info] executable layer count 851
[2026-03-15 16:24:08.980] [info] Start layer Identity_920
[2026-03-15 16:24:08.982] [info] Layer Identity_920 finish at 9963
[2026-03-15 16:24:08.982] [info] Total compute time 27
[2026-03-15 16:24:08.982] [info] executable layer count 850
[2026-03-15 16:24:08.982] [info] Start layer Identity_921
[2026-03-15 16:24:08.987] [info] Layer Identity_921 finish at 10015
[2026-03-15 16:24:08.987] [info] Total compute time 52
[2026-03-15 16:24:08.987] [info] executable layer count 849
[2026-03-15 16:24:08.987] [info] Start layer Identity_922
[2026-03-15 16:24:08.990] [info] Layer Identity_922 finish at 10060
[2026-03-15 16:24:08.990] [info] Total compute time 45
[2026-03-15 16:24:08.990] [info] executable layer count 848
[2026-03-15 16:24:08.990] [info] Start layer Identity_923
[2026-03-15 16:24:08.993] [info] Layer Identity_923 finish at 10088
[2026-03-15 16:24:08.993] [info] Total compute time 28
[2026-03-15 16:24:08.993] [info] executable layer count 847
[2026-03-15 16:24:08.993] [info] Start layer Identity_924
[2026-03-15 16:24:08.996] [info] Layer Identity_924 finish at 10131
[2026-03-15 16:24:08.996] [info] Total compute time 43
[2026-03-15 16:24:08.996] [info] executable layer count 846
[2026-03-15 16:24:08.996] [info] Start layer Identity_925
[2026-03-15 16:24:08.998] [info] Layer Identity_925 finish at 10153
[2026-03-15 16:24:08.998] [info] Total compute time 22
[2026-03-15 16:24:08.998] [info] executable layer count 845
[2026-03-15 16:24:08.998] [info] Start layer Identity_926
[2026-03-15 16:24:09.001] [info] Layer Identity_926 finish at 10186
[2026-03-15 16:24:09.001] [info] Total compute time 33
[2026-03-15 16:24:09.001] [info] executable layer count 844
[2026-03-15 16:24:09.001] [info] Start layer Identity_927
[2026-03-15 16:24:09.006] [info] Layer Identity_927 finish at 10239
[2026-03-15 16:24:09.006] [info] Total compute time 53
[2026-03-15 16:24:09.006] [info] executable layer count 843
[2026-03-15 16:24:09.006] [info] Start layer Identity_928
[2026-03-15 16:24:09.010] [info] Layer Identity_928 finish at 10285
[2026-03-15 16:24:09.010] [info] Total compute time 46
[2026-03-15 16:24:09.010] [info] executable layer count 842
[2026-03-15 16:24:09.010] [info] Start layer Identity_929
[2026-03-15 16:24:09.013] [info] Layer Identity_929 finish at 10316
[2026-03-15 16:24:09.013] [info] Total compute time 31
[2026-03-15 16:24:09.013] [info] executable layer count 841
[2026-03-15 16:24:09.013] [info] Start layer Identity_930
[2026-03-15 16:24:09.017] [info] Layer Identity_930 finish at 10358
[2026-03-15 16:24:09.017] [info] Total compute time 42
[2026-03-15 16:24:09.017] [info] executable layer count 840
[2026-03-15 16:24:09.017] [info] Start layer Identity_931
[2026-03-15 16:24:09.019] [info] Layer Identity_931 finish at 10391
[2026-03-15 16:24:09.019] [info] Total compute time 33
[2026-03-15 16:24:09.020] [info] executable layer count 839
[2026-03-15 16:24:09.020] [info] Start layer Identity_932
[2026-03-15 16:24:09.023] [info] Layer Identity_932 finish at 10423
[2026-03-15 16:24:09.023] [info] Total compute time 32
[2026-03-15 16:24:09.023] [info] executable layer count 838
[2026-03-15 16:24:09.023] [info] Start layer Identity_933
[2026-03-15 16:24:09.027] [info] Layer Identity_933 finish at 10474
[2026-03-15 16:24:09.027] [info] Total compute time 51
[2026-03-15 16:24:09.027] [info] executable layer count 837
[2026-03-15 16:24:09.027] [info] Start layer Identity_934
[2026-03-15 16:24:09.031] [info] Layer Identity_934 finish at 10518
[2026-03-15 16:24:09.031] [info] Total compute time 44
[2026-03-15 16:24:09.031] [info] executable layer count 836
[2026-03-15 16:24:09.031] [info] Start layer Identity_935
[2026-03-15 16:24:09.034] [info] Layer Identity_935 finish at 10551
[2026-03-15 16:24:09.034] [info] Total compute time 33
[2026-03-15 16:24:09.034] [info] executable layer count 835
[2026-03-15 16:24:09.034] [info] Start layer Identity_936
[2026-03-15 16:24:09.039] [info] Layer Identity_936 finish at 10594
[2026-03-15 16:24:09.039] [info] Total compute time 43
[2026-03-15 16:24:09.039] [info] executable layer count 834
[2026-03-15 16:24:09.039] [info] Start layer Identity_937
[2026-03-15 16:24:09.042] [info] Layer Identity_937 finish at 10636
[2026-03-15 16:24:09.042] [info] Total compute time 42
[2026-03-15 16:24:09.042] [info] executable layer count 833
[2026-03-15 16:24:09.042] [info] Start layer Identity_938
[2026-03-15 16:24:09.046] [info] Layer Identity_938 finish at 10688
[2026-03-15 16:24:09.046] [info] Total compute time 52
[2026-03-15 16:24:09.046] [info] executable layer count 832
[2026-03-15 16:24:09.046] [info] Start layer Identity_939
[2026-03-15 16:24:09.051] [info] Layer Identity_939 finish at 10740
[2026-03-15 16:24:09.051] [info] Total compute time 52
[2026-03-15 16:24:09.051] [info] executable layer count 831
[2026-03-15 16:24:09.051] [info] Start layer Identity_940
[2026-03-15 16:24:09.056] [info] Layer Identity_940 finish at 10785
[2026-03-15 16:24:09.056] [info] Total compute time 45
[2026-03-15 16:24:09.056] [info] executable layer count 830
[2026-03-15 16:24:09.056] [info] Start layer Identity_941
[2026-03-15 16:24:09.059] [info] Layer Identity_941 finish at 10818
[2026-03-15 16:24:09.059] [info] Total compute time 33
[2026-03-15 16:24:09.059] [info] executable layer count 829
[2026-03-15 16:24:09.059] [info] Start layer Identity_942
[2026-03-15 16:24:09.062] [info] Layer Identity_942 finish at 10861
[2026-03-15 16:24:09.062] [info] Total compute time 43
[2026-03-15 16:24:09.062] [info] executable layer count 828
[2026-03-15 16:24:09.062] [info] Start layer Identity_943
[2026-03-15 16:24:09.065] [info] Layer Identity_943 finish at 10888
[2026-03-15 16:24:09.065] [info] Total compute time 27
[2026-03-15 16:24:09.065] [info] executable layer count 827
[2026-03-15 16:24:09.065] [info] Start layer Identity_944
[2026-03-15 16:24:09.067] [info] Layer Identity_944 finish at 10920
[2026-03-15 16:24:09.067] [info] Total compute time 32
[2026-03-15 16:24:09.067] [info] executable layer count 826
[2026-03-15 16:24:09.067] [info] Start layer Identity_945
[2026-03-15 16:24:09.072] [info] Layer Identity_945 finish at 10974
[2026-03-15 16:24:09.072] [info] Total compute time 54
[2026-03-15 16:24:09.072] [info] executable layer count 825
[2026-03-15 16:24:09.072] [info] Start layer Identity_946
[2026-03-15 16:24:09.075] [info] Layer Identity_946 finish at 11018
[2026-03-15 16:24:09.075] [info] Total compute time 44
[2026-03-15 16:24:09.075] [info] executable layer count 824
[2026-03-15 16:24:09.075] [info] Start layer Identity_947
[2026-03-15 16:24:09.078] [info] Layer Identity_947 finish at 11052
[2026-03-15 16:24:09.078] [info] Total compute time 34
[2026-03-15 16:24:09.078] [info] executable layer count 823
[2026-03-15 16:24:09.078] [info] Start layer Identity_948
[2026-03-15 16:24:09.082] [info] Layer Identity_948 finish at 11095
[2026-03-15 16:24:09.082] [info] Total compute time 43
[2026-03-15 16:24:09.082] [info] executable layer count 822
[2026-03-15 16:24:09.082] [info] Start layer Identity_949
[2026-03-15 16:24:09.084] [info] Layer Identity_949 finish at 11124
[2026-03-15 16:24:09.084] [info] Total compute time 29
[2026-03-15 16:24:09.084] [info] executable layer count 821
[2026-03-15 16:24:09.084] [info] Start layer Identity_950
[2026-03-15 16:24:09.086] [info] Layer Identity_950 finish at 11150
[2026-03-15 16:24:09.086] [info] Total compute time 26
[2026-03-15 16:24:09.086] [info] executable layer count 820
[2026-03-15 16:24:09.086] [info] Start layer Identity_951
[2026-03-15 16:24:09.092] [info] Layer Identity_951 finish at 11204
[2026-03-15 16:24:09.092] [info] Total compute time 54
[2026-03-15 16:24:09.092] [info] executable layer count 819
[2026-03-15 16:24:09.092] [info] Start layer Identity_952
[2026-03-15 16:24:09.096] [info] Layer Identity_952 finish at 11249
[2026-03-15 16:24:09.096] [info] Total compute time 45
[2026-03-15 16:24:09.096] [info] executable layer count 818
[2026-03-15 16:24:09.096] [info] Start layer Identity_953
[2026-03-15 16:24:09.100] [info] Layer Identity_953 finish at 11293
[2026-03-15 16:24:09.100] [info] Total compute time 44
[2026-03-15 16:24:09.100] [info] executable layer count 817
[2026-03-15 16:24:09.100] [info] Start layer /Constant
[2026-03-15 16:24:09.101] [info] Layer /Constant finish at 11311
[2026-03-15 16:24:09.101] [info] Total compute time 18
[2026-03-15 16:24:09.101] [info] executable layer count 818
[2026-03-15 16:24:09.101] [info] Start layer /blocks.0/in_proj/Gemm
[2026-03-15 16:24:09.742] [info] HBM2-CH_0: BW utilization 45% (3833 reads, 490 writes)
[2026-03-15 16:24:09.743] [info] Tile  status Gemm, instructions left 16
[2026-03-15 16:24:09.743] [info] Tile  status Gemm, instructions left 28
[2026-03-15 16:24:09.743] [info] Core [0] Tile Stats | Issued: 43 Running: 2 Finished: 41
[2026-03-15 16:24:09.743] [info] cycle: [16000]
[2026-03-15 16:24:09.743] [info] Tile  status Gemm, instructions left 16
[2026-03-15 16:24:09.743] [info] Core [1] Tile Stats | Issued: 42 Running: 1 Finished: 41
[2026-03-15 16:24:09.743] [info] cycle: [16000]
[2026-03-15 16:24:09.743] [info] Tile  status Gemm, instructions left 16
[2026-03-15 16:24:09.743] [info] Core [2] Tile Stats | Issued: 42 Running: 1 Finished: 41
[2026-03-15 16:24:09.743] [info] cycle: [16000]
[2026-03-15 16:24:09.743] [info] Tile  status Gemm, instructions left 16
[2026-03-15 16:24:09.743] [info] Tile  status Gemm, instructions left 28
[2026-03-15 16:24:09.743] [info] Core [3] Tile Stats | Issued: 42 Running: 2 Finished: 40
[2026-03-15 16:24:09.743] [info] cycle: [16000]
[2026-03-15 16:24:10.828] [info] HBM2-CH_0: BW utilization 57% (5492 reads, 0 writes)
[2026-03-15 16:24:10.830] [info] Tile  status Gemm, instructions left 10
[2026-03-15 16:24:10.830] [info] Core [0] Tile Stats | Issued: 43 Running: 1 Finished: 42
[2026-03-15 16:24:10.830] [info] cycle: [24000]
[2026-03-15 16:24:10.830] [info] Core [1] Tile Stats | Issued: 42 Running: 0 Finished: 42
[2026-03-15 16:24:10.830] [info] cycle: [24000]
[2026-03-15 16:24:10.830] [info] Core [2] Tile Stats | Issued: 42 Running: 0 Finished: 42
[2026-03-15 16:24:10.830] [info] cycle: [24000]
[2026-03-15 16:24:10.830] [info] Tile  status Gemm, instructions left 10
[2026-03-15 16:24:10.830] [info] Core [3] Tile Stats | Issued: 42 Running: 1 Finished: 41
[2026-03-15 16:24:10.830] [info] cycle: [24000]
[2026-03-15 16:24:11.017] [info] Layer /blocks.0/in_proj/Gemm finish at 25685
[2026-03-15 16:24:11.017] [info] Total compute time 14374
[2026-03-15 16:24:11.017] [info] executable layer count 817
[2026-03-15 16:24:11.017] [info] Start layer /blocks.0/Constant
[2026-03-15 16:24:11.020] [info] Layer /blocks.0/Constant finish at 25718
[2026-03-15 16:24:11.020] [info] Total compute time 33
[2026-03-15 16:24:11.020] [info] executable layer count 818
[2026-03-15 16:24:11.020] [info] Start layer /blocks.0/Constant_1
[2026-03-15 16:24:11.021] [info] Layer /blocks.0/Constant_1 finish at 25736
[2026-03-15 16:24:11.021] [info] Total compute time 18
[2026-03-15 16:24:11.021] [info] executable layer count 817
[2026-03-15 16:24:11.021] [info] Start layer /blocks.0/Constant_2
[2026-03-15 16:24:11.023] [info] Layer /blocks.0/Constant_2 finish at 25754
[2026-03-15 16:24:11.023] [info] Total compute time 18
[2026-03-15 16:24:11.023] [info] executable layer count 816
[2026-03-15 16:24:11.023] [info] Start layer /blocks.0/Constant_3
[2026-03-15 16:24:11.024] [info] Layer /blocks.0/Constant_3 finish at 25773
[2026-03-15 16:24:11.024] [info] Total compute time 19
[2026-03-15 16:24:11.024] [info] executable layer count 815
[2026-03-15 16:24:11.024] [info] Start layer /blocks.0/Constant_4
[2026-03-15 16:24:11.026] [info] Layer /blocks.0/Constant_4 finish at 25791
[2026-03-15 16:24:11.026] [info] Total compute time 18
[2026-03-15 16:24:11.026] [info] executable layer count 815
[2026-03-15 16:24:11.026] [info] Start layer /blocks.0/Constant_5
[2026-03-15 16:24:11.027] [info] Layer /blocks.0/Constant_5 finish at 25810
[2026-03-15 16:24:11.027] [info] Total compute time 19
[2026-03-15 16:24:11.027] [info] executable layer count 814
[2026-03-15 16:24:11.027] [info] Start layer /blocks.0/Constant_6
[2026-03-15 16:24:11.029] [info] Layer /blocks.0/Constant_6 finish at 25828
[2026-03-15 16:24:11.029] [info] Total compute time 18
[2026-03-15 16:24:11.029] [info] executable layer count 813
[2026-03-15 16:24:11.029] [info] Start layer /blocks.0/Constant_7
[2026-03-15 16:24:11.031] [info] Layer /blocks.0/Constant_7 finish at 25847
[2026-03-15 16:24:11.031] [info] Total compute time 19
[2026-03-15 16:24:11.031] [info] executable layer count 812
[2026-03-15 16:24:11.031] [info] Start layer /blocks.0/Constant_8
[2026-03-15 16:24:11.032] [info] Layer /blocks.0/Constant_8 finish at 25865
[2026-03-15 16:24:11.032] [info] Total compute time 18
[2026-03-15 16:24:11.032] [info] executable layer count 812
[2026-03-15 16:24:11.032] [info] Start layer /blocks.0/Constant_9
[2026-03-15 16:24:11.034] [info] Layer /blocks.0/Constant_9 finish at 25884
[2026-03-15 16:24:11.034] [info] Total compute time 19
[2026-03-15 16:24:11.034] [info] executable layer count 811
[2026-03-15 16:24:11.034] [info] Start layer /blocks.0/Constant_10
[2026-03-15 16:24:11.035] [info] Layer /blocks.0/Constant_10 finish at 25902
[2026-03-15 16:24:11.035] [info] Total compute time 18
[2026-03-15 16:24:11.035] [info] executable layer count 810
[2026-03-15 16:24:11.035] [info] Start layer /blocks.0/Constant_11
[2026-03-15 16:24:11.037] [info] Layer /blocks.0/Constant_11 finish at 25921
[2026-03-15 16:24:11.037] [info] Total compute time 19
[2026-03-15 16:24:11.037] [info] executable layer count 809
[2026-03-15 16:24:11.037] [info] Start layer /blocks.0/Constant_12
[2026-03-15 16:24:11.038] [info] Layer /blocks.0/Constant_12 finish at 25939
[2026-03-15 16:24:11.038] [info] Total compute time 18
[2026-03-15 16:24:11.039] [info] executable layer count 808
[2026-03-15 16:24:11.039] [info] Start layer /blocks.0/Constant_13
[2026-03-15 16:24:11.040] [info] Layer /blocks.0/Constant_13 finish at 25958
[2026-03-15 16:24:11.040] [info] Total compute time 19
[2026-03-15 16:24:11.040] [info] executable layer count 807
[2026-03-15 16:24:11.040] [info] Start layer /blocks.0/Constant_14
[2026-03-15 16:24:11.042] [info] Layer /blocks.0/Constant_14 finish at 25976
[2026-03-15 16:24:11.042] [info] Total compute time 18
[2026-03-15 16:24:11.042] [info] executable layer count 806
[2026-03-15 16:24:11.042] [info] Start layer /blocks.0/Constant_15
[2026-03-15 16:24:11.043] [info] Layer /blocks.0/Constant_15 finish at 25995
[2026-03-15 16:24:11.043] [info] Total compute time 19
[2026-03-15 16:24:11.043] [info] executable layer count 805
[2026-03-15 16:24:11.043] [info] Start layer /blocks.0/Constant_16
[2026-03-15 16:24:11.045] [info] Layer /blocks.0/Constant_16 finish at 26013
[2026-03-15 16:24:11.045] [info] Total compute time 18
[2026-03-15 16:24:11.045] [info] executable layer count 804
[2026-03-15 16:24:11.045] [info] Start layer /blocks.0/Constant_17
[2026-03-15 16:24:11.046] [info] Layer /blocks.0/Constant_17 finish at 26032
[2026-03-15 16:24:11.046] [info] Total compute time 19
[2026-03-15 16:24:11.046] [info] executable layer count 803
[2026-03-15 16:24:11.046] [info] Start layer /blocks.0/Constant_18
[2026-03-15 16:24:11.047] [info] Layer /blocks.0/Constant_18 finish at 26050
[2026-03-15 16:24:11.047] [info] Total compute time 18
[2026-03-15 16:24:11.047] [info] executable layer count 802
[2026-03-15 16:24:11.047] [info] Start layer /blocks.0/Constant_19
[2026-03-15 16:24:11.049] [info] Layer /blocks.0/Constant_19 finish at 26069
[2026-03-15 16:24:11.049] [info] Total compute time 19
[2026-03-15 16:24:11.049] [info] executable layer count 801
[2026-03-15 16:24:11.049] [info] Start layer /blocks.0/Constant_20
[2026-03-15 16:24:11.050] [info] Layer /blocks.0/Constant_20 finish at 26087
[2026-03-15 16:24:11.050] [info] Total compute time 18
[2026-03-15 16:24:11.050] [info] executable layer count 800
[2026-03-15 16:24:11.050] [info] Start layer /blocks.0/Constant_21
[2026-03-15 16:24:11.052] [info] Layer /blocks.0/Constant_21 finish at 26106
[2026-03-15 16:24:11.052] [info] Total compute time 19
[2026-03-15 16:24:11.052] [info] executable layer count 799
[2026-03-15 16:24:11.052] [info] Start layer /blocks.0/Constant_22
[2026-03-15 16:24:11.053] [info] Layer /blocks.0/Constant_22 finish at 26124
[2026-03-15 16:24:11.053] [info] Total compute time 18
[2026-03-15 16:24:11.053] [info] executable layer count 798
[2026-03-15 16:24:11.053] [info] Start layer /blocks.0/Constant_23
[2026-03-15 16:24:11.055] [info] Layer /blocks.0/Constant_23 finish at 26143
[2026-03-15 16:24:11.055] [info] Total compute time 19
[2026-03-15 16:24:11.055] [info] executable layer count 797
[2026-03-15 16:24:11.055] [info] Start layer /blocks.0/Constant_24
[2026-03-15 16:24:11.056] [info] Layer /blocks.0/Constant_24 finish at 26161
[2026-03-15 16:24:11.056] [info] Total compute time 18
[2026-03-15 16:24:11.056] [info] executable layer count 796
[2026-03-15 16:24:11.056] [info] Start layer /blocks.0/Constant_25
[2026-03-15 16:24:11.058] [info] Layer /blocks.0/Constant_25 finish at 26180
[2026-03-15 16:24:11.058] [info] Total compute time 19
[2026-03-15 16:24:11.058] [info] executable layer count 797
[2026-03-15 16:24:11.058] [info] Start layer /blocks.0/Constant_26
[2026-03-15 16:24:11.059] [info] Layer /blocks.0/Constant_26 finish at 26198
[2026-03-15 16:24:11.059] [info] Total compute time 18
[2026-03-15 16:24:11.059] [info] executable layer count 798
[2026-03-15 16:24:11.059] [info] Start layer /blocks.0/Exp
[2026-03-15 16:24:11.077] [info] Layer /blocks.0/Exp finish at 26359
[2026-03-15 16:24:11.077] [info] Total compute time 161
[2026-03-15 16:24:11.077] [info] executable layer count 798
[2026-03-15 16:24:11.077] [info] Start layer /blocks.0/Constant_27
[2026-03-15 16:24:11.081] [info] Layer /blocks.0/Constant_27 finish at 26394
[2026-03-15 16:24:11.081] [info] Total compute time 35
[2026-03-15 16:24:11.081] [info] executable layer count 797
[2026-03-15 16:24:11.081] [info] Start layer /blocks.0/Constant_28
[2026-03-15 16:24:11.094] [info] Layer /blocks.0/Constant_28 finish at 26499
[2026-03-15 16:24:11.094] [info] Total compute time 105
[2026-03-15 16:24:11.094] [info] executable layer count 796
[2026-03-15 16:24:11.094] [info] Start layer /blocks.0/Constant_29
[2026-03-15 16:24:11.096] [info] Layer /blocks.0/Constant_29 finish at 26523
[2026-03-15 16:24:11.096] [info] Total compute time 24
[2026-03-15 16:24:11.096] [info] executable layer count 795
[2026-03-15 16:24:11.096] [info] Start layer /blocks.0/Constant_30
[2026-03-15 16:24:11.097] [info] Layer /blocks.0/Constant_30 finish at 26542
[2026-03-15 16:24:11.097] [info] Total compute time 19
[2026-03-15 16:24:11.097] [info] executable layer count 794
[2026-03-15 16:24:11.097] [info] Start layer /blocks.0/Constant_31
[2026-03-15 16:24:11.099] [info] Layer /blocks.0/Constant_31 finish at 26561
[2026-03-15 16:24:11.099] [info] Total compute time 19
[2026-03-15 16:24:11.099] [info] executable layer count 795
[2026-03-15 16:24:11.099] [info] Start layer /blocks.0/Constant_32
[2026-03-15 16:24:11.100] [info] Layer /blocks.0/Constant_32 finish at 26580
[2026-03-15 16:24:11.100] [info] Total compute time 19
[2026-03-15 16:24:11.100] [info] executable layer count 794
[2026-03-15 16:24:11.100] [info] Start layer /blocks.0/Constant_33
[2026-03-15 16:24:11.102] [info] Layer /blocks.0/Constant_33 finish at 26598
[2026-03-15 16:24:11.102] [info] Total compute time 18
[2026-03-15 16:24:11.102] [info] executable layer count 793
[2026-03-15 16:24:11.102] [info] Start layer /blocks.1/Constant
[2026-03-15 16:24:11.104] [info] Layer /blocks.1/Constant finish at 26617
[2026-03-15 16:24:11.104] [info] Total compute time 19
[2026-03-15 16:24:11.104] [info] executable layer count 792
[2026-03-15 16:24:11.104] [info] Start layer /blocks.1/Constant_1
[2026-03-15 16:24:11.105] [info] Layer /blocks.1/Constant_1 finish at 26636
[2026-03-15 16:24:11.105] [info] Total compute time 19
[2026-03-15 16:24:11.105] [info] executable layer count 791
[2026-03-15 16:24:11.105] [info] Start layer /blocks.1/Constant_2
[2026-03-15 16:24:11.106] [info] Layer /blocks.1/Constant_2 finish at 26655
[2026-03-15 16:24:11.106] [info] Total compute time 19
[2026-03-15 16:24:11.107] [info] executable layer count 790
[2026-03-15 16:24:11.107] [info] Start layer /blocks.1/Constant_3
[2026-03-15 16:24:11.108] [info] Layer /blocks.1/Constant_3 finish at 26673
[2026-03-15 16:24:11.108] [info] Total compute time 18
[2026-03-15 16:24:11.108] [info] executable layer count 789
[2026-03-15 16:24:11.108] [info] Start layer /blocks.1/Constant_4
[2026-03-15 16:24:11.110] [info] Layer /blocks.1/Constant_4 finish at 26692
[2026-03-15 16:24:11.110] [info] Total compute time 19
[2026-03-15 16:24:11.110] [info] executable layer count 788
[2026-03-15 16:24:11.110] [info] Start layer /blocks.1/Constant_5
[2026-03-15 16:24:11.111] [info] Layer /blocks.1/Constant_5 finish at 26711
[2026-03-15 16:24:11.111] [info] Total compute time 19
[2026-03-15 16:24:11.119] [info] executable layer count 787
[2026-03-15 16:24:11.119] [info] Start layer /blocks.1/Constant_6
[2026-03-15 16:24:11.121] [info] Layer /blocks.1/Constant_6 finish at 26730
[2026-03-15 16:24:11.121] [info] Total compute time 19
[2026-03-15 16:24:11.121] [info] executable layer count 786
[2026-03-15 16:24:11.121] [info] Start layer /blocks.1/Constant_7
[2026-03-15 16:24:11.122] [info] Layer /blocks.1/Constant_7 finish at 26748
[2026-03-15 16:24:11.122] [info] Total compute time 18
[2026-03-15 16:24:11.122] [info] executable layer count 785
[2026-03-15 16:24:11.122] [info] Start layer /blocks.1/Constant_8
[2026-03-15 16:24:11.124] [info] Layer /blocks.1/Constant_8 finish at 26767
[2026-03-15 16:24:11.124] [info] Total compute time 19
[2026-03-15 16:24:11.124] [info] executable layer count 784
[2026-03-15 16:24:11.124] [info] Start layer /blocks.1/Constant_9
[2026-03-15 16:24:11.125] [info] Layer /blocks.1/Constant_9 finish at 26786
[2026-03-15 16:24:11.125] [info] Total compute time 19
[2026-03-15 16:24:11.125] [info] executable layer count 783
[2026-03-15 16:24:11.125] [info] Start layer /blocks.1/Constant_10
[2026-03-15 16:24:11.127] [info] Layer /blocks.1/Constant_10 finish at 26805
[2026-03-15 16:24:11.127] [info] Total compute time 19
[2026-03-15 16:24:11.127] [info] executable layer count 782
[2026-03-15 16:24:11.127] [info] Start layer /blocks.1/Constant_11
[2026-03-15 16:24:11.129] [info] Layer /blocks.1/Constant_11 finish at 26823
[2026-03-15 16:24:11.129] [info] Total compute time 18
[2026-03-15 16:24:11.129] [info] executable layer count 781
[2026-03-15 16:24:11.129] [info] Start layer /blocks.1/Constant_12
[2026-03-15 16:24:11.130] [info] Layer /blocks.1/Constant_12 finish at 26842
[2026-03-15 16:24:11.130] [info] Total compute time 19
[2026-03-15 16:24:11.130] [info] executable layer count 780
[2026-03-15 16:24:11.130] [info] Start layer /blocks.1/Constant_13
[2026-03-15 16:24:11.132] [info] Layer /blocks.1/Constant_13 finish at 26861
[2026-03-15 16:24:11.132] [info] Total compute time 19
[2026-03-15 16:24:11.132] [info] executable layer count 779
[2026-03-15 16:24:11.132] [info] Start layer /blocks.1/Constant_14
[2026-03-15 16:24:11.133] [info] Layer /blocks.1/Constant_14 finish at 26880
[2026-03-15 16:24:11.133] [info] Total compute time 19
[2026-03-15 16:24:11.133] [info] executable layer count 778
[2026-03-15 16:24:11.133] [info] Start layer /blocks.1/Constant_15
[2026-03-15 16:24:11.134] [info] Layer /blocks.1/Constant_15 finish at 26898
[2026-03-15 16:24:11.134] [info] Total compute time 18
[2026-03-15 16:24:11.134] [info] executable layer count 777
[2026-03-15 16:24:11.134] [info] Start layer /blocks.1/Constant_16
[2026-03-15 16:24:11.136] [info] Layer /blocks.1/Constant_16 finish at 26917
[2026-03-15 16:24:11.136] [info] Total compute time 19
[2026-03-15 16:24:11.136] [info] executable layer count 776
[2026-03-15 16:24:11.136] [info] Start layer /blocks.1/Constant_17
[2026-03-15 16:24:11.138] [info] Layer /blocks.1/Constant_17 finish at 26936
[2026-03-15 16:24:11.138] [info] Total compute time 19
[2026-03-15 16:24:11.138] [info] executable layer count 775
[2026-03-15 16:24:11.138] [info] Start layer /blocks.1/Constant_18
[2026-03-15 16:24:11.139] [info] Layer /blocks.1/Constant_18 finish at 26955
[2026-03-15 16:24:11.139] [info] Total compute time 19
[2026-03-15 16:24:11.139] [info] executable layer count 774
[2026-03-15 16:24:11.139] [info] Start layer /blocks.1/Constant_19
[2026-03-15 16:24:11.141] [info] Layer /blocks.1/Constant_19 finish at 26973
[2026-03-15 16:24:11.141] [info] Total compute time 18
[2026-03-15 16:24:11.141] [info] executable layer count 773
[2026-03-15 16:24:11.141] [info] Start layer /blocks.1/Constant_20
[2026-03-15 16:24:11.143] [info] Layer /blocks.1/Constant_20 finish at 26992
[2026-03-15 16:24:11.143] [info] Total compute time 19
[2026-03-15 16:24:11.143] [info] executable layer count 772
[2026-03-15 16:24:11.143] [info] Start layer /blocks.1/Constant_21
[2026-03-15 16:24:11.145] [info] Layer /blocks.1/Constant_21 finish at 27011
[2026-03-15 16:24:11.145] [info] Total compute time 19
[2026-03-15 16:24:11.145] [info] executable layer count 771
[2026-03-15 16:24:11.145] [info] Start layer /blocks.1/Constant_22
[2026-03-15 16:24:11.146] [info] Layer /blocks.1/Constant_22 finish at 27030
[2026-03-15 16:24:11.146] [info] Total compute time 19
[2026-03-15 16:24:11.146] [info] executable layer count 770
[2026-03-15 16:24:11.146] [info] Start layer /blocks.1/Constant_23
[2026-03-15 16:24:11.148] [info] Layer /blocks.1/Constant_23 finish at 27048
[2026-03-15 16:24:11.148] [info] Total compute time 18
[2026-03-15 16:24:11.148] [info] executable layer count 769
[2026-03-15 16:24:11.148] [info] Start layer /blocks.1/Constant_24
[2026-03-15 16:24:11.150] [info] Layer /blocks.1/Constant_24 finish at 27067
[2026-03-15 16:24:11.150] [info] Total compute time 19
[2026-03-15 16:24:11.150] [info] executable layer count 768
[2026-03-15 16:24:11.150] [info] Start layer /blocks.1/Constant_25
[2026-03-15 16:24:11.153] [info] Layer /blocks.1/Constant_25 finish at 27086
[2026-03-15 16:24:11.153] [info] Total compute time 19
[2026-03-15 16:24:11.153] [info] executable layer count 767
[2026-03-15 16:24:11.153] [info] Start layer /blocks.1/Constant_26
[2026-03-15 16:24:11.155] [info] Layer /blocks.1/Constant_26 finish at 27105
[2026-03-15 16:24:11.155] [info] Total compute time 19
[2026-03-15 16:24:11.155] [info] executable layer count 766
[2026-03-15 16:24:11.155] [info] Start layer /blocks.1/Constant_27
[2026-03-15 16:24:11.156] [info] Layer /blocks.1/Constant_27 finish at 27123
[2026-03-15 16:24:11.156] [info] Total compute time 18
[2026-03-15 16:24:11.156] [info] executable layer count 765
[2026-03-15 16:24:11.156] [info] Start layer /blocks.1/Constant_28
[2026-03-15 16:24:11.158] [info] Layer /blocks.1/Constant_28 finish at 27142
[2026-03-15 16:24:11.158] [info] Total compute time 19
[2026-03-15 16:24:11.158] [info] executable layer count 764
[2026-03-15 16:24:11.158] [info] Start layer /blocks.1/Constant_29
[2026-03-15 16:24:11.159] [info] Layer /blocks.1/Constant_29 finish at 27161
[2026-03-15 16:24:11.159] [info] Total compute time 19
[2026-03-15 16:24:11.159] [info] executable layer count 763
[2026-03-15 16:24:11.159] [info] Start layer /Constant_1
[2026-03-15 16:24:11.161] [info] Layer /Constant_1 finish at 27180
[2026-03-15 16:24:11.161] [info] Total compute time 19
[2026-03-15 16:24:11.161] [info] executable layer count 764
[2026-03-15 16:24:11.161] [info] Start layer /blocks.2/Constant
[2026-03-15 16:24:11.162] [info] Layer /blocks.2/Constant finish at 27198
[2026-03-15 16:24:11.162] [info] Total compute time 18
[2026-03-15 16:24:11.162] [info] executable layer count 763
[2026-03-15 16:24:11.162] [info] Start layer /blocks.2/Constant_1
[2026-03-15 16:24:11.164] [info] Layer /blocks.2/Constant_1 finish at 27217
[2026-03-15 16:24:11.164] [info] Total compute time 19
[2026-03-15 16:24:11.164] [info] executable layer count 762
[2026-03-15 16:24:11.164] [info] Start layer /blocks.2/Constant_2
[2026-03-15 16:24:11.166] [info] Layer /blocks.2/Constant_2 finish at 27236
[2026-03-15 16:24:11.166] [info] Total compute time 19
[2026-03-15 16:24:11.166] [info] executable layer count 761
[2026-03-15 16:24:11.166] [info] Start layer /blocks.2/Constant_3
[2026-03-15 16:24:11.167] [info] Layer /blocks.2/Constant_3 finish at 27255
[2026-03-15 16:24:11.167] [info] Total compute time 19
[2026-03-15 16:24:11.167] [info] executable layer count 760
[2026-03-15 16:24:11.167] [info] Start layer /blocks.2/Constant_4
[2026-03-15 16:24:11.169] [info] Layer /blocks.2/Constant_4 finish at 27273
[2026-03-15 16:24:11.169] [info] Total compute time 18
[2026-03-15 16:24:11.169] [info] executable layer count 759
[2026-03-15 16:24:11.169] [info] Start layer /blocks.2/Constant_5
[2026-03-15 16:24:11.171] [info] Layer /blocks.2/Constant_5 finish at 27292
[2026-03-15 16:24:11.171] [info] Total compute time 19
[2026-03-15 16:24:11.171] [info] executable layer count 758
[2026-03-15 16:24:11.171] [info] Start layer /blocks.2/Constant_6
[2026-03-15 16:24:11.173] [info] Layer /blocks.2/Constant_6 finish at 27311
[2026-03-15 16:24:11.173] [info] Total compute time 19
[2026-03-15 16:24:11.173] [info] executable layer count 757
[2026-03-15 16:24:11.173] [info] Start layer /blocks.2/Constant_7
[2026-03-15 16:24:11.174] [info] Layer /blocks.2/Constant_7 finish at 27330
[2026-03-15 16:24:11.174] [info] Total compute time 19
[2026-03-15 16:24:11.174] [info] executable layer count 756
[2026-03-15 16:24:11.174] [info] Start layer /blocks.2/Constant_8
[2026-03-15 16:24:11.175] [info] Layer /blocks.2/Constant_8 finish at 27348
[2026-03-15 16:24:11.175] [info] Total compute time 18
[2026-03-15 16:24:11.175] [info] executable layer count 755
[2026-03-15 16:24:11.175] [info] Start layer /blocks.2/Constant_9
[2026-03-15 16:24:11.177] [info] Layer /blocks.2/Constant_9 finish at 27367
[2026-03-15 16:24:11.177] [info] Total compute time 19
[2026-03-15 16:24:11.177] [info] executable layer count 754
[2026-03-15 16:24:11.177] [info] Start layer /blocks.2/Constant_10
[2026-03-15 16:24:11.179] [info] Layer /blocks.2/Constant_10 finish at 27386
[2026-03-15 16:24:11.179] [info] Total compute time 19
[2026-03-15 16:24:11.179] [info] executable layer count 753
[2026-03-15 16:24:11.179] [info] Start layer /blocks.2/Constant_11
[2026-03-15 16:24:11.180] [info] Layer /blocks.2/Constant_11 finish at 27405
[2026-03-15 16:24:11.180] [info] Total compute time 19
[2026-03-15 16:24:11.180] [info] executable layer count 752
[2026-03-15 16:24:11.180] [info] Start layer /blocks.2/Constant_12
[2026-03-15 16:24:11.182] [info] Layer /blocks.2/Constant_12 finish at 27423
[2026-03-15 16:24:11.182] [info] Total compute time 18
[2026-03-15 16:24:11.182] [info] executable layer count 751
[2026-03-15 16:24:11.182] [info] Start layer /blocks.2/Constant_13
[2026-03-15 16:24:11.183] [info] Layer /blocks.2/Constant_13 finish at 27442
[2026-03-15 16:24:11.183] [info] Total compute time 19
[2026-03-15 16:24:11.183] [info] executable layer count 750
[2026-03-15 16:24:11.183] [info] Start layer /blocks.2/Constant_14
[2026-03-15 16:24:11.185] [info] Layer /blocks.2/Constant_14 finish at 27461
[2026-03-15 16:24:11.185] [info] Total compute time 19
[2026-03-15 16:24:11.185] [info] executable layer count 749
[2026-03-15 16:24:11.185] [info] Start layer /blocks.2/Constant_15
[2026-03-15 16:24:11.186] [info] Layer /blocks.2/Constant_15 finish at 27480
[2026-03-15 16:24:11.186] [info] Total compute time 19
[2026-03-15 16:24:11.186] [info] executable layer count 748
[2026-03-15 16:24:11.186] [info] Start layer /blocks.2/Constant_16
[2026-03-15 16:24:11.188] [info] Layer /blocks.2/Constant_16 finish at 27498
[2026-03-15 16:24:11.188] [info] Total compute time 18
[2026-03-15 16:24:11.188] [info] executable layer count 747
[2026-03-15 16:24:11.188] [info] Start layer /blocks.2/Constant_17
[2026-03-15 16:24:11.189] [info] Layer /blocks.2/Constant_17 finish at 27517
[2026-03-15 16:24:11.189] [info] Total compute time 19
[2026-03-15 16:24:11.189] [info] executable layer count 746
[2026-03-15 16:24:11.189] [info] Start layer /blocks.2/Constant_18
[2026-03-15 16:24:11.191] [info] Layer /blocks.2/Constant_18 finish at 27536
[2026-03-15 16:24:11.191] [info] Total compute time 19
[2026-03-15 16:24:11.191] [info] executable layer count 745
[2026-03-15 16:24:11.191] [info] Start layer /blocks.2/Constant_19
[2026-03-15 16:24:11.192] [info] Layer /blocks.2/Constant_19 finish at 27555
[2026-03-15 16:24:11.192] [info] Total compute time 19
[2026-03-15 16:24:11.192] [info] executable layer count 744
[2026-03-15 16:24:11.192] [info] Start layer /blocks.2/Constant_20
[2026-03-15 16:24:11.194] [info] Layer /blocks.2/Constant_20 finish at 27573
[2026-03-15 16:24:11.194] [info] Total compute time 18
[2026-03-15 16:24:11.194] [info] executable layer count 743
[2026-03-15 16:24:11.194] [info] Start layer /blocks.2/Constant_21
[2026-03-15 16:24:11.195] [info] Layer /blocks.2/Constant_21 finish at 27592
[2026-03-15 16:24:11.195] [info] Total compute time 19
[2026-03-15 16:24:11.195] [info] executable layer count 742
[2026-03-15 16:24:11.195] [info] Start layer /blocks.2/Constant_22
[2026-03-15 16:24:11.197] [info] Layer /blocks.2/Constant_22 finish at 27611
[2026-03-15 16:24:11.197] [info] Total compute time 19
[2026-03-15 16:24:11.197] [info] executable layer count 741
[2026-03-15 16:24:11.197] [info] Start layer /blocks.2/Constant_23
[2026-03-15 16:24:11.198] [info] Layer /blocks.2/Constant_23 finish at 27630
[2026-03-15 16:24:11.198] [info] Total compute time 19
[2026-03-15 16:24:11.198] [info] executable layer count 740
[2026-03-15 16:24:11.198] [info] Start layer /blocks.2/Constant_24
[2026-03-15 16:24:11.200] [info] Layer /blocks.2/Constant_24 finish at 27648
[2026-03-15 16:24:11.200] [info] Total compute time 18
[2026-03-15 16:24:11.200] [info] executable layer count 739
[2026-03-15 16:24:11.200] [info] Start layer /blocks.2/Constant_25
[2026-03-15 16:24:11.201] [info] Layer /blocks.2/Constant_25 finish at 27667
[2026-03-15 16:24:11.201] [info] Total compute time 19
[2026-03-15 16:24:11.201] [info] executable layer count 738
[2026-03-15 16:24:11.201] [info] Start layer /blocks.2/Constant_26
[2026-03-15 16:24:11.203] [info] Layer /blocks.2/Constant_26 finish at 27686
[2026-03-15 16:24:11.203] [info] Total compute time 19
[2026-03-15 16:24:11.203] [info] executable layer count 737
[2026-03-15 16:24:11.203] [info] Start layer /blocks.2/Constant_27
[2026-03-15 16:24:11.204] [info] Layer /blocks.2/Constant_27 finish at 27705
[2026-03-15 16:24:11.204] [info] Total compute time 19
[2026-03-15 16:24:11.204] [info] executable layer count 736
[2026-03-15 16:24:11.204] [info] Start layer /blocks.2/Constant_28
[2026-03-15 16:24:11.206] [info] Layer /blocks.2/Constant_28 finish at 27723
[2026-03-15 16:24:11.206] [info] Total compute time 18
[2026-03-15 16:24:11.206] [info] executable layer count 735
[2026-03-15 16:24:11.206] [info] Start layer /blocks.2/Constant_29
[2026-03-15 16:24:11.207] [info] Layer /blocks.2/Constant_29 finish at 27742
[2026-03-15 16:24:11.207] [info] Total compute time 19
[2026-03-15 16:24:11.207] [info] executable layer count 734
[2026-03-15 16:24:11.207] [info] Start layer /Constant_2
[2026-03-15 16:24:11.209] [info] Layer /Constant_2 finish at 27762
[2026-03-15 16:24:11.209] [info] Total compute time 20
[2026-03-15 16:24:11.209] [info] executable layer count 735
[2026-03-15 16:24:11.209] [info] Start layer /blocks.3/Constant
[2026-03-15 16:24:11.211] [info] Layer /blocks.3/Constant finish at 27781
[2026-03-15 16:24:11.211] [info] Total compute time 19
[2026-03-15 16:24:11.211] [info] executable layer count 734
[2026-03-15 16:24:11.211] [info] Start layer /blocks.3/Constant_1
[2026-03-15 16:24:11.212] [info] Layer /blocks.3/Constant_1 finish at 27799
[2026-03-15 16:24:11.212] [info] Total compute time 18
[2026-03-15 16:24:11.212] [info] executable layer count 733
[2026-03-15 16:24:11.212] [info] Start layer /blocks.3/Constant_2
[2026-03-15 16:24:11.214] [info] Layer /blocks.3/Constant_2 finish at 27818
[2026-03-15 16:24:11.214] [info] Total compute time 19
[2026-03-15 16:24:11.214] [info] executable layer count 732
[2026-03-15 16:24:11.214] [info] Start layer /blocks.3/Constant_3
[2026-03-15 16:24:11.215] [info] Layer /blocks.3/Constant_3 finish at 27837
[2026-03-15 16:24:11.215] [info] Total compute time 19
[2026-03-15 16:24:11.215] [info] executable layer count 731
[2026-03-15 16:24:11.215] [info] Start layer /blocks.3/Constant_4
[2026-03-15 16:24:11.217] [info] Layer /blocks.3/Constant_4 finish at 27856
[2026-03-15 16:24:11.217] [info] Total compute time 19
[2026-03-15 16:24:11.217] [info] executable layer count 730
[2026-03-15 16:24:11.217] [info] Start layer /blocks.3/Constant_5
[2026-03-15 16:24:11.218] [info] Layer /blocks.3/Constant_5 finish at 27874
[2026-03-15 16:24:11.218] [info] Total compute time 18
[2026-03-15 16:24:11.218] [info] executable layer count 729
[2026-03-15 16:24:11.218] [info] Start layer /blocks.3/Constant_6
[2026-03-15 16:24:11.220] [info] Layer /blocks.3/Constant_6 finish at 27893
[2026-03-15 16:24:11.220] [info] Total compute time 19
[2026-03-15 16:24:11.220] [info] executable layer count 728
[2026-03-15 16:24:11.220] [info] Start layer /blocks.3/Constant_7
[2026-03-15 16:24:11.221] [info] Layer /blocks.3/Constant_7 finish at 27912
[2026-03-15 16:24:11.221] [info] Total compute time 19
[2026-03-15 16:24:11.221] [info] executable layer count 727
[2026-03-15 16:24:11.221] [info] Start layer /blocks.3/Constant_8
[2026-03-15 16:24:11.223] [info] Layer /blocks.3/Constant_8 finish at 27931
[2026-03-15 16:24:11.223] [info] Total compute time 19
[2026-03-15 16:24:11.223] [info] executable layer count 726
[2026-03-15 16:24:11.223] [info] Start layer /blocks.3/Constant_9
[2026-03-15 16:24:11.224] [info] Layer /blocks.3/Constant_9 finish at 27949
[2026-03-15 16:24:11.224] [info] Total compute time 18
[2026-03-15 16:24:11.224] [info] executable layer count 725
[2026-03-15 16:24:11.224] [info] Start layer /blocks.3/Constant_10
[2026-03-15 16:24:11.226] [info] Layer /blocks.3/Constant_10 finish at 27968
[2026-03-15 16:24:11.226] [info] Total compute time 19
[2026-03-15 16:24:11.226] [info] executable layer count 724
[2026-03-15 16:24:11.226] [info] Start layer /blocks.3/Constant_11
[2026-03-15 16:24:11.227] [info] Layer /blocks.3/Constant_11 finish at 27987
[2026-03-15 16:24:11.227] [info] Total compute time 19
[2026-03-15 16:24:11.227] [info] executable layer count 723
[2026-03-15 16:24:11.227] [info] Start layer /blocks.3/Constant_12
[2026-03-15 16:24:11.229] [info] Layer /blocks.3/Constant_12 finish at 28006
[2026-03-15 16:24:11.229] [info] Total compute time 19
[2026-03-15 16:24:11.229] [info] executable layer count 722
[2026-03-15 16:24:11.229] [info] Start layer /blocks.3/Constant_13
[2026-03-15 16:24:11.230] [info] Layer /blocks.3/Constant_13 finish at 28024
[2026-03-15 16:24:11.230] [info] Total compute time 18
[2026-03-15 16:24:11.230] [info] executable layer count 721
[2026-03-15 16:24:11.230] [info] Start layer /blocks.3/Constant_14
[2026-03-15 16:24:11.232] [info] Layer /blocks.3/Constant_14 finish at 28043
[2026-03-15 16:24:11.232] [info] Total compute time 19
[2026-03-15 16:24:11.232] [info] executable layer count 720
[2026-03-15 16:24:11.232] [info] Start layer /blocks.3/Constant_15
[2026-03-15 16:24:11.233] [info] Layer /blocks.3/Constant_15 finish at 28063
[2026-03-15 16:24:11.233] [info] Total compute time 20
[2026-03-15 16:24:11.233] [info] executable layer count 719
[2026-03-15 16:24:11.233] [info] Start layer /blocks.3/Constant_16
[2026-03-15 16:24:11.235] [info] Layer /blocks.3/Constant_16 finish at 28082
[2026-03-15 16:24:11.235] [info] Total compute time 19
[2026-03-15 16:24:11.235] [info] executable layer count 718
[2026-03-15 16:24:11.235] [info] Start layer /blocks.3/Constant_17
[2026-03-15 16:24:11.236] [info] Layer /blocks.3/Constant_17 finish at 28100
[2026-03-15 16:24:11.236] [info] Total compute time 18
[2026-03-15 16:24:11.236] [info] executable layer count 717
[2026-03-15 16:24:11.236] [info] Start layer /blocks.3/Constant_18
[2026-03-15 16:24:11.238] [info] Layer /blocks.3/Constant_18 finish at 28119
[2026-03-15 16:24:11.238] [info] Total compute time 19
[2026-03-15 16:24:11.238] [info] executable layer count 716
[2026-03-15 16:24:11.238] [info] Start layer /blocks.3/Constant_19
[2026-03-15 16:24:11.239] [info] Layer /blocks.3/Constant_19 finish at 28138
[2026-03-15 16:24:11.239] [info] Total compute time 19
[2026-03-15 16:24:11.239] [info] executable layer count 715
[2026-03-15 16:24:11.239] [info] Start layer /blocks.3/Constant_20
[2026-03-15 16:24:11.241] [info] Layer /blocks.3/Constant_20 finish at 28157
[2026-03-15 16:24:11.241] [info] Total compute time 19
[2026-03-15 16:24:11.241] [info] executable layer count 714
[2026-03-15 16:24:11.241] [info] Start layer /blocks.3/Constant_21
[2026-03-15 16:24:11.242] [info] Layer /blocks.3/Constant_21 finish at 28175
[2026-03-15 16:24:11.242] [info] Total compute time 18
[2026-03-15 16:24:11.242] [info] executable layer count 713
[2026-03-15 16:24:11.242] [info] Start layer /blocks.3/Constant_22
[2026-03-15 16:24:11.244] [info] Layer /blocks.3/Constant_22 finish at 28194
[2026-03-15 16:24:11.244] [info] Total compute time 19
[2026-03-15 16:24:11.244] [info] executable layer count 712
[2026-03-15 16:24:11.244] [info] Start layer /blocks.3/Constant_23
[2026-03-15 16:24:11.245] [info] Layer /blocks.3/Constant_23 finish at 28213
[2026-03-15 16:24:11.245] [info] Total compute time 19
[2026-03-15 16:24:11.245] [info] executable layer count 711
[2026-03-15 16:24:11.245] [info] Start layer /blocks.3/Constant_24
[2026-03-15 16:24:11.246] [info] Layer /blocks.3/Constant_24 finish at 28232
[2026-03-15 16:24:11.246] [info] Total compute time 19
[2026-03-15 16:24:11.246] [info] executable layer count 710
[2026-03-15 16:24:11.246] [info] Start layer /blocks.3/Constant_25
[2026-03-15 16:24:11.248] [info] Layer /blocks.3/Constant_25 finish at 28250
[2026-03-15 16:24:11.248] [info] Total compute time 18
[2026-03-15 16:24:11.248] [info] executable layer count 709
[2026-03-15 16:24:11.248] [info] Start layer /blocks.3/Constant_26
[2026-03-15 16:24:11.249] [info] Layer /blocks.3/Constant_26 finish at 28269
[2026-03-15 16:24:11.249] [info] Total compute time 19
[2026-03-15 16:24:11.249] [info] executable layer count 708
[2026-03-15 16:24:11.249] [info] Start layer /blocks.3/Constant_27
[2026-03-15 16:24:11.251] [info] Layer /blocks.3/Constant_27 finish at 28288
[2026-03-15 16:24:11.251] [info] Total compute time 19
[2026-03-15 16:24:11.251] [info] executable layer count 707
[2026-03-15 16:24:11.251] [info] Start layer /blocks.3/Constant_28
[2026-03-15 16:24:11.253] [info] Layer /blocks.3/Constant_28 finish at 28307
[2026-03-15 16:24:11.253] [info] Total compute time 19
[2026-03-15 16:24:11.253] [info] executable layer count 706
[2026-03-15 16:24:11.253] [info] Start layer /blocks.3/Constant_29
[2026-03-15 16:24:11.254] [info] Layer /blocks.3/Constant_29 finish at 28325
[2026-03-15 16:24:11.254] [info] Total compute time 18
[2026-03-15 16:24:11.254] [info] executable layer count 705
[2026-03-15 16:24:11.254] [info] Start layer /Constant_3
[2026-03-15 16:24:11.256] [info] Layer /Constant_3 finish at 28344
[2026-03-15 16:24:11.256] [info] Total compute time 19
[2026-03-15 16:24:11.256] [info] executable layer count 706
[2026-03-15 16:24:11.256] [info] Start layer /blocks.4/Constant
[2026-03-15 16:24:11.257] [info] Layer /blocks.4/Constant finish at 28363
[2026-03-15 16:24:11.257] [info] Total compute time 19
[2026-03-15 16:24:11.257] [info] executable layer count 705
[2026-03-15 16:24:11.257] [info] Start layer /blocks.4/Constant_1
[2026-03-15 16:24:11.259] [info] Layer /blocks.4/Constant_1 finish at 28382
[2026-03-15 16:24:11.259] [info] Total compute time 19
[2026-03-15 16:24:11.259] [info] executable layer count 704
[2026-03-15 16:24:11.259] [info] Start layer /blocks.4/Constant_2
[2026-03-15 16:24:11.260] [info] Layer /blocks.4/Constant_2 finish at 28400
[2026-03-15 16:24:11.260] [info] Total compute time 18
[2026-03-15 16:24:11.260] [info] executable layer count 703
[2026-03-15 16:24:11.260] [info] Start layer /blocks.4/Constant_3
[2026-03-15 16:24:11.263] [info] Layer /blocks.4/Constant_3 finish at 28419
[2026-03-15 16:24:11.263] [info] Total compute time 19
[2026-03-15 16:24:11.263] [info] executable layer count 702
[2026-03-15 16:24:11.263] [info] Start layer /blocks.4/Constant_4
[2026-03-15 16:24:11.264] [info] Layer /blocks.4/Constant_4 finish at 28438
[2026-03-15 16:24:11.264] [info] Total compute time 19
[2026-03-15 16:24:11.264] [info] executable layer count 701
[2026-03-15 16:24:11.264] [info] Start layer /blocks.4/Constant_5
[2026-03-15 16:24:11.266] [info] Layer /blocks.4/Constant_5 finish at 28457
[2026-03-15 16:24:11.266] [info] Total compute time 19
[2026-03-15 16:24:11.266] [info] executable layer count 700
[2026-03-15 16:24:11.266] [info] Start layer /blocks.4/Constant_6
[2026-03-15 16:24:11.267] [info] Layer /blocks.4/Constant_6 finish at 28475
[2026-03-15 16:24:11.267] [info] Total compute time 18
[2026-03-15 16:24:11.267] [info] executable layer count 699
[2026-03-15 16:24:11.267] [info] Start layer /blocks.4/Constant_7
[2026-03-15 16:24:11.269] [info] Layer /blocks.4/Constant_7 finish at 28494
[2026-03-15 16:24:11.269] [info] Total compute time 19
[2026-03-15 16:24:11.269] [info] executable layer count 698
[2026-03-15 16:24:11.269] [info] Start layer /blocks.4/Constant_8
[2026-03-15 16:24:11.270] [info] Layer /blocks.4/Constant_8 finish at 28513
[2026-03-15 16:24:11.270] [info] Total compute time 19
[2026-03-15 16:24:11.270] [info] executable layer count 697
[2026-03-15 16:24:11.270] [info] Start layer /blocks.4/Constant_9
[2026-03-15 16:24:11.271] [info] Layer /blocks.4/Constant_9 finish at 28532
[2026-03-15 16:24:11.271] [info] Total compute time 19
[2026-03-15 16:24:11.271] [info] executable layer count 696
[2026-03-15 16:24:11.271] [info] Start layer /blocks.4/Constant_10
[2026-03-15 16:24:11.273] [info] Layer /blocks.4/Constant_10 finish at 28550
[2026-03-15 16:24:11.273] [info] Total compute time 18
[2026-03-15 16:24:11.273] [info] executable layer count 695
[2026-03-15 16:24:11.273] [info] Start layer /blocks.4/Constant_11
[2026-03-15 16:24:11.274] [info] Layer /blocks.4/Constant_11 finish at 28569
[2026-03-15 16:24:11.274] [info] Total compute time 19
[2026-03-15 16:24:11.274] [info] executable layer count 694
[2026-03-15 16:24:11.274] [info] Start layer /blocks.4/Constant_12
[2026-03-15 16:24:11.275] [info] Layer /blocks.4/Constant_12 finish at 28588
[2026-03-15 16:24:11.275] [info] Total compute time 19
[2026-03-15 16:24:11.275] [info] executable layer count 693
[2026-03-15 16:24:11.275] [info] Start layer /blocks.4/Constant_13
[2026-03-15 16:24:11.277] [info] Layer /blocks.4/Constant_13 finish at 28607
[2026-03-15 16:24:11.277] [info] Total compute time 19
[2026-03-15 16:24:11.277] [info] executable layer count 692
[2026-03-15 16:24:11.277] [info] Start layer /blocks.4/Constant_14
[2026-03-15 16:24:11.278] [info] Layer /blocks.4/Constant_14 finish at 28625
[2026-03-15 16:24:11.278] [info] Total compute time 18
[2026-03-15 16:24:11.278] [info] executable layer count 691
[2026-03-15 16:24:11.278] [info] Start layer /blocks.4/Constant_15
[2026-03-15 16:24:11.279] [info] Layer /blocks.4/Constant_15 finish at 28644
[2026-03-15 16:24:11.279] [info] Total compute time 19
[2026-03-15 16:24:11.279] [info] executable layer count 690
[2026-03-15 16:24:11.279] [info] Start layer /blocks.4/Constant_16
[2026-03-15 16:24:11.280] [info] Layer /blocks.4/Constant_16 finish at 28663
[2026-03-15 16:24:11.280] [info] Total compute time 19
[2026-03-15 16:24:11.280] [info] executable layer count 689
[2026-03-15 16:24:11.280] [info] Start layer /blocks.4/Constant_17
[2026-03-15 16:24:11.282] [info] Layer /blocks.4/Constant_17 finish at 28682
[2026-03-15 16:24:11.282] [info] Total compute time 19
[2026-03-15 16:24:11.282] [info] executable layer count 688
[2026-03-15 16:24:11.282] [info] Start layer /blocks.4/Constant_18
[2026-03-15 16:24:11.283] [info] Layer /blocks.4/Constant_18 finish at 28700
[2026-03-15 16:24:11.283] [info] Total compute time 18
[2026-03-15 16:24:11.283] [info] executable layer count 687
[2026-03-15 16:24:11.283] [info] Start layer /blocks.4/Constant_19
[2026-03-15 16:24:11.284] [info] Layer /blocks.4/Constant_19 finish at 28719
[2026-03-15 16:24:11.284] [info] Total compute time 19
[2026-03-15 16:24:11.284] [info] executable layer count 686
[2026-03-15 16:24:11.284] [info] Start layer /blocks.4/Constant_20
[2026-03-15 16:24:11.285] [info] Layer /blocks.4/Constant_20 finish at 28738
[2026-03-15 16:24:11.285] [info] Total compute time 19
[2026-03-15 16:24:11.285] [info] executable layer count 685
[2026-03-15 16:24:11.285] [info] Start layer /blocks.4/Constant_21
[2026-03-15 16:24:11.286] [info] Layer /blocks.4/Constant_21 finish at 28757
[2026-03-15 16:24:11.286] [info] Total compute time 19
[2026-03-15 16:24:11.286] [info] executable layer count 684
[2026-03-15 16:24:11.286] [info] Start layer /blocks.4/Constant_22
[2026-03-15 16:24:11.288] [info] Layer /blocks.4/Constant_22 finish at 28775
[2026-03-15 16:24:11.288] [info] Total compute time 18
[2026-03-15 16:24:11.288] [info] executable layer count 683
[2026-03-15 16:24:11.288] [info] Start layer /blocks.4/Constant_23
[2026-03-15 16:24:11.289] [info] Layer /blocks.4/Constant_23 finish at 28794
[2026-03-15 16:24:11.289] [info] Total compute time 19
[2026-03-15 16:24:11.289] [info] executable layer count 682
[2026-03-15 16:24:11.289] [info] Start layer /blocks.4/Constant_24
[2026-03-15 16:24:11.290] [info] Layer /blocks.4/Constant_24 finish at 28813
[2026-03-15 16:24:11.290] [info] Total compute time 19
[2026-03-15 16:24:11.290] [info] executable layer count 681
[2026-03-15 16:24:11.290] [info] Start layer /blocks.4/Constant_25
[2026-03-15 16:24:11.292] [info] Layer /blocks.4/Constant_25 finish at 28832
[2026-03-15 16:24:11.292] [info] Total compute time 19
[2026-03-15 16:24:11.292] [info] executable layer count 680
[2026-03-15 16:24:11.292] [info] Start layer /blocks.4/Constant_26
[2026-03-15 16:24:11.293] [info] Layer /blocks.4/Constant_26 finish at 28850
[2026-03-15 16:24:11.293] [info] Total compute time 18
[2026-03-15 16:24:11.293] [info] executable layer count 679
[2026-03-15 16:24:11.293] [info] Start layer /blocks.4/Constant_27
[2026-03-15 16:24:11.294] [info] Layer /blocks.4/Constant_27 finish at 28869
[2026-03-15 16:24:11.294] [info] Total compute time 19
[2026-03-15 16:24:11.294] [info] executable layer count 678
[2026-03-15 16:24:11.294] [info] Start layer /blocks.4/Constant_28
[2026-03-15 16:24:11.295] [info] Layer /blocks.4/Constant_28 finish at 28888
[2026-03-15 16:24:11.295] [info] Total compute time 19
[2026-03-15 16:24:11.295] [info] executable layer count 677
[2026-03-15 16:24:11.295] [info] Start layer /blocks.4/Constant_29
[2026-03-15 16:24:11.296] [info] Layer /blocks.4/Constant_29 finish at 28907
[2026-03-15 16:24:11.296] [info] Total compute time 19
[2026-03-15 16:24:11.296] [info] executable layer count 676
[2026-03-15 16:24:11.296] [info] Start layer /Constant_4
[2026-03-15 16:24:11.297] [info] Layer /Constant_4 finish at 28925
[2026-03-15 16:24:11.297] [info] Total compute time 18
[2026-03-15 16:24:11.297] [info] executable layer count 677
[2026-03-15 16:24:11.297] [info] Start layer /blocks.5/Constant
[2026-03-15 16:24:11.299] [info] Layer /blocks.5/Constant finish at 28944
[2026-03-15 16:24:11.299] [info] Total compute time 19
[2026-03-15 16:24:11.299] [info] executable layer count 676
[2026-03-15 16:24:11.299] [info] Start layer /blocks.5/Constant_1
[2026-03-15 16:24:11.300] [info] Layer /blocks.5/Constant_1 finish at 28963
[2026-03-15 16:24:11.300] [info] Total compute time 19
[2026-03-15 16:24:11.300] [info] executable layer count 675
[2026-03-15 16:24:11.300] [info] Start layer /blocks.5/Constant_2
[2026-03-15 16:24:11.301] [info] Layer /blocks.5/Constant_2 finish at 28982
[2026-03-15 16:24:11.301] [info] Total compute time 19
[2026-03-15 16:24:11.301] [info] executable layer count 674
[2026-03-15 16:24:11.301] [info] Start layer /blocks.5/Constant_3
[2026-03-15 16:24:11.302] [info] Layer /blocks.5/Constant_3 finish at 29000
[2026-03-15 16:24:11.302] [info] Total compute time 18
[2026-03-15 16:24:11.302] [info] executable layer count 673
[2026-03-15 16:24:11.302] [info] Start layer /blocks.5/Constant_4
[2026-03-15 16:24:11.303] [info] Layer /blocks.5/Constant_4 finish at 29019
[2026-03-15 16:24:11.303] [info] Total compute time 19
[2026-03-15 16:24:11.303] [info] executable layer count 672
[2026-03-15 16:24:11.303] [info] Start layer /blocks.5/Constant_5
[2026-03-15 16:24:11.305] [info] Layer /blocks.5/Constant_5 finish at 29038
[2026-03-15 16:24:11.305] [info] Total compute time 19
[2026-03-15 16:24:11.305] [info] executable layer count 671
[2026-03-15 16:24:11.305] [info] Start layer /blocks.5/Constant_6
[2026-03-15 16:24:11.306] [info] Layer /blocks.5/Constant_6 finish at 29057
[2026-03-15 16:24:11.306] [info] Total compute time 19
[2026-03-15 16:24:11.306] [info] executable layer count 670
[2026-03-15 16:24:11.306] [info] Start layer /blocks.5/Constant_7
[2026-03-15 16:24:11.307] [info] Layer /blocks.5/Constant_7 finish at 29075
[2026-03-15 16:24:11.307] [info] Total compute time 18
[2026-03-15 16:24:11.307] [info] executable layer count 669
[2026-03-15 16:24:11.307] [info] Start layer /blocks.5/Constant_8
[2026-03-15 16:24:11.308] [info] Layer /blocks.5/Constant_8 finish at 29094
[2026-03-15 16:24:11.308] [info] Total compute time 19
[2026-03-15 16:24:11.308] [info] executable layer count 668
[2026-03-15 16:24:11.308] [info] Start layer /blocks.5/Constant_9
[2026-03-15 16:24:11.309] [info] Layer /blocks.5/Constant_9 finish at 29113
[2026-03-15 16:24:11.309] [info] Total compute time 19
[2026-03-15 16:24:11.309] [info] executable layer count 667
[2026-03-15 16:24:11.309] [info] Start layer /blocks.5/Constant_10
[2026-03-15 16:24:11.311] [info] Layer /blocks.5/Constant_10 finish at 29132
[2026-03-15 16:24:11.311] [info] Total compute time 19
[2026-03-15 16:24:11.311] [info] executable layer count 666
[2026-03-15 16:24:11.311] [info] Start layer /blocks.5/Constant_11
[2026-03-15 16:24:11.312] [info] Layer /blocks.5/Constant_11 finish at 29150
[2026-03-15 16:24:11.312] [info] Total compute time 18
[2026-03-15 16:24:11.312] [info] executable layer count 665
[2026-03-15 16:24:11.312] [info] Start layer /blocks.5/Constant_12
[2026-03-15 16:24:11.313] [info] Layer /blocks.5/Constant_12 finish at 29169
[2026-03-15 16:24:11.313] [info] Total compute time 19
[2026-03-15 16:24:11.313] [info] executable layer count 664
[2026-03-15 16:24:11.313] [info] Start layer /blocks.5/Constant_13
[2026-03-15 16:24:11.314] [info] Layer /blocks.5/Constant_13 finish at 29188
[2026-03-15 16:24:11.314] [info] Total compute time 19
[2026-03-15 16:24:11.314] [info] executable layer count 663
[2026-03-15 16:24:11.314] [info] Start layer /blocks.5/Constant_14
[2026-03-15 16:24:11.316] [info] Layer /blocks.5/Constant_14 finish at 29207
[2026-03-15 16:24:11.316] [info] Total compute time 19
[2026-03-15 16:24:11.316] [info] executable layer count 662
[2026-03-15 16:24:11.316] [info] Start layer /blocks.5/Constant_15
[2026-03-15 16:24:11.317] [info] Layer /blocks.5/Constant_15 finish at 29225
[2026-03-15 16:24:11.317] [info] Total compute time 18
[2026-03-15 16:24:11.317] [info] executable layer count 661
[2026-03-15 16:24:11.317] [info] Start layer /blocks.5/Constant_16
[2026-03-15 16:24:11.318] [info] Layer /blocks.5/Constant_16 finish at 29244
[2026-03-15 16:24:11.318] [info] Total compute time 19
[2026-03-15 16:24:11.318] [info] executable layer count 660
[2026-03-15 16:24:11.318] [info] Start layer /blocks.5/Constant_17
[2026-03-15 16:24:11.319] [info] Layer /blocks.5/Constant_17 finish at 29263
[2026-03-15 16:24:11.319] [info] Total compute time 19
[2026-03-15 16:24:11.319] [info] executable layer count 659
[2026-03-15 16:24:11.319] [info] Start layer /blocks.5/Constant_18
[2026-03-15 16:24:11.321] [info] Layer /blocks.5/Constant_18 finish at 29282
[2026-03-15 16:24:11.321] [info] Total compute time 19
[2026-03-15 16:24:11.321] [info] executable layer count 658
[2026-03-15 16:24:11.321] [info] Start layer /blocks.5/Constant_19
[2026-03-15 16:24:11.322] [info] Layer /blocks.5/Constant_19 finish at 29300
[2026-03-15 16:24:11.322] [info] Total compute time 18
[2026-03-15 16:24:11.322] [info] executable layer count 657
[2026-03-15 16:24:11.322] [info] Start layer /blocks.5/Constant_20
[2026-03-15 16:24:11.323] [info] Layer /blocks.5/Constant_20 finish at 29319
[2026-03-15 16:24:11.323] [info] Total compute time 19
[2026-03-15 16:24:11.323] [info] executable layer count 656
[2026-03-15 16:24:11.323] [info] Start layer /blocks.5/Constant_21
[2026-03-15 16:24:11.324] [info] Layer /blocks.5/Constant_21 finish at 29339
[2026-03-15 16:24:11.324] [info] Total compute time 20
[2026-03-15 16:24:11.324] [info] executable layer count 655
[2026-03-15 16:24:11.324] [info] Start layer /blocks.5/Constant_22
[2026-03-15 16:24:11.325] [info] Layer /blocks.5/Constant_22 finish at 29358
[2026-03-15 16:24:11.325] [info] Total compute time 19
[2026-03-15 16:24:11.325] [info] executable layer count 654
[2026-03-15 16:24:11.325] [info] Start layer /blocks.5/Constant_23
[2026-03-15 16:24:11.327] [info] Layer /blocks.5/Constant_23 finish at 29376
[2026-03-15 16:24:11.327] [info] Total compute time 18
[2026-03-15 16:24:11.327] [info] executable layer count 653
[2026-03-15 16:24:11.327] [info] Start layer /blocks.5/Constant_24
[2026-03-15 16:24:11.328] [info] Layer /blocks.5/Constant_24 finish at 29395
[2026-03-15 16:24:11.328] [info] Total compute time 19
[2026-03-15 16:24:11.328] [info] executable layer count 652
[2026-03-15 16:24:11.328] [info] Start layer /blocks.5/Constant_25
[2026-03-15 16:24:11.329] [info] Layer /blocks.5/Constant_25 finish at 29414
[2026-03-15 16:24:11.329] [info] Total compute time 19
[2026-03-15 16:24:11.329] [info] executable layer count 651
[2026-03-15 16:24:11.329] [info] Start layer /blocks.5/Constant_26
[2026-03-15 16:24:11.331] [info] Layer /blocks.5/Constant_26 finish at 29433
[2026-03-15 16:24:11.331] [info] Total compute time 19
[2026-03-15 16:24:11.331] [info] executable layer count 650
[2026-03-15 16:24:11.331] [info] Start layer /blocks.5/Constant_27
[2026-03-15 16:24:11.332] [info] Layer /blocks.5/Constant_27 finish at 29451
[2026-03-15 16:24:11.332] [info] Total compute time 18
[2026-03-15 16:24:11.332] [info] executable layer count 649
[2026-03-15 16:24:11.332] [info] Start layer /blocks.5/Constant_28
[2026-03-15 16:24:11.333] [info] Layer /blocks.5/Constant_28 finish at 29470
[2026-03-15 16:24:11.333] [info] Total compute time 19
[2026-03-15 16:24:11.333] [info] executable layer count 648
[2026-03-15 16:24:11.333] [info] Start layer /blocks.5/Constant_29
[2026-03-15 16:24:11.334] [info] Layer /blocks.5/Constant_29 finish at 29489
[2026-03-15 16:24:11.334] [info] Total compute time 19
[2026-03-15 16:24:11.334] [info] executable layer count 647
[2026-03-15 16:24:11.334] [info] Start layer /blocks.6/Constant
[2026-03-15 16:24:11.335] [info] Layer /blocks.6/Constant finish at 29508
[2026-03-15 16:24:11.335] [info] Total compute time 19
[2026-03-15 16:24:11.335] [info] executable layer count 646
[2026-03-15 16:24:11.335] [info] Start layer /blocks.6/Constant_1
[2026-03-15 16:24:11.336] [info] Layer /blocks.6/Constant_1 finish at 29526
[2026-03-15 16:24:11.336] [info] Total compute time 18
[2026-03-15 16:24:11.337] [info] executable layer count 645
[2026-03-15 16:24:11.337] [info] Start layer /blocks.6/Constant_2
[2026-03-15 16:24:11.338] [info] Layer /blocks.6/Constant_2 finish at 29545
[2026-03-15 16:24:11.338] [info] Total compute time 19
[2026-03-15 16:24:11.338] [info] executable layer count 644
[2026-03-15 16:24:11.338] [info] Start layer /blocks.6/Constant_3
[2026-03-15 16:24:11.339] [info] Layer /blocks.6/Constant_3 finish at 29564
[2026-03-15 16:24:11.339] [info] Total compute time 19
[2026-03-15 16:24:11.339] [info] executable layer count 643
[2026-03-15 16:24:11.339] [info] Start layer /blocks.6/Constant_4
[2026-03-15 16:24:11.340] [info] Layer /blocks.6/Constant_4 finish at 29583
[2026-03-15 16:24:11.340] [info] Total compute time 19
[2026-03-15 16:24:11.340] [info] executable layer count 642
[2026-03-15 16:24:11.340] [info] Start layer /blocks.6/Constant_5
[2026-03-15 16:24:11.341] [info] Layer /blocks.6/Constant_5 finish at 29601
[2026-03-15 16:24:11.341] [info] Total compute time 18
[2026-03-15 16:24:11.341] [info] executable layer count 641
[2026-03-15 16:24:11.341] [info] Start layer /blocks.6/Constant_6
[2026-03-15 16:24:11.343] [info] Layer /blocks.6/Constant_6 finish at 29620
[2026-03-15 16:24:11.343] [info] Total compute time 19
[2026-03-15 16:24:11.343] [info] executable layer count 640
[2026-03-15 16:24:11.343] [info] Start layer /blocks.6/Constant_7
[2026-03-15 16:24:11.344] [info] Layer /blocks.6/Constant_7 finish at 29639
[2026-03-15 16:24:11.344] [info] Total compute time 19
[2026-03-15 16:24:11.344] [info] executable layer count 639
[2026-03-15 16:24:11.344] [info] Start layer /blocks.6/Constant_8
[2026-03-15 16:24:11.345] [info] Layer /blocks.6/Constant_8 finish at 29658
[2026-03-15 16:24:11.345] [info] Total compute time 19
[2026-03-15 16:24:11.345] [info] executable layer count 638
[2026-03-15 16:24:11.345] [info] Start layer /blocks.6/Constant_9
[2026-03-15 16:24:11.346] [info] Layer /blocks.6/Constant_9 finish at 29676
[2026-03-15 16:24:11.346] [info] Total compute time 18
[2026-03-15 16:24:11.346] [info] executable layer count 637
[2026-03-15 16:24:11.346] [info] Start layer /blocks.6/Constant_10
[2026-03-15 16:24:11.347] [info] Layer /blocks.6/Constant_10 finish at 29695
[2026-03-15 16:24:11.347] [info] Total compute time 19
[2026-03-15 16:24:11.347] [info] executable layer count 636
[2026-03-15 16:24:11.347] [info] Start layer /blocks.6/Constant_11
[2026-03-15 16:24:11.349] [info] Layer /blocks.6/Constant_11 finish at 29714
[2026-03-15 16:24:11.349] [info] Total compute time 19
[2026-03-15 16:24:11.349] [info] executable layer count 635
[2026-03-15 16:24:11.349] [info] Start layer /blocks.6/Constant_12
[2026-03-15 16:24:11.350] [info] Layer /blocks.6/Constant_12 finish at 29733
[2026-03-15 16:24:11.350] [info] Total compute time 19
[2026-03-15 16:24:11.350] [info] executable layer count 634
[2026-03-15 16:24:11.350] [info] Start layer /blocks.6/Constant_13
[2026-03-15 16:24:11.351] [info] Layer /blocks.6/Constant_13 finish at 29751
[2026-03-15 16:24:11.351] [info] Total compute time 18
[2026-03-15 16:24:11.351] [info] executable layer count 633
[2026-03-15 16:24:11.351] [info] Start layer /blocks.6/Constant_14
[2026-03-15 16:24:11.352] [info] Layer /blocks.6/Constant_14 finish at 29770
[2026-03-15 16:24:11.352] [info] Total compute time 19
[2026-03-15 16:24:11.352] [info] executable layer count 632
[2026-03-15 16:24:11.352] [info] Start layer /blocks.6/Constant_15
[2026-03-15 16:24:11.353] [info] Layer /blocks.6/Constant_15 finish at 29789
[2026-03-15 16:24:11.353] [info] Total compute time 19
[2026-03-15 16:24:11.353] [info] executable layer count 631
[2026-03-15 16:24:11.353] [info] Start layer /blocks.6/Constant_16
[2026-03-15 16:24:11.354] [info] Layer /blocks.6/Constant_16 finish at 29808
[2026-03-15 16:24:11.354] [info] Total compute time 19
[2026-03-15 16:24:11.355] [info] executable layer count 630
[2026-03-15 16:24:11.355] [info] Start layer /blocks.6/Constant_17
[2026-03-15 16:24:11.356] [info] Layer /blocks.6/Constant_17 finish at 29826
[2026-03-15 16:24:11.356] [info] Total compute time 18
[2026-03-15 16:24:11.356] [info] executable layer count 629
[2026-03-15 16:24:11.356] [info] Start layer /blocks.6/Constant_18
[2026-03-15 16:24:11.357] [info] Layer /blocks.6/Constant_18 finish at 29845
[2026-03-15 16:24:11.357] [info] Total compute time 19
[2026-03-15 16:24:11.357] [info] executable layer count 628
[2026-03-15 16:24:11.357] [info] Start layer /blocks.6/Constant_19
[2026-03-15 16:24:11.358] [info] Layer /blocks.6/Constant_19 finish at 29864
[2026-03-15 16:24:11.358] [info] Total compute time 19
[2026-03-15 16:24:11.358] [info] executable layer count 627
[2026-03-15 16:24:11.358] [info] Start layer /blocks.6/Constant_20
[2026-03-15 16:24:11.359] [info] Layer /blocks.6/Constant_20 finish at 29883
[2026-03-15 16:24:11.359] [info] Total compute time 19
[2026-03-15 16:24:11.359] [info] executable layer count 626
[2026-03-15 16:24:11.359] [info] Start layer /blocks.6/Constant_21
[2026-03-15 16:24:11.361] [info] Layer /blocks.6/Constant_21 finish at 29901
[2026-03-15 16:24:11.361] [info] Total compute time 18
[2026-03-15 16:24:11.361] [info] executable layer count 625
[2026-03-15 16:24:11.361] [info] Start layer /blocks.6/Constant_22
[2026-03-15 16:24:11.362] [info] Layer /blocks.6/Constant_22 finish at 29920
[2026-03-15 16:24:11.362] [info] Total compute time 19
[2026-03-15 16:24:11.362] [info] executable layer count 624
[2026-03-15 16:24:11.362] [info] Start layer /blocks.6/Constant_23
[2026-03-15 16:24:11.364] [info] Layer /blocks.6/Constant_23 finish at 29939
[2026-03-15 16:24:11.364] [info] Total compute time 19
[2026-03-15 16:24:11.364] [info] executable layer count 623
[2026-03-15 16:24:11.364] [info] Start layer /blocks.6/Constant_24
[2026-03-15 16:24:11.365] [info] Layer /blocks.6/Constant_24 finish at 29959
[2026-03-15 16:24:11.365] [info] Total compute time 20
[2026-03-15 16:24:11.365] [info] executable layer count 622
[2026-03-15 16:24:11.365] [info] Start layer /blocks.6/Constant_25
[2026-03-15 16:24:11.367] [info] Layer /blocks.6/Constant_25 finish at 29977
[2026-03-15 16:24:11.367] [info] Total compute time 18
[2026-03-15 16:24:11.367] [info] executable layer count 621
[2026-03-15 16:24:11.367] [info] Start layer /blocks.6/Constant_26
[2026-03-15 16:24:11.368] [info] Layer /blocks.6/Constant_26 finish at 29996
[2026-03-15 16:24:11.368] [info] Total compute time 19
[2026-03-15 16:24:11.368] [info] executable layer count 620
[2026-03-15 16:24:11.368] [info] Start layer /blocks.6/Constant_27
[2026-03-15 16:24:11.369] [info] Layer /blocks.6/Constant_27 finish at 30015
[2026-03-15 16:24:11.369] [info] Total compute time 19
[2026-03-15 16:24:11.369] [info] executable layer count 619
[2026-03-15 16:24:11.369] [info] Start layer /blocks.6/Constant_28
[2026-03-15 16:24:11.371] [info] Layer /blocks.6/Constant_28 finish at 30034
[2026-03-15 16:24:11.371] [info] Total compute time 19
[2026-03-15 16:24:11.371] [info] executable layer count 618
[2026-03-15 16:24:11.371] [info] Start layer /blocks.6/Constant_29
[2026-03-15 16:24:11.372] [info] Layer /blocks.6/Constant_29 finish at 30052
[2026-03-15 16:24:11.372] [info] Total compute time 18
[2026-03-15 16:24:11.372] [info] executable layer count 617
[2026-03-15 16:24:11.372] [info] Start layer /Constant_5
[2026-03-15 16:24:11.373] [info] Layer /Constant_5 finish at 30071
[2026-03-15 16:24:11.373] [info] Total compute time 19
[2026-03-15 16:24:11.373] [info] executable layer count 618
[2026-03-15 16:24:11.373] [info] Start layer /blocks.7/Constant
[2026-03-15 16:24:11.374] [info] Layer /blocks.7/Constant finish at 30090
[2026-03-15 16:24:11.374] [info] Total compute time 19
[2026-03-15 16:24:11.374] [info] executable layer count 617
[2026-03-15 16:24:11.374] [info] Start layer /blocks.7/Constant_1
[2026-03-15 16:24:11.375] [info] Layer /blocks.7/Constant_1 finish at 30109
[2026-03-15 16:24:11.375] [info] Total compute time 19
[2026-03-15 16:24:11.375] [info] executable layer count 616
[2026-03-15 16:24:11.375] [info] Start layer /blocks.7/Constant_2
[2026-03-15 16:24:11.377] [info] Layer /blocks.7/Constant_2 finish at 30127
[2026-03-15 16:24:11.377] [info] Total compute time 18
[2026-03-15 16:24:11.377] [info] executable layer count 615
[2026-03-15 16:24:11.377] [info] Start layer /blocks.7/Constant_3
[2026-03-15 16:24:11.378] [info] Layer /blocks.7/Constant_3 finish at 30146
[2026-03-15 16:24:11.378] [info] Total compute time 19
[2026-03-15 16:24:11.378] [info] executable layer count 614
[2026-03-15 16:24:11.378] [info] Start layer /blocks.7/Constant_4
[2026-03-15 16:24:11.379] [info] Layer /blocks.7/Constant_4 finish at 30165
[2026-03-15 16:24:11.379] [info] Total compute time 19
[2026-03-15 16:24:11.379] [info] executable layer count 613
[2026-03-15 16:24:11.379] [info] Start layer /blocks.7/Constant_5
[2026-03-15 16:24:11.380] [info] Layer /blocks.7/Constant_5 finish at 30184
[2026-03-15 16:24:11.380] [info] Total compute time 19
[2026-03-15 16:24:11.380] [info] executable layer count 612
[2026-03-15 16:24:11.380] [info] Start layer /blocks.7/Constant_6
[2026-03-15 16:24:11.382] [info] Layer /blocks.7/Constant_6 finish at 30202
[2026-03-15 16:24:11.382] [info] Total compute time 18
[2026-03-15 16:24:11.382] [info] executable layer count 611
[2026-03-15 16:24:11.382] [info] Start layer /blocks.7/Constant_7
[2026-03-15 16:24:11.383] [info] Layer /blocks.7/Constant_7 finish at 30221
[2026-03-15 16:24:11.383] [info] Total compute time 19
[2026-03-15 16:24:11.383] [info] executable layer count 610
[2026-03-15 16:24:11.383] [info] Start layer /blocks.7/Constant_8
[2026-03-15 16:24:11.384] [info] Layer /blocks.7/Constant_8 finish at 30240
[2026-03-15 16:24:11.384] [info] Total compute time 19
[2026-03-15 16:24:11.384] [info] executable layer count 609
[2026-03-15 16:24:11.384] [info] Start layer /blocks.7/Constant_9
[2026-03-15 16:24:11.385] [info] Layer /blocks.7/Constant_9 finish at 30259
[2026-03-15 16:24:11.385] [info] Total compute time 19
[2026-03-15 16:24:11.385] [info] executable layer count 608
[2026-03-15 16:24:11.385] [info] Start layer /blocks.7/Constant_10
[2026-03-15 16:24:11.387] [info] Layer /blocks.7/Constant_10 finish at 30277
[2026-03-15 16:24:11.387] [info] Total compute time 18
[2026-03-15 16:24:11.387] [info] executable layer count 607
[2026-03-15 16:24:11.387] [info] Start layer /blocks.7/Constant_11
[2026-03-15 16:24:11.388] [info] Layer /blocks.7/Constant_11 finish at 30296
[2026-03-15 16:24:11.388] [info] Total compute time 19
[2026-03-15 16:24:11.388] [info] executable layer count 606
[2026-03-15 16:24:11.388] [info] Start layer /blocks.7/Constant_12
[2026-03-15 16:24:11.389] [info] Layer /blocks.7/Constant_12 finish at 30315
[2026-03-15 16:24:11.389] [info] Total compute time 19
[2026-03-15 16:24:11.389] [info] executable layer count 605
[2026-03-15 16:24:11.389] [info] Start layer /blocks.7/Constant_13
[2026-03-15 16:24:11.390] [info] Layer /blocks.7/Constant_13 finish at 30334
[2026-03-15 16:24:11.390] [info] Total compute time 19
[2026-03-15 16:24:11.390] [info] executable layer count 604
[2026-03-15 16:24:11.390] [info] Start layer /blocks.7/Constant_14
[2026-03-15 16:24:11.392] [info] Layer /blocks.7/Constant_14 finish at 30352
[2026-03-15 16:24:11.392] [info] Total compute time 18
[2026-03-15 16:24:11.392] [info] executable layer count 603
[2026-03-15 16:24:11.392] [info] Start layer /blocks.7/Constant_15
[2026-03-15 16:24:11.393] [info] Layer /blocks.7/Constant_15 finish at 30371
[2026-03-15 16:24:11.393] [info] Total compute time 19
[2026-03-15 16:24:11.393] [info] executable layer count 602
[2026-03-15 16:24:11.393] [info] Start layer /blocks.7/Constant_16
[2026-03-15 16:24:11.394] [info] Layer /blocks.7/Constant_16 finish at 30390
[2026-03-15 16:24:11.394] [info] Total compute time 19
[2026-03-15 16:24:11.394] [info] executable layer count 601
[2026-03-15 16:24:11.394] [info] Start layer /blocks.7/Constant_17
[2026-03-15 16:24:11.395] [info] Layer /blocks.7/Constant_17 finish at 30409
[2026-03-15 16:24:11.395] [info] Total compute time 19
[2026-03-15 16:24:11.395] [info] executable layer count 600
[2026-03-15 16:24:11.395] [info] Start layer /blocks.7/Constant_18
[2026-03-15 16:24:11.397] [info] Layer /blocks.7/Constant_18 finish at 30427
[2026-03-15 16:24:11.397] [info] Total compute time 18
[2026-03-15 16:24:11.397] [info] executable layer count 599
[2026-03-15 16:24:11.397] [info] Start layer /blocks.7/Constant_19
[2026-03-15 16:24:11.398] [info] Layer /blocks.7/Constant_19 finish at 30446
[2026-03-15 16:24:11.398] [info] Total compute time 19
[2026-03-15 16:24:11.398] [info] executable layer count 598
[2026-03-15 16:24:11.398] [info] Start layer /blocks.7/Constant_20
[2026-03-15 16:24:11.399] [info] Layer /blocks.7/Constant_20 finish at 30465
[2026-03-15 16:24:11.399] [info] Total compute time 19
[2026-03-15 16:24:11.399] [info] executable layer count 597
[2026-03-15 16:24:11.399] [info] Start layer /blocks.7/Constant_21
[2026-03-15 16:24:11.400] [info] Layer /blocks.7/Constant_21 finish at 30484
[2026-03-15 16:24:11.400] [info] Total compute time 19
[2026-03-15 16:24:11.400] [info] executable layer count 596
[2026-03-15 16:24:11.400] [info] Start layer /blocks.7/Constant_22
[2026-03-15 16:24:11.402] [info] Layer /blocks.7/Constant_22 finish at 30502
[2026-03-15 16:24:11.402] [info] Total compute time 18
[2026-03-15 16:24:11.402] [info] executable layer count 595
[2026-03-15 16:24:11.402] [info] Start layer /blocks.7/Constant_23
[2026-03-15 16:24:11.403] [info] Layer /blocks.7/Constant_23 finish at 30521
[2026-03-15 16:24:11.403] [info] Total compute time 19
[2026-03-15 16:24:11.403] [info] executable layer count 594
[2026-03-15 16:24:11.403] [info] Start layer /blocks.7/Constant_24
[2026-03-15 16:24:11.404] [info] Layer /blocks.7/Constant_24 finish at 30540
[2026-03-15 16:24:11.404] [info] Total compute time 19
[2026-03-15 16:24:11.404] [info] executable layer count 593
[2026-03-15 16:24:11.404] [info] Start layer /blocks.7/Constant_25
[2026-03-15 16:24:11.405] [info] Layer /blocks.7/Constant_25 finish at 30559
[2026-03-15 16:24:11.405] [info] Total compute time 19
[2026-03-15 16:24:11.405] [info] executable layer count 592
[2026-03-15 16:24:11.405] [info] Start layer /blocks.7/Constant_26
[2026-03-15 16:24:11.407] [info] Layer /blocks.7/Constant_26 finish at 30577
[2026-03-15 16:24:11.407] [info] Total compute time 18
[2026-03-15 16:24:11.407] [info] executable layer count 591
[2026-03-15 16:24:11.407] [info] Start layer /blocks.7/Constant_27
[2026-03-15 16:24:11.408] [info] Layer /blocks.7/Constant_27 finish at 30596
[2026-03-15 16:24:11.408] [info] Total compute time 19
[2026-03-15 16:24:11.408] [info] executable layer count 590
[2026-03-15 16:24:11.408] [info] Start layer /blocks.7/Constant_28
[2026-03-15 16:24:11.409] [info] Layer /blocks.7/Constant_28 finish at 30615
[2026-03-15 16:24:11.409] [info] Total compute time 19
[2026-03-15 16:24:11.409] [info] executable layer count 589
[2026-03-15 16:24:11.409] [info] Start layer /blocks.7/Constant_29
[2026-03-15 16:24:11.410] [info] Layer /blocks.7/Constant_29 finish at 30634
[2026-03-15 16:24:11.410] [info] Total compute time 19
[2026-03-15 16:24:11.410] [info] executable layer count 588
[2026-03-15 16:24:11.410] [info] Start layer /Constant_6
[2026-03-15 16:24:11.412] [info] Layer /Constant_6 finish at 30652
[2026-03-15 16:24:11.412] [info] Total compute time 18
[2026-03-15 16:24:11.412] [info] executable layer count 589
[2026-03-15 16:24:11.412] [info] Start layer /blocks.8/Constant
[2026-03-15 16:24:11.413] [info] Layer /blocks.8/Constant finish at 30671
[2026-03-15 16:24:11.413] [info] Total compute time 19
[2026-03-15 16:24:11.413] [info] executable layer count 588
[2026-03-15 16:24:11.413] [info] Start layer /blocks.8/Constant_1
[2026-03-15 16:24:11.414] [info] Layer /blocks.8/Constant_1 finish at 30690
[2026-03-15 16:24:11.414] [info] Total compute time 19
[2026-03-15 16:24:11.414] [info] executable layer count 587
[2026-03-15 16:24:11.414] [info] Start layer /blocks.8/Constant_2
[2026-03-15 16:24:11.415] [info] Layer /blocks.8/Constant_2 finish at 30709
[2026-03-15 16:24:11.415] [info] Total compute time 19
[2026-03-15 16:24:11.415] [info] executable layer count 586
[2026-03-15 16:24:11.415] [info] Start layer /blocks.8/Constant_3
[2026-03-15 16:24:11.417] [info] Layer /blocks.8/Constant_3 finish at 30727
[2026-03-15 16:24:11.417] [info] Total compute time 18
[2026-03-15 16:24:11.417] [info] executable layer count 585
[2026-03-15 16:24:11.417] [info] Start layer /blocks.8/Constant_4
[2026-03-15 16:24:11.418] [info] Layer /blocks.8/Constant_4 finish at 30746
[2026-03-15 16:24:11.418] [info] Total compute time 19
[2026-03-15 16:24:11.418] [info] executable layer count 584
[2026-03-15 16:24:11.418] [info] Start layer /blocks.8/Constant_5
[2026-03-15 16:24:11.419] [info] Layer /blocks.8/Constant_5 finish at 30765
[2026-03-15 16:24:11.419] [info] Total compute time 19
[2026-03-15 16:24:11.419] [info] executable layer count 583
[2026-03-15 16:24:11.419] [info] Start layer /blocks.8/Constant_6
[2026-03-15 16:24:11.420] [info] Layer /blocks.8/Constant_6 finish at 30784
[2026-03-15 16:24:11.420] [info] Total compute time 19
[2026-03-15 16:24:11.420] [info] executable layer count 582
[2026-03-15 16:24:11.420] [info] Start layer /blocks.8/Constant_7
[2026-03-15 16:24:11.422] [info] Layer /blocks.8/Constant_7 finish at 30802
[2026-03-15 16:24:11.422] [info] Total compute time 18
[2026-03-15 16:24:11.422] [info] executable layer count 581
[2026-03-15 16:24:11.422] [info] Start layer /blocks.8/Constant_8
[2026-03-15 16:24:11.423] [info] Layer /blocks.8/Constant_8 finish at 30821
[2026-03-15 16:24:11.423] [info] Total compute time 19
[2026-03-15 16:24:11.423] [info] executable layer count 580
[2026-03-15 16:24:11.423] [info] Start layer /blocks.8/Constant_9
[2026-03-15 16:24:11.424] [info] Layer /blocks.8/Constant_9 finish at 30840
[2026-03-15 16:24:11.424] [info] Total compute time 19
[2026-03-15 16:24:11.424] [info] executable layer count 579
[2026-03-15 16:24:11.424] [info] Start layer /blocks.8/Constant_10
[2026-03-15 16:24:11.425] [info] Layer /blocks.8/Constant_10 finish at 30859
[2026-03-15 16:24:11.425] [info] Total compute time 19
[2026-03-15 16:24:11.425] [info] executable layer count 578
[2026-03-15 16:24:11.425] [info] Start layer /blocks.8/Constant_11
[2026-03-15 16:24:11.426] [info] Layer /blocks.8/Constant_11 finish at 30877
[2026-03-15 16:24:11.426] [info] Total compute time 18
[2026-03-15 16:24:11.426] [info] executable layer count 577
[2026-03-15 16:24:11.426] [info] Start layer /blocks.8/Constant_12
[2026-03-15 16:24:11.428] [info] Layer /blocks.8/Constant_12 finish at 30896
[2026-03-15 16:24:11.428] [info] Total compute time 19
[2026-03-15 16:24:11.428] [info] executable layer count 576
[2026-03-15 16:24:11.428] [info] Start layer /blocks.8/Constant_13
[2026-03-15 16:24:11.429] [info] Layer /blocks.8/Constant_13 finish at 30915
[2026-03-15 16:24:11.429] [info] Total compute time 19
[2026-03-15 16:24:11.429] [info] executable layer count 575
[2026-03-15 16:24:11.429] [info] Start layer /blocks.8/Constant_14
[2026-03-15 16:24:11.430] [info] Layer /blocks.8/Constant_14 finish at 30934
[2026-03-15 16:24:11.430] [info] Total compute time 19
[2026-03-15 16:24:11.430] [info] executable layer count 574
[2026-03-15 16:24:11.430] [info] Start layer /blocks.8/Constant_15
[2026-03-15 16:24:11.431] [info] Layer /blocks.8/Constant_15 finish at 30952
[2026-03-15 16:24:11.431] [info] Total compute time 18
[2026-03-15 16:24:11.431] [info] executable layer count 573
[2026-03-15 16:24:11.431] [info] Start layer /blocks.8/Constant_16
[2026-03-15 16:24:11.432] [info] Layer /blocks.8/Constant_16 finish at 30971
[2026-03-15 16:24:11.432] [info] Total compute time 19
[2026-03-15 16:24:11.432] [info] executable layer count 572
[2026-03-15 16:24:11.432] [info] Start layer /blocks.8/Constant_17
[2026-03-15 16:24:11.434] [info] Layer /blocks.8/Constant_17 finish at 30990
[2026-03-15 16:24:11.434] [info] Total compute time 19
[2026-03-15 16:24:11.434] [info] executable layer count 571
[2026-03-15 16:24:11.434] [info] Start layer /blocks.8/Constant_18
[2026-03-15 16:24:11.435] [info] Layer /blocks.8/Constant_18 finish at 31009
[2026-03-15 16:24:11.435] [info] Total compute time 19
[2026-03-15 16:24:11.435] [info] executable layer count 570
[2026-03-15 16:24:11.435] [info] Start layer /blocks.8/Constant_19
[2026-03-15 16:24:11.436] [info] Layer /blocks.8/Constant_19 finish at 31027
[2026-03-15 16:24:11.436] [info] Total compute time 18
[2026-03-15 16:24:11.436] [info] executable layer count 569
[2026-03-15 16:24:11.436] [info] Start layer /blocks.8/Constant_20
[2026-03-15 16:24:11.437] [info] Layer /blocks.8/Constant_20 finish at 31046
[2026-03-15 16:24:11.437] [info] Total compute time 19
[2026-03-15 16:24:11.437] [info] executable layer count 568
[2026-03-15 16:24:11.437] [info] Start layer /blocks.8/Constant_21
[2026-03-15 16:24:11.438] [info] Layer /blocks.8/Constant_21 finish at 31065
[2026-03-15 16:24:11.438] [info] Total compute time 19
[2026-03-15 16:24:11.438] [info] executable layer count 567
[2026-03-15 16:24:11.438] [info] Start layer /blocks.8/Constant_22
[2026-03-15 16:24:11.440] [info] Layer /blocks.8/Constant_22 finish at 31084
[2026-03-15 16:24:11.440] [info] Total compute time 19
[2026-03-15 16:24:11.440] [info] executable layer count 566
[2026-03-15 16:24:11.440] [info] Start layer /blocks.8/Constant_23
[2026-03-15 16:24:11.441] [info] Layer /blocks.8/Constant_23 finish at 31102
[2026-03-15 16:24:11.441] [info] Total compute time 18
[2026-03-15 16:24:11.441] [info] executable layer count 565
[2026-03-15 16:24:11.441] [info] Start layer /blocks.8/Constant_24
[2026-03-15 16:24:11.442] [info] Layer /blocks.8/Constant_24 finish at 31121
[2026-03-15 16:24:11.442] [info] Total compute time 19
[2026-03-15 16:24:11.442] [info] executable layer count 564
[2026-03-15 16:24:11.442] [info] Start layer /blocks.8/Constant_25
[2026-03-15 16:24:11.443] [info] Layer /blocks.8/Constant_25 finish at 31140
[2026-03-15 16:24:11.443] [info] Total compute time 19
[2026-03-15 16:24:11.443] [info] executable layer count 563
[2026-03-15 16:24:11.443] [info] Start layer /blocks.8/Constant_26
[2026-03-15 16:24:11.444] [info] Layer /blocks.8/Constant_26 finish at 31159
[2026-03-15 16:24:11.444] [info] Total compute time 19
[2026-03-15 16:24:11.445] [info] executable layer count 562
[2026-03-15 16:24:11.445] [info] Start layer /blocks.8/Constant_27
[2026-03-15 16:24:11.446] [info] Layer /blocks.8/Constant_27 finish at 31177
[2026-03-15 16:24:11.446] [info] Total compute time 18
[2026-03-15 16:24:11.446] [info] executable layer count 561
[2026-03-15 16:24:11.446] [info] Start layer /blocks.8/Constant_28
[2026-03-15 16:24:11.447] [info] Layer /blocks.8/Constant_28 finish at 31196
[2026-03-15 16:24:11.447] [info] Total compute time 19
[2026-03-15 16:24:11.447] [info] executable layer count 560
[2026-03-15 16:24:11.447] [info] Start layer /blocks.8/Constant_29
[2026-03-15 16:24:11.448] [info] Layer /blocks.8/Constant_29 finish at 31215
[2026-03-15 16:24:11.448] [info] Total compute time 19
[2026-03-15 16:24:11.448] [info] executable layer count 559
[2026-03-15 16:24:11.448] [info] Start layer /Constant_7
[2026-03-15 16:24:11.449] [info] Layer /Constant_7 finish at 31234
[2026-03-15 16:24:11.449] [info] Total compute time 19
[2026-03-15 16:24:11.450] [info] executable layer count 560
[2026-03-15 16:24:11.450] [info] Start layer /blocks.9/Constant
[2026-03-15 16:24:11.451] [info] Layer /blocks.9/Constant finish at 31252
[2026-03-15 16:24:11.451] [info] Total compute time 18
[2026-03-15 16:24:11.451] [info] executable layer count 559
[2026-03-15 16:24:11.451] [info] Start layer /blocks.9/Constant_1
[2026-03-15 16:24:11.452] [info] Layer /blocks.9/Constant_1 finish at 31271
[2026-03-15 16:24:11.452] [info] Total compute time 19
[2026-03-15 16:24:11.452] [info] executable layer count 558
[2026-03-15 16:24:11.452] [info] Start layer /blocks.9/Constant_2
[2026-03-15 16:24:11.453] [info] Layer /blocks.9/Constant_2 finish at 31290
[2026-03-15 16:24:11.453] [info] Total compute time 19
[2026-03-15 16:24:11.453] [info] executable layer count 557
[2026-03-15 16:24:11.453] [info] Start layer /blocks.9/Constant_3
[2026-03-15 16:24:11.454] [info] Layer /blocks.9/Constant_3 finish at 31309
[2026-03-15 16:24:11.454] [info] Total compute time 19
[2026-03-15 16:24:11.454] [info] executable layer count 556
[2026-03-15 16:24:11.454] [info] Start layer /blocks.9/Constant_4
[2026-03-15 16:24:11.456] [info] Layer /blocks.9/Constant_4 finish at 31327
[2026-03-15 16:24:11.456] [info] Total compute time 18
[2026-03-15 16:24:11.456] [info] executable layer count 555
[2026-03-15 16:24:11.456] [info] Start layer /blocks.9/Constant_5
[2026-03-15 16:24:11.457] [info] Layer /blocks.9/Constant_5 finish at 31346
[2026-03-15 16:24:11.457] [info] Total compute time 19
[2026-03-15 16:24:11.457] [info] executable layer count 554
[2026-03-15 16:24:11.457] [info] Start layer /blocks.9/Constant_6
[2026-03-15 16:24:11.459] [info] Layer /blocks.9/Constant_6 finish at 31365
[2026-03-15 16:24:11.459] [info] Total compute time 19
[2026-03-15 16:24:11.459] [info] executable layer count 553
[2026-03-15 16:24:11.459] [info] Start layer /blocks.9/Constant_7
[2026-03-15 16:24:11.460] [info] Layer /blocks.9/Constant_7 finish at 31384
[2026-03-15 16:24:11.460] [info] Total compute time 19
[2026-03-15 16:24:11.460] [info] executable layer count 552
[2026-03-15 16:24:11.460] [info] Start layer /blocks.9/Constant_8
[2026-03-15 16:24:11.462] [info] Layer /blocks.9/Constant_8 finish at 31402
[2026-03-15 16:24:11.462] [info] Total compute time 18
[2026-03-15 16:24:11.462] [info] executable layer count 551
[2026-03-15 16:24:11.462] [info] Start layer /blocks.9/Constant_9
[2026-03-15 16:24:11.463] [info] Layer /blocks.9/Constant_9 finish at 31421
[2026-03-15 16:24:11.463] [info] Total compute time 19
[2026-03-15 16:24:11.464] [info] executable layer count 550
[2026-03-15 16:24:11.464] [info] Start layer /blocks.9/Constant_10
[2026-03-15 16:24:11.465] [info] Layer /blocks.9/Constant_10 finish at 31440
[2026-03-15 16:24:11.465] [info] Total compute time 19
[2026-03-15 16:24:11.465] [info] executable layer count 549
[2026-03-15 16:24:11.465] [info] Start layer /blocks.9/Constant_11
[2026-03-15 16:24:11.467] [info] Layer /blocks.9/Constant_11 finish at 31459
[2026-03-15 16:24:11.467] [info] Total compute time 19
[2026-03-15 16:24:11.467] [info] executable layer count 548
[2026-03-15 16:24:11.467] [info] Start layer /blocks.9/Constant_12
[2026-03-15 16:24:11.468] [info] Layer /blocks.9/Constant_12 finish at 31477
[2026-03-15 16:24:11.468] [info] Total compute time 18
[2026-03-15 16:24:11.468] [info] executable layer count 547
[2026-03-15 16:24:11.468] [info] Start layer /blocks.9/Constant_13
[2026-03-15 16:24:11.470] [info] Layer /blocks.9/Constant_13 finish at 31496
[2026-03-15 16:24:11.470] [info] Total compute time 19
[2026-03-15 16:24:11.470] [info] executable layer count 546
[2026-03-15 16:24:11.470] [info] Start layer /blocks.9/Constant_14
[2026-03-15 16:24:11.472] [info] Layer /blocks.9/Constant_14 finish at 31515
[2026-03-15 16:24:11.472] [info] Total compute time 19
[2026-03-15 16:24:11.472] [info] executable layer count 545
[2026-03-15 16:24:11.472] [info] Start layer /blocks.9/Constant_15
[2026-03-15 16:24:11.473] [info] Layer /blocks.9/Constant_15 finish at 31534
[2026-03-15 16:24:11.473] [info] Total compute time 19
[2026-03-15 16:24:11.473] [info] executable layer count 544
[2026-03-15 16:24:11.474] [info] Start layer /blocks.9/Constant_16
[2026-03-15 16:24:11.475] [info] Layer /blocks.9/Constant_16 finish at 31552
[2026-03-15 16:24:11.475] [info] Total compute time 18
[2026-03-15 16:24:11.475] [info] executable layer count 543
[2026-03-15 16:24:11.475] [info] Start layer /blocks.9/Constant_17
[2026-03-15 16:24:11.477] [info] Layer /blocks.9/Constant_17 finish at 31571
[2026-03-15 16:24:11.477] [info] Total compute time 19
[2026-03-15 16:24:11.477] [info] executable layer count 542
[2026-03-15 16:24:11.477] [info] Start layer /blocks.9/Constant_18
[2026-03-15 16:24:11.479] [info] Layer /blocks.9/Constant_18 finish at 31590
[2026-03-15 16:24:11.479] [info] Total compute time 19
[2026-03-15 16:24:11.479] [info] executable layer count 541
[2026-03-15 16:24:11.479] [info] Start layer /blocks.9/Constant_19
[2026-03-15 16:24:11.481] [info] Layer /blocks.9/Constant_19 finish at 31609
[2026-03-15 16:24:11.481] [info] Total compute time 19
[2026-03-15 16:24:11.481] [info] executable layer count 540
[2026-03-15 16:24:11.481] [info] Start layer /blocks.9/Constant_20
[2026-03-15 16:24:11.483] [info] Layer /blocks.9/Constant_20 finish at 31627
[2026-03-15 16:24:11.483] [info] Total compute time 18
[2026-03-15 16:24:11.483] [info] executable layer count 539
[2026-03-15 16:24:11.483] [info] Start layer /blocks.9/Constant_21
[2026-03-15 16:24:11.484] [info] Layer /blocks.9/Constant_21 finish at 31646
[2026-03-15 16:24:11.484] [info] Total compute time 19
[2026-03-15 16:24:11.484] [info] executable layer count 538
[2026-03-15 16:24:11.484] [info] Start layer /blocks.9/Constant_22
[2026-03-15 16:24:11.487] [info] Layer /blocks.9/Constant_22 finish at 31665
[2026-03-15 16:24:11.487] [info] Total compute time 19
[2026-03-15 16:24:11.487] [info] executable layer count 537
[2026-03-15 16:24:11.487] [info] Start layer /blocks.9/Constant_23
[2026-03-15 16:24:11.489] [info] Layer /blocks.9/Constant_23 finish at 31684
[2026-03-15 16:24:11.489] [info] Total compute time 19
[2026-03-15 16:24:11.489] [info] executable layer count 536
[2026-03-15 16:24:11.489] [info] Start layer /blocks.9/Constant_24
[2026-03-15 16:24:11.490] [info] Layer /blocks.9/Constant_24 finish at 31702
[2026-03-15 16:24:11.490] [info] Total compute time 18
[2026-03-15 16:24:11.490] [info] executable layer count 535
[2026-03-15 16:24:11.490] [info] Start layer /blocks.9/Constant_25
[2026-03-15 16:24:11.493] [info] Layer /blocks.9/Constant_25 finish at 31721
[2026-03-15 16:24:11.493] [info] Total compute time 19
[2026-03-15 16:24:11.493] [info] executable layer count 534
[2026-03-15 16:24:11.493] [info] Start layer /blocks.9/Constant_26
[2026-03-15 16:24:11.495] [info] Layer /blocks.9/Constant_26 finish at 31740
[2026-03-15 16:24:11.495] [info] Total compute time 19
[2026-03-15 16:24:11.495] [info] executable layer count 533
[2026-03-15 16:24:11.495] [info] Start layer /blocks.9/Constant_27
[2026-03-15 16:24:11.496] [info] Layer /blocks.9/Constant_27 finish at 31759
[2026-03-15 16:24:11.496] [info] Total compute time 19
[2026-03-15 16:24:11.496] [info] executable layer count 532
[2026-03-15 16:24:11.496] [info] Start layer /blocks.9/Constant_28
[2026-03-15 16:24:11.498] [info] Layer /blocks.9/Constant_28 finish at 31777
[2026-03-15 16:24:11.498] [info] Total compute time 18
[2026-03-15 16:24:11.498] [info] executable layer count 531
[2026-03-15 16:24:11.498] [info] Start layer /blocks.9/Constant_29
[2026-03-15 16:24:11.500] [info] Layer /blocks.9/Constant_29 finish at 31796
[2026-03-15 16:24:11.500] [info] Total compute time 19
[2026-03-15 16:24:11.500] [info] executable layer count 530
[2026-03-15 16:24:11.500] [info] Start layer /Constant_8
[2026-03-15 16:24:11.501] [info] Layer /Constant_8 finish at 31815
[2026-03-15 16:24:11.501] [info] Total compute time 19
[2026-03-15 16:24:11.501] [info] executable layer count 531
[2026-03-15 16:24:11.501] [info] Start layer /blocks.10/Constant
[2026-03-15 16:24:11.504] [info] Layer /blocks.10/Constant finish at 31834
[2026-03-15 16:24:11.504] [info] Total compute time 19
[2026-03-15 16:24:11.504] [info] executable layer count 530
[2026-03-15 16:24:11.504] [info] Start layer /blocks.10/Constant_1
[2026-03-15 16:24:11.506] [info] Layer /blocks.10/Constant_1 finish at 31852
[2026-03-15 16:24:11.506] [info] Total compute time 18
[2026-03-15 16:24:11.506] [info] executable layer count 529
[2026-03-15 16:24:11.506] [info] Start layer /blocks.10/Constant_2
[2026-03-15 16:24:11.508] [info] Layer /blocks.10/Constant_2 finish at 31871
[2026-03-15 16:24:11.508] [info] Total compute time 19
[2026-03-15 16:24:11.508] [info] executable layer count 528
[2026-03-15 16:24:11.508] [info] Start layer /blocks.10/Constant_3
[2026-03-15 16:24:11.510] [info] Layer /blocks.10/Constant_3 finish at 31890
[2026-03-15 16:24:11.510] [info] Total compute time 19
[2026-03-15 16:24:11.510] [info] executable layer count 527
[2026-03-15 16:24:11.510] [info] Start layer /blocks.10/Constant_4
[2026-03-15 16:24:11.511] [info] Layer /blocks.10/Constant_4 finish at 31909
[2026-03-15 16:24:11.511] [info] Total compute time 19
[2026-03-15 16:24:11.511] [info] executable layer count 526
[2026-03-15 16:24:11.511] [info] Start layer /blocks.10/Constant_5
[2026-03-15 16:24:11.513] [info] Layer /blocks.10/Constant_5 finish at 31927
[2026-03-15 16:24:11.513] [info] Total compute time 18
[2026-03-15 16:24:11.513] [info] executable layer count 525
[2026-03-15 16:24:11.513] [info] Start layer /blocks.10/Constant_6
[2026-03-15 16:24:11.514] [info] Layer /blocks.10/Constant_6 finish at 31946
[2026-03-15 16:24:11.514] [info] Total compute time 19
[2026-03-15 16:24:11.514] [info] executable layer count 524
[2026-03-15 16:24:11.514] [info] Start layer /blocks.10/Constant_7
[2026-03-15 16:24:11.516] [info] Layer /blocks.10/Constant_7 finish at 31965
[2026-03-15 16:24:11.516] [info] Total compute time 19
[2026-03-15 16:24:11.516] [info] executable layer count 523
[2026-03-15 16:24:11.516] [info] Start layer /blocks.10/Constant_8
[2026-03-15 16:24:11.518] [info] Layer /blocks.10/Constant_8 finish at 31984
[2026-03-15 16:24:11.518] [info] Total compute time 19
[2026-03-15 16:24:11.518] [info] executable layer count 522
[2026-03-15 16:24:11.518] [info] Start layer /blocks.10/Constant_9
[2026-03-15 16:24:11.518] [info] HBM2-CH_0: BW utilization 9% (798 reads, 124 writes)
[2026-03-15 16:24:11.520] [info] Core [0] Tile Stats | Issued: 123 Running: 0 Finished: 123
[2026-03-15 16:24:11.520] [info] cycle: [32000]
[2026-03-15 16:24:11.520] [info] Core [1] Tile Stats | Issued: 123 Running: 0 Finished: 123
[2026-03-15 16:24:11.520] [info] cycle: [32000]
[2026-03-15 16:24:11.520] [info] Core [2] Tile Stats | Issued: 123 Running: 0 Finished: 123
[2026-03-15 16:24:11.520] [info] cycle: [32000]
[2026-03-15 16:24:11.520] [info] Tile  status /blocks.10/Constant_9, instructions left 1
[2026-03-15 16:24:11.520] [info] Core [3] Tile Stats | Issued: 123 Running: 1 Finished: 122
[2026-03-15 16:24:11.520] [info] cycle: [32000]
[2026-03-15 16:24:11.520] [info] Layer /blocks.10/Constant_9 finish at 32002
[2026-03-15 16:24:11.520] [info] Total compute time 18
[2026-03-15 16:24:11.520] [info] executable layer count 521
[2026-03-15 16:24:11.520] [info] Start layer /blocks.10/Constant_10
[2026-03-15 16:24:11.522] [info] Layer /blocks.10/Constant_10 finish at 32021
[2026-03-15 16:24:11.522] [info] Total compute time 19
[2026-03-15 16:24:11.522] [info] executable layer count 520
[2026-03-15 16:24:11.522] [info] Start layer /blocks.10/Constant_11
[2026-03-15 16:24:11.524] [info] Layer /blocks.10/Constant_11 finish at 32040
[2026-03-15 16:24:11.524] [info] Total compute time 19
[2026-03-15 16:24:11.524] [info] executable layer count 519
[2026-03-15 16:24:11.524] [info] Start layer /blocks.10/Constant_12
[2026-03-15 16:24:11.525] [info] Layer /blocks.10/Constant_12 finish at 32059
[2026-03-15 16:24:11.525] [info] Total compute time 19
[2026-03-15 16:24:11.525] [info] executable layer count 518
[2026-03-15 16:24:11.525] [info] Start layer /blocks.10/Constant_13
[2026-03-15 16:24:11.528] [info] Layer /blocks.10/Constant_13 finish at 32077
[2026-03-15 16:24:11.528] [info] Total compute time 18
[2026-03-15 16:24:11.528] [info] executable layer count 517
[2026-03-15 16:24:11.528] [info] Start layer /blocks.10/Constant_14
[2026-03-15 16:24:11.530] [info] Layer /blocks.10/Constant_14 finish at 32096
[2026-03-15 16:24:11.530] [info] Total compute time 19
[2026-03-15 16:24:11.530] [info] executable layer count 516
[2026-03-15 16:24:11.530] [info] Start layer /blocks.10/Constant_15
[2026-03-15 16:24:11.531] [info] Layer /blocks.10/Constant_15 finish at 32115
[2026-03-15 16:24:11.531] [info] Total compute time 19
[2026-03-15 16:24:11.531] [info] executable layer count 515
[2026-03-15 16:24:11.531] [info] Start layer /blocks.10/Constant_16
[2026-03-15 16:24:11.533] [info] Layer /blocks.10/Constant_16 finish at 32134
[2026-03-15 16:24:11.533] [info] Total compute time 19
[2026-03-15 16:24:11.533] [info] executable layer count 514
[2026-03-15 16:24:11.533] [info] Start layer /blocks.10/Constant_17
[2026-03-15 16:24:11.535] [info] Layer /blocks.10/Constant_17 finish at 32152
[2026-03-15 16:24:11.535] [info] Total compute time 18
[2026-03-15 16:24:11.535] [info] executable layer count 513
[2026-03-15 16:24:11.535] [info] Start layer /blocks.10/Constant_18
[2026-03-15 16:24:11.537] [info] Layer /blocks.10/Constant_18 finish at 32171
[2026-03-15 16:24:11.537] [info] Total compute time 19
[2026-03-15 16:24:11.537] [info] executable layer count 512
[2026-03-15 16:24:11.537] [info] Start layer /blocks.10/Constant_19
[2026-03-15 16:24:11.538] [info] Layer /blocks.10/Constant_19 finish at 32190
[2026-03-15 16:24:11.538] [info] Total compute time 19
[2026-03-15 16:24:11.538] [info] executable layer count 511
[2026-03-15 16:24:11.538] [info] Start layer /blocks.10/Constant_20
[2026-03-15 16:24:11.540] [info] Layer /blocks.10/Constant_20 finish at 32209
[2026-03-15 16:24:11.540] [info] Total compute time 19
[2026-03-15 16:24:11.540] [info] executable layer count 510
[2026-03-15 16:24:11.540] [info] Start layer /blocks.10/Constant_21
[2026-03-15 16:24:11.542] [info] Layer /blocks.10/Constant_21 finish at 32227
[2026-03-15 16:24:11.542] [info] Total compute time 18
[2026-03-15 16:24:11.542] [info] executable layer count 509
[2026-03-15 16:24:11.542] [info] Start layer /blocks.10/Constant_22
[2026-03-15 16:24:11.543] [info] Layer /blocks.10/Constant_22 finish at 32246
[2026-03-15 16:24:11.543] [info] Total compute time 19
[2026-03-15 16:24:11.543] [info] executable layer count 508
[2026-03-15 16:24:11.543] [info] Start layer /blocks.10/Constant_23
[2026-03-15 16:24:11.545] [info] Layer /blocks.10/Constant_23 finish at 32265
[2026-03-15 16:24:11.545] [info] Total compute time 19
[2026-03-15 16:24:11.545] [info] executable layer count 507
[2026-03-15 16:24:11.545] [info] Start layer /blocks.10/Constant_24
[2026-03-15 16:24:11.546] [info] Layer /blocks.10/Constant_24 finish at 32284
[2026-03-15 16:24:11.546] [info] Total compute time 19
[2026-03-15 16:24:11.547] [info] executable layer count 506
[2026-03-15 16:24:11.547] [info] Start layer /blocks.10/Constant_25
[2026-03-15 16:24:11.548] [info] Layer /blocks.10/Constant_25 finish at 32302
[2026-03-15 16:24:11.548] [info] Total compute time 18
[2026-03-15 16:24:11.548] [info] executable layer count 505
[2026-03-15 16:24:11.548] [info] Start layer /blocks.10/Constant_26
[2026-03-15 16:24:11.549] [info] Layer /blocks.10/Constant_26 finish at 32321
[2026-03-15 16:24:11.549] [info] Total compute time 19
[2026-03-15 16:24:11.549] [info] executable layer count 504
[2026-03-15 16:24:11.549] [info] Start layer /blocks.10/Constant_27
[2026-03-15 16:24:11.551] [info] Layer /blocks.10/Constant_27 finish at 32340
[2026-03-15 16:24:11.551] [info] Total compute time 19
[2026-03-15 16:24:11.551] [info] executable layer count 503
[2026-03-15 16:24:11.551] [info] Start layer /blocks.10/Constant_28
[2026-03-15 16:24:11.552] [info] Layer /blocks.10/Constant_28 finish at 32359
[2026-03-15 16:24:11.552] [info] Total compute time 19
[2026-03-15 16:24:11.552] [info] executable layer count 502
[2026-03-15 16:24:11.552] [info] Start layer /blocks.10/Constant_29
[2026-03-15 16:24:11.554] [info] Layer /blocks.10/Constant_29 finish at 32377
[2026-03-15 16:24:11.554] [info] Total compute time 18
[2026-03-15 16:24:11.554] [info] executable layer count 501
[2026-03-15 16:24:11.554] [info] Start layer /Constant_9
[2026-03-15 16:24:11.555] [info] Layer /Constant_9 finish at 32396
[2026-03-15 16:24:11.555] [info] Total compute time 19
[2026-03-15 16:24:11.555] [info] executable layer count 502
[2026-03-15 16:24:11.555] [info] Start layer /blocks.11/Constant
[2026-03-15 16:24:11.556] [info] Layer /blocks.11/Constant finish at 32415
[2026-03-15 16:24:11.556] [info] Total compute time 19
[2026-03-15 16:24:11.556] [info] executable layer count 501
[2026-03-15 16:24:11.556] [info] Start layer /blocks.11/Constant_1
[2026-03-15 16:24:11.558] [info] Layer /blocks.11/Constant_1 finish at 32434
[2026-03-15 16:24:11.558] [info] Total compute time 19
[2026-03-15 16:24:11.558] [info] executable layer count 500
[2026-03-15 16:24:11.558] [info] Start layer /blocks.11/Constant_2
[2026-03-15 16:24:11.559] [info] Layer /blocks.11/Constant_2 finish at 32452
[2026-03-15 16:24:11.559] [info] Total compute time 18
[2026-03-15 16:24:11.559] [info] executable layer count 499
[2026-03-15 16:24:11.559] [info] Start layer /blocks.11/Constant_3
[2026-03-15 16:24:11.560] [info] Layer /blocks.11/Constant_3 finish at 32471
[2026-03-15 16:24:11.560] [info] Total compute time 19
[2026-03-15 16:24:11.560] [info] executable layer count 498
[2026-03-15 16:24:11.560] [info] Start layer /blocks.11/Constant_4
[2026-03-15 16:24:11.561] [info] Layer /blocks.11/Constant_4 finish at 32490
[2026-03-15 16:24:11.561] [info] Total compute time 19
[2026-03-15 16:24:11.561] [info] executable layer count 497
[2026-03-15 16:24:11.561] [info] Start layer /blocks.11/Constant_5
[2026-03-15 16:24:11.563] [info] Layer /blocks.11/Constant_5 finish at 32509
[2026-03-15 16:24:11.563] [info] Total compute time 19
[2026-03-15 16:24:11.563] [info] executable layer count 496
[2026-03-15 16:24:11.563] [info] Start layer /blocks.11/Constant_6
[2026-03-15 16:24:11.565] [info] Layer /blocks.11/Constant_6 finish at 32527
[2026-03-15 16:24:11.565] [info] Total compute time 18
[2026-03-15 16:24:11.565] [info] executable layer count 495
[2026-03-15 16:24:11.565] [info] Start layer /blocks.11/Constant_7
[2026-03-15 16:24:11.566] [info] Layer /blocks.11/Constant_7 finish at 32546
[2026-03-15 16:24:11.566] [info] Total compute time 19
[2026-03-15 16:24:11.566] [info] executable layer count 494
[2026-03-15 16:24:11.566] [info] Start layer /blocks.11/Constant_8
[2026-03-15 16:24:11.568] [info] Layer /blocks.11/Constant_8 finish at 32565
[2026-03-15 16:24:11.568] [info] Total compute time 19
[2026-03-15 16:24:11.568] [info] executable layer count 493
[2026-03-15 16:24:11.568] [info] Start layer /blocks.11/Constant_9
[2026-03-15 16:24:11.570] [info] Layer /blocks.11/Constant_9 finish at 32584
[2026-03-15 16:24:11.570] [info] Total compute time 19
[2026-03-15 16:24:11.570] [info] executable layer count 492
[2026-03-15 16:24:11.570] [info] Start layer /blocks.11/Constant_10
[2026-03-15 16:24:11.572] [info] Layer /blocks.11/Constant_10 finish at 32602
[2026-03-15 16:24:11.572] [info] Total compute time 18
[2026-03-15 16:24:11.572] [info] executable layer count 491
[2026-03-15 16:24:11.572] [info] Start layer /blocks.11/Constant_11
[2026-03-15 16:24:11.574] [info] Layer /blocks.11/Constant_11 finish at 32621
[2026-03-15 16:24:11.574] [info] Total compute time 19
[2026-03-15 16:24:11.574] [info] executable layer count 490
[2026-03-15 16:24:11.574] [info] Start layer /blocks.11/Constant_12
[2026-03-15 16:24:11.575] [info] Layer /blocks.11/Constant_12 finish at 32640
[2026-03-15 16:24:11.575] [info] Total compute time 19
[2026-03-15 16:24:11.575] [info] executable layer count 489
[2026-03-15 16:24:11.575] [info] Start layer /blocks.11/Constant_13
[2026-03-15 16:24:11.577] [info] Layer /blocks.11/Constant_13 finish at 32659
[2026-03-15 16:24:11.577] [info] Total compute time 19
[2026-03-15 16:24:11.577] [info] executable layer count 488
[2026-03-15 16:24:11.577] [info] Start layer /blocks.11/Constant_14
[2026-03-15 16:24:11.578] [info] Layer /blocks.11/Constant_14 finish at 32677
[2026-03-15 16:24:11.578] [info] Total compute time 18
[2026-03-15 16:24:11.578] [info] executable layer count 487
[2026-03-15 16:24:11.578] [info] Start layer /blocks.11/Constant_15
[2026-03-15 16:24:11.579] [info] Layer /blocks.11/Constant_15 finish at 32696
[2026-03-15 16:24:11.579] [info] Total compute time 19
[2026-03-15 16:24:11.579] [info] executable layer count 486
[2026-03-15 16:24:11.579] [info] Start layer /blocks.11/Constant_16
[2026-03-15 16:24:11.581] [info] Layer /blocks.11/Constant_16 finish at 32715
[2026-03-15 16:24:11.581] [info] Total compute time 19
[2026-03-15 16:24:11.581] [info] executable layer count 485
[2026-03-15 16:24:11.581] [info] Start layer /blocks.11/Constant_17
[2026-03-15 16:24:11.582] [info] Layer /blocks.11/Constant_17 finish at 32734
[2026-03-15 16:24:11.582] [info] Total compute time 19
[2026-03-15 16:24:11.582] [info] executable layer count 484
[2026-03-15 16:24:11.582] [info] Start layer /blocks.11/Constant_18
[2026-03-15 16:24:11.583] [info] Layer /blocks.11/Constant_18 finish at 32752
[2026-03-15 16:24:11.583] [info] Total compute time 18
[2026-03-15 16:24:11.583] [info] executable layer count 483
[2026-03-15 16:24:11.583] [info] Start layer /blocks.11/Constant_19
[2026-03-15 16:24:11.584] [info] Layer /blocks.11/Constant_19 finish at 32771
[2026-03-15 16:24:11.584] [info] Total compute time 19
[2026-03-15 16:24:11.584] [info] executable layer count 482
[2026-03-15 16:24:11.584] [info] Start layer /blocks.11/Constant_20
[2026-03-15 16:24:11.586] [info] Layer /blocks.11/Constant_20 finish at 32790
[2026-03-15 16:24:11.586] [info] Total compute time 19
[2026-03-15 16:24:11.586] [info] executable layer count 481
[2026-03-15 16:24:11.586] [info] Start layer /blocks.11/Constant_21
[2026-03-15 16:24:11.588] [info] Layer /blocks.11/Constant_21 finish at 32809
[2026-03-15 16:24:11.588] [info] Total compute time 19
[2026-03-15 16:24:11.588] [info] executable layer count 480
[2026-03-15 16:24:11.588] [info] Start layer /blocks.11/Constant_22
[2026-03-15 16:24:11.589] [info] Layer /blocks.11/Constant_22 finish at 32827
[2026-03-15 16:24:11.589] [info] Total compute time 18
[2026-03-15 16:24:11.589] [info] executable layer count 479
[2026-03-15 16:24:11.589] [info] Start layer /blocks.11/Constant_23
[2026-03-15 16:24:11.590] [info] Layer /blocks.11/Constant_23 finish at 32846
[2026-03-15 16:24:11.590] [info] Total compute time 19
[2026-03-15 16:24:11.590] [info] executable layer count 478
[2026-03-15 16:24:11.590] [info] Start layer /blocks.11/Constant_24
[2026-03-15 16:24:11.591] [info] Layer /blocks.11/Constant_24 finish at 32865
[2026-03-15 16:24:11.591] [info] Total compute time 19
[2026-03-15 16:24:11.591] [info] executable layer count 477
[2026-03-15 16:24:11.591] [info] Start layer /blocks.11/Constant_25
[2026-03-15 16:24:11.592] [info] Layer /blocks.11/Constant_25 finish at 32884
[2026-03-15 16:24:11.592] [info] Total compute time 19
[2026-03-15 16:24:11.592] [info] executable layer count 476
[2026-03-15 16:24:11.592] [info] Start layer /blocks.11/Constant_26
[2026-03-15 16:24:11.594] [info] Layer /blocks.11/Constant_26 finish at 32902
[2026-03-15 16:24:11.594] [info] Total compute time 18
[2026-03-15 16:24:11.594] [info] executable layer count 475
[2026-03-15 16:24:11.594] [info] Start layer /blocks.11/Constant_27
[2026-03-15 16:24:11.595] [info] Layer /blocks.11/Constant_27 finish at 32921
[2026-03-15 16:24:11.595] [info] Total compute time 19
[2026-03-15 16:24:11.595] [info] executable layer count 474
[2026-03-15 16:24:11.595] [info] Start layer /blocks.11/Constant_28
[2026-03-15 16:24:11.596] [info] Layer /blocks.11/Constant_28 finish at 32941
[2026-03-15 16:24:11.596] [info] Total compute time 20
[2026-03-15 16:24:11.596] [info] executable layer count 473
[2026-03-15 16:24:11.596] [info] Start layer /blocks.11/Constant_29
[2026-03-15 16:24:11.597] [info] Layer /blocks.11/Constant_29 finish at 32960
[2026-03-15 16:24:11.597] [info] Total compute time 19
[2026-03-15 16:24:11.597] [info] executable layer count 472
[2026-03-15 16:24:11.597] [info] Start layer /Constant_10
[2026-03-15 16:24:11.599] [info] Layer /Constant_10 finish at 32978
[2026-03-15 16:24:11.599] [info] Total compute time 18
[2026-03-15 16:24:11.599] [info] executable layer count 473
[2026-03-15 16:24:11.599] [info] Start layer /blocks.12/Constant
[2026-03-15 16:24:11.600] [info] Layer /blocks.12/Constant finish at 32997
[2026-03-15 16:24:11.600] [info] Total compute time 19
[2026-03-15 16:24:11.600] [info] executable layer count 472
[2026-03-15 16:24:11.600] [info] Start layer /blocks.12/Constant_1
[2026-03-15 16:24:11.601] [info] Layer /blocks.12/Constant_1 finish at 33016
[2026-03-15 16:24:11.601] [info] Total compute time 19
[2026-03-15 16:24:11.601] [info] executable layer count 471
[2026-03-15 16:24:11.601] [info] Start layer /blocks.12/Constant_2
[2026-03-15 16:24:11.602] [info] Layer /blocks.12/Constant_2 finish at 33035
[2026-03-15 16:24:11.602] [info] Total compute time 19
[2026-03-15 16:24:11.602] [info] executable layer count 470
[2026-03-15 16:24:11.602] [info] Start layer /blocks.12/Constant_3
[2026-03-15 16:24:11.603] [info] Layer /blocks.12/Constant_3 finish at 33053
[2026-03-15 16:24:11.603] [info] Total compute time 18
[2026-03-15 16:24:11.603] [info] executable layer count 469
[2026-03-15 16:24:11.603] [info] Start layer /blocks.12/Constant_4
[2026-03-15 16:24:11.605] [info] Layer /blocks.12/Constant_4 finish at 33072
[2026-03-15 16:24:11.605] [info] Total compute time 19
[2026-03-15 16:24:11.605] [info] executable layer count 468
[2026-03-15 16:24:11.605] [info] Start layer /blocks.12/Constant_5
[2026-03-15 16:24:11.606] [info] Layer /blocks.12/Constant_5 finish at 33091
[2026-03-15 16:24:11.606] [info] Total compute time 19
[2026-03-15 16:24:11.606] [info] executable layer count 467
[2026-03-15 16:24:11.606] [info] Start layer /blocks.12/Constant_6
[2026-03-15 16:24:11.607] [info] Layer /blocks.12/Constant_6 finish at 33110
[2026-03-15 16:24:11.607] [info] Total compute time 19
[2026-03-15 16:24:11.607] [info] executable layer count 466
[2026-03-15 16:24:11.607] [info] Start layer /blocks.12/Constant_7
[2026-03-15 16:24:11.608] [info] Layer /blocks.12/Constant_7 finish at 33128
[2026-03-15 16:24:11.608] [info] Total compute time 18
[2026-03-15 16:24:11.608] [info] executable layer count 465
[2026-03-15 16:24:11.608] [info] Start layer /blocks.12/Constant_8
[2026-03-15 16:24:11.609] [info] Layer /blocks.12/Constant_8 finish at 33147
[2026-03-15 16:24:11.609] [info] Total compute time 19
[2026-03-15 16:24:11.609] [info] executable layer count 464
[2026-03-15 16:24:11.609] [info] Start layer /blocks.12/Constant_9
[2026-03-15 16:24:11.611] [info] Layer /blocks.12/Constant_9 finish at 33166
[2026-03-15 16:24:11.611] [info] Total compute time 19
[2026-03-15 16:24:11.611] [info] executable layer count 463
[2026-03-15 16:24:11.611] [info] Start layer /blocks.12/Constant_10
[2026-03-15 16:24:11.612] [info] Layer /blocks.12/Constant_10 finish at 33185
[2026-03-15 16:24:11.612] [info] Total compute time 19
[2026-03-15 16:24:11.612] [info] executable layer count 462
[2026-03-15 16:24:11.612] [info] Start layer /blocks.12/Constant_11
[2026-03-15 16:24:11.613] [info] Layer /blocks.12/Constant_11 finish at 33203
[2026-03-15 16:24:11.613] [info] Total compute time 18
[2026-03-15 16:24:11.613] [info] executable layer count 461
[2026-03-15 16:24:11.613] [info] Start layer /blocks.12/Constant_12
[2026-03-15 16:24:11.614] [info] Layer /blocks.12/Constant_12 finish at 33222
[2026-03-15 16:24:11.614] [info] Total compute time 19
[2026-03-15 16:24:11.614] [info] executable layer count 460
[2026-03-15 16:24:11.614] [info] Start layer /blocks.12/Constant_13
[2026-03-15 16:24:11.615] [info] Layer /blocks.12/Constant_13 finish at 33241
[2026-03-15 16:24:11.615] [info] Total compute time 19
[2026-03-15 16:24:11.615] [info] executable layer count 459
[2026-03-15 16:24:11.615] [info] Start layer /blocks.12/Constant_14
[2026-03-15 16:24:11.617] [info] Layer /blocks.12/Constant_14 finish at 33260
[2026-03-15 16:24:11.617] [info] Total compute time 19
[2026-03-15 16:24:11.617] [info] executable layer count 458
[2026-03-15 16:24:11.617] [info] Start layer /blocks.12/Constant_15
[2026-03-15 16:24:11.618] [info] Layer /blocks.12/Constant_15 finish at 33278
[2026-03-15 16:24:11.618] [info] Total compute time 18
[2026-03-15 16:24:11.618] [info] executable layer count 457
[2026-03-15 16:24:11.618] [info] Start layer /blocks.12/Constant_16
[2026-03-15 16:24:11.619] [info] Layer /blocks.12/Constant_16 finish at 33297
[2026-03-15 16:24:11.619] [info] Total compute time 19
[2026-03-15 16:24:11.619] [info] executable layer count 456
[2026-03-15 16:24:11.619] [info] Start layer /blocks.12/Constant_17
[2026-03-15 16:24:11.620] [info] Layer /blocks.12/Constant_17 finish at 33316
[2026-03-15 16:24:11.620] [info] Total compute time 19
[2026-03-15 16:24:11.620] [info] executable layer count 455
[2026-03-15 16:24:11.620] [info] Start layer /blocks.12/Constant_18
[2026-03-15 16:24:11.621] [info] Layer /blocks.12/Constant_18 finish at 33335
[2026-03-15 16:24:11.621] [info] Total compute time 19
[2026-03-15 16:24:11.621] [info] executable layer count 454
[2026-03-15 16:24:11.621] [info] Start layer /blocks.12/Constant_19
[2026-03-15 16:24:11.623] [info] Layer /blocks.12/Constant_19 finish at 33353
[2026-03-15 16:24:11.623] [info] Total compute time 18
[2026-03-15 16:24:11.623] [info] executable layer count 453
[2026-03-15 16:24:11.623] [info] Start layer /blocks.12/Constant_20
[2026-03-15 16:24:11.624] [info] Layer /blocks.12/Constant_20 finish at 33372
[2026-03-15 16:24:11.624] [info] Total compute time 19
[2026-03-15 16:24:11.624] [info] executable layer count 452
[2026-03-15 16:24:11.624] [info] Start layer /blocks.12/Constant_21
[2026-03-15 16:24:11.625] [info] Layer /blocks.12/Constant_21 finish at 33391
[2026-03-15 16:24:11.625] [info] Total compute time 19
[2026-03-15 16:24:11.625] [info] executable layer count 451
[2026-03-15 16:24:11.625] [info] Start layer /blocks.12/Constant_22
[2026-03-15 16:24:11.626] [info] Layer /blocks.12/Constant_22 finish at 33410
[2026-03-15 16:24:11.626] [info] Total compute time 19
[2026-03-15 16:24:11.626] [info] executable layer count 450
[2026-03-15 16:24:11.626] [info] Start layer /blocks.12/Constant_23
[2026-03-15 16:24:11.627] [info] Layer /blocks.12/Constant_23 finish at 33428
[2026-03-15 16:24:11.627] [info] Total compute time 18
[2026-03-15 16:24:11.627] [info] executable layer count 449
[2026-03-15 16:24:11.627] [info] Start layer /blocks.12/Constant_24
[2026-03-15 16:24:11.629] [info] Layer /blocks.12/Constant_24 finish at 33447
[2026-03-15 16:24:11.629] [info] Total compute time 19
[2026-03-15 16:24:11.629] [info] executable layer count 448
[2026-03-15 16:24:11.629] [info] Start layer /blocks.12/Constant_25
[2026-03-15 16:24:11.630] [info] Layer /blocks.12/Constant_25 finish at 33466
[2026-03-15 16:24:11.630] [info] Total compute time 19
[2026-03-15 16:24:11.630] [info] executable layer count 447
[2026-03-15 16:24:11.630] [info] Start layer /blocks.12/Constant_26
[2026-03-15 16:24:11.631] [info] Layer /blocks.12/Constant_26 finish at 33485
[2026-03-15 16:24:11.631] [info] Total compute time 19
[2026-03-15 16:24:11.631] [info] executable layer count 446
[2026-03-15 16:24:11.631] [info] Start layer /blocks.12/Constant_27
[2026-03-15 16:24:11.632] [info] Layer /blocks.12/Constant_27 finish at 33503
[2026-03-15 16:24:11.632] [info] Total compute time 18
[2026-03-15 16:24:11.632] [info] executable layer count 445
[2026-03-15 16:24:11.632] [info] Start layer /blocks.12/Constant_28
[2026-03-15 16:24:11.633] [info] Layer /blocks.12/Constant_28 finish at 33522
[2026-03-15 16:24:11.633] [info] Total compute time 19
[2026-03-15 16:24:11.633] [info] executable layer count 444
[2026-03-15 16:24:11.633] [info] Start layer /blocks.12/Constant_29
[2026-03-15 16:24:11.634] [info] Layer /blocks.12/Constant_29 finish at 33541
[2026-03-15 16:24:11.634] [info] Total compute time 19
[2026-03-15 16:24:11.634] [info] executable layer count 443
[2026-03-15 16:24:11.634] [info] Start layer /Constant_11
[2026-03-15 16:24:11.636] [info] Layer /Constant_11 finish at 33560
[2026-03-15 16:24:11.636] [info] Total compute time 19
[2026-03-15 16:24:11.636] [info] executable layer count 444
[2026-03-15 16:24:11.636] [info] Start layer /blocks.13/Constant
[2026-03-15 16:24:11.637] [info] Layer /blocks.13/Constant finish at 33578
[2026-03-15 16:24:11.637] [info] Total compute time 18
[2026-03-15 16:24:11.637] [info] executable layer count 443
[2026-03-15 16:24:11.637] [info] Start layer /blocks.13/Constant_1
[2026-03-15 16:24:11.638] [info] Layer /blocks.13/Constant_1 finish at 33597
[2026-03-15 16:24:11.638] [info] Total compute time 19
[2026-03-15 16:24:11.638] [info] executable layer count 442
[2026-03-15 16:24:11.638] [info] Start layer /blocks.13/Constant_2
[2026-03-15 16:24:11.639] [info] Layer /blocks.13/Constant_2 finish at 33616
[2026-03-15 16:24:11.639] [info] Total compute time 19
[2026-03-15 16:24:11.639] [info] executable layer count 441
[2026-03-15 16:24:11.639] [info] Start layer /blocks.13/Constant_3
[2026-03-15 16:24:11.640] [info] Layer /blocks.13/Constant_3 finish at 33635
[2026-03-15 16:24:11.640] [info] Total compute time 19
[2026-03-15 16:24:11.640] [info] executable layer count 440
[2026-03-15 16:24:11.640] [info] Start layer /blocks.13/Constant_4
[2026-03-15 16:24:11.642] [info] Layer /blocks.13/Constant_4 finish at 33653
[2026-03-15 16:24:11.642] [info] Total compute time 18
[2026-03-15 16:24:11.642] [info] executable layer count 439
[2026-03-15 16:24:11.642] [info] Start layer /blocks.13/Constant_5
[2026-03-15 16:24:11.643] [info] Layer /blocks.13/Constant_5 finish at 33672
[2026-03-15 16:24:11.643] [info] Total compute time 19
[2026-03-15 16:24:11.643] [info] executable layer count 438
[2026-03-15 16:24:11.643] [info] Start layer /blocks.13/Constant_6
[2026-03-15 16:24:11.644] [info] Layer /blocks.13/Constant_6 finish at 33691
[2026-03-15 16:24:11.644] [info] Total compute time 19
[2026-03-15 16:24:11.644] [info] executable layer count 437
[2026-03-15 16:24:11.644] [info] Start layer /blocks.13/Constant_7
[2026-03-15 16:24:11.645] [info] Layer /blocks.13/Constant_7 finish at 33710
[2026-03-15 16:24:11.645] [info] Total compute time 19
[2026-03-15 16:24:11.645] [info] executable layer count 436
[2026-03-15 16:24:11.645] [info] Start layer /blocks.13/Constant_8
[2026-03-15 16:24:11.647] [info] Layer /blocks.13/Constant_8 finish at 33728
[2026-03-15 16:24:11.647] [info] Total compute time 18
[2026-03-15 16:24:11.647] [info] executable layer count 435
[2026-03-15 16:24:11.647] [info] Start layer /blocks.13/Constant_9
[2026-03-15 16:24:11.648] [info] Layer /blocks.13/Constant_9 finish at 33747
[2026-03-15 16:24:11.648] [info] Total compute time 19
[2026-03-15 16:24:11.648] [info] executable layer count 434
[2026-03-15 16:24:11.648] [info] Start layer /blocks.13/Constant_10
[2026-03-15 16:24:11.649] [info] Layer /blocks.13/Constant_10 finish at 33766
[2026-03-15 16:24:11.649] [info] Total compute time 19
[2026-03-15 16:24:11.649] [info] executable layer count 433
[2026-03-15 16:24:11.649] [info] Start layer /blocks.13/Constant_11
[2026-03-15 16:24:11.650] [info] Layer /blocks.13/Constant_11 finish at 33785
[2026-03-15 16:24:11.650] [info] Total compute time 19
[2026-03-15 16:24:11.650] [info] executable layer count 432
[2026-03-15 16:24:11.650] [info] Start layer /blocks.13/Constant_12
[2026-03-15 16:24:11.651] [info] Layer /blocks.13/Constant_12 finish at 33803
[2026-03-15 16:24:11.651] [info] Total compute time 18
[2026-03-15 16:24:11.651] [info] executable layer count 431
[2026-03-15 16:24:11.651] [info] Start layer /blocks.13/Constant_13
[2026-03-15 16:24:11.652] [info] Layer /blocks.13/Constant_13 finish at 33822
[2026-03-15 16:24:11.652] [info] Total compute time 19
[2026-03-15 16:24:11.653] [info] executable layer count 430
[2026-03-15 16:24:11.653] [info] Start layer /blocks.13/Constant_14
[2026-03-15 16:24:11.654] [info] Layer /blocks.13/Constant_14 finish at 33841
[2026-03-15 16:24:11.654] [info] Total compute time 19
[2026-03-15 16:24:11.654] [info] executable layer count 429
[2026-03-15 16:24:11.654] [info] Start layer /blocks.13/Constant_15
[2026-03-15 16:24:11.655] [info] Layer /blocks.13/Constant_15 finish at 33860
[2026-03-15 16:24:11.655] [info] Total compute time 19
[2026-03-15 16:24:11.655] [info] executable layer count 428
[2026-03-15 16:24:11.655] [info] Start layer /blocks.13/Constant_16
[2026-03-15 16:24:11.656] [info] Layer /blocks.13/Constant_16 finish at 33878
[2026-03-15 16:24:11.656] [info] Total compute time 18
[2026-03-15 16:24:11.656] [info] executable layer count 427
[2026-03-15 16:24:11.656] [info] Start layer /blocks.13/Constant_17
[2026-03-15 16:24:11.657] [info] Layer /blocks.13/Constant_17 finish at 33897
[2026-03-15 16:24:11.657] [info] Total compute time 19
[2026-03-15 16:24:11.657] [info] executable layer count 426
[2026-03-15 16:24:11.657] [info] Start layer /blocks.13/Constant_18
[2026-03-15 16:24:11.658] [info] Layer /blocks.13/Constant_18 finish at 33917
[2026-03-15 16:24:11.658] [info] Total compute time 20
[2026-03-15 16:24:11.659] [info] executable layer count 425
[2026-03-15 16:24:11.659] [info] Start layer /blocks.13/Constant_19
[2026-03-15 16:24:11.660] [info] Layer /blocks.13/Constant_19 finish at 33936
[2026-03-15 16:24:11.660] [info] Total compute time 19
[2026-03-15 16:24:11.660] [info] executable layer count 424
[2026-03-15 16:24:11.660] [info] Start layer /blocks.13/Constant_20
[2026-03-15 16:24:11.661] [info] Layer /blocks.13/Constant_20 finish at 33954
[2026-03-15 16:24:11.661] [info] Total compute time 18
[2026-03-15 16:24:11.661] [info] executable layer count 423
[2026-03-15 16:24:11.661] [info] Start layer /blocks.13/Constant_21
[2026-03-15 16:24:11.662] [info] Layer /blocks.13/Constant_21 finish at 33973
[2026-03-15 16:24:11.662] [info] Total compute time 19
[2026-03-15 16:24:11.662] [info] executable layer count 422
[2026-03-15 16:24:11.662] [info] Start layer /blocks.13/Constant_22
[2026-03-15 16:24:11.663] [info] Layer /blocks.13/Constant_22 finish at 33992
[2026-03-15 16:24:11.663] [info] Total compute time 19
[2026-03-15 16:24:11.663] [info] executable layer count 421
[2026-03-15 16:24:11.663] [info] Start layer /blocks.13/Constant_23
[2026-03-15 16:24:11.664] [info] Layer /blocks.13/Constant_23 finish at 34011
[2026-03-15 16:24:11.664] [info] Total compute time 19
[2026-03-15 16:24:11.664] [info] executable layer count 420
[2026-03-15 16:24:11.664] [info] Start layer /blocks.13/Constant_24
[2026-03-15 16:24:11.666] [info] Layer /blocks.13/Constant_24 finish at 34029
[2026-03-15 16:24:11.666] [info] Total compute time 18
[2026-03-15 16:24:11.666] [info] executable layer count 419
[2026-03-15 16:24:11.666] [info] Start layer /blocks.13/Constant_25
[2026-03-15 16:24:11.667] [info] Layer /blocks.13/Constant_25 finish at 34048
[2026-03-15 16:24:11.667] [info] Total compute time 19
[2026-03-15 16:24:11.667] [info] executable layer count 418
[2026-03-15 16:24:11.667] [info] Start layer /blocks.13/Constant_26
[2026-03-15 16:24:11.669] [info] Layer /blocks.13/Constant_26 finish at 34067
[2026-03-15 16:24:11.669] [info] Total compute time 19
[2026-03-15 16:24:11.669] [info] executable layer count 417
[2026-03-15 16:24:11.669] [info] Start layer /blocks.13/Constant_27
[2026-03-15 16:24:11.670] [info] Layer /blocks.13/Constant_27 finish at 34086
[2026-03-15 16:24:11.670] [info] Total compute time 19
[2026-03-15 16:24:11.670] [info] executable layer count 416
[2026-03-15 16:24:11.670] [info] Start layer /blocks.13/Constant_28
[2026-03-15 16:24:11.672] [info] Layer /blocks.13/Constant_28 finish at 34104
[2026-03-15 16:24:11.672] [info] Total compute time 18
[2026-03-15 16:24:11.672] [info] executable layer count 415
[2026-03-15 16:24:11.672] [info] Start layer /blocks.13/Constant_29
[2026-03-15 16:24:11.673] [info] Layer /blocks.13/Constant_29 finish at 34123
[2026-03-15 16:24:11.673] [info] Total compute time 19
[2026-03-15 16:24:11.673] [info] executable layer count 414
[2026-03-15 16:24:11.673] [info] Start layer /Constant_12
[2026-03-15 16:24:11.674] [info] Layer /Constant_12 finish at 34142
[2026-03-15 16:24:11.674] [info] Total compute time 19
[2026-03-15 16:24:11.674] [info] executable layer count 415
[2026-03-15 16:24:11.674] [info] Start layer /blocks.14/Constant
[2026-03-15 16:24:11.675] [info] Layer /blocks.14/Constant finish at 34161
[2026-03-15 16:24:11.675] [info] Total compute time 19
[2026-03-15 16:24:11.675] [info] executable layer count 414
[2026-03-15 16:24:11.675] [info] Start layer /blocks.14/Constant_1
[2026-03-15 16:24:11.676] [info] Layer /blocks.14/Constant_1 finish at 34179
[2026-03-15 16:24:11.676] [info] Total compute time 18
[2026-03-15 16:24:11.676] [info] executable layer count 413
[2026-03-15 16:24:11.676] [info] Start layer /blocks.14/Constant_2
[2026-03-15 16:24:11.678] [info] Layer /blocks.14/Constant_2 finish at 34198
[2026-03-15 16:24:11.678] [info] Total compute time 19
[2026-03-15 16:24:11.678] [info] executable layer count 412
[2026-03-15 16:24:11.678] [info] Start layer /blocks.14/Constant_3
[2026-03-15 16:24:11.679] [info] Layer /blocks.14/Constant_3 finish at 34217
[2026-03-15 16:24:11.679] [info] Total compute time 19
[2026-03-15 16:24:11.679] [info] executable layer count 411
[2026-03-15 16:24:11.679] [info] Start layer /blocks.14/Constant_4
[2026-03-15 16:24:11.680] [info] Layer /blocks.14/Constant_4 finish at 34236
[2026-03-15 16:24:11.680] [info] Total compute time 19
[2026-03-15 16:24:11.680] [info] executable layer count 410
[2026-03-15 16:24:11.680] [info] Start layer /blocks.14/Constant_5
[2026-03-15 16:24:11.681] [info] Layer /blocks.14/Constant_5 finish at 34254
[2026-03-15 16:24:11.681] [info] Total compute time 18
[2026-03-15 16:24:11.681] [info] executable layer count 409
[2026-03-15 16:24:11.681] [info] Start layer /blocks.14/Constant_6
[2026-03-15 16:24:11.683] [info] Layer /blocks.14/Constant_6 finish at 34273
[2026-03-15 16:24:11.683] [info] Total compute time 19
[2026-03-15 16:24:11.683] [info] executable layer count 408
[2026-03-15 16:24:11.683] [info] Start layer /blocks.14/Constant_7
[2026-03-15 16:24:11.684] [info] Layer /blocks.14/Constant_7 finish at 34292
[2026-03-15 16:24:11.684] [info] Total compute time 19
[2026-03-15 16:24:11.684] [info] executable layer count 407
[2026-03-15 16:24:11.684] [info] Start layer /blocks.14/Constant_8
[2026-03-15 16:24:11.685] [info] Layer /blocks.14/Constant_8 finish at 34311
[2026-03-15 16:24:11.685] [info] Total compute time 19
[2026-03-15 16:24:11.685] [info] executable layer count 406
[2026-03-15 16:24:11.685] [info] Start layer /blocks.14/Constant_9
[2026-03-15 16:24:11.686] [info] Layer /blocks.14/Constant_9 finish at 34329
[2026-03-15 16:24:11.686] [info] Total compute time 18
[2026-03-15 16:24:11.686] [info] executable layer count 405
[2026-03-15 16:24:11.686] [info] Start layer /blocks.14/Constant_10
[2026-03-15 16:24:11.687] [info] Layer /blocks.14/Constant_10 finish at 34348
[2026-03-15 16:24:11.687] [info] Total compute time 19
[2026-03-15 16:24:11.687] [info] executable layer count 404
[2026-03-15 16:24:11.687] [info] Start layer /blocks.14/Constant_11
[2026-03-15 16:24:11.688] [info] Layer /blocks.14/Constant_11 finish at 34367
[2026-03-15 16:24:11.688] [info] Total compute time 19
[2026-03-15 16:24:11.688] [info] executable layer count 403
[2026-03-15 16:24:11.688] [info] Start layer /blocks.14/Constant_12
[2026-03-15 16:24:11.690] [info] Layer /blocks.14/Constant_12 finish at 34386
[2026-03-15 16:24:11.690] [info] Total compute time 19
[2026-03-15 16:24:11.690] [info] executable layer count 402
[2026-03-15 16:24:11.690] [info] Start layer /blocks.14/Constant_13
[2026-03-15 16:24:11.691] [info] Layer /blocks.14/Constant_13 finish at 34404
[2026-03-15 16:24:11.691] [info] Total compute time 18
[2026-03-15 16:24:11.691] [info] executable layer count 401
[2026-03-15 16:24:11.691] [info] Start layer /blocks.14/Constant_14
[2026-03-15 16:24:11.692] [info] Layer /blocks.14/Constant_14 finish at 34423
[2026-03-15 16:24:11.692] [info] Total compute time 19
[2026-03-15 16:24:11.692] [info] executable layer count 400
[2026-03-15 16:24:11.692] [info] Start layer /blocks.14/Constant_15
[2026-03-15 16:24:11.694] [info] Layer /blocks.14/Constant_15 finish at 34442
[2026-03-15 16:24:11.694] [info] Total compute time 19
[2026-03-15 16:24:11.694] [info] executable layer count 399
[2026-03-15 16:24:11.694] [info] Start layer /blocks.14/Constant_16
[2026-03-15 16:24:11.695] [info] Layer /blocks.14/Constant_16 finish at 34462
[2026-03-15 16:24:11.695] [info] Total compute time 20
[2026-03-15 16:24:11.695] [info] executable layer count 398
[2026-03-15 16:24:11.695] [info] Start layer /blocks.14/Constant_17
[2026-03-15 16:24:11.696] [info] Layer /blocks.14/Constant_17 finish at 34480
[2026-03-15 16:24:11.696] [info] Total compute time 18
[2026-03-15 16:24:11.696] [info] executable layer count 397
[2026-03-15 16:24:11.696] [info] Start layer /blocks.14/Constant_18
[2026-03-15 16:24:11.697] [info] Layer /blocks.14/Constant_18 finish at 34499
[2026-03-15 16:24:11.697] [info] Total compute time 19
[2026-03-15 16:24:11.697] [info] executable layer count 396
[2026-03-15 16:24:11.697] [info] Start layer /blocks.14/Constant_19
[2026-03-15 16:24:11.698] [info] Layer /blocks.14/Constant_19 finish at 34518
[2026-03-15 16:24:11.698] [info] Total compute time 19
[2026-03-15 16:24:11.698] [info] executable layer count 395
[2026-03-15 16:24:11.698] [info] Start layer /blocks.14/Constant_20
[2026-03-15 16:24:11.700] [info] Layer /blocks.14/Constant_20 finish at 34537
[2026-03-15 16:24:11.700] [info] Total compute time 19
[2026-03-15 16:24:11.700] [info] executable layer count 394
[2026-03-15 16:24:11.700] [info] Start layer /blocks.14/Constant_21
[2026-03-15 16:24:11.701] [info] Layer /blocks.14/Constant_21 finish at 34555
[2026-03-15 16:24:11.701] [info] Total compute time 18
[2026-03-15 16:24:11.701] [info] executable layer count 393
[2026-03-15 16:24:11.701] [info] Start layer /blocks.14/Constant_22
[2026-03-15 16:24:11.702] [info] Layer /blocks.14/Constant_22 finish at 34574
[2026-03-15 16:24:11.702] [info] Total compute time 19
[2026-03-15 16:24:11.702] [info] executable layer count 392
[2026-03-15 16:24:11.702] [info] Start layer /blocks.14/Constant_23
[2026-03-15 16:24:11.703] [info] Layer /blocks.14/Constant_23 finish at 34593
[2026-03-15 16:24:11.703] [info] Total compute time 19
[2026-03-15 16:24:11.703] [info] executable layer count 391
[2026-03-15 16:24:11.703] [info] Start layer /blocks.14/Constant_24
[2026-03-15 16:24:11.705] [info] Layer /blocks.14/Constant_24 finish at 34612
[2026-03-15 16:24:11.705] [info] Total compute time 19
[2026-03-15 16:24:11.705] [info] executable layer count 390
[2026-03-15 16:24:11.705] [info] Start layer /blocks.14/Constant_25
[2026-03-15 16:24:11.706] [info] Layer /blocks.14/Constant_25 finish at 34630
[2026-03-15 16:24:11.706] [info] Total compute time 18
[2026-03-15 16:24:11.706] [info] executable layer count 389
[2026-03-15 16:24:11.706] [info] Start layer /blocks.14/Constant_26
[2026-03-15 16:24:11.707] [info] Layer /blocks.14/Constant_26 finish at 34649
[2026-03-15 16:24:11.707] [info] Total compute time 19
[2026-03-15 16:24:11.707] [info] executable layer count 388
[2026-03-15 16:24:11.707] [info] Start layer /blocks.14/Constant_27
[2026-03-15 16:24:11.708] [info] Layer /blocks.14/Constant_27 finish at 34668
[2026-03-15 16:24:11.708] [info] Total compute time 19
[2026-03-15 16:24:11.708] [info] executable layer count 387
[2026-03-15 16:24:11.708] [info] Start layer /blocks.14/Constant_28
[2026-03-15 16:24:11.709] [info] Layer /blocks.14/Constant_28 finish at 34687
[2026-03-15 16:24:11.709] [info] Total compute time 19
[2026-03-15 16:24:11.709] [info] executable layer count 386
[2026-03-15 16:24:11.709] [info] Start layer /blocks.14/Constant_29
[2026-03-15 16:24:11.710] [info] Layer /blocks.14/Constant_29 finish at 34705
[2026-03-15 16:24:11.710] [info] Total compute time 18
[2026-03-15 16:24:11.710] [info] executable layer count 385
[2026-03-15 16:24:11.710] [info] Start layer /Constant_13
[2026-03-15 16:24:11.712] [info] Layer /Constant_13 finish at 34724
[2026-03-15 16:24:11.712] [info] Total compute time 19
[2026-03-15 16:24:11.712] [info] executable layer count 386
[2026-03-15 16:24:11.712] [info] Start layer /blocks.15/Constant
[2026-03-15 16:24:11.713] [info] Layer /blocks.15/Constant finish at 34743
[2026-03-15 16:24:11.713] [info] Total compute time 19
[2026-03-15 16:24:11.713] [info] executable layer count 385
[2026-03-15 16:24:11.713] [info] Start layer /blocks.15/Constant_1
[2026-03-15 16:24:11.714] [info] Layer /blocks.15/Constant_1 finish at 34762
[2026-03-15 16:24:11.714] [info] Total compute time 19
[2026-03-15 16:24:11.714] [info] executable layer count 384
[2026-03-15 16:24:11.714] [info] Start layer /blocks.15/Constant_2
[2026-03-15 16:24:11.715] [info] Layer /blocks.15/Constant_2 finish at 34780
[2026-03-15 16:24:11.715] [info] Total compute time 18
[2026-03-15 16:24:11.715] [info] executable layer count 383
[2026-03-15 16:24:11.715] [info] Start layer /blocks.15/Constant_3
[2026-03-15 16:24:11.716] [info] Layer /blocks.15/Constant_3 finish at 34799
[2026-03-15 16:24:11.716] [info] Total compute time 19
[2026-03-15 16:24:11.716] [info] executable layer count 382
[2026-03-15 16:24:11.716] [info] Start layer /blocks.15/Constant_4
[2026-03-15 16:24:11.718] [info] Layer /blocks.15/Constant_4 finish at 34818
[2026-03-15 16:24:11.718] [info] Total compute time 19
[2026-03-15 16:24:11.718] [info] executable layer count 381
[2026-03-15 16:24:11.718] [info] Start layer /blocks.15/Constant_5
[2026-03-15 16:24:11.719] [info] Layer /blocks.15/Constant_5 finish at 34837
[2026-03-15 16:24:11.719] [info] Total compute time 19
[2026-03-15 16:24:11.719] [info] executable layer count 380
[2026-03-15 16:24:11.719] [info] Start layer /blocks.15/Constant_6
[2026-03-15 16:24:11.721] [info] Layer /blocks.15/Constant_6 finish at 34855
[2026-03-15 16:24:11.721] [info] Total compute time 18
[2026-03-15 16:24:11.721] [info] executable layer count 379
[2026-03-15 16:24:11.721] [info] Start layer /blocks.15/Constant_7
[2026-03-15 16:24:11.722] [info] Layer /blocks.15/Constant_7 finish at 34874
[2026-03-15 16:24:11.722] [info] Total compute time 19
[2026-03-15 16:24:11.722] [info] executable layer count 378
[2026-03-15 16:24:11.722] [info] Start layer /blocks.15/Constant_8
[2026-03-15 16:24:11.723] [info] Layer /blocks.15/Constant_8 finish at 34893
[2026-03-15 16:24:11.723] [info] Total compute time 19
[2026-03-15 16:24:11.723] [info] executable layer count 377
[2026-03-15 16:24:11.723] [info] Start layer /blocks.15/Constant_9
[2026-03-15 16:24:11.724] [info] Layer /blocks.15/Constant_9 finish at 34912
[2026-03-15 16:24:11.724] [info] Total compute time 19
[2026-03-15 16:24:11.724] [info] executable layer count 376
[2026-03-15 16:24:11.724] [info] Start layer /blocks.15/Constant_10
[2026-03-15 16:24:11.725] [info] Layer /blocks.15/Constant_10 finish at 34930
[2026-03-15 16:24:11.725] [info] Total compute time 18
[2026-03-15 16:24:11.725] [info] executable layer count 375
[2026-03-15 16:24:11.725] [info] Start layer /blocks.15/Constant_11
[2026-03-15 16:24:11.727] [info] Layer /blocks.15/Constant_11 finish at 34949
[2026-03-15 16:24:11.727] [info] Total compute time 19
[2026-03-15 16:24:11.727] [info] executable layer count 374
[2026-03-15 16:24:11.727] [info] Start layer /blocks.15/Constant_12
[2026-03-15 16:24:11.728] [info] Layer /blocks.15/Constant_12 finish at 34968
[2026-03-15 16:24:11.728] [info] Total compute time 19
[2026-03-15 16:24:11.728] [info] executable layer count 373
[2026-03-15 16:24:11.728] [info] Start layer /blocks.15/Constant_13
[2026-03-15 16:24:11.729] [info] Layer /blocks.15/Constant_13 finish at 34987
[2026-03-15 16:24:11.729] [info] Total compute time 19
[2026-03-15 16:24:11.729] [info] executable layer count 372
[2026-03-15 16:24:11.729] [info] Start layer /blocks.15/Constant_14
[2026-03-15 16:24:11.730] [info] Layer /blocks.15/Constant_14 finish at 35005
[2026-03-15 16:24:11.730] [info] Total compute time 18
[2026-03-15 16:24:11.730] [info] executable layer count 371
[2026-03-15 16:24:11.730] [info] Start layer /blocks.15/Constant_15
[2026-03-15 16:24:11.731] [info] Layer /blocks.15/Constant_15 finish at 35024
[2026-03-15 16:24:11.731] [info] Total compute time 19
[2026-03-15 16:24:11.732] [info] executable layer count 370
[2026-03-15 16:24:11.732] [info] Start layer /blocks.15/Constant_16
[2026-03-15 16:24:11.733] [info] Layer /blocks.15/Constant_16 finish at 35043
[2026-03-15 16:24:11.733] [info] Total compute time 19
[2026-03-15 16:24:11.733] [info] executable layer count 369
[2026-03-15 16:24:11.733] [info] Start layer /blocks.15/Constant_17
[2026-03-15 16:24:11.734] [info] Layer /blocks.15/Constant_17 finish at 35062
[2026-03-15 16:24:11.734] [info] Total compute time 19
[2026-03-15 16:24:11.734] [info] executable layer count 368
[2026-03-15 16:24:11.734] [info] Start layer /blocks.15/Constant_18
[2026-03-15 16:24:11.735] [info] Layer /blocks.15/Constant_18 finish at 35080
[2026-03-15 16:24:11.735] [info] Total compute time 18
[2026-03-15 16:24:11.735] [info] executable layer count 367
[2026-03-15 16:24:11.735] [info] Start layer /blocks.15/Constant_19
[2026-03-15 16:24:11.736] [info] Layer /blocks.15/Constant_19 finish at 35099
[2026-03-15 16:24:11.736] [info] Total compute time 19
[2026-03-15 16:24:11.736] [info] executable layer count 366
[2026-03-15 16:24:11.736] [info] Start layer /blocks.15/Constant_20
[2026-03-15 16:24:11.738] [info] Layer /blocks.15/Constant_20 finish at 35118
[2026-03-15 16:24:11.738] [info] Total compute time 19
[2026-03-15 16:24:11.738] [info] executable layer count 365
[2026-03-15 16:24:11.738] [info] Start layer /blocks.15/Constant_21
[2026-03-15 16:24:11.739] [info] Layer /blocks.15/Constant_21 finish at 35137
[2026-03-15 16:24:11.739] [info] Total compute time 19
[2026-03-15 16:24:11.739] [info] executable layer count 364
[2026-03-15 16:24:11.739] [info] Start layer /blocks.15/Constant_22
[2026-03-15 16:24:11.740] [info] Layer /blocks.15/Constant_22 finish at 35155
[2026-03-15 16:24:11.740] [info] Total compute time 18
[2026-03-15 16:24:11.740] [info] executable layer count 363
[2026-03-15 16:24:11.740] [info] Start layer /blocks.15/Constant_23
[2026-03-15 16:24:11.741] [info] Layer /blocks.15/Constant_23 finish at 35174
[2026-03-15 16:24:11.741] [info] Total compute time 19
[2026-03-15 16:24:11.741] [info] executable layer count 362
[2026-03-15 16:24:11.741] [info] Start layer /blocks.15/Constant_24
[2026-03-15 16:24:11.742] [info] Layer /blocks.15/Constant_24 finish at 35193
[2026-03-15 16:24:11.742] [info] Total compute time 19
[2026-03-15 16:24:11.742] [info] executable layer count 361
[2026-03-15 16:24:11.742] [info] Start layer /blocks.15/Constant_25
[2026-03-15 16:24:11.744] [info] Layer /blocks.15/Constant_25 finish at 35212
[2026-03-15 16:24:11.744] [info] Total compute time 19
[2026-03-15 16:24:11.744] [info] executable layer count 360
[2026-03-15 16:24:11.744] [info] Start layer /blocks.15/Constant_26
[2026-03-15 16:24:11.745] [info] Layer /blocks.15/Constant_26 finish at 35230
[2026-03-15 16:24:11.745] [info] Total compute time 18
[2026-03-15 16:24:11.745] [info] executable layer count 359
[2026-03-15 16:24:11.745] [info] Start layer /blocks.15/Constant_27
[2026-03-15 16:24:11.746] [info] Layer /blocks.15/Constant_27 finish at 35249
[2026-03-15 16:24:11.746] [info] Total compute time 19
[2026-03-15 16:24:11.746] [info] executable layer count 358
[2026-03-15 16:24:11.746] [info] Start layer /blocks.15/Constant_28
[2026-03-15 16:24:11.747] [info] Layer /blocks.15/Constant_28 finish at 35268
[2026-03-15 16:24:11.747] [info] Total compute time 19
[2026-03-15 16:24:11.747] [info] executable layer count 357
[2026-03-15 16:24:11.747] [info] Start layer /blocks.15/Constant_29
[2026-03-15 16:24:11.748] [info] Layer /blocks.15/Constant_29 finish at 35287
[2026-03-15 16:24:11.748] [info] Total compute time 19
[2026-03-15 16:24:11.748] [info] executable layer count 356
[2026-03-15 16:24:11.748] [info] Start layer /blocks.16/Constant
[2026-03-15 16:24:11.750] [info] Layer /blocks.16/Constant finish at 35305
[2026-03-15 16:24:11.750] [info] Total compute time 18
[2026-03-15 16:24:11.750] [info] executable layer count 355
[2026-03-15 16:24:11.750] [info] Start layer /blocks.16/Constant_1
[2026-03-15 16:24:11.751] [info] Layer /blocks.16/Constant_1 finish at 35324
[2026-03-15 16:24:11.751] [info] Total compute time 19
[2026-03-15 16:24:11.751] [info] executable layer count 354
[2026-03-15 16:24:11.751] [info] Start layer /blocks.16/Constant_2
[2026-03-15 16:24:11.752] [info] Layer /blocks.16/Constant_2 finish at 35343
[2026-03-15 16:24:11.752] [info] Total compute time 19
[2026-03-15 16:24:11.752] [info] executable layer count 353
[2026-03-15 16:24:11.752] [info] Start layer /blocks.16/Constant_3
[2026-03-15 16:24:11.753] [info] Layer /blocks.16/Constant_3 finish at 35362
[2026-03-15 16:24:11.753] [info] Total compute time 19
[2026-03-15 16:24:11.753] [info] executable layer count 352
[2026-03-15 16:24:11.753] [info] Start layer /blocks.16/Constant_4
[2026-03-15 16:24:11.754] [info] Layer /blocks.16/Constant_4 finish at 35380
[2026-03-15 16:24:11.754] [info] Total compute time 18
[2026-03-15 16:24:11.754] [info] executable layer count 351
[2026-03-15 16:24:11.754] [info] Start layer /blocks.16/Constant_5
[2026-03-15 16:24:11.755] [info] Layer /blocks.16/Constant_5 finish at 35399
[2026-03-15 16:24:11.755] [info] Total compute time 19
[2026-03-15 16:24:11.755] [info] executable layer count 350
[2026-03-15 16:24:11.755] [info] Start layer /blocks.16/Constant_6
[2026-03-15 16:24:11.757] [info] Layer /blocks.16/Constant_6 finish at 35418
[2026-03-15 16:24:11.757] [info] Total compute time 19
[2026-03-15 16:24:11.757] [info] executable layer count 349
[2026-03-15 16:24:11.757] [info] Start layer /blocks.16/Constant_7
[2026-03-15 16:24:11.758] [info] Layer /blocks.16/Constant_7 finish at 35437
[2026-03-15 16:24:11.758] [info] Total compute time 19
[2026-03-15 16:24:11.758] [info] executable layer count 348
[2026-03-15 16:24:11.758] [info] Start layer /blocks.16/Constant_8
[2026-03-15 16:24:11.759] [info] Layer /blocks.16/Constant_8 finish at 35455
[2026-03-15 16:24:11.759] [info] Total compute time 18
[2026-03-15 16:24:11.759] [info] executable layer count 347
[2026-03-15 16:24:11.759] [info] Start layer /blocks.16/Constant_9
[2026-03-15 16:24:11.760] [info] Layer /blocks.16/Constant_9 finish at 35474
[2026-03-15 16:24:11.760] [info] Total compute time 19
[2026-03-15 16:24:11.760] [info] executable layer count 346
[2026-03-15 16:24:11.760] [info] Start layer /blocks.16/Constant_10
[2026-03-15 16:24:11.762] [info] Layer /blocks.16/Constant_10 finish at 35493
[2026-03-15 16:24:11.762] [info] Total compute time 19
[2026-03-15 16:24:11.762] [info] executable layer count 345
[2026-03-15 16:24:11.762] [info] Start layer /blocks.16/Constant_11
[2026-03-15 16:24:11.763] [info] Layer /blocks.16/Constant_11 finish at 35512
[2026-03-15 16:24:11.763] [info] Total compute time 19
[2026-03-15 16:24:11.763] [info] executable layer count 344
[2026-03-15 16:24:11.763] [info] Start layer /blocks.16/Constant_12
[2026-03-15 16:24:11.765] [info] Layer /blocks.16/Constant_12 finish at 35530
[2026-03-15 16:24:11.765] [info] Total compute time 18
[2026-03-15 16:24:11.765] [info] executable layer count 343
[2026-03-15 16:24:11.765] [info] Start layer /blocks.16/Constant_13
[2026-03-15 16:24:11.766] [info] Layer /blocks.16/Constant_13 finish at 35549
[2026-03-15 16:24:11.766] [info] Total compute time 19
[2026-03-15 16:24:11.766] [info] executable layer count 342
[2026-03-15 16:24:11.766] [info] Start layer /blocks.16/Constant_14
[2026-03-15 16:24:11.767] [info] Layer /blocks.16/Constant_14 finish at 35568
[2026-03-15 16:24:11.767] [info] Total compute time 19
[2026-03-15 16:24:11.767] [info] executable layer count 341
[2026-03-15 16:24:11.767] [info] Start layer /blocks.16/Constant_15
[2026-03-15 16:24:11.769] [info] Layer /blocks.16/Constant_15 finish at 35588
[2026-03-15 16:24:11.769] [info] Total compute time 20
[2026-03-15 16:24:11.769] [info] executable layer count 340
[2026-03-15 16:24:11.769] [info] Start layer /blocks.16/Constant_16
[2026-03-15 16:24:11.770] [info] Layer /blocks.16/Constant_16 finish at 35606
[2026-03-15 16:24:11.770] [info] Total compute time 18
[2026-03-15 16:24:11.770] [info] executable layer count 339
[2026-03-15 16:24:11.770] [info] Start layer /blocks.16/Constant_17
[2026-03-15 16:24:11.771] [info] Layer /blocks.16/Constant_17 finish at 35625
[2026-03-15 16:24:11.771] [info] Total compute time 19
[2026-03-15 16:24:11.771] [info] executable layer count 338
[2026-03-15 16:24:11.771] [info] Start layer /blocks.16/Constant_18
[2026-03-15 16:24:11.773] [info] Layer /blocks.16/Constant_18 finish at 35644
[2026-03-15 16:24:11.773] [info] Total compute time 19
[2026-03-15 16:24:11.773] [info] executable layer count 337
[2026-03-15 16:24:11.773] [info] Start layer /blocks.16/Constant_19
[2026-03-15 16:24:11.774] [info] Layer /blocks.16/Constant_19 finish at 35663
[2026-03-15 16:24:11.774] [info] Total compute time 19
[2026-03-15 16:24:11.774] [info] executable layer count 336
[2026-03-15 16:24:11.774] [info] Start layer /blocks.16/Constant_20
[2026-03-15 16:24:11.775] [info] Layer /blocks.16/Constant_20 finish at 35681
[2026-03-15 16:24:11.775] [info] Total compute time 18
[2026-03-15 16:24:11.775] [info] executable layer count 335
[2026-03-15 16:24:11.775] [info] Start layer /blocks.16/Constant_21
[2026-03-15 16:24:11.776] [info] Layer /blocks.16/Constant_21 finish at 35700
[2026-03-15 16:24:11.776] [info] Total compute time 19
[2026-03-15 16:24:11.776] [info] executable layer count 334
[2026-03-15 16:24:11.776] [info] Start layer /blocks.16/Constant_22
[2026-03-15 16:24:11.778] [info] Layer /blocks.16/Constant_22 finish at 35719
[2026-03-15 16:24:11.778] [info] Total compute time 19
[2026-03-15 16:24:11.778] [info] executable layer count 333
[2026-03-15 16:24:11.778] [info] Start layer /blocks.16/Constant_23
[2026-03-15 16:24:11.779] [info] Layer /blocks.16/Constant_23 finish at 35738
[2026-03-15 16:24:11.779] [info] Total compute time 19
[2026-03-15 16:24:11.779] [info] executable layer count 332
[2026-03-15 16:24:11.779] [info] Start layer /blocks.16/Constant_24
[2026-03-15 16:24:11.780] [info] Layer /blocks.16/Constant_24 finish at 35756
[2026-03-15 16:24:11.780] [info] Total compute time 18
[2026-03-15 16:24:11.780] [info] executable layer count 331
[2026-03-15 16:24:11.780] [info] Start layer /blocks.16/Constant_25
[2026-03-15 16:24:11.781] [info] Layer /blocks.16/Constant_25 finish at 35775
[2026-03-15 16:24:11.781] [info] Total compute time 19
[2026-03-15 16:24:11.781] [info] executable layer count 330
[2026-03-15 16:24:11.781] [info] Start layer /blocks.16/Constant_26
[2026-03-15 16:24:11.783] [info] Layer /blocks.16/Constant_26 finish at 35794
[2026-03-15 16:24:11.783] [info] Total compute time 19
[2026-03-15 16:24:11.783] [info] executable layer count 329
[2026-03-15 16:24:11.783] [info] Start layer /blocks.16/Constant_27
[2026-03-15 16:24:11.784] [info] Layer /blocks.16/Constant_27 finish at 35813
[2026-03-15 16:24:11.784] [info] Total compute time 19
[2026-03-15 16:24:11.784] [info] executable layer count 328
[2026-03-15 16:24:11.784] [info] Start layer /blocks.16/Constant_28
[2026-03-15 16:24:11.785] [info] Layer /blocks.16/Constant_28 finish at 35831
[2026-03-15 16:24:11.785] [info] Total compute time 18
[2026-03-15 16:24:11.785] [info] executable layer count 327
[2026-03-15 16:24:11.785] [info] Start layer /blocks.16/Constant_29
[2026-03-15 16:24:11.786] [info] Layer /blocks.16/Constant_29 finish at 35850
[2026-03-15 16:24:11.786] [info] Total compute time 19
[2026-03-15 16:24:11.786] [info] executable layer count 326
[2026-03-15 16:24:11.786] [info] Start layer /Constant_14
[2026-03-15 16:24:11.788] [info] Layer /Constant_14 finish at 35869
[2026-03-15 16:24:11.788] [info] Total compute time 19
[2026-03-15 16:24:11.788] [info] executable layer count 327
[2026-03-15 16:24:11.788] [info] Start layer /blocks.17/Constant
[2026-03-15 16:24:11.789] [info] Layer /blocks.17/Constant finish at 35888
[2026-03-15 16:24:11.789] [info] Total compute time 19
[2026-03-15 16:24:11.789] [info] executable layer count 326
[2026-03-15 16:24:11.789] [info] Start layer /blocks.17/Constant_1
[2026-03-15 16:24:11.790] [info] Layer /blocks.17/Constant_1 finish at 35906
[2026-03-15 16:24:11.790] [info] Total compute time 18
[2026-03-15 16:24:11.790] [info] executable layer count 325
[2026-03-15 16:24:11.790] [info] Start layer /blocks.17/Constant_2
[2026-03-15 16:24:11.791] [info] Layer /blocks.17/Constant_2 finish at 35925
[2026-03-15 16:24:11.791] [info] Total compute time 19
[2026-03-15 16:24:11.791] [info] executable layer count 324
[2026-03-15 16:24:11.791] [info] Start layer /blocks.17/Constant_3
[2026-03-15 16:24:11.792] [info] Layer /blocks.17/Constant_3 finish at 35944
[2026-03-15 16:24:11.792] [info] Total compute time 19
[2026-03-15 16:24:11.793] [info] executable layer count 323
[2026-03-15 16:24:11.793] [info] Start layer /blocks.17/Constant_4
[2026-03-15 16:24:11.794] [info] Layer /blocks.17/Constant_4 finish at 35963
[2026-03-15 16:24:11.794] [info] Total compute time 19
[2026-03-15 16:24:11.794] [info] executable layer count 322
[2026-03-15 16:24:11.794] [info] Start layer /blocks.17/Constant_5
[2026-03-15 16:24:11.795] [info] Layer /blocks.17/Constant_5 finish at 35981
[2026-03-15 16:24:11.795] [info] Total compute time 18
[2026-03-15 16:24:11.795] [info] executable layer count 321
[2026-03-15 16:24:11.795] [info] Start layer /blocks.17/Constant_6
[2026-03-15 16:24:11.796] [info] Layer /blocks.17/Constant_6 finish at 36000
[2026-03-15 16:24:11.796] [info] Total compute time 19
[2026-03-15 16:24:11.796] [info] executable layer count 320
[2026-03-15 16:24:11.796] [info] Start layer /blocks.17/Constant_7
[2026-03-15 16:24:11.797] [info] Layer /blocks.17/Constant_7 finish at 36019
[2026-03-15 16:24:11.797] [info] Total compute time 19
[2026-03-15 16:24:11.797] [info] executable layer count 319
[2026-03-15 16:24:11.797] [info] Start layer /blocks.17/Constant_8
[2026-03-15 16:24:11.799] [info] Layer /blocks.17/Constant_8 finish at 36038
[2026-03-15 16:24:11.799] [info] Total compute time 19
[2026-03-15 16:24:11.799] [info] executable layer count 318
[2026-03-15 16:24:11.799] [info] Start layer /blocks.17/Constant_9
[2026-03-15 16:24:11.800] [info] Layer /blocks.17/Constant_9 finish at 36056
[2026-03-15 16:24:11.800] [info] Total compute time 18
[2026-03-15 16:24:11.800] [info] executable layer count 317
[2026-03-15 16:24:11.800] [info] Start layer /blocks.17/Constant_10
[2026-03-15 16:24:11.801] [info] Layer /blocks.17/Constant_10 finish at 36075
[2026-03-15 16:24:11.801] [info] Total compute time 19
[2026-03-15 16:24:11.801] [info] executable layer count 316
[2026-03-15 16:24:11.801] [info] Start layer /blocks.17/Constant_11
[2026-03-15 16:24:11.802] [info] Layer /blocks.17/Constant_11 finish at 36094
[2026-03-15 16:24:11.802] [info] Total compute time 19
[2026-03-15 16:24:11.802] [info] executable layer count 315
[2026-03-15 16:24:11.802] [info] Start layer /blocks.17/Constant_12
[2026-03-15 16:24:11.803] [info] Layer /blocks.17/Constant_12 finish at 36113
[2026-03-15 16:24:11.803] [info] Total compute time 19
[2026-03-15 16:24:11.804] [info] executable layer count 314
[2026-03-15 16:24:11.804] [info] Start layer /blocks.17/Constant_13
[2026-03-15 16:24:11.805] [info] Layer /blocks.17/Constant_13 finish at 36133
[2026-03-15 16:24:11.805] [info] Total compute time 20
[2026-03-15 16:24:11.805] [info] executable layer count 313
[2026-03-15 16:24:11.805] [info] Start layer /blocks.17/Constant_14
[2026-03-15 16:24:11.806] [info] Layer /blocks.17/Constant_14 finish at 36152
[2026-03-15 16:24:11.806] [info] Total compute time 19
[2026-03-15 16:24:11.806] [info] executable layer count 312
[2026-03-15 16:24:11.806] [info] Start layer /blocks.17/Constant_15
[2026-03-15 16:24:11.807] [info] Layer /blocks.17/Constant_15 finish at 36171
[2026-03-15 16:24:11.807] [info] Total compute time 19
[2026-03-15 16:24:11.807] [info] executable layer count 311
[2026-03-15 16:24:11.807] [info] Start layer /blocks.17/Constant_16
[2026-03-15 16:24:11.809] [info] Layer /blocks.17/Constant_16 finish at 36190
[2026-03-15 16:24:11.809] [info] Total compute time 19
[2026-03-15 16:24:11.809] [info] executable layer count 310
[2026-03-15 16:24:11.809] [info] Start layer /blocks.17/Constant_17
[2026-03-15 16:24:11.810] [info] Layer /blocks.17/Constant_17 finish at 36208
[2026-03-15 16:24:11.810] [info] Total compute time 18
[2026-03-15 16:24:11.810] [info] executable layer count 309
[2026-03-15 16:24:11.810] [info] Start layer /blocks.17/Constant_18
[2026-03-15 16:24:11.811] [info] Layer /blocks.17/Constant_18 finish at 36227
[2026-03-15 16:24:11.811] [info] Total compute time 19
[2026-03-15 16:24:11.811] [info] executable layer count 308
[2026-03-15 16:24:11.811] [info] Start layer /blocks.17/Constant_19
[2026-03-15 16:24:11.812] [info] Layer /blocks.17/Constant_19 finish at 36246
[2026-03-15 16:24:11.812] [info] Total compute time 19
[2026-03-15 16:24:11.812] [info] executable layer count 307
[2026-03-15 16:24:11.812] [info] Start layer /blocks.17/Constant_20
[2026-03-15 16:24:11.813] [info] Layer /blocks.17/Constant_20 finish at 36265
[2026-03-15 16:24:11.813] [info] Total compute time 19
[2026-03-15 16:24:11.813] [info] executable layer count 306
[2026-03-15 16:24:11.813] [info] Start layer /blocks.17/Constant_21
[2026-03-15 16:24:11.815] [info] Layer /blocks.17/Constant_21 finish at 36283
[2026-03-15 16:24:11.815] [info] Total compute time 18
[2026-03-15 16:24:11.815] [info] executable layer count 305
[2026-03-15 16:24:11.815] [info] Start layer /blocks.17/Constant_22
[2026-03-15 16:24:11.816] [info] Layer /blocks.17/Constant_22 finish at 36302
[2026-03-15 16:24:11.816] [info] Total compute time 19
[2026-03-15 16:24:11.816] [info] executable layer count 304
[2026-03-15 16:24:11.816] [info] Start layer /blocks.17/Constant_23
[2026-03-15 16:24:11.817] [info] Layer /blocks.17/Constant_23 finish at 36321
[2026-03-15 16:24:11.817] [info] Total compute time 19
[2026-03-15 16:24:11.817] [info] executable layer count 303
[2026-03-15 16:24:11.817] [info] Start layer /blocks.17/Constant_24
[2026-03-15 16:24:11.818] [info] Layer /blocks.17/Constant_24 finish at 36340
[2026-03-15 16:24:11.818] [info] Total compute time 19
[2026-03-15 16:24:11.819] [info] executable layer count 302
[2026-03-15 16:24:11.819] [info] Start layer /blocks.17/Constant_25
[2026-03-15 16:24:11.820] [info] Layer /blocks.17/Constant_25 finish at 36358
[2026-03-15 16:24:11.820] [info] Total compute time 18
[2026-03-15 16:24:11.820] [info] executable layer count 301
[2026-03-15 16:24:11.820] [info] Start layer /blocks.17/Constant_26
[2026-03-15 16:24:11.821] [info] Layer /blocks.17/Constant_26 finish at 36377
[2026-03-15 16:24:11.821] [info] Total compute time 19
[2026-03-15 16:24:11.821] [info] executable layer count 300
[2026-03-15 16:24:11.821] [info] Start layer /blocks.17/Constant_27
[2026-03-15 16:24:11.822] [info] Layer /blocks.17/Constant_27 finish at 36396
[2026-03-15 16:24:11.822] [info] Total compute time 19
[2026-03-15 16:24:11.822] [info] executable layer count 299
[2026-03-15 16:24:11.822] [info] Start layer /blocks.17/Constant_28
[2026-03-15 16:24:11.823] [info] Layer /blocks.17/Constant_28 finish at 36415
[2026-03-15 16:24:11.823] [info] Total compute time 19
[2026-03-15 16:24:11.823] [info] executable layer count 298
[2026-03-15 16:24:11.823] [info] Start layer /blocks.17/Constant_29
[2026-03-15 16:24:11.825] [info] Layer /blocks.17/Constant_29 finish at 36433
[2026-03-15 16:24:11.825] [info] Total compute time 18
[2026-03-15 16:24:11.825] [info] executable layer count 297
[2026-03-15 16:24:11.825] [info] Start layer /Constant_15
[2026-03-15 16:24:11.826] [info] Layer /Constant_15 finish at 36452
[2026-03-15 16:24:11.826] [info] Total compute time 19
[2026-03-15 16:24:11.826] [info] executable layer count 298
[2026-03-15 16:24:11.826] [info] Start layer /blocks.18/Constant
[2026-03-15 16:24:11.827] [info] Layer /blocks.18/Constant finish at 36471
[2026-03-15 16:24:11.827] [info] Total compute time 19
[2026-03-15 16:24:11.827] [info] executable layer count 297
[2026-03-15 16:24:11.827] [info] Start layer /blocks.18/Constant_1
[2026-03-15 16:24:11.828] [info] Layer /blocks.18/Constant_1 finish at 36490
[2026-03-15 16:24:11.828] [info] Total compute time 19
[2026-03-15 16:24:11.828] [info] executable layer count 296
[2026-03-15 16:24:11.828] [info] Start layer /blocks.18/Constant_2
[2026-03-15 16:24:11.830] [info] Layer /blocks.18/Constant_2 finish at 36508
[2026-03-15 16:24:11.830] [info] Total compute time 18
[2026-03-15 16:24:11.830] [info] executable layer count 295
[2026-03-15 16:24:11.830] [info] Start layer /blocks.18/Constant_3
[2026-03-15 16:24:11.831] [info] Layer /blocks.18/Constant_3 finish at 36527
[2026-03-15 16:24:11.831] [info] Total compute time 19
[2026-03-15 16:24:11.831] [info] executable layer count 294
[2026-03-15 16:24:11.831] [info] Start layer /blocks.18/Constant_4
[2026-03-15 16:24:11.832] [info] Layer /blocks.18/Constant_4 finish at 36546
[2026-03-15 16:24:11.832] [info] Total compute time 19
[2026-03-15 16:24:11.832] [info] executable layer count 293
[2026-03-15 16:24:11.832] [info] Start layer /blocks.18/Constant_5
[2026-03-15 16:24:11.833] [info] Layer /blocks.18/Constant_5 finish at 36565
[2026-03-15 16:24:11.833] [info] Total compute time 19
[2026-03-15 16:24:11.833] [info] executable layer count 292
[2026-03-15 16:24:11.833] [info] Start layer /blocks.18/Constant_6
[2026-03-15 16:24:11.834] [info] Layer /blocks.18/Constant_6 finish at 36583
[2026-03-15 16:24:11.834] [info] Total compute time 18
[2026-03-15 16:24:11.834] [info] executable layer count 291
[2026-03-15 16:24:11.834] [info] Start layer /blocks.18/Constant_7
[2026-03-15 16:24:11.836] [info] Layer /blocks.18/Constant_7 finish at 36602
[2026-03-15 16:24:11.836] [info] Total compute time 19
[2026-03-15 16:24:11.836] [info] executable layer count 290
[2026-03-15 16:24:11.836] [info] Start layer /blocks.18/Constant_8
[2026-03-15 16:24:11.837] [info] Layer /blocks.18/Constant_8 finish at 36622
[2026-03-15 16:24:11.837] [info] Total compute time 20
[2026-03-15 16:24:11.837] [info] executable layer count 289
[2026-03-15 16:24:11.837] [info] Start layer /blocks.18/Constant_9
[2026-03-15 16:24:11.838] [info] Layer /blocks.18/Constant_9 finish at 36641
[2026-03-15 16:24:11.838] [info] Total compute time 19
[2026-03-15 16:24:11.838] [info] executable layer count 288
[2026-03-15 16:24:11.838] [info] Start layer /blocks.18/Constant_10
[2026-03-15 16:24:11.839] [info] Layer /blocks.18/Constant_10 finish at 36659
[2026-03-15 16:24:11.839] [info] Total compute time 18
[2026-03-15 16:24:11.839] [info] executable layer count 287
[2026-03-15 16:24:11.839] [info] Start layer /blocks.18/Constant_11
[2026-03-15 16:24:11.841] [info] Layer /blocks.18/Constant_11 finish at 36678
[2026-03-15 16:24:11.841] [info] Total compute time 19
[2026-03-15 16:24:11.841] [info] executable layer count 286
[2026-03-15 16:24:11.841] [info] Start layer /blocks.18/Constant_12
[2026-03-15 16:24:11.842] [info] Layer /blocks.18/Constant_12 finish at 36697
[2026-03-15 16:24:11.842] [info] Total compute time 19
[2026-03-15 16:24:11.842] [info] executable layer count 285
[2026-03-15 16:24:11.842] [info] Start layer /blocks.18/Constant_13
[2026-03-15 16:24:11.843] [info] Layer /blocks.18/Constant_13 finish at 36716
[2026-03-15 16:24:11.843] [info] Total compute time 19
[2026-03-15 16:24:11.843] [info] executable layer count 284
[2026-03-15 16:24:11.843] [info] Start layer /blocks.18/Constant_14
[2026-03-15 16:24:11.844] [info] Layer /blocks.18/Constant_14 finish at 36734
[2026-03-15 16:24:11.844] [info] Total compute time 18
[2026-03-15 16:24:11.844] [info] executable layer count 283
[2026-03-15 16:24:11.844] [info] Start layer /blocks.18/Constant_15
[2026-03-15 16:24:11.846] [info] Layer /blocks.18/Constant_15 finish at 36753
[2026-03-15 16:24:11.846] [info] Total compute time 19
[2026-03-15 16:24:11.846] [info] executable layer count 282
[2026-03-15 16:24:11.846] [info] Start layer /blocks.18/Constant_16
[2026-03-15 16:24:11.847] [info] Layer /blocks.18/Constant_16 finish at 36772
[2026-03-15 16:24:11.847] [info] Total compute time 19
[2026-03-15 16:24:11.847] [info] executable layer count 281
[2026-03-15 16:24:11.847] [info] Start layer /blocks.18/Constant_17
[2026-03-15 16:24:11.848] [info] Layer /blocks.18/Constant_17 finish at 36791
[2026-03-15 16:24:11.848] [info] Total compute time 19
[2026-03-15 16:24:11.848] [info] executable layer count 280
[2026-03-15 16:24:11.848] [info] Start layer /blocks.18/Constant_18
[2026-03-15 16:24:11.849] [info] Layer /blocks.18/Constant_18 finish at 36809
[2026-03-15 16:24:11.849] [info] Total compute time 18
[2026-03-15 16:24:11.849] [info] executable layer count 279
[2026-03-15 16:24:11.849] [info] Start layer /blocks.18/Constant_19
[2026-03-15 16:24:11.850] [info] Layer /blocks.18/Constant_19 finish at 36828
[2026-03-15 16:24:11.850] [info] Total compute time 19
[2026-03-15 16:24:11.850] [info] executable layer count 278
[2026-03-15 16:24:11.850] [info] Start layer /blocks.18/Constant_20
[2026-03-15 16:24:11.852] [info] Layer /blocks.18/Constant_20 finish at 36847
[2026-03-15 16:24:11.852] [info] Total compute time 19
[2026-03-15 16:24:11.852] [info] executable layer count 277
[2026-03-15 16:24:11.852] [info] Start layer /blocks.18/Constant_21
[2026-03-15 16:24:11.853] [info] Layer /blocks.18/Constant_21 finish at 36866
[2026-03-15 16:24:11.853] [info] Total compute time 19
[2026-03-15 16:24:11.853] [info] executable layer count 276
[2026-03-15 16:24:11.853] [info] Start layer /blocks.18/Constant_22
[2026-03-15 16:24:11.854] [info] Layer /blocks.18/Constant_22 finish at 36884
[2026-03-15 16:24:11.854] [info] Total compute time 18
[2026-03-15 16:24:11.854] [info] executable layer count 275
[2026-03-15 16:24:11.854] [info] Start layer /blocks.18/Constant_23
[2026-03-15 16:24:11.855] [info] Layer /blocks.18/Constant_23 finish at 36903
[2026-03-15 16:24:11.855] [info] Total compute time 19
[2026-03-15 16:24:11.855] [info] executable layer count 274
[2026-03-15 16:24:11.855] [info] Start layer /blocks.18/Constant_24
[2026-03-15 16:24:11.857] [info] Layer /blocks.18/Constant_24 finish at 36922
[2026-03-15 16:24:11.857] [info] Total compute time 19
[2026-03-15 16:24:11.857] [info] executable layer count 273
[2026-03-15 16:24:11.857] [info] Start layer /blocks.18/Constant_25
[2026-03-15 16:24:11.858] [info] Layer /blocks.18/Constant_25 finish at 36941
[2026-03-15 16:24:11.858] [info] Total compute time 19
[2026-03-15 16:24:11.858] [info] executable layer count 272
[2026-03-15 16:24:11.858] [info] Start layer /blocks.18/Constant_26
[2026-03-15 16:24:11.859] [info] Layer /blocks.18/Constant_26 finish at 36959
[2026-03-15 16:24:11.859] [info] Total compute time 18
[2026-03-15 16:24:11.859] [info] executable layer count 271
[2026-03-15 16:24:11.859] [info] Start layer /blocks.18/Constant_27
[2026-03-15 16:24:11.860] [info] Layer /blocks.18/Constant_27 finish at 36978
[2026-03-15 16:24:11.860] [info] Total compute time 19
[2026-03-15 16:24:11.860] [info] executable layer count 270
[2026-03-15 16:24:11.860] [info] Start layer /blocks.18/Constant_28
[2026-03-15 16:24:11.861] [info] Layer /blocks.18/Constant_28 finish at 36997
[2026-03-15 16:24:11.861] [info] Total compute time 19
[2026-03-15 16:24:11.861] [info] executable layer count 269
[2026-03-15 16:24:11.861] [info] Start layer /blocks.18/Constant_29
[2026-03-15 16:24:11.863] [info] Layer /blocks.18/Constant_29 finish at 37016
[2026-03-15 16:24:11.863] [info] Total compute time 19
[2026-03-15 16:24:11.863] [info] executable layer count 268
[2026-03-15 16:24:11.863] [info] Start layer /Constant_16
[2026-03-15 16:24:11.864] [info] Layer /Constant_16 finish at 37034
[2026-03-15 16:24:11.864] [info] Total compute time 18
[2026-03-15 16:24:11.864] [info] executable layer count 269
[2026-03-15 16:24:11.864] [info] Start layer /blocks.19/Constant
[2026-03-15 16:24:11.865] [info] Layer /blocks.19/Constant finish at 37053
[2026-03-15 16:24:11.865] [info] Total compute time 19
[2026-03-15 16:24:11.865] [info] executable layer count 268
[2026-03-15 16:24:11.865] [info] Start layer /blocks.19/Constant_1
[2026-03-15 16:24:11.866] [info] Layer /blocks.19/Constant_1 finish at 37072
[2026-03-15 16:24:11.866] [info] Total compute time 19
[2026-03-15 16:24:11.866] [info] executable layer count 267
[2026-03-15 16:24:11.866] [info] Start layer /blocks.19/Constant_2
[2026-03-15 16:24:11.868] [info] Layer /blocks.19/Constant_2 finish at 37091
[2026-03-15 16:24:11.868] [info] Total compute time 19
[2026-03-15 16:24:11.868] [info] executable layer count 266
[2026-03-15 16:24:11.868] [info] Start layer /blocks.19/Constant_3
[2026-03-15 16:24:11.869] [info] Layer /blocks.19/Constant_3 finish at 37109
[2026-03-15 16:24:11.869] [info] Total compute time 18
[2026-03-15 16:24:11.869] [info] executable layer count 265
[2026-03-15 16:24:11.869] [info] Start layer /blocks.19/Constant_4
[2026-03-15 16:24:11.870] [info] Layer /blocks.19/Constant_4 finish at 37128
[2026-03-15 16:24:11.870] [info] Total compute time 19
[2026-03-15 16:24:11.870] [info] executable layer count 264
[2026-03-15 16:24:11.870] [info] Start layer /blocks.19/Constant_5
[2026-03-15 16:24:11.871] [info] Layer /blocks.19/Constant_5 finish at 37147
[2026-03-15 16:24:11.871] [info] Total compute time 19
[2026-03-15 16:24:11.871] [info] executable layer count 263
[2026-03-15 16:24:11.871] [info] Start layer /blocks.19/Constant_6
[2026-03-15 16:24:11.872] [info] Layer /blocks.19/Constant_6 finish at 37166
[2026-03-15 16:24:11.872] [info] Total compute time 19
[2026-03-15 16:24:11.872] [info] executable layer count 262
[2026-03-15 16:24:11.872] [info] Start layer /blocks.19/Constant_7
[2026-03-15 16:24:11.874] [info] Layer /blocks.19/Constant_7 finish at 37184
[2026-03-15 16:24:11.874] [info] Total compute time 18
[2026-03-15 16:24:11.874] [info] executable layer count 261
[2026-03-15 16:24:11.874] [info] Start layer /blocks.19/Constant_8
[2026-03-15 16:24:11.875] [info] Layer /blocks.19/Constant_8 finish at 37203
[2026-03-15 16:24:11.875] [info] Total compute time 19
[2026-03-15 16:24:11.875] [info] executable layer count 260
[2026-03-15 16:24:11.875] [info] Start layer /blocks.19/Constant_9
[2026-03-15 16:24:11.876] [info] Layer /blocks.19/Constant_9 finish at 37222
[2026-03-15 16:24:11.876] [info] Total compute time 19
[2026-03-15 16:24:11.876] [info] executable layer count 259
[2026-03-15 16:24:11.876] [info] Start layer /blocks.19/Constant_10
[2026-03-15 16:24:11.877] [info] Layer /blocks.19/Constant_10 finish at 37241
[2026-03-15 16:24:11.877] [info] Total compute time 19
[2026-03-15 16:24:11.877] [info] executable layer count 258
[2026-03-15 16:24:11.877] [info] Start layer /blocks.19/Constant_11
[2026-03-15 16:24:11.879] [info] Layer /blocks.19/Constant_11 finish at 37259
[2026-03-15 16:24:11.879] [info] Total compute time 18
[2026-03-15 16:24:11.879] [info] executable layer count 257
[2026-03-15 16:24:11.879] [info] Start layer /blocks.19/Constant_12
[2026-03-15 16:24:11.880] [info] Layer /blocks.19/Constant_12 finish at 37278
[2026-03-15 16:24:11.880] [info] Total compute time 19
[2026-03-15 16:24:11.880] [info] executable layer count 256
[2026-03-15 16:24:11.880] [info] Start layer /blocks.19/Constant_13
[2026-03-15 16:24:11.881] [info] Layer /blocks.19/Constant_13 finish at 37297
[2026-03-15 16:24:11.881] [info] Total compute time 19
[2026-03-15 16:24:11.881] [info] executable layer count 255
[2026-03-15 16:24:11.881] [info] Start layer /blocks.19/Constant_14
[2026-03-15 16:24:11.882] [info] Layer /blocks.19/Constant_14 finish at 37316
[2026-03-15 16:24:11.882] [info] Total compute time 19
[2026-03-15 16:24:11.882] [info] executable layer count 254
[2026-03-15 16:24:11.882] [info] Start layer /blocks.19/Constant_15
[2026-03-15 16:24:11.884] [info] Layer /blocks.19/Constant_15 finish at 37334
[2026-03-15 16:24:11.884] [info] Total compute time 18
[2026-03-15 16:24:11.884] [info] executable layer count 253
[2026-03-15 16:24:11.884] [info] Start layer /blocks.19/Constant_16
[2026-03-15 16:24:11.885] [info] Layer /blocks.19/Constant_16 finish at 37353
[2026-03-15 16:24:11.885] [info] Total compute time 19
[2026-03-15 16:24:11.885] [info] executable layer count 252
[2026-03-15 16:24:11.885] [info] Start layer /blocks.19/Constant_17
[2026-03-15 16:24:11.886] [info] Layer /blocks.19/Constant_17 finish at 37372
[2026-03-15 16:24:11.886] [info] Total compute time 19
[2026-03-15 16:24:11.886] [info] executable layer count 251
[2026-03-15 16:24:11.886] [info] Start layer /blocks.19/Constant_18
[2026-03-15 16:24:11.887] [info] Layer /blocks.19/Constant_18 finish at 37391
[2026-03-15 16:24:11.887] [info] Total compute time 19
[2026-03-15 16:24:11.887] [info] executable layer count 250
[2026-03-15 16:24:11.887] [info] Start layer /blocks.19/Constant_19
[2026-03-15 16:24:11.888] [info] Layer /blocks.19/Constant_19 finish at 37409
[2026-03-15 16:24:11.888] [info] Total compute time 18
[2026-03-15 16:24:11.888] [info] executable layer count 249
[2026-03-15 16:24:11.888] [info] Start layer /blocks.19/Constant_20
[2026-03-15 16:24:11.890] [info] Layer /blocks.19/Constant_20 finish at 37428
[2026-03-15 16:24:11.890] [info] Total compute time 19
[2026-03-15 16:24:11.890] [info] executable layer count 248
[2026-03-15 16:24:11.890] [info] Start layer /blocks.19/Constant_21
[2026-03-15 16:24:11.891] [info] Layer /blocks.19/Constant_21 finish at 37447
[2026-03-15 16:24:11.891] [info] Total compute time 19
[2026-03-15 16:24:11.891] [info] executable layer count 247
[2026-03-15 16:24:11.891] [info] Start layer /blocks.19/Constant_22
[2026-03-15 16:24:11.892] [info] Layer /blocks.19/Constant_22 finish at 37466
[2026-03-15 16:24:11.892] [info] Total compute time 19
[2026-03-15 16:24:11.892] [info] executable layer count 246
[2026-03-15 16:24:11.892] [info] Start layer /blocks.19/Constant_23
[2026-03-15 16:24:11.893] [info] Layer /blocks.19/Constant_23 finish at 37484
[2026-03-15 16:24:11.893] [info] Total compute time 18
[2026-03-15 16:24:11.893] [info] executable layer count 245
[2026-03-15 16:24:11.893] [info] Start layer /blocks.19/Constant_24
[2026-03-15 16:24:11.895] [info] Layer /blocks.19/Constant_24 finish at 37505
[2026-03-15 16:24:11.895] [info] Total compute time 21
[2026-03-15 16:24:11.895] [info] executable layer count 244
[2026-03-15 16:24:11.895] [info] Start layer /blocks.19/Constant_25
[2026-03-15 16:24:11.896] [info] Layer /blocks.19/Constant_25 finish at 37524
[2026-03-15 16:24:11.896] [info] Total compute time 19
[2026-03-15 16:24:11.896] [info] executable layer count 243
[2026-03-15 16:24:11.896] [info] Start layer /blocks.19/Constant_26
[2026-03-15 16:24:11.897] [info] Layer /blocks.19/Constant_26 finish at 37543
[2026-03-15 16:24:11.897] [info] Total compute time 19
[2026-03-15 16:24:11.897] [info] executable layer count 242
[2026-03-15 16:24:11.897] [info] Start layer /blocks.19/Constant_27
[2026-03-15 16:24:11.898] [info] Layer /blocks.19/Constant_27 finish at 37561
[2026-03-15 16:24:11.898] [info] Total compute time 18
[2026-03-15 16:24:11.898] [info] executable layer count 241
[2026-03-15 16:24:11.898] [info] Start layer /blocks.19/Constant_28
[2026-03-15 16:24:11.900] [info] Layer /blocks.19/Constant_28 finish at 37580
[2026-03-15 16:24:11.900] [info] Total compute time 19
[2026-03-15 16:24:11.900] [info] executable layer count 240
[2026-03-15 16:24:11.900] [info] Start layer /blocks.19/Constant_29
[2026-03-15 16:24:11.901] [info] Layer /blocks.19/Constant_29 finish at 37599
[2026-03-15 16:24:11.901] [info] Total compute time 19
[2026-03-15 16:24:11.901] [info] executable layer count 239
[2026-03-15 16:24:11.901] [info] Start layer /blocks.20/Constant
[2026-03-15 16:24:11.902] [info] Layer /blocks.20/Constant finish at 37618
[2026-03-15 16:24:11.902] [info] Total compute time 19
[2026-03-15 16:24:11.902] [info] executable layer count 238
[2026-03-15 16:24:11.902] [info] Start layer /blocks.20/Constant_1
[2026-03-15 16:24:11.903] [info] Layer /blocks.20/Constant_1 finish at 37636
[2026-03-15 16:24:11.903] [info] Total compute time 18
[2026-03-15 16:24:11.903] [info] executable layer count 237
[2026-03-15 16:24:11.903] [info] Start layer /blocks.20/Constant_2
[2026-03-15 16:24:11.904] [info] Layer /blocks.20/Constant_2 finish at 37655
[2026-03-15 16:24:11.904] [info] Total compute time 19
[2026-03-15 16:24:11.904] [info] executable layer count 236
[2026-03-15 16:24:11.904] [info] Start layer /blocks.20/Constant_3
[2026-03-15 16:24:11.906] [info] Layer /blocks.20/Constant_3 finish at 37675
[2026-03-15 16:24:11.906] [info] Total compute time 20
[2026-03-15 16:24:11.906] [info] executable layer count 235
[2026-03-15 16:24:11.906] [info] Start layer /blocks.20/Constant_4
[2026-03-15 16:24:11.907] [info] Layer /blocks.20/Constant_4 finish at 37694
[2026-03-15 16:24:11.907] [info] Total compute time 19
[2026-03-15 16:24:11.907] [info] executable layer count 234
[2026-03-15 16:24:11.907] [info] Start layer /blocks.20/Constant_5
[2026-03-15 16:24:11.908] [info] Layer /blocks.20/Constant_5 finish at 37712
[2026-03-15 16:24:11.908] [info] Total compute time 18
[2026-03-15 16:24:11.908] [info] executable layer count 233
[2026-03-15 16:24:11.908] [info] Start layer /blocks.20/Constant_6
[2026-03-15 16:24:11.909] [info] Layer /blocks.20/Constant_6 finish at 37731
[2026-03-15 16:24:11.909] [info] Total compute time 19
[2026-03-15 16:24:11.909] [info] executable layer count 232
[2026-03-15 16:24:11.909] [info] Start layer /blocks.20/Constant_7
[2026-03-15 16:24:11.911] [info] Layer /blocks.20/Constant_7 finish at 37750
[2026-03-15 16:24:11.911] [info] Total compute time 19
[2026-03-15 16:24:11.911] [info] executable layer count 231
[2026-03-15 16:24:11.911] [info] Start layer /blocks.20/Constant_8
[2026-03-15 16:24:11.912] [info] Layer /blocks.20/Constant_8 finish at 37770
[2026-03-15 16:24:11.912] [info] Total compute time 20
[2026-03-15 16:24:11.912] [info] executable layer count 230
[2026-03-15 16:24:11.912] [info] Start layer /blocks.20/Constant_9
[2026-03-15 16:24:11.913] [info] Layer /blocks.20/Constant_9 finish at 37788
[2026-03-15 16:24:11.913] [info] Total compute time 18
[2026-03-15 16:24:11.913] [info] executable layer count 229
[2026-03-15 16:24:11.913] [info] Start layer /blocks.20/Constant_10
[2026-03-15 16:24:11.915] [info] Layer /blocks.20/Constant_10 finish at 37807
[2026-03-15 16:24:11.915] [info] Total compute time 19
[2026-03-15 16:24:11.915] [info] executable layer count 228
[2026-03-15 16:24:11.915] [info] Start layer /blocks.20/Constant_11
[2026-03-15 16:24:11.916] [info] Layer /blocks.20/Constant_11 finish at 37826
[2026-03-15 16:24:11.916] [info] Total compute time 19
[2026-03-15 16:24:11.916] [info] executable layer count 227
[2026-03-15 16:24:11.916] [info] Start layer /blocks.20/Constant_12
[2026-03-15 16:24:11.917] [info] Layer /blocks.20/Constant_12 finish at 37845
[2026-03-15 16:24:11.917] [info] Total compute time 19
[2026-03-15 16:24:11.917] [info] executable layer count 226
[2026-03-15 16:24:11.917] [info] Start layer /blocks.20/Constant_13
[2026-03-15 16:24:11.919] [info] Layer /blocks.20/Constant_13 finish at 37863
[2026-03-15 16:24:11.919] [info] Total compute time 18
[2026-03-15 16:24:11.919] [info] executable layer count 225
[2026-03-15 16:24:11.919] [info] Start layer /blocks.20/Constant_14
[2026-03-15 16:24:11.920] [info] Layer /blocks.20/Constant_14 finish at 37882
[2026-03-15 16:24:11.920] [info] Total compute time 19
[2026-03-15 16:24:11.920] [info] executable layer count 224
[2026-03-15 16:24:11.920] [info] Start layer /blocks.20/Constant_15
[2026-03-15 16:24:11.921] [info] Layer /blocks.20/Constant_15 finish at 37901
[2026-03-15 16:24:11.921] [info] Total compute time 19
[2026-03-15 16:24:11.921] [info] executable layer count 223
[2026-03-15 16:24:11.921] [info] Start layer /blocks.20/Constant_16
[2026-03-15 16:24:11.922] [info] Layer /blocks.20/Constant_16 finish at 37920
[2026-03-15 16:24:11.922] [info] Total compute time 19
[2026-03-15 16:24:11.922] [info] executable layer count 222
[2026-03-15 16:24:11.922] [info] Start layer /blocks.20/Constant_17
[2026-03-15 16:24:11.924] [info] Layer /blocks.20/Constant_17 finish at 37938
[2026-03-15 16:24:11.924] [info] Total compute time 18
[2026-03-15 16:24:11.924] [info] executable layer count 221
[2026-03-15 16:24:11.924] [info] Start layer /blocks.20/Constant_18
[2026-03-15 16:24:11.925] [info] Layer /blocks.20/Constant_18 finish at 37957
[2026-03-15 16:24:11.925] [info] Total compute time 19
[2026-03-15 16:24:11.925] [info] executable layer count 220
[2026-03-15 16:24:11.925] [info] Start layer /blocks.20/Constant_19
[2026-03-15 16:24:11.926] [info] Layer /blocks.20/Constant_19 finish at 37976
[2026-03-15 16:24:11.926] [info] Total compute time 19
[2026-03-15 16:24:11.926] [info] executable layer count 219
[2026-03-15 16:24:11.926] [info] Start layer /blocks.20/Constant_20
[2026-03-15 16:24:11.927] [info] Layer /blocks.20/Constant_20 finish at 37995
[2026-03-15 16:24:11.927] [info] Total compute time 19
[2026-03-15 16:24:11.927] [info] executable layer count 218
[2026-03-15 16:24:11.927] [info] Start layer /blocks.20/Constant_21
[2026-03-15 16:24:11.929] [info] Layer /blocks.20/Constant_21 finish at 38013
[2026-03-15 16:24:11.929] [info] Total compute time 18
[2026-03-15 16:24:11.929] [info] executable layer count 217
[2026-03-15 16:24:11.929] [info] Start layer /blocks.20/Constant_22
[2026-03-15 16:24:11.930] [info] Layer /blocks.20/Constant_22 finish at 38032
[2026-03-15 16:24:11.930] [info] Total compute time 19
[2026-03-15 16:24:11.930] [info] executable layer count 216
[2026-03-15 16:24:11.930] [info] Start layer /blocks.20/Constant_23
[2026-03-15 16:24:11.931] [info] Layer /blocks.20/Constant_23 finish at 38051
[2026-03-15 16:24:11.931] [info] Total compute time 19
[2026-03-15 16:24:11.931] [info] executable layer count 215
[2026-03-15 16:24:11.931] [info] Start layer /blocks.20/Constant_24
[2026-03-15 16:24:11.932] [info] Layer /blocks.20/Constant_24 finish at 38070
[2026-03-15 16:24:11.932] [info] Total compute time 19
[2026-03-15 16:24:11.932] [info] executable layer count 214
[2026-03-15 16:24:11.932] [info] Start layer /blocks.20/Constant_25
[2026-03-15 16:24:11.934] [info] Layer /blocks.20/Constant_25 finish at 38088
[2026-03-15 16:24:11.934] [info] Total compute time 18
[2026-03-15 16:24:11.934] [info] executable layer count 213
[2026-03-15 16:24:11.934] [info] Start layer /blocks.20/Constant_26
[2026-03-15 16:24:11.935] [info] Layer /blocks.20/Constant_26 finish at 38107
[2026-03-15 16:24:11.935] [info] Total compute time 19
[2026-03-15 16:24:11.935] [info] executable layer count 212
[2026-03-15 16:24:11.935] [info] Start layer /blocks.20/Constant_27
[2026-03-15 16:24:11.936] [info] Layer /blocks.20/Constant_27 finish at 38126
[2026-03-15 16:24:11.936] [info] Total compute time 19
[2026-03-15 16:24:11.936] [info] executable layer count 211
[2026-03-15 16:24:11.936] [info] Start layer /blocks.20/Constant_28
[2026-03-15 16:24:11.937] [info] Layer /blocks.20/Constant_28 finish at 38145
[2026-03-15 16:24:11.937] [info] Total compute time 19
[2026-03-15 16:24:11.937] [info] executable layer count 210
[2026-03-15 16:24:11.937] [info] Start layer /blocks.20/Constant_29
[2026-03-15 16:24:11.939] [info] Layer /blocks.20/Constant_29 finish at 38163
[2026-03-15 16:24:11.939] [info] Total compute time 18
[2026-03-15 16:24:11.939] [info] executable layer count 209
[2026-03-15 16:24:11.939] [info] Start layer /Constant_17
[2026-03-15 16:24:11.940] [info] Layer /Constant_17 finish at 38184
[2026-03-15 16:24:11.940] [info] Total compute time 21
[2026-03-15 16:24:11.940] [info] executable layer count 210
[2026-03-15 16:24:11.940] [info] Start layer /blocks.21/Constant
[2026-03-15 16:24:11.941] [info] Layer /blocks.21/Constant finish at 38203
[2026-03-15 16:24:11.941] [info] Total compute time 19
[2026-03-15 16:24:11.941] [info] executable layer count 209
[2026-03-15 16:24:11.941] [info] Start layer /blocks.21/Constant_1
[2026-03-15 16:24:11.942] [info] Layer /blocks.21/Constant_1 finish at 38222
[2026-03-15 16:24:11.942] [info] Total compute time 19
[2026-03-15 16:24:11.942] [info] executable layer count 208
[2026-03-15 16:24:11.942] [info] Start layer /blocks.21/Constant_2
[2026-03-15 16:24:11.944] [info] Layer /blocks.21/Constant_2 finish at 38240
[2026-03-15 16:24:11.944] [info] Total compute time 18
[2026-03-15 16:24:11.944] [info] executable layer count 207
[2026-03-15 16:24:11.944] [info] Start layer /blocks.21/Constant_3
[2026-03-15 16:24:11.945] [info] Layer /blocks.21/Constant_3 finish at 38259
[2026-03-15 16:24:11.945] [info] Total compute time 19
[2026-03-15 16:24:11.945] [info] executable layer count 206
[2026-03-15 16:24:11.945] [info] Start layer /blocks.21/Constant_4
[2026-03-15 16:24:11.946] [info] Layer /blocks.21/Constant_4 finish at 38278
[2026-03-15 16:24:11.946] [info] Total compute time 19
[2026-03-15 16:24:11.946] [info] executable layer count 205
[2026-03-15 16:24:11.946] [info] Start layer /blocks.21/Constant_5
[2026-03-15 16:24:11.947] [info] Layer /blocks.21/Constant_5 finish at 38297
[2026-03-15 16:24:11.947] [info] Total compute time 19
[2026-03-15 16:24:11.947] [info] executable layer count 204
[2026-03-15 16:24:11.947] [info] Start layer /blocks.21/Constant_6
[2026-03-15 16:24:11.949] [info] Layer /blocks.21/Constant_6 finish at 38315
[2026-03-15 16:24:11.949] [info] Total compute time 18
[2026-03-15 16:24:11.949] [info] executable layer count 203
[2026-03-15 16:24:11.949] [info] Start layer /blocks.21/Constant_7
[2026-03-15 16:24:11.950] [info] Layer /blocks.21/Constant_7 finish at 38334
[2026-03-15 16:24:11.950] [info] Total compute time 19
[2026-03-15 16:24:11.950] [info] executable layer count 202
[2026-03-15 16:24:11.950] [info] Start layer /blocks.21/Constant_8
[2026-03-15 16:24:11.951] [info] Layer /blocks.21/Constant_8 finish at 38353
[2026-03-15 16:24:11.951] [info] Total compute time 19
[2026-03-15 16:24:11.951] [info] executable layer count 201
[2026-03-15 16:24:11.951] [info] Start layer /blocks.21/Constant_9
[2026-03-15 16:24:11.952] [info] Layer /blocks.21/Constant_9 finish at 38372
[2026-03-15 16:24:11.952] [info] Total compute time 19
[2026-03-15 16:24:11.952] [info] executable layer count 200
[2026-03-15 16:24:11.952] [info] Start layer /blocks.21/Constant_10
[2026-03-15 16:24:11.953] [info] Layer /blocks.21/Constant_10 finish at 38390
[2026-03-15 16:24:11.953] [info] Total compute time 18
[2026-03-15 16:24:11.953] [info] executable layer count 199
[2026-03-15 16:24:11.953] [info] Start layer /blocks.21/Constant_11
[2026-03-15 16:24:11.955] [info] Layer /blocks.21/Constant_11 finish at 38409
[2026-03-15 16:24:11.955] [info] Total compute time 19
[2026-03-15 16:24:11.955] [info] executable layer count 198
[2026-03-15 16:24:11.955] [info] Start layer /blocks.21/Constant_12
[2026-03-15 16:24:11.956] [info] Layer /blocks.21/Constant_12 finish at 38428
[2026-03-15 16:24:11.956] [info] Total compute time 19
[2026-03-15 16:24:11.956] [info] executable layer count 197
[2026-03-15 16:24:11.956] [info] Start layer /blocks.21/Constant_13
[2026-03-15 16:24:11.957] [info] Layer /blocks.21/Constant_13 finish at 38447
[2026-03-15 16:24:11.957] [info] Total compute time 19
[2026-03-15 16:24:11.957] [info] executable layer count 196
[2026-03-15 16:24:11.957] [info] Start layer /blocks.21/Constant_14
[2026-03-15 16:24:11.959] [info] Layer /blocks.21/Constant_14 finish at 38465
[2026-03-15 16:24:11.959] [info] Total compute time 18
[2026-03-15 16:24:11.959] [info] executable layer count 195
[2026-03-15 16:24:11.959] [info] Start layer /blocks.21/Constant_15
[2026-03-15 16:24:11.960] [info] Layer /blocks.21/Constant_15 finish at 38484
[2026-03-15 16:24:11.960] [info] Total compute time 19
[2026-03-15 16:24:11.960] [info] executable layer count 194
[2026-03-15 16:24:11.960] [info] Start layer /blocks.21/Constant_16
[2026-03-15 16:24:11.962] [info] Layer /blocks.21/Constant_16 finish at 38503
[2026-03-15 16:24:11.962] [info] Total compute time 19
[2026-03-15 16:24:11.962] [info] executable layer count 193
[2026-03-15 16:24:11.962] [info] Start layer /blocks.21/Constant_17
[2026-03-15 16:24:11.963] [info] Layer /blocks.21/Constant_17 finish at 38522
[2026-03-15 16:24:11.963] [info] Total compute time 19
[2026-03-15 16:24:11.964] [info] executable layer count 192
[2026-03-15 16:24:11.964] [info] Start layer /blocks.21/Constant_18
[2026-03-15 16:24:11.965] [info] Layer /blocks.21/Constant_18 finish at 38540
[2026-03-15 16:24:11.965] [info] Total compute time 18
[2026-03-15 16:24:11.965] [info] executable layer count 191
[2026-03-15 16:24:11.965] [info] Start layer /blocks.21/Constant_19
[2026-03-15 16:24:11.966] [info] Layer /blocks.21/Constant_19 finish at 38559
[2026-03-15 16:24:11.966] [info] Total compute time 19
[2026-03-15 16:24:11.967] [info] executable layer count 190
[2026-03-15 16:24:11.967] [info] Start layer /blocks.21/Constant_20
[2026-03-15 16:24:11.968] [info] Layer /blocks.21/Constant_20 finish at 38578
[2026-03-15 16:24:11.968] [info] Total compute time 19
[2026-03-15 16:24:11.968] [info] executable layer count 189
[2026-03-15 16:24:11.968] [info] Start layer /blocks.21/Constant_21
[2026-03-15 16:24:11.969] [info] Layer /blocks.21/Constant_21 finish at 38597
[2026-03-15 16:24:11.969] [info] Total compute time 19
[2026-03-15 16:24:11.969] [info] executable layer count 188
[2026-03-15 16:24:11.969] [info] Start layer /blocks.21/Constant_22
[2026-03-15 16:24:11.971] [info] Layer /blocks.21/Constant_22 finish at 38615
[2026-03-15 16:24:11.971] [info] Total compute time 18
[2026-03-15 16:24:11.971] [info] executable layer count 187
[2026-03-15 16:24:11.971] [info] Start layer /blocks.21/Constant_23
[2026-03-15 16:24:11.972] [info] Layer /blocks.21/Constant_23 finish at 38634
[2026-03-15 16:24:11.972] [info] Total compute time 19
[2026-03-15 16:24:11.972] [info] executable layer count 186
[2026-03-15 16:24:11.972] [info] Start layer /blocks.21/Constant_24
[2026-03-15 16:24:11.974] [info] Layer /blocks.21/Constant_24 finish at 38653
[2026-03-15 16:24:11.974] [info] Total compute time 19
[2026-03-15 16:24:11.974] [info] executable layer count 185
[2026-03-15 16:24:11.974] [info] Start layer /blocks.21/Constant_25
[2026-03-15 16:24:11.976] [info] Layer /blocks.21/Constant_25 finish at 38672
[2026-03-15 16:24:11.976] [info] Total compute time 19
[2026-03-15 16:24:11.976] [info] executable layer count 184
[2026-03-15 16:24:11.976] [info] Start layer /blocks.21/Constant_26
[2026-03-15 16:24:11.978] [info] Layer /blocks.21/Constant_26 finish at 38690
[2026-03-15 16:24:11.978] [info] Total compute time 18
[2026-03-15 16:24:11.978] [info] executable layer count 183
[2026-03-15 16:24:11.978] [info] Start layer /blocks.21/Constant_27
[2026-03-15 16:24:11.979] [info] Layer /blocks.21/Constant_27 finish at 38709
[2026-03-15 16:24:11.979] [info] Total compute time 19
[2026-03-15 16:24:11.979] [info] executable layer count 182
[2026-03-15 16:24:11.979] [info] Start layer /blocks.21/Constant_28
[2026-03-15 16:24:11.981] [info] Layer /blocks.21/Constant_28 finish at 38728
[2026-03-15 16:24:11.981] [info] Total compute time 19
[2026-03-15 16:24:11.981] [info] executable layer count 181
[2026-03-15 16:24:11.981] [info] Start layer /blocks.21/Constant_29
[2026-03-15 16:24:11.983] [info] Layer /blocks.21/Constant_29 finish at 38747
[2026-03-15 16:24:11.983] [info] Total compute time 19
[2026-03-15 16:24:11.983] [info] executable layer count 180
[2026-03-15 16:24:11.983] [info] Start layer /Constant_18
[2026-03-15 16:24:11.985] [info] Layer /Constant_18 finish at 38765
[2026-03-15 16:24:11.985] [info] Total compute time 18
[2026-03-15 16:24:11.985] [info] executable layer count 181
[2026-03-15 16:24:11.985] [info] Start layer /blocks.22/Constant
[2026-03-15 16:24:11.987] [info] Layer /blocks.22/Constant finish at 38784
[2026-03-15 16:24:11.987] [info] Total compute time 19
[2026-03-15 16:24:11.987] [info] executable layer count 180
[2026-03-15 16:24:11.987] [info] Start layer /blocks.22/Constant_1
[2026-03-15 16:24:11.989] [info] Layer /blocks.22/Constant_1 finish at 38803
[2026-03-15 16:24:11.989] [info] Total compute time 19
[2026-03-15 16:24:11.989] [info] executable layer count 179
[2026-03-15 16:24:11.989] [info] Start layer /blocks.22/Constant_2
[2026-03-15 16:24:11.991] [info] Layer /blocks.22/Constant_2 finish at 38822
[2026-03-15 16:24:11.991] [info] Total compute time 19
[2026-03-15 16:24:11.991] [info] executable layer count 178
[2026-03-15 16:24:11.991] [info] Start layer /blocks.22/Constant_3
[2026-03-15 16:24:11.993] [info] Layer /blocks.22/Constant_3 finish at 38840
[2026-03-15 16:24:11.993] [info] Total compute time 18
[2026-03-15 16:24:11.993] [info] executable layer count 177
[2026-03-15 16:24:11.993] [info] Start layer /blocks.22/Constant_4
[2026-03-15 16:24:11.995] [info] Layer /blocks.22/Constant_4 finish at 38861
[2026-03-15 16:24:11.995] [info] Total compute time 21
[2026-03-15 16:24:11.995] [info] executable layer count 176
[2026-03-15 16:24:11.995] [info] Start layer /blocks.22/Constant_5
[2026-03-15 16:24:11.997] [info] Layer /blocks.22/Constant_5 finish at 38880
[2026-03-15 16:24:11.997] [info] Total compute time 19
[2026-03-15 16:24:11.997] [info] executable layer count 175
[2026-03-15 16:24:11.997] [info] Start layer /blocks.22/Constant_6
[2026-03-15 16:24:11.999] [info] Layer /blocks.22/Constant_6 finish at 38899
[2026-03-15 16:24:11.999] [info] Total compute time 19
[2026-03-15 16:24:11.999] [info] executable layer count 174
[2026-03-15 16:24:11.999] [info] Start layer /blocks.22/Constant_7
[2026-03-15 16:24:12.000] [info] Layer /blocks.22/Constant_7 finish at 38917
[2026-03-15 16:24:12.000] [info] Total compute time 18
[2026-03-15 16:24:12.000] [info] executable layer count 173
[2026-03-15 16:24:12.000] [info] Start layer /blocks.22/Constant_8
[2026-03-15 16:24:12.002] [info] Layer /blocks.22/Constant_8 finish at 38936
[2026-03-15 16:24:12.002] [info] Total compute time 19
[2026-03-15 16:24:12.002] [info] executable layer count 172
[2026-03-15 16:24:12.002] [info] Start layer /blocks.22/Constant_9
[2026-03-15 16:24:12.004] [info] Layer /blocks.22/Constant_9 finish at 38955
[2026-03-15 16:24:12.004] [info] Total compute time 19
[2026-03-15 16:24:12.004] [info] executable layer count 171
[2026-03-15 16:24:12.004] [info] Start layer /blocks.22/Constant_10
[2026-03-15 16:24:12.005] [info] Layer /blocks.22/Constant_10 finish at 38974
[2026-03-15 16:24:12.005] [info] Total compute time 19
[2026-03-15 16:24:12.005] [info] executable layer count 170
[2026-03-15 16:24:12.005] [info] Start layer /blocks.22/Constant_11
[2026-03-15 16:24:12.007] [info] Layer /blocks.22/Constant_11 finish at 38992
[2026-03-15 16:24:12.007] [info] Total compute time 18
[2026-03-15 16:24:12.007] [info] executable layer count 169
[2026-03-15 16:24:12.007] [info] Start layer /blocks.22/Constant_12
[2026-03-15 16:24:12.008] [info] Layer /blocks.22/Constant_12 finish at 39011
[2026-03-15 16:24:12.008] [info] Total compute time 19
[2026-03-15 16:24:12.008] [info] executable layer count 168
[2026-03-15 16:24:12.008] [info] Start layer /blocks.22/Constant_13
[2026-03-15 16:24:12.010] [info] Layer /blocks.22/Constant_13 finish at 39030
[2026-03-15 16:24:12.010] [info] Total compute time 19
[2026-03-15 16:24:12.010] [info] executable layer count 167
[2026-03-15 16:24:12.010] [info] Start layer /blocks.22/Constant_14
[2026-03-15 16:24:12.012] [info] Layer /blocks.22/Constant_14 finish at 39049
[2026-03-15 16:24:12.012] [info] Total compute time 19
[2026-03-15 16:24:12.012] [info] executable layer count 166
[2026-03-15 16:24:12.012] [info] Start layer /blocks.22/Constant_15
[2026-03-15 16:24:12.014] [info] Layer /blocks.22/Constant_15 finish at 39067
[2026-03-15 16:24:12.014] [info] Total compute time 18
[2026-03-15 16:24:12.014] [info] executable layer count 165
[2026-03-15 16:24:12.014] [info] Start layer /blocks.22/Constant_16
[2026-03-15 16:24:12.016] [info] Layer /blocks.22/Constant_16 finish at 39087
[2026-03-15 16:24:12.016] [info] Total compute time 20
[2026-03-15 16:24:12.016] [info] executable layer count 164
[2026-03-15 16:24:12.016] [info] Start layer /blocks.22/Constant_17
[2026-03-15 16:24:12.018] [info] Layer /blocks.22/Constant_17 finish at 39106
[2026-03-15 16:24:12.018] [info] Total compute time 19
[2026-03-15 16:24:12.018] [info] executable layer count 163
[2026-03-15 16:24:12.018] [info] Start layer /blocks.22/Constant_18
[2026-03-15 16:24:12.020] [info] Layer /blocks.22/Constant_18 finish at 39125
[2026-03-15 16:24:12.020] [info] Total compute time 19
[2026-03-15 16:24:12.020] [info] executable layer count 162
[2026-03-15 16:24:12.020] [info] Start layer /blocks.22/Constant_19
[2026-03-15 16:24:12.022] [info] Layer /blocks.22/Constant_19 finish at 39143
[2026-03-15 16:24:12.022] [info] Total compute time 18
[2026-03-15 16:24:12.022] [info] executable layer count 161
[2026-03-15 16:24:12.022] [info] Start layer /blocks.22/Constant_20
[2026-03-15 16:24:12.023] [info] Layer /blocks.22/Constant_20 finish at 39162
[2026-03-15 16:24:12.023] [info] Total compute time 19
[2026-03-15 16:24:12.023] [info] executable layer count 160
[2026-03-15 16:24:12.023] [info] Start layer /blocks.22/Constant_21
[2026-03-15 16:24:12.025] [info] Layer /blocks.22/Constant_21 finish at 39181
[2026-03-15 16:24:12.025] [info] Total compute time 19
[2026-03-15 16:24:12.025] [info] executable layer count 159
[2026-03-15 16:24:12.025] [info] Start layer /blocks.22/Constant_22
[2026-03-15 16:24:12.026] [info] Layer /blocks.22/Constant_22 finish at 39200
[2026-03-15 16:24:12.026] [info] Total compute time 19
[2026-03-15 16:24:12.026] [info] executable layer count 158
[2026-03-15 16:24:12.026] [info] Start layer /blocks.22/Constant_23
[2026-03-15 16:24:12.028] [info] Layer /blocks.22/Constant_23 finish at 39218
[2026-03-15 16:24:12.028] [info] Total compute time 18
[2026-03-15 16:24:12.028] [info] executable layer count 157
[2026-03-15 16:24:12.028] [info] Start layer /blocks.22/Constant_24
[2026-03-15 16:24:12.029] [info] Layer /blocks.22/Constant_24 finish at 39237
[2026-03-15 16:24:12.029] [info] Total compute time 19
[2026-03-15 16:24:12.029] [info] executable layer count 156
[2026-03-15 16:24:12.029] [info] Start layer /blocks.22/Constant_25
[2026-03-15 16:24:12.031] [info] Layer /blocks.22/Constant_25 finish at 39256
[2026-03-15 16:24:12.031] [info] Total compute time 19
[2026-03-15 16:24:12.031] [info] executable layer count 155
[2026-03-15 16:24:12.031] [info] Start layer /blocks.22/Constant_26
[2026-03-15 16:24:12.034] [info] Layer /blocks.22/Constant_26 finish at 39275
[2026-03-15 16:24:12.034] [info] Total compute time 19
[2026-03-15 16:24:12.034] [info] executable layer count 154
[2026-03-15 16:24:12.034] [info] Start layer /blocks.22/Constant_27
[2026-03-15 16:24:12.036] [info] Layer /blocks.22/Constant_27 finish at 39293
[2026-03-15 16:24:12.036] [info] Total compute time 18
[2026-03-15 16:24:12.036] [info] executable layer count 153
[2026-03-15 16:24:12.036] [info] Start layer /blocks.22/Constant_28
[2026-03-15 16:24:12.038] [info] Layer /blocks.22/Constant_28 finish at 39312
[2026-03-15 16:24:12.038] [info] Total compute time 19
[2026-03-15 16:24:12.038] [info] executable layer count 152
[2026-03-15 16:24:12.038] [info] Start layer /blocks.22/Constant_29
[2026-03-15 16:24:12.040] [info] Layer /blocks.22/Constant_29 finish at 39331
[2026-03-15 16:24:12.040] [info] Total compute time 19
[2026-03-15 16:24:12.040] [info] executable layer count 151
[2026-03-15 16:24:12.040] [info] Start layer /Constant_19
[2026-03-15 16:24:12.041] [info] Layer /Constant_19 finish at 39350
[2026-03-15 16:24:12.041] [info] Total compute time 19
[2026-03-15 16:24:12.041] [info] executable layer count 152
[2026-03-15 16:24:12.041] [info] Start layer /blocks.23/Constant
[2026-03-15 16:24:12.043] [info] Layer /blocks.23/Constant finish at 39368
[2026-03-15 16:24:12.043] [info] Total compute time 18
[2026-03-15 16:24:12.043] [info] executable layer count 151
[2026-03-15 16:24:12.043] [info] Start layer /blocks.23/Constant_1
[2026-03-15 16:24:12.044] [info] Layer /blocks.23/Constant_1 finish at 39387
[2026-03-15 16:24:12.044] [info] Total compute time 19
[2026-03-15 16:24:12.045] [info] executable layer count 150
[2026-03-15 16:24:12.045] [info] Start layer /blocks.23/Constant_2
[2026-03-15 16:24:12.046] [info] Layer /blocks.23/Constant_2 finish at 39406
[2026-03-15 16:24:12.046] [info] Total compute time 19
[2026-03-15 16:24:12.046] [info] executable layer count 149
[2026-03-15 16:24:12.046] [info] Start layer /blocks.23/Constant_3
[2026-03-15 16:24:12.048] [info] Layer /blocks.23/Constant_3 finish at 39425
[2026-03-15 16:24:12.048] [info] Total compute time 19
[2026-03-15 16:24:12.048] [info] executable layer count 148
[2026-03-15 16:24:12.048] [info] Start layer /blocks.23/Constant_4
[2026-03-15 16:24:12.050] [info] Layer /blocks.23/Constant_4 finish at 39443
[2026-03-15 16:24:12.050] [info] Total compute time 18
[2026-03-15 16:24:12.050] [info] executable layer count 147
[2026-03-15 16:24:12.050] [info] Start layer /blocks.23/Constant_5
[2026-03-15 16:24:12.052] [info] Layer /blocks.23/Constant_5 finish at 39462
[2026-03-15 16:24:12.052] [info] Total compute time 19
[2026-03-15 16:24:12.052] [info] executable layer count 146
[2026-03-15 16:24:12.052] [info] Start layer /blocks.23/Constant_6
[2026-03-15 16:24:12.055] [info] Layer /blocks.23/Constant_6 finish at 39481
[2026-03-15 16:24:12.055] [info] Total compute time 19
[2026-03-15 16:24:12.055] [info] executable layer count 145
[2026-03-15 16:24:12.055] [info] Start layer /blocks.23/Constant_7
[2026-03-15 16:24:12.056] [info] Layer /blocks.23/Constant_7 finish at 39500
[2026-03-15 16:24:12.056] [info] Total compute time 19
[2026-03-15 16:24:12.056] [info] executable layer count 144
[2026-03-15 16:24:12.056] [info] Start layer /blocks.23/Constant_8
[2026-03-15 16:24:12.058] [info] Layer /blocks.23/Constant_8 finish at 39518
[2026-03-15 16:24:12.058] [info] Total compute time 18
[2026-03-15 16:24:12.058] [info] executable layer count 143
[2026-03-15 16:24:12.058] [info] Start layer /blocks.23/Constant_9
[2026-03-15 16:24:12.060] [info] Layer /blocks.23/Constant_9 finish at 39537
[2026-03-15 16:24:12.060] [info] Total compute time 19
[2026-03-15 16:24:12.060] [info] executable layer count 142
[2026-03-15 16:24:12.060] [info] Start layer /blocks.23/Constant_10
[2026-03-15 16:24:12.062] [info] Layer /blocks.23/Constant_10 finish at 39556
[2026-03-15 16:24:12.062] [info] Total compute time 19
[2026-03-15 16:24:12.062] [info] executable layer count 141
[2026-03-15 16:24:12.062] [info] Start layer /blocks.23/Constant_11
[2026-03-15 16:24:12.064] [info] Layer /blocks.23/Constant_11 finish at 39575
[2026-03-15 16:24:12.064] [info] Total compute time 19
[2026-03-15 16:24:12.065] [info] executable layer count 140
[2026-03-15 16:24:12.065] [info] Start layer /blocks.23/Constant_12
[2026-03-15 16:24:12.067] [info] Layer /blocks.23/Constant_12 finish at 39595
[2026-03-15 16:24:12.067] [info] Total compute time 20
[2026-03-15 16:24:12.067] [info] executable layer count 139
[2026-03-15 16:24:12.067] [info] Start layer /blocks.23/Constant_13
[2026-03-15 16:24:12.069] [info] Layer /blocks.23/Constant_13 finish at 39614
[2026-03-15 16:24:12.069] [info] Total compute time 19
[2026-03-15 16:24:12.069] [info] executable layer count 138
[2026-03-15 16:24:12.069] [info] Start layer /blocks.23/Constant_14
[2026-03-15 16:24:12.071] [info] Layer /blocks.23/Constant_14 finish at 39633
[2026-03-15 16:24:12.071] [info] Total compute time 19
[2026-03-15 16:24:12.071] [info] executable layer count 137
[2026-03-15 16:24:12.071] [info] Start layer /blocks.23/Constant_15
[2026-03-15 16:24:12.073] [info] Layer /blocks.23/Constant_15 finish at 39652
[2026-03-15 16:24:12.073] [info] Total compute time 19
[2026-03-15 16:24:12.073] [info] executable layer count 136
[2026-03-15 16:24:12.073] [info] Start layer /blocks.23/Constant_16
[2026-03-15 16:24:12.075] [info] Layer /blocks.23/Constant_16 finish at 39670
[2026-03-15 16:24:12.075] [info] Total compute time 18
[2026-03-15 16:24:12.075] [info] executable layer count 135
[2026-03-15 16:24:12.075] [info] Start layer /blocks.23/Constant_17
[2026-03-15 16:24:12.076] [info] Layer /blocks.23/Constant_17 finish at 39689
[2026-03-15 16:24:12.076] [info] Total compute time 19
[2026-03-15 16:24:12.076] [info] executable layer count 134
[2026-03-15 16:24:12.076] [info] Start layer /blocks.23/Constant_18
[2026-03-15 16:24:12.077] [info] Layer /blocks.23/Constant_18 finish at 39708
[2026-03-15 16:24:12.077] [info] Total compute time 19
[2026-03-15 16:24:12.077] [info] executable layer count 133
[2026-03-15 16:24:12.077] [info] Start layer /blocks.23/Constant_19
[2026-03-15 16:24:12.079] [info] Layer /blocks.23/Constant_19 finish at 39727
[2026-03-15 16:24:12.079] [info] Total compute time 19
[2026-03-15 16:24:12.079] [info] executable layer count 132
[2026-03-15 16:24:12.079] [info] Start layer /blocks.23/Constant_20
[2026-03-15 16:24:12.080] [info] Layer /blocks.23/Constant_20 finish at 39745
[2026-03-15 16:24:12.080] [info] Total compute time 18
[2026-03-15 16:24:12.080] [info] executable layer count 131
[2026-03-15 16:24:12.080] [info] Start layer /blocks.23/Constant_21
[2026-03-15 16:24:12.081] [info] Layer /blocks.23/Constant_21 finish at 39765
[2026-03-15 16:24:12.081] [info] Total compute time 20
[2026-03-15 16:24:12.081] [info] executable layer count 130
[2026-03-15 16:24:12.081] [info] Start layer /blocks.23/Constant_22
[2026-03-15 16:24:12.083] [info] Layer /blocks.23/Constant_22 finish at 39784
[2026-03-15 16:24:12.083] [info] Total compute time 19
[2026-03-15 16:24:12.083] [info] executable layer count 129
[2026-03-15 16:24:12.083] [info] Start layer /blocks.23/Constant_23
[2026-03-15 16:24:12.085] [info] Layer /blocks.23/Constant_23 finish at 39803
[2026-03-15 16:24:12.085] [info] Total compute time 19
[2026-03-15 16:24:12.085] [info] executable layer count 128
[2026-03-15 16:24:12.085] [info] Start layer /blocks.23/Constant_24
[2026-03-15 16:24:12.087] [info] Layer /blocks.23/Constant_24 finish at 39821
[2026-03-15 16:24:12.087] [info] Total compute time 18
[2026-03-15 16:24:12.087] [info] executable layer count 127
[2026-03-15 16:24:12.087] [info] Start layer /blocks.23/Constant_25
[2026-03-15 16:24:12.088] [info] Layer /blocks.23/Constant_25 finish at 39840
[2026-03-15 16:24:12.088] [info] Total compute time 19
[2026-03-15 16:24:12.088] [info] executable layer count 126
[2026-03-15 16:24:12.088] [info] Start layer /blocks.23/Constant_26
[2026-03-15 16:24:12.089] [info] Layer /blocks.23/Constant_26 finish at 39859
[2026-03-15 16:24:12.089] [info] Total compute time 19
[2026-03-15 16:24:12.089] [info] executable layer count 125
[2026-03-15 16:24:12.089] [info] Start layer /blocks.23/Constant_27
[2026-03-15 16:24:12.091] [info] Layer /blocks.23/Constant_27 finish at 39879
[2026-03-15 16:24:12.091] [info] Total compute time 20
[2026-03-15 16:24:12.091] [info] executable layer count 124
[2026-03-15 16:24:12.091] [info] Start layer /blocks.23/Constant_28
[2026-03-15 16:24:12.092] [info] Layer /blocks.23/Constant_28 finish at 39898
[2026-03-15 16:24:12.092] [info] Total compute time 19
[2026-03-15 16:24:12.092] [info] executable layer count 123
[2026-03-15 16:24:12.092] [info] Start layer /blocks.23/Constant_29
[2026-03-15 16:24:12.093] [info] Layer /blocks.23/Constant_29 finish at 39917
[2026-03-15 16:24:12.093] [info] Total compute time 19
[2026-03-15 16:24:12.093] [info] executable layer count 122
[2026-03-15 16:24:12.093] [info] Start layer /Constant_20
[2026-03-15 16:24:12.094] [info] Layer /Constant_20 finish at 39936
[2026-03-15 16:24:12.094] [info] Total compute time 19
[2026-03-15 16:24:12.094] [info] executable layer count 121
[2026-03-15 16:24:12.094] [info] Start layer /Constant_21
[2026-03-15 16:24:12.096] [info] Layer /Constant_21 finish at 39955
[2026-03-15 16:24:12.096] [info] Total compute time 19
[2026-03-15 16:24:12.096] [info] executable layer count 120
[2026-03-15 16:24:12.096] [info] Start layer /Constant_22
[2026-03-15 16:24:12.097] [info] Layer /Constant_22 finish at 39973
[2026-03-15 16:24:12.097] [info] Total compute time 18
[2026-03-15 16:24:12.097] [info] executable layer count 119
[2026-03-15 16:24:12.097] [info] Start layer /Constant_23
[2026-03-15 16:24:12.098] [info] HBM2-CH_0: BW utilization 4% (425 reads, 36 writes)
[2026-03-15 16:24:12.098] [info] Layer /Constant_23 finish at 39992
[2026-03-15 16:24:12.098] [info] Total compute time 19
[2026-03-15 16:24:12.098] [info] executable layer count 118
[2026-03-15 16:24:12.098] [info] Start layer /Constant_24
[2026-03-15 16:24:12.099] [info] Core [0] Tile Stats | Issued: 229 Running: 0 Finished: 229
[2026-03-15 16:24:12.099] [info] cycle: [40000]
[2026-03-15 16:24:12.099] [info] Tile  status /Constant_24, instructions left 1
[2026-03-15 16:24:12.099] [info] Core [1] Tile Stats | Issued: 230 Running: 1 Finished: 229
[2026-03-15 16:24:12.099] [info] cycle: [40000]
[2026-03-15 16:24:12.099] [info] Core [2] Tile Stats | Issued: 230 Running: 0 Finished: 230
[2026-03-15 16:24:12.099] [info] cycle: [40000]
[2026-03-15 16:24:12.099] [info] Core [3] Tile Stats | Issued: 229 Running: 0 Finished: 229
[2026-03-15 16:24:12.099] [info] cycle: [40000]
[2026-03-15 16:24:12.099] [info] Layer /Constant_24 finish at 40011
[2026-03-15 16:24:12.099] [info] Total compute time 19
[2026-03-15 16:24:12.100] [info] executable layer count 117
[2026-03-15 16:24:12.100] [info] Start layer /Constant_25
[2026-03-15 16:24:12.101] [info] Layer /Constant_25 finish at 40030
[2026-03-15 16:24:12.101] [info] Total compute time 19
[2026-03-15 16:24:12.101] [info] executable layer count 116
[2026-03-15 16:24:12.101] [info] Start layer /Constant_26
[2026-03-15 16:24:12.102] [info] Layer /Constant_26 finish at 40048
[2026-03-15 16:24:12.102] [info] Total compute time 18
[2026-03-15 16:24:12.102] [info] executable layer count 115
[2026-03-15 16:24:12.102] [info] Start layer /Constant_27
[2026-03-15 16:24:12.103] [info] Layer /Constant_27 finish at 40067
[2026-03-15 16:24:12.103] [info] Total compute time 19
[2026-03-15 16:24:12.103] [info] executable layer count 114
[2026-03-15 16:24:12.103] [info] Start layer /Constant_28
[2026-03-15 16:24:12.104] [info] Layer /Constant_28 finish at 40088
[2026-03-15 16:24:12.104] [info] Total compute time 21
[2026-03-15 16:24:12.104] [info] executable layer count 113
[2026-03-15 16:24:12.104] [info] Start layer /Constant_29
[2026-03-15 16:24:12.106] [info] Layer /Constant_29 finish at 40119
[2026-03-15 16:24:12.106] [info] Total compute time 31
[2026-03-15 16:24:12.106] [info] executable layer count 112
[2026-03-15 16:24:12.106] [info] Start layer /Constant_30
[2026-03-15 16:24:12.108] [info] Layer /Constant_30 finish at 40144
[2026-03-15 16:24:12.108] [info] Total compute time 25
[2026-03-15 16:24:12.108] [info] executable layer count 111
[2026-03-15 16:24:12.108] [info] Start layer /Constant_31
[2026-03-15 16:24:12.111] [info] Layer /Constant_31 finish at 40197
[2026-03-15 16:24:12.111] [info] Total compute time 53
[2026-03-15 16:24:12.111] [info] executable layer count 110
[2026-03-15 16:24:12.111] [info] Start layer /Constant_32
[2026-03-15 16:24:12.113] [info] Layer /Constant_32 finish at 40216
[2026-03-15 16:24:12.113] [info] Total compute time 19
[2026-03-15 16:24:12.113] [info] executable layer count 109
[2026-03-15 16:24:12.113] [info] Start layer /Constant_33
[2026-03-15 16:24:12.114] [info] Layer /Constant_33 finish at 40235
[2026-03-15 16:24:12.114] [info] Total compute time 19
[2026-03-15 16:24:12.114] [info] executable layer count 108
[2026-03-15 16:24:12.114] [info] Start layer /Constant_34
[2026-03-15 16:24:12.115] [info] Layer /Constant_34 finish at 40253
[2026-03-15 16:24:12.115] [info] Total compute time 18
[2026-03-15 16:24:12.115] [info] executable layer count 107
[2026-03-15 16:24:12.115] [info] Start layer /Constant_35
[2026-03-15 16:24:12.116] [info] Layer /Constant_35 finish at 40272
[2026-03-15 16:24:12.116] [info] Total compute time 19
[2026-03-15 16:24:12.116] [info] executable layer count 106
[2026-03-15 16:24:12.116] [info] Start layer /Constant_36
[2026-03-15 16:24:12.117] [info] Layer /Constant_36 finish at 40291
[2026-03-15 16:24:12.117] [info] Total compute time 19
[2026-03-15 16:24:12.117] [info] executable layer count 105
[2026-03-15 16:24:12.117] [info] Start layer /Constant_37
[2026-03-15 16:24:12.119] [info] Layer /Constant_37 finish at 40310
[2026-03-15 16:24:12.119] [info] Total compute time 19
[2026-03-15 16:24:12.119] [info] executable layer count 104
[2026-03-15 16:24:12.119] [info] Start layer /Constant_38
[2026-03-15 16:24:12.120] [info] Layer /Constant_38 finish at 40328
[2026-03-15 16:24:12.120] [info] Total compute time 18
[2026-03-15 16:24:12.120] [info] executable layer count 103
[2026-03-15 16:24:12.120] [info] Start layer /Constant_39
[2026-03-15 16:24:12.121] [info] Layer /Constant_39 finish at 40347
[2026-03-15 16:24:12.121] [info] Total compute time 19
[2026-03-15 16:24:12.121] [info] executable layer count 102
[2026-03-15 16:24:12.121] [info] Start layer /Constant_40
[2026-03-15 16:24:12.122] [info] Layer /Constant_40 finish at 40366
[2026-03-15 16:24:12.122] [info] Total compute time 19
[2026-03-15 16:24:12.122] [info] executable layer count 101
[2026-03-15 16:24:12.122] [info] Start layer /Constant_41
[2026-03-15 16:24:12.123] [info] Layer /Constant_41 finish at 40385
[2026-03-15 16:24:12.123] [info] Total compute time 19
[2026-03-15 16:24:12.123] [info] executable layer count 100
[2026-03-15 16:24:12.123] [info] Start layer /Constant_42
[2026-03-15 16:24:12.125] [info] Layer /Constant_42 finish at 40403
[2026-03-15 16:24:12.125] [info] Total compute time 18
[2026-03-15 16:24:12.125] [info] executable layer count 99
[2026-03-15 16:24:12.125] [info] Start layer /Constant_43
[2026-03-15 16:24:12.126] [info] Layer /Constant_43 finish at 40422
[2026-03-15 16:24:12.126] [info] Total compute time 19
[2026-03-15 16:24:12.126] [info] executable layer count 98
[2026-03-15 16:24:12.126] [info] Start layer /Constant_44
[2026-03-15 16:24:12.127] [info] Layer /Constant_44 finish at 40441
[2026-03-15 16:24:12.127] [info] Total compute time 19
[2026-03-15 16:24:12.127] [info] executable layer count 97
[2026-03-15 16:24:12.127] [info] Start layer /Constant_45
[2026-03-15 16:24:12.128] [info] Layer /Constant_45 finish at 40460
[2026-03-15 16:24:12.128] [info] Total compute time 19
[2026-03-15 16:24:12.128] [info] executable layer count 96
[2026-03-15 16:24:12.128] [info] Start layer /Constant_46
[2026-03-15 16:24:12.129] [info] Layer /Constant_46 finish at 40478
[2026-03-15 16:24:12.129] [info] Total compute time 18
[2026-03-15 16:24:12.129] [info] executable layer count 95
[2026-03-15 16:24:12.129] [info] Start layer /Constant_47
[2026-03-15 16:24:12.131] [info] Layer /Constant_47 finish at 40497
[2026-03-15 16:24:12.131] [info] Total compute time 19
[2026-03-15 16:24:12.131] [info] executable layer count 94
[2026-03-15 16:24:12.131] [info] Start layer /Constant_48
[2026-03-15 16:24:12.132] [info] Layer /Constant_48 finish at 40516
[2026-03-15 16:24:12.132] [info] Total compute time 19
[2026-03-15 16:24:12.132] [info] executable layer count 93
[2026-03-15 16:24:12.132] [info] Start layer /Constant_49
[2026-03-15 16:24:12.133] [info] Layer /Constant_49 finish at 40535
[2026-03-15 16:24:12.133] [info] Total compute time 19
[2026-03-15 16:24:12.133] [info] executable layer count 92
[2026-03-15 16:24:12.133] [info] Start layer /Constant_50
[2026-03-15 16:24:12.134] [info] Layer /Constant_50 finish at 40553
[2026-03-15 16:24:12.134] [info] Total compute time 18
[2026-03-15 16:24:12.134] [info] executable layer count 91
[2026-03-15 16:24:12.134] [info] Start layer /Constant_51
[2026-03-15 16:24:12.135] [info] Layer /Constant_51 finish at 40572
[2026-03-15 16:24:12.135] [info] Total compute time 19
[2026-03-15 16:24:12.135] [info] executable layer count 90
[2026-03-15 16:24:12.135] [info] Start layer /Constant_52
[2026-03-15 16:24:12.137] [info] Layer /Constant_52 finish at 40591
[2026-03-15 16:24:12.137] [info] Total compute time 19
[2026-03-15 16:24:12.137] [info] executable layer count 89
[2026-03-15 16:24:12.137] [info] Start layer /Constant_53
[2026-03-15 16:24:12.138] [info] Layer /Constant_53 finish at 40610
[2026-03-15 16:24:12.138] [info] Total compute time 19
[2026-03-15 16:24:12.138] [info] executable layer count 88
[2026-03-15 16:24:12.138] [info] Start layer /Constant_54
[2026-03-15 16:24:12.139] [info] Layer /Constant_54 finish at 40628
[2026-03-15 16:24:12.139] [info] Total compute time 18
[2026-03-15 16:24:12.139] [info] executable layer count 87
[2026-03-15 16:24:12.139] [info] Start layer /Constant_55
[2026-03-15 16:24:12.140] [info] Layer /Constant_55 finish at 40647
[2026-03-15 16:24:12.140] [info] Total compute time 19
[2026-03-15 16:24:12.140] [info] executable layer count 86
[2026-03-15 16:24:12.140] [info] Start layer /Constant_56
[2026-03-15 16:24:12.141] [info] Layer /Constant_56 finish at 40666
[2026-03-15 16:24:12.141] [info] Total compute time 19
[2026-03-15 16:24:12.141] [info] executable layer count 85
[2026-03-15 16:24:12.141] [info] Start layer /Constant_57
[2026-03-15 16:24:12.143] [info] Layer /Constant_57 finish at 40685
[2026-03-15 16:24:12.143] [info] Total compute time 19
[2026-03-15 16:24:12.143] [info] executable layer count 84
[2026-03-15 16:24:12.143] [info] Start layer /Constant_58
[2026-03-15 16:24:12.144] [info] Layer /Constant_58 finish at 40703
[2026-03-15 16:24:12.144] [info] Total compute time 18
[2026-03-15 16:24:12.144] [info] executable layer count 83
[2026-03-15 16:24:12.144] [info] Start layer /Constant_59
[2026-03-15 16:24:12.145] [info] Layer /Constant_59 finish at 40722
[2026-03-15 16:24:12.145] [info] Total compute time 19
[2026-03-15 16:24:12.145] [info] executable layer count 82
[2026-03-15 16:24:12.145] [info] Start layer /Constant_60
[2026-03-15 16:24:12.146] [info] Layer /Constant_60 finish at 40741
[2026-03-15 16:24:12.146] [info] Total compute time 19
[2026-03-15 16:24:12.146] [info] executable layer count 81
[2026-03-15 16:24:12.146] [info] Start layer /Constant_61
[2026-03-15 16:24:12.147] [info] Layer /Constant_61 finish at 40760
[2026-03-15 16:24:12.147] [info] Total compute time 19
[2026-03-15 16:24:12.147] [info] executable layer count 80
[2026-03-15 16:24:12.147] [info] Start layer /Constant_62
[2026-03-15 16:24:12.149] [info] Layer /Constant_62 finish at 40779
[2026-03-15 16:24:12.149] [info] Total compute time 19
[2026-03-15 16:24:12.149] [info] executable layer count 79
[2026-03-15 16:24:12.149] [info] Start layer /Constant_63
[2026-03-15 16:24:12.150] [info] Layer /Constant_63 finish at 40798
[2026-03-15 16:24:12.150] [info] Total compute time 19
[2026-03-15 16:24:12.150] [info] executable layer count 78
[2026-03-15 16:24:12.150] [info] Start layer /Constant_64
[2026-03-15 16:24:12.151] [info] Layer /Constant_64 finish at 40817
[2026-03-15 16:24:12.151] [info] Total compute time 19
[2026-03-15 16:24:12.151] [info] executable layer count 77
[2026-03-15 16:24:12.151] [info] Start layer /Constant_65
[2026-03-15 16:24:12.152] [info] Layer /Constant_65 finish at 40836
[2026-03-15 16:24:12.152] [info] Total compute time 19
[2026-03-15 16:24:12.152] [info] executable layer count 76
[2026-03-15 16:24:12.152] [info] Start layer /Constant_66
[2026-03-15 16:24:12.154] [info] Layer /Constant_66 finish at 40854
[2026-03-15 16:24:12.154] [info] Total compute time 18
[2026-03-15 16:24:12.154] [info] executable layer count 75
[2026-03-15 16:24:12.154] [info] Start layer /Constant_67
[2026-03-15 16:24:12.155] [info] Layer /Constant_67 finish at 40875
[2026-03-15 16:24:12.155] [info] Total compute time 21
[2026-03-15 16:24:12.155] [info] executable layer count 74
[2026-03-15 16:24:12.155] [info] Start layer /blocks.23/Exp
[2026-03-15 16:24:12.169] [info] Layer /blocks.23/Exp finish at 41030
[2026-03-15 16:24:12.169] [info] Total compute time 155
[2026-03-15 16:24:12.169] [info] executable layer count 74
[2026-03-15 16:24:12.169] [info] Start layer /blocks.22/Exp
[2026-03-15 16:24:12.196] [info] Layer /blocks.22/Exp finish at 41315
[2026-03-15 16:24:12.196] [info] Total compute time 285
[2026-03-15 16:24:12.196] [info] executable layer count 74
[2026-03-15 16:24:12.196] [info] Start layer /blocks.21/Exp
[2026-03-15 16:24:12.222] [info] Layer /blocks.21/Exp finish at 41599
[2026-03-15 16:24:12.222] [info] Total compute time 284
[2026-03-15 16:24:12.222] [info] executable layer count 74
[2026-03-15 16:24:12.222] [info] Start layer /blocks.20/Exp
[2026-03-15 16:24:12.249] [info] Layer /blocks.20/Exp finish at 41887
[2026-03-15 16:24:12.249] [info] Total compute time 288
[2026-03-15 16:24:12.249] [info] executable layer count 74
[2026-03-15 16:24:12.249] [info] Start layer /blocks.19/Exp
[2026-03-15 16:24:12.275] [info] Layer /blocks.19/Exp finish at 42186
[2026-03-15 16:24:12.275] [info] Total compute time 299
[2026-03-15 16:24:12.275] [info] executable layer count 74
[2026-03-15 16:24:12.275] [info] Start layer /blocks.18/Exp
[2026-03-15 16:24:12.301] [info] Layer /blocks.18/Exp finish at 42467
[2026-03-15 16:24:12.301] [info] Total compute time 281
[2026-03-15 16:24:12.301] [info] executable layer count 74
[2026-03-15 16:24:12.301] [info] Start layer /blocks.17/Exp
[2026-03-15 16:24:12.327] [info] Layer /blocks.17/Exp finish at 42750
[2026-03-15 16:24:12.327] [info] Total compute time 283
[2026-03-15 16:24:12.327] [info] executable layer count 74
[2026-03-15 16:24:12.327] [info] Start layer /blocks.16/Exp
[2026-03-15 16:24:12.352] [info] Layer /blocks.16/Exp finish at 43037
[2026-03-15 16:24:12.352] [info] Total compute time 287
[2026-03-15 16:24:12.352] [info] executable layer count 74
[2026-03-15 16:24:12.352] [info] Start layer /blocks.15/Exp
[2026-03-15 16:24:12.380] [info] Layer /blocks.15/Exp finish at 43336
[2026-03-15 16:24:12.380] [info] Total compute time 299
[2026-03-15 16:24:12.380] [info] executable layer count 74
[2026-03-15 16:24:12.380] [info] Start layer /blocks.14/Exp
[2026-03-15 16:24:12.407] [info] Layer /blocks.14/Exp finish at 43630
[2026-03-15 16:24:12.407] [info] Total compute time 294
[2026-03-15 16:24:12.407] [info] executable layer count 74
[2026-03-15 16:24:12.407] [info] Start layer /blocks.13/Exp
[2026-03-15 16:24:12.432] [info] Layer /blocks.13/Exp finish at 43914
[2026-03-15 16:24:12.432] [info] Total compute time 284
[2026-03-15 16:24:12.432] [info] executable layer count 74
[2026-03-15 16:24:12.432] [info] Start layer /blocks.12/Exp
[2026-03-15 16:24:12.458] [info] Layer /blocks.12/Exp finish at 44203
[2026-03-15 16:24:12.458] [info] Total compute time 289
[2026-03-15 16:24:12.458] [info] executable layer count 74
[2026-03-15 16:24:12.458] [info] Start layer /blocks.11/Exp
[2026-03-15 16:24:12.486] [info] Layer /blocks.11/Exp finish at 44492
[2026-03-15 16:24:12.486] [info] Total compute time 289
[2026-03-15 16:24:12.486] [info] executable layer count 74
[2026-03-15 16:24:12.486] [info] Start layer /blocks.10/Exp
[2026-03-15 16:24:12.556] [info] Layer /blocks.10/Exp finish at 44783
[2026-03-15 16:24:12.556] [info] Total compute time 291
[2026-03-15 16:24:12.556] [info] executable layer count 74
[2026-03-15 16:24:12.556] [info] Start layer /blocks.9/Exp
[2026-03-15 16:24:12.590] [info] Layer /blocks.9/Exp finish at 45069
[2026-03-15 16:24:12.590] [info] Total compute time 286
[2026-03-15 16:24:12.590] [info] executable layer count 74
[2026-03-15 16:24:12.590] [info] Start layer /blocks.8/Exp
[2026-03-15 16:24:12.618] [info] Layer /blocks.8/Exp finish at 45356
[2026-03-15 16:24:12.618] [info] Total compute time 287
[2026-03-15 16:24:12.618] [info] executable layer count 74
[2026-03-15 16:24:12.618] [info] Start layer /blocks.7/Exp
[2026-03-15 16:24:12.656] [info] Layer /blocks.7/Exp finish at 45644
[2026-03-15 16:24:12.656] [info] Total compute time 288
[2026-03-15 16:24:12.656] [info] executable layer count 74
[2026-03-15 16:24:12.656] [info] Start layer /blocks.6/Exp
[2026-03-15 16:24:12.683] [info] Layer /blocks.6/Exp finish at 45937
[2026-03-15 16:24:12.683] [info] Total compute time 293
[2026-03-15 16:24:12.683] [info] executable layer count 74
[2026-03-15 16:24:12.683] [info] Start layer /blocks.5/Exp
[2026-03-15 16:24:12.709] [info] Layer /blocks.5/Exp finish at 46223
[2026-03-15 16:24:12.709] [info] Total compute time 286
[2026-03-15 16:24:12.709] [info] executable layer count 74
[2026-03-15 16:24:12.709] [info] Start layer /blocks.4/Exp
[2026-03-15 16:24:12.734] [info] Layer /blocks.4/Exp finish at 46510
[2026-03-15 16:24:12.734] [info] Total compute time 287
[2026-03-15 16:24:12.734] [info] executable layer count 74
[2026-03-15 16:24:12.734] [info] Start layer /blocks.3/Exp
[2026-03-15 16:24:12.760] [info] Layer /blocks.3/Exp finish at 46792
[2026-03-15 16:24:12.760] [info] Total compute time 282
[2026-03-15 16:24:12.760] [info] executable layer count 74
[2026-03-15 16:24:12.760] [info] Start layer /blocks.2/Exp
[2026-03-15 16:24:12.786] [info] Layer /blocks.2/Exp finish at 47081
[2026-03-15 16:24:12.786] [info] Total compute time 289
[2026-03-15 16:24:12.786] [info] executable layer count 74
[2026-03-15 16:24:12.786] [info] Start layer /blocks.1/Exp
[2026-03-15 16:24:12.815] [info] Layer /blocks.1/Exp finish at 47374
[2026-03-15 16:24:12.815] [info] Total compute time 293
[2026-03-15 16:24:12.816] [info] executable layer count 74
[2026-03-15 16:24:12.816] [info] Start layer /Gather
[2026-03-15 16:24:12.887] [info] HBM2-CH_0: BW utilization 51% (2721 reads, 2202 writes)
[2026-03-15 16:24:12.889] [info] Core [0] Tile Stats | Issued: 246 Running: 0 Finished: 246
[2026-03-15 16:24:12.889] [info] cycle: [48000]
[2026-03-15 16:24:12.889] [info] Core [1] Tile Stats | Issued: 246 Running: 0 Finished: 246
[2026-03-15 16:24:12.889] [info] cycle: [48000]
[2026-03-15 16:24:12.889] [info] Tile  status /Gather, instructions left 1
[2026-03-15 16:24:12.889] [info] Core [2] Tile Stats | Issued: 247 Running: 1 Finished: 246
[2026-03-15 16:24:12.889] [info] cycle: [48000]
[2026-03-15 16:24:12.889] [info] Core [3] Tile Stats | Issued: 246 Running: 0 Finished: 246
[2026-03-15 16:24:12.889] [info] cycle: [48000]
[2026-03-15 16:24:12.904] [info] Layer /Gather finish at 48133
[2026-03-15 16:24:12.904] [info] Total compute time 759
[2026-03-15 16:24:12.904] [info] executable layer count 75
[2026-03-15 16:24:12.904] [info] Start layer /Gather_1
[2026-03-15 16:24:13.320] [info] Layer /Gather_1 finish at 51253
[2026-03-15 16:24:13.320] [info] Total compute time 3120
[2026-03-15 16:24:13.320] [info] executable layer count 75
[2026-03-15 16:24:13.320] [info] Start layer /Gather_2
[2026-03-15 16:24:13.698] [info] Layer /Gather_2 finish at 54317
[2026-03-15 16:24:13.698] [info] Total compute time 3064
[2026-03-15 16:24:13.698] [info] executable layer count 76
[2026-03-15 16:24:13.698] [info] Start layer /Gather_3
[2026-03-15 16:24:13.914] [info] HBM2-CH_0: BW utilization 76% (3923 reads, 3436 writes)
[2026-03-15 16:24:13.917] [info] Core [0] Tile Stats | Issued: 247 Running: 0 Finished: 247
[2026-03-15 16:24:13.917] [info] cycle: [56000]
[2026-03-15 16:24:13.917] [info] Core [1] Tile Stats | Issued: 247 Running: 0 Finished: 247
[2026-03-15 16:24:13.917] [info] cycle: [56000]
[2026-03-15 16:24:13.917] [info] Core [2] Tile Stats | Issued: 247 Running: 0 Finished: 247
[2026-03-15 16:24:13.917] [info] cycle: [56000]
[2026-03-15 16:24:13.917] [info] Tile  status /Gather_3, instructions left 1
[2026-03-15 16:24:13.917] [info] Core [3] Tile Stats | Issued: 247 Running: 1 Finished: 246
[2026-03-15 16:24:13.917] [info] cycle: [56000]
[2026-03-15 16:24:14.132] [info] Layer /Gather_3 finish at 57411
[2026-03-15 16:24:14.132] [info] Total compute time 3094
[2026-03-15 16:24:14.132] [info] executable layer count 76
[2026-03-15 16:24:14.132] [info] Start layer /blocks.0/Slice
[2026-03-15 16:24:14.137] [info] Layer /blocks.0/Slice finish at 57468
[2026-03-15 16:24:14.137] [info] Total compute time 57
[2026-03-15 16:24:14.137] [info] executable layer count 75
[2026-03-15 16:24:14.137] [info] Start layer /blocks.0/Slice_1
[2026-03-15 16:24:14.424] [info] Layer /blocks.0/Slice_1 finish at 59860
[2026-03-15 16:24:14.424] [info] Total compute time 2392
[2026-03-15 16:24:14.424] [info] executable layer count 75
[2026-03-15 16:24:14.424] [info] Start layer /Gather_40
[2026-03-15 16:24:14.496] [info] Layer /Gather_40 finish at 60516
[2026-03-15 16:24:14.496] [info] Total compute time 656
[2026-03-15 16:24:14.496] [info] executable layer count 76
[2026-03-15 16:24:14.496] [info] Start layer /Gather_41
[2026-03-15 16:24:14.878] [info] Layer /Gather_41 finish at 63543
[2026-03-15 16:24:14.878] [info] Total compute time 3027
[2026-03-15 16:24:14.878] [info] executable layer count 76
[2026-03-15 16:24:14.878] [info] Start layer /Gather_12
[2026-03-15 16:24:14.923] [info] HBM2-CH_0: BW utilization 78% (4434 reads, 3141 writes)
[2026-03-15 16:24:14.926] [info] Core [0] Tile Stats | Issued: 248 Running: 0 Finished: 248
[2026-03-15 16:24:14.926] [info] cycle: [64000]
[2026-03-15 16:24:14.926] [info] Core [1] Tile Stats | Issued: 248 Running: 0 Finished: 248
[2026-03-15 16:24:14.926] [info] cycle: [64000]
[2026-03-15 16:24:14.926] [info] Tile  status /Gather_12, instructions left 1
[2026-03-15 16:24:14.926] [info] Core [2] Tile Stats | Issued: 249 Running: 1 Finished: 248
[2026-03-15 16:24:14.926] [info] cycle: [64000]
[2026-03-15 16:24:14.926] [info] Core [3] Tile Stats | Issued: 248 Running: 0 Finished: 248
[2026-03-15 16:24:14.926] [info] cycle: [64000]
[2026-03-15 16:24:15.305] [info] Layer /Gather_12 finish at 66559
[2026-03-15 16:24:15.305] [info] Total compute time 3016
[2026-03-15 16:24:15.305] [info] executable layer count 77
[2026-03-15 16:24:15.305] [info] Start layer /Gather_13
[2026-03-15 16:24:15.713] [info] Layer /Gather_13 finish at 69605
[2026-03-15 16:24:15.713] [info] Total compute time 3046
[2026-03-15 16:24:15.713] [info] executable layer count 77
[2026-03-15 16:24:15.713] [info] Start layer /blocks.0/Neg
[2026-03-15 16:24:16.003] [info] HBM2-CH_0: BW utilization 80% (2808 reads, 4896 writes)
[2026-03-15 16:24:16.006] [info] Tile  status /blocks.0/Neg, instructions left 2
[2026-03-15 16:24:16.006] [info] Core [0] Tile Stats | Issued: 249 Running: 1 Finished: 248
[2026-03-15 16:24:16.006] [info] cycle: [72000]
[2026-03-15 16:24:16.006] [info] Core [1] Tile Stats | Issued: 249 Running: 0 Finished: 249
[2026-03-15 16:24:16.006] [info] cycle: [72000]
[2026-03-15 16:24:16.006] [info] Core [2] Tile Stats | Issued: 249 Running: 0 Finished: 249
[2026-03-15 16:24:16.006] [info] cycle: [72000]
[2026-03-15 16:24:16.006] [info] Core [3] Tile Stats | Issued: 248 Running: 0 Finished: 248
[2026-03-15 16:24:16.006] [info] cycle: [72000]
[2026-03-15 16:24:16.019] [info] Layer /blocks.0/Neg finish at 72146
[2026-03-15 16:24:16.020] [info] Total compute time 2541
[2026-03-15 16:24:16.020] [info] executable layer count 77
[2026-03-15 16:24:16.020] [info] Start layer /Gather_32
[2026-03-15 16:24:16.106] [info] Layer /Gather_32 finish at 72906
[2026-03-15 16:24:16.106] [info] Total compute time 760
[2026-03-15 16:24:16.106] [info] executable layer count 78
[2026-03-15 16:24:16.106] [info] Start layer /Gather_33
[2026-03-15 16:24:16.490] [info] Layer /Gather_33 finish at 75922
[2026-03-15 16:24:16.490] [info] Total compute time 3016
[2026-03-15 16:24:16.490] [info] executable layer count 78
[2026-03-15 16:24:16.490] [info] Start layer /Gather_4
[2026-03-15 16:24:16.867] [info] Layer /Gather_4 finish at 78958
[2026-03-15 16:24:16.867] [info] Total compute time 3036
[2026-03-15 16:24:16.867] [info] executable layer count 79
[2026-03-15 16:24:16.867] [info] Start layer /Gather_5
[2026-03-15 16:24:16.983] [info] HBM2-CH_0: BW utilization 76% (3903 reads, 3487 writes)
[2026-03-15 16:24:16.987] [info] Core [0] Tile Stats | Issued: 249 Running: 0 Finished: 249
[2026-03-15 16:24:16.993] [info] cycle: [80000]
[2026-03-15 16:24:16.993] [info] Core [1] Tile Stats | Issued: 250 Running: 0 Finished: 250
[2026-03-15 16:24:16.993] [info] cycle: [80000]
[2026-03-15 16:24:16.993] [info] Core [2] Tile Stats | Issued: 250 Running: 0 Finished: 250
[2026-03-15 16:24:16.993] [info] cycle: [80000]
[2026-03-15 16:24:16.993] [info] Tile  status /Gather_5, instructions left 1
[2026-03-15 16:24:16.993] [info] Core [3] Tile Stats | Issued: 250 Running: 1 Finished: 249
[2026-03-15 16:24:16.993] [info] cycle: [80000]
[2026-03-15 16:24:17.284] [info] Layer /Gather_5 finish at 82065
[2026-03-15 16:24:17.284] [info] Total compute time 3107
[2026-03-15 16:24:17.284] [info] executable layer count 79
[2026-03-15 16:24:17.284] [info] Start layer /Gather_6
[2026-03-15 16:24:17.653] [info] Layer /Gather_6 finish at 85085
[2026-03-15 16:24:17.653] [info] Total compute time 3020
[2026-03-15 16:24:17.653] [info] executable layer count 80
[2026-03-15 16:24:17.653] [info] Start layer /Gather_7
[2026-03-15 16:24:18.047] [info] HBM2-CH_0: BW utilization 80% (4704 reads, 2990 writes)
[2026-03-15 16:24:18.051] [info] Core [0] Tile Stats | Issued: 250 Running: 0 Finished: 250
[2026-03-15 16:24:18.051] [info] cycle: [88000]
[2026-03-15 16:24:18.051] [info] Core [1] Tile Stats | Issued: 250 Running: 0 Finished: 250
[2026-03-15 16:24:18.051] [info] cycle: [88000]
[2026-03-15 16:24:18.051] [info] Tile  status /Gather_7, instructions left 1
[2026-03-15 16:24:18.051] [info] Core [2] Tile Stats | Issued: 251 Running: 1 Finished: 250
[2026-03-15 16:24:18.051] [info] cycle: [88000]
[2026-03-15 16:24:18.051] [info] Core [3] Tile Stats | Issued: 250 Running: 0 Finished: 250
[2026-03-15 16:24:18.051] [info] cycle: [88000]
[2026-03-15 16:24:18.063] [info] Layer /Gather_7 finish at 88129
[2026-03-15 16:24:18.063] [info] Total compute time 3044
[2026-03-15 16:24:18.063] [info] executable layer count 80
[2026-03-15 16:24:18.063] [info] Start layer /Gather_8
[2026-03-15 16:24:18.430] [info] Layer /Gather_8 finish at 91154
[2026-03-15 16:24:18.430] [info] Total compute time 3025
[2026-03-15 16:24:18.430] [info] executable layer count 81
[2026-03-15 16:24:18.430] [info] Start layer /Gather_9
[2026-03-15 16:24:18.808] [info] Layer /Gather_9 finish at 94172
[2026-03-15 16:24:18.808] [info] Total compute time 3018
[2026-03-15 16:24:18.808] [info] executable layer count 81
[2026-03-15 16:24:18.808] [info] Start layer /Gather_10
[2026-03-15 16:24:19.036] [info] HBM2-CH_0: BW utilization 78% (3459 reads, 4080 writes)
[2026-03-15 16:24:19.041] [info] Tile  status /Gather_10, instructions left 1
[2026-03-15 16:24:19.041] [info] Core [0] Tile Stats | Issued: 251 Running: 1 Finished: 250
[2026-03-15 16:24:19.041] [info] cycle: [96000]
[2026-03-15 16:24:19.041] [info] Core [1] Tile Stats | Issued: 251 Running: 0 Finished: 251
[2026-03-15 16:24:19.041] [info] cycle: [96000]
[2026-03-15 16:24:19.041] [info] Core [2] Tile Stats | Issued: 251 Running: 0 Finished: 251
[2026-03-15 16:24:19.041] [info] cycle: [96000]
[2026-03-15 16:24:19.041] [info] Core [3] Tile Stats | Issued: 251 Running: 0 Finished: 251
[2026-03-15 16:24:19.041] [info] cycle: [96000]
[2026-03-15 16:24:19.183] [info] Layer /Gather_10 finish at 97188
[2026-03-15 16:24:19.183] [info] Total compute time 3016
[2026-03-15 16:24:19.183] [info] executable layer count 82
[2026-03-15 16:24:19.183] [info] Start layer /Gather_11
[2026-03-15 16:24:19.578] [info] Layer /Gather_11 finish at 100209
[2026-03-15 16:24:19.578] [info] Total compute time 3021
[2026-03-15 16:24:19.578] [info] executable layer count 82
[2026-03-15 16:24:19.578] [info] Start layer /Gather_14
[2026-03-15 16:24:19.959] [info] Layer /Gather_14 finish at 103225
[2026-03-15 16:24:19.959] [info] Total compute time 3016
[2026-03-15 16:24:19.959] [info] executable layer count 83
[2026-03-15 16:24:19.959] [info] Start layer /Gather_15
[2026-03-15 16:24:20.046] [info] HBM2-CH_0: BW utilization 79% (3228 reads, 4356 writes)
[2026-03-15 16:24:20.051] [info] Core [0] Tile Stats | Issued: 251 Running: 0 Finished: 251
[2026-03-15 16:24:20.051] [info] cycle: [104000]
[2026-03-15 16:24:20.051] [info] Core [1] Tile Stats | Issued: 252 Running: 0 Finished: 252
[2026-03-15 16:24:20.051] [info] cycle: [104000]
[2026-03-15 16:24:20.051] [info] Core [2] Tile Stats | Issued: 252 Running: 0 Finished: 252
[2026-03-15 16:24:20.051] [info] cycle: [104000]
[2026-03-15 16:24:20.051] [info] Tile  status /Gather_15, instructions left 1
[2026-03-15 16:24:20.051] [info] Core [3] Tile Stats | Issued: 252 Running: 1 Finished: 251
[2026-03-15 16:24:20.051] [info] cycle: [104000]
[2026-03-15 16:24:20.499] [info] Layer /Gather_15 finish at 106244
[2026-03-15 16:24:20.499] [info] Total compute time 3019
[2026-03-15 16:24:20.499] [info] executable layer count 83
[2026-03-15 16:24:20.499] [info] Start layer /Gather_16
[2026-03-15 16:24:20.922] [info] Layer /Gather_16 finish at 109253
[2026-03-15 16:24:20.922] [info] Total compute time 3009
[2026-03-15 16:24:20.922] [info] executable layer count 84
[2026-03-15 16:24:20.922] [info] Start layer /Gather_17
[2026-03-15 16:24:21.473] [info] HBM2-CH_0: BW utilization 80% (4644 reads, 3102 writes)
[2026-03-15 16:24:21.479] [info] Core [0] Tile Stats | Issued: 252 Running: 0 Finished: 252
[2026-03-15 16:24:21.479] [info] cycle: [112000]
[2026-03-15 16:24:21.479] [info] Core [1] Tile Stats | Issued: 252 Running: 0 Finished: 252
[2026-03-15 16:24:21.479] [info] cycle: [112000]
[2026-03-15 16:24:21.479] [info] Tile  status /Gather_17, instructions left 1
[2026-03-15 16:24:21.479] [info] Core [2] Tile Stats | Issued: 253 Running: 1 Finished: 252
[2026-03-15 16:24:21.479] [info] cycle: [112000]
[2026-03-15 16:24:21.479] [info] Core [3] Tile Stats | Issued: 252 Running: 0 Finished: 252
[2026-03-15 16:24:21.479] [info] cycle: [112000]
[2026-03-15 16:24:21.518] [info] Layer /Gather_17 finish at 112292
[2026-03-15 16:24:21.518] [info] Total compute time 3039
[2026-03-15 16:24:21.518] [info] executable layer count 84
[2026-03-15 16:24:21.518] [info] Start layer /Gather_18
[2026-03-15 16:24:22.135] [info] Layer /Gather_18 finish at 115327
[2026-03-15 16:24:22.135] [info] Total compute time 3035
[2026-03-15 16:24:22.135] [info] executable layer count 85
[2026-03-15 16:24:22.135] [info] Start layer /Gather_19
[2026-03-15 16:24:22.790] [info] Layer /Gather_19 finish at 118347
[2026-03-15 16:24:22.790] [info] Total compute time 3020
[2026-03-15 16:24:22.790] [info] executable layer count 85
[2026-03-15 16:24:22.790] [info] Start layer /Gather_20
[2026-03-15 16:24:23.090] [info] HBM2-CH_0: BW utilization 77% (3656 reads, 3812 writes)
[2026-03-15 16:24:23.100] [info] Tile  status /Gather_20, instructions left 1
[2026-03-15 16:24:23.100] [info] Core [0] Tile Stats | Issued: 253 Running: 1 Finished: 252
[2026-03-15 16:24:23.100] [info] cycle: [120000]
[2026-03-15 16:24:23.100] [info] Core [1] Tile Stats | Issued: 253 Running: 0 Finished: 253
[2026-03-15 16:24:23.100] [info] cycle: [120000]
[2026-03-15 16:24:23.100] [info] Core [2] Tile Stats | Issued: 253 Running: 0 Finished: 253
[2026-03-15 16:24:23.100] [info] cycle: [120000]
[2026-03-15 16:24:23.100] [info] Core [3] Tile Stats | Issued: 253 Running: 0 Finished: 253
[2026-03-15 16:24:23.100] [info] cycle: [120000]
[2026-03-15 16:24:23.382] [info] Layer /Gather_20 finish at 121405
[2026-03-15 16:24:23.382] [info] Total compute time 3058
[2026-03-15 16:24:23.382] [info] executable layer count 86
[2026-03-15 16:24:23.382] [info] Start layer /Gather_21
[2026-03-15 16:24:23.975] [info] Layer /Gather_21 finish at 124446
[2026-03-15 16:24:23.975] [info] Total compute time 3041
[2026-03-15 16:24:23.975] [info] executable layer count 86
[2026-03-15 16:24:23.975] [info] Start layer /Gather_22
[2026-03-15 16:24:24.547] [info] Layer /Gather_22 finish at 127500
[2026-03-15 16:24:24.547] [info] Total compute time 3054
[2026-03-15 16:24:24.547] [info] executable layer count 87
[2026-03-15 16:24:24.547] [info] Start layer /Gather_23
[2026-03-15 16:24:24.605] [info] HBM2-CH_0: BW utilization 78% (3071 reads, 4471 writes)
[2026-03-15 16:24:24.612] [info] Core [0] Tile Stats | Issued: 253 Running: 0 Finished: 253
[2026-03-15 16:24:24.612] [info] cycle: [128000]
[2026-03-15 16:24:24.612] [info] Core [1] Tile Stats | Issued: 254 Running: 0 Finished: 254
[2026-03-15 16:24:24.612] [info] cycle: [128000]
[2026-03-15 16:24:24.612] [info] Core [2] Tile Stats | Issued: 254 Running: 0 Finished: 254
[2026-03-15 16:24:24.612] [info] cycle: [128000]
[2026-03-15 16:24:24.612] [info] Tile  status /Gather_23, instructions left 1
[2026-03-15 16:24:24.612] [info] Core [3] Tile Stats | Issued: 254 Running: 1 Finished: 253
[2026-03-15 16:24:24.612] [info] cycle: [128000]
[2026-03-15 16:24:25.012] [info] Layer /Gather_23 finish at 130538
[2026-03-15 16:24:25.012] [info] Total compute time 3038
[2026-03-15 16:24:25.012] [info] executable layer count 87
[2026-03-15 16:24:25.012] [info] Start layer /Gather_24
[2026-03-15 16:24:25.501] [info] Layer /Gather_24 finish at 133581
[2026-03-15 16:24:25.501] [info] Total compute time 3043
[2026-03-15 16:24:25.501] [info] executable layer count 88
[2026-03-15 16:24:25.501] [info] Start layer /Gather_25
[2026-03-15 16:24:25.820] [info] HBM2-CH_0: BW utilization 80% (4455 reads, 3248 writes)
[2026-03-15 16:24:25.832] [info] Core [0] Tile Stats | Issued: 254 Running: 0 Finished: 254
[2026-03-15 16:24:25.832] [info] cycle: [136000]
[2026-03-15 16:24:25.832] [info] Core [1] Tile Stats | Issued: 254 Running: 0 Finished: 254
[2026-03-15 16:24:25.832] [info] cycle: [136000]
[2026-03-15 16:24:25.832] [info] Tile  status /Gather_25, instructions left 1
[2026-03-15 16:24:25.832] [info] Core [2] Tile Stats | Issued: 255 Running: 1 Finished: 254
[2026-03-15 16:24:25.832] [info] cycle: [136000]
[2026-03-15 16:24:25.832] [info] Core [3] Tile Stats | Issued: 254 Running: 0 Finished: 254
[2026-03-15 16:24:25.832] [info] cycle: [136000]
[2026-03-15 16:24:25.930] [info] Layer /Gather_25 finish at 136610
[2026-03-15 16:24:25.930] [info] Total compute time 3029
[2026-03-15 16:24:25.930] [info] executable layer count 88
[2026-03-15 16:24:25.930] [info] Start layer /Gather_26
[2026-03-15 16:24:26.365] [info] Layer /Gather_26 finish at 139661
[2026-03-15 16:24:26.365] [info] Total compute time 3051
[2026-03-15 16:24:26.365] [info] executable layer count 89
[2026-03-15 16:24:26.365] [info] Start layer /Gather_27
[2026-03-15 16:24:26.775] [info] Layer /Gather_27 finish at 142702
[2026-03-15 16:24:26.775] [info] Total compute time 3041
[2026-03-15 16:24:26.775] [info] executable layer count 89
[2026-03-15 16:24:26.775] [info] Start layer /Gather_28
[2026-03-15 16:24:26.943] [info] HBM2-CH_0: BW utilization 77% (3987 reads, 3487 writes)
[2026-03-15 16:24:26.961] [info] Tile  status /Gather_28, instructions left 1
[2026-03-15 16:24:26.961] [info] Core [0] Tile Stats | Issued: 255 Running: 1 Finished: 254
[2026-03-15 16:24:26.961] [info] cycle: [144000]
[2026-03-15 16:24:26.961] [info] Core [1] Tile Stats | Issued: 255 Running: 0 Finished: 255
[2026-03-15 16:24:26.961] [info] cycle: [144000]
[2026-03-15 16:24:26.961] [info] Core [2] Tile Stats | Issued: 255 Running: 0 Finished: 255
[2026-03-15 16:24:26.961] [info] cycle: [144000]
[2026-03-15 16:24:26.961] [info] Core [3] Tile Stats | Issued: 255 Running: 0 Finished: 255
[2026-03-15 16:24:26.961] [info] cycle: [144000]
[2026-03-15 16:24:27.249] [info] Layer /Gather_28 finish at 145759
[2026-03-15 16:24:27.249] [info] Total compute time 3057
[2026-03-15 16:24:27.249] [info] executable layer count 90
[2026-03-15 16:24:27.249] [info] Start layer /Gather_29
[2026-03-15 16:24:27.703] [info] Layer /Gather_29 finish at 148803
[2026-03-15 16:24:27.703] [info] Total compute time 3044
[2026-03-15 16:24:27.703] [info] executable layer count 90
[2026-03-15 16:24:27.703] [info] Start layer /Gather_30
[2026-03-15 16:24:28.117] [info] Layer /Gather_30 finish at 151852
[2026-03-15 16:24:28.117] [info] Total compute time 3049
[2026-03-15 16:24:28.117] [info] executable layer count 91
[2026-03-15 16:24:28.117] [info] Start layer /Gather_31
[2026-03-15 16:24:28.126] [info] HBM2-CH_0: BW utilization 78% (2935 reads, 4621 writes)
[2026-03-15 16:24:28.132] [info] Core [0] Tile Stats | Issued: 255 Running: 0 Finished: 255
[2026-03-15 16:24:28.132] [info] cycle: [152000]
[2026-03-15 16:24:28.132] [info] Core [1] Tile Stats | Issued: 256 Running: 0 Finished: 256
[2026-03-15 16:24:28.132] [info] cycle: [152000]
[2026-03-15 16:24:28.132] [info] Core [2] Tile Stats | Issued: 256 Running: 0 Finished: 256
[2026-03-15 16:24:28.132] [info] cycle: [152000]
[2026-03-15 16:24:28.132] [info] Tile  status /Gather_31, instructions left 1
[2026-03-15 16:24:28.132] [info] Core [3] Tile Stats | Issued: 256 Running: 1 Finished: 255
[2026-03-15 16:24:28.132] [info] cycle: [152000]
[2026-03-15 16:24:28.509] [info] Layer /Gather_31 finish at 154884
[2026-03-15 16:24:28.509] [info] Total compute time 3032
[2026-03-15 16:24:28.509] [info] executable layer count 91
[2026-03-15 16:24:28.509] [info] Start layer /Gather_34
[2026-03-15 16:24:28.884] [info] Layer /Gather_34 finish at 157928
[2026-03-15 16:24:28.884] [info] Total compute time 3044
[2026-03-15 16:24:28.884] [info] executable layer count 92
[2026-03-15 16:24:28.884] [info] Start layer /Gather_35
[2026-03-15 16:24:29.149] [info] HBM2-CH_0: BW utilization 79% (4180 reads, 3408 writes)
[2026-03-15 16:24:29.158] [info] Core [0] Tile Stats | Issued: 256 Running: 0 Finished: 256
[2026-03-15 16:24:29.158] [info] cycle: [160000]
[2026-03-15 16:24:29.158] [info] Core [1] Tile Stats | Issued: 256 Running: 0 Finished: 256
[2026-03-15 16:24:29.158] [info] cycle: [160000]
[2026-03-15 16:24:29.158] [info] Tile  status /Gather_35, instructions left 1
[2026-03-15 16:24:29.158] [info] Core [2] Tile Stats | Issued: 257 Running: 1 Finished: 256
[2026-03-15 16:24:29.158] [info] cycle: [160000]
[2026-03-15 16:24:29.158] [info] Core [3] Tile Stats | Issued: 256 Running: 0 Finished: 256
[2026-03-15 16:24:29.158] [info] cycle: [160000]
[2026-03-15 16:24:29.279] [info] Layer /Gather_35 finish at 160963
[2026-03-15 16:24:29.279] [info] Total compute time 3035
[2026-03-15 16:24:29.280] [info] executable layer count 92
[2026-03-15 16:24:29.280] [info] Start layer /Gather_36
[2026-03-15 16:24:29.654] [info] Layer /Gather_36 finish at 163979
[2026-03-15 16:24:29.654] [info] Total compute time 3016
[2026-03-15 16:24:29.654] [info] executable layer count 93
[2026-03-15 16:24:29.654] [info] Start layer /Gather_37
[2026-03-15 16:24:30.044] [info] Layer /Gather_37 finish at 167007
[2026-03-15 16:24:30.044] [info] Total compute time 3028
[2026-03-15 16:24:30.045] [info] executable layer count 93
[2026-03-15 16:24:30.045] [info] Start layer /Gather_38
[2026-03-15 16:24:30.157] [info] HBM2-CH_0: BW utilization 78% (4256 reads, 3315 writes)
[2026-03-15 16:24:30.165] [info] Tile  status /Gather_38, instructions left 1
[2026-03-15 16:24:30.165] [info] Core [0] Tile Stats | Issued: 257 Running: 1 Finished: 256
[2026-03-15 16:24:30.165] [info] cycle: [168000]
[2026-03-15 16:24:30.165] [info] Core [1] Tile Stats | Issued: 257 Running: 0 Finished: 257
[2026-03-15 16:24:30.165] [info] cycle: [168000]
[2026-03-15 16:24:30.165] [info] Core [2] Tile Stats | Issued: 257 Running: 0 Finished: 257
[2026-03-15 16:24:30.165] [info] cycle: [168000]
[2026-03-15 16:24:30.165] [info] Core [3] Tile Stats | Issued: 257 Running: 0 Finished: 257
[2026-03-15 16:24:30.165] [info] cycle: [168000]
[2026-03-15 16:24:30.429] [info] Layer /Gather_38 finish at 170017
[2026-03-15 16:24:30.429] [info] Total compute time 3010
[2026-03-15 16:24:30.429] [info] executable layer count 94
[2026-03-15 16:24:30.429] [info] Start layer /Gather_39
[2026-03-15 16:24:30.836] [info] Layer /Gather_39 finish at 173049
[2026-03-15 16:24:30.836] [info] Total compute time 3032
[2026-03-15 16:24:30.836] [info] executable layer count 94
[2026-03-15 16:24:30.836] [info] Start layer /Gather_42
[2026-03-15 16:24:31.210] [info] HBM2-CH_0: BW utilization 80% (3034 reads, 4712 writes)
[2026-03-15 16:24:31.218] [info] Core [0] Tile Stats | Issued: 257 Running: 0 Finished: 257
[2026-03-15 16:24:31.218] [info] cycle: [176000]
[2026-03-15 16:24:31.218] [info] Tile  status /Gather_42, instructions left 1
[2026-03-15 16:24:31.218] [info] Core [1] Tile Stats | Issued: 258 Running: 1 Finished: 257
[2026-03-15 16:24:31.218] [info] cycle: [176000]
[2026-03-15 16:24:31.218] [info] Core [2] Tile Stats | Issued: 258 Running: 0 Finished: 258
[2026-03-15 16:24:31.218] [info] cycle: [176000]
[2026-03-15 16:24:31.218] [info] Core [3] Tile Stats | Issued: 257 Running: 0 Finished: 257
[2026-03-15 16:24:31.218] [info] cycle: [176000]
[2026-03-15 16:24:31.228] [info] Layer /Gather_42 finish at 176093
[2026-03-15 16:24:31.228] [info] Total compute time 3044
[2026-03-15 16:24:31.228] [info] executable layer count 95
[2026-03-15 16:24:31.228] [info] Start layer /Gather_43
[2026-03-15 16:24:31.617] [info] Layer /Gather_43 finish at 179097
[2026-03-15 16:24:31.617] [info] Total compute time 3004
[2026-03-15 16:24:31.617] [info] executable layer count 95
[2026-03-15 16:24:31.617] [info] Start layer /Gather_44
[2026-03-15 16:24:31.996] [info] Layer /Gather_44 finish at 182127
[2026-03-15 16:24:31.996] [info] Total compute time 3030
[2026-03-15 16:24:31.996] [info] executable layer count 96
[2026-03-15 16:24:31.997] [info] Start layer /Gather_45
[2026-03-15 16:24:32.232] [info] HBM2-CH_0: BW utilization 78% (4061 reads, 3497 writes)
[2026-03-15 16:24:32.242] [info] Core [0] Tile Stats | Issued: 258 Running: 0 Finished: 258
[2026-03-15 16:24:32.242] [info] cycle: [184000]
[2026-03-15 16:24:32.242] [info] Core [1] Tile Stats | Issued: 258 Running: 0 Finished: 258
[2026-03-15 16:24:32.242] [info] cycle: [184000]
[2026-03-15 16:24:32.242] [info] Tile  status /Gather_45, instructions left 1
[2026-03-15 16:24:32.242] [info] Core [2] Tile Stats | Issued: 259 Running: 1 Finished: 258
[2026-03-15 16:24:32.242] [info] cycle: [184000]
[2026-03-15 16:24:32.242] [info] Core [3] Tile Stats | Issued: 258 Running: 0 Finished: 258
[2026-03-15 16:24:32.242] [info] cycle: [184000]
[2026-03-15 16:24:32.391] [info] Layer /Gather_45 finish at 185152
[2026-03-15 16:24:32.391] [info] Total compute time 3025
[2026-03-15 16:24:32.391] [info] executable layer count 96
[2026-03-15 16:24:32.391] [info] Start layer /Gather_46
[2026-03-15 16:24:32.782] [info] Layer /Gather_46 finish at 188186
[2026-03-15 16:24:32.782] [info] Total compute time 3034
[2026-03-15 16:24:32.782] [info] executable layer count 97
[2026-03-15 16:24:32.782] [info] Start layer /Gather_47
[2026-03-15 16:24:33.186] [info] Layer /Gather_47 finish at 191200
[2026-03-15 16:24:33.186] [info] Total compute time 3014
[2026-03-15 16:24:33.186] [info] executable layer count 97
[2026-03-15 16:24:33.186] [info] Start layer /blocks.23/Neg
[2026-03-15 16:24:33.266] [info] HBM2-CH_0: BW utilization 78% (4083 reads, 3477 writes)
[2026-03-15 16:24:33.276] [info] Tile  status /blocks.23/Neg, instructions left 2
[2026-03-15 16:24:33.276] [info] Core [0] Tile Stats | Issued: 259 Running: 1 Finished: 258
[2026-03-15 16:24:33.276] [info] cycle: [192000]
[2026-03-15 16:24:33.276] [info] Core [1] Tile Stats | Issued: 259 Running: 0 Finished: 259
[2026-03-15 16:24:33.276] [info] cycle: [192000]
[2026-03-15 16:24:33.276] [info] Core [2] Tile Stats | Issued: 259 Running: 0 Finished: 259
[2026-03-15 16:24:33.276] [info] cycle: [192000]
[2026-03-15 16:24:33.276] [info] Core [3] Tile Stats | Issued: 259 Running: 0 Finished: 259
[2026-03-15 16:24:33.276] [info] cycle: [192000]
[2026-03-15 16:24:33.573] [info] Layer /blocks.23/Neg finish at 193743
[2026-03-15 16:24:33.573] [info] Total compute time 2543
[2026-03-15 16:24:33.573] [info] executable layer count 97
[2026-03-15 16:24:33.573] [info] Start layer /blocks.22/Neg
[2026-03-15 16:24:33.600] [info] Layer /blocks.22/Neg finish at 194034
[2026-03-15 16:24:33.600] [info] Total compute time 291
[2026-03-15 16:24:33.600] [info] executable layer count 97
[2026-03-15 16:24:33.600] [info] Start layer /blocks.21/Neg
[2026-03-15 16:24:33.626] [info] Layer /blocks.21/Neg finish at 194325
[2026-03-15 16:24:33.626] [info] Total compute time 291
[2026-03-15 16:24:33.626] [info] executable layer count 97
[2026-03-15 16:24:33.626] [info] Start layer /blocks.20/Neg
[2026-03-15 16:24:33.652] [info] Layer /blocks.20/Neg finish at 194614
[2026-03-15 16:24:33.652] [info] Total compute time 289
[2026-03-15 16:24:33.652] [info] executable layer count 97
[2026-03-15 16:24:33.652] [info] Start layer /blocks.19/Neg
[2026-03-15 16:24:33.678] [info] Layer /blocks.19/Neg finish at 194908
[2026-03-15 16:24:33.678] [info] Total compute time 294
[2026-03-15 16:24:33.678] [info] executable layer count 97
[2026-03-15 16:24:33.678] [info] Start layer /blocks.18/Neg
[2026-03-15 16:24:33.704] [info] Layer /blocks.18/Neg finish at 195195
[2026-03-15 16:24:33.704] [info] Total compute time 287
[2026-03-15 16:24:33.704] [info] executable layer count 97
[2026-03-15 16:24:33.704] [info] Start layer /blocks.17/Neg
[2026-03-15 16:24:33.730] [info] Layer /blocks.17/Neg finish at 195484
[2026-03-15 16:24:33.730] [info] Total compute time 289
[2026-03-15 16:24:33.730] [info] executable layer count 97
[2026-03-15 16:24:33.730] [info] Start layer /blocks.16/Neg
[2026-03-15 16:24:33.756] [info] Layer /blocks.16/Neg finish at 195774
[2026-03-15 16:24:33.756] [info] Total compute time 290
[2026-03-15 16:24:33.756] [info] executable layer count 97
[2026-03-15 16:24:33.756] [info] Start layer /blocks.15/Neg
[2026-03-15 16:24:33.782] [info] Layer /blocks.15/Neg finish at 196066
[2026-03-15 16:24:33.782] [info] Total compute time 292
[2026-03-15 16:24:33.782] [info] executable layer count 97
[2026-03-15 16:24:33.782] [info] Start layer /blocks.14/Neg
[2026-03-15 16:24:33.808] [info] Layer /blocks.14/Neg finish at 196359
[2026-03-15 16:24:33.808] [info] Total compute time 293
[2026-03-15 16:24:33.808] [info] executable layer count 97
[2026-03-15 16:24:33.808] [info] Start layer /blocks.13/Neg
[2026-03-15 16:24:33.841] [info] Layer /blocks.13/Neg finish at 196649
[2026-03-15 16:24:33.841] [info] Total compute time 290
[2026-03-15 16:24:33.841] [info] executable layer count 97
[2026-03-15 16:24:33.841] [info] Start layer /blocks.12/Neg
[2026-03-15 16:24:33.874] [info] Layer /blocks.12/Neg finish at 196941
[2026-03-15 16:24:33.874] [info] Total compute time 292
[2026-03-15 16:24:33.874] [info] executable layer count 97
[2026-03-15 16:24:33.874] [info] Start layer /blocks.11/Neg
[2026-03-15 16:24:33.907] [info] Layer /blocks.11/Neg finish at 197236
[2026-03-15 16:24:33.907] [info] Total compute time 295
[2026-03-15 16:24:33.907] [info] executable layer count 97
[2026-03-15 16:24:33.907] [info] Start layer /blocks.10/Neg
[2026-03-15 16:24:33.948] [info] Layer /blocks.10/Neg finish at 197529
[2026-03-15 16:24:33.948] [info] Total compute time 293
[2026-03-15 16:24:33.948] [info] executable layer count 97
[2026-03-15 16:24:33.948] [info] Start layer /blocks.9/Neg
[2026-03-15 16:24:33.986] [info] Layer /blocks.9/Neg finish at 197825
[2026-03-15 16:24:33.986] [info] Total compute time 296
[2026-03-15 16:24:33.986] [info] executable layer count 97
[2026-03-15 16:24:33.986] [info] Start layer /blocks.8/Neg
[2026-03-15 16:24:34.014] [info] Layer /blocks.8/Neg finish at 198121
[2026-03-15 16:24:34.014] [info] Total compute time 296
[2026-03-15 16:24:34.014] [info] executable layer count 97
[2026-03-15 16:24:34.014] [info] Start layer /blocks.7/Neg
[2026-03-15 16:24:34.040] [info] Layer /blocks.7/Neg finish at 198414
[2026-03-15 16:24:34.040] [info] Total compute time 293
[2026-03-15 16:24:34.040] [info] executable layer count 97
[2026-03-15 16:24:34.040] [info] Start layer /blocks.6/Neg
[2026-03-15 16:24:34.067] [info] Layer /blocks.6/Neg finish at 198706
[2026-03-15 16:24:34.067] [info] Total compute time 292
[2026-03-15 16:24:34.067] [info] executable layer count 97
[2026-03-15 16:24:34.067] [info] Start layer /blocks.5/Neg
[2026-03-15 16:24:34.094] [info] Layer /blocks.5/Neg finish at 198993
[2026-03-15 16:24:34.094] [info] Total compute time 287
[2026-03-15 16:24:34.094] [info] executable layer count 97
[2026-03-15 16:24:34.094] [info] Start layer /blocks.4/Neg
[2026-03-15 16:24:34.129] [info] Layer /blocks.4/Neg finish at 199283
[2026-03-15 16:24:34.129] [info] Total compute time 290
[2026-03-15 16:24:34.129] [info] executable layer count 97
[2026-03-15 16:24:34.129] [info] Start layer /blocks.3/Neg
[2026-03-15 16:24:34.163] [info] Layer /blocks.3/Neg finish at 199572
[2026-03-15 16:24:34.163] [info] Total compute time 289
[2026-03-15 16:24:34.163] [info] executable layer count 97
[2026-03-15 16:24:34.163] [info] Start layer /blocks.2/Neg
[2026-03-15 16:24:34.199] [info] Layer /blocks.2/Neg finish at 199855
[2026-03-15 16:24:34.199] [info] Total compute time 283
[2026-03-15 16:24:34.199] [info] executable layer count 97
[2026-03-15 16:24:34.199] [info] Start layer /blocks.1/Neg
[2026-03-15 16:24:34.204] [info] HBM2-CH_0: BW utilization 60% (2085 reads, 3750 writes)
[2026-03-15 16:24:34.211] [info] Core [0] Tile Stats | Issued: 264 Running: 0 Finished: 264
[2026-03-15 16:24:34.211] [info] cycle: [200000]
[2026-03-15 16:24:34.211] [info] Tile  status /blocks.1/Neg, instructions left 2
[2026-03-15 16:24:34.211] [info] Core [1] Tile Stats | Issued: 265 Running: 1 Finished: 264
[2026-03-15 16:24:34.211] [info] cycle: [200000]
[2026-03-15 16:24:34.211] [info] Core [2] Tile Stats | Issued: 265 Running: 0 Finished: 265
[2026-03-15 16:24:34.211] [info] cycle: [200000]
[2026-03-15 16:24:34.211] [info] Core [3] Tile Stats | Issued: 264 Running: 0 Finished: 264
[2026-03-15 16:24:34.211] [info] cycle: [200000]
[2026-03-15 16:24:34.225] [info] Layer /blocks.1/Neg finish at 200143
[2026-03-15 16:24:34.225] [info] Total compute time 288
[2026-03-15 16:24:34.225] [info] executable layer count 97
[2026-03-15 16:24:34.225] [info] Start layer /blocks.0/conv_proj/Gemm
[2026-03-15 16:24:34.784] [info] HBM2-CH_0: BW utilization 74% (6958 reads, 167 writes)
[2026-03-15 16:24:34.790] [info] Tile  status Gemm, instructions left 49
[2026-03-15 16:24:34.790] [info] Tile  status Gemm, instructions left 49
[2026-03-15 16:24:34.790] [info] Core [0] Tile Stats | Issued: 266 Running: 2 Finished: 264
[2026-03-15 16:24:34.790] [info] cycle: [208000]
[2026-03-15 16:24:34.790] [info] Tile  status Gemm, instructions left 49
[2026-03-15 16:24:34.790] [info] Tile  status Gemm, instructions left 49
[2026-03-15 16:24:34.790] [info] Core [1] Tile Stats | Issued: 267 Running: 2 Finished: 265
[2026-03-15 16:24:34.790] [info] cycle: [208000]
[2026-03-15 16:24:34.790] [info] Tile  status Gemm, instructions left 49
[2026-03-15 16:24:34.790] [info] Tile  status Gemm, instructions left 49
[2026-03-15 16:24:34.790] [info] Core [2] Tile Stats | Issued: 267 Running: 2 Finished: 265
[2026-03-15 16:24:34.790] [info] cycle: [208000]
[2026-03-15 16:24:34.790] [info] Tile  status Gemm, instructions left 49
[2026-03-15 16:24:34.790] [info] Tile  status Gemm, instructions left 49
[2026-03-15 16:24:34.790] [info] Core [3] Tile Stats | Issued: 266 Running: 2 Finished: 264
[2026-03-15 16:24:34.790] [info] cycle: [208000]
[2026-03-15 16:24:35.333] [info] HBM2-CH_0: BW utilization 80% (7765 reads, 0 writes)
[2026-03-15 16:24:35.339] [info] Tile  status Gemm, instructions left 49
[2026-03-15 16:24:35.339] [info] Tile  status Gemm, instructions left 49
[2026-03-15 16:24:35.339] [info] Core [0] Tile Stats | Issued: 266 Running: 2 Finished: 264
[2026-03-15 16:24:35.339] [info] cycle: [216000]
[2026-03-15 16:24:35.339] [info] Tile  status Gemm, instructions left 49
[2026-03-15 16:24:35.339] [info] Tile  status Gemm, instructions left 49
[2026-03-15 16:24:35.339] [info] Core [1] Tile Stats | Issued: 267 Running: 2 Finished: 265
[2026-03-15 16:24:35.339] [info] cycle: [216000]
[2026-03-15 16:24:35.339] [info] Tile  status Gemm, instructions left 49
[2026-03-15 16:24:35.339] [info] Tile  status Gemm, instructions left 49
[2026-03-15 16:24:35.339] [info] Core [2] Tile Stats | Issued: 267 Running: 2 Finished: 265
[2026-03-15 16:24:35.339] [info] cycle: [216000]
[2026-03-15 16:24:35.339] [info] Tile  status Gemm, instructions left 49
[2026-03-15 16:24:35.339] [info] Tile  status Gemm, instructions left 49
[2026-03-15 16:24:35.339] [info] Core [3] Tile Stats | Issued: 266 Running: 2 Finished: 264
[2026-03-15 16:24:35.339] [info] cycle: [216000]
[2026-03-15 16:24:36.153] [info] HBM2-CH_0: BW utilization 74% (7125 reads, 0 writes)
[2026-03-15 16:24:36.160] [info] Tile  status Gemm, instructions left 49
[2026-03-15 16:24:36.160] [info] Tile  status Gemm, instructions left 49
[2026-03-15 16:24:36.160] [info] Core [0] Tile Stats | Issued: 267 Running: 2 Finished: 265
[2026-03-15 16:24:36.160] [info] cycle: [224000]
[2026-03-15 16:24:36.160] [info] Tile  status Gemm, instructions left 49
[2026-03-15 16:24:36.160] [info] Tile  status Gemm, instructions left 49
[2026-03-15 16:24:36.160] [info] Core [1] Tile Stats | Issued: 268 Running: 2 Finished: 266
[2026-03-15 16:24:36.160] [info] cycle: [224000]
[2026-03-15 16:24:36.160] [info] Tile  status Gemm, instructions left 49
[2026-03-15 16:24:36.160] [info] Tile  status Gemm, instructions left 49
[2026-03-15 16:24:36.160] [info] Core [2] Tile Stats | Issued: 268 Running: 2 Finished: 266
[2026-03-15 16:24:36.160] [info] cycle: [224000]
[2026-03-15 16:24:36.160] [info] Tile  status Gemm, instructions left 49
[2026-03-15 16:24:36.160] [info] Tile  status Gemm, instructions left 49
[2026-03-15 16:24:36.160] [info] Core [3] Tile Stats | Issued: 267 Running: 2 Finished: 265
[2026-03-15 16:24:36.160] [info] cycle: [224000]
[2026-03-15 16:24:36.747] [info] HBM2-CH_0: BW utilization 79% (7568 reads, 40 writes)
[2026-03-15 16:24:36.754] [info] Tile  status Gemm, instructions left 49
[2026-03-15 16:24:36.754] [info] Tile  status Gemm, instructions left 49
[2026-03-15 16:24:36.754] [info] Core [0] Tile Stats | Issued: 267 Running: 2 Finished: 265
[2026-03-15 16:24:36.754] [info] cycle: [232000]
[2026-03-15 16:24:36.754] [info] Tile  status Gemm, instructions left 49
[2026-03-15 16:24:36.754] [info] Tile  status Gemm, instructions left 49
[2026-03-15 16:24:36.754] [info] Core [1] Tile Stats | Issued: 268 Running: 2 Finished: 266
[2026-03-15 16:24:36.754] [info] cycle: [232000]
[2026-03-15 16:24:36.754] [info] Tile  status Gemm, instructions left 49
[2026-03-15 16:24:36.754] [info] Tile  status Gemm, instructions left 49
[2026-03-15 16:24:36.754] [info] Core [2] Tile Stats | Issued: 268 Running: 2 Finished: 266
[2026-03-15 16:24:36.754] [info] cycle: [232000]
[2026-03-15 16:24:36.754] [info] Tile  status Gemm, instructions left 49
[2026-03-15 16:24:36.754] [info] Tile  status Gemm, instructions left 49
[2026-03-15 16:24:36.754] [info] Core [3] Tile Stats | Issued: 267 Running: 2 Finished: 265
[2026-03-15 16:24:36.754] [info] cycle: [232000]
[2026-03-15 16:24:37.495] [info] HBM2-CH_0: BW utilization 68% (6599 reads, 0 writes)
[2026-03-15 16:24:37.516] [info] Tile  status Gemm, instructions left 49
[2026-03-15 16:24:37.516] [info] Core [0] Tile Stats | Issued: 267 Running: 1 Finished: 266
[2026-03-15 16:24:37.516] [info] cycle: [240000]
[2026-03-15 16:24:37.516] [info] Tile  status Gemm, instructions left 49
[2026-03-15 16:24:37.516] [info] Core [1] Tile Stats | Issued: 268 Running: 1 Finished: 267
[2026-03-15 16:24:37.516] [info] cycle: [240000]
[2026-03-15 16:24:37.516] [info] Tile  status Gemm, instructions left 49
[2026-03-15 16:24:37.516] [info] Core [2] Tile Stats | Issued: 268 Running: 1 Finished: 267
[2026-03-15 16:24:37.516] [info] cycle: [240000]
[2026-03-15 16:24:37.516] [info] Tile  status Gemm, instructions left 49
[2026-03-15 16:24:37.516] [info] Core [3] Tile Stats | Issued: 267 Running: 1 Finished: 266
[2026-03-15 16:24:37.516] [info] cycle: [240000]
[2026-03-15 16:24:38.888] [info] HBM2-CH_0: BW utilization 74% (7155 reads, 0 writes)
[2026-03-15 16:24:38.918] [info] Tile  status Gemm, instructions left 49
[2026-03-15 16:24:38.918] [info] Core [0] Tile Stats | Issued: 267 Running: 1 Finished: 266
[2026-03-15 16:24:38.918] [info] cycle: [248000]
[2026-03-15 16:24:38.919] [info] Tile  status Gemm, instructions left 49
[2026-03-15 16:24:38.919] [info] Core [1] Tile Stats | Issued: 268 Running: 1 Finished: 267
[2026-03-15 16:24:38.919] [info] cycle: [248000]
[2026-03-15 16:24:38.919] [info] Tile  status Gemm, instructions left 49
[2026-03-15 16:24:38.919] [info] Core [2] Tile Stats | Issued: 268 Running: 1 Finished: 267
[2026-03-15 16:24:38.919] [info] cycle: [248000]
[2026-03-15 16:24:38.919] [info] Tile  status Gemm, instructions left 49
[2026-03-15 16:24:38.919] [info] Core [3] Tile Stats | Issued: 267 Running: 1 Finished: 266
[2026-03-15 16:24:38.919] [info] cycle: [248000]
[2026-03-15 16:24:39.570] [info] HBM2-CH_0: BW utilization 7% (689 reads, 68 writes)
[2026-03-15 16:24:39.577] [info] Tile  status Gemm, instructions left 1
[2026-03-15 16:24:39.577] [info] Core [0] Tile Stats | Issued: 267 Running: 1 Finished: 266
[2026-03-15 16:24:39.577] [info] cycle: [256000]
[2026-03-15 16:24:39.577] [info] Tile  status Gemm, instructions left 1
[2026-03-15 16:24:39.577] [info] Core [1] Tile Stats | Issued: 268 Running: 1 Finished: 267
[2026-03-15 16:24:39.577] [info] cycle: [256000]
[2026-03-15 16:24:39.577] [info] Tile  status Gemm, instructions left 1
[2026-03-15 16:24:39.577] [info] Core [2] Tile Stats | Issued: 268 Running: 1 Finished: 267
[2026-03-15 16:24:39.577] [info] cycle: [256000]
[2026-03-15 16:24:39.577] [info] Tile  status Gemm, instructions left 1
[2026-03-15 16:24:39.577] [info] Core [3] Tile Stats | Issued: 267 Running: 1 Finished: 266
[2026-03-15 16:24:39.577] [info] cycle: [256000]
[2026-03-15 16:24:39.588] [info] Layer /blocks.0/conv_proj/Gemm finish at 256140
[2026-03-15 16:24:39.588] [info] Total compute time 55997
[2026-03-15 16:24:39.588] [info] executable layer count 97
[2026-03-15 16:24:39.588] [info] Start layer /blocks.0/Slice_2
[2026-03-15 16:24:39.663] [info] Layer /blocks.0/Slice_2 finish at 256791
[2026-03-15 16:24:39.663] [info] Total compute time 651
[2026-03-15 16:24:39.663] [info] executable layer count 97
[2026-03-15 16:24:39.663] [info] Start layer /blocks.0/Reshape
[2026-03-15 16:24:40.169] [info] Layer /blocks.0/Reshape finish at 259834
[2026-03-15 16:24:40.169] [info] Total compute time 3043
[2026-03-15 16:24:40.169] [info] executable layer count 96
[2026-03-15 16:24:40.169] [info] Start layer /blocks.1/conv_proj/Gemm
[2026-03-15 16:24:40.499] [info] HBM2-CH_0: BW utilization 68% (5221 reads, 1386 writes)
[2026-03-15 16:24:40.506] [info] Tile  status Gemm, instructions left 49
[2026-03-15 16:24:40.506] [info] Tile  status Gemm, instructions left 49
[2026-03-15 16:24:40.506] [info] Core [0] Tile Stats | Issued: 270 Running: 2 Finished: 268
[2026-03-15 16:24:40.506] [info] cycle: [264000]
[2026-03-15 16:24:40.506] [info] Tile  status Gemm, instructions left 49
[2026-03-15 16:24:40.506] [info] Tile  status Gemm, instructions left 49
[2026-03-15 16:24:40.506] [info] Core [1] Tile Stats | Issued: 270 Running: 2 Finished: 268
[2026-03-15 16:24:40.506] [info] cycle: [264000]
[2026-03-15 16:24:40.506] [info] Tile  status Gemm, instructions left 49
[2026-03-15 16:24:40.506] [info] Tile  status Gemm, instructions left 49
[2026-03-15 16:24:40.506] [info] Core [2] Tile Stats | Issued: 270 Running: 2 Finished: 268
[2026-03-15 16:24:40.506] [info] cycle: [264000]
[2026-03-15 16:24:40.506] [info] Tile  status Gemm, instructions left 49
[2026-03-15 16:24:40.506] [info] Tile  status Gemm, instructions left 49
[2026-03-15 16:24:40.506] [info] Core [3] Tile Stats | Issued: 270 Running: 2 Finished: 268
[2026-03-15 16:24:40.506] [info] cycle: [264000]
[2026-03-15 16:24:41.000] [info] HBM2-CH_0: BW utilization 66% (4808 reads, 1532 writes)
[2026-03-15 16:24:41.007] [info] Tile  status Gemm, instructions left 49
[2026-03-15 16:24:41.007] [info] Tile  status Gemm, instructions left 49
[2026-03-15 16:24:41.007] [info] Core [0] Tile Stats | Issued: 270 Running: 2 Finished: 268
[2026-03-15 16:24:41.007] [info] cycle: [272000]
[2026-03-15 16:24:41.007] [info] Tile  status Gemm, instructions left 49
[2026-03-15 16:24:41.007] [info] Tile  status Gemm, instructions left 49
[2026-03-15 16:24:41.007] [info] Core [1] Tile Stats | Issued: 270 Running: 2 Finished: 268
[2026-03-15 16:24:41.007] [info] cycle: [272000]
[2026-03-15 16:24:41.007] [info] Tile  status Gemm, instructions left 49
[2026-03-15 16:24:41.007] [info] Tile  status Gemm, instructions left 49
[2026-03-15 16:24:41.007] [info] Core [2] Tile Stats | Issued: 270 Running: 2 Finished: 268
[2026-03-15 16:24:41.007] [info] cycle: [272000]
[2026-03-15 16:24:41.007] [info] Tile  status Gemm, instructions left 49
[2026-03-15 16:24:41.007] [info] Tile  status Gemm, instructions left 49
[2026-03-15 16:24:41.007] [info] Core [3] Tile Stats | Issued: 270 Running: 2 Finished: 268
[2026-03-15 16:24:41.007] [info] cycle: [272000]
[2026-03-15 16:24:41.579] [info] HBM2-CH_0: BW utilization 75% (7212 reads, 0 writes)
[2026-03-15 16:24:41.587] [info] Tile  status Gemm, instructions left 49
[2026-03-15 16:24:41.587] [info] Tile  status Gemm, instructions left 49
[2026-03-15 16:24:41.587] [info] Core [0] Tile Stats | Issued: 270 Running: 2 Finished: 268
[2026-03-15 16:24:41.587] [info] cycle: [280000]
[2026-03-15 16:24:41.587] [info] Tile  status Gemm, instructions left 1
[2026-03-15 16:24:41.587] [info] Tile  status Gemm, instructions left 49
[2026-03-15 16:24:41.587] [info] Core [1] Tile Stats | Issued: 270 Running: 2 Finished: 268
[2026-03-15 16:24:41.587] [info] cycle: [280000]
[2026-03-15 16:24:41.587] [info] Tile  status Gemm, instructions left 1
[2026-03-15 16:24:41.587] [info] Tile  status Gemm, instructions left 49
[2026-03-15 16:24:41.587] [info] Core [2] Tile Stats | Issued: 270 Running: 2 Finished: 268
[2026-03-15 16:24:41.587] [info] cycle: [280000]
[2026-03-15 16:24:41.587] [info] Tile  status Gemm, instructions left 1
[2026-03-15 16:24:41.587] [info] Tile  status Gemm, instructions left 49
[2026-03-15 16:24:41.587] [info] Core [3] Tile Stats | Issued: 270 Running: 2 Finished: 268
[2026-03-15 16:24:41.587] [info] cycle: [280000]
[2026-03-15 16:24:42.178] [info] HBM2-CH_0: BW utilization 69% (6700 reads, 0 writes)
[2026-03-15 16:24:42.187] [info] Tile  status Gemm, instructions left 49
[2026-03-15 16:24:42.187] [info] Tile  status Gemm, instructions left 49
[2026-03-15 16:24:42.187] [info] Core [0] Tile Stats | Issued: 270 Running: 2 Finished: 268
[2026-03-15 16:24:42.187] [info] cycle: [288000]
[2026-03-15 16:24:42.187] [info] Tile  status Gemm, instructions left 49
[2026-03-15 16:24:42.187] [info] Tile  status Gemm, instructions left 49
[2026-03-15 16:24:42.187] [info] Core [1] Tile Stats | Issued: 271 Running: 2 Finished: 269
[2026-03-15 16:24:42.187] [info] cycle: [288000]
[2026-03-15 16:24:42.187] [info] Tile  status Gemm, instructions left 49
[2026-03-15 16:24:42.187] [info] Tile  status Gemm, instructions left 49
[2026-03-15 16:24:42.187] [info] Core [2] Tile Stats | Issued: 271 Running: 2 Finished: 269
[2026-03-15 16:24:42.187] [info] cycle: [288000]
[2026-03-15 16:24:42.187] [info] Tile  status Gemm, instructions left 49
[2026-03-15 16:24:42.187] [info] Tile  status Gemm, instructions left 49
[2026-03-15 16:24:42.187] [info] Core [3] Tile Stats | Issued: 271 Running: 2 Finished: 269
[2026-03-15 16:24:42.187] [info] cycle: [288000]
[2026-03-15 16:24:42.809] [info] HBM2-CH_0: BW utilization 74% (7128 reads, 0 writes)
[2026-03-15 16:24:42.817] [info] Tile  status Gemm, instructions left 49
[2026-03-15 16:24:42.817] [info] Tile  status Gemm, instructions left 49
[2026-03-15 16:24:42.817] [info] Core [0] Tile Stats | Issued: 271 Running: 2 Finished: 269
[2026-03-15 16:24:42.817] [info] cycle: [296000]
[2026-03-15 16:24:42.817] [info] Tile  status Gemm, instructions left 1
[2026-03-15 16:24:42.817] [info] Tile  status Gemm, instructions left 49
[2026-03-15 16:24:42.817] [info] Core [1] Tile Stats | Issued: 271 Running: 2 Finished: 269
[2026-03-15 16:24:42.817] [info] cycle: [296000]
[2026-03-15 16:24:42.817] [info] Tile  status Gemm, instructions left 1
[2026-03-15 16:24:42.817] [info] Tile  status Gemm, instructions left 49
[2026-03-15 16:24:42.817] [info] Core [2] Tile Stats | Issued: 271 Running: 2 Finished: 269
[2026-03-15 16:24:42.817] [info] cycle: [296000]
[2026-03-15 16:24:42.817] [info] Tile  status Gemm, instructions left 1
[2026-03-15 16:24:42.817] [info] Tile  status Gemm, instructions left 49
[2026-03-15 16:24:42.817] [info] Core [3] Tile Stats | Issued: 271 Running: 2 Finished: 269
[2026-03-15 16:24:42.817] [info] cycle: [296000]
[2026-03-15 16:24:43.541] [info] HBM2-CH_0: BW utilization 69% (6717 reads, 0 writes)
[2026-03-15 16:24:43.561] [info] Tile  status Gemm, instructions left 49
[2026-03-15 16:24:43.561] [info] Tile  status Gemm, instructions left 49
[2026-03-15 16:24:43.561] [info] Core [0] Tile Stats | Issued: 271 Running: 2 Finished: 269
[2026-03-15 16:24:43.561] [info] cycle: [304000]
[2026-03-15 16:24:43.561] [info] Tile  status Gemm, instructions left 49
[2026-03-15 16:24:43.561] [info] Core [1] Tile Stats | Issued: 271 Running: 1 Finished: 270
[2026-03-15 16:24:43.561] [info] cycle: [304000]
[2026-03-15 16:24:43.561] [info] Tile  status Gemm, instructions left 49
[2026-03-15 16:24:43.561] [info] Core [2] Tile Stats | Issued: 271 Running: 1 Finished: 270
[2026-03-15 16:24:43.561] [info] cycle: [304000]
[2026-03-15 16:24:43.561] [info] Tile  status Gemm, instructions left 49
[2026-03-15 16:24:43.561] [info] Core [3] Tile Stats | Issued: 271 Running: 1 Finished: 270
[2026-03-15 16:24:43.561] [info] cycle: [304000]
[2026-03-15 16:24:44.950] [info] HBM2-CH_0: BW utilization 70% (6697 reads, 81 writes)
[2026-03-15 16:24:44.976] [info] Tile  status Gemm, instructions left 1
[2026-03-15 16:24:44.976] [info] Tile  status Gemm, instructions left 49
[2026-03-15 16:24:44.976] [info] Core [0] Tile Stats | Issued: 271 Running: 2 Finished: 269
[2026-03-15 16:24:44.976] [info] cycle: [312000]
[2026-03-15 16:24:44.976] [info] Tile  status Gemm, instructions left 49
[2026-03-15 16:24:44.976] [info] Core [1] Tile Stats | Issued: 271 Running: 1 Finished: 270
[2026-03-15 16:24:44.976] [info] cycle: [312000]
[2026-03-15 16:24:44.976] [info] Tile  status Gemm, instructions left 49
[2026-03-15 16:24:44.976] [info] Core [2] Tile Stats | Issued: 271 Running: 1 Finished: 270
[2026-03-15 16:24:44.976] [info] cycle: [312000]
[2026-03-15 16:24:44.976] [info] Tile  status Gemm, instructions left 49
[2026-03-15 16:24:44.976] [info] Core [3] Tile Stats | Issued: 271 Running: 1 Finished: 270
[2026-03-15 16:24:44.976] [info] cycle: [312000]
[2026-03-15 16:24:45.750] [info] HBM2-CH_0: BW utilization 23% (2181 reads, 28 writes)
[2026-03-15 16:24:45.758] [info] Tile  status Gemm, instructions left 1
[2026-03-15 16:24:45.758] [info] Core [0] Tile Stats | Issued: 271 Running: 1 Finished: 270
[2026-03-15 16:24:45.758] [info] cycle: [320000]
[2026-03-15 16:24:45.758] [info] Tile  status Gemm, instructions left 1
[2026-03-15 16:24:45.758] [info] Core [1] Tile Stats | Issued: 271 Running: 1 Finished: 270
[2026-03-15 16:24:45.758] [info] cycle: [320000]
[2026-03-15 16:24:45.758] [info] Tile  status Gemm, instructions left 1
[2026-03-15 16:24:45.758] [info] Core [2] Tile Stats | Issued: 271 Running: 1 Finished: 270
[2026-03-15 16:24:45.758] [info] cycle: [320000]
[2026-03-15 16:24:45.758] [info] Tile  status Gemm, instructions left 1
[2026-03-15 16:24:45.758] [info] Core [3] Tile Stats | Issued: 271 Running: 1 Finished: 270
[2026-03-15 16:24:45.758] [info] cycle: [320000]
[2026-03-15 16:24:45.993] [info] Layer /blocks.1/conv_proj/Gemm finish at 322443
[2026-03-15 16:24:45.993] [info] Total compute time 62609
[2026-03-15 16:24:45.993] [info] executable layer count 96
[2026-03-15 16:24:45.993] [info] Start layer /blocks.1/Slice_2
[2026-03-15 16:24:46.097] [info] Layer /blocks.1/Slice_2 finish at 323094
[2026-03-15 16:24:46.097] [info] Total compute time 651
[2026-03-15 16:24:46.097] [info] executable layer count 95
[2026-03-15 16:24:46.097] [info] Start layer /blocks.1/Reshape
[2026-03-15 16:24:46.522] [info] Layer /blocks.1/Reshape finish at 326100
[2026-03-15 16:24:46.522] [info] Total compute time 3006
[2026-03-15 16:24:46.522] [info] executable layer count 94
[2026-03-15 16:24:46.522] [info] Start layer /blocks.0/Sigmoid_1
[2026-03-15 16:24:46.790] [info] HBM2-CH_0: BW utilization 54% (2893 reads, 2317 writes)
[2026-03-15 16:24:46.807] [info] Core [0] Tile Stats | Issued: 271 Running: 0 Finished: 271
[2026-03-15 16:24:46.808] [info] cycle: [328000]
[2026-03-15 16:24:46.808] [info] Core [1] Tile Stats | Issued: 272 Running: 0 Finished: 272
[2026-03-15 16:24:46.808] [info] cycle: [328000]
[2026-03-15 16:24:46.808] [info] Core [2] Tile Stats | Issued: 272 Running: 0 Finished: 272
[2026-03-15 16:24:46.808] [info] cycle: [328000]
[2026-03-15 16:24:46.808] [info] Tile  status /blocks.0/Sigmoid_1, instructions left 5
[2026-03-15 16:24:46.808] [info] Core [3] Tile Stats | Issued: 272 Running: 1 Finished: 271
[2026-03-15 16:24:46.808] [info] cycle: [328000]
[2026-03-15 16:24:46.876] [info] Layer /blocks.0/Sigmoid_1 finish at 328520
[2026-03-15 16:24:46.876] [info] Total compute time 2420
[2026-03-15 16:24:46.876] [info] executable layer count 94
[2026-03-15 16:24:46.876] [info] Start layer /blocks.20/conv_proj/Gemm
[2026-03-15 16:24:47.427] [info] HBM2-CH_0: BW utilization 61% (5307 reads, 608 writes)
[2026-03-15 16:24:47.436] [info] Tile  status Gemm, instructions left 49
[2026-03-15 16:24:47.436] [info] Tile  status Gemm, instructions left 49
[2026-03-15 16:24:47.436] [info] Core [0] Tile Stats | Issued: 273 Running: 2 Finished: 271
[2026-03-15 16:24:47.436] [info] cycle: [336000]
[2026-03-15 16:24:47.436] [info] Tile  status Gemm, instructions left 49
[2026-03-15 16:24:47.436] [info] Tile  status Gemm, instructions left 49
[2026-03-15 16:24:47.436] [info] Core [1] Tile Stats | Issued: 274 Running: 2 Finished: 272
[2026-03-15 16:24:47.436] [info] cycle: [336000]
[2026-03-15 16:24:47.436] [info] Tile  status Gemm, instructions left 49
[2026-03-15 16:24:47.436] [info] Tile  status Gemm, instructions left 49
[2026-03-15 16:24:47.436] [info] Core [2] Tile Stats | Issued: 274 Running: 2 Finished: 272
[2026-03-15 16:24:47.436] [info] cycle: [336000]
[2026-03-15 16:24:47.436] [info] Tile  status Gemm, instructions left 49
[2026-03-15 16:24:47.436] [info] Tile  status Gemm, instructions left 49
[2026-03-15 16:24:47.436] [info] Core [3] Tile Stats | Issued: 274 Running: 2 Finished: 272
[2026-03-15 16:24:47.436] [info] cycle: [336000]
[2026-03-15 16:24:47.984] [info] HBM2-CH_0: BW utilization 60% (5823 reads, 0 writes)
[2026-03-15 16:24:47.995] [info] Tile  status Gemm, instructions left 49
[2026-03-15 16:24:47.995] [info] Tile  status Gemm, instructions left 49
[2026-03-15 16:24:47.995] [info] Core [0] Tile Stats | Issued: 273 Running: 2 Finished: 271
[2026-03-15 16:24:47.995] [info] cycle: [344000]
[2026-03-15 16:24:47.995] [info] Tile  status Gemm, instructions left 49
[2026-03-15 16:24:47.995] [info] Tile  status Gemm, instructions left 49
[2026-03-15 16:24:47.995] [info] Core [1] Tile Stats | Issued: 274 Running: 2 Finished: 272
[2026-03-15 16:24:47.995] [info] cycle: [344000]
[2026-03-15 16:24:47.995] [info] Tile  status Gemm, instructions left 49
[2026-03-15 16:24:47.995] [info] Tile  status Gemm, instructions left 49
[2026-03-15 16:24:47.995] [info] Core [2] Tile Stats | Issued: 274 Running: 2 Finished: 272
[2026-03-15 16:24:47.995] [info] cycle: [344000]
[2026-03-15 16:24:47.995] [info] Tile  status Gemm, instructions left 49
[2026-03-15 16:24:47.995] [info] Tile  status Gemm, instructions left 49
[2026-03-15 16:24:47.995] [info] Core [3] Tile Stats | Issued: 274 Running: 2 Finished: 272
[2026-03-15 16:24:47.995] [info] cycle: [344000]
[2026-03-15 16:24:48.586] [info] HBM2-CH_0: BW utilization 68% (6610 reads, 0 writes)
[2026-03-15 16:24:48.596] [info] Tile  status Gemm, instructions left 1
[2026-03-15 16:24:48.596] [info] Tile  status Gemm, instructions left 49
[2026-03-15 16:24:48.596] [info] Core [0] Tile Stats | Issued: 273 Running: 2 Finished: 271
[2026-03-15 16:24:48.596] [info] cycle: [352000]
[2026-03-15 16:24:48.596] [info] Tile  status Gemm, instructions left 1
[2026-03-15 16:24:48.596] [info] Tile  status Gemm, instructions left 49
[2026-03-15 16:24:48.596] [info] Core [1] Tile Stats | Issued: 274 Running: 2 Finished: 272
[2026-03-15 16:24:48.596] [info] cycle: [352000]
[2026-03-15 16:24:48.596] [info] Tile  status Gemm, instructions left 1
[2026-03-15 16:24:48.596] [info] Tile  status Gemm, instructions left 49
[2026-03-15 16:24:48.596] [info] Core [2] Tile Stats | Issued: 274 Running: 2 Finished: 272
[2026-03-15 16:24:48.596] [info] cycle: [352000]
[2026-03-15 16:24:48.596] [info] Tile  status Gemm, instructions left 1
[2026-03-15 16:24:48.596] [info] Tile  status Gemm, instructions left 49
[2026-03-15 16:24:48.596] [info] Core [3] Tile Stats | Issued: 274 Running: 2 Finished: 272
[2026-03-15 16:24:48.596] [info] cycle: [352000]
[2026-03-15 16:24:49.245] [info] HBM2-CH_0: BW utilization 59% (5682 reads, 0 writes)
[2026-03-15 16:24:49.255] [info] Tile  status Gemm, instructions left 49
[2026-03-15 16:24:49.255] [info] Tile  status Gemm, instructions left 49
[2026-03-15 16:24:49.255] [info] Core [0] Tile Stats | Issued: 274 Running: 2 Finished: 272
[2026-03-15 16:24:49.255] [info] cycle: [360000]
[2026-03-15 16:24:49.255] [info] Tile  status Gemm, instructions left 49
[2026-03-15 16:24:49.255] [info] Tile  status Gemm, instructions left 49
[2026-03-15 16:24:49.255] [info] Core [1] Tile Stats | Issued: 275 Running: 2 Finished: 273
[2026-03-15 16:24:49.255] [info] cycle: [360000]
[2026-03-15 16:24:49.255] [info] Tile  status Gemm, instructions left 49
[2026-03-15 16:24:49.255] [info] Tile  status Gemm, instructions left 49
[2026-03-15 16:24:49.255] [info] Core [2] Tile Stats | Issued: 275 Running: 2 Finished: 273
[2026-03-15 16:24:49.255] [info] cycle: [360000]
[2026-03-15 16:24:49.255] [info] Tile  status Gemm, instructions left 49
[2026-03-15 16:24:49.255] [info] Tile  status Gemm, instructions left 49
[2026-03-15 16:24:49.255] [info] Core [3] Tile Stats | Issued: 275 Running: 2 Finished: 273
[2026-03-15 16:24:49.255] [info] cycle: [360000]
[2026-03-15 16:24:49.848] [info] HBM2-CH_0: BW utilization 67% (6463 reads, 41 writes)
[2026-03-15 16:24:49.859] [info] Tile  status Gemm, instructions left 1
[2026-03-15 16:24:49.859] [info] Tile  status Gemm, instructions left 49
[2026-03-15 16:24:49.859] [info] Core [0] Tile Stats | Issued: 274 Running: 2 Finished: 272
[2026-03-15 16:24:49.859] [info] cycle: [368000]
[2026-03-15 16:24:49.859] [info] Tile  status Gemm, instructions left 1
[2026-03-15 16:24:49.859] [info] Tile  status Gemm, instructions left 49
[2026-03-15 16:24:49.859] [info] Core [1] Tile Stats | Issued: 275 Running: 2 Finished: 273
[2026-03-15 16:24:49.859] [info] cycle: [368000]
[2026-03-15 16:24:49.859] [info] Tile  status Gemm, instructions left 1
[2026-03-15 16:24:49.859] [info] Tile  status Gemm, instructions left 49
[2026-03-15 16:24:49.859] [info] Core [2] Tile Stats | Issued: 275 Running: 2 Finished: 273
[2026-03-15 16:24:49.859] [info] cycle: [368000]
[2026-03-15 16:24:49.859] [info] Tile  status Gemm, instructions left 1
[2026-03-15 16:24:49.859] [info] Tile  status Gemm, instructions left 49
[2026-03-15 16:24:49.859] [info] Core [3] Tile Stats | Issued: 275 Running: 2 Finished: 273
[2026-03-15 16:24:49.859] [info] cycle: [368000]
[2026-03-15 16:24:50.638] [info] HBM2-CH_0: BW utilization 58% (5621 reads, 0 writes)
[2026-03-15 16:24:50.661] [info] Tile  status Gemm, instructions left 49
[2026-03-15 16:24:50.661] [info] Core [0] Tile Stats | Issued: 274 Running: 1 Finished: 273
[2026-03-15 16:24:50.661] [info] cycle: [376000]
[2026-03-15 16:24:50.662] [info] Tile  status Gemm, instructions left 49
[2026-03-15 16:24:50.662] [info] Core [1] Tile Stats | Issued: 275 Running: 1 Finished: 274
[2026-03-15 16:24:50.662] [info] cycle: [376000]
[2026-03-15 16:24:50.662] [info] Tile  status Gemm, instructions left 49
[2026-03-15 16:24:50.662] [info] Core [2] Tile Stats | Issued: 275 Running: 1 Finished: 274
[2026-03-15 16:24:50.662] [info] cycle: [376000]
[2026-03-15 16:24:50.662] [info] Tile  status Gemm, instructions left 49
[2026-03-15 16:24:50.662] [info] Core [3] Tile Stats | Issued: 275 Running: 1 Finished: 274
[2026-03-15 16:24:50.662] [info] cycle: [376000]
[2026-03-15 16:24:51.938] [info] HBM2-CH_0: BW utilization 58% (5610 reads, 0 writes)
[2026-03-15 16:24:51.969] [info] Tile  status Gemm, instructions left 49
[2026-03-15 16:24:51.969] [info] Core [0] Tile Stats | Issued: 274 Running: 1 Finished: 273
[2026-03-15 16:24:51.969] [info] cycle: [384000]
[2026-03-15 16:24:51.969] [info] Tile  status Gemm, instructions left 49
[2026-03-15 16:24:51.969] [info] Core [1] Tile Stats | Issued: 275 Running: 1 Finished: 274
[2026-03-15 16:24:51.969] [info] cycle: [384000]
[2026-03-15 16:24:51.969] [info] Tile  status Gemm, instructions left 49
[2026-03-15 16:24:51.969] [info] Core [2] Tile Stats | Issued: 275 Running: 1 Finished: 274
[2026-03-15 16:24:51.969] [info] cycle: [384000]
[2026-03-15 16:24:51.969] [info] Tile  status Gemm, instructions left 49
[2026-03-15 16:24:51.969] [info] Core [3] Tile Stats | Issued: 275 Running: 1 Finished: 274
[2026-03-15 16:24:51.969] [info] cycle: [384000]
[2026-03-15 16:24:52.701] [info] HBM2-CH_0: BW utilization 28% (2666 reads, 65 writes)
[2026-03-15 16:24:52.712] [info] Tile  status Gemm, instructions left 1
[2026-03-15 16:24:52.712] [info] Core [0] Tile Stats | Issued: 274 Running: 1 Finished: 273
[2026-03-15 16:24:52.712] [info] cycle: [392000]
[2026-03-15 16:24:52.712] [info] Tile  status Gemm, instructions left 1
[2026-03-15 16:24:52.712] [info] Core [1] Tile Stats | Issued: 275 Running: 1 Finished: 274
[2026-03-15 16:24:52.712] [info] cycle: [392000]
[2026-03-15 16:24:52.712] [info] Tile  status Gemm, instructions left 1
[2026-03-15 16:24:52.712] [info] Core [2] Tile Stats | Issued: 275 Running: 1 Finished: 274
[2026-03-15 16:24:52.712] [info] cycle: [392000]
[2026-03-15 16:24:52.712] [info] Tile  status Gemm, instructions left 1
[2026-03-15 16:24:52.712] [info] Core [3] Tile Stats | Issued: 275 Running: 1 Finished: 274
[2026-03-15 16:24:52.712] [info] cycle: [392000]
[2026-03-15 16:24:52.812] [info] Layer /blocks.20/conv_proj/Gemm finish at 393280
[2026-03-15 16:24:52.812] [info] Total compute time 64760
[2026-03-15 16:24:52.812] [info] executable layer count 94
[2026-03-15 16:24:52.812] [info] Start layer /blocks.20/Slice_2
[2026-03-15 16:24:52.905] [info] Layer /blocks.20/Slice_2 finish at 393947
[2026-03-15 16:24:52.905] [info] Total compute time 667
[2026-03-15 16:24:52.905] [info] executable layer count 93
[2026-03-15 16:24:52.905] [info] Start layer /blocks.20/Reshape
[2026-03-15 16:24:53.333] [info] Layer /blocks.20/Reshape finish at 396946
[2026-03-15 16:24:53.333] [info] Total compute time 2999
[2026-03-15 16:24:53.333] [info] executable layer count 92
[2026-03-15 16:24:53.333] [info] Start layer /blocks.6/conv_proj/Gemm
[2026-03-15 16:24:53.545] [info] HBM2-CH_0: BW utilization 60% (4594 reads, 1194 writes)
[2026-03-15 16:24:53.556] [info] Tile  status Gemm, instructions left 49
[2026-03-15 16:24:53.556] [info] Tile  status Gemm, instructions left 49
[2026-03-15 16:24:53.556] [info] Core [0] Tile Stats | Issued: 277 Running: 2 Finished: 275
[2026-03-15 16:24:53.556] [info] cycle: [400000]
[2026-03-15 16:24:53.556] [info] Tile  status Gemm, instructions left 49
[2026-03-15 16:24:53.556] [info] Tile  status Gemm, instructions left 49
[2026-03-15 16:24:53.556] [info] Core [1] Tile Stats | Issued: 277 Running: 2 Finished: 275
[2026-03-15 16:24:53.556] [info] cycle: [400000]
[2026-03-15 16:24:53.556] [info] Tile  status Gemm, instructions left 49
[2026-03-15 16:24:53.556] [info] Tile  status Gemm, instructions left 49
[2026-03-15 16:24:53.556] [info] Core [2] Tile Stats | Issued: 278 Running: 2 Finished: 276
[2026-03-15 16:24:53.556] [info] cycle: [400000]
[2026-03-15 16:24:53.556] [info] Tile  status Gemm, instructions left 49
[2026-03-15 16:24:53.556] [info] Tile  status Gemm, instructions left 49
[2026-03-15 16:24:53.556] [info] Core [3] Tile Stats | Issued: 277 Running: 2 Finished: 275
[2026-03-15 16:24:53.556] [info] cycle: [400000]
[2026-03-15 16:24:54.075] [info] HBM2-CH_0: BW utilization 67% (4847 reads, 1628 writes)
[2026-03-15 16:24:54.084] [info] Tile  status Gemm, instructions left 49
[2026-03-15 16:24:54.084] [info] Tile  status Gemm, instructions left 49
[2026-03-15 16:24:54.084] [info] Core [0] Tile Stats | Issued: 277 Running: 2 Finished: 275
[2026-03-15 16:24:54.084] [info] cycle: [408000]
[2026-03-15 16:24:54.084] [info] Tile  status Gemm, instructions left 49
[2026-03-15 16:24:54.084] [info] Tile  status Gemm, instructions left 49
[2026-03-15 16:24:54.084] [info] Core [1] Tile Stats | Issued: 277 Running: 2 Finished: 275
[2026-03-15 16:24:54.084] [info] cycle: [408000]
[2026-03-15 16:24:54.084] [info] Tile  status Gemm, instructions left 49
[2026-03-15 16:24:54.084] [info] Tile  status Gemm, instructions left 49
[2026-03-15 16:24:54.084] [info] Core [2] Tile Stats | Issued: 278 Running: 2 Finished: 276
[2026-03-15 16:24:54.084] [info] cycle: [408000]
[2026-03-15 16:24:54.084] [info] Tile  status Gemm, instructions left 49
[2026-03-15 16:24:54.084] [info] Tile  status Gemm, instructions left 49
[2026-03-15 16:24:54.084] [info] Core [3] Tile Stats | Issued: 277 Running: 2 Finished: 275
[2026-03-15 16:24:54.084] [info] cycle: [408000]
[2026-03-15 16:24:54.673] [info] HBM2-CH_0: BW utilization 80% (7643 reads, 94 writes)
[2026-03-15 16:24:54.685] [info] Tile  status Gemm, instructions left 1
[2026-03-15 16:24:54.685] [info] Tile  status Gemm, instructions left 49
[2026-03-15 16:24:54.685] [info] Core [0] Tile Stats | Issued: 277 Running: 2 Finished: 275
[2026-03-15 16:24:54.685] [info] cycle: [416000]
[2026-03-15 16:24:54.685] [info] Tile  status Gemm, instructions left 1
[2026-03-15 16:24:54.685] [info] Tile  status Gemm, instructions left 49
[2026-03-15 16:24:54.685] [info] Core [1] Tile Stats | Issued: 277 Running: 2 Finished: 275
[2026-03-15 16:24:54.685] [info] cycle: [416000]
[2026-03-15 16:24:54.685] [info] Tile  status Gemm, instructions left 49
[2026-03-15 16:24:54.685] [info] Tile  status Gemm, instructions left 49
[2026-03-15 16:24:54.685] [info] Core [2] Tile Stats | Issued: 278 Running: 2 Finished: 276
[2026-03-15 16:24:54.685] [info] cycle: [416000]
[2026-03-15 16:24:54.685] [info] Tile  status Gemm, instructions left 1
[2026-03-15 16:24:54.685] [info] Tile  status Gemm, instructions left 49
[2026-03-15 16:24:54.685] [info] Core [3] Tile Stats | Issued: 277 Running: 2 Finished: 275
[2026-03-15 16:24:54.685] [info] cycle: [416000]
[2026-03-15 16:24:55.331] [info] HBM2-CH_0: BW utilization 74% (7195 reads, 0 writes)
[2026-03-15 16:24:55.344] [info] Tile  status Gemm, instructions left 49
[2026-03-15 16:24:55.344] [info] Tile  status Gemm, instructions left 49
[2026-03-15 16:24:55.344] [info] Core [0] Tile Stats | Issued: 278 Running: 2 Finished: 276
[2026-03-15 16:24:55.344] [info] cycle: [424000]
[2026-03-15 16:24:55.344] [info] Tile  status Gemm, instructions left 49
[2026-03-15 16:24:55.344] [info] Tile  status Gemm, instructions left 49
[2026-03-15 16:24:55.344] [info] Core [1] Tile Stats | Issued: 278 Running: 2 Finished: 276
[2026-03-15 16:24:55.344] [info] cycle: [424000]
[2026-03-15 16:24:55.344] [info] Tile  status Gemm, instructions left 49
[2026-03-15 16:24:55.344] [info] Tile  status Gemm, instructions left 49
[2026-03-15 16:24:55.344] [info] Core [2] Tile Stats | Issued: 278 Running: 2 Finished: 276
[2026-03-15 16:24:55.344] [info] cycle: [424000]
[2026-03-15 16:24:55.344] [info] Tile  status Gemm, instructions left 49
[2026-03-15 16:24:55.344] [info] Tile  status Gemm, instructions left 49
[2026-03-15 16:24:55.344] [info] Core [3] Tile Stats | Issued: 278 Running: 2 Finished: 276
[2026-03-15 16:24:55.344] [info] cycle: [424000]
[2026-03-15 16:24:56.035] [info] HBM2-CH_0: BW utilization 78% (7553 reads, 0 writes)
[2026-03-15 16:24:56.057] [info] Tile  status Gemm, instructions left 1
[2026-03-15 16:24:56.057] [info] Tile  status Gemm, instructions left 49
[2026-03-15 16:24:56.057] [info] Core [0] Tile Stats | Issued: 278 Running: 2 Finished: 276
[2026-03-15 16:24:56.057] [info] cycle: [432000]
[2026-03-15 16:24:56.057] [info] Tile  status Gemm, instructions left 1
[2026-03-15 16:24:56.057] [info] Tile  status Gemm, instructions left 49
[2026-03-15 16:24:56.057] [info] Core [1] Tile Stats | Issued: 278 Running: 2 Finished: 276
[2026-03-15 16:24:56.057] [info] cycle: [432000]
[2026-03-15 16:24:56.057] [info] Tile  status Gemm, instructions left 49
[2026-03-15 16:24:56.057] [info] Tile  status Gemm, instructions left 49
[2026-03-15 16:24:56.057] [info] Core [2] Tile Stats | Issued: 279 Running: 2 Finished: 277
[2026-03-15 16:24:56.057] [info] cycle: [432000]
[2026-03-15 16:24:56.057] [info] Tile  status Gemm, instructions left 1
[2026-03-15 16:24:56.057] [info] Tile  status Gemm, instructions left 49
[2026-03-15 16:24:56.057] [info] Core [3] Tile Stats | Issued: 278 Running: 2 Finished: 276
[2026-03-15 16:24:56.057] [info] cycle: [432000]
[2026-03-15 16:24:56.830] [info] HBM2-CH_0: BW utilization 70% (6763 reads, 0 writes)
[2026-03-15 16:24:56.854] [info] Tile  status Gemm, instructions left 49
[2026-03-15 16:24:56.854] [info] Core [0] Tile Stats | Issued: 278 Running: 1 Finished: 277
[2026-03-15 16:24:56.854] [info] cycle: [440000]
[2026-03-15 16:24:56.854] [info] Tile  status Gemm, instructions left 49
[2026-03-15 16:24:56.854] [info] Core [1] Tile Stats | Issued: 278 Running: 1 Finished: 277
[2026-03-15 16:24:56.854] [info] cycle: [440000]
[2026-03-15 16:24:56.854] [info] Tile  status Gemm, instructions left 49
[2026-03-15 16:24:56.854] [info] Tile  status Gemm, instructions left 49
[2026-03-15 16:24:56.854] [info] Core [2] Tile Stats | Issued: 279 Running: 2 Finished: 277
[2026-03-15 16:24:56.854] [info] cycle: [440000]
[2026-03-15 16:24:56.854] [info] Tile  status Gemm, instructions left 49
[2026-03-15 16:24:56.854] [info] Core [3] Tile Stats | Issued: 278 Running: 1 Finished: 277
[2026-03-15 16:24:56.854] [info] cycle: [440000]
[2026-03-15 16:24:57.990] [info] HBM2-CH_0: BW utilization 80% (7611 reads, 85 writes)
[2026-03-15 16:24:58.015] [info] Tile  status Gemm, instructions left 49
[2026-03-15 16:24:58.015] [info] Core [0] Tile Stats | Issued: 278 Running: 1 Finished: 277
[2026-03-15 16:24:58.015] [info] cycle: [448000]
[2026-03-15 16:24:58.015] [info] Tile  status Gemm, instructions left 49
[2026-03-15 16:24:58.015] [info] Core [1] Tile Stats | Issued: 278 Running: 1 Finished: 277
[2026-03-15 16:24:58.015] [info] cycle: [448000]
[2026-03-15 16:24:58.015] [info] Tile  status Gemm, instructions left 1
[2026-03-15 16:24:58.015] [info] Tile  status Gemm, instructions left 49
[2026-03-15 16:24:58.015] [info] Core [2] Tile Stats | Issued: 279 Running: 2 Finished: 277
[2026-03-15 16:24:58.015] [info] cycle: [448000]
[2026-03-15 16:24:58.015] [info] Tile  status Gemm, instructions left 49
[2026-03-15 16:24:58.015] [info] Core [3] Tile Stats | Issued: 278 Running: 1 Finished: 277
[2026-03-15 16:24:58.015] [info] cycle: [448000]
[2026-03-15 16:24:58.743] [info] HBM2-CH_0: BW utilization 5% (457 reads, 60 writes)
[2026-03-15 16:24:58.755] [info] Core [0] Tile Stats | Issued: 278 Running: 0 Finished: 278
[2026-03-15 16:24:58.755] [info] cycle: [456000]
[2026-03-15 16:24:58.755] [info] Core [1] Tile Stats | Issued: 278 Running: 0 Finished: 278
[2026-03-15 16:24:58.755] [info] cycle: [456000]
[2026-03-15 16:24:58.755] [info] Tile  status Gemm, instructions left 1
[2026-03-15 16:24:58.755] [info] Core [2] Tile Stats | Issued: 279 Running: 1 Finished: 278
[2026-03-15 16:24:58.755] [info] cycle: [456000]
[2026-03-15 16:24:58.755] [info] Core [3] Tile Stats | Issued: 278 Running: 0 Finished: 278
[2026-03-15 16:24:58.755] [info] cycle: [456000]
[2026-03-15 16:24:58.821] [info] Layer /blocks.6/conv_proj/Gemm finish at 457042
[2026-03-15 16:24:58.821] [info] Total compute time 60096
[2026-03-15 16:24:58.821] [info] executable layer count 92
[2026-03-15 16:24:58.821] [info] Start layer /blocks.6/Slice_2
[2026-03-15 16:24:58.919] [info] Layer /blocks.6/Slice_2 finish at 457694
[2026-03-15 16:24:58.919] [info] Total compute time 652
[2026-03-15 16:24:58.919] [info] executable layer count 91
[2026-03-15 16:24:58.919] [info] Start layer /blocks.6/Reshape
[2026-03-15 16:24:59.463] [info] Layer /blocks.6/Reshape finish at 460706
[2026-03-15 16:24:59.463] [info] Total compute time 3012
[2026-03-15 16:24:59.463] [info] executable layer count 90
[2026-03-15 16:24:59.463] [info] Start layer /blocks.0/Unsqueeze_1
[2026-03-15 16:24:59.855] [info] Layer /blocks.0/Unsqueeze_1 finish at 463229
[2026-03-15 16:24:59.855] [info] Total compute time 2523
[2026-03-15 16:24:59.855] [info] executable layer count 89
[2026-03-15 16:24:59.855] [info] Start layer /blocks.16/conv_proj/Gemm
[2026-03-15 16:24:59.909] [info] HBM2-CH_0: BW utilization 65% (3292 reads, 2975 writes)
[2026-03-15 16:24:59.926] [info] Tile  status Gemm, instructions left 49
[2026-03-15 16:24:59.926] [info] Tile  status Gemm, instructions left 49
[2026-03-15 16:24:59.926] [info] Core [0] Tile Stats | Issued: 281 Running: 2 Finished: 279
[2026-03-15 16:24:59.926] [info] cycle: [464000]
[2026-03-15 16:24:59.926] [info] Tile  status Gemm, instructions left 49
[2026-03-15 16:24:59.926] [info] Tile  status Gemm, instructions left 49
[2026-03-15 16:24:59.926] [info] Core [1] Tile Stats | Issued: 281 Running: 2 Finished: 279
[2026-03-15 16:24:59.926] [info] cycle: [464000]
[2026-03-15 16:24:59.926] [info] Tile  status Gemm, instructions left 49
[2026-03-15 16:24:59.926] [info] Tile  status Gemm, instructions left 49
[2026-03-15 16:24:59.926] [info] Core [2] Tile Stats | Issued: 281 Running: 2 Finished: 279
[2026-03-15 16:24:59.926] [info] cycle: [464000]
[2026-03-15 16:24:59.926] [info] Tile  status Gemm, instructions left 49
[2026-03-15 16:24:59.926] [info] Tile  status Gemm, instructions left 49
[2026-03-15 16:24:59.926] [info] Core [3] Tile Stats | Issued: 281 Running: 2 Finished: 279
[2026-03-15 16:24:59.926] [info] cycle: [464000]
[2026-03-15 16:25:00.646] [info] HBM2-CH_0: BW utilization 82% (7927 reads, 0 writes)
[2026-03-15 16:25:00.663] [info] Tile  status Gemm, instructions left 49
[2026-03-15 16:25:00.663] [info] Tile  status Gemm, instructions left 49
[2026-03-15 16:25:00.663] [info] Core [0] Tile Stats | Issued: 281 Running: 2 Finished: 279
[2026-03-15 16:25:00.663] [info] cycle: [472000]
[2026-03-15 16:25:00.663] [info] Tile  status Gemm, instructions left 49
[2026-03-15 16:25:00.663] [info] Tile  status Gemm, instructions left 49
[2026-03-15 16:25:00.663] [info] Core [1] Tile Stats | Issued: 281 Running: 2 Finished: 279
[2026-03-15 16:25:00.663] [info] cycle: [472000]
[2026-03-15 16:25:00.663] [info] Tile  status Gemm, instructions left 49
[2026-03-15 16:25:00.663] [info] Tile  status Gemm, instructions left 49
[2026-03-15 16:25:00.663] [info] Core [2] Tile Stats | Issued: 281 Running: 2 Finished: 279
[2026-03-15 16:25:00.663] [info] cycle: [472000]
[2026-03-15 16:25:00.663] [info] Tile  status Gemm, instructions left 49
[2026-03-15 16:25:00.663] [info] Tile  status Gemm, instructions left 49
[2026-03-15 16:25:00.663] [info] Core [3] Tile Stats | Issued: 281 Running: 2 Finished: 279
[2026-03-15 16:25:00.663] [info] cycle: [472000]
[2026-03-15 16:25:01.254] [info] HBM2-CH_0: BW utilization 82% (7914 reads, 0 writes)
[2026-03-15 16:25:01.269] [info] Tile  status Gemm, instructions left 1
[2026-03-15 16:25:01.269] [info] Tile  status Gemm, instructions left 49
[2026-03-15 16:25:01.269] [info] Core [0] Tile Stats | Issued: 281 Running: 2 Finished: 279
[2026-03-15 16:25:01.269] [info] cycle: [480000]
[2026-03-15 16:25:01.269] [info] Tile  status Gemm, instructions left 1
[2026-03-15 16:25:01.269] [info] Tile  status Gemm, instructions left 49
[2026-03-15 16:25:01.269] [info] Core [1] Tile Stats | Issued: 281 Running: 2 Finished: 279
[2026-03-15 16:25:01.269] [info] cycle: [480000]
[2026-03-15 16:25:01.269] [info] Tile  status Gemm, instructions left 1
[2026-03-15 16:25:01.269] [info] Tile  status Gemm, instructions left 49
[2026-03-15 16:25:01.269] [info] Core [2] Tile Stats | Issued: 281 Running: 2 Finished: 279
[2026-03-15 16:25:01.269] [info] cycle: [480000]
[2026-03-15 16:25:01.269] [info] Tile  status Gemm, instructions left 49
[2026-03-15 16:25:01.269] [info] Tile  status Gemm, instructions left 49
[2026-03-15 16:25:01.269] [info] Core [3] Tile Stats | Issued: 281 Running: 2 Finished: 279
[2026-03-15 16:25:01.269] [info] cycle: [480000]
[2026-03-15 16:25:01.907] [info] HBM2-CH_0: BW utilization 70% (6794 reads, 0 writes)
[2026-03-15 16:25:01.923] [info] Tile  status Gemm, instructions left 49
[2026-03-15 16:25:01.923] [info] Tile  status Gemm, instructions left 49
[2026-03-15 16:25:01.923] [info] Core [0] Tile Stats | Issued: 282 Running: 2 Finished: 280
[2026-03-15 16:25:01.923] [info] cycle: [488000]
[2026-03-15 16:25:01.923] [info] Tile  status Gemm, instructions left 49
[2026-03-15 16:25:01.923] [info] Tile  status Gemm, instructions left 49
[2026-03-15 16:25:01.923] [info] Core [1] Tile Stats | Issued: 282 Running: 2 Finished: 280
[2026-03-15 16:25:01.923] [info] cycle: [488000]
[2026-03-15 16:25:01.923] [info] Tile  status Gemm, instructions left 49
[2026-03-15 16:25:01.923] [info] Tile  status Gemm, instructions left 49
[2026-03-15 16:25:01.923] [info] Core [2] Tile Stats | Issued: 282 Running: 2 Finished: 280
[2026-03-15 16:25:01.923] [info] cycle: [488000]
[2026-03-15 16:25:01.923] [info] Tile  status Gemm, instructions left 49
[2026-03-15 16:25:01.923] [info] Tile  status Gemm, instructions left 49
[2026-03-15 16:25:01.923] [info] Core [3] Tile Stats | Issued: 282 Running: 2 Finished: 280
[2026-03-15 16:25:01.923] [info] cycle: [488000]
[2026-03-15 16:25:02.544] [info] HBM2-CH_0: BW utilization 75% (7212 reads, 40 writes)
[2026-03-15 16:25:02.558] [info] Tile  status Gemm, instructions left 49
[2026-03-15 16:25:02.558] [info] Tile  status Gemm, instructions left 49
[2026-03-15 16:25:02.558] [info] Core [0] Tile Stats | Issued: 282 Running: 2 Finished: 280
[2026-03-15 16:25:02.558] [info] cycle: [496000]
[2026-03-15 16:25:02.558] [info] Tile  status Gemm, instructions left 49
[2026-03-15 16:25:02.558] [info] Tile  status Gemm, instructions left 49
[2026-03-15 16:25:02.558] [info] Core [1] Tile Stats | Issued: 282 Running: 2 Finished: 280
[2026-03-15 16:25:02.558] [info] cycle: [496000]
[2026-03-15 16:25:02.558] [info] Tile  status Gemm, instructions left 49
[2026-03-15 16:25:02.558] [info] Tile  status Gemm, instructions left 49
[2026-03-15 16:25:02.558] [info] Core [2] Tile Stats | Issued: 282 Running: 2 Finished: 280
[2026-03-15 16:25:02.558] [info] cycle: [496000]
[2026-03-15 16:25:02.558] [info] Tile  status Gemm, instructions left 49
[2026-03-15 16:25:02.558] [info] Tile  status Gemm, instructions left 49
[2026-03-15 16:25:02.558] [info] Core [3] Tile Stats | Issued: 282 Running: 2 Finished: 280
[2026-03-15 16:25:02.558] [info] cycle: [496000]
[2026-03-15 16:25:03.275] [info] HBM2-CH_0: BW utilization 64% (6165 reads, 0 writes)
[2026-03-15 16:25:03.307] [info] Tile  status Gemm, instructions left 49
[2026-03-15 16:25:03.307] [info] Core [0] Tile Stats | Issued: 282 Running: 1 Finished: 281
[2026-03-15 16:25:03.307] [info] cycle: [504000]
[2026-03-15 16:25:03.307] [info] Tile  status Gemm, instructions left 49
[2026-03-15 16:25:03.307] [info] Core [1] Tile Stats | Issued: 282 Running: 1 Finished: 281
[2026-03-15 16:25:03.307] [info] cycle: [504000]
[2026-03-15 16:25:03.307] [info] Tile  status Gemm, instructions left 49
[2026-03-15 16:25:03.307] [info] Core [2] Tile Stats | Issued: 282 Running: 1 Finished: 281
[2026-03-15 16:25:03.307] [info] cycle: [504000]
[2026-03-15 16:25:03.307] [info] Tile  status Gemm, instructions left 49
[2026-03-15 16:25:03.307] [info] Core [3] Tile Stats | Issued: 282 Running: 1 Finished: 281
[2026-03-15 16:25:03.307] [info] cycle: [504000]
[2026-03-15 16:25:04.600] [info] HBM2-CH_0: BW utilization 69% (6695 reads, 0 writes)
[2026-03-15 16:25:04.639] [info] Tile  status Gemm, instructions left 49
[2026-03-15 16:25:04.639] [info] Core [0] Tile Stats | Issued: 282 Running: 1 Finished: 281
[2026-03-15 16:25:04.639] [info] cycle: [512000]
[2026-03-15 16:25:04.639] [info] Tile  status Gemm, instructions left 49
[2026-03-15 16:25:04.639] [info] Core [1] Tile Stats | Issued: 282 Running: 1 Finished: 281
[2026-03-15 16:25:04.639] [info] cycle: [512000]
[2026-03-15 16:25:04.639] [info] Tile  status Gemm, instructions left 49
[2026-03-15 16:25:04.639] [info] Core [2] Tile Stats | Issued: 282 Running: 1 Finished: 281
[2026-03-15 16:25:04.639] [info] cycle: [512000]
[2026-03-15 16:25:04.639] [info] Tile  status Gemm, instructions left 49
[2026-03-15 16:25:04.639] [info] Core [3] Tile Stats | Issued: 282 Running: 1 Finished: 281
[2026-03-15 16:25:04.639] [info] cycle: [512000]
[2026-03-15 16:25:05.299] [info] HBM2-CH_0: BW utilization 8% (758 reads, 68 writes)
[2026-03-15 16:25:05.317] [info] Tile  status Gemm, instructions left 1
[2026-03-15 16:25:05.317] [info] Core [0] Tile Stats | Issued: 282 Running: 1 Finished: 281
[2026-03-15 16:25:05.317] [info] cycle: [520000]
[2026-03-15 16:25:05.317] [info] Tile  status Gemm, instructions left 1
[2026-03-15 16:25:05.317] [info] Core [1] Tile Stats | Issued: 282 Running: 1 Finished: 281
[2026-03-15 16:25:05.317] [info] cycle: [520000]
[2026-03-15 16:25:05.317] [info] Tile  status Gemm, instructions left 1
[2026-03-15 16:25:05.317] [info] Core [2] Tile Stats | Issued: 282 Running: 1 Finished: 281
[2026-03-15 16:25:05.317] [info] cycle: [520000]
[2026-03-15 16:25:05.317] [info] Tile  status Gemm, instructions left 1
[2026-03-15 16:25:05.317] [info] Core [3] Tile Stats | Issued: 282 Running: 1 Finished: 281
[2026-03-15 16:25:05.317] [info] cycle: [520000]
[2026-03-15 16:25:05.364] [info] Layer /blocks.16/conv_proj/Gemm finish at 520669
[2026-03-15 16:25:05.364] [info] Total compute time 57440
[2026-03-15 16:25:05.364] [info] executable layer count 89
[2026-03-15 16:25:05.364] [info] Start layer /blocks.16/Slice_2
[2026-03-15 16:25:05.458] [info] Layer /blocks.16/Slice_2 finish at 521318
[2026-03-15 16:25:05.458] [info] Total compute time 649
[2026-03-15 16:25:05.458] [info] executable layer count 88
[2026-03-15 16:25:05.458] [info] Start layer /blocks.16/Reshape
[2026-03-15 16:25:05.879] [info] Layer /blocks.16/Reshape finish at 524322
[2026-03-15 16:25:05.879] [info] Total compute time 3004
[2026-03-15 16:25:05.879] [info] executable layer count 87
[2026-03-15 16:25:05.879] [info] Start layer /blocks.2/conv_proj/Gemm
[2026-03-15 16:25:06.127] [info] HBM2-CH_0: BW utilization 63% (4843 reads, 1288 writes)
[2026-03-15 16:25:06.140] [info] Tile  status Gemm, instructions left 49
[2026-03-15 16:25:06.140] [info] Tile  status Gemm, instructions left 49
[2026-03-15 16:25:06.140] [info] Core [0] Tile Stats | Issued: 284 Running: 2 Finished: 282
[2026-03-15 16:25:06.140] [info] cycle: [528000]
[2026-03-15 16:25:06.140] [info] Tile  status Gemm, instructions left 49
[2026-03-15 16:25:06.140] [info] Tile  status Gemm, instructions left 49
[2026-03-15 16:25:06.140] [info] Core [1] Tile Stats | Issued: 285 Running: 2 Finished: 283
[2026-03-15 16:25:06.140] [info] cycle: [528000]
[2026-03-15 16:25:06.141] [info] Tile  status Gemm, instructions left 49
[2026-03-15 16:25:06.141] [info] Tile  status Gemm, instructions left 49
[2026-03-15 16:25:06.141] [info] Core [2] Tile Stats | Issued: 285 Running: 2 Finished: 283
[2026-03-15 16:25:06.141] [info] cycle: [528000]
[2026-03-15 16:25:06.141] [info] Tile  status Gemm, instructions left 49
[2026-03-15 16:25:06.141] [info] Tile  status Gemm, instructions left 49
[2026-03-15 16:25:06.141] [info] Core [3] Tile Stats | Issued: 284 Running: 2 Finished: 282
[2026-03-15 16:25:06.141] [info] cycle: [528000]
[2026-03-15 16:25:06.701] [info] HBM2-CH_0: BW utilization 64% (4655 reads, 1536 writes)
[2026-03-15 16:25:06.715] [info] Tile  status Gemm, instructions left 49
[2026-03-15 16:25:06.715] [info] Tile  status Gemm, instructions left 49
[2026-03-15 16:25:06.715] [info] Core [0] Tile Stats | Issued: 284 Running: 2 Finished: 282
[2026-03-15 16:25:06.715] [info] cycle: [536000]
[2026-03-15 16:25:06.715] [info] Tile  status Gemm, instructions left 49
[2026-03-15 16:25:06.715] [info] Tile  status Gemm, instructions left 49
[2026-03-15 16:25:06.715] [info] Core [1] Tile Stats | Issued: 285 Running: 2 Finished: 283
[2026-03-15 16:25:06.715] [info] cycle: [536000]
[2026-03-15 16:25:06.715] [info] Tile  status Gemm, instructions left 49
[2026-03-15 16:25:06.715] [info] Tile  status Gemm, instructions left 49
[2026-03-15 16:25:06.715] [info] Core [2] Tile Stats | Issued: 285 Running: 2 Finished: 283
[2026-03-15 16:25:06.715] [info] cycle: [536000]
[2026-03-15 16:25:06.715] [info] Tile  status Gemm, instructions left 49
[2026-03-15 16:25:06.715] [info] Tile  status Gemm, instructions left 49
[2026-03-15 16:25:06.715] [info] Core [3] Tile Stats | Issued: 284 Running: 2 Finished: 282
[2026-03-15 16:25:06.715] [info] cycle: [536000]
[2026-03-15 16:25:07.316] [info] HBM2-CH_0: BW utilization 79% (7536 reads, 92 writes)
[2026-03-15 16:25:07.332] [info] Tile  status Gemm, instructions left 1
[2026-03-15 16:25:07.332] [info] Tile  status Gemm, instructions left 49
[2026-03-15 16:25:07.332] [info] Core [0] Tile Stats | Issued: 284 Running: 2 Finished: 282
[2026-03-15 16:25:07.332] [info] cycle: [544000]
[2026-03-15 16:25:07.332] [info] Tile  status Gemm, instructions left 49
[2026-03-15 16:25:07.332] [info] Tile  status Gemm, instructions left 49
[2026-03-15 16:25:07.332] [info] Core [1] Tile Stats | Issued: 285 Running: 2 Finished: 283
[2026-03-15 16:25:07.332] [info] cycle: [544000]
[2026-03-15 16:25:07.332] [info] Tile  status Gemm, instructions left 1
[2026-03-15 16:25:07.332] [info] Tile  status Gemm, instructions left 49
[2026-03-15 16:25:07.332] [info] Core [2] Tile Stats | Issued: 285 Running: 2 Finished: 283
[2026-03-15 16:25:07.332] [info] cycle: [544000]
[2026-03-15 16:25:07.332] [info] Tile  status Gemm, instructions left 1
[2026-03-15 16:25:07.332] [info] Tile  status Gemm, instructions left 49
[2026-03-15 16:25:07.332] [info] Core [3] Tile Stats | Issued: 284 Running: 2 Finished: 282
[2026-03-15 16:25:07.332] [info] cycle: [544000]
[2026-03-15 16:25:07.941] [info] HBM2-CH_0: BW utilization 74% (7124 reads, 0 writes)
[2026-03-15 16:25:07.957] [info] Tile  status Gemm, instructions left 49
[2026-03-15 16:25:07.957] [info] Tile  status Gemm, instructions left 49
[2026-03-15 16:25:07.957] [info] Core [0] Tile Stats | Issued: 285 Running: 2 Finished: 283
[2026-03-15 16:25:07.957] [info] cycle: [552000]
[2026-03-15 16:25:07.957] [info] Tile  status Gemm, instructions left 49
[2026-03-15 16:25:07.957] [info] Tile  status Gemm, instructions left 49
[2026-03-15 16:25:07.957] [info] Core [1] Tile Stats | Issued: 285 Running: 2 Finished: 283
[2026-03-15 16:25:07.957] [info] cycle: [552000]
[2026-03-15 16:25:07.957] [info] Tile  status Gemm, instructions left 49
[2026-03-15 16:25:07.957] [info] Tile  status Gemm, instructions left 49
[2026-03-15 16:25:07.957] [info] Core [2] Tile Stats | Issued: 286 Running: 2 Finished: 284
[2026-03-15 16:25:07.957] [info] cycle: [552000]
[2026-03-15 16:25:07.957] [info] Tile  status Gemm, instructions left 49
[2026-03-15 16:25:07.957] [info] Tile  status Gemm, instructions left 49
[2026-03-15 16:25:07.957] [info] Core [3] Tile Stats | Issued: 285 Running: 2 Finished: 283
[2026-03-15 16:25:07.957] [info] cycle: [552000]
[2026-03-15 16:25:08.576] [info] HBM2-CH_0: BW utilization 78% (7566 reads, 0 writes)
[2026-03-15 16:25:08.593] [info] Tile  status Gemm, instructions left 1
[2026-03-15 16:25:08.593] [info] Tile  status Gemm, instructions left 49
[2026-03-15 16:25:08.593] [info] Core [0] Tile Stats | Issued: 285 Running: 2 Finished: 283
[2026-03-15 16:25:08.593] [info] cycle: [560000]
[2026-03-15 16:25:08.593] [info] Tile  status Gemm, instructions left 49
[2026-03-15 16:25:08.593] [info] Tile  status Gemm, instructions left 49
[2026-03-15 16:25:08.593] [info] Core [1] Tile Stats | Issued: 286 Running: 2 Finished: 284
[2026-03-15 16:25:08.593] [info] cycle: [560000]
[2026-03-15 16:25:08.593] [info] Tile  status Gemm, instructions left 1
[2026-03-15 16:25:08.593] [info] Tile  status Gemm, instructions left 49
[2026-03-15 16:25:08.593] [info] Core [2] Tile Stats | Issued: 286 Running: 2 Finished: 284
[2026-03-15 16:25:08.593] [info] cycle: [560000]
[2026-03-15 16:25:08.593] [info] Tile  status Gemm, instructions left 1
[2026-03-15 16:25:08.593] [info] Tile  status Gemm, instructions left 49
[2026-03-15 16:25:08.593] [info] Core [3] Tile Stats | Issued: 285 Running: 2 Finished: 283
[2026-03-15 16:25:08.593] [info] cycle: [560000]
[2026-03-15 16:25:09.395] [info] HBM2-CH_0: BW utilization 71% (6897 reads, 0 writes)
[2026-03-15 16:25:09.428] [info] Tile  status Gemm, instructions left 49
[2026-03-15 16:25:09.428] [info] Core [0] Tile Stats | Issued: 285 Running: 1 Finished: 284
[2026-03-15 16:25:09.428] [info] cycle: [568000]
[2026-03-15 16:25:09.428] [info] Tile  status Gemm, instructions left 49
[2026-03-15 16:25:09.428] [info] Tile  status Gemm, instructions left 49
[2026-03-15 16:25:09.428] [info] Core [1] Tile Stats | Issued: 286 Running: 2 Finished: 284
[2026-03-15 16:25:09.428] [info] cycle: [568000]
[2026-03-15 16:25:09.428] [info] Tile  status Gemm, instructions left 49
[2026-03-15 16:25:09.428] [info] Core [2] Tile Stats | Issued: 286 Running: 1 Finished: 285
[2026-03-15 16:25:09.428] [info] cycle: [568000]
[2026-03-15 16:25:09.428] [info] Tile  status Gemm, instructions left 49
[2026-03-15 16:25:09.428] [info] Core [3] Tile Stats | Issued: 285 Running: 1 Finished: 284
[2026-03-15 16:25:09.428] [info] cycle: [568000]
[2026-03-15 16:25:10.577] [info] HBM2-CH_0: BW utilization 80% (7671 reads, 81 writes)
[2026-03-15 16:25:10.606] [info] Tile  status Gemm, instructions left 1
[2026-03-15 16:25:10.606] [info] Core [0] Tile Stats | Issued: 285 Running: 1 Finished: 284
[2026-03-15 16:25:10.606] [info] cycle: [576000]
[2026-03-15 16:25:10.606] [info] Tile  status Gemm, instructions left 49
[2026-03-15 16:25:10.606] [info] Core [1] Tile Stats | Issued: 286 Running: 1 Finished: 285
[2026-03-15 16:25:10.606] [info] cycle: [576000]
[2026-03-15 16:25:10.606] [info] Tile  status Gemm, instructions left 1
[2026-03-15 16:25:10.606] [info] Core [2] Tile Stats | Issued: 286 Running: 1 Finished: 285
[2026-03-15 16:25:10.606] [info] cycle: [576000]
[2026-03-15 16:25:10.606] [info] Tile  status Gemm, instructions left 1
[2026-03-15 16:25:10.606] [info] Core [3] Tile Stats | Issued: 285 Running: 1 Finished: 284
[2026-03-15 16:25:10.606] [info] cycle: [576000]
[2026-03-15 16:25:11.209] [info] Layer /blocks.2/conv_proj/Gemm finish at 583690
[2026-03-15 16:25:11.209] [info] Total compute time 59368
[2026-03-15 16:25:11.209] [info] executable layer count 87
[2026-03-15 16:25:11.209] [info] Start layer /blocks.2/Slice_2
[2026-03-15 16:25:11.218] [info] HBM2-CH_0: BW utilization 4% (408 reads, 69 writes)
[2026-03-15 16:25:11.244] [info] Tile  status /blocks.2/Slice_2, instructions left 1
[2026-03-15 16:25:11.244] [info] Core [0] Tile Stats | Issued: 286 Running: 1 Finished: 285
[2026-03-15 16:25:11.244] [info] cycle: [584000]
[2026-03-15 16:25:11.244] [info] Core [1] Tile Stats | Issued: 286 Running: 0 Finished: 286
[2026-03-15 16:25:11.244] [info] cycle: [584000]
[2026-03-15 16:25:11.244] [info] Core [2] Tile Stats | Issued: 286 Running: 0 Finished: 286
[2026-03-15 16:25:11.244] [info] cycle: [584000]
[2026-03-15 16:25:11.244] [info] Core [3] Tile Stats | Issued: 285 Running: 0 Finished: 285
[2026-03-15 16:25:11.244] [info] cycle: [584000]
[2026-03-15 16:25:11.279] [info] Layer /blocks.2/Slice_2 finish at 584343
[2026-03-15 16:25:11.279] [info] Total compute time 653
[2026-03-15 16:25:11.279] [info] executable layer count 86
[2026-03-15 16:25:11.279] [info] Start layer /blocks.2/Reshape
[2026-03-15 16:25:11.747] [info] Layer /blocks.2/Reshape finish at 587350
[2026-03-15 16:25:11.747] [info] Total compute time 3007
[2026-03-15 16:25:11.747] [info] executable layer count 85
[2026-03-15 16:25:11.747] [info] Start layer /blocks.3/conv_proj/Gemm
[2026-03-15 16:25:12.053] [info] HBM2-CH_0: BW utilization 72% (5541 reads, 1453 writes)
[2026-03-15 16:25:12.069] [info] Tile  status Gemm, instructions left 49
[2026-03-15 16:25:12.069] [info] Tile  status Gemm, instructions left 49
[2026-03-15 16:25:12.069] [info] Core [0] Tile Stats | Issued: 288 Running: 2 Finished: 286
[2026-03-15 16:25:12.069] [info] cycle: [592000]
[2026-03-15 16:25:12.069] [info] Tile  status Gemm, instructions left 49
[2026-03-15 16:25:12.069] [info] Tile  status Gemm, instructions left 49
[2026-03-15 16:25:12.069] [info] Core [1] Tile Stats | Issued: 288 Running: 2 Finished: 286
[2026-03-15 16:25:12.069] [info] cycle: [592000]
[2026-03-15 16:25:12.069] [info] Tile  status Gemm, instructions left 49
[2026-03-15 16:25:12.069] [info] Tile  status Gemm, instructions left 49
[2026-03-15 16:25:12.069] [info] Core [2] Tile Stats | Issued: 288 Running: 2 Finished: 286
[2026-03-15 16:25:12.069] [info] cycle: [592000]
[2026-03-15 16:25:12.069] [info] Tile  status Gemm, instructions left 49
[2026-03-15 16:25:12.069] [info] Tile  status Gemm, instructions left 49
[2026-03-15 16:25:12.069] [info] Core [3] Tile Stats | Issued: 288 Running: 2 Finished: 286
[2026-03-15 16:25:12.069] [info] cycle: [592000]
[2026-03-15 16:25:12.639] [info] HBM2-CH_0: BW utilization 70% (5347 reads, 1392 writes)
[2026-03-15 16:25:12.658] [info] Tile  status Gemm, instructions left 49
[2026-03-15 16:25:12.658] [info] Tile  status Gemm, instructions left 49
[2026-03-15 16:25:12.658] [info] Core [0] Tile Stats | Issued: 288 Running: 2 Finished: 286
[2026-03-15 16:25:12.658] [info] cycle: [600000]
[2026-03-15 16:25:12.658] [info] Tile  status Gemm, instructions left 49
[2026-03-15 16:25:12.658] [info] Tile  status Gemm, instructions left 49
[2026-03-15 16:25:12.658] [info] Core [1] Tile Stats | Issued: 288 Running: 2 Finished: 286
[2026-03-15 16:25:12.658] [info] cycle: [600000]
[2026-03-15 16:25:12.658] [info] Tile  status Gemm, instructions left 49
[2026-03-15 16:25:12.658] [info] Tile  status Gemm, instructions left 49
[2026-03-15 16:25:12.658] [info] Core [2] Tile Stats | Issued: 288 Running: 2 Finished: 286
[2026-03-15 16:25:12.658] [info] cycle: [600000]
[2026-03-15 16:25:12.658] [info] Tile  status Gemm, instructions left 49
[2026-03-15 16:25:12.658] [info] Tile  status Gemm, instructions left 49
[2026-03-15 16:25:12.658] [info] Core [3] Tile Stats | Issued: 288 Running: 2 Finished: 286
[2026-03-15 16:25:12.658] [info] cycle: [600000]
[2026-03-15 16:25:13.258] [info] HBM2-CH_0: BW utilization 77% (7424 reads, 0 writes)
[2026-03-15 16:25:13.276] [info] Tile  status Gemm, instructions left 1
[2026-03-15 16:25:13.276] [info] Tile  status Gemm, instructions left 49
[2026-03-15 16:25:13.276] [info] Core [0] Tile Stats | Issued: 288 Running: 2 Finished: 286
[2026-03-15 16:25:13.276] [info] cycle: [608000]
[2026-03-15 16:25:13.276] [info] Tile  status Gemm, instructions left 1
[2026-03-15 16:25:13.276] [info] Tile  status Gemm, instructions left 49
[2026-03-15 16:25:13.276] [info] Core [1] Tile Stats | Issued: 288 Running: 2 Finished: 286
[2026-03-15 16:25:13.276] [info] cycle: [608000]
[2026-03-15 16:25:13.276] [info] Tile  status Gemm, instructions left 1
[2026-03-15 16:25:13.276] [info] Tile  status Gemm, instructions left 49
[2026-03-15 16:25:13.276] [info] Core [2] Tile Stats | Issued: 288 Running: 2 Finished: 286
[2026-03-15 16:25:13.276] [info] cycle: [608000]
[2026-03-15 16:25:13.276] [info] Tile  status Gemm, instructions left 49
[2026-03-15 16:25:13.276] [info] Tile  status Gemm, instructions left 49
[2026-03-15 16:25:13.276] [info] Core [3] Tile Stats | Issued: 288 Running: 2 Finished: 286
[2026-03-15 16:25:13.276] [info] cycle: [608000]
[2026-03-15 16:25:13.889] [info] HBM2-CH_0: BW utilization 67% (6463 reads, 0 writes)
[2026-03-15 16:25:13.909] [info] Tile  status Gemm, instructions left 49
[2026-03-15 16:25:13.909] [info] Tile  status Gemm, instructions left 49
[2026-03-15 16:25:13.909] [info] Core [0] Tile Stats | Issued: 289 Running: 2 Finished: 287
[2026-03-15 16:25:13.909] [info] cycle: [616000]
[2026-03-15 16:25:13.909] [info] Tile  status Gemm, instructions left 49
[2026-03-15 16:25:13.909] [info] Tile  status Gemm, instructions left 49
[2026-03-15 16:25:13.909] [info] Core [1] Tile Stats | Issued: 289 Running: 2 Finished: 287
[2026-03-15 16:25:13.909] [info] cycle: [616000]
[2026-03-15 16:25:13.909] [info] Tile  status Gemm, instructions left 49
[2026-03-15 16:25:13.909] [info] Tile  status Gemm, instructions left 49
[2026-03-15 16:25:13.909] [info] Core [2] Tile Stats | Issued: 289 Running: 2 Finished: 287
[2026-03-15 16:25:13.909] [info] cycle: [616000]
[2026-03-15 16:25:13.909] [info] Tile  status Gemm, instructions left 1
[2026-03-15 16:25:13.909] [info] Tile  status Gemm, instructions left 49
[2026-03-15 16:25:13.909] [info] Core [3] Tile Stats | Issued: 288 Running: 2 Finished: 286
[2026-03-15 16:25:13.909] [info] cycle: [616000]
[2026-03-15 16:25:14.534] [info] HBM2-CH_0: BW utilization 73% (7042 reads, 43 writes)
[2026-03-15 16:25:14.554] [info] Tile  status Gemm, instructions left 1
[2026-03-15 16:25:14.554] [info] Tile  status Gemm, instructions left 49
[2026-03-15 16:25:14.554] [info] Core [0] Tile Stats | Issued: 289 Running: 2 Finished: 287
[2026-03-15 16:25:14.554] [info] cycle: [624000]
[2026-03-15 16:25:14.554] [info] Tile  status Gemm, instructions left 1
[2026-03-15 16:25:14.554] [info] Tile  status Gemm, instructions left 49
[2026-03-15 16:25:14.554] [info] Core [1] Tile Stats | Issued: 289 Running: 2 Finished: 287
[2026-03-15 16:25:14.554] [info] cycle: [624000]
[2026-03-15 16:25:14.554] [info] Tile  status Gemm, instructions left 1
[2026-03-15 16:25:14.554] [info] Tile  status Gemm, instructions left 49
[2026-03-15 16:25:14.554] [info] Core [2] Tile Stats | Issued: 289 Running: 2 Finished: 287
[2026-03-15 16:25:14.554] [info] cycle: [624000]
[2026-03-15 16:25:14.554] [info] Tile  status Gemm, instructions left 49
[2026-03-15 16:25:14.554] [info] Tile  status Gemm, instructions left 49
[2026-03-15 16:25:14.554] [info] Core [3] Tile Stats | Issued: 289 Running: 2 Finished: 287
[2026-03-15 16:25:14.554] [info] cycle: [624000]
[2026-03-15 16:25:15.430] [info] HBM2-CH_0: BW utilization 66% (6364 reads, 0 writes)
[2026-03-15 16:25:15.465] [info] Tile  status Gemm, instructions left 49
[2026-03-15 16:25:15.465] [info] Core [0] Tile Stats | Issued: 289 Running: 1 Finished: 288
[2026-03-15 16:25:15.465] [info] cycle: [632000]
[2026-03-15 16:25:15.465] [info] Tile  status Gemm, instructions left 49
[2026-03-15 16:25:15.465] [info] Core [1] Tile Stats | Issued: 289 Running: 1 Finished: 288
[2026-03-15 16:25:15.465] [info] cycle: [632000]
[2026-03-15 16:25:15.465] [info] Tile  status Gemm, instructions left 49
[2026-03-15 16:25:15.465] [info] Core [2] Tile Stats | Issued: 289 Running: 1 Finished: 288
[2026-03-15 16:25:15.465] [info] cycle: [632000]
[2026-03-15 16:25:15.465] [info] Tile  status Gemm, instructions left 49
[2026-03-15 16:25:15.465] [info] Tile  status Gemm, instructions left 49
[2026-03-15 16:25:15.465] [info] Core [3] Tile Stats | Issued: 289 Running: 2 Finished: 287
[2026-03-15 16:25:15.465] [info] cycle: [632000]
[2026-03-15 16:25:16.586] [info] HBM2-CH_0: BW utilization 76% (7288 reads, 40 writes)
[2026-03-15 16:25:16.617] [info] Tile  status Gemm, instructions left 1
[2026-03-15 16:25:16.617] [info] Core [0] Tile Stats | Issued: 289 Running: 1 Finished: 288
[2026-03-15 16:25:16.617] [info] cycle: [640000]
[2026-03-15 16:25:16.617] [info] Tile  status Gemm, instructions left 1
[2026-03-15 16:25:16.617] [info] Core [1] Tile Stats | Issued: 289 Running: 1 Finished: 288
[2026-03-15 16:25:16.617] [info] cycle: [640000]
[2026-03-15 16:25:16.617] [info] Tile  status Gemm, instructions left 1
[2026-03-15 16:25:16.617] [info] Core [2] Tile Stats | Issued: 289 Running: 1 Finished: 288
[2026-03-15 16:25:16.617] [info] cycle: [640000]
[2026-03-15 16:25:16.617] [info] Tile  status Gemm, instructions left 49
[2026-03-15 16:25:16.617] [info] Core [3] Tile Stats | Issued: 289 Running: 1 Finished: 288
[2026-03-15 16:25:16.617] [info] cycle: [640000]
[2026-03-15 16:25:17.246] [info] HBM2-CH_0: BW utilization 13% (1157 reads, 93 writes)
[2026-03-15 16:25:17.263] [info] Core [0] Tile Stats | Issued: 289 Running: 0 Finished: 289
[2026-03-15 16:25:17.263] [info] cycle: [648000]
[2026-03-15 16:25:17.263] [info] Core [1] Tile Stats | Issued: 289 Running: 0 Finished: 289
[2026-03-15 16:25:17.263] [info] cycle: [648000]
[2026-03-15 16:25:17.263] [info] Core [2] Tile Stats | Issued: 289 Running: 0 Finished: 289
[2026-03-15 16:25:17.263] [info] cycle: [648000]
[2026-03-15 16:25:17.263] [info] Tile  status Gemm, instructions left 1
[2026-03-15 16:25:17.263] [info] Core [3] Tile Stats | Issued: 289 Running: 1 Finished: 288
[2026-03-15 16:25:17.263] [info] cycle: [648000]
[2026-03-15 16:25:17.301] [info] Layer /blocks.3/conv_proj/Gemm finish at 648608
[2026-03-15 16:25:17.301] [info] Total compute time 61258
[2026-03-15 16:25:17.301] [info] executable layer count 85
[2026-03-15 16:25:17.301] [info] Start layer /blocks.3/Slice_2
[2026-03-15 16:25:17.389] [info] Layer /blocks.3/Slice_2 finish at 649259
[2026-03-15 16:25:17.389] [info] Total compute time 651
[2026-03-15 16:25:17.389] [info] executable layer count 84
[2026-03-15 16:25:17.389] [info] Start layer /blocks.3/Reshape
[2026-03-15 16:25:17.826] [info] Layer /blocks.3/Reshape finish at 652256
[2026-03-15 16:25:17.826] [info] Total compute time 2997
[2026-03-15 16:25:17.826] [info] executable layer count 83
[2026-03-15 16:25:17.826] [info] Start layer /blocks.4/conv_proj/Gemm
[2026-03-15 16:25:18.076] [info] HBM2-CH_0: BW utilization 65% (4967 reads, 1283 writes)
[2026-03-15 16:25:18.093] [info] Tile  status Gemm, instructions left 49
[2026-03-15 16:25:18.093] [info] Tile  status Gemm, instructions left 49
[2026-03-15 16:25:18.093] [info] Core [0] Tile Stats | Issued: 291 Running: 2 Finished: 289
[2026-03-15 16:25:18.093] [info] cycle: [656000]
[2026-03-15 16:25:18.093] [info] Tile  status Gemm, instructions left 49
[2026-03-15 16:25:18.093] [info] Tile  status Gemm, instructions left 49
[2026-03-15 16:25:18.093] [info] Core [1] Tile Stats | Issued: 292 Running: 2 Finished: 290
[2026-03-15 16:25:18.093] [info] cycle: [656000]
[2026-03-15 16:25:18.093] [info] Tile  status Gemm, instructions left 49
[2026-03-15 16:25:18.093] [info] Tile  status Gemm, instructions left 49
[2026-03-15 16:25:18.093] [info] Core [2] Tile Stats | Issued: 292 Running: 2 Finished: 290
[2026-03-15 16:25:18.093] [info] cycle: [656000]
[2026-03-15 16:25:18.093] [info] Tile  status Gemm, instructions left 49
[2026-03-15 16:25:18.093] [info] Tile  status Gemm, instructions left 49
[2026-03-15 16:25:18.093] [info] Core [3] Tile Stats | Issued: 291 Running: 2 Finished: 289
[2026-03-15 16:25:18.093] [info] cycle: [656000]
[2026-03-15 16:25:18.632] [info] HBM2-CH_0: BW utilization 68% (4974 reads, 1596 writes)
[2026-03-15 16:25:18.651] [info] Tile  status Gemm, instructions left 49
[2026-03-15 16:25:18.651] [info] Tile  status Gemm, instructions left 49
[2026-03-15 16:25:18.651] [info] Core [0] Tile Stats | Issued: 291 Running: 2 Finished: 289
[2026-03-15 16:25:18.651] [info] cycle: [664000]
[2026-03-15 16:25:18.651] [info] Tile  status Gemm, instructions left 49
[2026-03-15 16:25:18.651] [info] Tile  status Gemm, instructions left 49
[2026-03-15 16:25:18.651] [info] Core [1] Tile Stats | Issued: 292 Running: 2 Finished: 290
[2026-03-15 16:25:18.651] [info] cycle: [664000]
[2026-03-15 16:25:18.651] [info] Tile  status Gemm, instructions left 49
[2026-03-15 16:25:18.651] [info] Tile  status Gemm, instructions left 49
[2026-03-15 16:25:18.651] [info] Core [2] Tile Stats | Issued: 292 Running: 2 Finished: 290
[2026-03-15 16:25:18.651] [info] cycle: [664000]
[2026-03-15 16:25:18.651] [info] Tile  status Gemm, instructions left 49
[2026-03-15 16:25:18.651] [info] Tile  status Gemm, instructions left 49
[2026-03-15 16:25:18.651] [info] Core [3] Tile Stats | Issued: 291 Running: 2 Finished: 289
[2026-03-15 16:25:18.651] [info] cycle: [664000]
[2026-03-15 16:25:19.300] [info] HBM2-CH_0: BW utilization 76% (7345 reads, 0 writes)
[2026-03-15 16:25:19.320] [info] Tile  status Gemm, instructions left 1
[2026-03-15 16:25:19.320] [info] Tile  status Gemm, instructions left 49
[2026-03-15 16:25:19.320] [info] Core [0] Tile Stats | Issued: 291 Running: 2 Finished: 289
[2026-03-15 16:25:19.320] [info] cycle: [672000]
[2026-03-15 16:25:19.320] [info] Tile  status Gemm, instructions left 49
[2026-03-15 16:25:19.320] [info] Tile  status Gemm, instructions left 49
[2026-03-15 16:25:19.320] [info] Core [1] Tile Stats | Issued: 292 Running: 2 Finished: 290
[2026-03-15 16:25:19.320] [info] cycle: [672000]
[2026-03-15 16:25:19.320] [info] Tile  status Gemm, instructions left 1
[2026-03-15 16:25:19.320] [info] Tile  status Gemm, instructions left 49
[2026-03-15 16:25:19.320] [info] Core [2] Tile Stats | Issued: 292 Running: 2 Finished: 290
[2026-03-15 16:25:19.320] [info] cycle: [672000]
[2026-03-15 16:25:19.320] [info] Tile  status Gemm, instructions left 1
[2026-03-15 16:25:19.320] [info] Tile  status Gemm, instructions left 49
[2026-03-15 16:25:19.320] [info] Core [3] Tile Stats | Issued: 291 Running: 2 Finished: 289
[2026-03-15 16:25:19.320] [info] cycle: [672000]
[2026-03-15 16:25:19.972] [info] HBM2-CH_0: BW utilization 72% (6930 reads, 0 writes)
[2026-03-15 16:25:19.997] [info] Tile  status Gemm, instructions left 49
[2026-03-15 16:25:19.997] [info] Tile  status Gemm, instructions left 49
[2026-03-15 16:25:19.997] [info] Core [0] Tile Stats | Issued: 292 Running: 2 Finished: 290
[2026-03-15 16:25:19.997] [info] cycle: [680000]
[2026-03-15 16:25:19.997] [info] Tile  status Gemm, instructions left 49
[2026-03-15 16:25:19.997] [info] Tile  status Gemm, instructions left 49
[2026-03-15 16:25:19.997] [info] Core [1] Tile Stats | Issued: 292 Running: 2 Finished: 290
[2026-03-15 16:25:19.997] [info] cycle: [680000]
[2026-03-15 16:25:19.997] [info] Tile  status Gemm, instructions left 49
[2026-03-15 16:25:19.997] [info] Tile  status Gemm, instructions left 49
[2026-03-15 16:25:19.997] [info] Core [2] Tile Stats | Issued: 293 Running: 2 Finished: 291
[2026-03-15 16:25:19.997] [info] cycle: [680000]
[2026-03-15 16:25:19.997] [info] Tile  status Gemm, instructions left 49
[2026-03-15 16:25:19.997] [info] Tile  status Gemm, instructions left 49
[2026-03-15 16:25:19.997] [info] Core [3] Tile Stats | Issued: 292 Running: 2 Finished: 290
[2026-03-15 16:25:19.997] [info] cycle: [680000]
[2026-03-15 16:25:20.771] [info] HBM2-CH_0: BW utilization 72% (6955 reads, 0 writes)
[2026-03-15 16:25:20.795] [info] Tile  status Gemm, instructions left 1
[2026-03-15 16:25:20.795] [info] Tile  status Gemm, instructions left 49
[2026-03-15 16:25:20.795] [info] Core [0] Tile Stats | Issued: 292 Running: 2 Finished: 290
[2026-03-15 16:25:20.795] [info] cycle: [688000]
[2026-03-15 16:25:20.795] [info] Tile  status Gemm, instructions left 49
[2026-03-15 16:25:20.795] [info] Tile  status Gemm, instructions left 49
[2026-03-15 16:25:20.795] [info] Core [1] Tile Stats | Issued: 293 Running: 2 Finished: 291
[2026-03-15 16:25:20.795] [info] cycle: [688000]
[2026-03-15 16:25:20.795] [info] Tile  status Gemm, instructions left 1
[2026-03-15 16:25:20.795] [info] Tile  status Gemm, instructions left 49
[2026-03-15 16:25:20.795] [info] Core [2] Tile Stats | Issued: 293 Running: 2 Finished: 291
[2026-03-15 16:25:20.795] [info] cycle: [688000]
[2026-03-15 16:25:20.795] [info] Tile  status Gemm, instructions left 1
[2026-03-15 16:25:20.795] [info] Tile  status Gemm, instructions left 49
[2026-03-15 16:25:20.795] [info] Core [3] Tile Stats | Issued: 292 Running: 2 Finished: 290
[2026-03-15 16:25:20.795] [info] cycle: [688000]
[2026-03-15 16:25:21.640] [info] HBM2-CH_0: BW utilization 70% (6800 reads, 0 writes)
[2026-03-15 16:25:21.684] [info] Tile  status Gemm, instructions left 49
[2026-03-15 16:25:21.684] [info] Core [0] Tile Stats | Issued: 292 Running: 1 Finished: 291
[2026-03-15 16:25:21.684] [info] cycle: [696000]
[2026-03-15 16:25:21.684] [info] Tile  status Gemm, instructions left 49
[2026-03-15 16:25:21.684] [info] Tile  status Gemm, instructions left 49
[2026-03-15 16:25:21.684] [info] Core [1] Tile Stats | Issued: 293 Running: 2 Finished: 291
[2026-03-15 16:25:21.684] [info] cycle: [696000]
[2026-03-15 16:25:21.684] [info] Tile  status Gemm, instructions left 49
[2026-03-15 16:25:21.684] [info] Core [2] Tile Stats | Issued: 293 Running: 1 Finished: 292
[2026-03-15 16:25:21.684] [info] cycle: [696000]
[2026-03-15 16:25:21.684] [info] Tile  status Gemm, instructions left 49
[2026-03-15 16:25:21.684] [info] Core [3] Tile Stats | Issued: 292 Running: 1 Finished: 291
[2026-03-15 16:25:21.684] [info] cycle: [696000]
[2026-03-15 16:25:23.019] [info] HBM2-CH_0: BW utilization 72% (6951 reads, 44 writes)
[2026-03-15 16:25:23.072] [info] Tile  status Gemm, instructions left 49
[2026-03-15 16:25:23.072] [info] Core [0] Tile Stats | Issued: 292 Running: 1 Finished: 291
[2026-03-15 16:25:23.072] [info] cycle: [704000]
[2026-03-15 16:25:23.072] [info] Tile  status Gemm, instructions left 1
[2026-03-15 16:25:23.072] [info] Tile  status Gemm, instructions left 49
[2026-03-15 16:25:23.072] [info] Core [1] Tile Stats | Issued: 293 Running: 2 Finished: 291
[2026-03-15 16:25:23.072] [info] cycle: [704000]
[2026-03-15 16:25:23.072] [info] Tile  status Gemm, instructions left 49
[2026-03-15 16:25:23.072] [info] Core [2] Tile Stats | Issued: 293 Running: 1 Finished: 292
[2026-03-15 16:25:23.072] [info] cycle: [704000]
[2026-03-15 16:25:23.072] [info] Tile  status Gemm, instructions left 49
[2026-03-15 16:25:23.072] [info] Core [3] Tile Stats | Issued: 292 Running: 1 Finished: 291
[2026-03-15 16:25:23.072] [info] cycle: [704000]
[2026-03-15 16:25:23.922] [info] HBM2-CH_0: BW utilization 19% (1739 reads, 102 writes)
[2026-03-15 16:25:23.943] [info] Core [0] Tile Stats | Issued: 292 Running: 0 Finished: 292
[2026-03-15 16:25:23.943] [info] cycle: [712000]
[2026-03-15 16:25:23.943] [info] Tile  status Gemm, instructions left 1
[2026-03-15 16:25:23.943] [info] Core [1] Tile Stats | Issued: 293 Running: 1 Finished: 292
[2026-03-15 16:25:23.943] [info] cycle: [712000]
[2026-03-15 16:25:23.943] [info] Core [2] Tile Stats | Issued: 293 Running: 0 Finished: 293
[2026-03-15 16:25:23.943] [info] cycle: [712000]
[2026-03-15 16:25:23.943] [info] Core [3] Tile Stats | Issued: 292 Running: 0 Finished: 292
[2026-03-15 16:25:23.943] [info] cycle: [712000]
[2026-03-15 16:25:24.112] [info] Layer /blocks.4/conv_proj/Gemm finish at 713800
[2026-03-15 16:25:24.112] [info] Total compute time 61544
[2026-03-15 16:25:24.112] [info] executable layer count 83
[2026-03-15 16:25:24.112] [info] Start layer /blocks.4/Slice_2
[2026-03-15 16:25:24.228] [info] Layer /blocks.4/Slice_2 finish at 714452
[2026-03-15 16:25:24.228] [info] Total compute time 652
[2026-03-15 16:25:24.228] [info] executable layer count 82
[2026-03-15 16:25:24.228] [info] Start layer /blocks.4/Reshape
[2026-03-15 16:25:24.650] [info] Layer /blocks.4/Reshape finish at 717466
[2026-03-15 16:25:24.651] [info] Total compute time 3014
[2026-03-15 16:25:24.651] [info] executable layer count 81
[2026-03-15 16:25:24.651] [info] Start layer /blocks.5/conv_proj/Gemm
[2026-03-15 16:25:24.807] [info] HBM2-CH_0: BW utilization 54% (4205 reads, 1020 writes)
[2026-03-15 16:25:24.835] [info] Tile  status Gemm, instructions left 49
[2026-03-15 16:25:24.835] [info] Tile  status Gemm, instructions left 49
[2026-03-15 16:25:24.835] [info] Core [0] Tile Stats | Issued: 295 Running: 2 Finished: 293
[2026-03-15 16:25:24.835] [info] cycle: [720000]
[2026-03-15 16:25:24.835] [info] Tile  status Gemm, instructions left 49
[2026-03-15 16:25:24.835] [info] Tile  status Gemm, instructions left 49
[2026-03-15 16:25:24.835] [info] Core [1] Tile Stats | Issued: 295 Running: 2 Finished: 293
[2026-03-15 16:25:24.835] [info] cycle: [720000]
[2026-03-15 16:25:24.835] [info] Tile  status Gemm, instructions left 49
[2026-03-15 16:25:24.835] [info] Tile  status Gemm, instructions left 49
[2026-03-15 16:25:24.835] [info] Core [2] Tile Stats | Issued: 295 Running: 2 Finished: 293
[2026-03-15 16:25:24.835] [info] cycle: [720000]
[2026-03-15 16:25:24.835] [info] Tile  status Gemm, instructions left 49
[2026-03-15 16:25:24.835] [info] Tile  status Gemm, instructions left 49
[2026-03-15 16:25:24.835] [info] Core [3] Tile Stats | Issued: 295 Running: 2 Finished: 293
[2026-03-15 16:25:24.835] [info] cycle: [720000]
[2026-03-15 16:25:25.379] [info] HBM2-CH_0: BW utilization 67% (4857 reads, 1632 writes)
[2026-03-15 16:25:25.396] [info] Tile  status Gemm, instructions left 49
[2026-03-15 16:25:25.396] [info] Tile  status Gemm, instructions left 49
[2026-03-15 16:25:25.396] [info] Core [0] Tile Stats | Issued: 295 Running: 2 Finished: 293
[2026-03-15 16:25:25.396] [info] cycle: [728000]
[2026-03-15 16:25:25.396] [info] Tile  status Gemm, instructions left 49
[2026-03-15 16:25:25.396] [info] Tile  status Gemm, instructions left 49
[2026-03-15 16:25:25.396] [info] Core [1] Tile Stats | Issued: 295 Running: 2 Finished: 293
[2026-03-15 16:25:25.396] [info] cycle: [728000]
[2026-03-15 16:25:25.396] [info] Tile  status Gemm, instructions left 49
[2026-03-15 16:25:25.396] [info] Tile  status Gemm, instructions left 49
[2026-03-15 16:25:25.396] [info] Core [2] Tile Stats | Issued: 295 Running: 2 Finished: 293
[2026-03-15 16:25:25.396] [info] cycle: [728000]
[2026-03-15 16:25:25.396] [info] Tile  status Gemm, instructions left 49
[2026-03-15 16:25:25.396] [info] Tile  status Gemm, instructions left 49
[2026-03-15 16:25:25.396] [info] Core [3] Tile Stats | Issued: 295 Running: 2 Finished: 293
[2026-03-15 16:25:25.396] [info] cycle: [728000]
[2026-03-15 16:25:25.978] [info] HBM2-CH_0: BW utilization 79% (7446 reads, 192 writes)
[2026-03-15 16:25:26.000] [info] Tile  status Gemm, instructions left 1
[2026-03-15 16:25:26.000] [info] Tile  status Gemm, instructions left 49
[2026-03-15 16:25:26.000] [info] Core [0] Tile Stats | Issued: 295 Running: 2 Finished: 293
[2026-03-15 16:25:26.000] [info] cycle: [736000]
[2026-03-15 16:25:26.000] [info] Tile  status Gemm, instructions left 1
[2026-03-15 16:25:26.000] [info] Tile  status Gemm, instructions left 49
[2026-03-15 16:25:26.000] [info] Core [1] Tile Stats | Issued: 295 Running: 2 Finished: 293
[2026-03-15 16:25:26.000] [info] cycle: [736000]
[2026-03-15 16:25:26.000] [info] Tile  status Gemm, instructions left 1
[2026-03-15 16:25:26.000] [info] Tile  status Gemm, instructions left 49
[2026-03-15 16:25:26.000] [info] Core [2] Tile Stats | Issued: 295 Running: 2 Finished: 293
[2026-03-15 16:25:26.000] [info] cycle: [736000]
[2026-03-15 16:25:26.000] [info] Tile  status Gemm, instructions left 49
[2026-03-15 16:25:26.000] [info] Tile  status Gemm, instructions left 49
[2026-03-15 16:25:26.000] [info] Core [3] Tile Stats | Issued: 295 Running: 2 Finished: 293
[2026-03-15 16:25:26.000] [info] cycle: [736000]
[2026-03-15 16:25:26.623] [info] HBM2-CH_0: BW utilization 73% (7077 reads, 0 writes)
[2026-03-15 16:25:26.646] [info] Tile  status Gemm, instructions left 49
[2026-03-15 16:25:26.646] [info] Tile  status Gemm, instructions left 49
[2026-03-15 16:25:26.646] [info] Core [0] Tile Stats | Issued: 296 Running: 2 Finished: 294
[2026-03-15 16:25:26.646] [info] cycle: [744000]
[2026-03-15 16:25:26.646] [info] Tile  status Gemm, instructions left 49
[2026-03-15 16:25:26.646] [info] Tile  status Gemm, instructions left 49
[2026-03-15 16:25:26.646] [info] Core [1] Tile Stats | Issued: 296 Running: 2 Finished: 294
[2026-03-15 16:25:26.646] [info] cycle: [744000]
[2026-03-15 16:25:26.646] [info] Tile  status Gemm, instructions left 49
[2026-03-15 16:25:26.646] [info] Tile  status Gemm, instructions left 49
[2026-03-15 16:25:26.646] [info] Core [2] Tile Stats | Issued: 296 Running: 2 Finished: 294
[2026-03-15 16:25:26.646] [info] cycle: [744000]
[2026-03-15 16:25:26.646] [info] Tile  status Gemm, instructions left 49
[2026-03-15 16:25:26.646] [info] Tile  status Gemm, instructions left 49
[2026-03-15 16:25:26.646] [info] Core [3] Tile Stats | Issued: 295 Running: 2 Finished: 293
[2026-03-15 16:25:26.646] [info] cycle: [744000]
[2026-03-15 16:25:27.252] [info] HBM2-CH_0: BW utilization 78% (7489 reads, 41 writes)
[2026-03-15 16:25:27.275] [info] Tile  status Gemm, instructions left 1
[2026-03-15 16:25:27.275] [info] Tile  status Gemm, instructions left 49
[2026-03-15 16:25:27.275] [info] Core [0] Tile Stats | Issued: 296 Running: 2 Finished: 294
[2026-03-15 16:25:27.275] [info] cycle: [752000]
[2026-03-15 16:25:27.275] [info] Tile  status Gemm, instructions left 1
[2026-03-15 16:25:27.275] [info] Tile  status Gemm, instructions left 49
[2026-03-15 16:25:27.275] [info] Core [1] Tile Stats | Issued: 296 Running: 2 Finished: 294
[2026-03-15 16:25:27.275] [info] cycle: [752000]
[2026-03-15 16:25:27.275] [info] Tile  status Gemm, instructions left 1
[2026-03-15 16:25:27.275] [info] Tile  status Gemm, instructions left 49
[2026-03-15 16:25:27.275] [info] Core [2] Tile Stats | Issued: 296 Running: 2 Finished: 294
[2026-03-15 16:25:27.275] [info] cycle: [752000]
[2026-03-15 16:25:27.275] [info] Tile  status Gemm, instructions left 1
[2026-03-15 16:25:27.275] [info] Tile  status Gemm, instructions left 49
[2026-03-15 16:25:27.275] [info] Core [3] Tile Stats | Issued: 295 Running: 2 Finished: 293
[2026-03-15 16:25:27.276] [info] cycle: [752000]
[2026-03-15 16:25:28.080] [info] HBM2-CH_0: BW utilization 71% (6816 reads, 0 writes)
[2026-03-15 16:25:28.125] [info] Tile  status Gemm, instructions left 49
[2026-03-15 16:25:28.125] [info] Core [0] Tile Stats | Issued: 296 Running: 1 Finished: 295
[2026-03-15 16:25:28.125] [info] cycle: [760000]
[2026-03-15 16:25:28.125] [info] Tile  status Gemm, instructions left 49
[2026-03-15 16:25:28.125] [info] Core [1] Tile Stats | Issued: 296 Running: 1 Finished: 295
[2026-03-15 16:25:28.125] [info] cycle: [760000]
[2026-03-15 16:25:28.125] [info] Tile  status Gemm, instructions left 49
[2026-03-15 16:25:28.125] [info] Core [2] Tile Stats | Issued: 296 Running: 1 Finished: 295
[2026-03-15 16:25:28.125] [info] cycle: [760000]
[2026-03-15 16:25:28.125] [info] Tile  status Gemm, instructions left 49
[2026-03-15 16:25:28.125] [info] Tile  status Gemm, instructions left 49
[2026-03-15 16:25:28.125] [info] Core [3] Tile Stats | Issued: 296 Running: 2 Finished: 294
[2026-03-15 16:25:28.125] [info] cycle: [760000]
[2026-03-15 16:25:29.230] [info] HBM2-CH_0: BW utilization 78% (7513 reads, 40 writes)
[2026-03-15 16:25:29.267] [info] Tile  status Gemm, instructions left 49
[2026-03-15 16:25:29.267] [info] Core [0] Tile Stats | Issued: 296 Running: 1 Finished: 295
[2026-03-15 16:25:29.267] [info] cycle: [768000]
[2026-03-15 16:25:29.267] [info] Tile  status Gemm, instructions left 49
[2026-03-15 16:25:29.267] [info] Core [1] Tile Stats | Issued: 296 Running: 1 Finished: 295
[2026-03-15 16:25:29.267] [info] cycle: [768000]
[2026-03-15 16:25:29.267] [info] Tile  status Gemm, instructions left 49
[2026-03-15 16:25:29.267] [info] Core [2] Tile Stats | Issued: 296 Running: 1 Finished: 295
[2026-03-15 16:25:29.267] [info] cycle: [768000]
[2026-03-15 16:25:29.267] [info] Tile  status Gemm, instructions left 1
[2026-03-15 16:25:29.267] [info] Tile  status Gemm, instructions left 49
[2026-03-15 16:25:29.267] [info] Core [3] Tile Stats | Issued: 296 Running: 2 Finished: 294
[2026-03-15 16:25:29.267] [info] cycle: [768000]
[2026-03-15 16:25:29.967] [info] HBM2-CH_0: BW utilization 14% (1258 reads, 98 writes)
[2026-03-15 16:25:29.991] [info] Core [0] Tile Stats | Issued: 296 Running: 0 Finished: 296
[2026-03-15 16:25:29.991] [info] cycle: [776000]
[2026-03-15 16:25:29.991] [info] Core [1] Tile Stats | Issued: 296 Running: 0 Finished: 296
[2026-03-15 16:25:29.991] [info] cycle: [776000]
[2026-03-15 16:25:29.991] [info] Core [2] Tile Stats | Issued: 296 Running: 0 Finished: 296
[2026-03-15 16:25:29.991] [info] cycle: [776000]
[2026-03-15 16:25:29.991] [info] Tile  status Gemm, instructions left 1
[2026-03-15 16:25:29.991] [info] Core [3] Tile Stats | Issued: 296 Running: 1 Finished: 295
[2026-03-15 16:25:29.991] [info] cycle: [776000]
[2026-03-15 16:25:30.083] [info] Layer /blocks.5/conv_proj/Gemm finish at 777049
[2026-03-15 16:25:30.083] [info] Total compute time 59583
[2026-03-15 16:25:30.083] [info] executable layer count 81
[2026-03-15 16:25:30.083] [info] Start layer /blocks.5/Slice_2
[2026-03-15 16:25:30.192] [info] Layer /blocks.5/Slice_2 finish at 777699
[2026-03-15 16:25:30.192] [info] Total compute time 650
[2026-03-15 16:25:30.192] [info] executable layer count 80
[2026-03-15 16:25:30.192] [info] Start layer /blocks.5/Reshape
[2026-03-15 16:25:30.789] [info] Layer /blocks.5/Reshape finish at 780719
[2026-03-15 16:25:30.789] [info] Total compute time 3020
[2026-03-15 16:25:30.789] [info] executable layer count 79
[2026-03-15 16:25:30.789] [info] Start layer /blocks.7/conv_proj/Gemm
[2026-03-15 16:25:31.026] [info] HBM2-CH_0: BW utilization 60% (4592 reads, 1168 writes)
[2026-03-15 16:25:31.045] [info] Tile  status Gemm, instructions left 49
[2026-03-15 16:25:31.045] [info] Tile  status Gemm, instructions left 49
[2026-03-15 16:25:31.045] [info] Core [0] Tile Stats | Issued: 298 Running: 2 Finished: 296
[2026-03-15 16:25:31.045] [info] cycle: [784000]
[2026-03-15 16:25:31.045] [info] Tile  status Gemm, instructions left 49
[2026-03-15 16:25:31.045] [info] Tile  status Gemm, instructions left 49
[2026-03-15 16:25:31.045] [info] Core [1] Tile Stats | Issued: 299 Running: 2 Finished: 297
[2026-03-15 16:25:31.045] [info] cycle: [784000]
[2026-03-15 16:25:31.045] [info] Tile  status Gemm, instructions left 49
[2026-03-15 16:25:31.045] [info] Tile  status Gemm, instructions left 49
[2026-03-15 16:25:31.045] [info] Core [2] Tile Stats | Issued: 299 Running: 2 Finished: 297
[2026-03-15 16:25:31.045] [info] cycle: [784000]
[2026-03-15 16:25:31.045] [info] Tile  status Gemm, instructions left 49
[2026-03-15 16:25:31.045] [info] Tile  status Gemm, instructions left 49
[2026-03-15 16:25:31.045] [info] Core [3] Tile Stats | Issued: 298 Running: 2 Finished: 296
[2026-03-15 16:25:31.045] [info] cycle: [784000]
[2026-03-15 16:25:31.614] [info] HBM2-CH_0: BW utilization 66% (4768 reads, 1584 writes)
[2026-03-15 16:25:31.638] [info] Tile  status Gemm, instructions left 49
[2026-03-15 16:25:31.638] [info] Tile  status Gemm, instructions left 49
[2026-03-15 16:25:31.638] [info] Core [0] Tile Stats | Issued: 298 Running: 2 Finished: 296
[2026-03-15 16:25:31.638] [info] cycle: [792000]
[2026-03-15 16:25:31.638] [info] Tile  status Gemm, instructions left 49
[2026-03-15 16:25:31.638] [info] Tile  status Gemm, instructions left 49
[2026-03-15 16:25:31.638] [info] Core [1] Tile Stats | Issued: 299 Running: 2 Finished: 297
[2026-03-15 16:25:31.638] [info] cycle: [792000]
[2026-03-15 16:25:31.638] [info] Tile  status Gemm, instructions left 49
[2026-03-15 16:25:31.638] [info] Tile  status Gemm, instructions left 49
[2026-03-15 16:25:31.638] [info] Core [2] Tile Stats | Issued: 299 Running: 2 Finished: 297
[2026-03-15 16:25:31.638] [info] cycle: [792000]
[2026-03-15 16:25:31.638] [info] Tile  status Gemm, instructions left 49
[2026-03-15 16:25:31.638] [info] Tile  status Gemm, instructions left 49
[2026-03-15 16:25:31.638] [info] Core [3] Tile Stats | Issued: 298 Running: 2 Finished: 296
[2026-03-15 16:25:31.638] [info] cycle: [792000]
[2026-03-15 16:25:32.219] [info] HBM2-CH_0: BW utilization 73% (6944 reads, 96 writes)
[2026-03-15 16:25:32.241] [info] Tile  status Gemm, instructions left 1
[2026-03-15 16:25:32.241] [info] Tile  status Gemm, instructions left 49
[2026-03-15 16:25:32.241] [info] Core [0] Tile Stats | Issued: 298 Running: 2 Finished: 296
[2026-03-15 16:25:32.241] [info] cycle: [800000]
[2026-03-15 16:25:32.241] [info] Tile  status Gemm, instructions left 49
[2026-03-15 16:25:32.241] [info] Tile  status Gemm, instructions left 49
[2026-03-15 16:25:32.241] [info] Core [1] Tile Stats | Issued: 299 Running: 2 Finished: 297
[2026-03-15 16:25:32.241] [info] cycle: [800000]
[2026-03-15 16:25:32.241] [info] Tile  status Gemm, instructions left 1
[2026-03-15 16:25:32.241] [info] Tile  status Gemm, instructions left 49
[2026-03-15 16:25:32.241] [info] Core [2] Tile Stats | Issued: 299 Running: 2 Finished: 297
[2026-03-15 16:25:32.241] [info] cycle: [800000]
[2026-03-15 16:25:32.241] [info] Tile  status Gemm, instructions left 1
[2026-03-15 16:25:32.241] [info] Tile  status Gemm, instructions left 49
[2026-03-15 16:25:32.241] [info] Core [3] Tile Stats | Issued: 298 Running: 2 Finished: 296
[2026-03-15 16:25:32.242] [info] cycle: [800000]
[2026-03-15 16:25:32.814] [info] HBM2-CH_0: BW utilization 74% (7132 reads, 0 writes)
[2026-03-15 16:25:32.837] [info] Tile  status Gemm, instructions left 49
[2026-03-15 16:25:32.837] [info] Tile  status Gemm, instructions left 49
[2026-03-15 16:25:32.837] [info] Core [0] Tile Stats | Issued: 299 Running: 2 Finished: 297
[2026-03-15 16:25:32.837] [info] cycle: [808000]
[2026-03-15 16:25:32.837] [info] Tile  status Gemm, instructions left 49
[2026-03-15 16:25:32.837] [info] Tile  status Gemm, instructions left 49
[2026-03-15 16:25:32.837] [info] Core [1] Tile Stats | Issued: 299 Running: 2 Finished: 297
[2026-03-15 16:25:32.837] [info] cycle: [808000]
[2026-03-15 16:25:32.837] [info] Tile  status Gemm, instructions left 49
[2026-03-15 16:25:32.837] [info] Tile  status Gemm, instructions left 49
[2026-03-15 16:25:32.837] [info] Core [2] Tile Stats | Issued: 300 Running: 2 Finished: 298
[2026-03-15 16:25:32.837] [info] cycle: [808000]
[2026-03-15 16:25:32.837] [info] Tile  status Gemm, instructions left 49
[2026-03-15 16:25:32.837] [info] Tile  status Gemm, instructions left 49
[2026-03-15 16:25:32.837] [info] Core [3] Tile Stats | Issued: 299 Running: 2 Finished: 297
[2026-03-15 16:25:32.837] [info] cycle: [808000]
[2026-03-15 16:25:33.392] [info] HBM2-CH_0: BW utilization 73% (7059 reads, 41 writes)
[2026-03-15 16:25:33.416] [info] Tile  status Gemm, instructions left 1
[2026-03-15 16:25:33.416] [info] Tile  status Gemm, instructions left 49
[2026-03-15 16:25:33.416] [info] Core [0] Tile Stats | Issued: 299 Running: 2 Finished: 297
[2026-03-15 16:25:33.416] [info] cycle: [816000]
[2026-03-15 16:25:33.416] [info] Tile  status Gemm, instructions left 49
[2026-03-15 16:25:33.416] [info] Tile  status Gemm, instructions left 49
[2026-03-15 16:25:33.416] [info] Core [1] Tile Stats | Issued: 300 Running: 2 Finished: 298
[2026-03-15 16:25:33.416] [info] cycle: [816000]
[2026-03-15 16:25:33.416] [info] Tile  status Gemm, instructions left 1
[2026-03-15 16:25:33.416] [info] Tile  status Gemm, instructions left 49
[2026-03-15 16:25:33.416] [info] Core [2] Tile Stats | Issued: 300 Running: 2 Finished: 298
[2026-03-15 16:25:33.416] [info] cycle: [816000]
[2026-03-15 16:25:33.416] [info] Tile  status Gemm, instructions left 1
[2026-03-15 16:25:33.416] [info] Tile  status Gemm, instructions left 49
[2026-03-15 16:25:33.416] [info] Core [3] Tile Stats | Issued: 299 Running: 2 Finished: 297
[2026-03-15 16:25:33.416] [info] cycle: [816000]
[2026-03-15 16:25:34.101] [info] HBM2-CH_0: BW utilization 71% (6822 reads, 0 writes)
[2026-03-15 16:25:34.147] [info] Tile  status Gemm, instructions left 49
[2026-03-15 16:25:34.147] [info] Core [0] Tile Stats | Issued: 299 Running: 1 Finished: 298
[2026-03-15 16:25:34.147] [info] cycle: [824000]
[2026-03-15 16:25:34.147] [info] Tile  status Gemm, instructions left 49
[2026-03-15 16:25:34.147] [info] Tile  status Gemm, instructions left 49
[2026-03-15 16:25:34.147] [info] Core [1] Tile Stats | Issued: 300 Running: 2 Finished: 298
[2026-03-15 16:25:34.147] [info] cycle: [824000]
[2026-03-15 16:25:34.147] [info] Tile  status Gemm, instructions left 49
[2026-03-15 16:25:34.147] [info] Core [2] Tile Stats | Issued: 300 Running: 1 Finished: 299
[2026-03-15 16:25:34.147] [info] cycle: [824000]
[2026-03-15 16:25:34.147] [info] Tile  status Gemm, instructions left 49
[2026-03-15 16:25:34.147] [info] Core [3] Tile Stats | Issued: 299 Running: 1 Finished: 298
[2026-03-15 16:25:34.147] [info] cycle: [824000]
[2026-03-15 16:25:35.394] [info] HBM2-CH_0: BW utilization 71% (6894 reads, 0 writes)
[2026-03-15 16:25:35.477] [info] Tile  status Gemm, instructions left 49
[2026-03-15 16:25:35.477] [info] Core [0] Tile Stats | Issued: 299 Running: 1 Finished: 298
[2026-03-15 16:25:35.477] [info] cycle: [832000]
[2026-03-15 16:25:35.477] [info] Tile  status Gemm, instructions left 1
[2026-03-15 16:25:35.477] [info] Tile  status Gemm, instructions left 49
[2026-03-15 16:25:35.477] [info] Core [1] Tile Stats | Issued: 300 Running: 2 Finished: 298
[2026-03-15 16:25:35.477] [info] cycle: [832000]
[2026-03-15 16:25:35.477] [info] Tile  status Gemm, instructions left 49
[2026-03-15 16:25:35.477] [info] Core [2] Tile Stats | Issued: 300 Running: 1 Finished: 299
[2026-03-15 16:25:35.477] [info] cycle: [832000]
[2026-03-15 16:25:35.477] [info] Tile  status Gemm, instructions left 49
[2026-03-15 16:25:35.477] [info] Core [3] Tile Stats | Issued: 299 Running: 1 Finished: 298
[2026-03-15 16:25:35.477] [info] cycle: [832000]
[2026-03-15 16:25:36.363] [info] HBM2-CH_0: BW utilization 26% (2453 reads, 134 writes)
[2026-03-15 16:25:36.383] [info] Core [0] Tile Stats | Issued: 299 Running: 0 Finished: 299
[2026-03-15 16:25:36.383] [info] cycle: [840000]
[2026-03-15 16:25:36.383] [info] Tile  status Gemm, instructions left 1
[2026-03-15 16:25:36.383] [info] Core [1] Tile Stats | Issued: 300 Running: 1 Finished: 299
[2026-03-15 16:25:36.383] [info] cycle: [840000]
[2026-03-15 16:25:36.383] [info] Core [2] Tile Stats | Issued: 300 Running: 0 Finished: 300
[2026-03-15 16:25:36.383] [info] cycle: [840000]
[2026-03-15 16:25:36.383] [info] Core [3] Tile Stats | Issued: 299 Running: 0 Finished: 299
[2026-03-15 16:25:36.383] [info] cycle: [840000]
[2026-03-15 16:25:36.457] [info] Layer /blocks.7/conv_proj/Gemm finish at 841117
[2026-03-15 16:25:36.457] [info] Total compute time 60398
[2026-03-15 16:25:36.457] [info] executable layer count 79
[2026-03-15 16:25:36.457] [info] Start layer /blocks.7/Slice_2
[2026-03-15 16:25:36.536] [info] Layer /blocks.7/Slice_2 finish at 841768
[2026-03-15 16:25:36.536] [info] Total compute time 651
[2026-03-15 16:25:36.536] [info] executable layer count 78
[2026-03-15 16:25:36.536] [info] Start layer /blocks.7/Reshape
[2026-03-15 16:25:36.923] [info] Layer /blocks.7/Reshape finish at 844804
[2026-03-15 16:25:36.923] [info] Total compute time 3036
[2026-03-15 16:25:36.923] [info] executable layer count 77
[2026-03-15 16:25:36.923] [info] Start layer /blocks.8/conv_proj/Gemm
[2026-03-15 16:25:37.147] [info] HBM2-CH_0: BW utilization 59% (4546 reads, 1118 writes)
[2026-03-15 16:25:37.168] [info] Tile  status Gemm, instructions left 49
[2026-03-15 16:25:37.168] [info] Tile  status Gemm, instructions left 49
[2026-03-15 16:25:37.168] [info] Core [0] Tile Stats | Issued: 302 Running: 2 Finished: 300
[2026-03-15 16:25:37.168] [info] cycle: [848000]
[2026-03-15 16:25:37.168] [info] Tile  status Gemm, instructions left 49
[2026-03-15 16:25:37.168] [info] Tile  status Gemm, instructions left 49
[2026-03-15 16:25:37.168] [info] Core [1] Tile Stats | Issued: 302 Running: 2 Finished: 300
[2026-03-15 16:25:37.168] [info] cycle: [848000]
[2026-03-15 16:25:37.168] [info] Tile  status Gemm, instructions left 49
[2026-03-15 16:25:37.168] [info] Tile  status Gemm, instructions left 49
[2026-03-15 16:25:37.168] [info] Core [2] Tile Stats | Issued: 302 Running: 2 Finished: 300
[2026-03-15 16:25:37.168] [info] cycle: [848000]
[2026-03-15 16:25:37.168] [info] Tile  status Gemm, instructions left 49
[2026-03-15 16:25:37.168] [info] Tile  status Gemm, instructions left 49
[2026-03-15 16:25:37.168] [info] Core [3] Tile Stats | Issued: 302 Running: 2 Finished: 300
[2026-03-15 16:25:37.168] [info] cycle: [848000]
[2026-03-15 16:25:37.898] [info] HBM2-CH_0: BW utilization 65% (4692 reads, 1584 writes)
[2026-03-15 16:25:37.933] [info] Tile  status Gemm, instructions left 49
[2026-03-15 16:25:37.933] [info] Tile  status Gemm, instructions left 49
[2026-03-15 16:25:37.933] [info] Core [0] Tile Stats | Issued: 302 Running: 2 Finished: 300
[2026-03-15 16:25:37.933] [info] cycle: [856000]
[2026-03-15 16:25:37.933] [info] Tile  status Gemm, instructions left 49
[2026-03-15 16:25:37.933] [info] Tile  status Gemm, instructions left 49
[2026-03-15 16:25:37.933] [info] Core [1] Tile Stats | Issued: 302 Running: 2 Finished: 300
[2026-03-15 16:25:37.933] [info] cycle: [856000]
[2026-03-15 16:25:37.933] [info] Tile  status Gemm, instructions left 49
[2026-03-15 16:25:37.933] [info] Tile  status Gemm, instructions left 49
[2026-03-15 16:25:37.933] [info] Core [2] Tile Stats | Issued: 302 Running: 2 Finished: 300
[2026-03-15 16:25:37.933] [info] cycle: [856000]
[2026-03-15 16:25:37.933] [info] Tile  status Gemm, instructions left 49
[2026-03-15 16:25:37.933] [info] Tile  status Gemm, instructions left 49
[2026-03-15 16:25:37.933] [info] Core [3] Tile Stats | Issued: 302 Running: 2 Finished: 300
[2026-03-15 16:25:37.933] [info] cycle: [856000]
[2026-03-15 16:25:38.640] [info] HBM2-CH_0: BW utilization 77% (7264 reads, 144 writes)
[2026-03-15 16:25:38.679] [info] Tile  status Gemm, instructions left 1
[2026-03-15 16:25:38.679] [info] Tile  status Gemm, instructions left 49
[2026-03-15 16:25:38.679] [info] Core [0] Tile Stats | Issued: 302 Running: 2 Finished: 300
[2026-03-15 16:25:38.679] [info] cycle: [864000]
[2026-03-15 16:25:38.679] [info] Tile  status Gemm, instructions left 1
[2026-03-15 16:25:38.679] [info] Tile  status Gemm, instructions left 49
[2026-03-15 16:25:38.679] [info] Core [1] Tile Stats | Issued: 302 Running: 2 Finished: 300
[2026-03-15 16:25:38.679] [info] cycle: [864000]
[2026-03-15 16:25:38.679] [info] Tile  status Gemm, instructions left 1
[2026-03-15 16:25:38.679] [info] Tile  status Gemm, instructions left 49
[2026-03-15 16:25:38.679] [info] Core [2] Tile Stats | Issued: 302 Running: 2 Finished: 300
[2026-03-15 16:25:38.679] [info] cycle: [864000]
[2026-03-15 16:25:38.679] [info] Tile  status Gemm, instructions left 49
[2026-03-15 16:25:38.679] [info] Tile  status Gemm, instructions left 49
[2026-03-15 16:25:38.679] [info] Core [3] Tile Stats | Issued: 302 Running: 2 Finished: 300
[2026-03-15 16:25:38.679] [info] cycle: [864000]
[2026-03-15 16:25:39.470] [info] HBM2-CH_0: BW utilization 66% (6421 reads, 0 writes)
[2026-03-15 16:25:39.500] [info] Tile  status Gemm, instructions left 49
[2026-03-15 16:25:39.500] [info] Tile  status Gemm, instructions left 49
[2026-03-15 16:25:39.500] [info] Core [0] Tile Stats | Issued: 303 Running: 2 Finished: 301
[2026-03-15 16:25:39.500] [info] cycle: [872000]
[2026-03-15 16:25:39.500] [info] Tile  status Gemm, instructions left 49
[2026-03-15 16:25:39.500] [info] Tile  status Gemm, instructions left 49
[2026-03-15 16:25:39.500] [info] Core [1] Tile Stats | Issued: 303 Running: 2 Finished: 301
[2026-03-15 16:25:39.500] [info] cycle: [872000]
[2026-03-15 16:25:39.500] [info] Tile  status Gemm, instructions left 49
[2026-03-15 16:25:39.500] [info] Tile  status Gemm, instructions left 49
[2026-03-15 16:25:39.500] [info] Core [2] Tile Stats | Issued: 303 Running: 2 Finished: 301
[2026-03-15 16:25:39.500] [info] cycle: [872000]
[2026-03-15 16:25:39.500] [info] Tile  status Gemm, instructions left 49
[2026-03-15 16:25:39.500] [info] Tile  status Gemm, instructions left 49
[2026-03-15 16:25:39.500] [info] Core [3] Tile Stats | Issued: 302 Running: 2 Finished: 300
[2026-03-15 16:25:39.500] [info] cycle: [872000]
[2026-03-15 16:25:40.334] [info] HBM2-CH_0: BW utilization 73% (7034 reads, 41 writes)
[2026-03-15 16:25:40.361] [info] Tile  status Gemm, instructions left 1
[2026-03-15 16:25:40.361] [info] Tile  status Gemm, instructions left 49
[2026-03-15 16:25:40.361] [info] Core [0] Tile Stats | Issued: 303 Running: 2 Finished: 301
[2026-03-15 16:25:40.361] [info] cycle: [880000]
[2026-03-15 16:25:40.361] [info] Tile  status Gemm, instructions left 1
[2026-03-15 16:25:40.361] [info] Tile  status Gemm, instructions left 49
[2026-03-15 16:25:40.361] [info] Core [1] Tile Stats | Issued: 303 Running: 2 Finished: 301
[2026-03-15 16:25:40.361] [info] cycle: [880000]
[2026-03-15 16:25:40.361] [info] Tile  status Gemm, instructions left 1
[2026-03-15 16:25:40.361] [info] Tile  status Gemm, instructions left 49
[2026-03-15 16:25:40.361] [info] Core [2] Tile Stats | Issued: 303 Running: 2 Finished: 301
[2026-03-15 16:25:40.361] [info] cycle: [880000]
[2026-03-15 16:25:40.361] [info] Tile  status Gemm, instructions left 1
[2026-03-15 16:25:40.361] [info] Tile  status Gemm, instructions left 49
[2026-03-15 16:25:40.361] [info] Core [3] Tile Stats | Issued: 302 Running: 2 Finished: 300
[2026-03-15 16:25:40.361] [info] cycle: [880000]
[2026-03-15 16:25:41.296] [info] HBM2-CH_0: BW utilization 65% (6310 reads, 0 writes)
[2026-03-15 16:25:41.343] [info] Tile  status Gemm, instructions left 49
[2026-03-15 16:25:41.343] [info] Core [0] Tile Stats | Issued: 303 Running: 1 Finished: 302
[2026-03-15 16:25:41.343] [info] cycle: [888000]
[2026-03-15 16:25:41.343] [info] Tile  status Gemm, instructions left 49
[2026-03-15 16:25:41.343] [info] Core [1] Tile Stats | Issued: 303 Running: 1 Finished: 302
[2026-03-15 16:25:41.343] [info] cycle: [888000]
[2026-03-15 16:25:41.343] [info] Tile  status Gemm, instructions left 49
[2026-03-15 16:25:41.343] [info] Core [2] Tile Stats | Issued: 303 Running: 1 Finished: 302
[2026-03-15 16:25:41.343] [info] cycle: [888000]
[2026-03-15 16:25:41.343] [info] Tile  status Gemm, instructions left 49
[2026-03-15 16:25:41.343] [info] Tile  status Gemm, instructions left 49
[2026-03-15 16:25:41.343] [info] Core [3] Tile Stats | Issued: 303 Running: 2 Finished: 301
[2026-03-15 16:25:41.343] [info] cycle: [888000]
[2026-03-15 16:25:42.400] [info] HBM2-CH_0: BW utilization 67% (6428 reads, 40 writes)
[2026-03-15 16:25:42.452] [info] Tile  status Gemm, instructions left 49
[2026-03-15 16:25:42.452] [info] Core [0] Tile Stats | Issued: 303 Running: 1 Finished: 302
[2026-03-15 16:25:42.452] [info] cycle: [896000]
[2026-03-15 16:25:42.452] [info] Tile  status Gemm, instructions left 49
[2026-03-15 16:25:42.452] [info] Core [1] Tile Stats | Issued: 303 Running: 1 Finished: 302
[2026-03-15 16:25:42.452] [info] cycle: [896000]
[2026-03-15 16:25:42.452] [info] Tile  status Gemm, instructions left 49
[2026-03-15 16:25:42.452] [info] Core [2] Tile Stats | Issued: 303 Running: 1 Finished: 302
[2026-03-15 16:25:42.452] [info] cycle: [896000]
[2026-03-15 16:25:42.452] [info] Tile  status Gemm, instructions left 1
[2026-03-15 16:25:42.452] [info] Tile  status Gemm, instructions left 49
[2026-03-15 16:25:42.452] [info] Core [3] Tile Stats | Issued: 303 Running: 2 Finished: 301
[2026-03-15 16:25:42.452] [info] cycle: [896000]
[2026-03-15 16:25:43.199] [info] HBM2-CH_0: BW utilization 41% (3967 reads, 63 writes)
[2026-03-15 16:25:43.229] [info] Core [0] Tile Stats | Issued: 303 Running: 0 Finished: 303
[2026-03-15 16:25:43.229] [info] cycle: [904000]
[2026-03-15 16:25:43.229] [info] Core [1] Tile Stats | Issued: 303 Running: 0 Finished: 303
[2026-03-15 16:25:43.229] [info] cycle: [904000]
[2026-03-15 16:25:43.229] [info] Core [2] Tile Stats | Issued: 303 Running: 0 Finished: 303
[2026-03-15 16:25:43.229] [info] cycle: [904000]
[2026-03-15 16:25:43.229] [info] Tile  status Gemm, instructions left 1
[2026-03-15 16:25:43.229] [info] Core [3] Tile Stats | Issued: 303 Running: 1 Finished: 302
[2026-03-15 16:25:43.229] [info] cycle: [904000]
[2026-03-15 16:25:43.383] [info] Layer /blocks.8/conv_proj/Gemm finish at 906283
[2026-03-15 16:25:43.383] [info] Total compute time 61479
[2026-03-15 16:25:43.383] [info] executable layer count 77
[2026-03-15 16:25:43.383] [info] Start layer /blocks.8/Slice_2
[2026-03-15 16:25:43.448] [info] Layer /blocks.8/Slice_2 finish at 906932
[2026-03-15 16:25:43.448] [info] Total compute time 649
[2026-03-15 16:25:43.448] [info] executable layer count 76
[2026-03-15 16:25:43.448] [info] Start layer /blocks.8/Reshape
[2026-03-15 16:25:43.838] [info] Layer /blocks.8/Reshape finish at 909958
[2026-03-15 16:25:43.838] [info] Total compute time 3026
[2026-03-15 16:25:43.838] [info] executable layer count 75
[2026-03-15 16:25:43.838] [info] Start layer /blocks.9/conv_proj/Gemm
[2026-03-15 16:25:43.942] [info] HBM2-CH_0: BW utilization 49% (3834 reads, 951 writes)
[2026-03-15 16:25:43.966] [info] Tile  status Gemm, instructions left 49
[2026-03-15 16:25:43.966] [info] Tile  status Gemm, instructions left 49
[2026-03-15 16:25:43.966] [info] Core [0] Tile Stats | Issued: 305 Running: 2 Finished: 303
[2026-03-15 16:25:43.966] [info] cycle: [912000]
[2026-03-15 16:25:43.966] [info] Tile  status Gemm, instructions left 49
[2026-03-15 16:25:43.966] [info] Tile  status Gemm, instructions left 49
[2026-03-15 16:25:43.966] [info] Core [1] Tile Stats | Issued: 306 Running: 2 Finished: 304
[2026-03-15 16:25:43.966] [info] cycle: [912000]
[2026-03-15 16:25:43.966] [info] Tile  status Gemm, instructions left 49
[2026-03-15 16:25:43.966] [info] Tile  status Gemm, instructions left 49
[2026-03-15 16:25:43.966] [info] Core [2] Tile Stats | Issued: 306 Running: 2 Finished: 304
[2026-03-15 16:25:43.966] [info] cycle: [912000]
[2026-03-15 16:25:43.966] [info] Tile  status Gemm, instructions left 49
[2026-03-15 16:25:43.966] [info] Tile  status Gemm, instructions left 49
[2026-03-15 16:25:43.966] [info] Core [3] Tile Stats | Issued: 305 Running: 2 Finished: 303
[2026-03-15 16:25:43.966] [info] cycle: [912000]
[2026-03-15 16:25:44.455] [info] HBM2-CH_0: BW utilization 66% (4818 reads, 1584 writes)
[2026-03-15 16:25:44.477] [info] Tile  status Gemm, instructions left 49
[2026-03-15 16:25:44.477] [info] Tile  status Gemm, instructions left 49
[2026-03-15 16:25:44.477] [info] Core [0] Tile Stats | Issued: 305 Running: 2 Finished: 303
[2026-03-15 16:25:44.477] [info] cycle: [920000]
[2026-03-15 16:25:44.477] [info] Tile  status Gemm, instructions left 49
[2026-03-15 16:25:44.477] [info] Tile  status Gemm, instructions left 49
[2026-03-15 16:25:44.477] [info] Core [1] Tile Stats | Issued: 306 Running: 2 Finished: 304
[2026-03-15 16:25:44.477] [info] cycle: [920000]
[2026-03-15 16:25:44.477] [info] Tile  status Gemm, instructions left 49
[2026-03-15 16:25:44.477] [info] Tile  status Gemm, instructions left 49
[2026-03-15 16:25:44.477] [info] Core [2] Tile Stats | Issued: 306 Running: 2 Finished: 304
[2026-03-15 16:25:44.477] [info] cycle: [920000]
[2026-03-15 16:25:44.477] [info] Tile  status Gemm, instructions left 49
[2026-03-15 16:25:44.477] [info] Tile  status Gemm, instructions left 49
[2026-03-15 16:25:44.477] [info] Core [3] Tile Stats | Issued: 305 Running: 2 Finished: 303
[2026-03-15 16:25:44.477] [info] cycle: [920000]
[2026-03-15 16:25:45.042] [info] HBM2-CH_0: BW utilization 78% (7174 reads, 380 writes)
[2026-03-15 16:25:45.069] [info] Tile  status Gemm, instructions left 1
[2026-03-15 16:25:45.069] [info] Tile  status Gemm, instructions left 49
[2026-03-15 16:25:45.069] [info] Core [0] Tile Stats | Issued: 305 Running: 2 Finished: 303
[2026-03-15 16:25:45.069] [info] cycle: [928000]
[2026-03-15 16:25:45.069] [info] Tile  status Gemm, instructions left 49
[2026-03-15 16:25:45.069] [info] Tile  status Gemm, instructions left 49
[2026-03-15 16:25:45.069] [info] Core [1] Tile Stats | Issued: 306 Running: 2 Finished: 304
[2026-03-15 16:25:45.069] [info] cycle: [928000]
[2026-03-15 16:25:45.069] [info] Tile  status Gemm, instructions left 1
[2026-03-15 16:25:45.069] [info] Tile  status Gemm, instructions left 49
[2026-03-15 16:25:45.069] [info] Core [2] Tile Stats | Issued: 306 Running: 2 Finished: 304
[2026-03-15 16:25:45.069] [info] cycle: [928000]
[2026-03-15 16:25:45.069] [info] Tile  status Gemm, instructions left 1
[2026-03-15 16:25:45.069] [info] Tile  status Gemm, instructions left 49
[2026-03-15 16:25:45.069] [info] Core [3] Tile Stats | Issued: 305 Running: 2 Finished: 303
[2026-03-15 16:25:45.069] [info] cycle: [928000]
[2026-03-15 16:25:45.636] [info] HBM2-CH_0: BW utilization 72% (6962 reads, 0 writes)
[2026-03-15 16:25:45.665] [info] Tile  status Gemm, instructions left 49
[2026-03-15 16:25:45.665] [info] Tile  status Gemm, instructions left 49
[2026-03-15 16:25:45.665] [info] Core [0] Tile Stats | Issued: 306 Running: 2 Finished: 304
[2026-03-15 16:25:45.665] [info] cycle: [936000]
[2026-03-15 16:25:45.665] [info] Tile  status Gemm, instructions left 49
[2026-03-15 16:25:45.665] [info] Tile  status Gemm, instructions left 49
[2026-03-15 16:25:45.665] [info] Core [1] Tile Stats | Issued: 306 Running: 2 Finished: 304
[2026-03-15 16:25:45.665] [info] cycle: [936000]
[2026-03-15 16:25:45.665] [info] Tile  status Gemm, instructions left 49
[2026-03-15 16:25:45.665] [info] Tile  status Gemm, instructions left 49
[2026-03-15 16:25:45.665] [info] Core [2] Tile Stats | Issued: 307 Running: 2 Finished: 305
[2026-03-15 16:25:45.665] [info] cycle: [936000]
[2026-03-15 16:25:45.665] [info] Tile  status Gemm, instructions left 49
[2026-03-15 16:25:45.665] [info] Tile  status Gemm, instructions left 49
[2026-03-15 16:25:45.665] [info] Core [3] Tile Stats | Issued: 306 Running: 2 Finished: 304
[2026-03-15 16:25:45.665] [info] cycle: [936000]
[2026-03-15 16:25:46.239] [info] HBM2-CH_0: BW utilization 77% (7433 reads, 0 writes)
[2026-03-15 16:25:46.267] [info] Tile  status Gemm, instructions left 49
[2026-03-15 16:25:46.267] [info] Tile  status Gemm, instructions left 49
[2026-03-15 16:25:46.267] [info] Core [0] Tile Stats | Issued: 306 Running: 2 Finished: 304
[2026-03-15 16:25:46.267] [info] cycle: [944000]
[2026-03-15 16:25:46.267] [info] Tile  status Gemm, instructions left 1
[2026-03-15 16:25:46.267] [info] Tile  status Gemm, instructions left 49
[2026-03-15 16:25:46.267] [info] Core [1] Tile Stats | Issued: 306 Running: 2 Finished: 304
[2026-03-15 16:25:46.267] [info] cycle: [944000]
[2026-03-15 16:25:46.267] [info] Tile  status Gemm, instructions left 49
[2026-03-15 16:25:46.267] [info] Tile  status Gemm, instructions left 49
[2026-03-15 16:25:46.267] [info] Core [2] Tile Stats | Issued: 307 Running: 2 Finished: 305
[2026-03-15 16:25:46.267] [info] cycle: [944000]
[2026-03-15 16:25:46.267] [info] Tile  status Gemm, instructions left 49
[2026-03-15 16:25:46.267] [info] Tile  status Gemm, instructions left 49
[2026-03-15 16:25:46.267] [info] Core [3] Tile Stats | Issued: 306 Running: 2 Finished: 304
[2026-03-15 16:25:46.267] [info] cycle: [944000]
[2026-03-15 16:25:46.910] [info] HBM2-CH_0: BW utilization 66% (6347 reads, 0 writes)
[2026-03-15 16:25:46.961] [info] Tile  status Gemm, instructions left 49
[2026-03-15 16:25:46.961] [info] Core [0] Tile Stats | Issued: 306 Running: 1 Finished: 305
[2026-03-15 16:25:46.961] [info] cycle: [952000]
[2026-03-15 16:25:46.961] [info] Tile  status Gemm, instructions left 49
[2026-03-15 16:25:46.961] [info] Tile  status Gemm, instructions left 49
[2026-03-15 16:25:46.961] [info] Core [1] Tile Stats | Issued: 307 Running: 2 Finished: 305
[2026-03-15 16:25:46.961] [info] cycle: [952000]
[2026-03-15 16:25:46.961] [info] Tile  status Gemm, instructions left 49
[2026-03-15 16:25:46.961] [info] Core [2] Tile Stats | Issued: 307 Running: 1 Finished: 306
[2026-03-15 16:25:46.961] [info] cycle: [952000]
[2026-03-15 16:25:46.961] [info] Tile  status Gemm, instructions left 49
[2026-03-15 16:25:46.961] [info] Core [3] Tile Stats | Issued: 306 Running: 1 Finished: 305
[2026-03-15 16:25:46.961] [info] cycle: [952000]
[2026-03-15 16:25:48.026] [info] HBM2-CH_0: BW utilization 70% (6709 reads, 42 writes)
[2026-03-15 16:25:48.079] [info] Tile  status Gemm, instructions left 49
[2026-03-15 16:25:48.079] [info] Core [0] Tile Stats | Issued: 306 Running: 1 Finished: 305
[2026-03-15 16:25:48.079] [info] cycle: [960000]
[2026-03-15 16:25:48.079] [info] Tile  status Gemm, instructions left 1
[2026-03-15 16:25:48.079] [info] Tile  status Gemm, instructions left 49
[2026-03-15 16:25:48.079] [info] Core [1] Tile Stats | Issued: 307 Running: 2 Finished: 305
[2026-03-15 16:25:48.079] [info] cycle: [960000]
[2026-03-15 16:25:48.079] [info] Tile  status Gemm, instructions left 49
[2026-03-15 16:25:48.079] [info] Core [2] Tile Stats | Issued: 307 Running: 1 Finished: 306
[2026-03-15 16:25:48.079] [info] cycle: [960000]
[2026-03-15 16:25:48.079] [info] Tile  status Gemm, instructions left 49
[2026-03-15 16:25:48.079] [info] Core [3] Tile Stats | Issued: 306 Running: 1 Finished: 305
[2026-03-15 16:25:48.079] [info] cycle: [960000]
[2026-03-15 16:25:48.821] [info] HBM2-CH_0: BW utilization 35% (3385 reads, 66 writes)
[2026-03-15 16:25:48.851] [info] Tile  status Gemm, instructions left 1
[2026-03-15 16:25:48.851] [info] Core [0] Tile Stats | Issued: 306 Running: 1 Finished: 305
[2026-03-15 16:25:48.851] [info] cycle: [968000]
[2026-03-15 16:25:48.851] [info] Tile  status Gemm, instructions left 1
[2026-03-15 16:25:48.851] [info] Core [1] Tile Stats | Issued: 307 Running: 1 Finished: 306
[2026-03-15 16:25:48.851] [info] cycle: [968000]
[2026-03-15 16:25:48.851] [info] Tile  status Gemm, instructions left 1
[2026-03-15 16:25:48.851] [info] Core [2] Tile Stats | Issued: 307 Running: 1 Finished: 306
[2026-03-15 16:25:48.851] [info] cycle: [968000]
[2026-03-15 16:25:48.851] [info] Tile  status Gemm, instructions left 1
[2026-03-15 16:25:48.851] [info] Core [3] Tile Stats | Issued: 306 Running: 1 Finished: 305
[2026-03-15 16:25:48.851] [info] cycle: [968000]
[2026-03-15 16:25:49.038] [info] Layer /blocks.9/conv_proj/Gemm finish at 970806
[2026-03-15 16:25:49.038] [info] Total compute time 60848
[2026-03-15 16:25:49.038] [info] executable layer count 75
[2026-03-15 16:25:49.038] [info] Start layer /blocks.9/Slice_2
[2026-03-15 16:25:49.103] [info] Layer /blocks.9/Slice_2 finish at 971455
[2026-03-15 16:25:49.103] [info] Total compute time 649
[2026-03-15 16:25:49.103] [info] executable layer count 74
[2026-03-15 16:25:49.103] [info] Start layer /blocks.9/Reshape
[2026-03-15 16:25:49.497] [info] Layer /blocks.9/Reshape finish at 974492
[2026-03-15 16:25:49.497] [info] Total compute time 3037
[2026-03-15 16:25:49.497] [info] executable layer count 73
[2026-03-15 16:25:49.497] [info] Start layer /blocks.10/conv_proj/Gemm
[2026-03-15 16:25:49.568] [info] HBM2-CH_0: BW utilization 45% (3539 reads, 822 writes)
[2026-03-15 16:25:49.591] [info] Tile  status Gemm, instructions left 49
[2026-03-15 16:25:49.591] [info] Tile  status Gemm, instructions left 49
[2026-03-15 16:25:49.591] [info] Core [0] Tile Stats | Issued: 309 Running: 2 Finished: 307
[2026-03-15 16:25:49.591] [info] cycle: [976000]
[2026-03-15 16:25:49.591] [info] Tile  status Gemm, instructions left 49
[2026-03-15 16:25:49.591] [info] Tile  status Gemm, instructions left 49
[2026-03-15 16:25:49.591] [info] Core [1] Tile Stats | Issued: 309 Running: 2 Finished: 307
[2026-03-15 16:25:49.591] [info] cycle: [976000]
[2026-03-15 16:25:49.591] [info] Tile  status Gemm, instructions left 49
[2026-03-15 16:25:49.591] [info] Tile  status Gemm, instructions left 49
[2026-03-15 16:25:49.591] [info] Core [2] Tile Stats | Issued: 309 Running: 2 Finished: 307
[2026-03-15 16:25:49.591] [info] cycle: [976000]
[2026-03-15 16:25:49.591] [info] Tile  status Gemm, instructions left 49
[2026-03-15 16:25:49.591] [info] Tile  status Gemm, instructions left 49
[2026-03-15 16:25:49.591] [info] Core [3] Tile Stats | Issued: 309 Running: 2 Finished: 307
[2026-03-15 16:25:49.591] [info] cycle: [976000]
[2026-03-15 16:25:50.109] [info] HBM2-CH_0: BW utilization 68% (4906 reads, 1632 writes)
[2026-03-15 16:25:50.130] [info] Tile  status Gemm, instructions left 49
[2026-03-15 16:25:50.130] [info] Tile  status Gemm, instructions left 49
[2026-03-15 16:25:50.130] [info] Core [0] Tile Stats | Issued: 309 Running: 2 Finished: 307
[2026-03-15 16:25:50.130] [info] cycle: [984000]
[2026-03-15 16:25:50.130] [info] Tile  status Gemm, instructions left 49
[2026-03-15 16:25:50.130] [info] Tile  status Gemm, instructions left 49
[2026-03-15 16:25:50.130] [info] Core [1] Tile Stats | Issued: 309 Running: 2 Finished: 307
[2026-03-15 16:25:50.130] [info] cycle: [984000]
[2026-03-15 16:25:50.130] [info] Tile  status Gemm, instructions left 49
[2026-03-15 16:25:50.130] [info] Tile  status Gemm, instructions left 49
[2026-03-15 16:25:50.130] [info] Core [2] Tile Stats | Issued: 309 Running: 2 Finished: 307
[2026-03-15 16:25:50.130] [info] cycle: [984000]
[2026-03-15 16:25:50.130] [info] Tile  status Gemm, instructions left 49
[2026-03-15 16:25:50.130] [info] Tile  status Gemm, instructions left 49
[2026-03-15 16:25:50.130] [info] Core [3] Tile Stats | Issued: 309 Running: 2 Finished: 307
[2026-03-15 16:25:50.130] [info] cycle: [984000]
[2026-03-15 16:25:50.683] [info] HBM2-CH_0: BW utilization 77% (7011 reads, 432 writes)
[2026-03-15 16:25:50.712] [info] Tile  status Gemm, instructions left 49
[2026-03-15 16:25:50.712] [info] Tile  status Gemm, instructions left 49
[2026-03-15 16:25:50.712] [info] Core [0] Tile Stats | Issued: 309 Running: 2 Finished: 307
[2026-03-15 16:25:50.712] [info] cycle: [992000]
[2026-03-15 16:25:50.712] [info] Tile  status Gemm, instructions left 49
[2026-03-15 16:25:50.712] [info] Tile  status Gemm, instructions left 49
[2026-03-15 16:25:50.712] [info] Core [1] Tile Stats | Issued: 309 Running: 2 Finished: 307
[2026-03-15 16:25:50.712] [info] cycle: [992000]
[2026-03-15 16:25:50.712] [info] Tile  status Gemm, instructions left 49
[2026-03-15 16:25:50.712] [info] Tile  status Gemm, instructions left 49
[2026-03-15 16:25:50.712] [info] Core [2] Tile Stats | Issued: 309 Running: 2 Finished: 307
[2026-03-15 16:25:50.712] [info] cycle: [992000]
[2026-03-15 16:25:50.712] [info] Tile  status Gemm, instructions left 49
[2026-03-15 16:25:50.712] [info] Tile  status Gemm, instructions left 49
[2026-03-15 16:25:50.712] [info] Core [3] Tile Stats | Issued: 309 Running: 2 Finished: 307
[2026-03-15 16:25:50.712] [info] cycle: [992000]
[2026-03-15 16:25:51.272] [info] HBM2-CH_0: BW utilization 74% (7117 reads, 0 writes)
[2026-03-15 16:25:51.303] [info] Tile  status Gemm, instructions left 49
[2026-03-15 16:25:51.303] [info] Tile  status Gemm, instructions left 49
[2026-03-15 16:25:51.303] [info] Core [0] Tile Stats | Issued: 310 Running: 2 Finished: 308
[2026-03-15 16:25:51.303] [info] cycle: [1000000]
[2026-03-15 16:25:51.303] [info] Tile  status Gemm, instructions left 49
[2026-03-15 16:25:51.303] [info] Tile  status Gemm, instructions left 49
[2026-03-15 16:25:51.303] [info] Core [1] Tile Stats | Issued: 310 Running: 2 Finished: 308
[2026-03-15 16:25:51.303] [info] cycle: [1000000]
[2026-03-15 16:25:51.303] [info] Tile  status Gemm, instructions left 49
[2026-03-15 16:25:51.303] [info] Tile  status Gemm, instructions left 49
[2026-03-15 16:25:51.303] [info] Core [2] Tile Stats | Issued: 310 Running: 2 Finished: 308
[2026-03-15 16:25:51.303] [info] cycle: [1000000]
[2026-03-15 16:25:51.303] [info] Tile  status Gemm, instructions left 49
[2026-03-15 16:25:51.303] [info] Tile  status Gemm, instructions left 49
[2026-03-15 16:25:51.303] [info] Core [3] Tile Stats | Issued: 309 Running: 2 Finished: 307
[2026-03-15 16:25:51.303] [info] cycle: [1000000]
[2026-03-15 16:25:51.860] [info] HBM2-CH_0: BW utilization 76% (7308 reads, 43 writes)
[2026-03-15 16:25:51.888] [info] Tile  status Gemm, instructions left 49
[2026-03-15 16:25:51.888] [info] Tile  status Gemm, instructions left 49
[2026-03-15 16:25:51.888] [info] Core [0] Tile Stats | Issued: 310 Running: 2 Finished: 308
[2026-03-15 16:25:51.888] [info] cycle: [1008000]
[2026-03-15 16:25:51.888] [info] Tile  status Gemm, instructions left 49
[2026-03-15 16:25:51.888] [info] Tile  status Gemm, instructions left 49
[2026-03-15 16:25:51.888] [info] Core [1] Tile Stats | Issued: 310 Running: 2 Finished: 308
[2026-03-15 16:25:51.888] [info] cycle: [1008000]
[2026-03-15 16:25:51.888] [info] Tile  status Gemm, instructions left 49
[2026-03-15 16:25:51.888] [info] Tile  status Gemm, instructions left 49
[2026-03-15 16:25:51.888] [info] Core [2] Tile Stats | Issued: 310 Running: 2 Finished: 308
[2026-03-15 16:25:51.888] [info] cycle: [1008000]
[2026-03-15 16:25:51.888] [info] Tile  status Gemm, instructions left 1
[2026-03-15 16:25:51.888] [info] Tile  status Gemm, instructions left 49
[2026-03-15 16:25:51.888] [info] Core [3] Tile Stats | Issued: 309 Running: 2 Finished: 307
[2026-03-15 16:25:51.888] [info] cycle: [1008000]
[2026-03-15 16:25:52.506] [info] HBM2-CH_0: BW utilization 67% (6468 reads, 0 writes)
[2026-03-15 16:25:52.556] [info] Tile  status Gemm, instructions left 49
[2026-03-15 16:25:52.556] [info] Core [0] Tile Stats | Issued: 310 Running: 1 Finished: 309
[2026-03-15 16:25:52.557] [info] cycle: [1016000]
[2026-03-15 16:25:52.557] [info] Tile  status Gemm, instructions left 49
[2026-03-15 16:25:52.557] [info] Core [1] Tile Stats | Issued: 310 Running: 1 Finished: 309
[2026-03-15 16:25:52.557] [info] cycle: [1016000]
[2026-03-15 16:25:52.557] [info] Tile  status Gemm, instructions left 49
[2026-03-15 16:25:52.557] [info] Core [2] Tile Stats | Issued: 310 Running: 1 Finished: 309
[2026-03-15 16:25:52.557] [info] cycle: [1016000]
[2026-03-15 16:25:52.557] [info] Tile  status Gemm, instructions left 49
[2026-03-15 16:25:52.557] [info] Tile  status Gemm, instructions left 49
[2026-03-15 16:25:52.557] [info] Core [3] Tile Stats | Issued: 310 Running: 2 Finished: 308
[2026-03-15 16:25:52.557] [info] cycle: [1016000]
[2026-03-15 16:25:53.578] [info] HBM2-CH_0: BW utilization 67% (6452 reads, 0 writes)
[2026-03-15 16:25:53.636] [info] Tile  status Gemm, instructions left 49
[2026-03-15 16:25:53.636] [info] Core [0] Tile Stats | Issued: 310 Running: 1 Finished: 309
[2026-03-15 16:25:53.636] [info] cycle: [1024000]
[2026-03-15 16:25:53.636] [info] Tile  status Gemm, instructions left 49
[2026-03-15 16:25:53.636] [info] Core [1] Tile Stats | Issued: 310 Running: 1 Finished: 309
[2026-03-15 16:25:53.636] [info] cycle: [1024000]
[2026-03-15 16:25:53.636] [info] Tile  status Gemm, instructions left 49
[2026-03-15 16:25:53.636] [info] Core [2] Tile Stats | Issued: 310 Running: 1 Finished: 309
[2026-03-15 16:25:53.636] [info] cycle: [1024000]
[2026-03-15 16:25:53.636] [info] Tile  status Gemm, instructions left 1
[2026-03-15 16:25:53.636] [info] Tile  status Gemm, instructions left 49
[2026-03-15 16:25:53.636] [info] Core [3] Tile Stats | Issued: 310 Running: 2 Finished: 308
[2026-03-15 16:25:53.636] [info] cycle: [1024000]
[2026-03-15 16:25:54.440] [info] HBM2-CH_0: BW utilization 41% (3862 reads, 91 writes)
[2026-03-15 16:25:54.465] [info] Tile  status Gemm, instructions left 1
[2026-03-15 16:25:54.465] [info] Core [0] Tile Stats | Issued: 310 Running: 1 Finished: 309
[2026-03-15 16:25:54.465] [info] cycle: [1032000]
[2026-03-15 16:25:54.465] [info] Tile  status Gemm, instructions left 1
[2026-03-15 16:25:54.465] [info] Core [1] Tile Stats | Issued: 310 Running: 1 Finished: 309
[2026-03-15 16:25:54.465] [info] cycle: [1032000]
[2026-03-15 16:25:54.465] [info] Tile  status Gemm, instructions left 1
[2026-03-15 16:25:54.465] [info] Core [2] Tile Stats | Issued: 310 Running: 1 Finished: 309
[2026-03-15 16:25:54.465] [info] cycle: [1032000]
[2026-03-15 16:25:54.465] [info] Tile  status Gemm, instructions left 1
[2026-03-15 16:25:54.465] [info] Core [3] Tile Stats | Issued: 310 Running: 1 Finished: 309
[2026-03-15 16:25:54.465] [info] cycle: [1032000]
[2026-03-15 16:25:54.719] [info] Layer /blocks.10/conv_proj/Gemm finish at 1035534
[2026-03-15 16:25:54.719] [info] Total compute time 61042
[2026-03-15 16:25:54.719] [info] executable layer count 73
[2026-03-15 16:25:54.719] [info] Start layer /blocks.10/Slice_2
[2026-03-15 16:25:54.786] [info] Layer /blocks.10/Slice_2 finish at 1036180
[2026-03-15 16:25:54.786] [info] Total compute time 646
[2026-03-15 16:25:54.786] [info] executable layer count 72
[2026-03-15 16:25:54.786] [info] Start layer /blocks.10/Reshape
[2026-03-15 16:25:55.208] [info] Layer /blocks.10/Reshape finish at 1039204
[2026-03-15 16:25:55.208] [info] Total compute time 3024
[2026-03-15 16:25:55.208] [info] executable layer count 71
[2026-03-15 16:25:55.208] [info] Start layer /blocks.11/conv_proj/Gemm
[2026-03-15 16:25:55.234] [info] HBM2-CH_0: BW utilization 39% (3069 reads, 679 writes)
[2026-03-15 16:25:55.259] [info] Tile  status Gemm, instructions left 49
[2026-03-15 16:25:55.259] [info] Tile  status Gemm, instructions left 49
[2026-03-15 16:25:55.259] [info] Core [0] Tile Stats | Issued: 312 Running: 2 Finished: 310
[2026-03-15 16:25:55.259] [info] cycle: [1040000]
[2026-03-15 16:25:55.259] [info] Tile  status Gemm, instructions left 49
[2026-03-15 16:25:55.259] [info] Tile  status Gemm, instructions left 49
[2026-03-15 16:25:55.259] [info] Core [1] Tile Stats | Issued: 313 Running: 2 Finished: 311
[2026-03-15 16:25:55.259] [info] cycle: [1040000]
[2026-03-15 16:25:55.259] [info] Tile  status Gemm, instructions left 49
[2026-03-15 16:25:55.259] [info] Tile  status Gemm, instructions left 49
[2026-03-15 16:25:55.259] [info] Core [2] Tile Stats | Issued: 313 Running: 2 Finished: 311
[2026-03-15 16:25:55.259] [info] cycle: [1040000]
[2026-03-15 16:25:55.259] [info] Tile  status Gemm, instructions left 49
[2026-03-15 16:25:55.259] [info] Tile  status Gemm, instructions left 49
[2026-03-15 16:25:55.259] [info] Core [3] Tile Stats | Issued: 312 Running: 2 Finished: 310
[2026-03-15 16:25:55.259] [info] cycle: [1040000]
[2026-03-15 16:25:55.747] [info] HBM2-CH_0: BW utilization 67% (4827 reads, 1632 writes)
[2026-03-15 16:25:55.772] [info] Tile  status Gemm, instructions left 49
[2026-03-15 16:25:55.772] [info] Tile  status Gemm, instructions left 49
[2026-03-15 16:25:55.772] [info] Core [0] Tile Stats | Issued: 312 Running: 2 Finished: 310
[2026-03-15 16:25:55.772] [info] cycle: [1048000]
[2026-03-15 16:25:55.772] [info] Tile  status Gemm, instructions left 49
[2026-03-15 16:25:55.772] [info] Tile  status Gemm, instructions left 49
[2026-03-15 16:25:55.772] [info] Core [1] Tile Stats | Issued: 313 Running: 2 Finished: 311
[2026-03-15 16:25:55.772] [info] cycle: [1048000]
[2026-03-15 16:25:55.772] [info] Tile  status Gemm, instructions left 49
[2026-03-15 16:25:55.772] [info] Tile  status Gemm, instructions left 49
[2026-03-15 16:25:55.772] [info] Core [2] Tile Stats | Issued: 313 Running: 2 Finished: 311
[2026-03-15 16:25:55.772] [info] cycle: [1048000]
[2026-03-15 16:25:55.772] [info] Tile  status Gemm, instructions left 49
[2026-03-15 16:25:55.772] [info] Tile  status Gemm, instructions left 49
[2026-03-15 16:25:55.772] [info] Core [3] Tile Stats | Issued: 312 Running: 2 Finished: 310
[2026-03-15 16:25:55.772] [info] cycle: [1048000]
[2026-03-15 16:25:56.299] [info] HBM2-CH_0: BW utilization 77% (6852 reads, 576 writes)
[2026-03-15 16:25:56.330] [info] Tile  status Gemm, instructions left 49
[2026-03-15 16:25:56.330] [info] Tile  status Gemm, instructions left 49
[2026-03-15 16:25:56.330] [info] Core [0] Tile Stats | Issued: 312 Running: 2 Finished: 310
[2026-03-15 16:25:56.330] [info] cycle: [1056000]
[2026-03-15 16:25:56.330] [info] Tile  status Gemm, instructions left 49
[2026-03-15 16:25:56.330] [info] Tile  status Gemm, instructions left 49
[2026-03-15 16:25:56.330] [info] Core [1] Tile Stats | Issued: 313 Running: 2 Finished: 311
[2026-03-15 16:25:56.330] [info] cycle: [1056000]
[2026-03-15 16:25:56.330] [info] Tile  status Gemm, instructions left 49
[2026-03-15 16:25:56.330] [info] Tile  status Gemm, instructions left 49
[2026-03-15 16:25:56.330] [info] Core [2] Tile Stats | Issued: 313 Running: 2 Finished: 311
[2026-03-15 16:25:56.330] [info] cycle: [1056000]
[2026-03-15 16:25:56.330] [info] Tile  status Gemm, instructions left 49
[2026-03-15 16:25:56.330] [info] Tile  status Gemm, instructions left 49
[2026-03-15 16:25:56.330] [info] Core [3] Tile Stats | Issued: 312 Running: 2 Finished: 310
[2026-03-15 16:25:56.330] [info] cycle: [1056000]
[2026-03-15 16:25:56.892] [info] HBM2-CH_0: BW utilization 68% (6556 reads, 0 writes)
[2026-03-15 16:25:56.926] [info] Tile  status Gemm, instructions left 49
[2026-03-15 16:25:56.926] [info] Tile  status Gemm, instructions left 49
[2026-03-15 16:25:56.926] [info] Core [0] Tile Stats | Issued: 313 Running: 2 Finished: 311
[2026-03-15 16:25:56.926] [info] cycle: [1064000]
[2026-03-15 16:25:56.926] [info] Tile  status Gemm, instructions left 49
[2026-03-15 16:25:56.926] [info] Tile  status Gemm, instructions left 49
[2026-03-15 16:25:56.926] [info] Core [1] Tile Stats | Issued: 313 Running: 2 Finished: 311
[2026-03-15 16:25:56.926] [info] cycle: [1064000]
[2026-03-15 16:25:56.926] [info] Tile  status Gemm, instructions left 49
[2026-03-15 16:25:56.926] [info] Tile  status Gemm, instructions left 49
[2026-03-15 16:25:56.926] [info] Core [2] Tile Stats | Issued: 314 Running: 2 Finished: 312
[2026-03-15 16:25:56.926] [info] cycle: [1064000]
[2026-03-15 16:25:56.926] [info] Tile  status Gemm, instructions left 49
[2026-03-15 16:25:56.926] [info] Tile  status Gemm, instructions left 49
[2026-03-15 16:25:56.926] [info] Core [3] Tile Stats | Issued: 313 Running: 2 Finished: 311
[2026-03-15 16:25:56.926] [info] cycle: [1064000]
[2026-03-15 16:25:57.534] [info] HBM2-CH_0: BW utilization 68% (6559 reads, 0 writes)
[2026-03-15 16:25:57.566] [info] Tile  status Gemm, instructions left 49
[2026-03-15 16:25:57.566] [info] Tile  status Gemm, instructions left 49
[2026-03-15 16:25:57.566] [info] Core [0] Tile Stats | Issued: 313 Running: 2 Finished: 311
[2026-03-15 16:25:57.566] [info] cycle: [1072000]
[2026-03-15 16:25:57.566] [info] Tile  status Gemm, instructions left 1
[2026-03-15 16:25:57.566] [info] Tile  status Gemm, instructions left 49
[2026-03-15 16:25:57.566] [info] Core [1] Tile Stats | Issued: 313 Running: 2 Finished: 311
[2026-03-15 16:25:57.566] [info] cycle: [1072000]
[2026-03-15 16:25:57.566] [info] Tile  status Gemm, instructions left 49
[2026-03-15 16:25:57.566] [info] Tile  status Gemm, instructions left 49
[2026-03-15 16:25:57.566] [info] Core [2] Tile Stats | Issued: 314 Running: 2 Finished: 312
[2026-03-15 16:25:57.566] [info] cycle: [1072000]
[2026-03-15 16:25:57.566] [info] Tile  status Gemm, instructions left 49
[2026-03-15 16:25:57.566] [info] Tile  status Gemm, instructions left 49
[2026-03-15 16:25:57.566] [info] Core [3] Tile Stats | Issued: 313 Running: 2 Finished: 311
[2026-03-15 16:25:57.566] [info] cycle: [1072000]
[2026-03-15 16:25:58.166] [info] HBM2-CH_0: BW utilization 73% (7049 reads, 41 writes)
[2026-03-15 16:25:58.197] [info] Tile  status Gemm, instructions left 1
[2026-03-15 16:25:58.197] [info] Tile  status Gemm, instructions left 49
[2026-03-15 16:25:58.197] [info] Core [0] Tile Stats | Issued: 313 Running: 2 Finished: 311
[2026-03-15 16:25:58.197] [info] cycle: [1080000]
[2026-03-15 16:25:58.197] [info] Tile  status Gemm, instructions left 49
[2026-03-15 16:25:58.197] [info] Tile  status Gemm, instructions left 49
[2026-03-15 16:25:58.197] [info] Core [1] Tile Stats | Issued: 314 Running: 2 Finished: 312
[2026-03-15 16:25:58.197] [info] cycle: [1080000]
[2026-03-15 16:25:58.197] [info] Tile  status Gemm, instructions left 1
[2026-03-15 16:25:58.197] [info] Tile  status Gemm, instructions left 49
[2026-03-15 16:25:58.197] [info] Core [2] Tile Stats | Issued: 314 Running: 2 Finished: 312
[2026-03-15 16:25:58.197] [info] cycle: [1080000]
[2026-03-15 16:25:58.197] [info] Tile  status Gemm, instructions left 1
[2026-03-15 16:25:58.197] [info] Tile  status Gemm, instructions left 49
[2026-03-15 16:25:58.197] [info] Core [3] Tile Stats | Issued: 313 Running: 2 Finished: 311
[2026-03-15 16:25:58.197] [info] cycle: [1080000]
[2026-03-15 16:25:59.213] [info] HBM2-CH_0: BW utilization 68% (6621 reads, 0 writes)
[2026-03-15 16:25:59.275] [info] Tile  status Gemm, instructions left 49
[2026-03-15 16:25:59.275] [info] Core [0] Tile Stats | Issued: 313 Running: 1 Finished: 312
[2026-03-15 16:25:59.275] [info] cycle: [1088000]
[2026-03-15 16:25:59.275] [info] Tile  status Gemm, instructions left 1
[2026-03-15 16:25:59.275] [info] Tile  status Gemm, instructions left 49
[2026-03-15 16:25:59.275] [info] Core [1] Tile Stats | Issued: 314 Running: 2 Finished: 312
[2026-03-15 16:25:59.275] [info] cycle: [1088000]
[2026-03-15 16:25:59.275] [info] Tile  status Gemm, instructions left 49
[2026-03-15 16:25:59.275] [info] Core [2] Tile Stats | Issued: 314 Running: 1 Finished: 313
[2026-03-15 16:25:59.275] [info] cycle: [1088000]
[2026-03-15 16:25:59.275] [info] Tile  status Gemm, instructions left 49
[2026-03-15 16:25:59.275] [info] Core [3] Tile Stats | Issued: 313 Running: 1 Finished: 312
[2026-03-15 16:25:59.275] [info] cycle: [1088000]
[2026-03-15 16:26:00.086] [info] HBM2-CH_0: BW utilization 54% (5131 reads, 97 writes)
[2026-03-15 16:26:00.113] [info] Tile  status Gemm, instructions left 1
[2026-03-15 16:26:00.113] [info] Core [0] Tile Stats | Issued: 313 Running: 1 Finished: 312
[2026-03-15 16:26:00.113] [info] cycle: [1096000]
[2026-03-15 16:26:00.113] [info] Tile  status Gemm, instructions left 1
[2026-03-15 16:26:00.113] [info] Core [1] Tile Stats | Issued: 314 Running: 1 Finished: 313
[2026-03-15 16:26:00.113] [info] cycle: [1096000]
[2026-03-15 16:26:00.113] [info] Tile  status Gemm, instructions left 1
[2026-03-15 16:26:00.113] [info] Core [2] Tile Stats | Issued: 314 Running: 1 Finished: 313
[2026-03-15 16:26:00.113] [info] cycle: [1096000]
[2026-03-15 16:26:00.113] [info] Tile  status Gemm, instructions left 1
[2026-03-15 16:26:00.113] [info] Core [3] Tile Stats | Issued: 313 Running: 1 Finished: 312
[2026-03-15 16:26:00.113] [info] cycle: [1096000]
[2026-03-15 16:26:00.430] [info] Layer /blocks.11/conv_proj/Gemm finish at 1100568
[2026-03-15 16:26:00.430] [info] Total compute time 61364
[2026-03-15 16:26:00.430] [info] executable layer count 71
[2026-03-15 16:26:00.430] [info] Start layer /blocks.11/Slice_2
[2026-03-15 16:26:00.495] [info] Layer /blocks.11/Slice_2 finish at 1101218
[2026-03-15 16:26:00.495] [info] Total compute time 650
[2026-03-15 16:26:00.495] [info] executable layer count 70
[2026-03-15 16:26:00.495] [info] Start layer /blocks.11/Reshape
[2026-03-15 16:26:00.826] [info] HBM2-CH_0: BW utilization 29% (2272 reads, 574 writes)
[2026-03-15 16:26:00.883] [info] Core [0] Tile Stats | Issued: 314 Running: 0 Finished: 314
[2026-03-15 16:26:00.883] [info] cycle: [1104000]
[2026-03-15 16:26:00.883] [info] Core [1] Tile Stats | Issued: 314 Running: 0 Finished: 314
[2026-03-15 16:26:00.883] [info] cycle: [1104000]
[2026-03-15 16:26:00.883] [info] Core [2] Tile Stats | Issued: 314 Running: 0 Finished: 314
[2026-03-15 16:26:00.883] [info] cycle: [1104000]
[2026-03-15 16:26:00.883] [info] Tile  status /blocks.11/Reshape, instructions left 1
[2026-03-15 16:26:00.883] [info] Core [3] Tile Stats | Issued: 314 Running: 1 Finished: 313
[2026-03-15 16:26:00.883] [info] cycle: [1104000]
[2026-03-15 16:26:00.911] [info] Layer /blocks.11/Reshape finish at 1104243
[2026-03-15 16:26:00.911] [info] Total compute time 3025
[2026-03-15 16:26:00.911] [info] executable layer count 69
[2026-03-15 16:26:00.911] [info] Start layer /blocks.12/conv_proj/Gemm
[2026-03-15 16:26:01.401] [info] HBM2-CH_0: BW utilization 66% (4909 reads, 1494 writes)
[2026-03-15 16:26:01.427] [info] Tile  status Gemm, instructions left 49
[2026-03-15 16:26:01.427] [info] Tile  status Gemm, instructions left 49
[2026-03-15 16:26:01.427] [info] Core [0] Tile Stats | Issued: 316 Running: 2 Finished: 314
[2026-03-15 16:26:01.427] [info] cycle: [1112000]
[2026-03-15 16:26:01.427] [info] Tile  status Gemm, instructions left 49
[2026-03-15 16:26:01.427] [info] Tile  status Gemm, instructions left 49
[2026-03-15 16:26:01.427] [info] Core [1] Tile Stats | Issued: 316 Running: 2 Finished: 314
[2026-03-15 16:26:01.427] [info] cycle: [1112000]
[2026-03-15 16:26:01.427] [info] Tile  status Gemm, instructions left 49
[2026-03-15 16:26:01.427] [info] Tile  status Gemm, instructions left 49
[2026-03-15 16:26:01.427] [info] Core [2] Tile Stats | Issued: 316 Running: 2 Finished: 314
[2026-03-15 16:26:01.427] [info] cycle: [1112000]
[2026-03-15 16:26:01.427] [info] Tile  status Gemm, instructions left 49
[2026-03-15 16:26:01.427] [info] Tile  status Gemm, instructions left 49
[2026-03-15 16:26:01.427] [info] Core [3] Tile Stats | Issued: 316 Running: 2 Finished: 314
[2026-03-15 16:26:01.427] [info] cycle: [1112000]
[2026-03-15 16:26:01.909] [info] HBM2-CH_0: BW utilization 70% (5957 reads, 816 writes)
[2026-03-15 16:26:01.945] [info] Tile  status Gemm, instructions left 49
[2026-03-15 16:26:01.945] [info] Tile  status Gemm, instructions left 49
[2026-03-15 16:26:01.945] [info] Core [0] Tile Stats | Issued: 316 Running: 2 Finished: 314
[2026-03-15 16:26:01.945] [info] cycle: [1120000]
[2026-03-15 16:26:01.945] [info] Tile  status Gemm, instructions left 49
[2026-03-15 16:26:01.945] [info] Tile  status Gemm, instructions left 49
[2026-03-15 16:26:01.945] [info] Core [1] Tile Stats | Issued: 316 Running: 2 Finished: 314
[2026-03-15 16:26:01.945] [info] cycle: [1120000]
[2026-03-15 16:26:01.945] [info] Tile  status Gemm, instructions left 49
[2026-03-15 16:26:01.945] [info] Tile  status Gemm, instructions left 49
[2026-03-15 16:26:01.945] [info] Core [2] Tile Stats | Issued: 316 Running: 2 Finished: 314
[2026-03-15 16:26:01.945] [info] cycle: [1120000]
[2026-03-15 16:26:01.945] [info] Tile  status Gemm, instructions left 49
[2026-03-15 16:26:01.945] [info] Tile  status Gemm, instructions left 49
[2026-03-15 16:26:01.945] [info] Core [3] Tile Stats | Issued: 316 Running: 2 Finished: 314
[2026-03-15 16:26:01.945] [info] cycle: [1120000]
[2026-03-15 16:26:02.490] [info] HBM2-CH_0: BW utilization 74% (7188 reads, 0 writes)
[2026-03-15 16:26:02.518] [info] Tile  status Gemm, instructions left 1
[2026-03-15 16:26:02.518] [info] Tile  status Gemm, instructions left 49
[2026-03-15 16:26:02.518] [info] Core [0] Tile Stats | Issued: 316 Running: 2 Finished: 314
[2026-03-15 16:26:02.518] [info] cycle: [1128000]
[2026-03-15 16:26:02.518] [info] Tile  status Gemm, instructions left 1
[2026-03-15 16:26:02.518] [info] Tile  status Gemm, instructions left 49
[2026-03-15 16:26:02.518] [info] Core [1] Tile Stats | Issued: 316 Running: 2 Finished: 314
[2026-03-15 16:26:02.518] [info] cycle: [1128000]
[2026-03-15 16:26:02.518] [info] Tile  status Gemm, instructions left 1
[2026-03-15 16:26:02.518] [info] Tile  status Gemm, instructions left 49
[2026-03-15 16:26:02.518] [info] Core [2] Tile Stats | Issued: 316 Running: 2 Finished: 314
[2026-03-15 16:26:02.518] [info] cycle: [1128000]
[2026-03-15 16:26:02.518] [info] Tile  status Gemm, instructions left 49
[2026-03-15 16:26:02.518] [info] Tile  status Gemm, instructions left 49
[2026-03-15 16:26:02.518] [info] Core [3] Tile Stats | Issued: 316 Running: 2 Finished: 314
[2026-03-15 16:26:02.518] [info] cycle: [1128000]
[2026-03-15 16:26:03.061] [info] HBM2-CH_0: BW utilization 74% (7174 reads, 0 writes)
[2026-03-15 16:26:03.096] [info] Tile  status Gemm, instructions left 49
[2026-03-15 16:26:03.096] [info] Tile  status Gemm, instructions left 49
[2026-03-15 16:26:03.096] [info] Core [0] Tile Stats | Issued: 317 Running: 2 Finished: 315
[2026-03-15 16:26:03.096] [info] cycle: [1136000]
[2026-03-15 16:26:03.096] [info] Tile  status Gemm, instructions left 49
[2026-03-15 16:26:03.096] [info] Tile  status Gemm, instructions left 49
[2026-03-15 16:26:03.096] [info] Core [1] Tile Stats | Issued: 317 Running: 2 Finished: 315
[2026-03-15 16:26:03.096] [info] cycle: [1136000]
[2026-03-15 16:26:03.096] [info] Tile  status Gemm, instructions left 49
[2026-03-15 16:26:03.096] [info] Tile  status Gemm, instructions left 49
[2026-03-15 16:26:03.096] [info] Core [2] Tile Stats | Issued: 317 Running: 2 Finished: 315
[2026-03-15 16:26:03.096] [info] cycle: [1136000]
[2026-03-15 16:26:03.096] [info] Tile  status Gemm, instructions left 1
[2026-03-15 16:26:03.096] [info] Tile  status Gemm, instructions left 49
[2026-03-15 16:26:03.096] [info] Core [3] Tile Stats | Issued: 316 Running: 2 Finished: 314
[2026-03-15 16:26:03.096] [info] cycle: [1136000]
[2026-03-15 16:26:03.674] [info] HBM2-CH_0: BW utilization 78% (7456 reads, 40 writes)
[2026-03-15 16:26:03.707] [info] Tile  status Gemm, instructions left 1
[2026-03-15 16:26:03.707] [info] Tile  status Gemm, instructions left 49
[2026-03-15 16:26:03.707] [info] Core [0] Tile Stats | Issued: 317 Running: 2 Finished: 315
[2026-03-15 16:26:03.707] [info] cycle: [1144000]
[2026-03-15 16:26:03.707] [info] Tile  status Gemm, instructions left 1
[2026-03-15 16:26:03.707] [info] Tile  status Gemm, instructions left 49
[2026-03-15 16:26:03.707] [info] Core [1] Tile Stats | Issued: 317 Running: 2 Finished: 315
[2026-03-15 16:26:03.707] [info] cycle: [1144000]
[2026-03-15 16:26:03.707] [info] Tile  status Gemm, instructions left 1
[2026-03-15 16:26:03.707] [info] Tile  status Gemm, instructions left 49
[2026-03-15 16:26:03.707] [info] Core [2] Tile Stats | Issued: 317 Running: 2 Finished: 315
[2026-03-15 16:26:03.707] [info] cycle: [1144000]
[2026-03-15 16:26:03.707] [info] Tile  status Gemm, instructions left 49
[2026-03-15 16:26:03.707] [info] Tile  status Gemm, instructions left 49
[2026-03-15 16:26:03.707] [info] Core [3] Tile Stats | Issued: 317 Running: 2 Finished: 315
[2026-03-15 16:26:03.707] [info] cycle: [1144000]
[2026-03-15 16:26:04.866] [info] HBM2-CH_0: BW utilization 72% (6977 reads, 0 writes)
[2026-03-15 16:26:04.996] [info] Tile  status Gemm, instructions left 49
[2026-03-15 16:26:04.996] [info] Core [0] Tile Stats | Issued: 317 Running: 1 Finished: 316
[2026-03-15 16:26:04.996] [info] cycle: [1152000]
[2026-03-15 16:26:04.996] [info] Tile  status Gemm, instructions left 49
[2026-03-15 16:26:04.996] [info] Core [1] Tile Stats | Issued: 317 Running: 1 Finished: 316
[2026-03-15 16:26:04.996] [info] cycle: [1152000]
[2026-03-15 16:26:04.996] [info] Tile  status Gemm, instructions left 49
[2026-03-15 16:26:04.996] [info] Core [2] Tile Stats | Issued: 317 Running: 1 Finished: 316
[2026-03-15 16:26:04.996] [info] cycle: [1152000]
[2026-03-15 16:26:04.996] [info] Tile  status Gemm, instructions left 1
[2026-03-15 16:26:04.996] [info] Tile  status Gemm, instructions left 49
[2026-03-15 16:26:04.996] [info] Core [3] Tile Stats | Issued: 317 Running: 2 Finished: 315
[2026-03-15 16:26:04.996] [info] cycle: [1152000]
[2026-03-15 16:26:05.874] [info] HBM2-CH_0: BW utilization 50% (4729 reads, 101 writes)
[2026-03-15 16:26:05.906] [info] Tile  status Gemm, instructions left 1
[2026-03-15 16:26:05.906] [info] Core [0] Tile Stats | Issued: 317 Running: 1 Finished: 316
[2026-03-15 16:26:05.906] [info] cycle: [1160000]
[2026-03-15 16:26:05.906] [info] Tile  status Gemm, instructions left 1
[2026-03-15 16:26:05.906] [info] Core [1] Tile Stats | Issued: 317 Running: 1 Finished: 316
[2026-03-15 16:26:05.906] [info] cycle: [1160000]
[2026-03-15 16:26:05.906] [info] Tile  status Gemm, instructions left 1
[2026-03-15 16:26:05.906] [info] Core [2] Tile Stats | Issued: 317 Running: 1 Finished: 316
[2026-03-15 16:26:05.906] [info] cycle: [1160000]
[2026-03-15 16:26:05.906] [info] Tile  status Gemm, instructions left 1
[2026-03-15 16:26:05.906] [info] Core [3] Tile Stats | Issued: 317 Running: 1 Finished: 316
[2026-03-15 16:26:05.906] [info] cycle: [1160000]
[2026-03-15 16:26:06.202] [info] Layer /blocks.12/conv_proj/Gemm finish at 1163439
[2026-03-15 16:26:06.202] [info] Total compute time 59196
[2026-03-15 16:26:06.202] [info] executable layer count 69
[2026-03-15 16:26:06.202] [info] Start layer /blocks.12/Slice_2
[2026-03-15 16:26:06.270] [info] Layer /blocks.12/Slice_2 finish at 1164087
[2026-03-15 16:26:06.270] [info] Total compute time 648
[2026-03-15 16:26:06.270] [info] executable layer count 68
[2026-03-15 16:26:06.270] [info] Start layer /blocks.12/Reshape
[2026-03-15 16:26:06.785] [info] Layer /blocks.12/Reshape finish at 1167101
[2026-03-15 16:26:06.785] [info] Total compute time 3014
[2026-03-15 16:26:06.785] [info] executable layer count 67
[2026-03-15 16:26:06.785] [info] Start layer /blocks.13/conv_proj/Gemm
[2026-03-15 16:26:06.831] [info] HBM2-CH_0: BW utilization 39% (3084 reads, 712 writes)
[2026-03-15 16:26:06.880] [info] Tile  status Gemm, instructions left 49
[2026-03-15 16:26:06.880] [info] Tile  status Gemm, instructions left 49
[2026-03-15 16:26:06.880] [info] Core [0] Tile Stats | Issued: 319 Running: 2 Finished: 317
[2026-03-15 16:26:06.880] [info] cycle: [1168000]
[2026-03-15 16:26:06.880] [info] Tile  status Gemm, instructions left 49
[2026-03-15 16:26:06.880] [info] Tile  status Gemm, instructions left 49
[2026-03-15 16:26:06.880] [info] Core [1] Tile Stats | Issued: 320 Running: 2 Finished: 318
[2026-03-15 16:26:06.880] [info] cycle: [1168000]
[2026-03-15 16:26:06.880] [info] Tile  status Gemm, instructions left 49
[2026-03-15 16:26:06.880] [info] Tile  status Gemm, instructions left 49
[2026-03-15 16:26:06.880] [info] Core [2] Tile Stats | Issued: 320 Running: 2 Finished: 318
[2026-03-15 16:26:06.880] [info] cycle: [1168000]
[2026-03-15 16:26:06.880] [info] Tile  status Gemm, instructions left 49
[2026-03-15 16:26:06.880] [info] Tile  status Gemm, instructions left 49
[2026-03-15 16:26:06.880] [info] Core [3] Tile Stats | Issued: 319 Running: 2 Finished: 317
[2026-03-15 16:26:06.880] [info] cycle: [1168000]
[2026-03-15 16:26:07.400] [info] HBM2-CH_0: BW utilization 68% (4946 reads, 1632 writes)
[2026-03-15 16:26:07.430] [info] Tile  status Gemm, instructions left 49
[2026-03-15 16:26:07.430] [info] Tile  status Gemm, instructions left 49
[2026-03-15 16:26:07.430] [info] Core [0] Tile Stats | Issued: 319 Running: 2 Finished: 317
[2026-03-15 16:26:07.430] [info] cycle: [1176000]
[2026-03-15 16:26:07.430] [info] Tile  status Gemm, instructions left 49
[2026-03-15 16:26:07.430] [info] Tile  status Gemm, instructions left 49
[2026-03-15 16:26:07.430] [info] Core [1] Tile Stats | Issued: 320 Running: 2 Finished: 318
[2026-03-15 16:26:07.430] [info] cycle: [1176000]
[2026-03-15 16:26:07.430] [info] Tile  status Gemm, instructions left 49
[2026-03-15 16:26:07.430] [info] Tile  status Gemm, instructions left 49
[2026-03-15 16:26:07.430] [info] Core [2] Tile Stats | Issued: 320 Running: 2 Finished: 318
[2026-03-15 16:26:07.430] [info] cycle: [1176000]
[2026-03-15 16:26:07.430] [info] Tile  status Gemm, instructions left 49
[2026-03-15 16:26:07.430] [info] Tile  status Gemm, instructions left 49
[2026-03-15 16:26:07.430] [info] Core [3] Tile Stats | Issued: 319 Running: 2 Finished: 317
[2026-03-15 16:26:07.430] [info] cycle: [1176000]
[2026-03-15 16:26:08.079] [info] HBM2-CH_0: BW utilization 77% (6877 reads, 573 writes)
[2026-03-15 16:26:08.117] [info] Tile  status Gemm, instructions left 49
[2026-03-15 16:26:08.117] [info] Tile  status Gemm, instructions left 49
[2026-03-15 16:26:08.117] [info] Core [0] Tile Stats | Issued: 319 Running: 2 Finished: 317
[2026-03-15 16:26:08.117] [info] cycle: [1184000]
[2026-03-15 16:26:08.117] [info] Tile  status Gemm, instructions left 49
[2026-03-15 16:26:08.117] [info] Tile  status Gemm, instructions left 49
[2026-03-15 16:26:08.117] [info] Core [1] Tile Stats | Issued: 320 Running: 2 Finished: 318
[2026-03-15 16:26:08.117] [info] cycle: [1184000]
[2026-03-15 16:26:08.117] [info] Tile  status Gemm, instructions left 49
[2026-03-15 16:26:08.117] [info] Tile  status Gemm, instructions left 49
[2026-03-15 16:26:08.117] [info] Core [2] Tile Stats | Issued: 320 Running: 2 Finished: 318
[2026-03-15 16:26:08.117] [info] cycle: [1184000]
[2026-03-15 16:26:08.117] [info] Tile  status Gemm, instructions left 49
[2026-03-15 16:26:08.117] [info] Tile  status Gemm, instructions left 49
[2026-03-15 16:26:08.117] [info] Core [3] Tile Stats | Issued: 319 Running: 2 Finished: 317
[2026-03-15 16:26:08.117] [info] cycle: [1184000]
[2026-03-15 16:26:08.838] [info] HBM2-CH_0: BW utilization 71% (6843 reads, 0 writes)
[2026-03-15 16:26:08.884] [info] Tile  status Gemm, instructions left 49
[2026-03-15 16:26:08.884] [info] Tile  status Gemm, instructions left 49
[2026-03-15 16:26:08.884] [info] Core [0] Tile Stats | Issued: 320 Running: 2 Finished: 318
[2026-03-15 16:26:08.884] [info] cycle: [1192000]
[2026-03-15 16:26:08.884] [info] Tile  status Gemm, instructions left 49
[2026-03-15 16:26:08.884] [info] Tile  status Gemm, instructions left 49
[2026-03-15 16:26:08.884] [info] Core [1] Tile Stats | Issued: 320 Running: 2 Finished: 318
[2026-03-15 16:26:08.884] [info] cycle: [1192000]
[2026-03-15 16:26:08.884] [info] Tile  status Gemm, instructions left 49
[2026-03-15 16:26:08.884] [info] Tile  status Gemm, instructions left 49
[2026-03-15 16:26:08.884] [info] Core [2] Tile Stats | Issued: 321 Running: 2 Finished: 319
[2026-03-15 16:26:08.884] [info] cycle: [1192000]
[2026-03-15 16:26:08.884] [info] Tile  status Gemm, instructions left 49
[2026-03-15 16:26:08.884] [info] Tile  status Gemm, instructions left 49
[2026-03-15 16:26:08.884] [info] Core [3] Tile Stats | Issued: 320 Running: 2 Finished: 318
[2026-03-15 16:26:08.884] [info] cycle: [1192000]
[2026-03-15 16:26:09.492] [info] HBM2-CH_0: BW utilization 69% (6664 reads, 0 writes)
[2026-03-15 16:26:09.527] [info] Tile  status Gemm, instructions left 49
[2026-03-15 16:26:09.527] [info] Tile  status Gemm, instructions left 49
[2026-03-15 16:26:09.527] [info] Core [0] Tile Stats | Issued: 320 Running: 2 Finished: 318
[2026-03-15 16:26:09.527] [info] cycle: [1200000]
[2026-03-15 16:26:09.527] [info] Tile  status Gemm, instructions left 1
[2026-03-15 16:26:09.527] [info] Tile  status Gemm, instructions left 49
[2026-03-15 16:26:09.527] [info] Core [1] Tile Stats | Issued: 320 Running: 2 Finished: 318
[2026-03-15 16:26:09.527] [info] cycle: [1200000]
[2026-03-15 16:26:09.527] [info] Tile  status Gemm, instructions left 49
[2026-03-15 16:26:09.527] [info] Tile  status Gemm, instructions left 49
[2026-03-15 16:26:09.527] [info] Core [2] Tile Stats | Issued: 321 Running: 2 Finished: 319
[2026-03-15 16:26:09.527] [info] cycle: [1200000]
[2026-03-15 16:26:09.527] [info] Tile  status Gemm, instructions left 49
[2026-03-15 16:26:09.527] [info] Tile  status Gemm, instructions left 49
[2026-03-15 16:26:09.527] [info] Core [3] Tile Stats | Issued: 320 Running: 2 Finished: 318
[2026-03-15 16:26:09.527] [info] cycle: [1200000]
[2026-03-15 16:26:10.289] [info] HBM2-CH_0: BW utilization 70% (6747 reads, 0 writes)
[2026-03-15 16:26:10.325] [info] Tile  status Gemm, instructions left 1
[2026-03-15 16:26:10.325] [info] Tile  status Gemm, instructions left 49
[2026-03-15 16:26:10.325] [info] Core [0] Tile Stats | Issued: 320 Running: 2 Finished: 318
[2026-03-15 16:26:10.325] [info] cycle: [1208000]
[2026-03-15 16:26:10.325] [info] Tile  status Gemm, instructions left 49
[2026-03-15 16:26:10.325] [info] Tile  status Gemm, instructions left 49
[2026-03-15 16:26:10.325] [info] Core [1] Tile Stats | Issued: 321 Running: 2 Finished: 319
[2026-03-15 16:26:10.325] [info] cycle: [1208000]
[2026-03-15 16:26:10.325] [info] Tile  status Gemm, instructions left 1
[2026-03-15 16:26:10.325] [info] Tile  status Gemm, instructions left 49
[2026-03-15 16:26:10.325] [info] Core [2] Tile Stats | Issued: 321 Running: 2 Finished: 319
[2026-03-15 16:26:10.325] [info] cycle: [1208000]
[2026-03-15 16:26:10.326] [info] Tile  status Gemm, instructions left 1
[2026-03-15 16:26:10.326] [info] Tile  status Gemm, instructions left 49
[2026-03-15 16:26:10.326] [info] Core [3] Tile Stats | Issued: 320 Running: 2 Finished: 318
[2026-03-15 16:26:10.326] [info] cycle: [1208000]
[2026-03-15 16:26:11.518] [info] HBM2-CH_0: BW utilization 66% (6350 reads, 40 writes)
[2026-03-15 16:26:11.666] [info] Tile  status Gemm, instructions left 49
[2026-03-15 16:26:11.666] [info] Core [0] Tile Stats | Issued: 320 Running: 1 Finished: 319
[2026-03-15 16:26:11.666] [info] cycle: [1216000]
[2026-03-15 16:26:11.666] [info] Tile  status Gemm, instructions left 1
[2026-03-15 16:26:11.666] [info] Tile  status Gemm, instructions left 49
[2026-03-15 16:26:11.666] [info] Core [1] Tile Stats | Issued: 321 Running: 2 Finished: 319
[2026-03-15 16:26:11.666] [info] cycle: [1216000]
[2026-03-15 16:26:11.666] [info] Tile  status Gemm, instructions left 49
[2026-03-15 16:26:11.666] [info] Core [2] Tile Stats | Issued: 321 Running: 1 Finished: 320
[2026-03-15 16:26:11.666] [info] cycle: [1216000]
[2026-03-15 16:26:11.666] [info] Tile  status Gemm, instructions left 49
[2026-03-15 16:26:11.666] [info] Core [3] Tile Stats | Issued: 320 Running: 1 Finished: 319
[2026-03-15 16:26:11.666] [info] cycle: [1216000]
[2026-03-15 16:26:12.638] [info] HBM2-CH_0: BW utilization 54% (5139 reads, 68 writes)
[2026-03-15 16:26:12.671] [info] Tile  status Gemm, instructions left 1
[2026-03-15 16:26:12.671] [info] Core [0] Tile Stats | Issued: 320 Running: 1 Finished: 319
[2026-03-15 16:26:12.671] [info] cycle: [1224000]
[2026-03-15 16:26:12.671] [info] Tile  status Gemm, instructions left 1
[2026-03-15 16:26:12.671] [info] Core [1] Tile Stats | Issued: 321 Running: 1 Finished: 320
[2026-03-15 16:26:12.671] [info] cycle: [1224000]
[2026-03-15 16:26:12.671] [info] Tile  status Gemm, instructions left 1
[2026-03-15 16:26:12.671] [info] Core [2] Tile Stats | Issued: 321 Running: 1 Finished: 320
[2026-03-15 16:26:12.671] [info] cycle: [1224000]
[2026-03-15 16:26:12.671] [info] Tile  status Gemm, instructions left 1
[2026-03-15 16:26:12.671] [info] Core [3] Tile Stats | Issued: 320 Running: 1 Finished: 319
[2026-03-15 16:26:12.671] [info] cycle: [1224000]
[2026-03-15 16:26:12.967] [info] Layer /blocks.13/conv_proj/Gemm finish at 1228132
[2026-03-15 16:26:12.967] [info] Total compute time 61031
[2026-03-15 16:26:12.967] [info] executable layer count 67
[2026-03-15 16:26:12.967] [info] Start layer /blocks.13/Slice_2
[2026-03-15 16:26:13.038] [info] Layer /blocks.13/Slice_2 finish at 1228782
[2026-03-15 16:26:13.038] [info] Total compute time 650
[2026-03-15 16:26:13.038] [info] executable layer count 66
[2026-03-15 16:26:13.038] [info] Start layer /blocks.13/Reshape
[2026-03-15 16:26:13.446] [info] HBM2-CH_0: BW utilization 34% (2656 reads, 612 writes)
[2026-03-15 16:26:13.482] [info] Layer /blocks.13/Reshape finish at 1231792
[2026-03-15 16:26:13.482] [info] Total compute time 3010
[2026-03-15 16:26:13.482] [info] executable layer count 65
[2026-03-15 16:26:13.482] [info] Start layer /blocks.14/conv_proj/Gemm
[2026-03-15 16:26:13.499] [info] Tile  status Gemm, instructions left 49
[2026-03-15 16:26:13.499] [info] Tile  status Gemm, instructions left 49
[2026-03-15 16:26:13.499] [info] Core [0] Tile Stats | Issued: 323 Running: 2 Finished: 321
[2026-03-15 16:26:13.499] [info] cycle: [1232000]
[2026-03-15 16:26:13.499] [info] Tile  status Gemm, instructions left 49
[2026-03-15 16:26:13.499] [info] Tile  status Gemm, instructions left 49
[2026-03-15 16:26:13.499] [info] Core [1] Tile Stats | Issued: 323 Running: 2 Finished: 321
[2026-03-15 16:26:13.499] [info] cycle: [1232000]
[2026-03-15 16:26:13.499] [info] Tile  status Gemm, instructions left 49
[2026-03-15 16:26:13.499] [info] Tile  status Gemm, instructions left 49
[2026-03-15 16:26:13.499] [info] Core [2] Tile Stats | Issued: 323 Running: 2 Finished: 321
[2026-03-15 16:26:13.499] [info] cycle: [1232000]
[2026-03-15 16:26:13.499] [info] Tile  status Gemm, instructions left 49
[2026-03-15 16:26:13.499] [info] Tile  status Gemm, instructions left 49
[2026-03-15 16:26:13.499] [info] Core [3] Tile Stats | Issued: 323 Running: 2 Finished: 321
[2026-03-15 16:26:13.499] [info] cycle: [1232000]
[2026-03-15 16:26:14.012] [info] HBM2-CH_0: BW utilization 65% (4791 reads, 1508 writes)
[2026-03-15 16:26:14.043] [info] Tile  status Gemm, instructions left 49
[2026-03-15 16:26:14.043] [info] Tile  status Gemm, instructions left 49
[2026-03-15 16:26:14.043] [info] Core [0] Tile Stats | Issued: 323 Running: 2 Finished: 321
[2026-03-15 16:26:14.043] [info] cycle: [1240000]
[2026-03-15 16:26:14.043] [info] Tile  status Gemm, instructions left 49
[2026-03-15 16:26:14.043] [info] Tile  status Gemm, instructions left 49
[2026-03-15 16:26:14.043] [info] Core [1] Tile Stats | Issued: 323 Running: 2 Finished: 321
[2026-03-15 16:26:14.043] [info] cycle: [1240000]
[2026-03-15 16:26:14.043] [info] Tile  status Gemm, instructions left 49
[2026-03-15 16:26:14.043] [info] Tile  status Gemm, instructions left 49
[2026-03-15 16:26:14.043] [info] Core [2] Tile Stats | Issued: 323 Running: 2 Finished: 321
[2026-03-15 16:26:14.043] [info] cycle: [1240000]
[2026-03-15 16:26:14.043] [info] Tile  status Gemm, instructions left 49
[2026-03-15 16:26:14.043] [info] Tile  status Gemm, instructions left 49
[2026-03-15 16:26:14.043] [info] Core [3] Tile Stats | Issued: 323 Running: 2 Finished: 321
[2026-03-15 16:26:14.043] [info] cycle: [1240000]
[2026-03-15 16:26:14.640] [info] HBM2-CH_0: BW utilization 73% (6241 reads, 767 writes)
[2026-03-15 16:26:14.684] [info] Tile  status Gemm, instructions left 49
[2026-03-15 16:26:14.684] [info] Tile  status Gemm, instructions left 49
[2026-03-15 16:26:14.684] [info] Core [0] Tile Stats | Issued: 323 Running: 2 Finished: 321
[2026-03-15 16:26:14.684] [info] cycle: [1248000]
[2026-03-15 16:26:14.684] [info] Tile  status Gemm, instructions left 49
[2026-03-15 16:26:14.684] [info] Tile  status Gemm, instructions left 49
[2026-03-15 16:26:14.684] [info] Core [1] Tile Stats | Issued: 323 Running: 2 Finished: 321
[2026-03-15 16:26:14.684] [info] cycle: [1248000]
[2026-03-15 16:26:14.684] [info] Tile  status Gemm, instructions left 49
[2026-03-15 16:26:14.684] [info] Tile  status Gemm, instructions left 49
[2026-03-15 16:26:14.684] [info] Core [2] Tile Stats | Issued: 323 Running: 2 Finished: 321
[2026-03-15 16:26:14.684] [info] cycle: [1248000]
[2026-03-15 16:26:14.684] [info] Tile  status Gemm, instructions left 49
[2026-03-15 16:26:14.684] [info] Tile  status Gemm, instructions left 49
[2026-03-15 16:26:14.684] [info] Core [3] Tile Stats | Issued: 323 Running: 2 Finished: 321
[2026-03-15 16:26:14.684] [info] cycle: [1248000]
[2026-03-15 16:26:15.331] [info] HBM2-CH_0: BW utilization 76% (7312 reads, 0 writes)
[2026-03-15 16:26:15.370] [info] Tile  status Gemm, instructions left 1
[2026-03-15 16:26:15.370] [info] Tile  status Gemm, instructions left 49
[2026-03-15 16:26:15.370] [info] Core [0] Tile Stats | Issued: 323 Running: 2 Finished: 321
[2026-03-15 16:26:15.370] [info] cycle: [1256000]
[2026-03-15 16:26:15.370] [info] Tile  status Gemm, instructions left 1
[2026-03-15 16:26:15.370] [info] Tile  status Gemm, instructions left 49
[2026-03-15 16:26:15.370] [info] Core [1] Tile Stats | Issued: 323 Running: 2 Finished: 321
[2026-03-15 16:26:15.370] [info] cycle: [1256000]
[2026-03-15 16:26:15.370] [info] Tile  status Gemm, instructions left 1
[2026-03-15 16:26:15.370] [info] Tile  status Gemm, instructions left 49
[2026-03-15 16:26:15.370] [info] Core [2] Tile Stats | Issued: 323 Running: 2 Finished: 321
[2026-03-15 16:26:15.370] [info] cycle: [1256000]
[2026-03-15 16:26:15.370] [info] Tile  status Gemm, instructions left 49
[2026-03-15 16:26:15.370] [info] Tile  status Gemm, instructions left 49
[2026-03-15 16:26:15.370] [info] Core [3] Tile Stats | Issued: 323 Running: 2 Finished: 321
[2026-03-15 16:26:15.370] [info] cycle: [1256000]
[2026-03-15 16:26:16.058] [info] HBM2-CH_0: BW utilization 77% (7440 reads, 0 writes)
[2026-03-15 16:26:16.101] [info] Tile  status Gemm, instructions left 49
[2026-03-15 16:26:16.101] [info] Tile  status Gemm, instructions left 49
[2026-03-15 16:26:16.101] [info] Core [0] Tile Stats | Issued: 324 Running: 2 Finished: 322
[2026-03-15 16:26:16.101] [info] cycle: [1264000]
[2026-03-15 16:26:16.101] [info] Tile  status Gemm, instructions left 49
[2026-03-15 16:26:16.101] [info] Tile  status Gemm, instructions left 49
[2026-03-15 16:26:16.101] [info] Core [1] Tile Stats | Issued: 324 Running: 2 Finished: 322
[2026-03-15 16:26:16.101] [info] cycle: [1264000]
[2026-03-15 16:26:16.101] [info] Tile  status Gemm, instructions left 49
[2026-03-15 16:26:16.101] [info] Tile  status Gemm, instructions left 49
[2026-03-15 16:26:16.101] [info] Core [2] Tile Stats | Issued: 324 Running: 2 Finished: 322
[2026-03-15 16:26:16.101] [info] cycle: [1264000]
[2026-03-15 16:26:16.101] [info] Tile  status Gemm, instructions left 1
[2026-03-15 16:26:16.101] [info] Tile  status Gemm, instructions left 49
[2026-03-15 16:26:16.101] [info] Core [3] Tile Stats | Issued: 323 Running: 2 Finished: 321
[2026-03-15 16:26:16.101] [info] cycle: [1264000]
[2026-03-15 16:26:16.764] [info] HBM2-CH_0: BW utilization 73% (6979 reads, 42 writes)
[2026-03-15 16:26:16.816] [info] Tile  status Gemm, instructions left 49
[2026-03-15 16:26:16.816] [info] Core [0] Tile Stats | Issued: 324 Running: 1 Finished: 323
[2026-03-15 16:26:16.816] [info] cycle: [1272000]
[2026-03-15 16:26:16.816] [info] Tile  status Gemm, instructions left 49
[2026-03-15 16:26:16.816] [info] Core [1] Tile Stats | Issued: 324 Running: 1 Finished: 323
[2026-03-15 16:26:16.816] [info] cycle: [1272000]
[2026-03-15 16:26:16.816] [info] Tile  status Gemm, instructions left 49
[2026-03-15 16:26:16.816] [info] Core [2] Tile Stats | Issued: 324 Running: 1 Finished: 323
[2026-03-15 16:26:16.816] [info] cycle: [1272000]
[2026-03-15 16:26:16.816] [info] Tile  status Gemm, instructions left 49
[2026-03-15 16:26:16.816] [info] Tile  status Gemm, instructions left 49
[2026-03-15 16:26:16.816] [info] Core [3] Tile Stats | Issued: 324 Running: 2 Finished: 322
[2026-03-15 16:26:16.816] [info] cycle: [1272000]
[2026-03-15 16:26:18.021] [info] HBM2-CH_0: BW utilization 69% (6626 reads, 40 writes)
[2026-03-15 16:26:18.118] [info] Tile  status Gemm, instructions left 49
[2026-03-15 16:26:18.118] [info] Core [0] Tile Stats | Issued: 324 Running: 1 Finished: 323
[2026-03-15 16:26:18.118] [info] cycle: [1280000]
[2026-03-15 16:26:18.118] [info] Tile  status Gemm, instructions left 49
[2026-03-15 16:26:18.118] [info] Core [1] Tile Stats | Issued: 324 Running: 1 Finished: 323
[2026-03-15 16:26:18.118] [info] cycle: [1280000]
[2026-03-15 16:26:18.118] [info] Tile  status Gemm, instructions left 49
[2026-03-15 16:26:18.118] [info] Core [2] Tile Stats | Issued: 324 Running: 1 Finished: 323
[2026-03-15 16:26:18.118] [info] cycle: [1280000]
[2026-03-15 16:26:18.118] [info] Tile  status Gemm, instructions left 1
[2026-03-15 16:26:18.118] [info] Tile  status Gemm, instructions left 49
[2026-03-15 16:26:18.119] [info] Core [3] Tile Stats | Issued: 324 Running: 2 Finished: 322
[2026-03-15 16:26:18.119] [info] cycle: [1280000]
[2026-03-15 16:26:18.926] [info] HBM2-CH_0: BW utilization 48% (4616 reads, 57 writes)
[2026-03-15 16:26:18.956] [info] Tile  status Gemm, instructions left 1
[2026-03-15 16:26:18.956] [info] Core [0] Tile Stats | Issued: 324 Running: 1 Finished: 323
[2026-03-15 16:26:18.956] [info] cycle: [1288000]
[2026-03-15 16:26:18.956] [info] Tile  status Gemm, instructions left 1
[2026-03-15 16:26:18.956] [info] Core [1] Tile Stats | Issued: 324 Running: 1 Finished: 323
[2026-03-15 16:26:18.956] [info] cycle: [1288000]
[2026-03-15 16:26:18.956] [info] Tile  status Gemm, instructions left 1
[2026-03-15 16:26:18.956] [info] Core [2] Tile Stats | Issued: 324 Running: 1 Finished: 323
[2026-03-15 16:26:18.956] [info] cycle: [1288000]
[2026-03-15 16:26:18.956] [info] Tile  status Gemm, instructions left 1
[2026-03-15 16:26:18.956] [info] Core [3] Tile Stats | Issued: 324 Running: 1 Finished: 323
[2026-03-15 16:26:18.956] [info] cycle: [1288000]
[2026-03-15 16:26:19.166] [info] Layer /blocks.14/conv_proj/Gemm finish at 1291188
[2026-03-15 16:26:19.166] [info] Total compute time 59396
[2026-03-15 16:26:19.166] [info] executable layer count 65
[2026-03-15 16:26:19.166] [info] Start layer /blocks.14/Slice_2
[2026-03-15 16:26:19.232] [info] Layer /blocks.14/Slice_2 finish at 1291838
[2026-03-15 16:26:19.232] [info] Total compute time 650
[2026-03-15 16:26:19.232] [info] executable layer count 64
[2026-03-15 16:26:19.232] [info] Start layer /blocks.14/Reshape
[2026-03-15 16:26:19.619] [info] Layer /blocks.14/Reshape finish at 1294836
[2026-03-15 16:26:19.619] [info] Total compute time 2998
[2026-03-15 16:26:19.619] [info] executable layer count 63
[2026-03-15 16:26:19.619] [info] Start layer /blocks.15/conv_proj/Gemm
[2026-03-15 16:26:19.661] [info] HBM2-CH_0: BW utilization 41% (3242 reads, 712 writes)
[2026-03-15 16:26:19.693] [info] Tile  status Gemm, instructions left 49
[2026-03-15 16:26:19.693] [info] Tile  status Gemm, instructions left 49
[2026-03-15 16:26:19.693] [info] Core [0] Tile Stats | Issued: 326 Running: 2 Finished: 324
[2026-03-15 16:26:19.693] [info] cycle: [1296000]
[2026-03-15 16:26:19.693] [info] Tile  status Gemm, instructions left 49
[2026-03-15 16:26:19.693] [info] Tile  status Gemm, instructions left 49
[2026-03-15 16:26:19.693] [info] Core [1] Tile Stats | Issued: 327 Running: 2 Finished: 325
[2026-03-15 16:26:19.693] [info] cycle: [1296000]
[2026-03-15 16:26:19.693] [info] Tile  status Gemm, instructions left 49
[2026-03-15 16:26:19.693] [info] Tile  status Gemm, instructions left 49
[2026-03-15 16:26:19.693] [info] Core [2] Tile Stats | Issued: 327 Running: 2 Finished: 325
[2026-03-15 16:26:19.693] [info] cycle: [1296000]
[2026-03-15 16:26:19.693] [info] Tile  status Gemm, instructions left 49
[2026-03-15 16:26:19.693] [info] Tile  status Gemm, instructions left 49
[2026-03-15 16:26:19.693] [info] Core [3] Tile Stats | Issued: 326 Running: 2 Finished: 324
[2026-03-15 16:26:19.693] [info] cycle: [1296000]
[2026-03-15 16:26:20.164] [info] HBM2-CH_0: BW utilization 67% (4851 reads, 1631 writes)
[2026-03-15 16:26:20.196] [info] Tile  status Gemm, instructions left 49
[2026-03-15 16:26:20.196] [info] Tile  status Gemm, instructions left 49
[2026-03-15 16:26:20.196] [info] Core [0] Tile Stats | Issued: 326 Running: 2 Finished: 324
[2026-03-15 16:26:20.196] [info] cycle: [1304000]
[2026-03-15 16:26:20.196] [info] Tile  status Gemm, instructions left 49
[2026-03-15 16:26:20.196] [info] Tile  status Gemm, instructions left 49
[2026-03-15 16:26:20.196] [info] Core [1] Tile Stats | Issued: 327 Running: 2 Finished: 325
[2026-03-15 16:26:20.196] [info] cycle: [1304000]
[2026-03-15 16:26:20.196] [info] Tile  status Gemm, instructions left 49
[2026-03-15 16:26:20.196] [info] Tile  status Gemm, instructions left 49
[2026-03-15 16:26:20.196] [info] Core [2] Tile Stats | Issued: 327 Running: 2 Finished: 325
[2026-03-15 16:26:20.196] [info] cycle: [1304000]
[2026-03-15 16:26:20.196] [info] Tile  status Gemm, instructions left 49
[2026-03-15 16:26:20.196] [info] Tile  status Gemm, instructions left 49
[2026-03-15 16:26:20.196] [info] Core [3] Tile Stats | Issued: 326 Running: 2 Finished: 324
[2026-03-15 16:26:20.196] [info] cycle: [1304000]
[2026-03-15 16:26:20.729] [info] HBM2-CH_0: BW utilization 79% (7033 reads, 571 writes)
[2026-03-15 16:26:20.767] [info] Tile  status Gemm, instructions left 49
[2026-03-15 16:26:20.767] [info] Tile  status Gemm, instructions left 49
[2026-03-15 16:26:20.767] [info] Core [0] Tile Stats | Issued: 326 Running: 2 Finished: 324
[2026-03-15 16:26:20.767] [info] cycle: [1312000]
[2026-03-15 16:26:20.767] [info] Tile  status Gemm, instructions left 49
[2026-03-15 16:26:20.767] [info] Tile  status Gemm, instructions left 49
[2026-03-15 16:26:20.767] [info] Core [1] Tile Stats | Issued: 327 Running: 2 Finished: 325
[2026-03-15 16:26:20.767] [info] cycle: [1312000]
[2026-03-15 16:26:20.767] [info] Tile  status Gemm, instructions left 49
[2026-03-15 16:26:20.767] [info] Tile  status Gemm, instructions left 49
[2026-03-15 16:26:20.767] [info] Core [2] Tile Stats | Issued: 327 Running: 2 Finished: 325
[2026-03-15 16:26:20.767] [info] cycle: [1312000]
[2026-03-15 16:26:20.767] [info] Tile  status Gemm, instructions left 49
[2026-03-15 16:26:20.767] [info] Tile  status Gemm, instructions left 49
[2026-03-15 16:26:20.767] [info] Core [3] Tile Stats | Issued: 326 Running: 2 Finished: 324
[2026-03-15 16:26:20.767] [info] cycle: [1312000]
[2026-03-15 16:26:21.312] [info] HBM2-CH_0: BW utilization 76% (7384 reads, 0 writes)
[2026-03-15 16:26:21.355] [info] Tile  status Gemm, instructions left 49
[2026-03-15 16:26:21.355] [info] Tile  status Gemm, instructions left 49
[2026-03-15 16:26:21.355] [info] Core [0] Tile Stats | Issued: 327 Running: 2 Finished: 325
[2026-03-15 16:26:21.355] [info] cycle: [1320000]
[2026-03-15 16:26:21.355] [info] Tile  status Gemm, instructions left 49
[2026-03-15 16:26:21.355] [info] Tile  status Gemm, instructions left 49
[2026-03-15 16:26:21.355] [info] Core [1] Tile Stats | Issued: 327 Running: 2 Finished: 325
[2026-03-15 16:26:21.356] [info] cycle: [1320000]
[2026-03-15 16:26:21.356] [info] Tile  status Gemm, instructions left 49
[2026-03-15 16:26:21.356] [info] Tile  status Gemm, instructions left 49
[2026-03-15 16:26:21.356] [info] Core [2] Tile Stats | Issued: 328 Running: 2 Finished: 326
[2026-03-15 16:26:21.356] [info] cycle: [1320000]
[2026-03-15 16:26:21.356] [info] Tile  status Gemm, instructions left 49
[2026-03-15 16:26:21.356] [info] Tile  status Gemm, instructions left 49
[2026-03-15 16:26:21.356] [info] Core [3] Tile Stats | Issued: 327 Running: 2 Finished: 325
[2026-03-15 16:26:21.356] [info] cycle: [1320000]
[2026-03-15 16:26:21.937] [info] HBM2-CH_0: BW utilization 79% (7595 reads, 0 writes)
[2026-03-15 16:26:21.976] [info] Tile  status Gemm, instructions left 49
[2026-03-15 16:26:21.976] [info] Tile  status Gemm, instructions left 49
[2026-03-15 16:26:21.976] [info] Core [0] Tile Stats | Issued: 327 Running: 2 Finished: 325
[2026-03-15 16:26:21.976] [info] cycle: [1328000]
[2026-03-15 16:26:21.976] [info] Tile  status Gemm, instructions left 1
[2026-03-15 16:26:21.976] [info] Tile  status Gemm, instructions left 49
[2026-03-15 16:26:21.976] [info] Core [1] Tile Stats | Issued: 327 Running: 2 Finished: 325
[2026-03-15 16:26:21.976] [info] cycle: [1328000]
[2026-03-15 16:26:21.976] [info] Tile  status Gemm, instructions left 49
[2026-03-15 16:26:21.976] [info] Tile  status Gemm, instructions left 49
[2026-03-15 16:26:21.976] [info] Core [2] Tile Stats | Issued: 328 Running: 2 Finished: 326
[2026-03-15 16:26:21.976] [info] cycle: [1328000]
[2026-03-15 16:26:21.976] [info] Tile  status Gemm, instructions left 49
[2026-03-15 16:26:21.976] [info] Tile  status Gemm, instructions left 49
[2026-03-15 16:26:21.976] [info] Core [3] Tile Stats | Issued: 327 Running: 2 Finished: 325
[2026-03-15 16:26:21.976] [info] cycle: [1328000]
[2026-03-15 16:26:22.546] [info] HBM2-CH_0: BW utilization 68% (6594 reads, 0 writes)
[2026-03-15 16:26:22.617] [info] Tile  status Gemm, instructions left 49
[2026-03-15 16:26:22.617] [info] Core [0] Tile Stats | Issued: 327 Running: 1 Finished: 326
[2026-03-15 16:26:22.617] [info] cycle: [1336000]
[2026-03-15 16:26:22.617] [info] Tile  status Gemm, instructions left 49
[2026-03-15 16:26:22.617] [info] Tile  status Gemm, instructions left 49
[2026-03-15 16:26:22.617] [info] Core [1] Tile Stats | Issued: 328 Running: 2 Finished: 326
[2026-03-15 16:26:22.617] [info] cycle: [1336000]
[2026-03-15 16:26:22.617] [info] Tile  status Gemm, instructions left 49
[2026-03-15 16:26:22.617] [info] Core [2] Tile Stats | Issued: 328 Running: 1 Finished: 327
[2026-03-15 16:26:22.617] [info] cycle: [1336000]
[2026-03-15 16:26:22.617] [info] Tile  status Gemm, instructions left 49
[2026-03-15 16:26:22.617] [info] Core [3] Tile Stats | Issued: 327 Running: 1 Finished: 326
[2026-03-15 16:26:22.617] [info] cycle: [1336000]
[2026-03-15 16:26:23.701] [info] HBM2-CH_0: BW utilization 77% (7367 reads, 46 writes)
[2026-03-15 16:26:23.785] [info] Tile  status Gemm, instructions left 49
[2026-03-15 16:26:23.785] [info] Core [0] Tile Stats | Issued: 327 Running: 1 Finished: 326
[2026-03-15 16:26:23.785] [info] cycle: [1344000]
[2026-03-15 16:26:23.785] [info] Tile  status Gemm, instructions left 1
[2026-03-15 16:26:23.785] [info] Tile  status Gemm, instructions left 49
[2026-03-15 16:26:23.785] [info] Core [1] Tile Stats | Issued: 328 Running: 2 Finished: 326
[2026-03-15 16:26:23.785] [info] cycle: [1344000]
[2026-03-15 16:26:23.785] [info] Tile  status Gemm, instructions left 49
[2026-03-15 16:26:23.785] [info] Core [2] Tile Stats | Issued: 328 Running: 1 Finished: 327
[2026-03-15 16:26:23.785] [info] cycle: [1344000]
[2026-03-15 16:26:23.785] [info] Tile  status Gemm, instructions left 49
[2026-03-15 16:26:23.785] [info] Core [3] Tile Stats | Issued: 327 Running: 1 Finished: 326
[2026-03-15 16:26:23.785] [info] cycle: [1344000]
[2026-03-15 16:26:24.561] [info] HBM2-CH_0: BW utilization 27% (2606 reads, 62 writes)
[2026-03-15 16:26:24.607] [info] Core [0] Tile Stats | Issued: 327 Running: 0 Finished: 327
[2026-03-15 16:26:24.607] [info] cycle: [1352000]
[2026-03-15 16:26:24.607] [info] Tile  status Gemm, instructions left 1
[2026-03-15 16:26:24.607] [info] Core [1] Tile Stats | Issued: 328 Running: 1 Finished: 327
[2026-03-15 16:26:24.607] [info] cycle: [1352000]
[2026-03-15 16:26:24.607] [info] Core [2] Tile Stats | Issued: 328 Running: 0 Finished: 328
[2026-03-15 16:26:24.607] [info] cycle: [1352000]
[2026-03-15 16:26:24.607] [info] Core [3] Tile Stats | Issued: 327 Running: 0 Finished: 327
[2026-03-15 16:26:24.607] [info] cycle: [1352000]
[2026-03-15 16:26:24.774] [info] Layer /blocks.15/conv_proj/Gemm finish at 1354106
[2026-03-15 16:26:24.774] [info] Total compute time 59270
[2026-03-15 16:26:24.774] [info] executable layer count 63
[2026-03-15 16:26:24.774] [info] Start layer /blocks.15/Slice_2
[2026-03-15 16:26:24.870] [info] Layer /blocks.15/Slice_2 finish at 1354754
[2026-03-15 16:26:24.870] [info] Total compute time 648
[2026-03-15 16:26:24.870] [info] executable layer count 62
[2026-03-15 16:26:24.870] [info] Start layer /blocks.15/Reshape
[2026-03-15 16:26:25.359] [info] Layer /blocks.15/Reshape finish at 1357789
[2026-03-15 16:26:25.359] [info] Total compute time 3035
[2026-03-15 16:26:25.359] [info] executable layer count 61
[2026-03-15 16:26:25.359] [info] Start layer /blocks.17/conv_proj/Gemm
[2026-03-15 16:26:25.534] [info] HBM2-CH_0: BW utilization 50% (3871 reads, 952 writes)
[2026-03-15 16:26:25.589] [info] Tile  status Gemm, instructions left 49
[2026-03-15 16:26:25.589] [info] Tile  status Gemm, instructions left 49
[2026-03-15 16:26:25.589] [info] Core [0] Tile Stats | Issued: 330 Running: 2 Finished: 328
[2026-03-15 16:26:25.589] [info] cycle: [1360000]
[2026-03-15 16:26:25.589] [info] Tile  status Gemm, instructions left 49
[2026-03-15 16:26:25.589] [info] Tile  status Gemm, instructions left 49
[2026-03-15 16:26:25.589] [info] Core [1] Tile Stats | Issued: 330 Running: 2 Finished: 328
[2026-03-15 16:26:25.589] [info] cycle: [1360000]
[2026-03-15 16:26:25.589] [info] Tile  status Gemm, instructions left 49
[2026-03-15 16:26:25.589] [info] Tile  status Gemm, instructions left 49
[2026-03-15 16:26:25.589] [info] Core [2] Tile Stats | Issued: 330 Running: 2 Finished: 328
[2026-03-15 16:26:25.589] [info] cycle: [1360000]
[2026-03-15 16:26:25.589] [info] Tile  status Gemm, instructions left 49
[2026-03-15 16:26:25.589] [info] Tile  status Gemm, instructions left 49
[2026-03-15 16:26:25.589] [info] Core [3] Tile Stats | Issued: 330 Running: 2 Finished: 328
[2026-03-15 16:26:25.589] [info] cycle: [1360000]
[2026-03-15 16:26:26.107] [info] HBM2-CH_0: BW utilization 69% (4976 reads, 1680 writes)
[2026-03-15 16:26:26.145] [info] Tile  status Gemm, instructions left 49
[2026-03-15 16:26:26.145] [info] Tile  status Gemm, instructions left 49
[2026-03-15 16:26:26.145] [info] Core [0] Tile Stats | Issued: 330 Running: 2 Finished: 328
[2026-03-15 16:26:26.145] [info] cycle: [1368000]
[2026-03-15 16:26:26.145] [info] Tile  status Gemm, instructions left 49
[2026-03-15 16:26:26.145] [info] Tile  status Gemm, instructions left 49
[2026-03-15 16:26:26.145] [info] Core [1] Tile Stats | Issued: 330 Running: 2 Finished: 328
[2026-03-15 16:26:26.145] [info] cycle: [1368000]
[2026-03-15 16:26:26.145] [info] Tile  status Gemm, instructions left 49
[2026-03-15 16:26:26.145] [info] Tile  status Gemm, instructions left 49
[2026-03-15 16:26:26.145] [info] Core [2] Tile Stats | Issued: 330 Running: 2 Finished: 328
[2026-03-15 16:26:26.145] [info] cycle: [1368000]
[2026-03-15 16:26:26.145] [info] Tile  status Gemm, instructions left 49
[2026-03-15 16:26:26.145] [info] Tile  status Gemm, instructions left 49
[2026-03-15 16:26:26.145] [info] Core [3] Tile Stats | Issued: 330 Running: 2 Finished: 328
[2026-03-15 16:26:26.145] [info] cycle: [1368000]
[2026-03-15 16:26:26.866] [info] HBM2-CH_0: BW utilization 79% (7362 reads, 284 writes)
[2026-03-15 16:26:26.913] [info] Tile  status Gemm, instructions left 1
[2026-03-15 16:26:26.913] [info] Tile  status Gemm, instructions left 49
[2026-03-15 16:26:26.913] [info] Core [0] Tile Stats | Issued: 330 Running: 2 Finished: 328
[2026-03-15 16:26:26.913] [info] cycle: [1376000]
[2026-03-15 16:26:26.913] [info] Tile  status Gemm, instructions left 1
[2026-03-15 16:26:26.913] [info] Tile  status Gemm, instructions left 49
[2026-03-15 16:26:26.913] [info] Core [1] Tile Stats | Issued: 330 Running: 2 Finished: 328
[2026-03-15 16:26:26.913] [info] cycle: [1376000]
[2026-03-15 16:26:26.913] [info] Tile  status Gemm, instructions left 1
[2026-03-15 16:26:26.913] [info] Tile  status Gemm, instructions left 49
[2026-03-15 16:26:26.913] [info] Core [2] Tile Stats | Issued: 330 Running: 2 Finished: 328
[2026-03-15 16:26:26.913] [info] cycle: [1376000]
[2026-03-15 16:26:26.913] [info] Tile  status Gemm, instructions left 49
[2026-03-15 16:26:26.913] [info] Tile  status Gemm, instructions left 49
[2026-03-15 16:26:26.913] [info] Core [3] Tile Stats | Issued: 330 Running: 2 Finished: 328
[2026-03-15 16:26:26.913] [info] cycle: [1376000]
[2026-03-15 16:26:27.598] [info] HBM2-CH_0: BW utilization 70% (6757 reads, 0 writes)
[2026-03-15 16:26:27.639] [info] Tile  status Gemm, instructions left 49
[2026-03-15 16:26:27.639] [info] Tile  status Gemm, instructions left 49
[2026-03-15 16:26:27.639] [info] Core [0] Tile Stats | Issued: 331 Running: 2 Finished: 329
[2026-03-15 16:26:27.639] [info] cycle: [1384000]
[2026-03-15 16:26:27.639] [info] Tile  status Gemm, instructions left 49
[2026-03-15 16:26:27.639] [info] Tile  status Gemm, instructions left 49
[2026-03-15 16:26:27.639] [info] Core [1] Tile Stats | Issued: 331 Running: 2 Finished: 329
[2026-03-15 16:26:27.639] [info] cycle: [1384000]
[2026-03-15 16:26:27.639] [info] Tile  status Gemm, instructions left 49
[2026-03-15 16:26:27.639] [info] Tile  status Gemm, instructions left 49
[2026-03-15 16:26:27.639] [info] Core [2] Tile Stats | Issued: 331 Running: 2 Finished: 329
[2026-03-15 16:26:27.639] [info] cycle: [1384000]
[2026-03-15 16:26:27.639] [info] Tile  status Gemm, instructions left 49
[2026-03-15 16:26:27.639] [info] Tile  status Gemm, instructions left 49
[2026-03-15 16:26:27.639] [info] Core [3] Tile Stats | Issued: 330 Running: 2 Finished: 328
[2026-03-15 16:26:27.639] [info] cycle: [1384000]
[2026-03-15 16:26:28.302] [info] HBM2-CH_0: BW utilization 76% (7365 reads, 0 writes)
[2026-03-15 16:26:28.345] [info] Tile  status Gemm, instructions left 49
[2026-03-15 16:26:28.345] [info] Tile  status Gemm, instructions left 49
[2026-03-15 16:26:28.345] [info] Core [0] Tile Stats | Issued: 331 Running: 2 Finished: 329
[2026-03-15 16:26:28.345] [info] cycle: [1392000]
[2026-03-15 16:26:28.345] [info] Tile  status Gemm, instructions left 49
[2026-03-15 16:26:28.345] [info] Tile  status Gemm, instructions left 49
[2026-03-15 16:26:28.345] [info] Core [1] Tile Stats | Issued: 331 Running: 2 Finished: 329
[2026-03-15 16:26:28.345] [info] cycle: [1392000]
[2026-03-15 16:26:28.345] [info] Tile  status Gemm, instructions left 49
[2026-03-15 16:26:28.345] [info] Tile  status Gemm, instructions left 49
[2026-03-15 16:26:28.345] [info] Core [2] Tile Stats | Issued: 331 Running: 2 Finished: 329
[2026-03-15 16:26:28.345] [info] cycle: [1392000]
[2026-03-15 16:26:28.345] [info] Tile  status Gemm, instructions left 1
[2026-03-15 16:26:28.345] [info] Tile  status Gemm, instructions left 49
[2026-03-15 16:26:28.345] [info] Core [3] Tile Stats | Issued: 330 Running: 2 Finished: 328
[2026-03-15 16:26:28.345] [info] cycle: [1392000]
[2026-03-15 16:26:29.053] [info] HBM2-CH_0: BW utilization 68% (6615 reads, 0 writes)
[2026-03-15 16:26:29.131] [info] Tile  status Gemm, instructions left 49
[2026-03-15 16:26:29.131] [info] Core [0] Tile Stats | Issued: 331 Running: 1 Finished: 330
[2026-03-15 16:26:29.131] [info] cycle: [1400000]
[2026-03-15 16:26:29.131] [info] Tile  status Gemm, instructions left 49
[2026-03-15 16:26:29.131] [info] Core [1] Tile Stats | Issued: 331 Running: 1 Finished: 330
[2026-03-15 16:26:29.131] [info] cycle: [1400000]
[2026-03-15 16:26:29.131] [info] Tile  status Gemm, instructions left 49
[2026-03-15 16:26:29.131] [info] Core [2] Tile Stats | Issued: 331 Running: 1 Finished: 330
[2026-03-15 16:26:29.131] [info] cycle: [1400000]
[2026-03-15 16:26:29.131] [info] Tile  status Gemm, instructions left 49
[2026-03-15 16:26:29.131] [info] Tile  status Gemm, instructions left 49
[2026-03-15 16:26:29.131] [info] Core [3] Tile Stats | Issued: 331 Running: 2 Finished: 329
[2026-03-15 16:26:29.131] [info] cycle: [1400000]
[2026-03-15 16:26:30.543] [info] HBM2-CH_0: BW utilization 74% (7072 reads, 40 writes)
[2026-03-15 16:26:30.667] [info] Tile  status Gemm, instructions left 49
[2026-03-15 16:26:30.667] [info] Core [0] Tile Stats | Issued: 331 Running: 1 Finished: 330
[2026-03-15 16:26:30.667] [info] cycle: [1408000]
[2026-03-15 16:26:30.667] [info] Tile  status Gemm, instructions left 49
[2026-03-15 16:26:30.667] [info] Core [1] Tile Stats | Issued: 331 Running: 1 Finished: 330
[2026-03-15 16:26:30.667] [info] cycle: [1408000]
[2026-03-15 16:26:30.667] [info] Tile  status Gemm, instructions left 49
[2026-03-15 16:26:30.667] [info] Core [2] Tile Stats | Issued: 331 Running: 1 Finished: 330
[2026-03-15 16:26:30.667] [info] cycle: [1408000]
[2026-03-15 16:26:30.667] [info] Tile  status Gemm, instructions left 1
[2026-03-15 16:26:30.667] [info] Tile  status Gemm, instructions left 49
[2026-03-15 16:26:30.667] [info] Core [3] Tile Stats | Issued: 331 Running: 2 Finished: 329
[2026-03-15 16:26:30.667] [info] cycle: [1408000]
[2026-03-15 16:26:31.375] [info] HBM2-CH_0: BW utilization 28% (2646 reads, 74 writes)
[2026-03-15 16:26:31.449] [info] Tile  status Gemm, instructions left 1
[2026-03-15 16:26:31.449] [info] Core [0] Tile Stats | Issued: 331 Running: 1 Finished: 330
[2026-03-15 16:26:31.449] [info] cycle: [1416000]
[2026-03-15 16:26:31.449] [info] Tile  status Gemm, instructions left 1
[2026-03-15 16:26:31.449] [info] Core [1] Tile Stats | Issued: 331 Running: 1 Finished: 330
[2026-03-15 16:26:31.449] [info] cycle: [1416000]
[2026-03-15 16:26:31.449] [info] Tile  status Gemm, instructions left 1
[2026-03-15 16:26:31.449] [info] Core [2] Tile Stats | Issued: 331 Running: 1 Finished: 330
[2026-03-15 16:26:31.449] [info] cycle: [1416000]
[2026-03-15 16:26:31.449] [info] Tile  status Gemm, instructions left 1
[2026-03-15 16:26:31.449] [info] Core [3] Tile Stats | Issued: 331 Running: 1 Finished: 330
[2026-03-15 16:26:31.449] [info] cycle: [1416000]
[2026-03-15 16:26:31.676] [info] Layer /blocks.17/conv_proj/Gemm finish at 1418745
[2026-03-15 16:26:31.676] [info] Total compute time 60956
[2026-03-15 16:26:31.676] [info] executable layer count 61
[2026-03-15 16:26:31.676] [info] Start layer /blocks.17/Slice_2
[2026-03-15 16:26:31.756] [info] Layer /blocks.17/Slice_2 finish at 1419394
[2026-03-15 16:26:31.756] [info] Total compute time 649
[2026-03-15 16:26:31.756] [info] executable layer count 60
[2026-03-15 16:26:31.756] [info] Start layer /blocks.17/Reshape
[2026-03-15 16:26:32.303] [info] Layer /blocks.17/Reshape finish at 1422423
[2026-03-15 16:26:32.303] [info] Total compute time 3029
[2026-03-15 16:26:32.303] [info] executable layer count 59
[2026-03-15 16:26:32.303] [info] Start layer /blocks.18/conv_proj/Gemm
[2026-03-15 16:26:32.388] [info] HBM2-CH_0: BW utilization 44% (3436 reads, 817 writes)
[2026-03-15 16:26:32.430] [info] Tile  status Gemm, instructions left 49
[2026-03-15 16:26:32.430] [info] Tile  status Gemm, instructions left 49
[2026-03-15 16:26:32.430] [info] Core [0] Tile Stats | Issued: 333 Running: 2 Finished: 331
[2026-03-15 16:26:32.430] [info] cycle: [1424000]
[2026-03-15 16:26:32.430] [info] Tile  status Gemm, instructions left 49
[2026-03-15 16:26:32.430] [info] Tile  status Gemm, instructions left 49
[2026-03-15 16:26:32.430] [info] Core [1] Tile Stats | Issued: 334 Running: 2 Finished: 332
[2026-03-15 16:26:32.430] [info] cycle: [1424000]
[2026-03-15 16:26:32.430] [info] Tile  status Gemm, instructions left 49
[2026-03-15 16:26:32.430] [info] Tile  status Gemm, instructions left 49
[2026-03-15 16:26:32.430] [info] Core [2] Tile Stats | Issued: 334 Running: 2 Finished: 332
[2026-03-15 16:26:32.430] [info] cycle: [1424000]
[2026-03-15 16:26:32.430] [info] Tile  status Gemm, instructions left 49
[2026-03-15 16:26:32.430] [info] Tile  status Gemm, instructions left 49
[2026-03-15 16:26:32.430] [info] Core [3] Tile Stats | Issued: 333 Running: 2 Finished: 331
[2026-03-15 16:26:32.430] [info] cycle: [1424000]
[2026-03-15 16:26:32.985] [info] HBM2-CH_0: BW utilization 65% (4727 reads, 1536 writes)
[2026-03-15 16:26:33.025] [info] Tile  status Gemm, instructions left 49
[2026-03-15 16:26:33.025] [info] Tile  status Gemm, instructions left 49
[2026-03-15 16:26:33.025] [info] Core [0] Tile Stats | Issued: 333 Running: 2 Finished: 331
[2026-03-15 16:26:33.025] [info] cycle: [1432000]
[2026-03-15 16:26:33.025] [info] Tile  status Gemm, instructions left 49
[2026-03-15 16:26:33.025] [info] Tile  status Gemm, instructions left 49
[2026-03-15 16:26:33.025] [info] Core [1] Tile Stats | Issued: 334 Running: 2 Finished: 332
[2026-03-15 16:26:33.025] [info] cycle: [1432000]
[2026-03-15 16:26:33.025] [info] Tile  status Gemm, instructions left 49
[2026-03-15 16:26:33.025] [info] Tile  status Gemm, instructions left 49
[2026-03-15 16:26:33.025] [info] Core [2] Tile Stats | Issued: 334 Running: 2 Finished: 332
[2026-03-15 16:26:33.025] [info] cycle: [1432000]
[2026-03-15 16:26:33.025] [info] Tile  status Gemm, instructions left 49
[2026-03-15 16:26:33.025] [info] Tile  status Gemm, instructions left 49
[2026-03-15 16:26:33.025] [info] Core [3] Tile Stats | Issued: 333 Running: 2 Finished: 331
[2026-03-15 16:26:33.025] [info] cycle: [1432000]
[2026-03-15 16:26:33.667] [info] HBM2-CH_0: BW utilization 78% (6976 reads, 528 writes)
[2026-03-15 16:26:33.711] [info] Tile  status Gemm, instructions left 49
[2026-03-15 16:26:33.711] [info] Tile  status Gemm, instructions left 49
[2026-03-15 16:26:33.711] [info] Core [0] Tile Stats | Issued: 333 Running: 2 Finished: 331
[2026-03-15 16:26:33.711] [info] cycle: [1440000]
[2026-03-15 16:26:33.711] [info] Tile  status Gemm, instructions left 49
[2026-03-15 16:26:33.711] [info] Tile  status Gemm, instructions left 49
[2026-03-15 16:26:33.711] [info] Core [1] Tile Stats | Issued: 334 Running: 2 Finished: 332
[2026-03-15 16:26:33.711] [info] cycle: [1440000]
[2026-03-15 16:26:33.711] [info] Tile  status Gemm, instructions left 49
[2026-03-15 16:26:33.711] [info] Tile  status Gemm, instructions left 49
[2026-03-15 16:26:33.711] [info] Core [2] Tile Stats | Issued: 334 Running: 2 Finished: 332
[2026-03-15 16:26:33.711] [info] cycle: [1440000]
[2026-03-15 16:26:33.711] [info] Tile  status Gemm, instructions left 49
[2026-03-15 16:26:33.711] [info] Tile  status Gemm, instructions left 49
[2026-03-15 16:26:33.711] [info] Core [3] Tile Stats | Issued: 333 Running: 2 Finished: 331
[2026-03-15 16:26:33.711] [info] cycle: [1440000]
[2026-03-15 16:26:34.312] [info] HBM2-CH_0: BW utilization 68% (6530 reads, 0 writes)
[2026-03-15 16:26:34.358] [info] Tile  status Gemm, instructions left 49
[2026-03-15 16:26:34.358] [info] Tile  status Gemm, instructions left 49
[2026-03-15 16:26:34.358] [info] Core [0] Tile Stats | Issued: 334 Running: 2 Finished: 332
[2026-03-15 16:26:34.358] [info] cycle: [1448000]
[2026-03-15 16:26:34.358] [info] Tile  status Gemm, instructions left 49
[2026-03-15 16:26:34.358] [info] Tile  status Gemm, instructions left 49
[2026-03-15 16:26:34.358] [info] Core [1] Tile Stats | Issued: 334 Running: 2 Finished: 332
[2026-03-15 16:26:34.358] [info] cycle: [1448000]
[2026-03-15 16:26:34.358] [info] Tile  status Gemm, instructions left 49
[2026-03-15 16:26:34.358] [info] Tile  status Gemm, instructions left 49
[2026-03-15 16:26:34.358] [info] Core [2] Tile Stats | Issued: 335 Running: 2 Finished: 333
[2026-03-15 16:26:34.358] [info] cycle: [1448000]
[2026-03-15 16:26:34.358] [info] Tile  status Gemm, instructions left 49
[2026-03-15 16:26:34.358] [info] Tile  status Gemm, instructions left 49
[2026-03-15 16:26:34.358] [info] Core [3] Tile Stats | Issued: 334 Running: 2 Finished: 332
[2026-03-15 16:26:34.358] [info] cycle: [1448000]
[2026-03-15 16:26:34.972] [info] HBM2-CH_0: BW utilization 69% (6707 reads, 0 writes)
[2026-03-15 16:26:35.019] [info] Tile  status Gemm, instructions left 49
[2026-03-15 16:26:35.019] [info] Tile  status Gemm, instructions left 49
[2026-03-15 16:26:35.019] [info] Core [0] Tile Stats | Issued: 334 Running: 2 Finished: 332
[2026-03-15 16:26:35.019] [info] cycle: [1456000]
[2026-03-15 16:26:35.019] [info] Tile  status Gemm, instructions left 1
[2026-03-15 16:26:35.019] [info] Tile  status Gemm, instructions left 49
[2026-03-15 16:26:35.019] [info] Core [1] Tile Stats | Issued: 334 Running: 2 Finished: 332
[2026-03-15 16:26:35.019] [info] cycle: [1456000]
[2026-03-15 16:26:35.019] [info] Tile  status Gemm, instructions left 49
[2026-03-15 16:26:35.019] [info] Tile  status Gemm, instructions left 49
[2026-03-15 16:26:35.019] [info] Core [2] Tile Stats | Issued: 335 Running: 2 Finished: 333
[2026-03-15 16:26:35.019] [info] cycle: [1456000]
[2026-03-15 16:26:35.019] [info] Tile  status Gemm, instructions left 49
[2026-03-15 16:26:35.019] [info] Tile  status Gemm, instructions left 49
[2026-03-15 16:26:35.019] [info] Core [3] Tile Stats | Issued: 334 Running: 2 Finished: 332
[2026-03-15 16:26:35.019] [info] cycle: [1456000]
[2026-03-15 16:26:35.695] [info] HBM2-CH_0: BW utilization 69% (6631 reads, 44 writes)
[2026-03-15 16:26:35.741] [info] Tile  status Gemm, instructions left 1
[2026-03-15 16:26:35.741] [info] Tile  status Gemm, instructions left 49
[2026-03-15 16:26:35.741] [info] Core [0] Tile Stats | Issued: 334 Running: 2 Finished: 332
[2026-03-15 16:26:35.741] [info] cycle: [1464000]
[2026-03-15 16:26:35.741] [info] Tile  status Gemm, instructions left 49
[2026-03-15 16:26:35.741] [info] Tile  status Gemm, instructions left 49
[2026-03-15 16:26:35.741] [info] Core [1] Tile Stats | Issued: 335 Running: 2 Finished: 333
[2026-03-15 16:26:35.741] [info] cycle: [1464000]
[2026-03-15 16:26:35.741] [info] Tile  status Gemm, instructions left 1
[2026-03-15 16:26:35.741] [info] Tile  status Gemm, instructions left 49
[2026-03-15 16:26:35.741] [info] Core [2] Tile Stats | Issued: 335 Running: 2 Finished: 333
[2026-03-15 16:26:35.741] [info] cycle: [1464000]
[2026-03-15 16:26:35.741] [info] Tile  status Gemm, instructions left 1
[2026-03-15 16:26:35.741] [info] Tile  status Gemm, instructions left 49
[2026-03-15 16:26:35.741] [info] Core [3] Tile Stats | Issued: 334 Running: 2 Finished: 332
[2026-03-15 16:26:35.741] [info] cycle: [1464000]
[2026-03-15 16:26:36.840] [info] HBM2-CH_0: BW utilization 65% (6255 reads, 0 writes)
[2026-03-15 16:26:36.956] [info] Tile  status Gemm, instructions left 49
[2026-03-15 16:26:36.956] [info] Core [0] Tile Stats | Issued: 334 Running: 1 Finished: 333
[2026-03-15 16:26:36.956] [info] cycle: [1472000]
[2026-03-15 16:26:36.956] [info] Tile  status Gemm, instructions left 1
[2026-03-15 16:26:36.956] [info] Tile  status Gemm, instructions left 49
[2026-03-15 16:26:36.956] [info] Core [1] Tile Stats | Issued: 335 Running: 2 Finished: 333
[2026-03-15 16:26:36.956] [info] cycle: [1472000]
[2026-03-15 16:26:36.957] [info] Tile  status Gemm, instructions left 49
[2026-03-15 16:26:36.957] [info] Core [2] Tile Stats | Issued: 335 Running: 1 Finished: 334
[2026-03-15 16:26:36.957] [info] cycle: [1472000]
[2026-03-15 16:26:36.957] [info] Tile  status Gemm, instructions left 49
[2026-03-15 16:26:36.957] [info] Core [3] Tile Stats | Issued: 334 Running: 1 Finished: 333
[2026-03-15 16:26:36.957] [info] cycle: [1472000]
[2026-03-15 16:26:37.868] [info] HBM2-CH_0: BW utilization 57% (5402 reads, 92 writes)
[2026-03-15 16:26:37.908] [info] Tile  status Gemm, instructions left 1
[2026-03-15 16:26:37.908] [info] Core [0] Tile Stats | Issued: 334 Running: 1 Finished: 333
[2026-03-15 16:26:37.908] [info] cycle: [1480000]
[2026-03-15 16:26:37.908] [info] Tile  status Gemm, instructions left 1
[2026-03-15 16:26:37.908] [info] Core [1] Tile Stats | Issued: 335 Running: 1 Finished: 334
[2026-03-15 16:26:37.908] [info] cycle: [1480000]
[2026-03-15 16:26:37.908] [info] Tile  status Gemm, instructions left 1
[2026-03-15 16:26:37.908] [info] Core [2] Tile Stats | Issued: 335 Running: 1 Finished: 334
[2026-03-15 16:26:37.908] [info] cycle: [1480000]
[2026-03-15 16:26:37.908] [info] Tile  status Gemm, instructions left 1
[2026-03-15 16:26:37.908] [info] Core [3] Tile Stats | Issued: 334 Running: 1 Finished: 333
[2026-03-15 16:26:37.908] [info] cycle: [1480000]
[2026-03-15 16:26:38.218] [info] Layer /blocks.18/conv_proj/Gemm finish at 1484259
[2026-03-15 16:26:38.218] [info] Total compute time 61836
[2026-03-15 16:26:38.218] [info] executable layer count 59
[2026-03-15 16:26:38.218] [info] Start layer /blocks.18/Slice_2
[2026-03-15 16:26:38.289] [info] Layer /blocks.18/Slice_2 finish at 1484907
[2026-03-15 16:26:38.289] [info] Total compute time 648
[2026-03-15 16:26:38.289] [info] executable layer count 58
[2026-03-15 16:26:38.289] [info] Start layer /blocks.18/Reshape
[2026-03-15 16:26:38.665] [info] HBM2-CH_0: BW utilization 31% (2440 reads, 586 writes)
[2026-03-15 16:26:38.729] [info] Layer /blocks.18/Reshape finish at 1487907
[2026-03-15 16:26:38.729] [info] Total compute time 3000
[2026-03-15 16:26:38.729] [info] executable layer count 57
[2026-03-15 16:26:38.729] [info] Start layer /blocks.19/conv_proj/Gemm
[2026-03-15 16:26:38.740] [info] Tile  status Gemm, instructions left 49
[2026-03-15 16:26:38.740] [info] Tile  status Gemm, instructions left 49
[2026-03-15 16:26:38.740] [info] Core [0] Tile Stats | Issued: 337 Running: 2 Finished: 335
[2026-03-15 16:26:38.740] [info] cycle: [1488000]
[2026-03-15 16:26:38.740] [info] Tile  status Gemm, instructions left 49
[2026-03-15 16:26:38.740] [info] Tile  status Gemm, instructions left 49
[2026-03-15 16:26:38.740] [info] Core [1] Tile Stats | Issued: 337 Running: 2 Finished: 335
[2026-03-15 16:26:38.740] [info] cycle: [1488000]
[2026-03-15 16:26:38.740] [info] Tile  status Gemm, instructions left 49
[2026-03-15 16:26:38.740] [info] Tile  status Gemm, instructions left 49
[2026-03-15 16:26:38.740] [info] Core [2] Tile Stats | Issued: 337 Running: 2 Finished: 335
[2026-03-15 16:26:38.740] [info] cycle: [1488000]
[2026-03-15 16:26:38.740] [info] Tile  status Gemm, instructions left 49
[2026-03-15 16:26:38.740] [info] Tile  status Gemm, instructions left 49
[2026-03-15 16:26:38.740] [info] Core [3] Tile Stats | Issued: 337 Running: 2 Finished: 335
[2026-03-15 16:26:38.740] [info] cycle: [1488000]
[2026-03-15 16:26:39.262] [info] HBM2-CH_0: BW utilization 65% (4798 reads, 1470 writes)
[2026-03-15 16:26:39.300] [info] Tile  status Gemm, instructions left 49
[2026-03-15 16:26:39.300] [info] Tile  status Gemm, instructions left 49
[2026-03-15 16:26:39.300] [info] Core [0] Tile Stats | Issued: 337 Running: 2 Finished: 335
[2026-03-15 16:26:39.300] [info] cycle: [1496000]
[2026-03-15 16:26:39.300] [info] Tile  status Gemm, instructions left 49
[2026-03-15 16:26:39.300] [info] Tile  status Gemm, instructions left 49
[2026-03-15 16:26:39.300] [info] Core [1] Tile Stats | Issued: 337 Running: 2 Finished: 335
[2026-03-15 16:26:39.300] [info] cycle: [1496000]
[2026-03-15 16:26:39.300] [info] Tile  status Gemm, instructions left 49
[2026-03-15 16:26:39.300] [info] Tile  status Gemm, instructions left 49
[2026-03-15 16:26:39.300] [info] Core [2] Tile Stats | Issued: 337 Running: 2 Finished: 335
[2026-03-15 16:26:39.300] [info] cycle: [1496000]
[2026-03-15 16:26:39.300] [info] Tile  status Gemm, instructions left 49
[2026-03-15 16:26:39.300] [info] Tile  status Gemm, instructions left 49
[2026-03-15 16:26:39.300] [info] Core [3] Tile Stats | Issued: 337 Running: 2 Finished: 335
[2026-03-15 16:26:39.300] [info] cycle: [1496000]
[2026-03-15 16:26:39.830] [info] HBM2-CH_0: BW utilization 71% (5967 reads, 860 writes)
[2026-03-15 16:26:39.879] [info] Tile  status Gemm, instructions left 49
[2026-03-15 16:26:39.879] [info] Tile  status Gemm, instructions left 49
[2026-03-15 16:26:39.879] [info] Core [0] Tile Stats | Issued: 337 Running: 2 Finished: 335
[2026-03-15 16:26:39.879] [info] cycle: [1504000]
[2026-03-15 16:26:39.879] [info] Tile  status Gemm, instructions left 49
[2026-03-15 16:26:39.879] [info] Tile  status Gemm, instructions left 49
[2026-03-15 16:26:39.879] [info] Core [1] Tile Stats | Issued: 337 Running: 2 Finished: 335
[2026-03-15 16:26:39.879] [info] cycle: [1504000]
[2026-03-15 16:26:39.879] [info] Tile  status Gemm, instructions left 49
[2026-03-15 16:26:39.879] [info] Tile  status Gemm, instructions left 49
[2026-03-15 16:26:39.879] [info] Core [2] Tile Stats | Issued: 337 Running: 2 Finished: 335
[2026-03-15 16:26:39.879] [info] cycle: [1504000]
[2026-03-15 16:26:39.879] [info] Tile  status Gemm, instructions left 49
[2026-03-15 16:26:39.879] [info] Tile  status Gemm, instructions left 49
[2026-03-15 16:26:39.879] [info] Core [3] Tile Stats | Issued: 337 Running: 2 Finished: 335
[2026-03-15 16:26:39.879] [info] cycle: [1504000]
[2026-03-15 16:26:40.489] [info] HBM2-CH_0: BW utilization 76% (7299 reads, 0 writes)
[2026-03-15 16:26:40.535] [info] Tile  status Gemm, instructions left 1
[2026-03-15 16:26:40.535] [info] Tile  status Gemm, instructions left 49
[2026-03-15 16:26:40.535] [info] Core [0] Tile Stats | Issued: 337 Running: 2 Finished: 335
[2026-03-15 16:26:40.535] [info] cycle: [1512000]
[2026-03-15 16:26:40.535] [info] Tile  status Gemm, instructions left 1
[2026-03-15 16:26:40.535] [info] Tile  status Gemm, instructions left 49
[2026-03-15 16:26:40.535] [info] Core [1] Tile Stats | Issued: 337 Running: 2 Finished: 335
[2026-03-15 16:26:40.535] [info] cycle: [1512000]
[2026-03-15 16:26:40.535] [info] Tile  status Gemm, instructions left 1
[2026-03-15 16:26:40.535] [info] Tile  status Gemm, instructions left 49
[2026-03-15 16:26:40.535] [info] Core [2] Tile Stats | Issued: 337 Running: 2 Finished: 335
[2026-03-15 16:26:40.535] [info] cycle: [1512000]
[2026-03-15 16:26:40.535] [info] Tile  status Gemm, instructions left 49
[2026-03-15 16:26:40.535] [info] Tile  status Gemm, instructions left 49
[2026-03-15 16:26:40.535] [info] Core [3] Tile Stats | Issued: 337 Running: 2 Finished: 335
[2026-03-15 16:26:40.535] [info] cycle: [1512000]
[2026-03-15 16:26:41.153] [info] HBM2-CH_0: BW utilization 66% (6411 reads, 0 writes)
[2026-03-15 16:26:41.199] [info] Tile  status Gemm, instructions left 49
[2026-03-15 16:26:41.200] [info] Tile  status Gemm, instructions left 49
[2026-03-15 16:26:41.200] [info] Core [0] Tile Stats | Issued: 338 Running: 2 Finished: 336
[2026-03-15 16:26:41.200] [info] cycle: [1520000]
[2026-03-15 16:26:41.200] [info] Tile  status Gemm, instructions left 49
[2026-03-15 16:26:41.200] [info] Tile  status Gemm, instructions left 49
[2026-03-15 16:26:41.200] [info] Core [1] Tile Stats | Issued: 338 Running: 2 Finished: 336
[2026-03-15 16:26:41.200] [info] cycle: [1520000]
[2026-03-15 16:26:41.200] [info] Tile  status Gemm, instructions left 49
[2026-03-15 16:26:41.200] [info] Tile  status Gemm, instructions left 49
[2026-03-15 16:26:41.200] [info] Core [2] Tile Stats | Issued: 338 Running: 2 Finished: 336
[2026-03-15 16:26:41.200] [info] cycle: [1520000]
[2026-03-15 16:26:41.200] [info] Tile  status Gemm, instructions left 1
[2026-03-15 16:26:41.200] [info] Tile  status Gemm, instructions left 49
[2026-03-15 16:26:41.200] [info] Core [3] Tile Stats | Issued: 337 Running: 2 Finished: 335
[2026-03-15 16:26:41.200] [info] cycle: [1520000]
[2026-03-15 16:26:41.822] [info] HBM2-CH_0: BW utilization 73% (7052 reads, 0 writes)
[2026-03-15 16:26:41.869] [info] Tile  status Gemm, instructions left 1
[2026-03-15 16:26:41.869] [info] Tile  status Gemm, instructions left 49
[2026-03-15 16:26:41.869] [info] Core [0] Tile Stats | Issued: 338 Running: 2 Finished: 336
[2026-03-15 16:26:41.869] [info] cycle: [1528000]
[2026-03-15 16:26:41.869] [info] Tile  status Gemm, instructions left 1
[2026-03-15 16:26:41.869] [info] Tile  status Gemm, instructions left 49
[2026-03-15 16:26:41.869] [info] Core [1] Tile Stats | Issued: 338 Running: 2 Finished: 336
[2026-03-15 16:26:41.869] [info] cycle: [1528000]
[2026-03-15 16:26:41.869] [info] Tile  status Gemm, instructions left 1
[2026-03-15 16:26:41.869] [info] Tile  status Gemm, instructions left 49
[2026-03-15 16:26:41.869] [info] Core [2] Tile Stats | Issued: 338 Running: 2 Finished: 336
[2026-03-15 16:26:41.869] [info] cycle: [1528000]
[2026-03-15 16:26:41.869] [info] Tile  status Gemm, instructions left 49
[2026-03-15 16:26:41.869] [info] Tile  status Gemm, instructions left 49
[2026-03-15 16:26:41.869] [info] Core [3] Tile Stats | Issued: 338 Running: 2 Finished: 336
[2026-03-15 16:26:41.869] [info] cycle: [1528000]
[2026-03-15 16:26:42.948] [info] HBM2-CH_0: BW utilization 63% (6090 reads, 40 writes)
[2026-03-15 16:26:43.046] [info] Tile  status Gemm, instructions left 49
[2026-03-15 16:26:43.046] [info] Core [0] Tile Stats | Issued: 338 Running: 1 Finished: 337
[2026-03-15 16:26:43.046] [info] cycle: [1536000]
[2026-03-15 16:26:43.046] [info] Tile  status Gemm, instructions left 49
[2026-03-15 16:26:43.046] [info] Core [1] Tile Stats | Issued: 338 Running: 1 Finished: 337
[2026-03-15 16:26:43.046] [info] cycle: [1536000]
[2026-03-15 16:26:43.046] [info] Tile  status Gemm, instructions left 49
[2026-03-15 16:26:43.046] [info] Core [2] Tile Stats | Issued: 338 Running: 1 Finished: 337
[2026-03-15 16:26:43.046] [info] cycle: [1536000]
[2026-03-15 16:26:43.046] [info] Tile  status Gemm, instructions left 1
[2026-03-15 16:26:43.046] [info] Tile  status Gemm, instructions left 49
[2026-03-15 16:26:43.046] [info] Core [3] Tile Stats | Issued: 338 Running: 2 Finished: 336
[2026-03-15 16:26:43.046] [info] cycle: [1536000]
[2026-03-15 16:26:44.267] [info] HBM2-CH_0: BW utilization 69% (6606 reads, 74 writes)
[2026-03-15 16:26:44.304] [info] Tile  status Gemm, instructions left 1
[2026-03-15 16:26:44.304] [info] Core [0] Tile Stats | Issued: 338 Running: 1 Finished: 337
[2026-03-15 16:26:44.304] [info] cycle: [1544000]
[2026-03-15 16:26:44.304] [info] Tile  status Gemm, instructions left 1
[2026-03-15 16:26:44.304] [info] Core [1] Tile Stats | Issued: 338 Running: 1 Finished: 337
[2026-03-15 16:26:44.304] [info] cycle: [1544000]
[2026-03-15 16:26:44.304] [info] Tile  status Gemm, instructions left 1
[2026-03-15 16:26:44.304] [info] Core [2] Tile Stats | Issued: 338 Running: 1 Finished: 337
[2026-03-15 16:26:44.304] [info] cycle: [1544000]
[2026-03-15 16:26:44.304] [info] Tile  status Gemm, instructions left 1
[2026-03-15 16:26:44.304] [info] Core [3] Tile Stats | Issued: 338 Running: 1 Finished: 337
[2026-03-15 16:26:44.304] [info] cycle: [1544000]
[2026-03-15 16:26:44.739] [info] Layer /blocks.19/conv_proj/Gemm finish at 1549612
[2026-03-15 16:26:44.739] [info] Total compute time 61705
[2026-03-15 16:26:44.739] [info] executable layer count 57
[2026-03-15 16:26:44.739] [info] Start layer /blocks.19/Slice_2
[2026-03-15 16:26:44.835] [info] Layer /blocks.19/Slice_2 finish at 1550261
[2026-03-15 16:26:44.835] [info] Total compute time 649
[2026-03-15 16:26:44.835] [info] executable layer count 56
[2026-03-15 16:26:44.835] [info] Start layer /blocks.19/Reshape
[2026-03-15 16:26:45.023] [info] HBM2-CH_0: BW utilization 17% (1070 reads, 562 writes)
[2026-03-15 16:26:45.156] [info] Core [0] Tile Stats | Issued: 338 Running: 0 Finished: 338
[2026-03-15 16:26:45.156] [info] cycle: [1552000]
[2026-03-15 16:26:45.156] [info] Tile  status /blocks.19/Reshape, instructions left 1
[2026-03-15 16:26:45.156] [info] Core [1] Tile Stats | Issued: 339 Running: 1 Finished: 338
[2026-03-15 16:26:45.156] [info] cycle: [1552000]
[2026-03-15 16:26:45.156] [info] Core [2] Tile Stats | Issued: 339 Running: 0 Finished: 339
[2026-03-15 16:26:45.156] [info] cycle: [1552000]
[2026-03-15 16:26:45.156] [info] Core [3] Tile Stats | Issued: 338 Running: 0 Finished: 338
[2026-03-15 16:26:45.156] [info] cycle: [1552000]
[2026-03-15 16:26:45.487] [info] Layer /blocks.19/Reshape finish at 1553307
[2026-03-15 16:26:45.487] [info] Total compute time 3046
[2026-03-15 16:26:45.487] [info] executable layer count 55
[2026-03-15 16:26:45.487] [info] Start layer /blocks.21/conv_proj/Gemm
[2026-03-15 16:26:45.993] [info] HBM2-CH_0: BW utilization 66% (5239 reads, 1167 writes)
[2026-03-15 16:26:46.052] [info] Tile  status Gemm, instructions left 49
[2026-03-15 16:26:46.052] [info] Tile  status Gemm, instructions left 49
[2026-03-15 16:26:46.052] [info] Core [0] Tile Stats | Issued: 340 Running: 2 Finished: 338
[2026-03-15 16:26:46.052] [info] cycle: [1560000]
[2026-03-15 16:26:46.052] [info] Tile  status Gemm, instructions left 49
[2026-03-15 16:26:46.052] [info] Tile  status Gemm, instructions left 49
[2026-03-15 16:26:46.052] [info] Core [1] Tile Stats | Issued: 341 Running: 2 Finished: 339
[2026-03-15 16:26:46.052] [info] cycle: [1560000]
[2026-03-15 16:26:46.052] [info] Tile  status Gemm, instructions left 49
[2026-03-15 16:26:46.052] [info] Tile  status Gemm, instructions left 49
[2026-03-15 16:26:46.052] [info] Core [2] Tile Stats | Issued: 341 Running: 2 Finished: 339
[2026-03-15 16:26:46.052] [info] cycle: [1560000]
[2026-03-15 16:26:46.052] [info] Tile  status Gemm, instructions left 49
[2026-03-15 16:26:46.052] [info] Tile  status Gemm, instructions left 49
[2026-03-15 16:26:46.052] [info] Core [3] Tile Stats | Issued: 340 Running: 2 Finished: 338
[2026-03-15 16:26:46.052] [info] cycle: [1560000]
[2026-03-15 16:26:46.651] [info] HBM2-CH_0: BW utilization 67% (5311 reads, 1152 writes)
[2026-03-15 16:26:46.694] [info] Tile  status Gemm, instructions left 49
[2026-03-15 16:26:46.694] [info] Tile  status Gemm, instructions left 49
[2026-03-15 16:26:46.694] [info] Core [0] Tile Stats | Issued: 340 Running: 2 Finished: 338
[2026-03-15 16:26:46.694] [info] cycle: [1568000]
[2026-03-15 16:26:46.694] [info] Tile  status Gemm, instructions left 49
[2026-03-15 16:26:46.694] [info] Tile  status Gemm, instructions left 49
[2026-03-15 16:26:46.694] [info] Core [1] Tile Stats | Issued: 341 Running: 2 Finished: 339
[2026-03-15 16:26:46.694] [info] cycle: [1568000]
[2026-03-15 16:26:46.694] [info] Tile  status Gemm, instructions left 49
[2026-03-15 16:26:46.694] [info] Tile  status Gemm, instructions left 49
[2026-03-15 16:26:46.694] [info] Core [2] Tile Stats | Issued: 341 Running: 2 Finished: 339
[2026-03-15 16:26:46.694] [info] cycle: [1568000]
[2026-03-15 16:26:46.694] [info] Tile  status Gemm, instructions left 49
[2026-03-15 16:26:46.694] [info] Tile  status Gemm, instructions left 49
[2026-03-15 16:26:46.694] [info] Core [3] Tile Stats | Issued: 340 Running: 2 Finished: 338
[2026-03-15 16:26:46.694] [info] cycle: [1568000]
[2026-03-15 16:26:47.333] [info] HBM2-CH_0: BW utilization 80% (7749 reads, 0 writes)
[2026-03-15 16:26:47.395] [info] Tile  status Gemm, instructions left 1
[2026-03-15 16:26:47.395] [info] Tile  status Gemm, instructions left 49
[2026-03-15 16:26:47.395] [info] Core [0] Tile Stats | Issued: 340 Running: 2 Finished: 338
[2026-03-15 16:26:47.395] [info] cycle: [1576000]
[2026-03-15 16:26:47.395] [info] Tile  status Gemm, instructions left 49
[2026-03-15 16:26:47.395] [info] Tile  status Gemm, instructions left 49
[2026-03-15 16:26:47.395] [info] Core [1] Tile Stats | Issued: 341 Running: 2 Finished: 339
[2026-03-15 16:26:47.395] [info] cycle: [1576000]
[2026-03-15 16:26:47.395] [info] Tile  status Gemm, instructions left 1
[2026-03-15 16:26:47.395] [info] Tile  status Gemm, instructions left 49
[2026-03-15 16:26:47.395] [info] Core [2] Tile Stats | Issued: 341 Running: 2 Finished: 339
[2026-03-15 16:26:47.395] [info] cycle: [1576000]
[2026-03-15 16:26:47.395] [info] Tile  status Gemm, instructions left 1
[2026-03-15 16:26:47.395] [info] Tile  status Gemm, instructions left 49
[2026-03-15 16:26:47.395] [info] Core [3] Tile Stats | Issued: 340 Running: 2 Finished: 338
[2026-03-15 16:26:47.395] [info] cycle: [1576000]
[2026-03-15 16:26:48.016] [info] HBM2-CH_0: BW utilization 75% (7280 reads, 0 writes)
[2026-03-15 16:26:48.064] [info] Tile  status Gemm, instructions left 49
[2026-03-15 16:26:48.064] [info] Tile  status Gemm, instructions left 49
[2026-03-15 16:26:48.064] [info] Core [0] Tile Stats | Issued: 341 Running: 2 Finished: 339
[2026-03-15 16:26:48.064] [info] cycle: [1584000]
[2026-03-15 16:26:48.064] [info] Tile  status Gemm, instructions left 1
[2026-03-15 16:26:48.064] [info] Tile  status Gemm, instructions left 49
[2026-03-15 16:26:48.064] [info] Core [1] Tile Stats | Issued: 341 Running: 2 Finished: 339
[2026-03-15 16:26:48.064] [info] cycle: [1584000]
[2026-03-15 16:26:48.064] [info] Tile  status Gemm, instructions left 49
[2026-03-15 16:26:48.064] [info] Tile  status Gemm, instructions left 49
[2026-03-15 16:26:48.064] [info] Core [2] Tile Stats | Issued: 342 Running: 2 Finished: 340
[2026-03-15 16:26:48.064] [info] cycle: [1584000]
[2026-03-15 16:26:48.064] [info] Tile  status Gemm, instructions left 49
[2026-03-15 16:26:48.064] [info] Tile  status Gemm, instructions left 49
[2026-03-15 16:26:48.064] [info] Core [3] Tile Stats | Issued: 341 Running: 2 Finished: 339
[2026-03-15 16:26:48.064] [info] cycle: [1584000]
[2026-03-15 16:26:48.850] [info] HBM2-CH_0: BW utilization 76% (7322 reads, 50 writes)
[2026-03-15 16:26:48.898] [info] Tile  status Gemm, instructions left 1
[2026-03-15 16:26:48.898] [info] Tile  status Gemm, instructions left 49
[2026-03-15 16:26:48.898] [info] Core [0] Tile Stats | Issued: 341 Running: 2 Finished: 339
[2026-03-15 16:26:48.898] [info] cycle: [1592000]
[2026-03-15 16:26:48.898] [info] Tile  status Gemm, instructions left 49
[2026-03-15 16:26:48.898] [info] Tile  status Gemm, instructions left 49
[2026-03-15 16:26:48.898] [info] Core [1] Tile Stats | Issued: 342 Running: 2 Finished: 340
[2026-03-15 16:26:48.898] [info] cycle: [1592000]
[2026-03-15 16:26:48.898] [info] Tile  status Gemm, instructions left 1
[2026-03-15 16:26:48.898] [info] Tile  status Gemm, instructions left 49
[2026-03-15 16:26:48.898] [info] Core [2] Tile Stats | Issued: 342 Running: 2 Finished: 340
[2026-03-15 16:26:48.898] [info] cycle: [1592000]
[2026-03-15 16:26:48.898] [info] Tile  status Gemm, instructions left 1
[2026-03-15 16:26:48.898] [info] Tile  status Gemm, instructions left 49
[2026-03-15 16:26:48.898] [info] Core [3] Tile Stats | Issued: 341 Running: 2 Finished: 339
[2026-03-15 16:26:48.898] [info] cycle: [1592000]
[2026-03-15 16:26:49.845] [info] HBM2-CH_0: BW utilization 69% (6682 reads, 0 writes)
[2026-03-15 16:26:49.934] [info] Tile  status Gemm, instructions left 49
[2026-03-15 16:26:49.934] [info] Core [0] Tile Stats | Issued: 341 Running: 1 Finished: 340
[2026-03-15 16:26:49.934] [info] cycle: [1600000]
[2026-03-15 16:26:49.934] [info] Tile  status Gemm, instructions left 1
[2026-03-15 16:26:49.934] [info] Tile  status Gemm, instructions left 49
[2026-03-15 16:26:49.934] [info] Core [1] Tile Stats | Issued: 342 Running: 2 Finished: 340
[2026-03-15 16:26:49.934] [info] cycle: [1600000]
[2026-03-15 16:26:49.934] [info] Tile  status Gemm, instructions left 49
[2026-03-15 16:26:49.934] [info] Core [2] Tile Stats | Issued: 342 Running: 1 Finished: 341
[2026-03-15 16:26:49.934] [info] cycle: [1600000]
[2026-03-15 16:26:49.934] [info] Tile  status Gemm, instructions left 49
[2026-03-15 16:26:49.934] [info] Core [3] Tile Stats | Issued: 341 Running: 1 Finished: 340
[2026-03-15 16:26:49.934] [info] cycle: [1600000]
[2026-03-15 16:26:50.809] [info] HBM2-CH_0: BW utilization 63% (6007 reads, 88 writes)
[2026-03-15 16:26:50.848] [info] Tile  status Gemm, instructions left 1
[2026-03-15 16:26:50.848] [info] Core [0] Tile Stats | Issued: 341 Running: 1 Finished: 340
[2026-03-15 16:26:50.848] [info] cycle: [1608000]
[2026-03-15 16:26:50.848] [info] Tile  status Gemm, instructions left 1
[2026-03-15 16:26:50.848] [info] Core [1] Tile Stats | Issued: 342 Running: 1 Finished: 341
[2026-03-15 16:26:50.848] [info] cycle: [1608000]
[2026-03-15 16:26:50.848] [info] Tile  status Gemm, instructions left 1
[2026-03-15 16:26:50.848] [info] Core [2] Tile Stats | Issued: 342 Running: 1 Finished: 341
[2026-03-15 16:26:50.848] [info] cycle: [1608000]
[2026-03-15 16:26:50.848] [info] Tile  status Gemm, instructions left 1
[2026-03-15 16:26:50.848] [info] Core [3] Tile Stats | Issued: 341 Running: 1 Finished: 340
[2026-03-15 16:26:50.848] [info] cycle: [1608000]
[2026-03-15 16:26:51.202] [info] Layer /blocks.21/conv_proj/Gemm finish at 1613392
[2026-03-15 16:26:51.202] [info] Total compute time 60085
[2026-03-15 16:26:51.202] [info] executable layer count 55
[2026-03-15 16:26:51.202] [info] Start layer /blocks.21/Slice_2
[2026-03-15 16:26:51.268] [info] Layer /blocks.21/Slice_2 finish at 1614037
[2026-03-15 16:26:51.268] [info] Total compute time 645
[2026-03-15 16:26:51.268] [info] executable layer count 54
[2026-03-15 16:26:51.268] [info] Start layer /blocks.21/Reshape
[2026-03-15 16:26:51.449] [info] HBM2-CH_0: BW utilization 19% (1222 reads, 612 writes)
[2026-03-15 16:26:51.548] [info] Core [0] Tile Stats | Issued: 342 Running: 0 Finished: 342
[2026-03-15 16:26:51.548] [info] cycle: [1616000]
[2026-03-15 16:26:51.548] [info] Core [1] Tile Stats | Issued: 342 Running: 0 Finished: 342
[2026-03-15 16:26:51.548] [info] cycle: [1616000]
[2026-03-15 16:26:51.548] [info] Core [2] Tile Stats | Issued: 342 Running: 0 Finished: 342
[2026-03-15 16:26:51.548] [info] cycle: [1616000]
[2026-03-15 16:26:51.548] [info] Tile  status /blocks.21/Reshape, instructions left 1
[2026-03-15 16:26:51.548] [info] Core [3] Tile Stats | Issued: 342 Running: 1 Finished: 341
[2026-03-15 16:26:51.548] [info] cycle: [1616000]
[2026-03-15 16:26:51.769] [info] Layer /blocks.21/Reshape finish at 1617048
[2026-03-15 16:26:51.769] [info] Total compute time 3011
[2026-03-15 16:26:51.769] [info] executable layer count 53
[2026-03-15 16:26:51.769] [info] Start layer /blocks.22/conv_proj/Gemm
[2026-03-15 16:26:52.259] [info] HBM2-CH_0: BW utilization 70% (5463 reads, 1267 writes)
[2026-03-15 16:26:52.298] [info] Tile  status Gemm, instructions left 49
[2026-03-15 16:26:52.298] [info] Tile  status Gemm, instructions left 49
[2026-03-15 16:26:52.298] [info] Core [0] Tile Stats | Issued: 344 Running: 2 Finished: 342
[2026-03-15 16:26:52.298] [info] cycle: [1624000]
[2026-03-15 16:26:52.298] [info] Tile  status Gemm, instructions left 49
[2026-03-15 16:26:52.298] [info] Tile  status Gemm, instructions left 49
[2026-03-15 16:26:52.298] [info] Core [1] Tile Stats | Issued: 344 Running: 2 Finished: 342
[2026-03-15 16:26:52.298] [info] cycle: [1624000]
[2026-03-15 16:26:52.298] [info] Tile  status Gemm, instructions left 49
[2026-03-15 16:26:52.298] [info] Tile  status Gemm, instructions left 49
[2026-03-15 16:26:52.298] [info] Core [2] Tile Stats | Issued: 344 Running: 2 Finished: 342
[2026-03-15 16:26:52.298] [info] cycle: [1624000]
[2026-03-15 16:26:52.298] [info] Tile  status Gemm, instructions left 49
[2026-03-15 16:26:52.298] [info] Tile  status Gemm, instructions left 49
[2026-03-15 16:26:52.298] [info] Core [3] Tile Stats | Issued: 344 Running: 2 Finished: 342
[2026-03-15 16:26:52.298] [info] cycle: [1624000]
[2026-03-15 16:26:52.790] [info] HBM2-CH_0: BW utilization 71% (5893 reads, 1008 writes)
[2026-03-15 16:26:52.834] [info] Tile  status Gemm, instructions left 49
[2026-03-15 16:26:52.834] [info] Tile  status Gemm, instructions left 49
[2026-03-15 16:26:52.834] [info] Core [0] Tile Stats | Issued: 344 Running: 2 Finished: 342
[2026-03-15 16:26:52.834] [info] cycle: [1632000]
[2026-03-15 16:26:52.834] [info] Tile  status Gemm, instructions left 49
[2026-03-15 16:26:52.834] [info] Tile  status Gemm, instructions left 49
[2026-03-15 16:26:52.834] [info] Core [1] Tile Stats | Issued: 344 Running: 2 Finished: 342
[2026-03-15 16:26:52.834] [info] cycle: [1632000]
[2026-03-15 16:26:52.834] [info] Tile  status Gemm, instructions left 49
[2026-03-15 16:26:52.834] [info] Tile  status Gemm, instructions left 49
[2026-03-15 16:26:52.834] [info] Core [2] Tile Stats | Issued: 344 Running: 2 Finished: 342
[2026-03-15 16:26:52.834] [info] cycle: [1632000]
[2026-03-15 16:26:52.834] [info] Tile  status Gemm, instructions left 49
[2026-03-15 16:26:52.834] [info] Tile  status Gemm, instructions left 49
[2026-03-15 16:26:52.834] [info] Core [3] Tile Stats | Issued: 344 Running: 2 Finished: 342
[2026-03-15 16:26:52.834] [info] cycle: [1632000]
[2026-03-15 16:26:53.360] [info] HBM2-CH_0: BW utilization 81% (7807 reads, 0 writes)
[2026-03-15 16:26:53.404] [info] Tile  status Gemm, instructions left 1
[2026-03-15 16:26:53.404] [info] Tile  status Gemm, instructions left 49
[2026-03-15 16:26:53.404] [info] Core [0] Tile Stats | Issued: 344 Running: 2 Finished: 342
[2026-03-15 16:26:53.404] [info] cycle: [1640000]
[2026-03-15 16:26:53.404] [info] Tile  status Gemm, instructions left 1
[2026-03-15 16:26:53.404] [info] Tile  status Gemm, instructions left 49
[2026-03-15 16:26:53.404] [info] Core [1] Tile Stats | Issued: 344 Running: 2 Finished: 342
[2026-03-15 16:26:53.404] [info] cycle: [1640000]
[2026-03-15 16:26:53.404] [info] Tile  status Gemm, instructions left 1
[2026-03-15 16:26:53.404] [info] Tile  status Gemm, instructions left 49
[2026-03-15 16:26:53.404] [info] Core [2] Tile Stats | Issued: 344 Running: 2 Finished: 342
[2026-03-15 16:26:53.404] [info] cycle: [1640000]
[2026-03-15 16:26:53.404] [info] Tile  status Gemm, instructions left 49
[2026-03-15 16:26:53.404] [info] Tile  status Gemm, instructions left 49
[2026-03-15 16:26:53.404] [info] Core [3] Tile Stats | Issued: 344 Running: 2 Finished: 342
[2026-03-15 16:26:53.404] [info] cycle: [1640000]
[2026-03-15 16:26:53.930] [info] HBM2-CH_0: BW utilization 72% (6940 reads, 0 writes)
[2026-03-15 16:26:54.004] [info] Tile  status Gemm, instructions left 49
[2026-03-15 16:26:54.004] [info] Tile  status Gemm, instructions left 49
[2026-03-15 16:26:54.004] [info] Core [0] Tile Stats | Issued: 345 Running: 2 Finished: 343
[2026-03-15 16:26:54.004] [info] cycle: [1648000]
[2026-03-15 16:26:54.004] [info] Tile  status Gemm, instructions left 49
[2026-03-15 16:26:54.004] [info] Tile  status Gemm, instructions left 49
[2026-03-15 16:26:54.004] [info] Core [1] Tile Stats | Issued: 345 Running: 2 Finished: 343
[2026-03-15 16:26:54.004] [info] cycle: [1648000]
[2026-03-15 16:26:54.004] [info] Tile  status Gemm, instructions left 49
[2026-03-15 16:26:54.004] [info] Tile  status Gemm, instructions left 49
[2026-03-15 16:26:54.004] [info] Core [2] Tile Stats | Issued: 345 Running: 2 Finished: 343
[2026-03-15 16:26:54.004] [info] cycle: [1648000]
[2026-03-15 16:26:54.004] [info] Tile  status Gemm, instructions left 1
[2026-03-15 16:26:54.004] [info] Tile  status Gemm, instructions left 49
[2026-03-15 16:26:54.004] [info] Core [3] Tile Stats | Issued: 344 Running: 2 Finished: 342
[2026-03-15 16:26:54.004] [info] cycle: [1648000]
[2026-03-15 16:26:54.807] [info] HBM2-CH_0: BW utilization 76% (7288 reads, 48 writes)
[2026-03-15 16:26:54.887] [info] Tile  status Gemm, instructions left 1
[2026-03-15 16:26:54.887] [info] Tile  status Gemm, instructions left 49
[2026-03-15 16:26:54.887] [info] Core [0] Tile Stats | Issued: 345 Running: 2 Finished: 343
[2026-03-15 16:26:54.887] [info] cycle: [1656000]
[2026-03-15 16:26:54.887] [info] Tile  status Gemm, instructions left 1
[2026-03-15 16:26:54.887] [info] Tile  status Gemm, instructions left 49
[2026-03-15 16:26:54.887] [info] Core [1] Tile Stats | Issued: 345 Running: 2 Finished: 343
[2026-03-15 16:26:54.887] [info] cycle: [1656000]
[2026-03-15 16:26:54.887] [info] Tile  status Gemm, instructions left 1
[2026-03-15 16:26:54.887] [info] Tile  status Gemm, instructions left 49
[2026-03-15 16:26:54.887] [info] Core [2] Tile Stats | Issued: 345 Running: 2 Finished: 343
[2026-03-15 16:26:54.887] [info] cycle: [1656000]
[2026-03-15 16:26:54.887] [info] Tile  status Gemm, instructions left 49
[2026-03-15 16:26:54.887] [info] Tile  status Gemm, instructions left 49
[2026-03-15 16:26:54.887] [info] Core [3] Tile Stats | Issued: 345 Running: 2 Finished: 343
[2026-03-15 16:26:54.887] [info] cycle: [1656000]
[2026-03-15 16:26:55.851] [info] HBM2-CH_0: BW utilization 64% (6218 reads, 0 writes)
[2026-03-15 16:26:55.951] [info] Tile  status Gemm, instructions left 49
[2026-03-15 16:26:55.951] [info] Core [0] Tile Stats | Issued: 345 Running: 1 Finished: 344
[2026-03-15 16:26:55.951] [info] cycle: [1664000]
[2026-03-15 16:26:55.951] [info] Tile  status Gemm, instructions left 49
[2026-03-15 16:26:55.951] [info] Core [1] Tile Stats | Issued: 345 Running: 1 Finished: 344
[2026-03-15 16:26:55.951] [info] cycle: [1664000]
[2026-03-15 16:26:55.951] [info] Tile  status Gemm, instructions left 49
[2026-03-15 16:26:55.951] [info] Core [2] Tile Stats | Issued: 345 Running: 1 Finished: 344
[2026-03-15 16:26:55.951] [info] cycle: [1664000]
[2026-03-15 16:26:55.951] [info] Tile  status Gemm, instructions left 1
[2026-03-15 16:26:55.951] [info] Tile  status Gemm, instructions left 49
[2026-03-15 16:26:55.951] [info] Core [3] Tile Stats | Issued: 345 Running: 2 Finished: 343
[2026-03-15 16:26:55.951] [info] cycle: [1664000]
[2026-03-15 16:26:56.857] [info] HBM2-CH_0: BW utilization 61% (5831 reads, 89 writes)
[2026-03-15 16:26:56.898] [info] Tile  status Gemm, instructions left 1
[2026-03-15 16:26:56.898] [info] Core [0] Tile Stats | Issued: 345 Running: 1 Finished: 344
[2026-03-15 16:26:56.898] [info] cycle: [1672000]
[2026-03-15 16:26:56.898] [info] Tile  status Gemm, instructions left 1
[2026-03-15 16:26:56.898] [info] Core [1] Tile Stats | Issued: 345 Running: 1 Finished: 344
[2026-03-15 16:26:56.898] [info] cycle: [1672000]
[2026-03-15 16:26:56.898] [info] Tile  status Gemm, instructions left 1
[2026-03-15 16:26:56.898] [info] Core [2] Tile Stats | Issued: 345 Running: 1 Finished: 344
[2026-03-15 16:26:56.898] [info] cycle: [1672000]
[2026-03-15 16:26:56.898] [info] Tile  status Gemm, instructions left 1
[2026-03-15 16:26:56.898] [info] Core [3] Tile Stats | Issued: 345 Running: 1 Finished: 344
[2026-03-15 16:26:56.898] [info] cycle: [1672000]
[2026-03-15 16:26:57.267] [info] Layer /blocks.22/conv_proj/Gemm finish at 1677377
[2026-03-15 16:26:57.267] [info] Total compute time 60329
[2026-03-15 16:26:57.267] [info] executable layer count 53
[2026-03-15 16:26:57.267] [info] Start layer /blocks.22/Slice_2
[2026-03-15 16:26:57.334] [info] Layer /blocks.22/Slice_2 finish at 1678026
[2026-03-15 16:26:57.334] [info] Total compute time 649
[2026-03-15 16:26:57.334] [info] executable layer count 52
[2026-03-15 16:26:57.334] [info] Start layer /blocks.22/Reshape
[2026-03-15 16:26:57.505] [info] HBM2-CH_0: BW utilization 18% (1238 reads, 577 writes)
[2026-03-15 16:26:57.592] [info] Core [0] Tile Stats | Issued: 345 Running: 0 Finished: 345
[2026-03-15 16:26:57.592] [info] cycle: [1680000]
[2026-03-15 16:26:57.593] [info] Tile  status /blocks.22/Reshape, instructions left 1
[2026-03-15 16:26:57.593] [info] Core [1] Tile Stats | Issued: 346 Running: 1 Finished: 345
[2026-03-15 16:26:57.593] [info] cycle: [1680000]
[2026-03-15 16:26:57.593] [info] Core [2] Tile Stats | Issued: 346 Running: 0 Finished: 346
[2026-03-15 16:26:57.593] [info] cycle: [1680000]
[2026-03-15 16:26:57.593] [info] Core [3] Tile Stats | Issued: 345 Running: 0 Finished: 345
[2026-03-15 16:26:57.593] [info] cycle: [1680000]
[2026-03-15 16:26:57.734] [info] Layer /blocks.22/Reshape finish at 1681026
[2026-03-15 16:26:57.734] [info] Total compute time 3000
[2026-03-15 16:26:57.734] [info] executable layer count 51
[2026-03-15 16:26:57.734] [info] Start layer /blocks.23/conv_proj/Gemm
[2026-03-15 16:26:58.165] [info] HBM2-CH_0: BW utilization 67% (5199 reads, 1233 writes)
[2026-03-15 16:26:58.207] [info] Tile  status Gemm, instructions left 49
[2026-03-15 16:26:58.207] [info] Tile  status Gemm, instructions left 49
[2026-03-15 16:26:58.207] [info] Core [0] Tile Stats | Issued: 347 Running: 2 Finished: 345
[2026-03-15 16:26:58.207] [info] cycle: [1688000]
[2026-03-15 16:26:58.207] [info] Tile  status Gemm, instructions left 49
[2026-03-15 16:26:58.207] [info] Tile  status Gemm, instructions left 49
[2026-03-15 16:26:58.207] [info] Core [1] Tile Stats | Issued: 348 Running: 2 Finished: 346
[2026-03-15 16:26:58.207] [info] cycle: [1688000]
[2026-03-15 16:26:58.207] [info] Tile  status Gemm, instructions left 49
[2026-03-15 16:26:58.207] [info] Tile  status Gemm, instructions left 49
[2026-03-15 16:26:58.207] [info] Core [2] Tile Stats | Issued: 348 Running: 2 Finished: 346
[2026-03-15 16:26:58.207] [info] cycle: [1688000]
[2026-03-15 16:26:58.207] [info] Tile  status Gemm, instructions left 49
[2026-03-15 16:26:58.207] [info] Tile  status Gemm, instructions left 49
[2026-03-15 16:26:58.207] [info] Core [3] Tile Stats | Issued: 347 Running: 2 Finished: 345
[2026-03-15 16:26:58.207] [info] cycle: [1688000]
[2026-03-15 16:26:58.716] [info] HBM2-CH_0: BW utilization 66% (5353 reads, 1076 writes)
[2026-03-15 16:26:58.763] [info] Tile  status Gemm, instructions left 49
[2026-03-15 16:26:58.763] [info] Tile  status Gemm, instructions left 49
[2026-03-15 16:26:58.763] [info] Core [0] Tile Stats | Issued: 347 Running: 2 Finished: 345
[2026-03-15 16:26:58.763] [info] cycle: [1696000]
[2026-03-15 16:26:58.763] [info] Tile  status Gemm, instructions left 49
[2026-03-15 16:26:58.763] [info] Tile  status Gemm, instructions left 49
[2026-03-15 16:26:58.763] [info] Core [1] Tile Stats | Issued: 348 Running: 2 Finished: 346
[2026-03-15 16:26:58.763] [info] cycle: [1696000]
[2026-03-15 16:26:58.763] [info] Tile  status Gemm, instructions left 49
[2026-03-15 16:26:58.763] [info] Tile  status Gemm, instructions left 49
[2026-03-15 16:26:58.763] [info] Core [2] Tile Stats | Issued: 348 Running: 2 Finished: 346
[2026-03-15 16:26:58.763] [info] cycle: [1696000]
[2026-03-15 16:26:58.763] [info] Tile  status Gemm, instructions left 49
[2026-03-15 16:26:58.763] [info] Tile  status Gemm, instructions left 49
[2026-03-15 16:26:58.763] [info] Core [3] Tile Stats | Issued: 347 Running: 2 Finished: 345
[2026-03-15 16:26:58.763] [info] cycle: [1696000]
[2026-03-15 16:26:59.310] [info] HBM2-CH_0: BW utilization 79% (7625 reads, 0 writes)
[2026-03-15 16:26:59.360] [info] Tile  status Gemm, instructions left 1
[2026-03-15 16:26:59.360] [info] Tile  status Gemm, instructions left 49
[2026-03-15 16:26:59.360] [info] Core [0] Tile Stats | Issued: 347 Running: 2 Finished: 345
[2026-03-15 16:26:59.360] [info] cycle: [1704000]
[2026-03-15 16:26:59.360] [info] Tile  status Gemm, instructions left 49
[2026-03-15 16:26:59.360] [info] Tile  status Gemm, instructions left 49
[2026-03-15 16:26:59.360] [info] Core [1] Tile Stats | Issued: 348 Running: 2 Finished: 346
[2026-03-15 16:26:59.360] [info] cycle: [1704000]
[2026-03-15 16:26:59.360] [info] Tile  status Gemm, instructions left 1
[2026-03-15 16:26:59.360] [info] Tile  status Gemm, instructions left 49
[2026-03-15 16:26:59.360] [info] Core [2] Tile Stats | Issued: 348 Running: 2 Finished: 346
[2026-03-15 16:26:59.360] [info] cycle: [1704000]
[2026-03-15 16:26:59.360] [info] Tile  status Gemm, instructions left 1
[2026-03-15 16:26:59.360] [info] Tile  status Gemm, instructions left 49
[2026-03-15 16:26:59.360] [info] Core [3] Tile Stats | Issued: 347 Running: 2 Finished: 345
[2026-03-15 16:26:59.360] [info] cycle: [1704000]
[2026-03-15 16:26:59.909] [info] HBM2-CH_0: BW utilization 72% (7007 reads, 0 writes)
[2026-03-15 16:26:59.957] [info] Tile  status Gemm, instructions left 49
[2026-03-15 16:26:59.957] [info] Tile  status Gemm, instructions left 49
[2026-03-15 16:26:59.957] [info] Core [0] Tile Stats | Issued: 348 Running: 2 Finished: 346
[2026-03-15 16:26:59.957] [info] cycle: [1712000]
[2026-03-15 16:26:59.957] [info] Tile  status Gemm, instructions left 1
[2026-03-15 16:26:59.957] [info] Tile  status Gemm, instructions left 49
[2026-03-15 16:26:59.957] [info] Core [1] Tile Stats | Issued: 348 Running: 2 Finished: 346
[2026-03-15 16:26:59.957] [info] cycle: [1712000]
[2026-03-15 16:26:59.957] [info] Tile  status Gemm, instructions left 49
[2026-03-15 16:26:59.957] [info] Tile  status Gemm, instructions left 49
[2026-03-15 16:26:59.957] [info] Core [2] Tile Stats | Issued: 349 Running: 2 Finished: 347
[2026-03-15 16:26:59.957] [info] cycle: [1712000]
[2026-03-15 16:26:59.957] [info] Tile  status Gemm, instructions left 49
[2026-03-15 16:26:59.957] [info] Tile  status Gemm, instructions left 49
[2026-03-15 16:26:59.957] [info] Core [3] Tile Stats | Issued: 348 Running: 2 Finished: 346
[2026-03-15 16:26:59.957] [info] cycle: [1712000]
[2026-03-15 16:27:00.530] [info] HBM2-CH_0: BW utilization 75% (7221 reads, 41 writes)
[2026-03-15 16:27:00.581] [info] Tile  status Gemm, instructions left 1
[2026-03-15 16:27:00.581] [info] Tile  status Gemm, instructions left 49
[2026-03-15 16:27:00.581] [info] Core [0] Tile Stats | Issued: 348 Running: 2 Finished: 346
[2026-03-15 16:27:00.581] [info] cycle: [1720000]
[2026-03-15 16:27:00.581] [info] Tile  status Gemm, instructions left 49
[2026-03-15 16:27:00.581] [info] Tile  status Gemm, instructions left 49
[2026-03-15 16:27:00.581] [info] Core [1] Tile Stats | Issued: 349 Running: 2 Finished: 347
[2026-03-15 16:27:00.581] [info] cycle: [1720000]
[2026-03-15 16:27:00.581] [info] Tile  status Gemm, instructions left 1
[2026-03-15 16:27:00.581] [info] Tile  status Gemm, instructions left 49
[2026-03-15 16:27:00.581] [info] Core [2] Tile Stats | Issued: 349 Running: 2 Finished: 347
[2026-03-15 16:27:00.581] [info] cycle: [1720000]
[2026-03-15 16:27:00.581] [info] Tile  status Gemm, instructions left 1
[2026-03-15 16:27:00.581] [info] Tile  status Gemm, instructions left 49
[2026-03-15 16:27:00.581] [info] Core [3] Tile Stats | Issued: 348 Running: 2 Finished: 346
[2026-03-15 16:27:00.581] [info] cycle: [1720000]
[2026-03-15 16:27:01.460] [info] HBM2-CH_0: BW utilization 67% (6507 reads, 0 writes)
[2026-03-15 16:27:01.562] [info] Tile  status Gemm, instructions left 49
[2026-03-15 16:27:01.562] [info] Core [0] Tile Stats | Issued: 348 Running: 1 Finished: 347
[2026-03-15 16:27:01.562] [info] cycle: [1728000]
[2026-03-15 16:27:01.562] [info] Tile  status Gemm, instructions left 1
[2026-03-15 16:27:01.562] [info] Tile  status Gemm, instructions left 49
[2026-03-15 16:27:01.562] [info] Core [1] Tile Stats | Issued: 349 Running: 2 Finished: 347
[2026-03-15 16:27:01.562] [info] cycle: [1728000]
[2026-03-15 16:27:01.562] [info] Tile  status Gemm, instructions left 49
[2026-03-15 16:27:01.562] [info] Core [2] Tile Stats | Issued: 349 Running: 1 Finished: 348
[2026-03-15 16:27:01.562] [info] cycle: [1728000]
[2026-03-15 16:27:01.562] [info] Tile  status Gemm, instructions left 49
[2026-03-15 16:27:01.562] [info] Core [3] Tile Stats | Issued: 348 Running: 1 Finished: 347
[2026-03-15 16:27:01.562] [info] cycle: [1728000]
[2026-03-15 16:27:02.431] [info] HBM2-CH_0: BW utilization 68% (6512 reads, 96 writes)
[2026-03-15 16:27:02.473] [info] Tile  status Gemm, instructions left 1
[2026-03-15 16:27:02.473] [info] Core [0] Tile Stats | Issued: 348 Running: 1 Finished: 347
[2026-03-15 16:27:02.473] [info] cycle: [1736000]
[2026-03-15 16:27:02.473] [info] Tile  status Gemm, instructions left 1
[2026-03-15 16:27:02.473] [info] Core [1] Tile Stats | Issued: 349 Running: 1 Finished: 348
[2026-03-15 16:27:02.473] [info] cycle: [1736000]
[2026-03-15 16:27:02.473] [info] Tile  status Gemm, instructions left 1
[2026-03-15 16:27:02.473] [info] Core [2] Tile Stats | Issued: 349 Running: 1 Finished: 348
[2026-03-15 16:27:02.473] [info] cycle: [1736000]
[2026-03-15 16:27:02.473] [info] Tile  status Gemm, instructions left 1
[2026-03-15 16:27:02.473] [info] Core [3] Tile Stats | Issued: 348 Running: 1 Finished: 347
[2026-03-15 16:27:02.473] [info] cycle: [1736000]
[2026-03-15 16:27:02.792] [info] Layer /blocks.23/conv_proj/Gemm finish at 1740925
[2026-03-15 16:27:02.792] [info] Total compute time 59899
[2026-03-15 16:27:02.792] [info] executable layer count 51
[2026-03-15 16:27:02.792] [info] Start layer /blocks.23/Slice_2
[2026-03-15 16:27:02.857] [info] Layer /blocks.23/Slice_2 finish at 1741572
[2026-03-15 16:27:02.857] [info] Total compute time 647
[2026-03-15 16:27:02.857] [info] executable layer count 50
[2026-03-15 16:27:02.857] [info] Start layer /blocks.23/Reshape
[2026-03-15 16:27:03.099] [info] HBM2-CH_0: BW utilization 23% (1611 reads, 612 writes)
[2026-03-15 16:27:03.198] [info] Core [0] Tile Stats | Issued: 349 Running: 0 Finished: 349
[2026-03-15 16:27:03.198] [info] cycle: [1744000]
[2026-03-15 16:27:03.198] [info] Core [1] Tile Stats | Issued: 349 Running: 0 Finished: 349
[2026-03-15 16:27:03.198] [info] cycle: [1744000]
[2026-03-15 16:27:03.198] [info] Core [2] Tile Stats | Issued: 349 Running: 0 Finished: 349
[2026-03-15 16:27:03.198] [info] cycle: [1744000]
[2026-03-15 16:27:03.198] [info] Tile  status /blocks.23/Reshape, instructions left 1
[2026-03-15 16:27:03.198] [info] Core [3] Tile Stats | Issued: 349 Running: 1 Finished: 348
[2026-03-15 16:27:03.198] [info] cycle: [1744000]
[2026-03-15 16:27:03.339] [info] Layer /blocks.23/Reshape finish at 1744603
[2026-03-15 16:27:03.339] [info] Total compute time 3031
[2026-03-15 16:27:03.339] [info] executable layer count 49
[2026-03-15 16:27:03.339] [info] Start layer /blocks.23/Unsqueeze_1
[2026-03-15 16:27:03.650] [info] Layer /blocks.23/Unsqueeze_1 finish at 1747126
[2026-03-15 16:27:03.650] [info] Total compute time 2523
[2026-03-15 16:27:03.650] [info] executable layer count 48
[2026-03-15 16:27:03.650] [info] Start layer /blocks.22/Unsqueeze_1
[2026-03-15 16:27:03.677] [info] Layer /blocks.22/Unsqueeze_1 finish at 1747400
[2026-03-15 16:27:03.677] [info] Total compute time 274
[2026-03-15 16:27:03.677] [info] executable layer count 47
[2026-03-15 16:27:03.677] [info] Start layer /blocks.21/Unsqueeze_1
[2026-03-15 16:27:03.705] [info] Layer /blocks.21/Unsqueeze_1 finish at 1747683
[2026-03-15 16:27:03.705] [info] Total compute time 283
[2026-03-15 16:27:03.705] [info] executable layer count 46
[2026-03-15 16:27:03.705] [info] Start layer /blocks.20/Unsqueeze_1
[2026-03-15 16:27:03.732] [info] Layer /blocks.20/Unsqueeze_1 finish at 1747965
[2026-03-15 16:27:03.732] [info] Total compute time 282
[2026-03-15 16:27:03.732] [info] executable layer count 45
[2026-03-15 16:27:03.732] [info] Start layer /blocks.19/Unsqueeze_1
[2026-03-15 16:27:03.758] [info] Layer /blocks.19/Unsqueeze_1 finish at 1748246
[2026-03-15 16:27:03.758] [info] Total compute time 281
[2026-03-15 16:27:03.758] [info] executable layer count 44
[2026-03-15 16:27:03.758] [info] Start layer /blocks.18/Unsqueeze_1
[2026-03-15 16:27:03.785] [info] Layer /blocks.18/Unsqueeze_1 finish at 1748531
[2026-03-15 16:27:03.785] [info] Total compute time 285
[2026-03-15 16:27:03.785] [info] executable layer count 43
[2026-03-15 16:27:03.785] [info] Start layer /blocks.17/Unsqueeze_1
[2026-03-15 16:27:03.812] [info] Layer /blocks.17/Unsqueeze_1 finish at 1748818
[2026-03-15 16:27:03.812] [info] Total compute time 287
[2026-03-15 16:27:03.812] [info] executable layer count 42
[2026-03-15 16:27:03.812] [info] Start layer /blocks.16/Unsqueeze_1
[2026-03-15 16:27:03.839] [info] Layer /blocks.16/Unsqueeze_1 finish at 1749103
[2026-03-15 16:27:03.839] [info] Total compute time 285
[2026-03-15 16:27:03.839] [info] executable layer count 41
[2026-03-15 16:27:03.839] [info] Start layer /blocks.15/Unsqueeze_1
[2026-03-15 16:27:03.865] [info] Layer /blocks.15/Unsqueeze_1 finish at 1749387
[2026-03-15 16:27:03.865] [info] Total compute time 284
[2026-03-15 16:27:03.865] [info] executable layer count 40
[2026-03-15 16:27:03.865] [info] Start layer /blocks.14/Unsqueeze_1
[2026-03-15 16:27:03.892] [info] Layer /blocks.14/Unsqueeze_1 finish at 1749675
[2026-03-15 16:27:03.892] [info] Total compute time 288
[2026-03-15 16:27:03.892] [info] executable layer count 39
[2026-03-15 16:27:03.892] [info] Start layer /blocks.13/Unsqueeze_1
[2026-03-15 16:27:03.919] [info] Layer /blocks.13/Unsqueeze_1 finish at 1749958
[2026-03-15 16:27:03.919] [info] Total compute time 283
[2026-03-15 16:27:03.919] [info] executable layer count 38
[2026-03-15 16:27:03.919] [info] Start layer /blocks.12/Unsqueeze_1
[2026-03-15 16:27:03.946] [info] Layer /blocks.12/Unsqueeze_1 finish at 1750237
[2026-03-15 16:27:03.946] [info] Total compute time 279
[2026-03-15 16:27:03.946] [info] executable layer count 37
[2026-03-15 16:27:03.946] [info] Start layer /blocks.11/Unsqueeze_1
[2026-03-15 16:27:03.976] [info] Layer /blocks.11/Unsqueeze_1 finish at 1750525
[2026-03-15 16:27:03.976] [info] Total compute time 288
[2026-03-15 16:27:03.976] [info] executable layer count 36
[2026-03-15 16:27:03.976] [info] Start layer /blocks.10/Unsqueeze_1
[2026-03-15 16:27:04.014] [info] Layer /blocks.10/Unsqueeze_1 finish at 1750808
[2026-03-15 16:27:04.014] [info] Total compute time 283
[2026-03-15 16:27:04.014] [info] executable layer count 35
[2026-03-15 16:27:04.014] [info] Start layer /blocks.9/Unsqueeze_1
[2026-03-15 16:27:04.042] [info] Layer /blocks.9/Unsqueeze_1 finish at 1751090
[2026-03-15 16:27:04.042] [info] Total compute time 282
[2026-03-15 16:27:04.042] [info] executable layer count 34
[2026-03-15 16:27:04.042] [info] Start layer /blocks.8/Unsqueeze_1
[2026-03-15 16:27:04.062] [info] HBM2-CH_0: BW utilization 67% (2754 reads, 3744 writes)
[2026-03-15 16:27:04.069] [info] Layer /blocks.8/Unsqueeze_1 finish at 1751373
[2026-03-15 16:27:04.069] [info] Total compute time 283
[2026-03-15 16:27:04.069] [info] executable layer count 33
[2026-03-15 16:27:04.069] [info] Start layer /blocks.7/Unsqueeze_1
[2026-03-15 16:27:04.097] [info] Layer /blocks.7/Unsqueeze_1 finish at 1751657
[2026-03-15 16:27:04.097] [info] Total compute time 284
[2026-03-15 16:27:04.097] [info] executable layer count 32
[2026-03-15 16:27:04.097] [info] Start layer /blocks.6/Unsqueeze_1
[2026-03-15 16:27:04.123] [info] Layer /blocks.6/Unsqueeze_1 finish at 1751934
[2026-03-15 16:27:04.123] [info] Total compute time 277
[2026-03-15 16:27:04.123] [info] executable layer count 31
[2026-03-15 16:27:04.123] [info] Start layer /blocks.5/Unsqueeze_1
[2026-03-15 16:27:04.128] [info] Tile  status /blocks.5/Unsqueeze_1, instructions left 1
[2026-03-15 16:27:04.128] [info] Core [0] Tile Stats | Issued: 354 Running: 1 Finished: 353
[2026-03-15 16:27:04.128] [info] cycle: [1752000]
[2026-03-15 16:27:04.128] [info] Core [1] Tile Stats | Issued: 354 Running: 0 Finished: 354
[2026-03-15 16:27:04.128] [info] cycle: [1752000]
[2026-03-15 16:27:04.128] [info] Core [2] Tile Stats | Issued: 354 Running: 0 Finished: 354
[2026-03-15 16:27:04.128] [info] cycle: [1752000]
[2026-03-15 16:27:04.128] [info] Core [3] Tile Stats | Issued: 353 Running: 0 Finished: 353
[2026-03-15 16:27:04.128] [info] cycle: [1752000]
[2026-03-15 16:27:04.148] [info] Layer /blocks.5/Unsqueeze_1 finish at 1752210
[2026-03-15 16:27:04.148] [info] Total compute time 276
[2026-03-15 16:27:04.148] [info] executable layer count 30
[2026-03-15 16:27:04.148] [info] Start layer /blocks.4/Unsqueeze_1
[2026-03-15 16:27:04.174] [info] Layer /blocks.4/Unsqueeze_1 finish at 1752485
[2026-03-15 16:27:04.174] [info] Total compute time 275
[2026-03-15 16:27:04.174] [info] executable layer count 29
[2026-03-15 16:27:04.174] [info] Start layer /blocks.3/Unsqueeze_1
[2026-03-15 16:27:04.201] [info] Layer /blocks.3/Unsqueeze_1 finish at 1752760
[2026-03-15 16:27:04.201] [info] Total compute time 275
[2026-03-15 16:27:04.201] [info] executable layer count 28
[2026-03-15 16:27:04.201] [info] Start layer /blocks.2/Unsqueeze_1
[2026-03-15 16:27:04.227] [info] Layer /blocks.2/Unsqueeze_1 finish at 1753044
[2026-03-15 16:27:04.227] [info] Total compute time 284
[2026-03-15 16:27:04.227] [info] executable layer count 27
[2026-03-15 16:27:04.227] [info] Start layer /blocks.1/Unsqueeze_1
[2026-03-15 16:27:04.254] [info] Layer /blocks.1/Unsqueeze_1 finish at 1753320
[2026-03-15 16:27:04.254] [info] Total compute time 276
[2026-03-15 16:27:04.254] [info] executable layer count 26
[2026-03-15 16:27:04.254] [info] Start layer /blocks.0/Sigmoid
[2026-03-15 16:27:04.289] [info] Layer /blocks.0/Sigmoid finish at 1753688
[2026-03-15 16:27:04.289] [info] Total compute time 368
[2026-03-15 16:27:04.289] [info] executable layer count 26
[2026-03-15 16:27:04.289] [info] Start layer /blocks.0/Concat
[2026-03-15 16:27:04.402] [info] Layer /blocks.0/Concat finish at 1754498
[2026-03-15 16:27:04.402] [info] Total compute time 810
[2026-03-15 16:27:04.402] [info] executable layer count 26
[2026-03-15 16:27:04.402] [info] Start layer /blocks.1/Sigmoid
[2026-03-15 16:27:04.516] [info] Layer /blocks.1/Sigmoid finish at 1755380
[2026-03-15 16:27:04.516] [info] Total compute time 882
[2026-03-15 16:27:04.516] [info] executable layer count 26
[2026-03-15 16:27:04.516] [info] Start layer /blocks.0/Mul_6
[2026-03-15 16:27:04.543] [info] Layer /blocks.0/Mul_6 finish at 1755618
[2026-03-15 16:27:04.543] [info] Total compute time 238
[2026-03-15 16:27:04.543] [info] executable layer count 25
[2026-03-15 16:27:04.543] [info] Start layer /blocks.20/Sigmoid
[2026-03-15 16:27:04.602] [info] Layer /blocks.20/Sigmoid finish at 1755872
[2026-03-15 16:27:04.602] [info] Total compute time 254
[2026-03-15 16:27:04.602] [info] executable layer count 25
[2026-03-15 16:27:04.602] [info] Start layer /blocks.6/Sigmoid
[2026-03-15 16:27:04.651] [info] Layer /blocks.6/Sigmoid finish at 1756314
[2026-03-15 16:27:04.651] [info] Total compute time 442
[2026-03-15 16:27:04.651] [info] executable layer count 25
[2026-03-15 16:27:04.651] [info] Start layer /blocks.16/Sigmoid
[2026-03-15 16:27:04.705] [info] Layer /blocks.16/Sigmoid finish at 1756749
[2026-03-15 16:27:04.705] [info] Total compute time 435
[2026-03-15 16:27:04.705] [info] executable layer count 25
[2026-03-15 16:27:04.705] [info] Start layer /blocks.2/Sigmoid
[2026-03-15 16:27:04.752] [info] Layer /blocks.2/Sigmoid finish at 1757195
[2026-03-15 16:27:04.752] [info] Total compute time 446
[2026-03-15 16:27:04.752] [info] executable layer count 25
[2026-03-15 16:27:04.752] [info] Start layer /blocks.3/Sigmoid
[2026-03-15 16:27:04.805] [info] Layer /blocks.3/Sigmoid finish at 1757615
[2026-03-15 16:27:04.805] [info] Total compute time 420
[2026-03-15 16:27:04.805] [info] executable layer count 25
[2026-03-15 16:27:04.805] [info] Start layer /blocks.4/Sigmoid
[2026-03-15 16:27:04.853] [info] Layer /blocks.4/Sigmoid finish at 1758035
[2026-03-15 16:27:04.853] [info] Total compute time 420
[2026-03-15 16:27:04.853] [info] executable layer count 25
[2026-03-15 16:27:04.853] [info] Start layer /blocks.5/Sigmoid
[2026-03-15 16:27:04.903] [info] Layer /blocks.5/Sigmoid finish at 1758463
[2026-03-15 16:27:04.903] [info] Total compute time 428
[2026-03-15 16:27:04.903] [info] executable layer count 25
[2026-03-15 16:27:04.903] [info] Start layer /blocks.7/Sigmoid
[2026-03-15 16:27:04.952] [info] Layer /blocks.7/Sigmoid finish at 1758891
[2026-03-15 16:27:04.952] [info] Total compute time 428
[2026-03-15 16:27:04.952] [info] executable layer count 25
[2026-03-15 16:27:04.952] [info] Start layer /blocks.8/Sigmoid
[2026-03-15 16:27:05.000] [info] HBM2-CH_0: BW utilization 59% (2908 reads, 2808 writes)
[2026-03-15 16:27:05.004] [info] Layer /blocks.8/Sigmoid finish at 1759330
[2026-03-15 16:27:05.004] [info] Total compute time 439
[2026-03-15 16:27:05.004] [info] executable layer count 25
[2026-03-15 16:27:05.004] [info] Start layer /blocks.9/Sigmoid
[2026-03-15 16:27:05.054] [info] Layer /blocks.9/Sigmoid finish at 1759759
[2026-03-15 16:27:05.054] [info] Total compute time 429
[2026-03-15 16:27:05.054] [info] executable layer count 25
[2026-03-15 16:27:05.054] [info] Start layer /blocks.10/Sigmoid
[2026-03-15 16:27:05.078] [info] Core [0] Tile Stats | Issued: 358 Running: 0 Finished: 358
[2026-03-15 16:27:05.078] [info] cycle: [1760000]
[2026-03-15 16:27:05.078] [info] Tile  status /blocks.10/Sigmoid, instructions left 5
[2026-03-15 16:27:05.078] [info] Core [1] Tile Stats | Issued: 359 Running: 1 Finished: 358
[2026-03-15 16:27:05.078] [info] cycle: [1760000]
[2026-03-15 16:27:05.078] [info] Core [2] Tile Stats | Issued: 359 Running: 0 Finished: 359
[2026-03-15 16:27:05.078] [info] cycle: [1760000]
[2026-03-15 16:27:05.078] [info] Core [3] Tile Stats | Issued: 358 Running: 0 Finished: 358
[2026-03-15 16:27:05.078] [info] cycle: [1760000]
[2026-03-15 16:27:05.096] [info] Layer /blocks.10/Sigmoid finish at 1760188
[2026-03-15 16:27:05.096] [info] Total compute time 429
[2026-03-15 16:27:05.096] [info] executable layer count 25
[2026-03-15 16:27:05.096] [info] Start layer /blocks.11/Sigmoid
[2026-03-15 16:27:05.136] [info] Layer /blocks.11/Sigmoid finish at 1760614
[2026-03-15 16:27:05.136] [info] Total compute time 426
[2026-03-15 16:27:05.136] [info] executable layer count 25
[2026-03-15 16:27:05.136] [info] Start layer /blocks.12/Sigmoid
[2026-03-15 16:27:05.176] [info] Layer /blocks.12/Sigmoid finish at 1761044
[2026-03-15 16:27:05.176] [info] Total compute time 430
[2026-03-15 16:27:05.176] [info] executable layer count 25
[2026-03-15 16:27:05.176] [info] Start layer /blocks.13/Sigmoid
[2026-03-15 16:27:05.217] [info] Layer /blocks.13/Sigmoid finish at 1761468
[2026-03-15 16:27:05.217] [info] Total compute time 424
[2026-03-15 16:27:05.217] [info] executable layer count 25
[2026-03-15 16:27:05.217] [info] Start layer /blocks.14/Sigmoid
[2026-03-15 16:27:05.258] [info] Layer /blocks.14/Sigmoid finish at 1761895
[2026-03-15 16:27:05.258] [info] Total compute time 427
[2026-03-15 16:27:05.258] [info] executable layer count 25
[2026-03-15 16:27:05.258] [info] Start layer /blocks.15/Sigmoid
[2026-03-15 16:27:05.299] [info] Layer /blocks.15/Sigmoid finish at 1762332
[2026-03-15 16:27:05.299] [info] Total compute time 437
[2026-03-15 16:27:05.299] [info] executable layer count 25
[2026-03-15 16:27:05.299] [info] Start layer /blocks.17/Sigmoid
[2026-03-15 16:27:05.338] [info] Layer /blocks.17/Sigmoid finish at 1762755
[2026-03-15 16:27:05.338] [info] Total compute time 423
[2026-03-15 16:27:05.338] [info] executable layer count 25
[2026-03-15 16:27:05.338] [info] Start layer /blocks.18/Sigmoid
[2026-03-15 16:27:05.379] [info] Layer /blocks.18/Sigmoid finish at 1763175
[2026-03-15 16:27:05.379] [info] Total compute time 420
[2026-03-15 16:27:05.379] [info] executable layer count 25
[2026-03-15 16:27:05.379] [info] Start layer /blocks.19/Sigmoid
[2026-03-15 16:27:05.419] [info] Layer /blocks.19/Sigmoid finish at 1763609
[2026-03-15 16:27:05.419] [info] Total compute time 434
[2026-03-15 16:27:05.419] [info] executable layer count 25
[2026-03-15 16:27:05.419] [info] Start layer /blocks.21/Sigmoid
[2026-03-15 16:27:05.460] [info] Layer /blocks.21/Sigmoid finish at 1764037
[2026-03-15 16:27:05.460] [info] Total compute time 428
[2026-03-15 16:27:05.460] [info] executable layer count 25
[2026-03-15 16:27:05.460] [info] Start layer /blocks.22/Sigmoid
[2026-03-15 16:27:05.503] [info] Layer /blocks.22/Sigmoid finish at 1764457
[2026-03-15 16:27:05.503] [info] Total compute time 420
[2026-03-15 16:27:05.503] [info] executable layer count 25
[2026-03-15 16:27:05.503] [info] Start layer /blocks.23/Sigmoid
[2026-03-15 16:27:05.584] [info] Layer /blocks.23/Sigmoid finish at 1764889
[2026-03-15 16:27:05.584] [info] Total compute time 432
[2026-03-15 16:27:05.584] [info] executable layer count 25
[2026-03-15 16:27:05.584] [info] Start layer /blocks.0/Mul
[2026-03-15 16:27:05.630] [info] Layer /blocks.0/Mul finish at 1765555
[2026-03-15 16:27:05.630] [info] Total compute time 666
[2026-03-15 16:27:05.630] [info] executable layer count 27
[2026-03-15 16:27:05.630] [info] Start layer /Unsqueeze
[2026-03-15 16:27:05.718] [info] Layer /Unsqueeze finish at 1766218
[2026-03-15 16:27:05.718] [info] Total compute time 663
[2026-03-15 16:27:05.718] [info] executable layer count 26
[2026-03-15 16:27:05.718] [info] Start layer /blocks.1/Mul
[2026-03-15 16:27:05.824] [info] HBM2-CH_0: BW utilization 61% (3022 reads, 2854 writes)
[2026-03-15 16:27:05.825] [info] Layer /blocks.1/Mul finish at 1767299
[2026-03-15 16:27:05.825] [info] Total compute time 1081
[2026-03-15 16:27:05.825] [info] executable layer count 28
[2026-03-15 16:27:05.825] [info] Start layer /blocks.20/Mul
[2026-03-15 16:27:05.862] [info] Layer /blocks.20/Mul finish at 1767795
[2026-03-15 16:27:05.862] [info] Total compute time 496
[2026-03-15 16:27:05.862] [info] executable layer count 30
[2026-03-15 16:27:05.862] [info] Start layer /blocks.6/Mul
[2026-03-15 16:27:05.874] [info] Tile  status /blocks.6/Mul, instructions left 2
[2026-03-15 16:27:05.874] [info] Tile  status /blocks.6/Mul, instructions left 2
[2026-03-15 16:27:05.874] [info] Core [0] Tile Stats | Issued: 370 Running: 2 Finished: 368
[2026-03-15 16:27:05.874] [info] cycle: [1768000]
[2026-03-15 16:27:05.874] [info] Tile  status /blocks.6/Mul, instructions left 2
[2026-03-15 16:27:05.874] [info] Tile  status /blocks.6/Mul, instructions left 2
[2026-03-15 16:27:05.874] [info] Core [1] Tile Stats | Issued: 370 Running: 2 Finished: 368
[2026-03-15 16:27:05.874] [info] cycle: [1768000]
[2026-03-15 16:27:05.874] [info] Tile  status /blocks.6/Mul, instructions left 2
[2026-03-15 16:27:05.874] [info] Tile  status /blocks.6/Mul, instructions left 2
[2026-03-15 16:27:05.874] [info] Core [2] Tile Stats | Issued: 371 Running: 2 Finished: 369
[2026-03-15 16:27:05.874] [info] cycle: [1768000]
[2026-03-15 16:27:05.874] [info] Tile  status /blocks.6/Mul, instructions left 2
[2026-03-15 16:27:05.874] [info] Tile  status /blocks.6/Mul, instructions left 2
[2026-03-15 16:27:05.874] [info] Core [3] Tile Stats | Issued: 370 Running: 2 Finished: 368
[2026-03-15 16:27:05.874] [info] cycle: [1768000]
[2026-03-15 16:27:05.897] [info] Layer /blocks.6/Mul finish at 1768217
[2026-03-15 16:27:05.897] [info] Total compute time 422
[2026-03-15 16:27:05.897] [info] executable layer count 32
[2026-03-15 16:27:05.897] [info] Start layer /blocks.16/Mul
[2026-03-15 16:27:05.931] [info] Layer /blocks.16/Mul finish at 1768679
[2026-03-15 16:27:05.931] [info] Total compute time 462
[2026-03-15 16:27:05.931] [info] executable layer count 34
[2026-03-15 16:27:05.931] [info] Start layer /blocks.2/Mul
[2026-03-15 16:27:05.961] [info] Layer /blocks.2/Mul finish at 1769134
[2026-03-15 16:27:05.961] [info] Total compute time 455
[2026-03-15 16:27:05.961] [info] executable layer count 36
[2026-03-15 16:27:05.961] [info] Start layer /blocks.3/Mul
[2026-03-15 16:27:05.991] [info] Layer /blocks.3/Mul finish at 1769589
[2026-03-15 16:27:05.991] [info] Total compute time 455
[2026-03-15 16:27:05.991] [info] executable layer count 38
[2026-03-15 16:27:05.991] [info] Start layer /blocks.4/Mul
[2026-03-15 16:27:06.024] [info] Layer /blocks.4/Mul finish at 1770059
[2026-03-15 16:27:06.024] [info] Total compute time 470
[2026-03-15 16:27:06.025] [info] executable layer count 40
[2026-03-15 16:27:06.025] [info] Start layer /blocks.5/Mul
[2026-03-15 16:27:06.063] [info] Layer /blocks.5/Mul finish at 1770558
[2026-03-15 16:27:06.063] [info] Total compute time 499
[2026-03-15 16:27:06.063] [info] executable layer count 42
[2026-03-15 16:27:06.063] [info] Start layer /blocks.7/Mul
[2026-03-15 16:27:06.092] [info] Layer /blocks.7/Mul finish at 1771028
[2026-03-15 16:27:06.092] [info] Total compute time 470
[2026-03-15 16:27:06.092] [info] executable layer count 44
[2026-03-15 16:27:06.092] [info] Start layer /blocks.8/Mul
[2026-03-15 16:27:06.123] [info] Layer /blocks.8/Mul finish at 1771481
[2026-03-15 16:27:06.123] [info] Total compute time 453
[2026-03-15 16:27:06.123] [info] executable layer count 46
[2026-03-15 16:27:06.123] [info] Start layer /blocks.9/Mul
[2026-03-15 16:27:06.154] [info] Layer /blocks.9/Mul finish at 1771924
[2026-03-15 16:27:06.154] [info] Total compute time 443
[2026-03-15 16:27:06.154] [info] executable layer count 48
[2026-03-15 16:27:06.154] [info] Start layer /blocks.10/Mul
[2026-03-15 16:27:06.201] [info] Layer /blocks.10/Mul finish at 1772421
[2026-03-15 16:27:06.201] [info] Total compute time 497
[2026-03-15 16:27:06.201] [info] executable layer count 50
[2026-03-15 16:27:06.201] [info] Start layer /blocks.11/Mul
[2026-03-15 16:27:06.228] [info] Layer /blocks.11/Mul finish at 1772849
[2026-03-15 16:27:06.228] [info] Total compute time 428
[2026-03-15 16:27:06.228] [info] executable layer count 52
[2026-03-15 16:27:06.228] [info] Start layer /blocks.12/Mul
[2026-03-15 16:27:06.264] [info] Layer /blocks.12/Mul finish at 1773354
[2026-03-15 16:27:06.264] [info] Total compute time 505
[2026-03-15 16:27:06.265] [info] executable layer count 54
[2026-03-15 16:27:06.265] [info] Start layer /blocks.13/Mul
[2026-03-15 16:27:06.289] [info] Layer /blocks.13/Mul finish at 1773776
[2026-03-15 16:27:06.289] [info] Total compute time 422
[2026-03-15 16:27:06.289] [info] executable layer count 56
[2026-03-15 16:27:06.289] [info] Start layer /blocks.14/Mul
[2026-03-15 16:27:06.320] [info] Layer /blocks.14/Mul finish at 1774234
[2026-03-15 16:27:06.320] [info] Total compute time 458
[2026-03-15 16:27:06.320] [info] executable layer count 58
[2026-03-15 16:27:06.320] [info] Start layer /blocks.15/Mul
[2026-03-15 16:27:06.347] [info] Layer /blocks.15/Mul finish at 1774672
[2026-03-15 16:27:06.347] [info] Total compute time 438
[2026-03-15 16:27:06.347] [info] executable layer count 60
[2026-03-15 16:27:06.347] [info] Start layer /blocks.17/Mul
[2026-03-15 16:27:06.411] [info] Layer /blocks.17/Mul finish at 1775202
[2026-03-15 16:27:06.411] [info] Total compute time 530
[2026-03-15 16:27:06.411] [info] executable layer count 62
[2026-03-15 16:27:06.411] [info] Start layer /blocks.18/Mul
[2026-03-15 16:27:06.422] [info] HBM2-CH_0: BW utilization 77% (4943 reads, 2449 writes)
[2026-03-15 16:27:06.461] [info] Layer /blocks.18/Mul finish at 1775643
[2026-03-15 16:27:06.461] [info] Total compute time 441
[2026-03-15 16:27:06.461] [info] executable layer count 64
[2026-03-15 16:27:06.461] [info] Start layer /blocks.19/Mul
[2026-03-15 16:27:06.485] [info] Tile  status /blocks.19/Mul, instructions left 2
[2026-03-15 16:27:06.485] [info] Tile  status /blocks.19/Mul, instructions left 2
[2026-03-15 16:27:06.485] [info] Core [0] Tile Stats | Issued: 409 Running: 2 Finished: 407
[2026-03-15 16:27:06.485] [info] cycle: [1776000]
[2026-03-15 16:27:06.485] [info] Tile  status /blocks.19/Mul, instructions left 2
[2026-03-15 16:27:06.485] [info] Core [1] Tile Stats | Issued: 409 Running: 1 Finished: 408
[2026-03-15 16:27:06.485] [info] cycle: [1776000]
[2026-03-15 16:27:06.485] [info] Tile  status /blocks.19/Mul, instructions left 2
[2026-03-15 16:27:06.485] [info] Core [2] Tile Stats | Issued: 409 Running: 1 Finished: 408
[2026-03-15 16:27:06.485] [info] cycle: [1776000]
[2026-03-15 16:27:06.485] [info] Tile  status /blocks.19/Mul, instructions left 2
[2026-03-15 16:27:06.485] [info] Core [3] Tile Stats | Issued: 408 Running: 1 Finished: 407
[2026-03-15 16:27:06.485] [info] cycle: [1776000]
[2026-03-15 16:27:06.510] [info] Layer /blocks.19/Mul finish at 1776161
[2026-03-15 16:27:06.510] [info] Total compute time 518
[2026-03-15 16:27:06.510] [info] executable layer count 66
[2026-03-15 16:27:06.510] [info] Start layer /blocks.21/Mul
[2026-03-15 16:27:06.545] [info] Layer /blocks.21/Mul finish at 1776658
[2026-03-15 16:27:06.545] [info] Total compute time 497
[2026-03-15 16:27:06.545] [info] executable layer count 68
[2026-03-15 16:27:06.545] [info] Start layer /blocks.22/Mul
[2026-03-15 16:27:06.577] [info] Layer /blocks.22/Mul finish at 1777147
[2026-03-15 16:27:06.577] [info] Total compute time 489
[2026-03-15 16:27:06.577] [info] executable layer count 70
[2026-03-15 16:27:06.577] [info] Start layer /blocks.23/Mul
[2026-03-15 16:27:06.613] [info] Layer /blocks.23/Mul finish at 1777652
[2026-03-15 16:27:06.613] [info] Total compute time 505
[2026-03-15 16:27:06.613] [info] executable layer count 72
[2026-03-15 16:27:06.613] [info] Start layer /blocks.0/x_proj/Gemm
[2026-03-15 16:27:06.975] [info] HBM2-CH_0: BW utilization 22% (1391 reads, 744 writes)
[2026-03-15 16:27:07.028] [info] Core [0] Tile Stats | Issued: 415 Running: 0 Finished: 415
[2026-03-15 16:27:07.028] [info] cycle: [1784000]
[2026-03-15 16:27:07.029] [info] Core [1] Tile Stats | Issued: 416 Running: 0 Finished: 416
[2026-03-15 16:27:07.029] [info] cycle: [1784000]
[2026-03-15 16:27:07.029] [info] Core [2] Tile Stats | Issued: 416 Running: 0 Finished: 416
[2026-03-15 16:27:07.029] [info] cycle: [1784000]
[2026-03-15 16:27:07.029] [info] Core [3] Tile Stats | Issued: 415 Running: 0 Finished: 415
[2026-03-15 16:27:07.029] [info] cycle: [1784000]
[2026-03-15 16:27:07.520] [info] HBM2-CH_0: BW utilization 0% (0 reads, 0 writes)
[2026-03-15 16:27:07.562] [info] Core [0] Tile Stats | Issued: 415 Running: 0 Finished: 415
[2026-03-15 16:27:07.562] [info] cycle: [1792000]
[2026-03-15 16:27:07.562] [info] Core [1] Tile Stats | Issued: 416 Running: 0 Finished: 416
[2026-03-15 16:27:07.562] [info] cycle: [1792000]
[2026-03-15 16:27:07.562] [info] Core [2] Tile Stats | Issued: 416 Running: 0 Finished: 416
[2026-03-15 16:27:07.562] [info] cycle: [1792000]
[2026-03-15 16:27:07.562] [info] Core [3] Tile Stats | Issued: 415 Running: 0 Finished: 415
[2026-03-15 16:27:07.562] [info] cycle: [1792000]
[2026-03-15 16:27:08.063] [info] HBM2-CH_0: BW utilization 0% (0 reads, 0 writes)
[2026-03-15 16:27:08.108] [info] Core [0] Tile Stats | Issued: 415 Running: 0 Finished: 415
[2026-03-15 16:27:08.108] [info] cycle: [1800000]
[2026-03-15 16:27:08.108] [info] Core [1] Tile Stats | Issued: 416 Running: 0 Finished: 416
[2026-03-15 16:27:08.108] [info] cycle: [1800000]
[2026-03-15 16:27:08.108] [info] Core [2] Tile Stats | Issued: 416 Running: 0 Finished: 416
[2026-03-15 16:27:08.108] [info] cycle: [1800000]
[2026-03-15 16:27:08.108] [info] Core [3] Tile Stats | Issued: 415 Running: 0 Finished: 415
[2026-03-15 16:27:08.108] [info] cycle: [1800000]
[2026-03-15 16:27:08.582] [info] HBM2-CH_0: BW utilization 0% (0 reads, 0 writes)
[2026-03-15 16:27:08.625] [info] Core [0] Tile Stats | Issued: 415 Running: 0 Finished: 415
[2026-03-15 16:27:08.625] [info] cycle: [1808000]
[2026-03-15 16:27:08.625] [info] Core [1] Tile Stats | Issued: 416 Running: 0 Finished: 416
[2026-03-15 16:27:08.625] [info] cycle: [1808000]
[2026-03-15 16:27:08.625] [info] Core [2] Tile Stats | Issued: 416 Running: 0 Finished: 416
[2026-03-15 16:27:08.625] [info] cycle: [1808000]
[2026-03-15 16:27:08.625] [info] Core [3] Tile Stats | Issued: 415 Running: 0 Finished: 415
[2026-03-15 16:27:08.625] [info] cycle: [1808000]
[2026-03-15 16:27:09.083] [info] HBM2-CH_0: BW utilization 0% (0 reads, 0 writes)
[2026-03-15 16:27:09.126] [info] Core [0] Tile Stats | Issued: 415 Running: 0 Finished: 415
[2026-03-15 16:27:09.126] [info] cycle: [1816000]
[2026-03-15 16:27:09.126] [info] Core [1] Tile Stats | Issued: 416 Running: 0 Finished: 416
[2026-03-15 16:27:09.126] [info] cycle: [1816000]
[2026-03-15 16:27:09.126] [info] Core [2] Tile Stats | Issued: 416 Running: 0 Finished: 416
[2026-03-15 16:27:09.126] [info] cycle: [1816000]
[2026-03-15 16:27:09.126] [info] Core [3] Tile Stats | Issued: 415 Running: 0 Finished: 415
[2026-03-15 16:27:09.126] [info] cycle: [1816000]
[2026-03-15 16:27:09.583] [info] HBM2-CH_0: BW utilization 0% (0 reads, 0 writes)
[2026-03-15 16:27:09.626] [info] Core [0] Tile Stats | Issued: 415 Running: 0 Finished: 415
[2026-03-15 16:27:09.626] [info] cycle: [1824000]
[2026-03-15 16:27:09.626] [info] Core [1] Tile Stats | Issued: 416 Running: 0 Finished: 416
[2026-03-15 16:27:09.626] [info] cycle: [1824000]
[2026-03-15 16:27:09.626] [info] Core [2] Tile Stats | Issued: 416 Running: 0 Finished: 416
[2026-03-15 16:27:09.626] [info] cycle: [1824000]
[2026-03-15 16:27:09.626] [info] Core [3] Tile Stats | Issued: 415 Running: 0 Finished: 415
[2026-03-15 16:27:09.626] [info] cycle: [1824000]
[2026-03-15 16:27:10.123] [info] HBM2-CH_0: BW utilization 0% (0 reads, 0 writes)
[2026-03-15 16:27:10.169] [info] Core [0] Tile Stats | Issued: 415 Running: 0 Finished: 415
[2026-03-15 16:27:10.169] [info] cycle: [1832000]
[2026-03-15 16:27:10.169] [info] Core [1] Tile Stats | Issued: 416 Running: 0 Finished: 416
[2026-03-15 16:27:10.169] [info] cycle: [1832000]
[2026-03-15 16:27:10.169] [info] Core [2] Tile Stats | Issued: 416 Running: 0 Finished: 416
[2026-03-15 16:27:10.169] [info] cycle: [1832000]
[2026-03-15 16:27:10.169] [info] Core [3] Tile Stats | Issued: 415 Running: 0 Finished: 415
[2026-03-15 16:27:10.169] [info] cycle: [1832000]
[2026-03-15 16:27:10.627] [info] HBM2-CH_0: BW utilization 0% (0 reads, 0 writes)
[2026-03-15 16:27:10.672] [info] Core [0] Tile Stats | Issued: 415 Running: 0 Finished: 415
[2026-03-15 16:27:10.672] [info] cycle: [1840000]
[2026-03-15 16:27:10.672] [info] Core [1] Tile Stats | Issued: 416 Running: 0 Finished: 416
[2026-03-15 16:27:10.672] [info] cycle: [1840000]
[2026-03-15 16:27:10.672] [info] Core [2] Tile Stats | Issued: 416 Running: 0 Finished: 416
[2026-03-15 16:27:10.672] [info] cycle: [1840000]
[2026-03-15 16:27:10.672] [info] Core [3] Tile Stats | Issued: 415 Running: 0 Finished: 415
[2026-03-15 16:27:10.672] [info] cycle: [1840000]
[2026-03-15 16:27:11.135] [info] HBM2-CH_0: BW utilization 0% (0 reads, 0 writes)
[2026-03-15 16:27:11.181] [info] Core [0] Tile Stats | Issued: 415 Running: 0 Finished: 415
[2026-03-15 16:27:11.181] [info] cycle: [1848000]
[2026-03-15 16:27:11.181] [info] Core [1] Tile Stats | Issued: 416 Running: 0 Finished: 416
[2026-03-15 16:27:11.181] [info] cycle: [1848000]
[2026-03-15 16:27:11.181] [info] Core [2] Tile Stats | Issued: 416 Running: 0 Finished: 416
[2026-03-15 16:27:11.181] [info] cycle: [1848000]
[2026-03-15 16:27:11.181] [info] Core [3] Tile Stats | Issued: 415 Running: 0 Finished: 415
[2026-03-15 16:27:11.181] [info] cycle: [1848000]
[2026-03-15 16:27:11.647] [info] HBM2-CH_0: BW utilization 0% (0 reads, 0 writes)
[2026-03-15 16:27:11.692] [info] Core [0] Tile Stats | Issued: 415 Running: 0 Finished: 415
[2026-03-15 16:27:11.692] [info] cycle: [1856000]
[2026-03-15 16:27:11.692] [info] Core [1] Tile Stats | Issued: 416 Running: 0 Finished: 416
[2026-03-15 16:27:11.692] [info] cycle: [1856000]
[2026-03-15 16:27:11.692] [info] Core [2] Tile Stats | Issued: 416 Running: 0 Finished: 416
[2026-03-15 16:27:11.692] [info] cycle: [1856000]
[2026-03-15 16:27:11.692] [info] Core [3] Tile Stats | Issued: 415 Running: 0 Finished: 415
[2026-03-15 16:27:11.692] [info] cycle: [1856000]
[2026-03-15 16:27:12.175] [info] HBM2-CH_0: BW utilization 0% (0 reads, 0 writes)
[2026-03-15 16:27:12.220] [info] Core [0] Tile Stats | Issued: 415 Running: 0 Finished: 415
[2026-03-15 16:27:12.220] [info] cycle: [1864000]
[2026-03-15 16:27:12.220] [info] Core [1] Tile Stats | Issued: 416 Running: 0 Finished: 416
[2026-03-15 16:27:12.220] [info] cycle: [1864000]
[2026-03-15 16:27:12.220] [info] Core [2] Tile Stats | Issued: 416 Running: 0 Finished: 416
[2026-03-15 16:27:12.220] [info] cycle: [1864000]
[2026-03-15 16:27:12.220] [info] Core [3] Tile Stats | Issued: 415 Running: 0 Finished: 415
[2026-03-15 16:27:12.220] [info] cycle: [1864000]
[2026-03-15 16:27:12.679] [info] HBM2-CH_0: BW utilization 0% (0 reads, 0 writes)
[2026-03-15 16:27:12.724] [info] Core [0] Tile Stats | Issued: 415 Running: 0 Finished: 415
[2026-03-15 16:27:12.724] [info] cycle: [1872000]
[2026-03-15 16:27:12.724] [info] Core [1] Tile Stats | Issued: 416 Running: 0 Finished: 416
[2026-03-15 16:27:12.724] [info] cycle: [1872000]
[2026-03-15 16:27:12.724] [info] Core [2] Tile Stats | Issued: 416 Running: 0 Finished: 416
[2026-03-15 16:27:12.724] [info] cycle: [1872000]
[2026-03-15 16:27:12.724] [info] Core [3] Tile Stats | Issued: 415 Running: 0 Finished: 415
[2026-03-15 16:27:12.724] [info] cycle: [1872000]
[2026-03-15 16:27:13.184] [info] HBM2-CH_0: BW utilization 0% (0 reads, 0 writes)
[2026-03-15 16:27:13.229] [info] Core [0] Tile Stats | Issued: 415 Running: 0 Finished: 415
[2026-03-15 16:27:13.229] [info] cycle: [1880000]
[2026-03-15 16:27:13.229] [info] Core [1] Tile Stats | Issued: 416 Running: 0 Finished: 416
[2026-03-15 16:27:13.229] [info] cycle: [1880000]
[2026-03-15 16:27:13.230] [info] Core [2] Tile Stats | Issued: 416 Running: 0 Finished: 416
[2026-03-15 16:27:13.230] [info] cycle: [1880000]
[2026-03-15 16:27:13.230] [info] Core [3] Tile Stats | Issued: 415 Running: 0 Finished: 415
[2026-03-15 16:27:13.230] [info] cycle: [1880000]
[2026-03-15 16:27:13.689] [info] HBM2-CH_0: BW utilization 0% (0 reads, 0 writes)
[2026-03-15 16:27:13.736] [info] Core [0] Tile Stats | Issued: 415 Running: 0 Finished: 415
[2026-03-15 16:27:13.736] [info] cycle: [1888000]
[2026-03-15 16:27:13.736] [info] Core [1] Tile Stats | Issued: 416 Running: 0 Finished: 416
[2026-03-15 16:27:13.736] [info] cycle: [1888000]
[2026-03-15 16:27:13.736] [info] Core [2] Tile Stats | Issued: 416 Running: 0 Finished: 416
[2026-03-15 16:27:13.736] [info] cycle: [1888000]
[2026-03-15 16:27:13.736] [info] Core [3] Tile Stats | Issued: 415 Running: 0 Finished: 415
[2026-03-15 16:27:13.736] [info] cycle: [1888000]
[2026-03-15 16:27:14.219] [info] HBM2-CH_0: BW utilization 0% (0 reads, 0 writes)
[2026-03-15 16:27:14.266] [info] Core [0] Tile Stats | Issued: 415 Running: 0 Finished: 415
[2026-03-15 16:27:14.266] [info] cycle: [1896000]
[2026-03-15 16:27:14.266] [info] Core [1] Tile Stats | Issued: 416 Running: 0 Finished: 416
[2026-03-15 16:27:14.266] [info] cycle: [1896000]
[2026-03-15 16:27:14.266] [info] Core [2] Tile Stats | Issued: 416 Running: 0 Finished: 416
[2026-03-15 16:27:14.266] [info] cycle: [1896000]
[2026-03-15 16:27:14.266] [info] Core [3] Tile Stats | Issued: 415 Running: 0 Finished: 415
[2026-03-15 16:27:14.266] [info] cycle: [1896000]
[2026-03-15 16:27:14.762] [info] HBM2-CH_0: BW utilization 0% (0 reads, 0 writes)
[2026-03-15 16:27:14.808] [info] Core [0] Tile Stats | Issued: 415 Running: 0 Finished: 415
[2026-03-15 16:27:14.808] [info] cycle: [1904000]
[2026-03-15 16:27:14.808] [info] Core [1] Tile Stats | Issued: 416 Running: 0 Finished: 416
[2026-03-15 16:27:14.808] [info] cycle: [1904000]
[2026-03-15 16:27:14.808] [info] Core [2] Tile Stats | Issued: 416 Running: 0 Finished: 416
[2026-03-15 16:27:14.808] [info] cycle: [1904000]
[2026-03-15 16:27:14.808] [info] Core [3] Tile Stats | Issued: 415 Running: 0 Finished: 415
[2026-03-15 16:27:14.808] [info] cycle: [1904000]
[2026-03-15 16:27:15.272] [info] HBM2-CH_0: BW utilization 0% (0 reads, 0 writes)
[2026-03-15 16:27:15.319] [info] Core [0] Tile Stats | Issued: 415 Running: 0 Finished: 415
[2026-03-15 16:27:15.319] [info] cycle: [1912000]
[2026-03-15 16:27:15.319] [info] Core [1] Tile Stats | Issued: 416 Running: 0 Finished: 416
[2026-03-15 16:27:15.319] [info] cycle: [1912000]
[2026-03-15 16:27:15.319] [info] Core [2] Tile Stats | Issued: 416 Running: 0 Finished: 416
[2026-03-15 16:27:15.319] [info] cycle: [1912000]
[2026-03-15 16:27:15.319] [info] Core [3] Tile Stats | Issued: 415 Running: 0 Finished: 415
[2026-03-15 16:27:15.319] [info] cycle: [1912000]
[2026-03-15 16:27:15.843] [info] HBM2-CH_0: BW utilization 0% (0 reads, 0 writes)
[2026-03-15 16:27:15.889] [info] Core [0] Tile Stats | Issued: 415 Running: 0 Finished: 415
[2026-03-15 16:27:15.889] [info] cycle: [1920000]
[2026-03-15 16:27:15.889] [info] Core [1] Tile Stats | Issued: 416 Running: 0 Finished: 416
[2026-03-15 16:27:15.889] [info] cycle: [1920000]
[2026-03-15 16:27:15.889] [info] Core [2] Tile Stats | Issued: 416 Running: 0 Finished: 416
[2026-03-15 16:27:15.889] [info] cycle: [1920000]
[2026-03-15 16:27:15.889] [info] Core [3] Tile Stats | Issued: 415 Running: 0 Finished: 415
[2026-03-15 16:27:15.889] [info] cycle: [1920000]
[2026-03-15 16:27:16.369] [info] HBM2-CH_0: BW utilization 0% (0 reads, 0 writes)
[2026-03-15 16:27:16.416] [info] Core [0] Tile Stats | Issued: 415 Running: 0 Finished: 415
[2026-03-15 16:27:16.416] [info] cycle: [1928000]
[2026-03-15 16:27:16.416] [info] Core [1] Tile Stats | Issued: 416 Running: 0 Finished: 416
[2026-03-15 16:27:16.416] [info] cycle: [1928000]
[2026-03-15 16:27:16.416] [info] Core [2] Tile Stats | Issued: 416 Running: 0 Finished: 416
[2026-03-15 16:27:16.416] [info] cycle: [1928000]
[2026-03-15 16:27:16.416] [info] Core [3] Tile Stats | Issued: 415 Running: 0 Finished: 415
[2026-03-15 16:27:16.416] [info] cycle: [1928000]
[2026-03-15 16:27:16.876] [info] HBM2-CH_0: BW utilization 0% (0 reads, 0 writes)
[2026-03-15 16:27:16.923] [info] Core [0] Tile Stats | Issued: 415 Running: 0 Finished: 415
[2026-03-15 16:27:16.923] [info] cycle: [1936000]
[2026-03-15 16:27:16.923] [info] Core [1] Tile Stats | Issued: 416 Running: 0 Finished: 416
[2026-03-15 16:27:16.923] [info] cycle: [1936000]
[2026-03-15 16:27:16.923] [info] Core [2] Tile Stats | Issued: 416 Running: 0 Finished: 416
[2026-03-15 16:27:16.923] [info] cycle: [1936000]
[2026-03-15 16:27:16.923] [info] Core [3] Tile Stats | Issued: 415 Running: 0 Finished: 415
[2026-03-15 16:27:16.923] [info] cycle: [1936000]
[2026-03-15 16:27:17.380] [info] HBM2-CH_0: BW utilization 0% (0 reads, 0 writes)
[2026-03-15 16:27:17.427] [info] Core [0] Tile Stats | Issued: 415 Running: 0 Finished: 415
[2026-03-15 16:27:17.427] [info] cycle: [1944000]
[2026-03-15 16:27:17.427] [info] Core [1] Tile Stats | Issued: 416 Running: 0 Finished: 416
[2026-03-15 16:27:17.427] [info] cycle: [1944000]
[2026-03-15 16:27:17.427] [info] Core [2] Tile Stats | Issued: 416 Running: 0 Finished: 416
[2026-03-15 16:27:17.427] [info] cycle: [1944000]
[2026-03-15 16:27:17.427] [info] Core [3] Tile Stats | Issued: 415 Running: 0 Finished: 415
[2026-03-15 16:27:17.427] [info] cycle: [1944000]
[2026-03-15 16:27:17.882] [info] HBM2-CH_0: BW utilization 0% (0 reads, 0 writes)
[2026-03-15 16:27:17.930] [info] Core [0] Tile Stats | Issued: 415 Running: 0 Finished: 415
[2026-03-15 16:27:17.930] [info] cycle: [1952000]
[2026-03-15 16:27:17.930] [info] Core [1] Tile Stats | Issued: 416 Running: 0 Finished: 416
[2026-03-15 16:27:17.930] [info] cycle: [1952000]
[2026-03-15 16:27:17.930] [info] Core [2] Tile Stats | Issued: 416 Running: 0 Finished: 416
[2026-03-15 16:27:17.930] [info] cycle: [1952000]
[2026-03-15 16:27:17.930] [info] Core [3] Tile Stats | Issued: 415 Running: 0 Finished: 415
[2026-03-15 16:27:17.930] [info] cycle: [1952000]
[2026-03-15 16:27:18.407] [info] HBM2-CH_0: BW utilization 0% (0 reads, 0 writes)
[2026-03-15 16:27:18.455] [info] Core [0] Tile Stats | Issued: 415 Running: 0 Finished: 415
[2026-03-15 16:27:18.455] [info] cycle: [1960000]
[2026-03-15 16:27:18.455] [info] Core [1] Tile Stats | Issued: 416 Running: 0 Finished: 416
[2026-03-15 16:27:18.455] [info] cycle: [1960000]
[2026-03-15 16:27:18.455] [info] Core [2] Tile Stats | Issued: 416 Running: 0 Finished: 416
[2026-03-15 16:27:18.455] [info] cycle: [1960000]
[2026-03-15 16:27:18.455] [info] Core [3] Tile Stats | Issued: 415 Running: 0 Finished: 415
[2026-03-15 16:27:18.455] [info] cycle: [1960000]
[2026-03-15 16:27:18.910] [info] HBM2-CH_0: BW utilization 0% (0 reads, 0 writes)
[2026-03-15 16:27:18.957] [info] Core [0] Tile Stats | Issued: 415 Running: 0 Finished: 415
[2026-03-15 16:27:18.957] [info] cycle: [1968000]
[2026-03-15 16:27:18.957] [info] Core [1] Tile Stats | Issued: 416 Running: 0 Finished: 416
[2026-03-15 16:27:18.957] [info] cycle: [1968000]
[2026-03-15 16:27:18.957] [info] Core [2] Tile Stats | Issued: 416 Running: 0 Finished: 416
[2026-03-15 16:27:18.957] [info] cycle: [1968000]
[2026-03-15 16:27:18.957] [info] Core [3] Tile Stats | Issued: 415 Running: 0 Finished: 415
[2026-03-15 16:27:18.957] [info] cycle: [1968000]
[2026-03-15 16:27:19.416] [info] HBM2-CH_0: BW utilization 0% (0 reads, 0 writes)
[2026-03-15 16:27:19.464] [info] Core [0] Tile Stats | Issued: 415 Running: 0 Finished: 415
[2026-03-15 16:27:19.464] [info] cycle: [1976000]
[2026-03-15 16:27:19.464] [info] Core [1] Tile Stats | Issued: 416 Running: 0 Finished: 416
[2026-03-15 16:27:19.464] [info] cycle: [1976000]
[2026-03-15 16:27:19.464] [info] Core [2] Tile Stats | Issued: 416 Running: 0 Finished: 416
[2026-03-15 16:27:19.464] [info] cycle: [1976000]
[2026-03-15 16:27:19.464] [info] Core [3] Tile Stats | Issued: 415 Running: 0 Finished: 415
[2026-03-15 16:27:19.464] [info] cycle: [1976000]
[2026-03-15 16:27:19.923] [info] HBM2-CH_0: BW utilization 0% (0 reads, 0 writes)
[2026-03-15 16:27:19.972] [info] Core [0] Tile Stats | Issued: 415 Running: 0 Finished: 415
[2026-03-15 16:27:19.972] [info] cycle: [1984000]
[2026-03-15 16:27:19.972] [info] Core [1] Tile Stats | Issued: 416 Running: 0 Finished: 416
[2026-03-15 16:27:19.972] [info] cycle: [1984000]
[2026-03-15 16:27:19.972] [info] Core [2] Tile Stats | Issued: 416 Running: 0 Finished: 416
[2026-03-15 16:27:19.972] [info] cycle: [1984000]
[2026-03-15 16:27:19.972] [info] Core [3] Tile Stats | Issued: 415 Running: 0 Finished: 415
[2026-03-15 16:27:19.972] [info] cycle: [1984000]
[2026-03-15 16:27:20.449] [info] HBM2-CH_0: BW utilization 0% (0 reads, 0 writes)
[2026-03-15 16:27:20.497] [info] Core [0] Tile Stats | Issued: 415 Running: 0 Finished: 415
[2026-03-15 16:27:20.497] [info] cycle: [1992000]
[2026-03-15 16:27:20.497] [info] Core [1] Tile Stats | Issued: 416 Running: 0 Finished: 416
[2026-03-15 16:27:20.497] [info] cycle: [1992000]
[2026-03-15 16:27:20.498] [info] Core [2] Tile Stats | Issued: 416 Running: 0 Finished: 416
[2026-03-15 16:27:20.498] [info] cycle: [1992000]
[2026-03-15 16:27:20.498] [info] Core [3] Tile Stats | Issued: 415 Running: 0 Finished: 415
[2026-03-15 16:27:20.498] [info] cycle: [1992000]
[2026-03-15 16:27:20.955] [info] HBM2-CH_0: BW utilization 0% (0 reads, 0 writes)
[2026-03-15 16:27:21.004] [info] Core [0] Tile Stats | Issued: 415 Running: 0 Finished: 415
[2026-03-15 16:27:21.004] [info] cycle: [2000000]
[2026-03-15 16:27:21.004] [info] Core [1] Tile Stats | Issued: 416 Running: 0 Finished: 416
[2026-03-15 16:27:21.004] [info] cycle: [2000000]
[2026-03-15 16:27:21.004] [info] Core [2] Tile Stats | Issued: 416 Running: 0 Finished: 416
[2026-03-15 16:27:21.004] [info] cycle: [2000000]
[2026-03-15 16:27:21.004] [info] Core [3] Tile Stats | Issued: 415 Running: 0 Finished: 415
[2026-03-15 16:27:21.004] [info] cycle: [2000000]
[2026-03-15 16:27:21.460] [info] HBM2-CH_0: BW utilization 0% (0 reads, 0 writes)
[2026-03-15 16:27:21.509] [info] Core [0] Tile Stats | Issued: 415 Running: 0 Finished: 415
[2026-03-15 16:27:21.509] [info] cycle: [2008000]
[2026-03-15 16:27:21.509] [info] Core [1] Tile Stats | Issued: 416 Running: 0 Finished: 416
[2026-03-15 16:27:21.509] [info] cycle: [2008000]
[2026-03-15 16:27:21.509] [info] Core [2] Tile Stats | Issued: 416 Running: 0 Finished: 416
[2026-03-15 16:27:21.509] [info] cycle: [2008000]
[2026-03-15 16:27:21.509] [info] Core [3] Tile Stats | Issued: 415 Running: 0 Finished: 415
[2026-03-15 16:27:21.509] [info] cycle: [2008000]
[2026-03-15 16:27:21.962] [info] HBM2-CH_0: BW utilization 0% (0 reads, 0 writes)
[2026-03-15 16:27:22.011] [info] Core [0] Tile Stats | Issued: 415 Running: 0 Finished: 415
[2026-03-15 16:27:22.011] [info] cycle: [2016000]
[2026-03-15 16:27:22.011] [info] Core [1] Tile Stats | Issued: 416 Running: 0 Finished: 416
[2026-03-15 16:27:22.011] [info] cycle: [2016000]
[2026-03-15 16:27:22.011] [info] Core [2] Tile Stats | Issued: 416 Running: 0 Finished: 416
[2026-03-15 16:27:22.011] [info] cycle: [2016000]
[2026-03-15 16:27:22.011] [info] Core [3] Tile Stats | Issued: 415 Running: 0 Finished: 415
[2026-03-15 16:27:22.011] [info] cycle: [2016000]
[2026-03-15 16:27:22.494] [info] HBM2-CH_0: BW utilization 0% (0 reads, 0 writes)
[2026-03-15 16:27:22.543] [info] Core [0] Tile Stats | Issued: 415 Running: 0 Finished: 415
[2026-03-15 16:27:22.543] [info] cycle: [2024000]
[2026-03-15 16:27:22.543] [info] Core [1] Tile Stats | Issued: 416 Running: 0 Finished: 416
[2026-03-15 16:27:22.543] [info] cycle: [2024000]
[2026-03-15 16:27:22.543] [info] Core [2] Tile Stats | Issued: 416 Running: 0 Finished: 416
[2026-03-15 16:27:22.543] [info] cycle: [2024000]
[2026-03-15 16:27:22.543] [info] Core [3] Tile Stats | Issued: 415 Running: 0 Finished: 415
[2026-03-15 16:27:22.543] [info] cycle: [2024000]
[2026-03-15 16:27:23.001] [info] HBM2-CH_0: BW utilization 0% (0 reads, 0 writes)
[2026-03-15 16:27:23.050] [info] Core [0] Tile Stats | Issued: 415 Running: 0 Finished: 415
[2026-03-15 16:27:23.050] [info] cycle: [2032000]
[2026-03-15 16:27:23.050] [info] Core [1] Tile Stats | Issued: 416 Running: 0 Finished: 416
[2026-03-15 16:27:23.050] [info] cycle: [2032000]
[2026-03-15 16:27:23.050] [info] Core [2] Tile Stats | Issued: 416 Running: 0 Finished: 416
[2026-03-15 16:27:23.050] [info] cycle: [2032000]
[2026-03-15 16:27:23.050] [info] Core [3] Tile Stats | Issued: 415 Running: 0 Finished: 415
[2026-03-15 16:27:23.050] [info] cycle: [2032000]
[2026-03-15 16:27:23.516] [info] HBM2-CH_0: BW utilization 0% (0 reads, 0 writes)
[2026-03-15 16:27:23.565] [info] Core [0] Tile Stats | Issued: 415 Running: 0 Finished: 415
[2026-03-15 16:27:23.565] [info] cycle: [2040000]
[2026-03-15 16:27:23.565] [info] Core [1] Tile Stats | Issued: 416 Running: 0 Finished: 416
[2026-03-15 16:27:23.565] [info] cycle: [2040000]
[2026-03-15 16:27:23.565] [info] Core [2] Tile Stats | Issued: 416 Running: 0 Finished: 416
[2026-03-15 16:27:23.565] [info] cycle: [2040000]
[2026-03-15 16:27:23.565] [info] Core [3] Tile Stats | Issued: 415 Running: 0 Finished: 415
[2026-03-15 16:27:23.565] [info] cycle: [2040000]
[2026-03-15 16:27:24.022] [info] HBM2-CH_0: BW utilization 0% (0 reads, 0 writes)
[2026-03-15 16:27:24.072] [info] Core [0] Tile Stats | Issued: 415 Running: 0 Finished: 415
[2026-03-15 16:27:24.072] [info] cycle: [2048000]
[2026-03-15 16:27:24.072] [info] Core [1] Tile Stats | Issued: 416 Running: 0 Finished: 416
[2026-03-15 16:27:24.072] [info] cycle: [2048000]
[2026-03-15 16:27:24.072] [info] Core [2] Tile Stats | Issued: 416 Running: 0 Finished: 416
[2026-03-15 16:27:24.072] [info] cycle: [2048000]
[2026-03-15 16:27:24.072] [info] Core [3] Tile Stats | Issued: 415 Running: 0 Finished: 415
[2026-03-15 16:27:24.072] [info] cycle: [2048000]
[2026-03-15 16:27:24.553] [info] HBM2-CH_0: BW utilization 0% (0 reads, 0 writes)
[2026-03-15 16:27:24.603] [info] Core [0] Tile Stats | Issued: 415 Running: 0 Finished: 415
[2026-03-15 16:27:24.603] [info] cycle: [2056000]
[2026-03-15 16:27:24.603] [info] Core [1] Tile Stats | Issued: 416 Running: 0 Finished: 416
[2026-03-15 16:27:24.603] [info] cycle: [2056000]
[2026-03-15 16:27:24.603] [info] Core [2] Tile Stats | Issued: 416 Running: 0 Finished: 416
[2026-03-15 16:27:24.603] [info] cycle: [2056000]
[2026-03-15 16:27:24.603] [info] Core [3] Tile Stats | Issued: 415 Running: 0 Finished: 415
[2026-03-15 16:27:24.603] [info] cycle: [2056000]
[2026-03-15 16:27:25.065] [info] HBM2-CH_0: BW utilization 0% (0 reads, 0 writes)
[2026-03-15 16:27:25.115] [info] Core [0] Tile Stats | Issued: 415 Running: 0 Finished: 415
[2026-03-15 16:27:25.115] [info] cycle: [2064000]
[2026-03-15 16:27:25.115] [info] Core [1] Tile Stats | Issued: 416 Running: 0 Finished: 416
[2026-03-15 16:27:25.115] [info] cycle: [2064000]
[2026-03-15 16:27:25.115] [info] Core [2] Tile Stats | Issued: 416 Running: 0 Finished: 416
[2026-03-15 16:27:25.115] [info] cycle: [2064000]
[2026-03-15 16:27:25.115] [info] Core [3] Tile Stats | Issued: 415 Running: 0 Finished: 415
[2026-03-15 16:27:25.115] [info] cycle: [2064000]
[2026-03-15 16:27:25.572] [info] HBM2-CH_0: BW utilization 0% (0 reads, 0 writes)
[2026-03-15 16:27:25.623] [info] Core [0] Tile Stats | Issued: 415 Running: 0 Finished: 415
[2026-03-15 16:27:25.623] [info] cycle: [2072000]
[2026-03-15 16:27:25.623] [info] Core [1] Tile Stats | Issued: 416 Running: 0 Finished: 416
[2026-03-15 16:27:25.623] [info] cycle: [2072000]
[2026-03-15 16:27:25.623] [info] Core [2] Tile Stats | Issued: 416 Running: 0 Finished: 416
[2026-03-15 16:27:25.623] [info] cycle: [2072000]
[2026-03-15 16:27:25.623] [info] Core [3] Tile Stats | Issued: 415 Running: 0 Finished: 415
[2026-03-15 16:27:25.623] [info] cycle: [2072000]
[2026-03-15 16:27:26.075] [info] HBM2-CH_0: BW utilization 0% (0 reads, 0 writes)
[2026-03-15 16:27:26.126] [info] Core [0] Tile Stats | Issued: 415 Running: 0 Finished: 415
[2026-03-15 16:27:26.126] [info] cycle: [2080000]
[2026-03-15 16:27:26.126] [info] Core [1] Tile Stats | Issued: 416 Running: 0 Finished: 416
[2026-03-15 16:27:26.126] [info] cycle: [2080000]
[2026-03-15 16:27:26.126] [info] Core [2] Tile Stats | Issued: 416 Running: 0 Finished: 416
[2026-03-15 16:27:26.126] [info] cycle: [2080000]
[2026-03-15 16:27:26.126] [info] Core [3] Tile Stats | Issued: 415 Running: 0 Finished: 415
[2026-03-15 16:27:26.126] [info] cycle: [2080000]
[2026-03-15 16:27:26.605] [info] HBM2-CH_0: BW utilization 0% (0 reads, 0 writes)
[2026-03-15 16:27:26.656] [info] Core [0] Tile Stats | Issued: 415 Running: 0 Finished: 415
[2026-03-15 16:27:26.656] [info] cycle: [2088000]
[2026-03-15 16:27:26.656] [info] Core [1] Tile Stats | Issued: 416 Running: 0 Finished: 416
[2026-03-15 16:27:26.656] [info] cycle: [2088000]
[2026-03-15 16:27:26.656] [info] Core [2] Tile Stats | Issued: 416 Running: 0 Finished: 416
[2026-03-15 16:27:26.656] [info] cycle: [2088000]
[2026-03-15 16:27:26.656] [info] Core [3] Tile Stats | Issued: 415 Running: 0 Finished: 415
[2026-03-15 16:27:26.656] [info] cycle: [2088000]
[2026-03-15 16:27:27.120] [info] HBM2-CH_0: BW utilization 0% (0 reads, 0 writes)
[2026-03-15 16:27:27.174] [info] Core [0] Tile Stats | Issued: 415 Running: 0 Finished: 415
[2026-03-15 16:27:27.174] [info] cycle: [2096000]
[2026-03-15 16:27:27.174] [info] Core [1] Tile Stats | Issued: 416 Running: 0 Finished: 416
[2026-03-15 16:27:27.174] [info] cycle: [2096000]
[2026-03-15 16:27:27.174] [info] Core [2] Tile Stats | Issued: 416 Running: 0 Finished: 416
[2026-03-15 16:27:27.174] [info] cycle: [2096000]
[2026-03-15 16:27:27.174] [info] Core [3] Tile Stats | Issued: 415 Running: 0 Finished: 415
[2026-03-15 16:27:27.174] [info] cycle: [2096000]
[2026-03-15 16:27:27.628] [info] HBM2-CH_0: BW utilization 0% (0 reads, 0 writes)
[2026-03-15 16:27:27.679] [info] Core [0] Tile Stats | Issued: 415 Running: 0 Finished: 415
[2026-03-15 16:27:27.679] [info] cycle: [2104000]
[2026-03-15 16:27:27.679] [info] Core [1] Tile Stats | Issued: 416 Running: 0 Finished: 416
[2026-03-15 16:27:27.679] [info] cycle: [2104000]
[2026-03-15 16:27:27.679] [info] Core [2] Tile Stats | Issued: 416 Running: 0 Finished: 416
[2026-03-15 16:27:27.679] [info] cycle: [2104000]
[2026-03-15 16:27:27.679] [info] Core [3] Tile Stats | Issued: 415 Running: 0 Finished: 415
[2026-03-15 16:27:27.679] [info] cycle: [2104000]
[2026-03-15 16:27:28.133] [info] HBM2-CH_0: BW utilization 0% (0 reads, 0 writes)
[2026-03-15 16:27:28.185] [info] Core [0] Tile Stats | Issued: 415 Running: 0 Finished: 415
[2026-03-15 16:27:28.185] [info] cycle: [2112000]
[2026-03-15 16:27:28.185] [info] Core [1] Tile Stats | Issued: 416 Running: 0 Finished: 416
[2026-03-15 16:27:28.185] [info] cycle: [2112000]
[2026-03-15 16:27:28.185] [info] Core [2] Tile Stats | Issued: 416 Running: 0 Finished: 416
[2026-03-15 16:27:28.185] [info] cycle: [2112000]
[2026-03-15 16:27:28.185] [info] Core [3] Tile Stats | Issued: 415 Running: 0 Finished: 415
[2026-03-15 16:27:28.185] [info] cycle: [2112000]
[2026-03-15 16:27:28.667] [info] HBM2-CH_0: BW utilization 0% (0 reads, 0 writes)
[2026-03-15 16:27:28.718] [info] Core [0] Tile Stats | Issued: 415 Running: 0 Finished: 415
[2026-03-15 16:27:28.718] [info] cycle: [2120000]
[2026-03-15 16:27:28.719] [info] Core [1] Tile Stats | Issued: 416 Running: 0 Finished: 416
[2026-03-15 16:27:28.719] [info] cycle: [2120000]
[2026-03-15 16:27:28.719] [info] Core [2] Tile Stats | Issued: 416 Running: 0 Finished: 416
[2026-03-15 16:27:28.719] [info] cycle: [2120000]
[2026-03-15 16:27:28.719] [info] Core [3] Tile Stats | Issued: 415 Running: 0 Finished: 415
[2026-03-15 16:27:28.719] [info] cycle: [2120000]
[2026-03-15 16:27:29.172] [info] HBM2-CH_0: BW utilization 0% (0 reads, 0 writes)
[2026-03-15 16:27:29.224] [info] Core [0] Tile Stats | Issued: 415 Running: 0 Finished: 415
[2026-03-15 16:27:29.224] [info] cycle: [2128000]
[2026-03-15 16:27:29.224] [info] Core [1] Tile Stats | Issued: 416 Running: 0 Finished: 416
[2026-03-15 16:27:29.224] [info] cycle: [2128000]
[2026-03-15 16:27:29.224] [info] Core [2] Tile Stats | Issued: 416 Running: 0 Finished: 416
[2026-03-15 16:27:29.224] [info] cycle: [2128000]
[2026-03-15 16:27:29.224] [info] Core [3] Tile Stats | Issued: 415 Running: 0 Finished: 415
[2026-03-15 16:27:29.224] [info] cycle: [2128000]
[2026-03-15 16:27:29.676] [info] HBM2-CH_0: BW utilization 0% (0 reads, 0 writes)
[2026-03-15 16:27:29.729] [info] Core [0] Tile Stats | Issued: 415 Running: 0 Finished: 415
[2026-03-15 16:27:29.729] [info] cycle: [2136000]
[2026-03-15 16:27:29.729] [info] Core [1] Tile Stats | Issued: 416 Running: 0 Finished: 416
[2026-03-15 16:27:29.729] [info] cycle: [2136000]
[2026-03-15 16:27:29.729] [info] Core [2] Tile Stats | Issued: 416 Running: 0 Finished: 416
[2026-03-15 16:27:29.729] [info] cycle: [2136000]
[2026-03-15 16:27:29.729] [info] Core [3] Tile Stats | Issued: 415 Running: 0 Finished: 415
[2026-03-15 16:27:29.729] [info] cycle: [2136000]
[2026-03-15 16:27:30.232] [info] HBM2-CH_0: BW utilization 0% (0 reads, 0 writes)
[2026-03-15 16:27:30.292] [info] Core [0] Tile Stats | Issued: 415 Running: 0 Finished: 415
[2026-03-15 16:27:30.292] [info] cycle: [2144000]
[2026-03-15 16:27:30.292] [info] Core [1] Tile Stats | Issued: 416 Running: 0 Finished: 416
[2026-03-15 16:27:30.292] [info] cycle: [2144000]
[2026-03-15 16:27:30.292] [info] Core [2] Tile Stats | Issued: 416 Running: 0 Finished: 416
[2026-03-15 16:27:30.292] [info] cycle: [2144000]
[2026-03-15 16:27:30.292] [info] Core [3] Tile Stats | Issued: 415 Running: 0 Finished: 415
[2026-03-15 16:27:30.292] [info] cycle: [2144000]
[2026-03-15 16:27:30.830] [info] HBM2-CH_0: BW utilization 0% (0 reads, 0 writes)
[2026-03-15 16:27:30.886] [info] Core [0] Tile Stats | Issued: 415 Running: 0 Finished: 415
[2026-03-15 16:27:30.886] [info] cycle: [2152000]
[2026-03-15 16:27:30.886] [info] Core [1] Tile Stats | Issued: 416 Running: 0 Finished: 416
[2026-03-15 16:27:30.886] [info] cycle: [2152000]
[2026-03-15 16:27:30.886] [info] Core [2] Tile Stats | Issued: 416 Running: 0 Finished: 416
[2026-03-15 16:27:30.886] [info] cycle: [2152000]
[2026-03-15 16:27:30.886] [info] Core [3] Tile Stats | Issued: 415 Running: 0 Finished: 415
[2026-03-15 16:27:30.886] [info] cycle: [2152000]
[2026-03-15 16:27:31.344] [info] HBM2-CH_0: BW utilization 0% (0 reads, 0 writes)
[2026-03-15 16:27:31.397] [info] Core [0] Tile Stats | Issued: 415 Running: 0 Finished: 415
[2026-03-15 16:27:31.397] [info] cycle: [2160000]
[2026-03-15 16:27:31.397] [info] Core [1] Tile Stats | Issued: 416 Running: 0 Finished: 416
[2026-03-15 16:27:31.397] [info] cycle: [2160000]
[2026-03-15 16:27:31.397] [info] Core [2] Tile Stats | Issued: 416 Running: 0 Finished: 416
[2026-03-15 16:27:31.397] [info] cycle: [2160000]
[2026-03-15 16:27:31.397] [info] Core [3] Tile Stats | Issued: 415 Running: 0 Finished: 415
[2026-03-15 16:27:31.397] [info] cycle: [2160000]
[2026-03-15 16:27:31.853] [info] HBM2-CH_0: BW utilization 0% (0 reads, 0 writes)
[2026-03-15 16:27:31.912] [info] Core [0] Tile Stats | Issued: 415 Running: 0 Finished: 415
[2026-03-15 16:27:31.912] [info] cycle: [2168000]
[2026-03-15 16:27:31.912] [info] Core [1] Tile Stats | Issued: 416 Running: 0 Finished: 416
[2026-03-15 16:27:31.912] [info] cycle: [2168000]
[2026-03-15 16:27:31.912] [info] Core [2] Tile Stats | Issued: 416 Running: 0 Finished: 416
[2026-03-15 16:27:31.912] [info] cycle: [2168000]
[2026-03-15 16:27:31.912] [info] Core [3] Tile Stats | Issued: 415 Running: 0 Finished: 415
[2026-03-15 16:27:31.912] [info] cycle: [2168000]
[2026-03-15 16:27:32.445] [info] HBM2-CH_0: BW utilization 0% (0 reads, 0 writes)
[2026-03-15 16:27:32.509] [info] Core [0] Tile Stats | Issued: 415 Running: 0 Finished: 415
[2026-03-15 16:27:32.509] [info] cycle: [2176000]
[2026-03-15 16:27:32.509] [info] Core [1] Tile Stats | Issued: 416 Running: 0 Finished: 416
[2026-03-15 16:27:32.509] [info] cycle: [2176000]
[2026-03-15 16:27:32.509] [info] Core [2] Tile Stats | Issued: 416 Running: 0 Finished: 416
[2026-03-15 16:27:32.509] [info] cycle: [2176000]
[2026-03-15 16:27:32.509] [info] Core [3] Tile Stats | Issued: 415 Running: 0 Finished: 415
[2026-03-15 16:27:32.509] [info] cycle: [2176000]
[2026-03-15 16:27:33.042] [info] HBM2-CH_0: BW utilization 0% (0 reads, 0 writes)
[2026-03-15 16:27:33.107] [info] Core [0] Tile Stats | Issued: 415 Running: 0 Finished: 415
[2026-03-15 16:27:33.107] [info] cycle: [2184000]
[2026-03-15 16:27:33.107] [info] Core [1] Tile Stats | Issued: 416 Running: 0 Finished: 416
[2026-03-15 16:27:33.107] [info] cycle: [2184000]
[2026-03-15 16:27:33.107] [info] Core [2] Tile Stats | Issued: 416 Running: 0 Finished: 416
[2026-03-15 16:27:33.107] [info] cycle: [2184000]
[2026-03-15 16:27:33.107] [info] Core [3] Tile Stats | Issued: 415 Running: 0 Finished: 415
[2026-03-15 16:27:33.107] [info] cycle: [2184000]
[2026-03-15 16:27:33.584] [info] HBM2-CH_0: BW utilization 0% (0 reads, 0 writes)
[2026-03-15 16:27:33.638] [info] Core [0] Tile Stats | Issued: 415 Running: 0 Finished: 415
[2026-03-15 16:27:33.638] [info] cycle: [2192000]
[2026-03-15 16:27:33.638] [info] Core [1] Tile Stats | Issued: 416 Running: 0 Finished: 416
[2026-03-15 16:27:33.638] [info] cycle: [2192000]
[2026-03-15 16:27:33.638] [info] Core [2] Tile Stats | Issued: 416 Running: 0 Finished: 416
[2026-03-15 16:27:33.638] [info] cycle: [2192000]
[2026-03-15 16:27:33.638] [info] Core [3] Tile Stats | Issued: 415 Running: 0 Finished: 415
[2026-03-15 16:27:33.638] [info] cycle: [2192000]
[2026-03-15 16:27:34.111] [info] HBM2-CH_0: BW utilization 0% (0 reads, 0 writes)
[2026-03-15 16:27:34.170] [info] Core [0] Tile Stats | Issued: 415 Running: 0 Finished: 415
[2026-03-15 16:27:34.170] [info] cycle: [2200000]
[2026-03-15 16:27:34.170] [info] Core [1] Tile Stats | Issued: 416 Running: 0 Finished: 416
[2026-03-15 16:27:34.170] [info] cycle: [2200000]
[2026-03-15 16:27:34.170] [info] Core [2] Tile Stats | Issued: 416 Running: 0 Finished: 416
[2026-03-15 16:27:34.170] [info] cycle: [2200000]
[2026-03-15 16:27:34.170] [info] Core [3] Tile Stats | Issued: 415 Running: 0 Finished: 415
[2026-03-15 16:27:34.170] [info] cycle: [2200000]
[2026-03-15 16:27:34.673] [info] HBM2-CH_0: BW utilization 0% (0 reads, 0 writes)
[2026-03-15 16:27:34.731] [info] Core [0] Tile Stats | Issued: 415 Running: 0 Finished: 415
[2026-03-15 16:27:34.731] [info] cycle: [2208000]
[2026-03-15 16:27:34.731] [info] Core [1] Tile Stats | Issued: 416 Running: 0 Finished: 416
[2026-03-15 16:27:34.731] [info] cycle: [2208000]
[2026-03-15 16:27:34.731] [info] Core [2] Tile Stats | Issued: 416 Running: 0 Finished: 416
[2026-03-15 16:27:34.731] [info] cycle: [2208000]
[2026-03-15 16:27:34.731] [info] Core [3] Tile Stats | Issued: 415 Running: 0 Finished: 415
[2026-03-15 16:27:34.731] [info] cycle: [2208000]
[2026-03-15 16:27:35.240] [info] HBM2-CH_0: BW utilization 0% (0 reads, 0 writes)
[2026-03-15 16:27:35.300] [info] Core [0] Tile Stats | Issued: 415 Running: 0 Finished: 415
[2026-03-15 16:27:35.300] [info] cycle: [2216000]
[2026-03-15 16:27:35.300] [info] Core [1] Tile Stats | Issued: 416 Running: 0 Finished: 416
[2026-03-15 16:27:35.300] [info] cycle: [2216000]
[2026-03-15 16:27:35.300] [info] Core [2] Tile Stats | Issued: 416 Running: 0 Finished: 416
[2026-03-15 16:27:35.300] [info] cycle: [2216000]
[2026-03-15 16:27:35.300] [info] Core [3] Tile Stats | Issued: 415 Running: 0 Finished: 415
[2026-03-15 16:27:35.300] [info] cycle: [2216000]
[2026-03-15 16:27:35.808] [info] HBM2-CH_0: BW utilization 0% (0 reads, 0 writes)
[2026-03-15 16:27:35.870] [info] Core [0] Tile Stats | Issued: 415 Running: 0 Finished: 415
[2026-03-15 16:27:35.870] [info] cycle: [2224000]
[2026-03-15 16:27:35.870] [info] Core [1] Tile Stats | Issued: 416 Running: 0 Finished: 416
[2026-03-15 16:27:35.870] [info] cycle: [2224000]
[2026-03-15 16:27:35.870] [info] Core [2] Tile Stats | Issued: 416 Running: 0 Finished: 416
[2026-03-15 16:27:35.870] [info] cycle: [2224000]
[2026-03-15 16:27:35.870] [info] Core [3] Tile Stats | Issued: 415 Running: 0 Finished: 415
[2026-03-15 16:27:35.870] [info] cycle: [2224000]
[2026-03-15 16:27:36.370] [info] HBM2-CH_0: BW utilization 0% (0 reads, 0 writes)
[2026-03-15 16:27:36.430] [info] Core [0] Tile Stats | Issued: 415 Running: 0 Finished: 415
[2026-03-15 16:27:36.430] [info] cycle: [2232000]
[2026-03-15 16:27:36.430] [info] Core [1] Tile Stats | Issued: 416 Running: 0 Finished: 416
[2026-03-15 16:27:36.430] [info] cycle: [2232000]
[2026-03-15 16:27:36.430] [info] Core [2] Tile Stats | Issued: 416 Running: 0 Finished: 416
[2026-03-15 16:27:36.430] [info] cycle: [2232000]
[2026-03-15 16:27:36.430] [info] Core [3] Tile Stats | Issued: 415 Running: 0 Finished: 415
[2026-03-15 16:27:36.430] [info] cycle: [2232000]
[2026-03-15 16:27:36.920] [info] HBM2-CH_0: BW utilization 0% (0 reads, 0 writes)
[2026-03-15 16:27:36.979] [info] Core [0] Tile Stats | Issued: 415 Running: 0 Finished: 415
[2026-03-15 16:27:36.979] [info] cycle: [2240000]
[2026-03-15 16:27:36.979] [info] Core [1] Tile Stats | Issued: 416 Running: 0 Finished: 416
[2026-03-15 16:27:36.979] [info] cycle: [2240000]
[2026-03-15 16:27:36.979] [info] Core [2] Tile Stats | Issued: 416 Running: 0 Finished: 416
[2026-03-15 16:27:36.979] [info] cycle: [2240000]
[2026-03-15 16:27:36.979] [info] Core [3] Tile Stats | Issued: 415 Running: 0 Finished: 415
[2026-03-15 16:27:36.979] [info] cycle: [2240000]
[2026-03-15 16:27:37.478] [info] HBM2-CH_0: BW utilization 0% (0 reads, 0 writes)
[2026-03-15 16:27:37.538] [info] Core [0] Tile Stats | Issued: 415 Running: 0 Finished: 415
[2026-03-15 16:27:37.538] [info] cycle: [2248000]
[2026-03-15 16:27:37.538] [info] Core [1] Tile Stats | Issued: 416 Running: 0 Finished: 416
[2026-03-15 16:27:37.538] [info] cycle: [2248000]
[2026-03-15 16:27:37.538] [info] Core [2] Tile Stats | Issued: 416 Running: 0 Finished: 416
[2026-03-15 16:27:37.538] [info] cycle: [2248000]
[2026-03-15 16:27:37.538] [info] Core [3] Tile Stats | Issued: 415 Running: 0 Finished: 415
[2026-03-15 16:27:37.538] [info] cycle: [2248000]
[2026-03-15 16:27:38.033] [info] HBM2-CH_0: BW utilization 0% (0 reads, 0 writes)
[2026-03-15 16:27:38.100] [info] Core [0] Tile Stats | Issued: 415 Running: 0 Finished: 415
[2026-03-15 16:27:38.100] [info] cycle: [2256000]
[2026-03-15 16:27:38.100] [info] Core [1] Tile Stats | Issued: 416 Running: 0 Finished: 416
[2026-03-15 16:27:38.100] [info] cycle: [2256000]
[2026-03-15 16:27:38.100] [info] Core [2] Tile Stats | Issued: 416 Running: 0 Finished: 416
[2026-03-15 16:27:38.100] [info] cycle: [2256000]
[2026-03-15 16:27:38.101] [info] Core [3] Tile Stats | Issued: 415 Running: 0 Finished: 415
[2026-03-15 16:27:38.101] [info] cycle: [2256000]
[2026-03-15 16:27:38.610] [info] HBM2-CH_0: BW utilization 0% (0 reads, 0 writes)
[2026-03-15 16:27:38.669] [info] Core [0] Tile Stats | Issued: 415 Running: 0 Finished: 415
[2026-03-15 16:27:38.669] [info] cycle: [2264000]
[2026-03-15 16:27:38.669] [info] Core [1] Tile Stats | Issued: 416 Running: 0 Finished: 416
[2026-03-15 16:27:38.669] [info] cycle: [2264000]
[2026-03-15 16:27:38.669] [info] Core [2] Tile Stats | Issued: 416 Running: 0 Finished: 416
[2026-03-15 16:27:38.669] [info] cycle: [2264000]
[2026-03-15 16:27:38.669] [info] Core [3] Tile Stats | Issued: 415 Running: 0 Finished: 415
[2026-03-15 16:27:38.669] [info] cycle: [2264000]
[2026-03-15 16:27:39.186] [info] HBM2-CH_0: BW utilization 0% (0 reads, 0 writes)
[2026-03-15 16:27:39.248] [info] Core [0] Tile Stats | Issued: 415 Running: 0 Finished: 415
[2026-03-15 16:27:39.248] [info] cycle: [2272000]
[2026-03-15 16:27:39.248] [info] Core [1] Tile Stats | Issued: 416 Running: 0 Finished: 416
[2026-03-15 16:27:39.248] [info] cycle: [2272000]
[2026-03-15 16:27:39.248] [info] Core [2] Tile Stats | Issued: 416 Running: 0 Finished: 416
[2026-03-15 16:27:39.248] [info] cycle: [2272000]
[2026-03-15 16:27:39.248] [info] Core [3] Tile Stats | Issued: 415 Running: 0 Finished: 415
[2026-03-15 16:27:39.248] [info] cycle: [2272000]
[2026-03-15 16:27:39.837] [info] HBM2-CH_0: BW utilization 0% (0 reads, 0 writes)
[2026-03-15 16:27:39.901] [info] Core [0] Tile Stats | Issued: 415 Running: 0 Finished: 415
[2026-03-15 16:27:39.901] [info] cycle: [2280000]
[2026-03-15 16:27:39.901] [info] Core [1] Tile Stats | Issued: 416 Running: 0 Finished: 416
[2026-03-15 16:27:39.901] [info] cycle: [2280000]
[2026-03-15 16:27:39.901] [info] Core [2] Tile Stats | Issued: 416 Running: 0 Finished: 416
[2026-03-15 16:27:39.901] [info] cycle: [2280000]
[2026-03-15 16:27:39.902] [info] Core [3] Tile Stats | Issued: 415 Running: 0 Finished: 415
[2026-03-15 16:27:39.902] [info] cycle: [2280000]
[2026-03-15 16:27:40.415] [info] HBM2-CH_0: BW utilization 0% (0 reads, 0 writes)
[2026-03-15 16:27:40.470] [info] Core [0] Tile Stats | Issued: 415 Running: 0 Finished: 415
[2026-03-15 16:27:40.470] [info] cycle: [2288000]
[2026-03-15 16:27:40.470] [info] Core [1] Tile Stats | Issued: 416 Running: 0 Finished: 416
[2026-03-15 16:27:40.470] [info] cycle: [2288000]
[2026-03-15 16:27:40.470] [info] Core [2] Tile Stats | Issued: 416 Running: 0 Finished: 416
[2026-03-15 16:27:40.470] [info] cycle: [2288000]
[2026-03-15 16:27:40.470] [info] Core [3] Tile Stats | Issued: 415 Running: 0 Finished: 415
[2026-03-15 16:27:40.470] [info] cycle: [2288000]
[2026-03-15 16:27:40.980] [info] HBM2-CH_0: BW utilization 0% (0 reads, 0 writes)
[2026-03-15 16:27:41.035] [info] Core [0] Tile Stats | Issued: 415 Running: 0 Finished: 415
[2026-03-15 16:27:41.035] [info] cycle: [2296000]
[2026-03-15 16:27:41.035] [info] Core [1] Tile Stats | Issued: 416 Running: 0 Finished: 416
[2026-03-15 16:27:41.035] [info] cycle: [2296000]
[2026-03-15 16:27:41.035] [info] Core [2] Tile Stats | Issued: 416 Running: 0 Finished: 416
[2026-03-15 16:27:41.035] [info] cycle: [2296000]
[2026-03-15 16:27:41.035] [info] Core [3] Tile Stats | Issued: 415 Running: 0 Finished: 415
[2026-03-15 16:27:41.035] [info] cycle: [2296000]
[2026-03-15 16:27:41.566] [info] HBM2-CH_0: BW utilization 0% (0 reads, 0 writes)
[2026-03-15 16:27:41.668] [info] Core [0] Tile Stats | Issued: 415 Running: 0 Finished: 415
[2026-03-15 16:27:41.668] [info] cycle: [2304000]
[2026-03-15 16:27:41.668] [info] Core [1] Tile Stats | Issued: 416 Running: 0 Finished: 416
[2026-03-15 16:27:41.668] [info] cycle: [2304000]
[2026-03-15 16:27:41.668] [info] Core [2] Tile Stats | Issued: 416 Running: 0 Finished: 416
[2026-03-15 16:27:41.668] [info] cycle: [2304000]
[2026-03-15 16:27:41.668] [info] Core [3] Tile Stats | Issued: 415 Running: 0 Finished: 415
[2026-03-15 16:27:41.668] [info] cycle: [2304000]
[2026-03-15 16:27:42.340] [info] HBM2-CH_0: BW utilization 0% (0 reads, 0 writes)
[2026-03-15 16:27:42.396] [info] Core [0] Tile Stats | Issued: 415 Running: 0 Finished: 415
[2026-03-15 16:27:42.396] [info] cycle: [2312000]
[2026-03-15 16:27:42.396] [info] Core [1] Tile Stats | Issued: 416 Running: 0 Finished: 416
[2026-03-15 16:27:42.396] [info] cycle: [2312000]
[2026-03-15 16:27:42.396] [info] Core [2] Tile Stats | Issued: 416 Running: 0 Finished: 416
[2026-03-15 16:27:42.396] [info] cycle: [2312000]
[2026-03-15 16:27:42.396] [info] Core [3] Tile Stats | Issued: 415 Running: 0 Finished: 415
[2026-03-15 16:27:42.396] [info] cycle: [2312000]
[2026-03-15 16:27:42.980] [info] HBM2-CH_0: BW utilization 0% (0 reads, 0 writes)
[2026-03-15 16:27:43.063] [info] Core [0] Tile Stats | Issued: 415 Running: 0 Finished: 415
[2026-03-15 16:27:43.063] [info] cycle: [2320000]
[2026-03-15 16:27:43.063] [info] Core [1] Tile Stats | Issued: 416 Running: 0 Finished: 416
[2026-03-15 16:27:43.063] [info] cycle: [2320000]
[2026-03-15 16:27:43.063] [info] Core [2] Tile Stats | Issued: 416 Running: 0 Finished: 416
[2026-03-15 16:27:43.063] [info] cycle: [2320000]
[2026-03-15 16:27:43.063] [info] Core [3] Tile Stats | Issued: 415 Running: 0 Finished: 415
[2026-03-15 16:27:43.063] [info] cycle: [2320000]
[2026-03-15 16:27:43.639] [info] HBM2-CH_0: BW utilization 0% (0 reads, 0 writes)
[2026-03-15 16:27:43.727] [info] Core [0] Tile Stats | Issued: 415 Running: 0 Finished: 415
[2026-03-15 16:27:43.727] [info] cycle: [2328000]
[2026-03-15 16:27:43.727] [info] Core [1] Tile Stats | Issued: 416 Running: 0 Finished: 416
[2026-03-15 16:27:43.727] [info] cycle: [2328000]
[2026-03-15 16:27:43.727] [info] Core [2] Tile Stats | Issued: 416 Running: 0 Finished: 416
[2026-03-15 16:27:43.727] [info] cycle: [2328000]
[2026-03-15 16:27:43.727] [info] Core [3] Tile Stats | Issued: 415 Running: 0 Finished: 415
[2026-03-15 16:27:43.727] [info] cycle: [2328000]
[2026-03-15 16:27:44.209] [info] HBM2-CH_0: BW utilization 0% (0 reads, 0 writes)
[2026-03-15 16:27:44.271] [info] Core [0] Tile Stats | Issued: 415 Running: 0 Finished: 415
[2026-03-15 16:27:44.271] [info] cycle: [2336000]
[2026-03-15 16:27:44.271] [info] Core [1] Tile Stats | Issued: 416 Running: 0 Finished: 416
[2026-03-15 16:27:44.271] [info] cycle: [2336000]
[2026-03-15 16:27:44.271] [info] Core [2] Tile Stats | Issued: 416 Running: 0 Finished: 416
[2026-03-15 16:27:44.271] [info] cycle: [2336000]
[2026-03-15 16:27:44.271] [info] Core [3] Tile Stats | Issued: 415 Running: 0 Finished: 415
[2026-03-15 16:27:44.271] [info] cycle: [2336000]
[2026-03-15 16:27:44.824] [info] HBM2-CH_0: BW utilization 0% (0 reads, 0 writes)
[2026-03-15 16:27:44.886] [info] Core [0] Tile Stats | Issued: 415 Running: 0 Finished: 415
[2026-03-15 16:27:44.886] [info] cycle: [2344000]
[2026-03-15 16:27:44.886] [info] Core [1] Tile Stats | Issued: 416 Running: 0 Finished: 416
[2026-03-15 16:27:44.886] [info] cycle: [2344000]
[2026-03-15 16:27:44.886] [info] Core [2] Tile Stats | Issued: 416 Running: 0 Finished: 416
[2026-03-15 16:27:44.886] [info] cycle: [2344000]
[2026-03-15 16:27:44.886] [info] Core [3] Tile Stats | Issued: 415 Running: 0 Finished: 415
[2026-03-15 16:27:44.886] [info] cycle: [2344000]
[2026-03-15 16:27:45.331] [info] HBM2-CH_0: BW utilization 0% (0 reads, 0 writes)
[2026-03-15 16:27:45.388] [info] Core [0] Tile Stats | Issued: 415 Running: 0 Finished: 415
[2026-03-15 16:27:45.388] [info] cycle: [2352000]
[2026-03-15 16:27:45.388] [info] Core [1] Tile Stats | Issued: 416 Running: 0 Finished: 416
[2026-03-15 16:27:45.388] [info] cycle: [2352000]
[2026-03-15 16:27:45.388] [info] Core [2] Tile Stats | Issued: 416 Running: 0 Finished: 416
[2026-03-15 16:27:45.388] [info] cycle: [2352000]
[2026-03-15 16:27:45.388] [info] Core [3] Tile Stats | Issued: 415 Running: 0 Finished: 415
[2026-03-15 16:27:45.388] [info] cycle: [2352000]
[2026-03-15 16:27:45.832] [info] HBM2-CH_0: BW utilization 0% (0 reads, 0 writes)
[2026-03-15 16:27:45.889] [info] Core [0] Tile Stats | Issued: 415 Running: 0 Finished: 415
[2026-03-15 16:27:45.889] [info] cycle: [2360000]
[2026-03-15 16:27:45.889] [info] Core [1] Tile Stats | Issued: 416 Running: 0 Finished: 416
[2026-03-15 16:27:45.889] [info] cycle: [2360000]
[2026-03-15 16:27:45.889] [info] Core [2] Tile Stats | Issued: 416 Running: 0 Finished: 416
[2026-03-15 16:27:45.889] [info] cycle: [2360000]
[2026-03-15 16:27:45.889] [info] Core [3] Tile Stats | Issued: 415 Running: 0 Finished: 415
[2026-03-15 16:27:45.889] [info] cycle: [2360000]
[2026-03-15 16:27:46.339] [info] HBM2-CH_0: BW utilization 0% (0 reads, 0 writes)
[2026-03-15 16:27:46.396] [info] Core [0] Tile Stats | Issued: 415 Running: 0 Finished: 415
[2026-03-15 16:27:46.396] [info] cycle: [2368000]
[2026-03-15 16:27:46.396] [info] Core [1] Tile Stats | Issued: 416 Running: 0 Finished: 416
[2026-03-15 16:27:46.396] [info] cycle: [2368000]
[2026-03-15 16:27:46.396] [info] Core [2] Tile Stats | Issued: 416 Running: 0 Finished: 416
[2026-03-15 16:27:46.396] [info] cycle: [2368000]
[2026-03-15 16:27:46.396] [info] Core [3] Tile Stats | Issued: 415 Running: 0 Finished: 415
[2026-03-15 16:27:46.396] [info] cycle: [2368000]
[2026-03-15 16:27:46.964] [info] HBM2-CH_0: BW utilization 0% (0 reads, 0 writes)
[2026-03-15 16:27:47.034] [info] Core [0] Tile Stats | Issued: 415 Running: 0 Finished: 415
[2026-03-15 16:27:47.034] [info] cycle: [2376000]
[2026-03-15 16:27:47.034] [info] Core [1] Tile Stats | Issued: 416 Running: 0 Finished: 416
[2026-03-15 16:27:47.034] [info] cycle: [2376000]
[2026-03-15 16:27:47.034] [info] Core [2] Tile Stats | Issued: 416 Running: 0 Finished: 416
[2026-03-15 16:27:47.034] [info] cycle: [2376000]
[2026-03-15 16:27:47.034] [info] Core [3] Tile Stats | Issued: 415 Running: 0 Finished: 415
[2026-03-15 16:27:47.034] [info] cycle: [2376000]
[2026-03-15 16:27:47.694] [info] HBM2-CH_0: BW utilization 0% (0 reads, 0 writes)
[2026-03-15 16:27:47.760] [info] Core [0] Tile Stats | Issued: 415 Running: 0 Finished: 415
[2026-03-15 16:27:47.760] [info] cycle: [2384000]
[2026-03-15 16:27:47.760] [info] Core [1] Tile Stats | Issued: 416 Running: 0 Finished: 416
[2026-03-15 16:27:47.760] [info] cycle: [2384000]
[2026-03-15 16:27:47.760] [info] Core [2] Tile Stats | Issued: 416 Running: 0 Finished: 416
[2026-03-15 16:27:47.760] [info] cycle: [2384000]
[2026-03-15 16:27:47.760] [info] Core [3] Tile Stats | Issued: 415 Running: 0 Finished: 415
[2026-03-15 16:27:47.760] [info] cycle: [2384000]
[2026-03-15 16:27:48.216] [info] HBM2-CH_0: BW utilization 0% (0 reads, 0 writes)
[2026-03-15 16:27:48.274] [info] Core [0] Tile Stats | Issued: 415 Running: 0 Finished: 415
[2026-03-15 16:27:48.274] [info] cycle: [2392000]
[2026-03-15 16:27:48.274] [info] Core [1] Tile Stats | Issued: 416 Running: 0 Finished: 416
[2026-03-15 16:27:48.274] [info] cycle: [2392000]
[2026-03-15 16:27:48.274] [info] Core [2] Tile Stats | Issued: 416 Running: 0 Finished: 416
[2026-03-15 16:27:48.274] [info] cycle: [2392000]
[2026-03-15 16:27:48.274] [info] Core [3] Tile Stats | Issued: 415 Running: 0 Finished: 415
[2026-03-15 16:27:48.274] [info] cycle: [2392000]
[2026-03-15 16:27:48.720] [info] HBM2-CH_0: BW utilization 0% (0 reads, 0 writes)
[2026-03-15 16:27:48.779] [info] Core [0] Tile Stats | Issued: 415 Running: 0 Finished: 415
[2026-03-15 16:27:48.779] [info] cycle: [2400000]
[2026-03-15 16:27:48.779] [info] Core [1] Tile Stats | Issued: 416 Running: 0 Finished: 416
[2026-03-15 16:27:48.779] [info] cycle: [2400000]
[2026-03-15 16:27:48.779] [info] Core [2] Tile Stats | Issued: 416 Running: 0 Finished: 416
[2026-03-15 16:27:48.779] [info] cycle: [2400000]
[2026-03-15 16:27:48.779] [info] Core [3] Tile Stats | Issued: 415 Running: 0 Finished: 415
[2026-03-15 16:27:48.779] [info] cycle: [2400000]
[2026-03-15 16:27:49.321] [info] HBM2-CH_0: BW utilization 0% (0 reads, 0 writes)
[2026-03-15 16:27:49.381] [info] Core [0] Tile Stats | Issued: 415 Running: 0 Finished: 415
[2026-03-15 16:27:49.381] [info] cycle: [2408000]
[2026-03-15 16:27:49.382] [info] Core [1] Tile Stats | Issued: 416 Running: 0 Finished: 416
[2026-03-15 16:27:49.382] [info] cycle: [2408000]
[2026-03-15 16:27:49.382] [info] Core [2] Tile Stats | Issued: 416 Running: 0 Finished: 416
[2026-03-15 16:27:49.382] [info] cycle: [2408000]
[2026-03-15 16:27:49.382] [info] Core [3] Tile Stats | Issued: 415 Running: 0 Finished: 415
[2026-03-15 16:27:49.382] [info] cycle: [2408000]
[2026-03-15 16:27:49.908] [info] HBM2-CH_0: BW utilization 0% (0 reads, 0 writes)
[2026-03-15 16:27:49.966] [info] Core [0] Tile Stats | Issued: 415 Running: 0 Finished: 415
[2026-03-15 16:27:49.966] [info] cycle: [2416000]
[2026-03-15 16:27:49.966] [info] Core [1] Tile Stats | Issued: 416 Running: 0 Finished: 416
[2026-03-15 16:27:49.966] [info] cycle: [2416000]
[2026-03-15 16:27:49.966] [info] Core [2] Tile Stats | Issued: 416 Running: 0 Finished: 416
[2026-03-15 16:27:49.966] [info] cycle: [2416000]
[2026-03-15 16:27:49.966] [info] Core [3] Tile Stats | Issued: 415 Running: 0 Finished: 415
[2026-03-15 16:27:49.966] [info] cycle: [2416000]
[2026-03-15 16:27:50.449] [info] HBM2-CH_0: BW utilization 0% (0 reads, 0 writes)
[2026-03-15 16:27:50.514] [info] Core [0] Tile Stats | Issued: 415 Running: 0 Finished: 415
[2026-03-15 16:27:50.514] [info] cycle: [2424000]
[2026-03-15 16:27:50.514] [info] Core [1] Tile Stats | Issued: 416 Running: 0 Finished: 416
[2026-03-15 16:27:50.514] [info] cycle: [2424000]
[2026-03-15 16:27:50.514] [info] Core [2] Tile Stats | Issued: 416 Running: 0 Finished: 416
[2026-03-15 16:27:50.514] [info] cycle: [2424000]
[2026-03-15 16:27:50.514] [info] Core [3] Tile Stats | Issued: 415 Running: 0 Finished: 415
[2026-03-15 16:27:50.514] [info] cycle: [2424000]
[2026-03-15 16:27:51.038] [info] HBM2-CH_0: BW utilization 0% (0 reads, 0 writes)
[2026-03-15 16:27:51.110] [info] Core [0] Tile Stats | Issued: 415 Running: 0 Finished: 415
[2026-03-15 16:27:51.110] [info] cycle: [2432000]
[2026-03-15 16:27:51.110] [info] Core [1] Tile Stats | Issued: 416 Running: 0 Finished: 416
[2026-03-15 16:27:51.110] [info] cycle: [2432000]
[2026-03-15 16:27:51.110] [info] Core [2] Tile Stats | Issued: 416 Running: 0 Finished: 416
[2026-03-15 16:27:51.110] [info] cycle: [2432000]
[2026-03-15 16:27:51.110] [info] Core [3] Tile Stats | Issued: 415 Running: 0 Finished: 415
[2026-03-15 16:27:51.110] [info] cycle: [2432000]
[2026-03-15 16:27:51.647] [info] HBM2-CH_0: BW utilization 0% (0 reads, 0 writes)
[2026-03-15 16:27:51.718] [info] Core [0] Tile Stats | Issued: 415 Running: 0 Finished: 415
[2026-03-15 16:27:51.718] [info] cycle: [2440000]
[2026-03-15 16:27:51.718] [info] Core [1] Tile Stats | Issued: 416 Running: 0 Finished: 416
[2026-03-15 16:27:51.718] [info] cycle: [2440000]
[2026-03-15 16:27:51.718] [info] Core [2] Tile Stats | Issued: 416 Running: 0 Finished: 416
[2026-03-15 16:27:51.718] [info] cycle: [2440000]
[2026-03-15 16:27:51.718] [info] Core [3] Tile Stats | Issued: 415 Running: 0 Finished: 415
[2026-03-15 16:27:51.718] [info] cycle: [2440000]
[2026-03-15 16:27:52.180] [info] HBM2-CH_0: BW utilization 0% (0 reads, 0 writes)
[2026-03-15 16:27:52.239] [info] Core [0] Tile Stats | Issued: 415 Running: 0 Finished: 415
[2026-03-15 16:27:52.239] [info] cycle: [2448000]
[2026-03-15 16:27:52.239] [info] Core [1] Tile Stats | Issued: 416 Running: 0 Finished: 416
[2026-03-15 16:27:52.239] [info] cycle: [2448000]
[2026-03-15 16:27:52.239] [info] Core [2] Tile Stats | Issued: 416 Running: 0 Finished: 416
[2026-03-15 16:27:52.239] [info] cycle: [2448000]
[2026-03-15 16:27:52.239] [info] Core [3] Tile Stats | Issued: 415 Running: 0 Finished: 415
[2026-03-15 16:27:52.239] [info] cycle: [2448000]
[2026-03-15 16:27:52.818] [info] HBM2-CH_0: BW utilization 0% (0 reads, 0 writes)
[2026-03-15 16:27:52.882] [info] Core [0] Tile Stats | Issued: 415 Running: 0 Finished: 415
[2026-03-15 16:27:52.882] [info] cycle: [2456000]
[2026-03-15 16:27:52.882] [info] Core [1] Tile Stats | Issued: 416 Running: 0 Finished: 416
[2026-03-15 16:27:52.882] [info] cycle: [2456000]
[2026-03-15 16:27:52.882] [info] Core [2] Tile Stats | Issued: 416 Running: 0 Finished: 416
[2026-03-15 16:27:52.882] [info] cycle: [2456000]
[2026-03-15 16:27:52.882] [info] Core [3] Tile Stats | Issued: 415 Running: 0 Finished: 415
[2026-03-15 16:27:52.882] [info] cycle: [2456000]
[2026-03-15 16:27:53.399] [info] HBM2-CH_0: BW utilization 0% (0 reads, 0 writes)
[2026-03-15 16:27:53.471] [info] Core [0] Tile Stats | Issued: 415 Running: 0 Finished: 415
[2026-03-15 16:27:53.471] [info] cycle: [2464000]
[2026-03-15 16:27:53.471] [info] Core [1] Tile Stats | Issued: 416 Running: 0 Finished: 416
[2026-03-15 16:27:53.471] [info] cycle: [2464000]
[2026-03-15 16:27:53.471] [info] Core [2] Tile Stats | Issued: 416 Running: 0 Finished: 416
[2026-03-15 16:27:53.471] [info] cycle: [2464000]
[2026-03-15 16:27:53.471] [info] Core [3] Tile Stats | Issued: 415 Running: 0 Finished: 415
[2026-03-15 16:27:53.471] [info] cycle: [2464000]
[2026-03-15 16:27:53.994] [info] HBM2-CH_0: BW utilization 0% (0 reads, 0 writes)
[2026-03-15 16:27:54.088] [info] Core [0] Tile Stats | Issued: 415 Running: 0 Finished: 415
[2026-03-15 16:27:54.088] [info] cycle: [2472000]
[2026-03-15 16:27:54.088] [info] Core [1] Tile Stats | Issued: 416 Running: 0 Finished: 416
[2026-03-15 16:27:54.088] [info] cycle: [2472000]
[2026-03-15 16:27:54.088] [info] Core [2] Tile Stats | Issued: 416 Running: 0 Finished: 416
[2026-03-15 16:27:54.088] [info] cycle: [2472000]
[2026-03-15 16:27:54.088] [info] Core [3] Tile Stats | Issued: 415 Running: 0 Finished: 415
[2026-03-15 16:27:54.088] [info] cycle: [2472000]
[2026-03-15 16:27:54.588] [info] HBM2-CH_0: BW utilization 0% (0 reads, 0 writes)
[2026-03-15 16:27:54.648] [info] Core [0] Tile Stats | Issued: 415 Running: 0 Finished: 415
[2026-03-15 16:27:54.648] [info] cycle: [2480000]
[2026-03-15 16:27:54.648] [info] Core [1] Tile Stats | Issued: 416 Running: 0 Finished: 416
[2026-03-15 16:27:54.648] [info] cycle: [2480000]
[2026-03-15 16:27:54.648] [info] Core [2] Tile Stats | Issued: 416 Running: 0 Finished: 416
[2026-03-15 16:27:54.648] [info] cycle: [2480000]
[2026-03-15 16:27:54.648] [info] Core [3] Tile Stats | Issued: 415 Running: 0 Finished: 415
[2026-03-15 16:27:54.648] [info] cycle: [2480000]
[2026-03-15 16:27:55.199] [info] HBM2-CH_0: BW utilization 0% (0 reads, 0 writes)
[2026-03-15 16:27:55.290] [info] Core [0] Tile Stats | Issued: 415 Running: 0 Finished: 415
[2026-03-15 16:27:55.290] [info] cycle: [2488000]
[2026-03-15 16:27:55.290] [info] Core [1] Tile Stats | Issued: 416 Running: 0 Finished: 416
[2026-03-15 16:27:55.290] [info] cycle: [2488000]
[2026-03-15 16:27:55.290] [info] Core [2] Tile Stats | Issued: 416 Running: 0 Finished: 416
[2026-03-15 16:27:55.290] [info] cycle: [2488000]
[2026-03-15 16:27:55.290] [info] Core [3] Tile Stats | Issued: 415 Running: 0 Finished: 415
[2026-03-15 16:27:55.290] [info] cycle: [2488000]
[2026-03-15 16:27:55.815] [info] HBM2-CH_0: BW utilization 0% (0 reads, 0 writes)
[2026-03-15 16:27:55.875] [info] Core [0] Tile Stats | Issued: 415 Running: 0 Finished: 415
[2026-03-15 16:27:55.875] [info] cycle: [2496000]
[2026-03-15 16:27:55.875] [info] Core [1] Tile Stats | Issued: 416 Running: 0 Finished: 416
[2026-03-15 16:27:55.875] [info] cycle: [2496000]
[2026-03-15 16:27:55.875] [info] Core [2] Tile Stats | Issued: 416 Running: 0 Finished: 416
[2026-03-15 16:27:55.875] [info] cycle: [2496000]
[2026-03-15 16:27:55.875] [info] Core [3] Tile Stats | Issued: 415 Running: 0 Finished: 415
[2026-03-15 16:27:55.875] [info] cycle: [2496000]
[2026-03-15 16:27:56.330] [info] HBM2-CH_0: BW utilization 0% (0 reads, 0 writes)
[2026-03-15 16:27:56.391] [info] Core [0] Tile Stats | Issued: 415 Running: 0 Finished: 415
[2026-03-15 16:27:56.391] [info] cycle: [2504000]
[2026-03-15 16:27:56.391] [info] Core [1] Tile Stats | Issued: 416 Running: 0 Finished: 416
[2026-03-15 16:27:56.391] [info] cycle: [2504000]
[2026-03-15 16:27:56.391] [info] Core [2] Tile Stats | Issued: 416 Running: 0 Finished: 416
[2026-03-15 16:27:56.391] [info] cycle: [2504000]
[2026-03-15 16:27:56.391] [info] Core [3] Tile Stats | Issued: 415 Running: 0 Finished: 415
[2026-03-15 16:27:56.391] [info] cycle: [2504000]
[2026-03-15 16:27:56.839] [info] HBM2-CH_0: BW utilization 0% (0 reads, 0 writes)
[2026-03-15 16:27:56.900] [info] Core [0] Tile Stats | Issued: 415 Running: 0 Finished: 415
[2026-03-15 16:27:56.900] [info] cycle: [2512000]
[2026-03-15 16:27:56.900] [info] Core [1] Tile Stats | Issued: 416 Running: 0 Finished: 416
[2026-03-15 16:27:56.900] [info] cycle: [2512000]
[2026-03-15 16:27:56.900] [info] Core [2] Tile Stats | Issued: 416 Running: 0 Finished: 416
[2026-03-15 16:27:56.900] [info] cycle: [2512000]
[2026-03-15 16:27:56.900] [info] Core [3] Tile Stats | Issued: 415 Running: 0 Finished: 415
[2026-03-15 16:27:56.900] [info] cycle: [2512000]
[2026-03-15 16:27:57.349] [info] HBM2-CH_0: BW utilization 0% (0 reads, 0 writes)
[2026-03-15 16:27:57.410] [info] Core [0] Tile Stats | Issued: 415 Running: 0 Finished: 415
[2026-03-15 16:27:57.410] [info] cycle: [2520000]
[2026-03-15 16:27:57.410] [info] Core [1] Tile Stats | Issued: 416 Running: 0 Finished: 416
[2026-03-15 16:27:57.410] [info] cycle: [2520000]
[2026-03-15 16:27:57.410] [info] Core [2] Tile Stats | Issued: 416 Running: 0 Finished: 416
[2026-03-15 16:27:57.410] [info] cycle: [2520000]
[2026-03-15 16:27:57.410] [info] Core [3] Tile Stats | Issued: 415 Running: 0 Finished: 415
[2026-03-15 16:27:57.410] [info] cycle: [2520000]
[2026-03-15 16:27:57.856] [info] HBM2-CH_0: BW utilization 0% (0 reads, 0 writes)
[2026-03-15 16:27:57.918] [info] Core [0] Tile Stats | Issued: 415 Running: 0 Finished: 415
[2026-03-15 16:27:57.918] [info] cycle: [2528000]
[2026-03-15 16:27:57.918] [info] Core [1] Tile Stats | Issued: 416 Running: 0 Finished: 416
[2026-03-15 16:27:57.918] [info] cycle: [2528000]
[2026-03-15 16:27:57.918] [info] Core [2] Tile Stats | Issued: 416 Running: 0 Finished: 416
[2026-03-15 16:27:57.918] [info] cycle: [2528000]
[2026-03-15 16:27:57.918] [info] Core [3] Tile Stats | Issued: 415 Running: 0 Finished: 415
[2026-03-15 16:27:57.918] [info] cycle: [2528000]
