[2026-03-14 23:41:44.601] [info] CPU 0: Partition 0
[2026-03-14 23:41:44.601] [info] CPU 1: Partition 0
[2026-03-14 23:41:44.601] [info] CPU 2: Partition 0
[2026-03-14 23:41:44.601] [info] CPU 3: Partition 0
[2026-03-14 23:41:44.601] [info] Running in default mode
[2026-03-14 23:41:44.601] [info] Simulator Configuration:
[2026-03-14 23:41:44.601] [info] [Core 0] Systolic Array Throughput: 131072 GFLOPS, Spad size: 32768 KB, Accumulator size: 4096 KB
[2026-03-14 23:41:44.601] [info] [Core 1] Systolic Array Throughput: 131072 GFLOPS, Spad size: 32768 KB, Accumulator size: 4096 KB
[2026-03-14 23:41:44.601] [info] [Core 2] Systolic Array Throughput: 131072 GFLOPS, Spad size: 32768 KB, Accumulator size: 4096 KB
[2026-03-14 23:41:44.601] [info] [Core 3] Systolic Array Throughput: 131072 GFLOPS, Spad size: 32768 KB, Accumulator size: 4096 KB
[2026-03-14 23:41:44.601] [info] DRAM Bandwidth 614 GB/s
[2026-03-14 23:41:44.601] [info] Ramulator2 config: ./configs/../configs/ramulator2_configs/HBM2.yaml
[2026-03-14 23:41:44.614] [info] Initialize SimpleInterconnect
[2026-03-14 23:41:44.617] [info] ICNT print interval: 8000 cycles
[2026-03-14 23:41:44.617] [info] num cores : [4]
[2026-03-14 23:41:44.617] [info] No mapping file path : ./models/mamba-130m/mamba-130m.mapping
[2026-03-14 23:41:44.617] [info] Register model: mamba-130m
[2026-03-14 23:41:44.617] [info] Model Name
[2026-03-14 23:41:45.069] [info] has_l2,[false]
[2026-03-14 23:41:45.069] [info] ======Start Simulation=====
[2026-03-14 23:41:45.069] [info] Model Name: mamba-130m model started
[2026-03-14 23:41:45.515] [debug] input name: token val: 1 param: 
[2026-03-14 23:41:45.515] [debug] input name: conv_states val: 24 param: 
[2026-03-14 23:41:45.515] [debug] input name: conv_states val: 1 param: 
[2026-03-14 23:41:45.515] [debug] input name: conv_states val: 1536 param: 
[2026-03-14 23:41:45.515] [debug] input name: conv_states val: 4 param: 
[2026-03-14 23:41:45.515] [debug] input name: ssm_states val: 24 param: 
[2026-03-14 23:41:45.515] [debug] input name: ssm_states val: 1 param: 
[2026-03-14 23:41:45.515] [debug] input name: ssm_states val: 1536 param: 
[2026-03-14 23:41:45.515] [debug] input name: ssm_states val: 16 param: 
[2026-03-14 23:41:45.515] [info] MambaBlock non-executable created with:
[2026-03-14 23:41:45.515] [info] MambaBlock /m/layers/layers.0/MambaBlock wired:
[2026-03-14 23:41:45.515] [info]   inputs  (12):
[2026-03-14 23:41:45.515] [info]     [ 0] /m/embedding/Gather_output_0
[2026-03-14 23:41:45.515] [info]     [ 1] /Gather_output_0
[2026-03-14 23:41:45.515] [info]     [ 2] /Gather_24_output_0
[2026-03-14 23:41:45.515] [info]     [ 3] m.layers.layers.0.in_proj.weight
[2026-03-14 23:41:45.515] [info]     [ 4] m.layers.layers.0.conv1d.weight
[2026-03-14 23:41:45.515] [info]     [ 5] m.layers.layers.0.conv1d.bias
[2026-03-14 23:41:45.515] [info]     [ 6] m.layers.layers.0.x_proj.weight
[2026-03-14 23:41:45.515] [info]     [ 7] m.layers.layers.0.dt_proj.weight
[2026-03-14 23:41:45.515] [info]     [ 8] m.layers.layers.0.dt_proj.bias
[2026-03-14 23:41:45.515] [info]     [ 9] m.layers.layers.0.A_log
[2026-03-14 23:41:45.515] [info]     [10] m.layers.layers.0.D
[2026-03-14 23:41:45.515] [info]     [11] m.layers.layers.0.out_proj.weight
[2026-03-14 23:41:45.515] [info]   outputs (3):
[2026-03-14 23:41:45.515] [info]     [ 0] /m/layers/layers.0/MambaBlock_output_0
[2026-03-14 23:41:45.515] [info]     [ 1] /m/layers/layers.0/MambaBlock_output_1
[2026-03-14 23:41:45.515] [info]     [ 2] /m/layers/layers.0/MambaBlock_output_2
[2026-03-14 23:41:45.515] [info] MambaBlock non-executable created with:
[2026-03-14 23:41:45.515] [info] MambaBlock /m/layers/layers.1/MambaBlock wired:
[2026-03-14 23:41:45.515] [info]   inputs  (12):
[2026-03-14 23:41:45.515] [info]     [ 0] /m/layers/layers.0/MambaBlock_output_0
[2026-03-14 23:41:45.515] [info]     [ 1] /Gather_1_output_0
[2026-03-14 23:41:45.515] [info]     [ 2] /Gather_25_output_0
[2026-03-14 23:41:45.515] [info]     [ 3] m.layers.layers.1.in_proj.weight
[2026-03-14 23:41:45.515] [info]     [ 4] m.layers.layers.1.conv1d.weight
[2026-03-14 23:41:45.515] [info]     [ 5] m.layers.layers.1.conv1d.bias
[2026-03-14 23:41:45.515] [info]     [ 6] m.layers.layers.1.x_proj.weight
[2026-03-14 23:41:45.515] [info]     [ 7] m.layers.layers.1.dt_proj.weight
[2026-03-14 23:41:45.515] [info]     [ 8] m.layers.layers.1.dt_proj.bias
[2026-03-14 23:41:45.515] [info]     [ 9] m.layers.layers.1.A_log
[2026-03-14 23:41:45.515] [info]     [10] m.layers.layers.1.D
[2026-03-14 23:41:45.515] [info]     [11] m.layers.layers.1.out_proj.weight
[2026-03-14 23:41:45.515] [info]   outputs (3):
[2026-03-14 23:41:45.515] [info]     [ 0] /m/layers/layers.1/MambaBlock_output_0
[2026-03-14 23:41:45.515] [info]     [ 1] /m/layers/layers.1/MambaBlock_output_1
[2026-03-14 23:41:45.515] [info]     [ 2] /m/layers/layers.1/MambaBlock_output_2
[2026-03-14 23:41:45.516] [info] MambaBlock non-executable created with:
[2026-03-14 23:41:45.516] [info] MambaBlock /m/layers/layers.2/MambaBlock wired:
[2026-03-14 23:41:45.516] [info]   inputs  (12):
[2026-03-14 23:41:45.516] [info]     [ 0] /m/layers/layers.1/MambaBlock_output_0
[2026-03-14 23:41:45.516] [info]     [ 1] /Gather_2_output_0
[2026-03-14 23:41:45.516] [info]     [ 2] /Gather_26_output_0
[2026-03-14 23:41:45.516] [info]     [ 3] m.layers.layers.2.in_proj.weight
[2026-03-14 23:41:45.516] [info]     [ 4] m.layers.layers.2.conv1d.weight
[2026-03-14 23:41:45.516] [info]     [ 5] m.layers.layers.2.conv1d.bias
[2026-03-14 23:41:45.516] [info]     [ 6] m.layers.layers.2.x_proj.weight
[2026-03-14 23:41:45.516] [info]     [ 7] m.layers.layers.2.dt_proj.weight
[2026-03-14 23:41:45.516] [info]     [ 8] m.layers.layers.2.dt_proj.bias
[2026-03-14 23:41:45.516] [info]     [ 9] m.layers.layers.2.A_log
[2026-03-14 23:41:45.516] [info]     [10] m.layers.layers.2.D
[2026-03-14 23:41:45.516] [info]     [11] m.layers.layers.2.out_proj.weight
[2026-03-14 23:41:45.516] [info]   outputs (3):
[2026-03-14 23:41:45.516] [info]     [ 0] /m/layers/layers.2/MambaBlock_output_0
[2026-03-14 23:41:45.516] [info]     [ 1] /m/layers/layers.2/MambaBlock_output_1
[2026-03-14 23:41:45.516] [info]     [ 2] /m/layers/layers.2/MambaBlock_output_2
[2026-03-14 23:41:45.516] [info] MambaBlock non-executable created with:
[2026-03-14 23:41:45.516] [info] MambaBlock /m/layers/layers.3/MambaBlock wired:
[2026-03-14 23:41:45.516] [info]   inputs  (12):
[2026-03-14 23:41:45.516] [info]     [ 0] /m/layers/layers.2/MambaBlock_output_0
[2026-03-14 23:41:45.516] [info]     [ 1] /Gather_3_output_0
[2026-03-14 23:41:45.516] [info]     [ 2] /Gather_27_output_0
[2026-03-14 23:41:45.516] [info]     [ 3] m.layers.layers.3.in_proj.weight
[2026-03-14 23:41:45.516] [info]     [ 4] m.layers.layers.3.conv1d.weight
[2026-03-14 23:41:45.516] [info]     [ 5] m.layers.layers.3.conv1d.bias
[2026-03-14 23:41:45.516] [info]     [ 6] m.layers.layers.3.x_proj.weight
[2026-03-14 23:41:45.516] [info]     [ 7] m.layers.layers.3.dt_proj.weight
[2026-03-14 23:41:45.516] [info]     [ 8] m.layers.layers.3.dt_proj.bias
[2026-03-14 23:41:45.516] [info]     [ 9] m.layers.layers.3.A_log
[2026-03-14 23:41:45.516] [info]     [10] m.layers.layers.3.D
[2026-03-14 23:41:45.516] [info]     [11] m.layers.layers.3.out_proj.weight
[2026-03-14 23:41:45.516] [info]   outputs (3):
[2026-03-14 23:41:45.516] [info]     [ 0] /m/layers/layers.3/MambaBlock_output_0
[2026-03-14 23:41:45.516] [info]     [ 1] /m/layers/layers.3/MambaBlock_output_1
[2026-03-14 23:41:45.516] [info]     [ 2] /m/layers/layers.3/MambaBlock_output_2
[2026-03-14 23:41:45.516] [info] MambaBlock non-executable created with:
[2026-03-14 23:41:45.516] [info] MambaBlock /m/layers/layers.4/MambaBlock wired:
[2026-03-14 23:41:45.516] [info]   inputs  (12):
[2026-03-14 23:41:45.516] [info]     [ 0] /m/layers/layers.3/MambaBlock_output_0
[2026-03-14 23:41:45.516] [info]     [ 1] /Gather_4_output_0
[2026-03-14 23:41:45.516] [info]     [ 2] /Gather_28_output_0
[2026-03-14 23:41:45.516] [info]     [ 3] m.layers.layers.4.in_proj.weight
[2026-03-14 23:41:45.516] [info]     [ 4] m.layers.layers.4.conv1d.weight
[2026-03-14 23:41:45.516] [info]     [ 5] m.layers.layers.4.conv1d.bias
[2026-03-14 23:41:45.516] [info]     [ 6] m.layers.layers.4.x_proj.weight
[2026-03-14 23:41:45.516] [info]     [ 7] m.layers.layers.4.dt_proj.weight
[2026-03-14 23:41:45.516] [info]     [ 8] m.layers.layers.4.dt_proj.bias
[2026-03-14 23:41:45.516] [info]     [ 9] m.layers.layers.4.A_log
[2026-03-14 23:41:45.516] [info]     [10] m.layers.layers.4.D
[2026-03-14 23:41:45.516] [info]     [11] m.layers.layers.4.out_proj.weight
[2026-03-14 23:41:45.516] [info]   outputs (3):
[2026-03-14 23:41:45.516] [info]     [ 0] /m/layers/layers.4/MambaBlock_output_0
[2026-03-14 23:41:45.516] [info]     [ 1] /m/layers/layers.4/MambaBlock_output_1
[2026-03-14 23:41:45.516] [info]     [ 2] /m/layers/layers.4/MambaBlock_output_2
[2026-03-14 23:41:45.516] [info] MambaBlock non-executable created with:
[2026-03-14 23:41:45.516] [info] MambaBlock /m/layers/layers.5/MambaBlock wired:
[2026-03-14 23:41:45.516] [info]   inputs  (12):
[2026-03-14 23:41:45.516] [info]     [ 0] /m/layers/layers.4/MambaBlock_output_0
[2026-03-14 23:41:45.516] [info]     [ 1] /Gather_5_output_0
[2026-03-14 23:41:45.516] [info]     [ 2] /Gather_29_output_0
[2026-03-14 23:41:45.516] [info]     [ 3] m.layers.layers.5.in_proj.weight
[2026-03-14 23:41:45.516] [info]     [ 4] m.layers.layers.5.conv1d.weight
[2026-03-14 23:41:45.516] [info]     [ 5] m.layers.layers.5.conv1d.bias
[2026-03-14 23:41:45.516] [info]     [ 6] m.layers.layers.5.x_proj.weight
[2026-03-14 23:41:45.516] [info]     [ 7] m.layers.layers.5.dt_proj.weight
[2026-03-14 23:41:45.516] [info]     [ 8] m.layers.layers.5.dt_proj.bias
[2026-03-14 23:41:45.516] [info]     [ 9] m.layers.layers.5.A_log
[2026-03-14 23:41:45.516] [info]     [10] m.layers.layers.5.D
[2026-03-14 23:41:45.516] [info]     [11] m.layers.layers.5.out_proj.weight
[2026-03-14 23:41:45.516] [info]   outputs (3):
[2026-03-14 23:41:45.516] [info]     [ 0] /m/layers/layers.5/MambaBlock_output_0
[2026-03-14 23:41:45.516] [info]     [ 1] /m/layers/layers.5/MambaBlock_output_1
[2026-03-14 23:41:45.516] [info]     [ 2] /m/layers/layers.5/MambaBlock_output_2
[2026-03-14 23:41:45.516] [info] MambaBlock non-executable created with:
[2026-03-14 23:41:45.516] [info] MambaBlock /m/layers/layers.6/MambaBlock wired:
[2026-03-14 23:41:45.516] [info]   inputs  (12):
[2026-03-14 23:41:45.516] [info]     [ 0] /m/layers/layers.5/MambaBlock_output_0
[2026-03-14 23:41:45.516] [info]     [ 1] /Gather_6_output_0
[2026-03-14 23:41:45.516] [info]     [ 2] /Gather_30_output_0
[2026-03-14 23:41:45.516] [info]     [ 3] m.layers.layers.6.in_proj.weight
[2026-03-14 23:41:45.516] [info]     [ 4] m.layers.layers.6.conv1d.weight
[2026-03-14 23:41:45.516] [info]     [ 5] m.layers.layers.6.conv1d.bias
[2026-03-14 23:41:45.516] [info]     [ 6] m.layers.layers.6.x_proj.weight
[2026-03-14 23:41:45.516] [info]     [ 7] m.layers.layers.6.dt_proj.weight
[2026-03-14 23:41:45.516] [info]     [ 8] m.layers.layers.6.dt_proj.bias
[2026-03-14 23:41:45.516] [info]     [ 9] m.layers.layers.6.A_log
[2026-03-14 23:41:45.516] [info]     [10] m.layers.layers.6.D
[2026-03-14 23:41:45.516] [info]     [11] m.layers.layers.6.out_proj.weight
[2026-03-14 23:41:45.516] [info]   outputs (3):
[2026-03-14 23:41:45.516] [info]     [ 0] /m/layers/layers.6/MambaBlock_output_0
[2026-03-14 23:41:45.516] [info]     [ 1] /m/layers/layers.6/MambaBlock_output_1
[2026-03-14 23:41:45.516] [info]     [ 2] /m/layers/layers.6/MambaBlock_output_2
[2026-03-14 23:41:45.516] [info] MambaBlock non-executable created with:
[2026-03-14 23:41:45.516] [info] MambaBlock /m/layers/layers.7/MambaBlock wired:
[2026-03-14 23:41:45.516] [info]   inputs  (12):
[2026-03-14 23:41:45.516] [info]     [ 0] /m/layers/layers.6/MambaBlock_output_0
[2026-03-14 23:41:45.516] [info]     [ 1] /Gather_7_output_0
[2026-03-14 23:41:45.516] [info]     [ 2] /Gather_31_output_0
[2026-03-14 23:41:45.516] [info]     [ 3] m.layers.layers.7.in_proj.weight
[2026-03-14 23:41:45.516] [info]     [ 4] m.layers.layers.7.conv1d.weight
[2026-03-14 23:41:45.516] [info]     [ 5] m.layers.layers.7.conv1d.bias
[2026-03-14 23:41:45.516] [info]     [ 6] m.layers.layers.7.x_proj.weight
[2026-03-14 23:41:45.516] [info]     [ 7] m.layers.layers.7.dt_proj.weight
[2026-03-14 23:41:45.516] [info]     [ 8] m.layers.layers.7.dt_proj.bias
[2026-03-14 23:41:45.516] [info]     [ 9] m.layers.layers.7.A_log
[2026-03-14 23:41:45.516] [info]     [10] m.layers.layers.7.D
[2026-03-14 23:41:45.516] [info]     [11] m.layers.layers.7.out_proj.weight
[2026-03-14 23:41:45.516] [info]   outputs (3):
[2026-03-14 23:41:45.516] [info]     [ 0] /m/layers/layers.7/MambaBlock_output_0
[2026-03-14 23:41:45.516] [info]     [ 1] /m/layers/layers.7/MambaBlock_output_1
[2026-03-14 23:41:45.516] [info]     [ 2] /m/layers/layers.7/MambaBlock_output_2
[2026-03-14 23:41:45.516] [info] MambaBlock non-executable created with:
[2026-03-14 23:41:45.516] [info] MambaBlock /m/layers/layers.8/MambaBlock wired:
[2026-03-14 23:41:45.516] [info]   inputs  (12):
[2026-03-14 23:41:45.516] [info]     [ 0] /m/layers/layers.7/MambaBlock_output_0
[2026-03-14 23:41:45.516] [info]     [ 1] /Gather_8_output_0
[2026-03-14 23:41:45.516] [info]     [ 2] /Gather_32_output_0
[2026-03-14 23:41:45.516] [info]     [ 3] m.layers.layers.8.in_proj.weight
[2026-03-14 23:41:45.516] [info]     [ 4] m.layers.layers.8.conv1d.weight
[2026-03-14 23:41:45.516] [info]     [ 5] m.layers.layers.8.conv1d.bias
[2026-03-14 23:41:45.516] [info]     [ 6] m.layers.layers.8.x_proj.weight
[2026-03-14 23:41:45.516] [info]     [ 7] m.layers.layers.8.dt_proj.weight
[2026-03-14 23:41:45.516] [info]     [ 8] m.layers.layers.8.dt_proj.bias
[2026-03-14 23:41:45.516] [info]     [ 9] m.layers.layers.8.A_log
[2026-03-14 23:41:45.516] [info]     [10] m.layers.layers.8.D
[2026-03-14 23:41:45.516] [info]     [11] m.layers.layers.8.out_proj.weight
[2026-03-14 23:41:45.516] [info]   outputs (3):
[2026-03-14 23:41:45.516] [info]     [ 0] /m/layers/layers.8/MambaBlock_output_0
[2026-03-14 23:41:45.516] [info]     [ 1] /m/layers/layers.8/MambaBlock_output_1
[2026-03-14 23:41:45.516] [info]     [ 2] /m/layers/layers.8/MambaBlock_output_2
[2026-03-14 23:41:45.516] [info] MambaBlock non-executable created with:
[2026-03-14 23:41:45.516] [info] MambaBlock /m/layers/layers.9/MambaBlock wired:
[2026-03-14 23:41:45.516] [info]   inputs  (12):
[2026-03-14 23:41:45.516] [info]     [ 0] /m/layers/layers.8/MambaBlock_output_0
[2026-03-14 23:41:45.516] [info]     [ 1] /Gather_9_output_0
[2026-03-14 23:41:45.516] [info]     [ 2] /Gather_33_output_0
[2026-03-14 23:41:45.516] [info]     [ 3] m.layers.layers.9.in_proj.weight
[2026-03-14 23:41:45.516] [info]     [ 4] m.layers.layers.9.conv1d.weight
[2026-03-14 23:41:45.516] [info]     [ 5] m.layers.layers.9.conv1d.bias
[2026-03-14 23:41:45.516] [info]     [ 6] m.layers.layers.9.x_proj.weight
[2026-03-14 23:41:45.516] [info]     [ 7] m.layers.layers.9.dt_proj.weight
[2026-03-14 23:41:45.516] [info]     [ 8] m.layers.layers.9.dt_proj.bias
[2026-03-14 23:41:45.516] [info]     [ 9] m.layers.layers.9.A_log
[2026-03-14 23:41:45.516] [info]     [10] m.layers.layers.9.D
[2026-03-14 23:41:45.516] [info]     [11] m.layers.layers.9.out_proj.weight
[2026-03-14 23:41:45.516] [info]   outputs (3):
[2026-03-14 23:41:45.516] [info]     [ 0] /m/layers/layers.9/MambaBlock_output_0
[2026-03-14 23:41:45.516] [info]     [ 1] /m/layers/layers.9/MambaBlock_output_1
[2026-03-14 23:41:45.516] [info]     [ 2] /m/layers/layers.9/MambaBlock_output_2
[2026-03-14 23:41:45.516] [info] MambaBlock non-executable created with:
[2026-03-14 23:41:45.516] [info] MambaBlock /m/layers/layers.10/MambaBlock wired:
[2026-03-14 23:41:45.516] [info]   inputs  (12):
[2026-03-14 23:41:45.516] [info]     [ 0] /m/layers/layers.9/MambaBlock_output_0
[2026-03-14 23:41:45.516] [info]     [ 1] /Gather_10_output_0
[2026-03-14 23:41:45.516] [info]     [ 2] /Gather_34_output_0
[2026-03-14 23:41:45.516] [info]     [ 3] m.layers.layers.10.in_proj.weight
[2026-03-14 23:41:45.516] [info]     [ 4] m.layers.layers.10.conv1d.weight
[2026-03-14 23:41:45.516] [info]     [ 5] m.layers.layers.10.conv1d.bias
[2026-03-14 23:41:45.516] [info]     [ 6] m.layers.layers.10.x_proj.weight
[2026-03-14 23:41:45.516] [info]     [ 7] m.layers.layers.10.dt_proj.weight
[2026-03-14 23:41:45.516] [info]     [ 8] m.layers.layers.10.dt_proj.bias
[2026-03-14 23:41:45.516] [info]     [ 9] m.layers.layers.10.A_log
[2026-03-14 23:41:45.516] [info]     [10] m.layers.layers.10.D
[2026-03-14 23:41:45.516] [info]     [11] m.layers.layers.10.out_proj.weight
[2026-03-14 23:41:45.516] [info]   outputs (3):
[2026-03-14 23:41:45.516] [info]     [ 0] /m/layers/layers.10/MambaBlock_output_0
[2026-03-14 23:41:45.516] [info]     [ 1] /m/layers/layers.10/MambaBlock_output_1
[2026-03-14 23:41:45.516] [info]     [ 2] /m/layers/layers.10/MambaBlock_output_2
[2026-03-14 23:41:45.516] [info] MambaBlock non-executable created with:
[2026-03-14 23:41:45.516] [info] MambaBlock /m/layers/layers.11/MambaBlock wired:
[2026-03-14 23:41:45.516] [info]   inputs  (12):
[2026-03-14 23:41:45.516] [info]     [ 0] /m/layers/layers.10/MambaBlock_output_0
[2026-03-14 23:41:45.516] [info]     [ 1] /Gather_11_output_0
[2026-03-14 23:41:45.516] [info]     [ 2] /Gather_35_output_0
[2026-03-14 23:41:45.516] [info]     [ 3] m.layers.layers.11.in_proj.weight
[2026-03-14 23:41:45.516] [info]     [ 4] m.layers.layers.11.conv1d.weight
[2026-03-14 23:41:45.516] [info]     [ 5] m.layers.layers.11.conv1d.bias
[2026-03-14 23:41:45.516] [info]     [ 6] m.layers.layers.11.x_proj.weight
[2026-03-14 23:41:45.516] [info]     [ 7] m.layers.layers.11.dt_proj.weight
[2026-03-14 23:41:45.516] [info]     [ 8] m.layers.layers.11.dt_proj.bias
[2026-03-14 23:41:45.516] [info]     [ 9] m.layers.layers.11.A_log
[2026-03-14 23:41:45.516] [info]     [10] m.layers.layers.11.D
[2026-03-14 23:41:45.516] [info]     [11] m.layers.layers.11.out_proj.weight
[2026-03-14 23:41:45.516] [info]   outputs (3):
[2026-03-14 23:41:45.516] [info]     [ 0] /m/layers/layers.11/MambaBlock_output_0
[2026-03-14 23:41:45.516] [info]     [ 1] /m/layers/layers.11/MambaBlock_output_1
[2026-03-14 23:41:45.516] [info]     [ 2] /m/layers/layers.11/MambaBlock_output_2
[2026-03-14 23:41:45.516] [info] MambaBlock non-executable created with:
[2026-03-14 23:41:45.516] [info] MambaBlock /m/layers/layers.12/MambaBlock wired:
[2026-03-14 23:41:45.516] [info]   inputs  (12):
[2026-03-14 23:41:45.516] [info]     [ 0] /m/layers/layers.11/MambaBlock_output_0
[2026-03-14 23:41:45.516] [info]     [ 1] /Gather_12_output_0
[2026-03-14 23:41:45.516] [info]     [ 2] /Gather_36_output_0
[2026-03-14 23:41:45.516] [info]     [ 3] m.layers.layers.12.in_proj.weight
[2026-03-14 23:41:45.516] [info]     [ 4] m.layers.layers.12.conv1d.weight
[2026-03-14 23:41:45.516] [info]     [ 5] m.layers.layers.12.conv1d.bias
[2026-03-14 23:41:45.516] [info]     [ 6] m.layers.layers.12.x_proj.weight
[2026-03-14 23:41:45.516] [info]     [ 7] m.layers.layers.12.dt_proj.weight
[2026-03-14 23:41:45.516] [info]     [ 8] m.layers.layers.12.dt_proj.bias
[2026-03-14 23:41:45.516] [info]     [ 9] m.layers.layers.12.A_log
[2026-03-14 23:41:45.516] [info]     [10] m.layers.layers.12.D
[2026-03-14 23:41:45.516] [info]     [11] m.layers.layers.12.out_proj.weight
[2026-03-14 23:41:45.516] [info]   outputs (3):
[2026-03-14 23:41:45.516] [info]     [ 0] /m/layers/layers.12/MambaBlock_output_0
[2026-03-14 23:41:45.516] [info]     [ 1] /m/layers/layers.12/MambaBlock_output_1
[2026-03-14 23:41:45.516] [info]     [ 2] /m/layers/layers.12/MambaBlock_output_2
[2026-03-14 23:41:45.516] [info] MambaBlock non-executable created with:
[2026-03-14 23:41:45.516] [info] MambaBlock /m/layers/layers.13/MambaBlock wired:
[2026-03-14 23:41:45.516] [info]   inputs  (12):
[2026-03-14 23:41:45.516] [info]     [ 0] /m/layers/layers.12/MambaBlock_output_0
[2026-03-14 23:41:45.516] [info]     [ 1] /Gather_13_output_0
[2026-03-14 23:41:45.516] [info]     [ 2] /Gather_37_output_0
[2026-03-14 23:41:45.516] [info]     [ 3] m.layers.layers.13.in_proj.weight
[2026-03-14 23:41:45.516] [info]     [ 4] m.layers.layers.13.conv1d.weight
[2026-03-14 23:41:45.516] [info]     [ 5] m.layers.layers.13.conv1d.bias
[2026-03-14 23:41:45.516] [info]     [ 6] m.layers.layers.13.x_proj.weight
[2026-03-14 23:41:45.516] [info]     [ 7] m.layers.layers.13.dt_proj.weight
[2026-03-14 23:41:45.516] [info]     [ 8] m.layers.layers.13.dt_proj.bias
[2026-03-14 23:41:45.516] [info]     [ 9] m.layers.layers.13.A_log
[2026-03-14 23:41:45.516] [info]     [10] m.layers.layers.13.D
[2026-03-14 23:41:45.516] [info]     [11] m.layers.layers.13.out_proj.weight
[2026-03-14 23:41:45.516] [info]   outputs (3):
[2026-03-14 23:41:45.516] [info]     [ 0] /m/layers/layers.13/MambaBlock_output_0
[2026-03-14 23:41:45.516] [info]     [ 1] /m/layers/layers.13/MambaBlock_output_1
[2026-03-14 23:41:45.516] [info]     [ 2] /m/layers/layers.13/MambaBlock_output_2
[2026-03-14 23:41:45.516] [info] MambaBlock non-executable created with:
[2026-03-14 23:41:45.516] [info] MambaBlock /m/layers/layers.14/MambaBlock wired:
[2026-03-14 23:41:45.516] [info]   inputs  (12):
[2026-03-14 23:41:45.516] [info]     [ 0] /m/layers/layers.13/MambaBlock_output_0
[2026-03-14 23:41:45.516] [info]     [ 1] /Gather_14_output_0
[2026-03-14 23:41:45.516] [info]     [ 2] /Gather_38_output_0
[2026-03-14 23:41:45.516] [info]     [ 3] m.layers.layers.14.in_proj.weight
[2026-03-14 23:41:45.516] [info]     [ 4] m.layers.layers.14.conv1d.weight
[2026-03-14 23:41:45.516] [info]     [ 5] m.layers.layers.14.conv1d.bias
[2026-03-14 23:41:45.516] [info]     [ 6] m.layers.layers.14.x_proj.weight
[2026-03-14 23:41:45.516] [info]     [ 7] m.layers.layers.14.dt_proj.weight
[2026-03-14 23:41:45.516] [info]     [ 8] m.layers.layers.14.dt_proj.bias
[2026-03-14 23:41:45.516] [info]     [ 9] m.layers.layers.14.A_log
[2026-03-14 23:41:45.516] [info]     [10] m.layers.layers.14.D
[2026-03-14 23:41:45.516] [info]     [11] m.layers.layers.14.out_proj.weight
[2026-03-14 23:41:45.516] [info]   outputs (3):
[2026-03-14 23:41:45.516] [info]     [ 0] /m/layers/layers.14/MambaBlock_output_0
[2026-03-14 23:41:45.516] [info]     [ 1] /m/layers/layers.14/MambaBlock_output_1
[2026-03-14 23:41:45.516] [info]     [ 2] /m/layers/layers.14/MambaBlock_output_2
[2026-03-14 23:41:45.516] [info] MambaBlock non-executable created with:
[2026-03-14 23:41:45.516] [info] MambaBlock /m/layers/layers.15/MambaBlock wired:
[2026-03-14 23:41:45.516] [info]   inputs  (12):
[2026-03-14 23:41:45.516] [info]     [ 0] /m/layers/layers.14/MambaBlock_output_0
[2026-03-14 23:41:45.516] [info]     [ 1] /Gather_15_output_0
[2026-03-14 23:41:45.516] [info]     [ 2] /Gather_39_output_0
[2026-03-14 23:41:45.516] [info]     [ 3] m.layers.layers.15.in_proj.weight
[2026-03-14 23:41:45.516] [info]     [ 4] m.layers.layers.15.conv1d.weight
[2026-03-14 23:41:45.516] [info]     [ 5] m.layers.layers.15.conv1d.bias
[2026-03-14 23:41:45.516] [info]     [ 6] m.layers.layers.15.x_proj.weight
[2026-03-14 23:41:45.516] [info]     [ 7] m.layers.layers.15.dt_proj.weight
[2026-03-14 23:41:45.516] [info]     [ 8] m.layers.layers.15.dt_proj.bias
[2026-03-14 23:41:45.516] [info]     [ 9] m.layers.layers.15.A_log
[2026-03-14 23:41:45.516] [info]     [10] m.layers.layers.15.D
[2026-03-14 23:41:45.516] [info]     [11] m.layers.layers.15.out_proj.weight
[2026-03-14 23:41:45.516] [info]   outputs (3):
[2026-03-14 23:41:45.516] [info]     [ 0] /m/layers/layers.15/MambaBlock_output_0
[2026-03-14 23:41:45.516] [info]     [ 1] /m/layers/layers.15/MambaBlock_output_1
[2026-03-14 23:41:45.516] [info]     [ 2] /m/layers/layers.15/MambaBlock_output_2
[2026-03-14 23:41:45.516] [info] MambaBlock non-executable created with:
[2026-03-14 23:41:45.516] [info] MambaBlock /m/layers/layers.16/MambaBlock wired:
[2026-03-14 23:41:45.516] [info]   inputs  (12):
[2026-03-14 23:41:45.516] [info]     [ 0] /m/layers/layers.15/MambaBlock_output_0
[2026-03-14 23:41:45.516] [info]     [ 1] /Gather_16_output_0
[2026-03-14 23:41:45.516] [info]     [ 2] /Gather_40_output_0
[2026-03-14 23:41:45.516] [info]     [ 3] m.layers.layers.16.in_proj.weight
[2026-03-14 23:41:45.516] [info]     [ 4] m.layers.layers.16.conv1d.weight
[2026-03-14 23:41:45.516] [info]     [ 5] m.layers.layers.16.conv1d.bias
[2026-03-14 23:41:45.516] [info]     [ 6] m.layers.layers.16.x_proj.weight
[2026-03-14 23:41:45.516] [info]     [ 7] m.layers.layers.16.dt_proj.weight
[2026-03-14 23:41:45.516] [info]     [ 8] m.layers.layers.16.dt_proj.bias
[2026-03-14 23:41:45.516] [info]     [ 9] m.layers.layers.16.A_log
[2026-03-14 23:41:45.516] [info]     [10] m.layers.layers.16.D
[2026-03-14 23:41:45.516] [info]     [11] m.layers.layers.16.out_proj.weight
[2026-03-14 23:41:45.516] [info]   outputs (3):
[2026-03-14 23:41:45.516] [info]     [ 0] /m/layers/layers.16/MambaBlock_output_0
[2026-03-14 23:41:45.516] [info]     [ 1] /m/layers/layers.16/MambaBlock_output_1
[2026-03-14 23:41:45.516] [info]     [ 2] /m/layers/layers.16/MambaBlock_output_2
[2026-03-14 23:41:45.516] [info] MambaBlock non-executable created with:
[2026-03-14 23:41:45.516] [info] MambaBlock /m/layers/layers.17/MambaBlock wired:
[2026-03-14 23:41:45.516] [info]   inputs  (12):
[2026-03-14 23:41:45.516] [info]     [ 0] /m/layers/layers.16/MambaBlock_output_0
[2026-03-14 23:41:45.516] [info]     [ 1] /Gather_17_output_0
[2026-03-14 23:41:45.516] [info]     [ 2] /Gather_41_output_0
[2026-03-14 23:41:45.516] [info]     [ 3] m.layers.layers.17.in_proj.weight
[2026-03-14 23:41:45.516] [info]     [ 4] m.layers.layers.17.conv1d.weight
[2026-03-14 23:41:45.516] [info]     [ 5] m.layers.layers.17.conv1d.bias
[2026-03-14 23:41:45.516] [info]     [ 6] m.layers.layers.17.x_proj.weight
[2026-03-14 23:41:45.516] [info]     [ 7] m.layers.layers.17.dt_proj.weight
[2026-03-14 23:41:45.516] [info]     [ 8] m.layers.layers.17.dt_proj.bias
[2026-03-14 23:41:45.516] [info]     [ 9] m.layers.layers.17.A_log
[2026-03-14 23:41:45.516] [info]     [10] m.layers.layers.17.D
[2026-03-14 23:41:45.516] [info]     [11] m.layers.layers.17.out_proj.weight
[2026-03-14 23:41:45.516] [info]   outputs (3):
[2026-03-14 23:41:45.516] [info]     [ 0] /m/layers/layers.17/MambaBlock_output_0
[2026-03-14 23:41:45.516] [info]     [ 1] /m/layers/layers.17/MambaBlock_output_1
[2026-03-14 23:41:45.516] [info]     [ 2] /m/layers/layers.17/MambaBlock_output_2
[2026-03-14 23:41:45.516] [info] MambaBlock non-executable created with:
[2026-03-14 23:41:45.516] [info] MambaBlock /m/layers/layers.18/MambaBlock wired:
[2026-03-14 23:41:45.516] [info]   inputs  (12):
[2026-03-14 23:41:45.516] [info]     [ 0] /m/layers/layers.17/MambaBlock_output_0
[2026-03-14 23:41:45.516] [info]     [ 1] /Gather_18_output_0
[2026-03-14 23:41:45.516] [info]     [ 2] /Gather_42_output_0
[2026-03-14 23:41:45.516] [info]     [ 3] m.layers.layers.18.in_proj.weight
[2026-03-14 23:41:45.516] [info]     [ 4] m.layers.layers.18.conv1d.weight
[2026-03-14 23:41:45.516] [info]     [ 5] m.layers.layers.18.conv1d.bias
[2026-03-14 23:41:45.516] [info]     [ 6] m.layers.layers.18.x_proj.weight
[2026-03-14 23:41:45.516] [info]     [ 7] m.layers.layers.18.dt_proj.weight
[2026-03-14 23:41:45.516] [info]     [ 8] m.layers.layers.18.dt_proj.bias
[2026-03-14 23:41:45.516] [info]     [ 9] m.layers.layers.18.A_log
[2026-03-14 23:41:45.516] [info]     [10] m.layers.layers.18.D
[2026-03-14 23:41:45.516] [info]     [11] m.layers.layers.18.out_proj.weight
[2026-03-14 23:41:45.516] [info]   outputs (3):
[2026-03-14 23:41:45.516] [info]     [ 0] /m/layers/layers.18/MambaBlock_output_0
[2026-03-14 23:41:45.516] [info]     [ 1] /m/layers/layers.18/MambaBlock_output_1
[2026-03-14 23:41:45.516] [info]     [ 2] /m/layers/layers.18/MambaBlock_output_2
[2026-03-14 23:41:45.516] [info] MambaBlock non-executable created with:
[2026-03-14 23:41:45.516] [info] MambaBlock /m/layers/layers.19/MambaBlock wired:
[2026-03-14 23:41:45.516] [info]   inputs  (12):
[2026-03-14 23:41:45.516] [info]     [ 0] /m/layers/layers.18/MambaBlock_output_0
[2026-03-14 23:41:45.516] [info]     [ 1] /Gather_19_output_0
[2026-03-14 23:41:45.516] [info]     [ 2] /Gather_43_output_0
[2026-03-14 23:41:45.516] [info]     [ 3] m.layers.layers.19.in_proj.weight
[2026-03-14 23:41:45.516] [info]     [ 4] m.layers.layers.19.conv1d.weight
[2026-03-14 23:41:45.516] [info]     [ 5] m.layers.layers.19.conv1d.bias
[2026-03-14 23:41:45.516] [info]     [ 6] m.layers.layers.19.x_proj.weight
[2026-03-14 23:41:45.516] [info]     [ 7] m.layers.layers.19.dt_proj.weight
[2026-03-14 23:41:45.516] [info]     [ 8] m.layers.layers.19.dt_proj.bias
[2026-03-14 23:41:45.516] [info]     [ 9] m.layers.layers.19.A_log
[2026-03-14 23:41:45.516] [info]     [10] m.layers.layers.19.D
[2026-03-14 23:41:45.516] [info]     [11] m.layers.layers.19.out_proj.weight
[2026-03-14 23:41:45.516] [info]   outputs (3):
[2026-03-14 23:41:45.516] [info]     [ 0] /m/layers/layers.19/MambaBlock_output_0
[2026-03-14 23:41:45.516] [info]     [ 1] /m/layers/layers.19/MambaBlock_output_1
[2026-03-14 23:41:45.516] [info]     [ 2] /m/layers/layers.19/MambaBlock_output_2
[2026-03-14 23:41:45.516] [info] MambaBlock non-executable created with:
[2026-03-14 23:41:45.516] [info] MambaBlock /m/layers/layers.20/MambaBlock wired:
[2026-03-14 23:41:45.516] [info]   inputs  (12):
[2026-03-14 23:41:45.516] [info]     [ 0] /m/layers/layers.19/MambaBlock_output_0
[2026-03-14 23:41:45.516] [info]     [ 1] /Gather_20_output_0
[2026-03-14 23:41:45.516] [info]     [ 2] /Gather_44_output_0
[2026-03-14 23:41:45.516] [info]     [ 3] m.layers.layers.20.in_proj.weight
[2026-03-14 23:41:45.516] [info]     [ 4] m.layers.layers.20.conv1d.weight
[2026-03-14 23:41:45.516] [info]     [ 5] m.layers.layers.20.conv1d.bias
[2026-03-14 23:41:45.516] [info]     [ 6] m.layers.layers.20.x_proj.weight
[2026-03-14 23:41:45.516] [info]     [ 7] m.layers.layers.20.dt_proj.weight
[2026-03-14 23:41:45.516] [info]     [ 8] m.layers.layers.20.dt_proj.bias
[2026-03-14 23:41:45.516] [info]     [ 9] m.layers.layers.20.A_log
[2026-03-14 23:41:45.516] [info]     [10] m.layers.layers.20.D
[2026-03-14 23:41:45.516] [info]     [11] m.layers.layers.20.out_proj.weight
[2026-03-14 23:41:45.516] [info]   outputs (3):
[2026-03-14 23:41:45.516] [info]     [ 0] /m/layers/layers.20/MambaBlock_output_0
[2026-03-14 23:41:45.516] [info]     [ 1] /m/layers/layers.20/MambaBlock_output_1
[2026-03-14 23:41:45.516] [info]     [ 2] /m/layers/layers.20/MambaBlock_output_2
[2026-03-14 23:41:45.516] [info] MambaBlock non-executable created with:
[2026-03-14 23:41:45.516] [info] MambaBlock /m/layers/layers.21/MambaBlock wired:
[2026-03-14 23:41:45.516] [info]   inputs  (12):
[2026-03-14 23:41:45.516] [info]     [ 0] /m/layers/layers.20/MambaBlock_output_0
[2026-03-14 23:41:45.516] [info]     [ 1] /Gather_21_output_0
[2026-03-14 23:41:45.516] [info]     [ 2] /Gather_45_output_0
[2026-03-14 23:41:45.516] [info]     [ 3] m.layers.layers.21.in_proj.weight
[2026-03-14 23:41:45.516] [info]     [ 4] m.layers.layers.21.conv1d.weight
[2026-03-14 23:41:45.516] [info]     [ 5] m.layers.layers.21.conv1d.bias
[2026-03-14 23:41:45.516] [info]     [ 6] m.layers.layers.21.x_proj.weight
[2026-03-14 23:41:45.516] [info]     [ 7] m.layers.layers.21.dt_proj.weight
[2026-03-14 23:41:45.516] [info]     [ 8] m.layers.layers.21.dt_proj.bias
[2026-03-14 23:41:45.516] [info]     [ 9] m.layers.layers.21.A_log
[2026-03-14 23:41:45.516] [info]     [10] m.layers.layers.21.D
[2026-03-14 23:41:45.516] [info]     [11] m.layers.layers.21.out_proj.weight
[2026-03-14 23:41:45.516] [info]   outputs (3):
[2026-03-14 23:41:45.516] [info]     [ 0] /m/layers/layers.21/MambaBlock_output_0
[2026-03-14 23:41:45.516] [info]     [ 1] /m/layers/layers.21/MambaBlock_output_1
[2026-03-14 23:41:45.516] [info]     [ 2] /m/layers/layers.21/MambaBlock_output_2
[2026-03-14 23:41:45.516] [info] MambaBlock non-executable created with:
[2026-03-14 23:41:45.516] [info] MambaBlock /m/layers/layers.22/MambaBlock wired:
[2026-03-14 23:41:45.516] [info]   inputs  (12):
[2026-03-14 23:41:45.516] [info]     [ 0] /m/layers/layers.21/MambaBlock_output_0
[2026-03-14 23:41:45.516] [info]     [ 1] /Gather_22_output_0
[2026-03-14 23:41:45.516] [info]     [ 2] /Gather_46_output_0
[2026-03-14 23:41:45.516] [info]     [ 3] m.layers.layers.22.in_proj.weight
[2026-03-14 23:41:45.516] [info]     [ 4] m.layers.layers.22.conv1d.weight
[2026-03-14 23:41:45.516] [info]     [ 5] m.layers.layers.22.conv1d.bias
[2026-03-14 23:41:45.516] [info]     [ 6] m.layers.layers.22.x_proj.weight
[2026-03-14 23:41:45.516] [info]     [ 7] m.layers.layers.22.dt_proj.weight
[2026-03-14 23:41:45.516] [info]     [ 8] m.layers.layers.22.dt_proj.bias
[2026-03-14 23:41:45.516] [info]     [ 9] m.layers.layers.22.A_log
[2026-03-14 23:41:45.516] [info]     [10] m.layers.layers.22.D
[2026-03-14 23:41:45.516] [info]     [11] m.layers.layers.22.out_proj.weight
[2026-03-14 23:41:45.516] [info]   outputs (3):
[2026-03-14 23:41:45.516] [info]     [ 0] /m/layers/layers.22/MambaBlock_output_0
[2026-03-14 23:41:45.516] [info]     [ 1] /m/layers/layers.22/MambaBlock_output_1
[2026-03-14 23:41:45.516] [info]     [ 2] /m/layers/layers.22/MambaBlock_output_2
[2026-03-14 23:41:45.516] [info] MambaBlock non-executable created with:
[2026-03-14 23:41:45.516] [info] MambaBlock /m/layers/layers.23/MambaBlock wired:
[2026-03-14 23:41:45.516] [info]   inputs  (12):
[2026-03-14 23:41:45.516] [info]     [ 0] /m/layers/layers.22/MambaBlock_output_0
[2026-03-14 23:41:45.516] [info]     [ 1] /Gather_23_output_0
[2026-03-14 23:41:45.516] [info]     [ 2] /Gather_47_output_0
[2026-03-14 23:41:45.516] [info]     [ 3] m.layers.layers.23.in_proj.weight
[2026-03-14 23:41:45.516] [info]     [ 4] m.layers.layers.23.conv1d.weight
[2026-03-14 23:41:45.516] [info]     [ 5] m.layers.layers.23.conv1d.bias
[2026-03-14 23:41:45.516] [info]     [ 6] m.layers.layers.23.x_proj.weight
[2026-03-14 23:41:45.516] [info]     [ 7] m.layers.layers.23.dt_proj.weight
[2026-03-14 23:41:45.516] [info]     [ 8] m.layers.layers.23.dt_proj.bias
[2026-03-14 23:41:45.516] [info]     [ 9] m.layers.layers.23.A_log
[2026-03-14 23:41:45.516] [info]     [10] m.layers.layers.23.D
[2026-03-14 23:41:45.516] [info]     [11] m.layers.layers.23.out_proj.weight
[2026-03-14 23:41:45.516] [info]   outputs (3):
[2026-03-14 23:41:45.516] [info]     [ 0] /m/layers/layers.23/MambaBlock_output_0
[2026-03-14 23:41:45.516] [info]     [ 1] /m/layers/layers.23/MambaBlock_output_1
[2026-03-14 23:41:45.516] [info]     [ 2] /m/layers/layers.23/MambaBlock_output_2
[2026-03-14 23:41:47.481] [info] [/m/layers/layers.0/MambaBlock] Single tile has 36 instructions
[2026-03-14 23:41:47.481] [info] MambaBlock /m/layers/layers.0/MambaBlock: 1 tile created
[2026-03-14 23:41:47.481] [info] [/m/layers/layers.1/MambaBlock] Single tile has 36 instructions
[2026-03-14 23:41:47.481] [info] MambaBlock /m/layers/layers.1/MambaBlock: 1 tile created
[2026-03-14 23:41:47.481] [info] [/m/layers/layers.2/MambaBlock] Single tile has 36 instructions
[2026-03-14 23:41:47.481] [info] MambaBlock /m/layers/layers.2/MambaBlock: 1 tile created
[2026-03-14 23:41:47.481] [info] [/m/layers/layers.3/MambaBlock] Single tile has 36 instructions
[2026-03-14 23:41:47.481] [info] MambaBlock /m/layers/layers.3/MambaBlock: 1 tile created
[2026-03-14 23:41:47.481] [info] [/m/layers/layers.4/MambaBlock] Single tile has 36 instructions
[2026-03-14 23:41:47.481] [info] MambaBlock /m/layers/layers.4/MambaBlock: 1 tile created
[2026-03-14 23:41:47.481] [info] [/m/layers/layers.5/MambaBlock] Single tile has 36 instructions
[2026-03-14 23:41:47.481] [info] MambaBlock /m/layers/layers.5/MambaBlock: 1 tile created
[2026-03-14 23:41:47.481] [info] [/m/layers/layers.6/MambaBlock] Single tile has 36 instructions
[2026-03-14 23:41:47.481] [info] MambaBlock /m/layers/layers.6/MambaBlock: 1 tile created
[2026-03-14 23:41:47.481] [info] [/m/layers/layers.7/MambaBlock] Single tile has 36 instructions
[2026-03-14 23:41:47.481] [info] MambaBlock /m/layers/layers.7/MambaBlock: 1 tile created
[2026-03-14 23:41:47.481] [info] [/m/layers/layers.8/MambaBlock] Single tile has 36 instructions
[2026-03-14 23:41:47.481] [info] MambaBlock /m/layers/layers.8/MambaBlock: 1 tile created
[2026-03-14 23:41:47.482] [info] [/m/layers/layers.9/MambaBlock] Single tile has 36 instructions
[2026-03-14 23:41:47.482] [info] MambaBlock /m/layers/layers.9/MambaBlock: 1 tile created
[2026-03-14 23:41:47.482] [info] [/m/layers/layers.10/MambaBlock] Single tile has 36 instructions
[2026-03-14 23:41:47.482] [info] MambaBlock /m/layers/layers.10/MambaBlock: 1 tile created
[2026-03-14 23:41:47.482] [info] [/m/layers/layers.11/MambaBlock] Single tile has 36 instructions
[2026-03-14 23:41:47.482] [info] MambaBlock /m/layers/layers.11/MambaBlock: 1 tile created
[2026-03-14 23:41:47.482] [info] [/m/layers/layers.12/MambaBlock] Single tile has 36 instructions
[2026-03-14 23:41:47.482] [info] MambaBlock /m/layers/layers.12/MambaBlock: 1 tile created
[2026-03-14 23:41:47.482] [info] [/m/layers/layers.13/MambaBlock] Single tile has 36 instructions
[2026-03-14 23:41:47.482] [info] MambaBlock /m/layers/layers.13/MambaBlock: 1 tile created
[2026-03-14 23:41:47.482] [info] [/m/layers/layers.14/MambaBlock] Single tile has 36 instructions
[2026-03-14 23:41:47.482] [info] MambaBlock /m/layers/layers.14/MambaBlock: 1 tile created
[2026-03-14 23:41:47.482] [info] [/m/layers/layers.15/MambaBlock] Single tile has 36 instructions
[2026-03-14 23:41:47.482] [info] MambaBlock /m/layers/layers.15/MambaBlock: 1 tile created
[2026-03-14 23:41:47.482] [info] [/m/layers/layers.16/MambaBlock] Single tile has 36 instructions
[2026-03-14 23:41:47.482] [info] MambaBlock /m/layers/layers.16/MambaBlock: 1 tile created
[2026-03-14 23:41:47.511] [info] [/m/layers/layers.17/MambaBlock] Single tile has 36 instructions
[2026-03-14 23:41:47.511] [info] MambaBlock /m/layers/layers.17/MambaBlock: 1 tile created
[2026-03-14 23:41:47.511] [info] [/m/layers/layers.18/MambaBlock] Single tile has 36 instructions
[2026-03-14 23:41:47.511] [info] MambaBlock /m/layers/layers.18/MambaBlock: 1 tile created
[2026-03-14 23:41:47.511] [info] [/m/layers/layers.19/MambaBlock] Single tile has 36 instructions
[2026-03-14 23:41:47.511] [info] MambaBlock /m/layers/layers.19/MambaBlock: 1 tile created
[2026-03-14 23:41:47.511] [info] [/m/layers/layers.20/MambaBlock] Single tile has 36 instructions
[2026-03-14 23:41:47.511] [info] MambaBlock /m/layers/layers.20/MambaBlock: 1 tile created
[2026-03-14 23:41:47.511] [info] [/m/layers/layers.21/MambaBlock] Single tile has 36 instructions
[2026-03-14 23:41:47.511] [info] MambaBlock /m/layers/layers.21/MambaBlock: 1 tile created
[2026-03-14 23:41:47.511] [info] [/m/layers/layers.22/MambaBlock] Single tile has 36 instructions
[2026-03-14 23:41:47.511] [info] MambaBlock /m/layers/layers.22/MambaBlock: 1 tile created
[2026-03-14 23:41:47.511] [info] [/m/layers/layers.23/MambaBlock] Single tile has 36 instructions
[2026-03-14 23:41:47.511] [info] MambaBlock /m/layers/layers.23/MambaBlock: 1 tile created
[2026-03-14 23:41:47.511] [info] [GEMM] spad_size: 33554432 accum_size: 4194304
[2026-03-14 23:41:47.511] [info] [GEMM] required_sram_size: 1572864 required_accum_size: 524288
[2026-03-14 23:41:47.511] [info] [GEMM] Used gemmini gemm mapping: Total N:50280 C:768 M:50280, Outer N:99 C:1 M:99, Inner N:512 C:768 M:512
[2026-03-14 23:43:09.341] [info] [GemmWs] Keys K = 768, N = 50280, M = 50280
[2026-03-14 23:43:09.341] [info] [GemmWS]: total 3885.6565 GFLOPs, 0.9157502 GB
[2026-03-14 23:43:09.341] [info] [GemmWS]: Theoretical time(ms): 29.645206406712532 Compute time: 29.645206406712532 Memory time: 1.4914498897269368
[2026-03-14 23:43:09.623] [debug] runnable op, Identity
[2026-03-14 23:43:09.623] [debug] runnable op, Identity
[2026-03-14 23:43:09.623] [debug] runnable op, Identity
[2026-03-14 23:43:09.623] [debug] runnable op, Identity
[2026-03-14 23:43:09.623] [debug] runnable op, Identity
[2026-03-14 23:43:09.623] [debug] runnable op, Identity
[2026-03-14 23:43:09.623] [debug] runnable op, Identity
[2026-03-14 23:43:09.623] [debug] runnable op, Identity
[2026-03-14 23:43:09.623] [debug] runnable op, Identity
[2026-03-14 23:43:09.623] [debug] runnable op, Identity
[2026-03-14 23:43:09.623] [debug] runnable op, Identity
[2026-03-14 23:43:09.623] [debug] runnable op, Identity
[2026-03-14 23:43:09.623] [debug] runnable op, Identity
[2026-03-14 23:43:09.623] [debug] runnable op, Identity
[2026-03-14 23:43:09.623] [debug] runnable op, Identity
[2026-03-14 23:43:09.623] [debug] runnable op, Identity
[2026-03-14 23:43:09.623] [debug] runnable op, Identity
[2026-03-14 23:43:09.623] [debug] runnable op, Identity
[2026-03-14 23:43:09.623] [debug] runnable op, Identity
[2026-03-14 23:43:09.623] [debug] runnable op, Identity
[2026-03-14 23:43:09.623] [debug] runnable op, Identity
[2026-03-14 23:43:09.623] [debug] runnable op, Identity
[2026-03-14 23:43:09.623] [debug] runnable op, Identity
[2026-03-14 23:43:09.623] [debug] runnable op, Identity
[2026-03-14 23:43:09.623] [debug] runnable op, Identity
[2026-03-14 23:43:09.623] [debug] runnable op, Identity
[2026-03-14 23:43:09.623] [debug] runnable op, Identity
[2026-03-14 23:43:09.623] [debug] runnable op, Identity
[2026-03-14 23:43:09.623] [debug] runnable op, Identity
[2026-03-14 23:43:09.623] [debug] runnable op, Identity
[2026-03-14 23:43:09.623] [debug] runnable op, Identity
[2026-03-14 23:43:09.623] [debug] runnable op, Identity
[2026-03-14 23:43:09.623] [debug] runnable op, Identity
[2026-03-14 23:43:09.623] [debug] runnable op, Identity
[2026-03-14 23:43:09.623] [debug] runnable op, Identity
[2026-03-14 23:43:09.623] [debug] runnable op, Identity
[2026-03-14 23:43:09.623] [debug] runnable op, Identity
[2026-03-14 23:43:09.623] [debug] runnable op, Identity
[2026-03-14 23:43:09.623] [debug] runnable op, Identity
[2026-03-14 23:43:09.623] [debug] runnable op, Identity
[2026-03-14 23:43:09.623] [debug] runnable op, Identity
[2026-03-14 23:43:09.623] [debug] runnable op, Identity
[2026-03-14 23:43:09.623] [debug] runnable op, Identity
[2026-03-14 23:43:09.623] [debug] runnable op, Identity
[2026-03-14 23:43:09.623] [debug] runnable op, Identity
[2026-03-14 23:43:09.623] [debug] runnable op, Identity
[2026-03-14 23:43:09.623] [debug] runnable op, Constant
[2026-03-14 23:43:09.623] [debug] runnable op, Constant
[2026-03-14 23:43:09.623] [debug] runnable op, Constant
[2026-03-14 23:43:09.623] [debug] runnable op, Constant
[2026-03-14 23:43:09.623] [debug] runnable op, Constant
[2026-03-14 23:43:09.623] [debug] runnable op, Constant
[2026-03-14 23:43:09.623] [debug] runnable op, Constant
[2026-03-14 23:43:09.623] [debug] runnable op, Constant
[2026-03-14 23:43:09.623] [debug] runnable op, Constant
[2026-03-14 23:43:09.624] [debug] runnable op, Constant
[2026-03-14 23:43:09.624] [debug] runnable op, Constant
[2026-03-14 23:43:09.624] [debug] runnable op, Constant
[2026-03-14 23:43:09.624] [debug] runnable op, Constant
[2026-03-14 23:43:09.624] [debug] runnable op, Constant
[2026-03-14 23:43:09.624] [debug] runnable op, Constant
[2026-03-14 23:43:09.624] [debug] runnable op, Constant
[2026-03-14 23:43:09.624] [debug] runnable op, Constant
[2026-03-14 23:43:09.624] [debug] runnable op, Constant
[2026-03-14 23:43:09.624] [debug] runnable op, Constant
[2026-03-14 23:43:09.624] [debug] runnable op, Constant
[2026-03-14 23:43:09.624] [debug] runnable op, Constant
[2026-03-14 23:43:09.624] [debug] runnable op, Constant
[2026-03-14 23:43:09.624] [debug] runnable op, Constant
[2026-03-14 23:43:09.624] [debug] runnable op, Constant
[2026-03-14 23:43:09.624] [debug] runnable op, Gather
[2026-03-14 23:43:09.624] [debug] runnable op, Constant
[2026-03-14 23:43:09.624] [debug] runnable op, Constant
[2026-03-14 23:43:09.624] [debug] runnable op, Constant
[2026-03-14 23:43:09.624] [debug] runnable op, Constant
[2026-03-14 23:43:09.624] [debug] runnable op, Constant
[2026-03-14 23:43:09.624] [debug] runnable op, Constant
[2026-03-14 23:43:09.624] [debug] runnable op, Constant
[2026-03-14 23:43:09.624] [debug] runnable op, Constant
[2026-03-14 23:43:09.624] [debug] runnable op, Constant
[2026-03-14 23:43:09.624] [debug] runnable op, Constant
[2026-03-14 23:43:09.624] [debug] runnable op, Constant
[2026-03-14 23:43:09.624] [debug] runnable op, Constant
[2026-03-14 23:43:09.624] [debug] runnable op, Constant
[2026-03-14 23:43:09.624] [debug] runnable op, Constant
[2026-03-14 23:43:09.624] [debug] runnable op, Constant
[2026-03-14 23:43:09.624] [debug] runnable op, Constant
[2026-03-14 23:43:09.624] [debug] runnable op, Constant
[2026-03-14 23:43:09.624] [debug] runnable op, Constant
[2026-03-14 23:43:09.624] [debug] runnable op, Constant
[2026-03-14 23:43:09.624] [debug] runnable op, Constant
[2026-03-14 23:43:09.624] [debug] runnable op, Constant
[2026-03-14 23:43:09.624] [debug] runnable op, Constant
[2026-03-14 23:43:09.624] [debug] runnable op, Constant
[2026-03-14 23:43:09.624] [debug] runnable op, Constant
[2026-03-14 23:43:09.624] [debug] runnable op, Constant
[2026-03-14 23:43:09.624] [debug] runnable op, Constant
[2026-03-14 23:43:09.624] [debug] runnable op, Constant
[2026-03-14 23:43:09.624] [debug] runnable op, Constant
[2026-03-14 23:43:09.624] [debug] runnable op, Constant
[2026-03-14 23:43:09.624] [debug] runnable op, Constant
[2026-03-14 23:43:09.624] [debug] runnable op, Constant
[2026-03-14 23:43:09.624] [debug] runnable op, Constant
[2026-03-14 23:43:09.624] [debug] runnable op, Constant
[2026-03-14 23:43:09.624] [debug] runnable op, Constant
[2026-03-14 23:43:09.624] [debug] runnable op, Constant
[2026-03-14 23:43:09.624] [debug] runnable op, Constant
[2026-03-14 23:43:09.624] [debug] runnable op, Constant
[2026-03-14 23:43:09.624] [debug] runnable op, Constant
[2026-03-14 23:43:09.624] [debug] runnable op, Constant
[2026-03-14 23:43:09.624] [debug] runnable op, Constant
[2026-03-14 23:43:09.624] [debug] runnable op, Constant
[2026-03-14 23:43:09.624] [debug] runnable op, Constant
[2026-03-14 23:43:09.624] [debug] runnable op, Constant
[2026-03-14 23:43:09.624] [debug] runnable op, Constant
[2026-03-14 23:43:09.624] [debug] runnable op, Constant
[2026-03-14 23:43:09.624] [debug] runnable op, Constant
[2026-03-14 23:43:09.624] [debug] runnable op, Constant
[2026-03-14 23:43:09.624] [debug] runnable op, Constant
[2026-03-14 23:43:09.624] [info] ./models/mamba-130m/mamba-130m.onnx Model initialization time: 84.554660 seconds
[2026-03-14 23:43:09.639] [info] Schedule model: mamba-130m at 1000 us
[2026-03-14 23:43:09.639] [info] MODEL mamba-130m Scheduled, Total Request: 1
[2026-03-14 23:43:09.639] [info] executable layer count 119
[2026-03-14 23:43:09.639] [info] Start layer Identity_72
[2026-03-14 23:43:09.641] [debug] Layer Identity_72 Core 0 Get Tile at 0
[2026-03-14 23:43:09.641] [info] Issue tile Identity_72 on core 0, spad_id 1, accum_spad_id 1
[2026-03-14 23:43:09.641] [info] HBM2-CH_0: BW utilization 0% (0 reads, 0 writes)
[2026-03-14 23:43:09.641] [debug] HBM2-CH_1: BW utilization 0% (0 reads, 0 writes)
[2026-03-14 23:43:09.641] [debug] HBM2-CH_2: BW utilization 0% (0 reads, 0 writes)
[2026-03-14 23:43:09.641] [debug] HBM2-CH_3: BW utilization 0% (0 reads, 0 writes)
[2026-03-14 23:43:09.641] [debug] HBM2-CH_4: BW utilization 0% (0 reads, 0 writes)
[2026-03-14 23:43:09.641] [debug] HBM2-CH_5: BW utilization 0% (0 reads, 0 writes)
[2026-03-14 23:43:09.641] [debug] HBM2-CH_6: BW utilization 0% (0 reads, 0 writes)
[2026-03-14 23:43:09.641] [debug] HBM2-CH_7: BW utilization 0% (0 reads, 0 writes)
[2026-03-14 23:43:09.641] [debug] HBM2-CH_8: BW utilization 0% (0 reads, 0 writes)
[2026-03-14 23:43:09.641] [debug] HBM2-CH_9: BW utilization 0% (0 reads, 0 writes)
[2026-03-14 23:43:09.641] [debug] HBM2-CH_10: BW utilization 0% (0 reads, 0 writes)
[2026-03-14 23:43:09.641] [debug] HBM2-CH_11: BW utilization 0% (0 reads, 0 writes)
[2026-03-14 23:43:09.641] [debug] HBM2-CH_12: BW utilization 0% (0 reads, 0 writes)
[2026-03-14 23:43:09.641] [debug] HBM2-CH_13: BW utilization 0% (0 reads, 0 writes)
[2026-03-14 23:43:09.641] [debug] HBM2-CH_14: BW utilization 0% (0 reads, 0 writes)
[2026-03-14 23:43:09.641] [debug] HBM2-CH_15: BW utilization 0% (0 reads, 0 writes)
[2026-03-14 23:43:09.642] [debug] Layer 178 Core 0 Finish Tile at 34 Remain tile 1
[2026-03-14 23:43:09.642] [info] Layer Identity_72 finish at 34
[2026-03-14 23:43:09.642] [info] Total compute time 34
[2026-03-14 23:43:09.642] [info] executable layer count 118
[2026-03-14 23:43:09.642] [info] Start layer Identity_73
[2026-03-14 23:43:09.642] [debug] Layer Identity_73 Core 1 Get Tile at 34
[2026-03-14 23:43:09.647] [debug] Layer 180 Core 1 Finish Tile at 172 Remain tile 1
[2026-03-14 23:43:09.647] [info] Layer Identity_73 finish at 172
[2026-03-14 23:43:09.647] [info] Total compute time 138
[2026-03-14 23:43:09.647] [info] executable layer count 117
[2026-03-14 23:43:09.647] [info] Start layer Identity_74
[2026-03-14 23:43:09.647] [debug] Layer Identity_74 Core 2 Get Tile at 172
[2026-03-14 23:43:09.652] [debug] Layer 182 Core 2 Finish Tile at 323 Remain tile 1
[2026-03-14 23:43:09.652] [info] Layer Identity_74 finish at 323
[2026-03-14 23:43:09.652] [info] Total compute time 151
[2026-03-14 23:43:09.652] [info] executable layer count 116
[2026-03-14 23:43:09.652] [info] Start layer Identity_75
[2026-03-14 23:43:09.652] [debug] Layer Identity_75 Core 3 Get Tile at 323
[2026-03-14 23:43:09.656] [debug] Layer 184 Core 3 Finish Tile at 484 Remain tile 1
[2026-03-14 23:43:09.656] [info] Layer Identity_75 finish at 484
[2026-03-14 23:43:09.656] [info] Total compute time 161
[2026-03-14 23:43:09.656] [info] executable layer count 115
[2026-03-14 23:43:09.656] [info] Start layer Identity_76
[2026-03-14 23:43:09.656] [debug] Layer Identity_76 Core 0 Get Tile at 485
[2026-03-14 23:43:09.658] [debug] Layer 186 Core 0 Finish Tile at 527 Remain tile 1
[2026-03-14 23:43:09.658] [info] Layer Identity_76 finish at 527
[2026-03-14 23:43:09.658] [info] Total compute time 43
[2026-03-14 23:43:09.658] [info] executable layer count 114
[2026-03-14 23:43:09.658] [info] Start layer Identity_77
[2026-03-14 23:43:09.658] [debug] Layer Identity_77 Core 1 Get Tile at 527
[2026-03-14 23:43:09.665] [debug] Layer 188 Core 1 Finish Tile at 740 Remain tile 1
[2026-03-14 23:43:09.665] [info] Layer Identity_77 finish at 740
[2026-03-14 23:43:09.665] [info] Total compute time 213
[2026-03-14 23:43:09.665] [info] executable layer count 113
[2026-03-14 23:43:09.665] [info] Start layer Identity_78
[2026-03-14 23:43:09.665] [debug] Layer Identity_78 Core 2 Get Tile at 740
[2026-03-14 23:43:09.666] [debug] Layer 190 Core 2 Finish Tile at 783 Remain tile 1
[2026-03-14 23:43:09.666] [info] Layer Identity_78 finish at 783
[2026-03-14 23:43:09.666] [info] Total compute time 43
[2026-03-14 23:43:09.666] [info] executable layer count 112
[2026-03-14 23:43:09.666] [info] Start layer Identity_79
[2026-03-14 23:43:09.666] [debug] Layer Identity_79 Core 3 Get Tile at 783
[2026-03-14 23:43:09.672] [debug] Layer 192 Core 3 Finish Tile at 995 Remain tile 1
[2026-03-14 23:43:09.672] [info] Layer Identity_79 finish at 995
[2026-03-14 23:43:09.672] [info] Total compute time 212
[2026-03-14 23:43:09.672] [info] executable layer count 111
[2026-03-14 23:43:09.672] [info] Start layer Identity_80
[2026-03-14 23:43:09.672] [debug] Layer Identity_80 Core 0 Get Tile at 996
[2026-03-14 23:43:09.674] [debug] Layer 194 Core 0 Finish Tile at 1040 Remain tile 1
[2026-03-14 23:43:09.674] [info] Layer Identity_80 finish at 1040
[2026-03-14 23:43:09.674] [info] Total compute time 45
[2026-03-14 23:43:09.674] [info] executable layer count 110
[2026-03-14 23:43:09.674] [info] Start layer Identity_81
[2026-03-14 23:43:09.674] [debug] Layer Identity_81 Core 1 Get Tile at 1040
[2026-03-14 23:43:09.681] [debug] Layer 196 Core 1 Finish Tile at 1247 Remain tile 1
[2026-03-14 23:43:09.681] [info] Layer Identity_81 finish at 1247
[2026-03-14 23:43:09.681] [info] Total compute time 207
[2026-03-14 23:43:09.681] [info] executable layer count 109
[2026-03-14 23:43:09.681] [info] Start layer Identity_82
[2026-03-14 23:43:09.681] [debug] Layer Identity_82 Core 2 Get Tile at 1247
[2026-03-14 23:43:09.682] [debug] Layer 198 Core 2 Finish Tile at 1283 Remain tile 1
[2026-03-14 23:43:09.682] [info] Layer Identity_82 finish at 1283
[2026-03-14 23:43:09.682] [info] Total compute time 36
[2026-03-14 23:43:09.682] [info] executable layer count 108
[2026-03-14 23:43:09.682] [info] Start layer Identity_83
[2026-03-14 23:43:09.682] [debug] Layer Identity_83 Core 3 Get Tile at 1283
[2026-03-14 23:43:09.690] [debug] Layer 200 Core 3 Finish Tile at 1516 Remain tile 1
[2026-03-14 23:43:09.690] [info] Layer Identity_83 finish at 1516
[2026-03-14 23:43:09.690] [info] Total compute time 233
[2026-03-14 23:43:09.690] [info] executable layer count 107
[2026-03-14 23:43:09.690] [info] Start layer Identity_84
[2026-03-14 23:43:09.690] [debug] Layer Identity_84 Core 0 Get Tile at 1517
[2026-03-14 23:43:09.692] [debug] Layer 202 Core 0 Finish Tile at 1554 Remain tile 1
[2026-03-14 23:43:09.692] [info] Layer Identity_84 finish at 1554
[2026-03-14 23:43:09.692] [info] Total compute time 38
[2026-03-14 23:43:09.692] [info] executable layer count 106
[2026-03-14 23:43:09.692] [info] Start layer Identity_85
[2026-03-14 23:43:09.692] [debug] Layer Identity_85 Core 1 Get Tile at 1554
[2026-03-14 23:43:09.701] [debug] Layer 204 Core 1 Finish Tile at 1799 Remain tile 1
[2026-03-14 23:43:09.701] [info] Layer Identity_85 finish at 1799
[2026-03-14 23:43:09.701] [info] Total compute time 245
[2026-03-14 23:43:09.701] [info] executable layer count 105
[2026-03-14 23:43:09.701] [info] Start layer Identity_86
[2026-03-14 23:43:09.701] [debug] Layer Identity_86 Core 2 Get Tile at 1799
[2026-03-14 23:43:09.702] [debug] Layer 206 Core 2 Finish Tile at 1843 Remain tile 1
[2026-03-14 23:43:09.702] [info] Layer Identity_86 finish at 1843
[2026-03-14 23:43:09.702] [info] Total compute time 44
[2026-03-14 23:43:09.702] [info] executable layer count 104
[2026-03-14 23:43:09.702] [info] Start layer Identity_87
[2026-03-14 23:43:09.702] [debug] Layer Identity_87 Core 3 Get Tile at 1843
[2026-03-14 23:43:09.709] [debug] Layer 208 Core 3 Finish Tile at 2063 Remain tile 1
[2026-03-14 23:43:09.709] [info] Layer Identity_87 finish at 2063
[2026-03-14 23:43:09.709] [info] Total compute time 220
[2026-03-14 23:43:09.709] [info] executable layer count 103
[2026-03-14 23:43:09.709] [info] Start layer Identity_88
[2026-03-14 23:43:09.709] [debug] Layer Identity_88 Core 0 Get Tile at 2064
[2026-03-14 23:43:09.710] [debug] Layer 210 Core 0 Finish Tile at 2104 Remain tile 1
[2026-03-14 23:43:09.710] [info] Layer Identity_88 finish at 2104
[2026-03-14 23:43:09.710] [info] Total compute time 41
[2026-03-14 23:43:09.710] [info] executable layer count 102
[2026-03-14 23:43:09.710] [info] Start layer Identity_89
[2026-03-14 23:43:09.710] [debug] Layer Identity_89 Core 1 Get Tile at 2104
[2026-03-14 23:43:09.718] [debug] Layer 212 Core 1 Finish Tile at 2320 Remain tile 1
[2026-03-14 23:43:09.718] [info] Layer Identity_89 finish at 2320
[2026-03-14 23:43:09.718] [info] Total compute time 216
[2026-03-14 23:43:09.718] [info] executable layer count 101
[2026-03-14 23:43:09.718] [info] Start layer Identity_90
[2026-03-14 23:43:09.718] [debug] Layer Identity_90 Core 2 Get Tile at 2320
[2026-03-14 23:43:09.723] [debug] Layer 214 Core 2 Finish Tile at 2465 Remain tile 1
[2026-03-14 23:43:09.723] [info] Layer Identity_90 finish at 2465
[2026-03-14 23:43:09.723] [info] Total compute time 145
[2026-03-14 23:43:09.723] [info] executable layer count 100
[2026-03-14 23:43:09.723] [info] Start layer Identity_91
[2026-03-14 23:43:09.723] [debug] Layer Identity_91 Core 3 Get Tile at 2465
[2026-03-14 23:43:09.726] [debug] Layer 216 Core 3 Finish Tile at 2591 Remain tile 1
[2026-03-14 23:43:09.726] [info] Layer Identity_91 finish at 2591
[2026-03-14 23:43:09.726] [info] Total compute time 126
[2026-03-14 23:43:09.726] [info] executable layer count 99
[2026-03-14 23:43:09.726] [info] Start layer Identity_92
[2026-03-14 23:43:09.726] [debug] Layer Identity_92 Core 0 Get Tile at 2592
[2026-03-14 23:43:09.731] [debug] Layer 218 Core 0 Finish Tile at 2747 Remain tile 1
[2026-03-14 23:43:09.731] [info] Layer Identity_92 finish at 2747
[2026-03-14 23:43:09.731] [info] Total compute time 156
[2026-03-14 23:43:09.731] [info] executable layer count 98
[2026-03-14 23:43:09.731] [info] Start layer Identity_93
[2026-03-14 23:43:09.731] [debug] Layer Identity_93 Core 1 Get Tile at 2747
[2026-03-14 23:43:09.735] [debug] Layer 220 Core 1 Finish Tile at 2887 Remain tile 1
[2026-03-14 23:43:09.735] [info] Layer Identity_93 finish at 2887
[2026-03-14 23:43:09.735] [info] Total compute time 140
[2026-03-14 23:43:09.735] [info] executable layer count 97
[2026-03-14 23:43:09.735] [info] Start layer Identity_94
[2026-03-14 23:43:09.735] [debug] Layer Identity_94 Core 2 Get Tile at 2887
[2026-03-14 23:43:09.740] [debug] Layer 222 Core 2 Finish Tile at 3037 Remain tile 1
[2026-03-14 23:43:09.740] [info] Layer Identity_94 finish at 3037
[2026-03-14 23:43:09.740] [info] Total compute time 150
[2026-03-14 23:43:09.740] [info] executable layer count 96
[2026-03-14 23:43:09.740] [info] Start layer Identity_95
[2026-03-14 23:43:09.740] [debug] Layer Identity_95 Core 3 Get Tile at 3037
[2026-03-14 23:43:09.745] [debug] Layer 224 Core 3 Finish Tile at 3197 Remain tile 1
[2026-03-14 23:43:09.745] [info] Layer Identity_95 finish at 3197
[2026-03-14 23:43:09.745] [info] Total compute time 160
[2026-03-14 23:43:09.745] [info] executable layer count 95
[2026-03-14 23:43:09.745] [info] Start layer Identity_96
[2026-03-14 23:43:09.745] [debug] Layer Identity_96 Core 0 Get Tile at 3198
[2026-03-14 23:43:09.746] [debug] Layer 226 Core 0 Finish Tile at 3235 Remain tile 1
[2026-03-14 23:43:09.746] [info] Layer Identity_96 finish at 3235
[2026-03-14 23:43:09.746] [info] Total compute time 38
[2026-03-14 23:43:09.746] [info] executable layer count 94
[2026-03-14 23:43:09.746] [info] Start layer Identity_97
[2026-03-14 23:43:09.746] [debug] Layer Identity_97 Core 1 Get Tile at 3235
[2026-03-14 23:43:09.753] [debug] Layer 228 Core 1 Finish Tile at 3462 Remain tile 1
[2026-03-14 23:43:09.753] [info] Layer Identity_97 finish at 3462
[2026-03-14 23:43:09.753] [info] Total compute time 227
[2026-03-14 23:43:09.753] [info] executable layer count 93
[2026-03-14 23:43:09.753] [info] Start layer Identity_98
[2026-03-14 23:43:09.753] [debug] Layer Identity_98 Core 2 Get Tile at 3462
[2026-03-14 23:43:09.754] [debug] Layer 230 Core 2 Finish Tile at 3501 Remain tile 1
[2026-03-14 23:43:09.754] [info] Layer Identity_98 finish at 3501
[2026-03-14 23:43:09.754] [info] Total compute time 39
[2026-03-14 23:43:09.754] [info] executable layer count 92
[2026-03-14 23:43:09.754] [info] Start layer Identity_99
[2026-03-14 23:43:09.754] [debug] Layer Identity_99 Core 3 Get Tile at 3501
[2026-03-14 23:43:09.762] [debug] Layer 232 Core 3 Finish Tile at 3721 Remain tile 1
[2026-03-14 23:43:09.762] [info] Layer Identity_99 finish at 3721
[2026-03-14 23:43:09.762] [info] Total compute time 220
[2026-03-14 23:43:09.762] [info] executable layer count 91
[2026-03-14 23:43:09.762] [info] Start layer Identity_100
[2026-03-14 23:43:09.762] [debug] Layer Identity_100 Core 0 Get Tile at 3722
[2026-03-14 23:43:09.766] [debug] Layer 234 Core 0 Finish Tile at 3872 Remain tile 1
[2026-03-14 23:43:09.766] [info] Layer Identity_100 finish at 3872
[2026-03-14 23:43:09.766] [info] Total compute time 151
[2026-03-14 23:43:09.766] [info] executable layer count 90
[2026-03-14 23:43:09.766] [info] Start layer Identity_101
[2026-03-14 23:43:09.766] [debug] Layer Identity_101 Core 1 Get Tile at 3872
[2026-03-14 23:43:09.770] [debug] Layer 236 Core 1 Finish Tile at 3996 Remain tile 1
[2026-03-14 23:43:09.770] [info] Layer Identity_101 finish at 3996
[2026-03-14 23:43:09.770] [info] Total compute time 124
[2026-03-14 23:43:09.770] [info] executable layer count 89
[2026-03-14 23:43:09.770] [info] Start layer Identity_102
[2026-03-14 23:43:09.770] [debug] Layer Identity_102 Core 2 Get Tile at 3996
[2026-03-14 23:43:09.774] [debug] Layer 238 Core 2 Finish Tile at 4152 Remain tile 1
[2026-03-14 23:43:09.774] [info] Layer Identity_102 finish at 4152
[2026-03-14 23:43:09.774] [info] Total compute time 156
[2026-03-14 23:43:09.774] [info] executable layer count 88
[2026-03-14 23:43:09.774] [info] Start layer Identity_103
[2026-03-14 23:43:09.774] [debug] Layer Identity_103 Core 3 Get Tile at 4152
[2026-03-14 23:43:09.779] [debug] Layer 240 Core 3 Finish Tile at 4292 Remain tile 1
[2026-03-14 23:43:09.779] [info] Layer Identity_103 finish at 4292
[2026-03-14 23:43:09.779] [info] Total compute time 140
[2026-03-14 23:43:09.779] [info] executable layer count 87
[2026-03-14 23:43:09.779] [info] Start layer Identity_104
[2026-03-14 23:43:09.779] [debug] Layer Identity_104 Core 0 Get Tile at 4293
[2026-03-14 23:43:09.780] [debug] Layer 242 Core 0 Finish Tile at 4333 Remain tile 1
[2026-03-14 23:43:09.780] [info] Layer Identity_104 finish at 4333
[2026-03-14 23:43:09.780] [info] Total compute time 41
[2026-03-14 23:43:09.780] [info] executable layer count 86
[2026-03-14 23:43:09.780] [info] Start layer Identity_105
[2026-03-14 23:43:09.780] [debug] Layer Identity_105 Core 1 Get Tile at 4333
[2026-03-14 23:43:09.788] [debug] Layer 244 Core 1 Finish Tile at 4545 Remain tile 1
[2026-03-14 23:43:09.788] [info] Layer Identity_105 finish at 4545
[2026-03-14 23:43:09.788] [info] Total compute time 212
[2026-03-14 23:43:09.788] [info] executable layer count 85
[2026-03-14 23:43:09.788] [info] Start layer Identity_106
[2026-03-14 23:43:09.788] [debug] Layer Identity_106 Core 2 Get Tile at 4545
[2026-03-14 23:43:09.795] [debug] Layer 246 Core 2 Finish Tile at 4714 Remain tile 1
[2026-03-14 23:43:09.795] [info] Layer Identity_106 finish at 4714
[2026-03-14 23:43:09.795] [info] Total compute time 169
[2026-03-14 23:43:09.795] [info] executable layer count 84
[2026-03-14 23:43:09.795] [info] Start layer Identity_107
[2026-03-14 23:43:09.795] [debug] Layer Identity_107 Core 3 Get Tile at 4714
[2026-03-14 23:43:09.800] [debug] Layer 248 Core 3 Finish Tile at 4847 Remain tile 1
[2026-03-14 23:43:09.800] [info] Layer Identity_107 finish at 4847
[2026-03-14 23:43:09.800] [info] Total compute time 133
[2026-03-14 23:43:09.800] [info] executable layer count 83
[2026-03-14 23:43:09.800] [info] Start layer Identity_108
[2026-03-14 23:43:09.800] [debug] Layer Identity_108 Core 0 Get Tile at 4848
[2026-03-14 23:43:09.804] [debug] Layer 250 Core 0 Finish Tile at 4982 Remain tile 1
[2026-03-14 23:43:09.804] [info] Layer Identity_108 finish at 4982
[2026-03-14 23:43:09.804] [info] Total compute time 135
[2026-03-14 23:43:09.804] [info] executable layer count 82
[2026-03-14 23:43:09.804] [info] Start layer Identity_109
[2026-03-14 23:43:09.804] [debug] Layer Identity_109 Core 1 Get Tile at 4982
[2026-03-14 23:43:09.808] [debug] Layer 252 Core 1 Finish Tile at 5108 Remain tile 1
[2026-03-14 23:43:09.808] [info] Layer Identity_109 finish at 5108
[2026-03-14 23:43:09.808] [info] Total compute time 126
[2026-03-14 23:43:09.808] [info] executable layer count 81
[2026-03-14 23:43:09.808] [info] Start layer Identity_110
[2026-03-14 23:43:09.808] [debug] Layer Identity_110 Core 2 Get Tile at 5108
[2026-03-14 23:43:09.813] [debug] Layer 254 Core 2 Finish Tile at 5260 Remain tile 1
[2026-03-14 23:43:09.813] [info] Layer Identity_110 finish at 5260
[2026-03-14 23:43:09.813] [info] Total compute time 152
[2026-03-14 23:43:09.813] [info] executable layer count 80
[2026-03-14 23:43:09.813] [info] Start layer Identity_111
[2026-03-14 23:43:09.813] [debug] Layer Identity_111 Core 3 Get Tile at 5260
[2026-03-14 23:43:09.816] [debug] Layer 256 Core 3 Finish Tile at 5385 Remain tile 1
[2026-03-14 23:43:09.816] [info] Layer Identity_111 finish at 5385
[2026-03-14 23:43:09.816] [info] Total compute time 125
[2026-03-14 23:43:09.816] [info] executable layer count 79
[2026-03-14 23:43:09.816] [info] Start layer Identity_112
[2026-03-14 23:43:09.816] [debug] Layer Identity_112 Core 0 Get Tile at 5386
[2026-03-14 23:43:09.817] [debug] Layer 258 Core 0 Finish Tile at 5423 Remain tile 1
[2026-03-14 23:43:09.817] [info] Layer Identity_112 finish at 5423
[2026-03-14 23:43:09.817] [info] Total compute time 38
[2026-03-14 23:43:09.817] [info] executable layer count 78
[2026-03-14 23:43:09.817] [info] Start layer Identity_113
[2026-03-14 23:43:09.817] [debug] Layer Identity_113 Core 1 Get Tile at 5423
[2026-03-14 23:43:09.826] [debug] Layer 260 Core 1 Finish Tile at 5668 Remain tile 1
[2026-03-14 23:43:09.826] [info] Layer Identity_113 finish at 5668
[2026-03-14 23:43:09.826] [info] Total compute time 245
[2026-03-14 23:43:09.826] [info] executable layer count 77
[2026-03-14 23:43:09.826] [info] Start layer Identity_114
[2026-03-14 23:43:09.826] [debug] Layer Identity_114 Core 2 Get Tile at 5668
[2026-03-14 23:43:09.827] [debug] Layer 262 Core 2 Finish Tile at 5710 Remain tile 1
[2026-03-14 23:43:09.827] [info] Layer Identity_114 finish at 5710
[2026-03-14 23:43:09.827] [info] Total compute time 42
[2026-03-14 23:43:09.827] [info] executable layer count 76
[2026-03-14 23:43:09.827] [info] Start layer Identity_115
[2026-03-14 23:43:09.827] [debug] Layer Identity_115 Core 3 Get Tile at 5710
[2026-03-14 23:43:09.836] [debug] Layer 264 Core 3 Finish Tile at 5955 Remain tile 1
[2026-03-14 23:43:09.836] [info] Layer Identity_115 finish at 5955
[2026-03-14 23:43:09.836] [info] Total compute time 245
[2026-03-14 23:43:09.836] [info] executable layer count 75
[2026-03-14 23:43:09.836] [info] Start layer Identity_116
[2026-03-14 23:43:09.836] [debug] Layer Identity_116 Core 0 Get Tile at 5956
[2026-03-14 23:43:09.837] [debug] Layer 266 Core 0 Finish Tile at 5993 Remain tile 1
[2026-03-14 23:43:09.837] [info] Layer Identity_116 finish at 5993
[2026-03-14 23:43:09.837] [info] Total compute time 38
[2026-03-14 23:43:09.837] [info] executable layer count 74
[2026-03-14 23:43:09.837] [info] Start layer Identity_117
[2026-03-14 23:43:09.837] [debug] Layer Identity_117 Core 1 Get Tile at 5993
[2026-03-14 23:43:09.844] [debug] Layer 268 Core 1 Finish Tile at 6214 Remain tile 1
[2026-03-14 23:43:09.844] [info] Layer Identity_117 finish at 6214
[2026-03-14 23:43:09.844] [info] Total compute time 221
[2026-03-14 23:43:09.844] [info] executable layer count 73
[2026-03-14 23:43:09.844] [info] Start layer /Constant
[2026-03-14 23:43:09.844] [debug] Layer /Constant Core 2 Get Tile at 6214
[2026-03-14 23:43:09.845] [debug] Layer 270 Core 2 Finish Tile at 6252 Remain tile 1
[2026-03-14 23:43:09.845] [info] Layer /Constant finish at 6252
[2026-03-14 23:43:09.845] [info] Total compute time 38
[2026-03-14 23:43:09.845] [info] executable layer count 74
[2026-03-14 23:43:09.845] [info] Start layer /Constant_1
[2026-03-14 23:43:09.845] [debug] Layer /Constant_1 Core 3 Get Tile at 6252
[2026-03-14 23:43:09.849] [debug] Layer 274 Core 3 Finish Tile at 6348 Remain tile 1
[2026-03-14 23:43:09.849] [info] Layer /Constant_1 finish at 6348
[2026-03-14 23:43:09.849] [info] Total compute time 96
[2026-03-14 23:43:09.849] [info] executable layer count 75
[2026-03-14 23:43:09.849] [info] Start layer /Constant_2
[2026-03-14 23:43:09.849] [debug] Layer /Constant_2 Core 0 Get Tile at 6349
[2026-03-14 23:43:09.849] [debug] Layer 278 Core 0 Finish Tile at 6374 Remain tile 1
[2026-03-14 23:43:09.849] [info] Layer /Constant_2 finish at 6374
[2026-03-14 23:43:09.849] [info] Total compute time 26
[2026-03-14 23:43:09.849] [info] executable layer count 76
[2026-03-14 23:43:09.849] [info] Start layer /Constant_3
[2026-03-14 23:43:09.849] [debug] Layer /Constant_3 Core 1 Get Tile at 6374
[2026-03-14 23:43:09.850] [debug] Layer 282 Core 1 Finish Tile at 6396 Remain tile 1
[2026-03-14 23:43:09.850] [info] Layer /Constant_3 finish at 6396
[2026-03-14 23:43:09.850] [info] Total compute time 22
[2026-03-14 23:43:09.850] [info] executable layer count 77
[2026-03-14 23:43:09.850] [info] Start layer /Constant_4
[2026-03-14 23:43:09.850] [debug] Layer /Constant_4 Core 2 Get Tile at 6396
[2026-03-14 23:43:09.850] [debug] Layer 286 Core 2 Finish Tile at 6414 Remain tile 1
[2026-03-14 23:43:09.850] [info] Layer /Constant_4 finish at 6414
[2026-03-14 23:43:09.850] [info] Total compute time 18
[2026-03-14 23:43:09.850] [info] executable layer count 78
[2026-03-14 23:43:09.850] [info] Start layer /Constant_5
[2026-03-14 23:43:09.850] [debug] Layer /Constant_5 Core 3 Get Tile at 6414
[2026-03-14 23:43:09.850] [debug] Layer 290 Core 3 Finish Tile at 6432 Remain tile 1
[2026-03-14 23:43:09.850] [info] Layer /Constant_5 finish at 6432
[2026-03-14 23:43:09.850] [info] Total compute time 18
[2026-03-14 23:43:09.851] [info] executable layer count 79
[2026-03-14 23:43:09.851] [info] Start layer /Constant_6
[2026-03-14 23:43:09.851] [debug] Layer /Constant_6 Core 0 Get Tile at 6433
[2026-03-14 23:43:09.851] [debug] Layer 294 Core 0 Finish Tile at 6451 Remain tile 1
[2026-03-14 23:43:09.851] [info] Layer /Constant_6 finish at 6451
[2026-03-14 23:43:09.851] [info] Total compute time 19
[2026-03-14 23:43:09.851] [info] executable layer count 80
[2026-03-14 23:43:09.851] [info] Start layer /Constant_7
[2026-03-14 23:43:09.851] [debug] Layer /Constant_7 Core 1 Get Tile at 6451
[2026-03-14 23:43:09.851] [debug] Layer 298 Core 1 Finish Tile at 6469 Remain tile 1
[2026-03-14 23:43:09.851] [info] Layer /Constant_7 finish at 6469
[2026-03-14 23:43:09.851] [info] Total compute time 18
[2026-03-14 23:43:09.851] [info] executable layer count 81
[2026-03-14 23:43:09.851] [info] Start layer /Constant_8
[2026-03-14 23:43:09.851] [debug] Layer /Constant_8 Core 2 Get Tile at 6469
[2026-03-14 23:43:09.852] [debug] Layer 302 Core 2 Finish Tile at 6487 Remain tile 1
[2026-03-14 23:43:09.852] [info] Layer /Constant_8 finish at 6487
[2026-03-14 23:43:09.852] [info] Total compute time 18
[2026-03-14 23:43:09.852] [info] executable layer count 82
[2026-03-14 23:43:09.852] [info] Start layer /Constant_9
[2026-03-14 23:43:09.852] [debug] Layer /Constant_9 Core 3 Get Tile at 6487
[2026-03-14 23:43:09.852] [debug] Layer 306 Core 3 Finish Tile at 6505 Remain tile 1
[2026-03-14 23:43:09.852] [info] Layer /Constant_9 finish at 6505
[2026-03-14 23:43:09.852] [info] Total compute time 18
[2026-03-14 23:43:09.852] [info] executable layer count 83
[2026-03-14 23:43:09.852] [info] Start layer /Constant_10
[2026-03-14 23:43:09.852] [debug] Layer /Constant_10 Core 0 Get Tile at 6506
[2026-03-14 23:43:09.852] [debug] Layer 310 Core 0 Finish Tile at 6524 Remain tile 1
[2026-03-14 23:43:09.852] [info] Layer /Constant_10 finish at 6524
[2026-03-14 23:43:09.852] [info] Total compute time 19
[2026-03-14 23:43:09.852] [info] executable layer count 84
[2026-03-14 23:43:09.852] [info] Start layer /Constant_11
[2026-03-14 23:43:09.852] [debug] Layer /Constant_11 Core 1 Get Tile at 6524
[2026-03-14 23:43:09.853] [debug] Layer 314 Core 1 Finish Tile at 6542 Remain tile 1
[2026-03-14 23:43:09.853] [info] Layer /Constant_11 finish at 6542
[2026-03-14 23:43:09.853] [info] Total compute time 18
[2026-03-14 23:43:09.853] [info] executable layer count 85
[2026-03-14 23:43:09.853] [info] Start layer /Constant_12
[2026-03-14 23:43:09.853] [debug] Layer /Constant_12 Core 2 Get Tile at 6542
[2026-03-14 23:43:09.853] [debug] Layer 318 Core 2 Finish Tile at 6560 Remain tile 1
[2026-03-14 23:43:09.853] [info] Layer /Constant_12 finish at 6560
[2026-03-14 23:43:09.853] [info] Total compute time 18
[2026-03-14 23:43:09.853] [info] executable layer count 86
[2026-03-14 23:43:09.853] [info] Start layer /Constant_13
[2026-03-14 23:43:09.853] [debug] Layer /Constant_13 Core 3 Get Tile at 6560
[2026-03-14 23:43:09.853] [debug] Layer 322 Core 3 Finish Tile at 6578 Remain tile 1
[2026-03-14 23:43:09.853] [info] Layer /Constant_13 finish at 6578
[2026-03-14 23:43:09.853] [info] Total compute time 18
[2026-03-14 23:43:09.853] [info] executable layer count 87
[2026-03-14 23:43:09.853] [info] Start layer /Constant_14
[2026-03-14 23:43:09.853] [debug] Layer /Constant_14 Core 0 Get Tile at 6579
[2026-03-14 23:43:09.854] [debug] Layer 326 Core 0 Finish Tile at 6597 Remain tile 1
[2026-03-14 23:43:09.854] [info] Layer /Constant_14 finish at 6597
[2026-03-14 23:43:09.854] [info] Total compute time 19
[2026-03-14 23:43:09.854] [info] executable layer count 88
[2026-03-14 23:43:09.854] [info] Start layer /Constant_15
[2026-03-14 23:43:09.854] [debug] Layer /Constant_15 Core 1 Get Tile at 6597
[2026-03-14 23:43:09.854] [debug] Layer 330 Core 1 Finish Tile at 6615 Remain tile 1
[2026-03-14 23:43:09.854] [info] Layer /Constant_15 finish at 6615
[2026-03-14 23:43:09.854] [info] Total compute time 18
[2026-03-14 23:43:09.854] [info] executable layer count 89
[2026-03-14 23:43:09.854] [info] Start layer /Constant_16
[2026-03-14 23:43:09.854] [debug] Layer /Constant_16 Core 2 Get Tile at 6615
[2026-03-14 23:43:09.854] [debug] Layer 334 Core 2 Finish Tile at 6633 Remain tile 1
[2026-03-14 23:43:09.854] [info] Layer /Constant_16 finish at 6633
[2026-03-14 23:43:09.854] [info] Total compute time 18
[2026-03-14 23:43:09.854] [info] executable layer count 90
[2026-03-14 23:43:09.854] [info] Start layer /Constant_17
[2026-03-14 23:43:09.854] [debug] Layer /Constant_17 Core 3 Get Tile at 6633
[2026-03-14 23:43:09.854] [debug] Layer 338 Core 3 Finish Tile at 6651 Remain tile 1
[2026-03-14 23:43:09.854] [info] Layer /Constant_17 finish at 6651
[2026-03-14 23:43:09.854] [info] Total compute time 18
[2026-03-14 23:43:09.854] [info] executable layer count 91
[2026-03-14 23:43:09.854] [info] Start layer /Constant_18
[2026-03-14 23:43:09.854] [debug] Layer /Constant_18 Core 0 Get Tile at 6652
[2026-03-14 23:43:09.855] [debug] Layer 342 Core 0 Finish Tile at 6670 Remain tile 1
[2026-03-14 23:43:09.855] [info] Layer /Constant_18 finish at 6670
[2026-03-14 23:43:09.855] [info] Total compute time 19
[2026-03-14 23:43:09.855] [info] executable layer count 92
[2026-03-14 23:43:09.855] [info] Start layer /Constant_19
[2026-03-14 23:43:09.855] [debug] Layer /Constant_19 Core 1 Get Tile at 6670
[2026-03-14 23:43:09.855] [debug] Layer 346 Core 1 Finish Tile at 6688 Remain tile 1
[2026-03-14 23:43:09.855] [info] Layer /Constant_19 finish at 6688
[2026-03-14 23:43:09.855] [info] Total compute time 18
[2026-03-14 23:43:09.855] [info] executable layer count 93
[2026-03-14 23:43:09.855] [info] Start layer /Constant_20
[2026-03-14 23:43:09.855] [debug] Layer /Constant_20 Core 2 Get Tile at 6688
[2026-03-14 23:43:09.855] [debug] Layer 350 Core 2 Finish Tile at 6706 Remain tile 1
[2026-03-14 23:43:09.855] [info] Layer /Constant_20 finish at 6706
[2026-03-14 23:43:09.855] [info] Total compute time 18
[2026-03-14 23:43:09.855] [info] executable layer count 94
[2026-03-14 23:43:09.855] [info] Start layer /Constant_21
[2026-03-14 23:43:09.855] [debug] Layer /Constant_21 Core 3 Get Tile at 6706
[2026-03-14 23:43:09.856] [debug] Layer 354 Core 3 Finish Tile at 6724 Remain tile 1
[2026-03-14 23:43:09.856] [info] Layer /Constant_21 finish at 6724
[2026-03-14 23:43:09.856] [info] Total compute time 18
[2026-03-14 23:43:09.856] [info] executable layer count 95
[2026-03-14 23:43:09.856] [info] Start layer /Constant_22
[2026-03-14 23:43:09.856] [debug] Layer /Constant_22 Core 0 Get Tile at 6725
[2026-03-14 23:43:09.856] [debug] Layer 358 Core 0 Finish Tile at 6743 Remain tile 1
[2026-03-14 23:43:09.856] [info] Layer /Constant_22 finish at 6743
[2026-03-14 23:43:09.856] [info] Total compute time 19
[2026-03-14 23:43:09.856] [info] executable layer count 96
[2026-03-14 23:43:09.856] [info] Start layer /Constant_23
[2026-03-14 23:43:09.856] [debug] Layer /Constant_23 Core 1 Get Tile at 6743
[2026-03-14 23:43:09.856] [debug] Layer 362 Core 1 Finish Tile at 6761 Remain tile 1
[2026-03-14 23:43:09.856] [info] Layer /Constant_23 finish at 6761
[2026-03-14 23:43:09.856] [info] Total compute time 18
[2026-03-14 23:43:09.856] [info] executable layer count 97
[2026-03-14 23:43:09.856] [info] Start layer /m/embedding/Gather
[2026-03-14 23:43:09.856] [debug] Layer /m/embedding/Gather Core 1 Get Tile at 6761
[2026-03-14 23:43:09.856] [debug] Layer /m/embedding/Gather Core 2 Get Tile at 6761
[2026-03-14 23:43:09.856] [debug] Layer /m/embedding/Gather Core 3 Get Tile at 6761
[2026-03-14 23:43:09.856] [debug] Layer /m/embedding/Gather Core 0 Get Tile at 6762
[2026-03-14 23:43:09.863] [debug] Layer /m/embedding/Gather Core 2 Get Tile at 6762
[2026-03-14 23:43:10.039] [info] HBM2-CH_0: BW utilization 58% (3272 reads, 2354 writes)
[2026-03-14 23:43:10.039] [debug] HBM2-CH_1: BW utilization 57% (3169 reads, 2341 writes)
[2026-03-14 23:43:10.039] [debug] HBM2-CH_2: BW utilization 57% (3173 reads, 2341 writes)
[2026-03-14 23:43:10.039] [debug] HBM2-CH_3: BW utilization 58% (3232 reads, 2354 writes)
[2026-03-14 23:43:10.039] [debug] HBM2-CH_4: BW utilization 57% (3144 reads, 2341 writes)
[2026-03-14 23:43:10.039] [debug] HBM2-CH_5: BW utilization 58% (3244 reads, 2353 writes)
[2026-03-14 23:43:10.039] [debug] HBM2-CH_6: BW utilization 58% (3248 reads, 2355 writes)
[2026-03-14 23:43:10.039] [debug] HBM2-CH_7: BW utilization 57% (3167 reads, 2341 writes)
[2026-03-14 23:43:10.039] [debug] HBM2-CH_8: BW utilization 57% (3195 reads, 2340 writes)
[2026-03-14 23:43:10.039] [debug] HBM2-CH_9: BW utilization 57% (3167 reads, 2355 writes)
[2026-03-14 23:43:10.039] [debug] HBM2-CH_10: BW utilization 57% (3199 reads, 2354 writes)
[2026-03-14 23:43:10.039] [debug] HBM2-CH_11: BW utilization 57% (3160 reads, 2341 writes)
[2026-03-14 23:43:10.039] [debug] HBM2-CH_12: BW utilization 58% (3239 reads, 2353 writes)
[2026-03-14 23:43:10.039] [debug] HBM2-CH_13: BW utilization 57% (3196 reads, 2340 writes)
[2026-03-14 23:43:10.039] [debug] HBM2-CH_14: BW utilization 57% (3194 reads, 2341 writes)
[2026-03-14 23:43:10.039] [debug] HBM2-CH_15: BW utilization 58% (3239 reads, 2355 writes)
[2026-03-14 23:43:10.039] [info] Tile  status /m/embedding/Gather, instructions left 1
[2026-03-14 23:43:10.039] [info] Core [0] Tile Stats | Issued: 19 Running: 1 Finished: 18
[2026-03-14 23:43:10.039] [info] cycle: [8000]
[2026-03-14 23:43:10.039] [info] Tile  status /m/embedding/Gather, instructions left 1
[2026-03-14 23:43:10.039] [info] Core [1] Tile Stats | Issued: 19 Running: 1 Finished: 18
[2026-03-14 23:43:10.039] [info] cycle: [8000]
[2026-03-14 23:43:10.039] [info] Tile  status /m/embedding/Gather, instructions left 1
[2026-03-14 23:43:10.039] [info] Tile  status /m/embedding/Gather, instructions left 1
[2026-03-14 23:43:10.039] [info] Core [2] Tile Stats | Issued: 19 Running: 2 Finished: 17
[2026-03-14 23:43:10.039] [info] cycle: [8000]
[2026-03-14 23:43:10.039] [info] Tile  status /m/embedding/Gather, instructions left 1
[2026-03-14 23:43:10.039] [info] Core [3] Tile Stats | Issued: 18 Running: 1 Finished: 17
[2026-03-14 23:43:10.039] [info] cycle: [8000]
[2026-03-14 23:43:10.635] [info] HBM2-CH_0: BW utilization 63% (6085 reads, 0 writes)
[2026-03-14 23:43:10.636] [debug] HBM2-CH_1: BW utilization 58% (5596 reads, 0 writes)
[2026-03-14 23:43:10.636] [debug] HBM2-CH_2: BW utilization 58% (5645 reads, 0 writes)
[2026-03-14 23:43:10.636] [debug] HBM2-CH_3: BW utilization 63% (6085 reads, 0 writes)
[2026-03-14 23:43:10.636] [debug] HBM2-CH_4: BW utilization 55% (5361 reads, 0 writes)
[2026-03-14 23:43:10.636] [debug] HBM2-CH_5: BW utilization 64% (6205 reads, 0 writes)
[2026-03-14 23:43:10.636] [debug] HBM2-CH_6: BW utilization 64% (6207 reads, 0 writes)
[2026-03-14 23:43:10.636] [debug] HBM2-CH_7: BW utilization 58% (5599 reads, 0 writes)
[2026-03-14 23:43:10.636] [debug] HBM2-CH_8: BW utilization 60% (5822 reads, 0 writes)
[2026-03-14 23:43:10.636] [debug] HBM2-CH_9: BW utilization 57% (5546 reads, 0 writes)
[2026-03-14 23:43:10.636] [debug] HBM2-CH_10: BW utilization 60% (5790 reads, 0 writes)
[2026-03-14 23:43:10.636] [debug] HBM2-CH_11: BW utilization 57% (5484 reads, 0 writes)
[2026-03-14 23:43:10.636] [debug] HBM2-CH_12: BW utilization 63% (6055 reads, 0 writes)
[2026-03-14 23:43:10.636] [debug] HBM2-CH_13: BW utilization 60% (5807 reads, 0 writes)
[2026-03-14 23:43:10.636] [debug] HBM2-CH_14: BW utilization 60% (5807 reads, 0 writes)
[2026-03-14 23:43:10.636] [debug] HBM2-CH_15: BW utilization 63% (6055 reads, 0 writes)
[2026-03-14 23:43:10.636] [info] Tile  status /m/embedding/Gather, instructions left 1
[2026-03-14 23:43:10.636] [info] Core [0] Tile Stats | Issued: 19 Running: 1 Finished: 18
[2026-03-14 23:43:10.636] [info] cycle: [16000]
[2026-03-14 23:43:10.636] [info] Tile  status /m/embedding/Gather, instructions left 1
[2026-03-14 23:43:10.636] [info] Core [1] Tile Stats | Issued: 19 Running: 1 Finished: 18
[2026-03-14 23:43:10.636] [info] cycle: [16000]
[2026-03-14 23:43:10.636] [info] Tile  status /m/embedding/Gather, instructions left 1
[2026-03-14 23:43:10.636] [info] Tile  status /m/embedding/Gather, instructions left 1
[2026-03-14 23:43:10.636] [info] Core [2] Tile Stats | Issued: 19 Running: 2 Finished: 17
[2026-03-14 23:43:10.636] [info] cycle: [16000]
[2026-03-14 23:43:10.636] [info] Tile  status /m/embedding/Gather, instructions left 1
[2026-03-14 23:43:10.636] [info] Core [3] Tile Stats | Issued: 18 Running: 1 Finished: 17
[2026-03-14 23:43:10.636] [info] cycle: [16000]
[2026-03-14 23:43:11.214] [info] HBM2-CH_0: BW utilization 63% (6085 reads, 0 writes)
[2026-03-14 23:43:11.214] [debug] HBM2-CH_1: BW utilization 58% (5597 reads, 0 writes)
[2026-03-14 23:43:11.214] [debug] HBM2-CH_2: BW utilization 58% (5644 reads, 0 writes)
[2026-03-14 23:43:11.214] [debug] HBM2-CH_3: BW utilization 63% (6081 reads, 0 writes)
[2026-03-14 23:43:11.214] [debug] HBM2-CH_4: BW utilization 55% (5369 reads, 0 writes)
[2026-03-14 23:43:11.214] [debug] HBM2-CH_5: BW utilization 64% (6205 reads, 0 writes)
[2026-03-14 23:43:11.214] [debug] HBM2-CH_6: BW utilization 64% (6207 reads, 0 writes)
[2026-03-14 23:43:11.214] [debug] HBM2-CH_7: BW utilization 58% (5600 reads, 0 writes)
[2026-03-14 23:43:11.214] [debug] HBM2-CH_8: BW utilization 60% (5825 reads, 0 writes)
[2026-03-14 23:43:11.214] [debug] HBM2-CH_9: BW utilization 57% (5560 reads, 0 writes)
[2026-03-14 23:43:11.214] [debug] HBM2-CH_10: BW utilization 60% (5794 reads, 0 writes)
[2026-03-14 23:43:11.214] [debug] HBM2-CH_11: BW utilization 57% (5489 reads, 0 writes)
[2026-03-14 23:43:11.214] [debug] HBM2-CH_12: BW utilization 63% (6070 reads, 0 writes)
[2026-03-14 23:43:11.214] [debug] HBM2-CH_13: BW utilization 60% (5810 reads, 0 writes)
[2026-03-14 23:43:11.214] [debug] HBM2-CH_14: BW utilization 60% (5813 reads, 0 writes)
[2026-03-14 23:43:11.214] [debug] HBM2-CH_15: BW utilization 63% (6070 reads, 0 writes)
[2026-03-14 23:43:11.215] [info] Tile  status /m/embedding/Gather, instructions left 1
[2026-03-14 23:43:11.215] [info] Core [0] Tile Stats | Issued: 19 Running: 1 Finished: 18
[2026-03-14 23:43:11.215] [info] cycle: [24000]
[2026-03-14 23:43:11.215] [info] Tile  status /m/embedding/Gather, instructions left 1
[2026-03-14 23:43:11.215] [info] Core [1] Tile Stats | Issued: 19 Running: 1 Finished: 18
[2026-03-14 23:43:11.215] [info] cycle: [24000]
[2026-03-14 23:43:11.215] [info] Tile  status /m/embedding/Gather, instructions left 1
[2026-03-14 23:43:11.215] [info] Tile  status /m/embedding/Gather, instructions left 1
[2026-03-14 23:43:11.215] [info] Core [2] Tile Stats | Issued: 19 Running: 2 Finished: 17
[2026-03-14 23:43:11.215] [info] cycle: [24000]
[2026-03-14 23:43:11.215] [info] Tile  status /m/embedding/Gather, instructions left 1
[2026-03-14 23:43:11.215] [info] Core [3] Tile Stats | Issued: 18 Running: 1 Finished: 17
[2026-03-14 23:43:11.215] [info] cycle: [24000]
[2026-03-14 23:43:11.799] [info] HBM2-CH_0: BW utilization 63% (6085 reads, 0 writes)
[2026-03-14 23:43:11.799] [debug] HBM2-CH_1: BW utilization 58% (5598 reads, 0 writes)
[2026-03-14 23:43:11.799] [debug] HBM2-CH_2: BW utilization 58% (5650 reads, 0 writes)
[2026-03-14 23:43:11.799] [debug] HBM2-CH_3: BW utilization 63% (6080 reads, 0 writes)
[2026-03-14 23:43:11.799] [debug] HBM2-CH_4: BW utilization 55% (5368 reads, 0 writes)
[2026-03-14 23:43:11.799] [debug] HBM2-CH_5: BW utilization 64% (6205 reads, 0 writes)
[2026-03-14 23:43:11.799] [debug] HBM2-CH_6: BW utilization 64% (6205 reads, 0 writes)
[2026-03-14 23:43:11.799] [debug] HBM2-CH_7: BW utilization 58% (5602 reads, 0 writes)
[2026-03-14 23:43:11.799] [debug] HBM2-CH_8: BW utilization 60% (5822 reads, 0 writes)
[2026-03-14 23:43:11.799] [debug] HBM2-CH_9: BW utilization 57% (5540 reads, 0 writes)
[2026-03-14 23:43:11.799] [debug] HBM2-CH_10: BW utilization 60% (5796 reads, 0 writes)
[2026-03-14 23:43:11.799] [debug] HBM2-CH_11: BW utilization 57% (5482 reads, 0 writes)
[2026-03-14 23:43:11.799] [debug] HBM2-CH_12: BW utilization 63% (6056 reads, 0 writes)
[2026-03-14 23:43:11.799] [debug] HBM2-CH_13: BW utilization 60% (5814 reads, 0 writes)
[2026-03-14 23:43:11.799] [debug] HBM2-CH_14: BW utilization 60% (5811 reads, 0 writes)
[2026-03-14 23:43:11.799] [debug] HBM2-CH_15: BW utilization 63% (6056 reads, 0 writes)
[2026-03-14 23:43:11.800] [info] Tile  status /m/embedding/Gather, instructions left 1
[2026-03-14 23:43:11.800] [info] Core [0] Tile Stats | Issued: 19 Running: 1 Finished: 18
[2026-03-14 23:43:11.800] [info] cycle: [32000]
[2026-03-14 23:43:11.800] [info] Tile  status /m/embedding/Gather, instructions left 1
[2026-03-14 23:43:11.800] [info] Core [1] Tile Stats | Issued: 19 Running: 1 Finished: 18
[2026-03-14 23:43:11.800] [info] cycle: [32000]
[2026-03-14 23:43:11.800] [info] Tile  status /m/embedding/Gather, instructions left 1
[2026-03-14 23:43:11.800] [info] Tile  status /m/embedding/Gather, instructions left 1
[2026-03-14 23:43:11.800] [info] Core [2] Tile Stats | Issued: 19 Running: 2 Finished: 17
[2026-03-14 23:43:11.800] [info] cycle: [32000]
[2026-03-14 23:43:11.800] [info] Tile  status /m/embedding/Gather, instructions left 1
[2026-03-14 23:43:11.800] [info] Core [3] Tile Stats | Issued: 18 Running: 1 Finished: 17
[2026-03-14 23:43:11.800] [info] cycle: [32000]
[2026-03-14 23:43:12.452] [info] HBM2-CH_0: BW utilization 63% (6085 reads, 0 writes)
[2026-03-14 23:43:12.452] [debug] HBM2-CH_1: BW utilization 58% (5597 reads, 0 writes)
[2026-03-14 23:43:12.452] [debug] HBM2-CH_2: BW utilization 58% (5647 reads, 0 writes)
[2026-03-14 23:43:12.452] [debug] HBM2-CH_3: BW utilization 63% (6080 reads, 0 writes)
[2026-03-14 23:43:12.452] [debug] HBM2-CH_4: BW utilization 55% (5361 reads, 0 writes)
[2026-03-14 23:43:12.452] [debug] HBM2-CH_5: BW utilization 64% (6205 reads, 0 writes)
[2026-03-14 23:43:12.452] [debug] HBM2-CH_6: BW utilization 64% (6205 reads, 0 writes)
[2026-03-14 23:43:12.452] [debug] HBM2-CH_7: BW utilization 58% (5607 reads, 0 writes)
[2026-03-14 23:43:12.452] [debug] HBM2-CH_8: BW utilization 60% (5825 reads, 0 writes)
[2026-03-14 23:43:12.452] [debug] HBM2-CH_9: BW utilization 57% (5548 reads, 0 writes)
[2026-03-14 23:43:12.452] [debug] HBM2-CH_10: BW utilization 60% (5796 reads, 0 writes)
[2026-03-14 23:43:12.452] [debug] HBM2-CH_11: BW utilization 57% (5492 reads, 0 writes)
[2026-03-14 23:43:12.452] [debug] HBM2-CH_12: BW utilization 63% (6068 reads, 0 writes)
[2026-03-14 23:43:12.452] [debug] HBM2-CH_13: BW utilization 60% (5811 reads, 0 writes)
[2026-03-14 23:43:12.452] [debug] HBM2-CH_14: BW utilization 60% (5811 reads, 0 writes)
[2026-03-14 23:43:12.452] [debug] HBM2-CH_15: BW utilization 63% (6068 reads, 0 writes)
[2026-03-14 23:43:12.454] [info] Tile  status /m/embedding/Gather, instructions left 1
[2026-03-14 23:43:12.454] [info] Core [0] Tile Stats | Issued: 19 Running: 1 Finished: 18
[2026-03-14 23:43:12.454] [info] cycle: [40000]
[2026-03-14 23:43:12.454] [info] Tile  status /m/embedding/Gather, instructions left 1
[2026-03-14 23:43:12.454] [info] Core [1] Tile Stats | Issued: 19 Running: 1 Finished: 18
[2026-03-14 23:43:12.454] [info] cycle: [40000]
[2026-03-14 23:43:12.454] [info] Tile  status /m/embedding/Gather, instructions left 1
[2026-03-14 23:43:12.454] [info] Tile  status /m/embedding/Gather, instructions left 1
[2026-03-14 23:43:12.454] [info] Core [2] Tile Stats | Issued: 19 Running: 2 Finished: 17
[2026-03-14 23:43:12.454] [info] cycle: [40000]
[2026-03-14 23:43:12.454] [info] Tile  status /m/embedding/Gather, instructions left 1
[2026-03-14 23:43:12.454] [info] Core [3] Tile Stats | Issued: 18 Running: 1 Finished: 17
[2026-03-14 23:43:12.454] [info] cycle: [40000]
[2026-03-14 23:43:13.102] [info] HBM2-CH_0: BW utilization 63% (6082 reads, 0 writes)
[2026-03-14 23:43:13.102] [debug] HBM2-CH_1: BW utilization 58% (5604 reads, 0 writes)
[2026-03-14 23:43:13.102] [debug] HBM2-CH_2: BW utilization 58% (5643 reads, 0 writes)
[2026-03-14 23:43:13.102] [debug] HBM2-CH_3: BW utilization 63% (6081 reads, 0 writes)
[2026-03-14 23:43:13.102] [debug] HBM2-CH_4: BW utilization 55% (5374 reads, 0 writes)
[2026-03-14 23:43:13.102] [debug] HBM2-CH_5: BW utilization 64% (6205 reads, 0 writes)
[2026-03-14 23:43:13.102] [debug] HBM2-CH_6: BW utilization 64% (6205 reads, 0 writes)
[2026-03-14 23:43:13.102] [debug] HBM2-CH_7: BW utilization 58% (5603 reads, 0 writes)
[2026-03-14 23:43:13.102] [debug] HBM2-CH_8: BW utilization 60% (5822 reads, 0 writes)
[2026-03-14 23:43:13.102] [debug] HBM2-CH_9: BW utilization 57% (5553 reads, 0 writes)
[2026-03-14 23:43:13.102] [debug] HBM2-CH_10: BW utilization 60% (5798 reads, 0 writes)
[2026-03-14 23:43:13.102] [debug] HBM2-CH_11: BW utilization 57% (5479 reads, 0 writes)
[2026-03-14 23:43:13.102] [debug] HBM2-CH_12: BW utilization 63% (6066 reads, 0 writes)
[2026-03-14 23:43:13.102] [debug] HBM2-CH_13: BW utilization 60% (5807 reads, 0 writes)
[2026-03-14 23:43:13.102] [debug] HBM2-CH_14: BW utilization 60% (5809 reads, 0 writes)
[2026-03-14 23:43:13.102] [debug] HBM2-CH_15: BW utilization 63% (6066 reads, 0 writes)
[2026-03-14 23:43:13.105] [info] Tile  status /m/embedding/Gather, instructions left 1
[2026-03-14 23:43:13.105] [info] Core [0] Tile Stats | Issued: 19 Running: 1 Finished: 18
[2026-03-14 23:43:13.105] [info] cycle: [48000]
[2026-03-14 23:43:13.105] [info] Tile  status /m/embedding/Gather, instructions left 1
[2026-03-14 23:43:13.105] [info] Core [1] Tile Stats | Issued: 19 Running: 1 Finished: 18
[2026-03-14 23:43:13.105] [info] cycle: [48000]
[2026-03-14 23:43:13.105] [info] Tile  status /m/embedding/Gather, instructions left 1
[2026-03-14 23:43:13.105] [info] Tile  status /m/embedding/Gather, instructions left 1
[2026-03-14 23:43:13.105] [info] Core [2] Tile Stats | Issued: 19 Running: 2 Finished: 17
[2026-03-14 23:43:13.105] [info] cycle: [48000]
[2026-03-14 23:43:13.105] [info] Tile  status /m/embedding/Gather, instructions left 1
[2026-03-14 23:43:13.105] [info] Core [3] Tile Stats | Issued: 18 Running: 1 Finished: 17
[2026-03-14 23:43:13.105] [info] cycle: [48000]
[2026-03-14 23:43:13.854] [info] HBM2-CH_0: BW utilization 63% (6080 reads, 0 writes)
[2026-03-14 23:43:13.855] [debug] HBM2-CH_1: BW utilization 58% (5596 reads, 0 writes)
[2026-03-14 23:43:13.855] [debug] HBM2-CH_2: BW utilization 58% (5652 reads, 0 writes)
[2026-03-14 23:43:13.855] [debug] HBM2-CH_3: BW utilization 63% (6085 reads, 0 writes)
[2026-03-14 23:43:13.855] [debug] HBM2-CH_4: BW utilization 55% (5361 reads, 0 writes)
[2026-03-14 23:43:13.855] [debug] HBM2-CH_5: BW utilization 64% (6205 reads, 0 writes)
[2026-03-14 23:43:13.855] [debug] HBM2-CH_6: BW utilization 64% (6205 reads, 0 writes)
[2026-03-14 23:43:13.855] [debug] HBM2-CH_7: BW utilization 58% (5594 reads, 0 writes)
[2026-03-14 23:43:13.855] [debug] HBM2-CH_8: BW utilization 60% (5825 reads, 0 writes)
[2026-03-14 23:43:13.855] [debug] HBM2-CH_9: BW utilization 57% (5545 reads, 0 writes)
[2026-03-14 23:43:13.855] [debug] HBM2-CH_10: BW utilization 60% (5797 reads, 0 writes)
[2026-03-14 23:43:13.855] [debug] HBM2-CH_11: BW utilization 57% (5490 reads, 0 writes)
[2026-03-14 23:43:13.855] [debug] HBM2-CH_12: BW utilization 63% (6057 reads, 0 writes)
[2026-03-14 23:43:13.855] [debug] HBM2-CH_13: BW utilization 60% (5807 reads, 0 writes)
[2026-03-14 23:43:13.855] [debug] HBM2-CH_14: BW utilization 60% (5808 reads, 0 writes)
[2026-03-14 23:43:13.855] [debug] HBM2-CH_15: BW utilization 63% (6057 reads, 0 writes)
[2026-03-14 23:43:13.857] [info] Tile  status /m/embedding/Gather, instructions left 1
[2026-03-14 23:43:13.857] [info] Core [0] Tile Stats | Issued: 19 Running: 1 Finished: 18
[2026-03-14 23:43:13.857] [info] cycle: [56000]
[2026-03-14 23:43:13.857] [info] Tile  status /m/embedding/Gather, instructions left 1
[2026-03-14 23:43:13.857] [info] Core [1] Tile Stats | Issued: 19 Running: 1 Finished: 18
[2026-03-14 23:43:13.857] [info] cycle: [56000]
[2026-03-14 23:43:13.857] [info] Tile  status /m/embedding/Gather, instructions left 1
[2026-03-14 23:43:13.857] [info] Tile  status /m/embedding/Gather, instructions left 1
[2026-03-14 23:43:13.857] [info] Core [2] Tile Stats | Issued: 19 Running: 2 Finished: 17
[2026-03-14 23:43:13.857] [info] cycle: [56000]
[2026-03-14 23:43:13.857] [info] Tile  status /m/embedding/Gather, instructions left 1
[2026-03-14 23:43:13.857] [info] Core [3] Tile Stats | Issued: 18 Running: 1 Finished: 17
[2026-03-14 23:43:13.857] [info] cycle: [56000]
[2026-03-14 23:43:14.542] [info] HBM2-CH_0: BW utilization 63% (6080 reads, 0 writes)
[2026-03-14 23:43:14.542] [debug] HBM2-CH_1: BW utilization 58% (5598 reads, 0 writes)
[2026-03-14 23:43:14.542] [debug] HBM2-CH_2: BW utilization 58% (5647 reads, 0 writes)
[2026-03-14 23:43:14.542] [debug] HBM2-CH_3: BW utilization 63% (6085 reads, 0 writes)
[2026-03-14 23:43:14.542] [debug] HBM2-CH_4: BW utilization 55% (5368 reads, 0 writes)
[2026-03-14 23:43:14.542] [debug] HBM2-CH_5: BW utilization 64% (6205 reads, 0 writes)
[2026-03-14 23:43:14.542] [debug] HBM2-CH_6: BW utilization 64% (6205 reads, 0 writes)
[2026-03-14 23:43:14.542] [debug] HBM2-CH_7: BW utilization 58% (5609 reads, 0 writes)
[2026-03-14 23:43:14.542] [debug] HBM2-CH_8: BW utilization 60% (5822 reads, 0 writes)
[2026-03-14 23:43:14.542] [debug] HBM2-CH_9: BW utilization 57% (5558 reads, 0 writes)
[2026-03-14 23:43:14.542] [debug] HBM2-CH_10: BW utilization 60% (5793 reads, 0 writes)
[2026-03-14 23:43:14.542] [debug] HBM2-CH_11: BW utilization 57% (5484 reads, 0 writes)
[2026-03-14 23:43:14.542] [debug] HBM2-CH_12: BW utilization 63% (6074 reads, 0 writes)
[2026-03-14 23:43:14.542] [debug] HBM2-CH_13: BW utilization 60% (5813 reads, 0 writes)
[2026-03-14 23:43:14.542] [debug] HBM2-CH_14: BW utilization 60% (5810 reads, 0 writes)
[2026-03-14 23:43:14.542] [debug] HBM2-CH_15: BW utilization 63% (6074 reads, 0 writes)
[2026-03-14 23:43:14.545] [info] Tile  status /m/embedding/Gather, instructions left 1
[2026-03-14 23:43:14.552] [info] Core [0] Tile Stats | Issued: 19 Running: 1 Finished: 18
[2026-03-14 23:43:14.552] [info] cycle: [64000]
[2026-03-14 23:43:14.552] [info] Tile  status /m/embedding/Gather, instructions left 1
[2026-03-14 23:43:14.552] [info] Core [1] Tile Stats | Issued: 19 Running: 1 Finished: 18
[2026-03-14 23:43:14.552] [info] cycle: [64000]
[2026-03-14 23:43:14.552] [info] Tile  status /m/embedding/Gather, instructions left 1
[2026-03-14 23:43:14.552] [info] Tile  status /m/embedding/Gather, instructions left 1
[2026-03-14 23:43:14.552] [info] Core [2] Tile Stats | Issued: 19 Running: 2 Finished: 17
[2026-03-14 23:43:14.552] [info] cycle: [64000]
[2026-03-14 23:43:14.552] [info] Tile  status /m/embedding/Gather, instructions left 1
[2026-03-14 23:43:14.552] [info] Core [3] Tile Stats | Issued: 18 Running: 1 Finished: 17
[2026-03-14 23:43:14.552] [info] cycle: [64000]
[2026-03-14 23:43:15.126] [info] HBM2-CH_0: BW utilization 63% (6080 reads, 0 writes)
[2026-03-14 23:43:15.126] [debug] HBM2-CH_1: BW utilization 58% (5596 reads, 0 writes)
[2026-03-14 23:43:15.126] [debug] HBM2-CH_2: BW utilization 58% (5642 reads, 0 writes)
[2026-03-14 23:43:15.126] [debug] HBM2-CH_3: BW utilization 63% (6085 reads, 0 writes)
[2026-03-14 23:43:15.126] [debug] HBM2-CH_4: BW utilization 55% (5364 reads, 0 writes)
[2026-03-14 23:43:15.126] [debug] HBM2-CH_5: BW utilization 64% (6206 reads, 0 writes)
[2026-03-14 23:43:15.126] [debug] HBM2-CH_6: BW utilization 64% (6205 reads, 0 writes)
[2026-03-14 23:43:15.126] [debug] HBM2-CH_7: BW utilization 58% (5602 reads, 0 writes)
[2026-03-14 23:43:15.126] [debug] HBM2-CH_8: BW utilization 60% (5825 reads, 0 writes)
[2026-03-14 23:43:15.126] [debug] HBM2-CH_9: BW utilization 57% (5541 reads, 0 writes)
[2026-03-14 23:43:15.126] [debug] HBM2-CH_10: BW utilization 60% (5799 reads, 0 writes)
[2026-03-14 23:43:15.126] [debug] HBM2-CH_11: BW utilization 57% (5484 reads, 0 writes)
[2026-03-14 23:43:15.126] [debug] HBM2-CH_12: BW utilization 63% (6052 reads, 0 writes)
[2026-03-14 23:43:15.126] [debug] HBM2-CH_13: BW utilization 60% (5808 reads, 0 writes)
[2026-03-14 23:43:15.126] [debug] HBM2-CH_14: BW utilization 60% (5809 reads, 0 writes)
[2026-03-14 23:43:15.126] [debug] HBM2-CH_15: BW utilization 63% (6052 reads, 0 writes)
[2026-03-14 23:43:15.129] [info] Tile  status /m/embedding/Gather, instructions left 1
[2026-03-14 23:43:15.129] [info] Core [0] Tile Stats | Issued: 19 Running: 1 Finished: 18
[2026-03-14 23:43:15.129] [info] cycle: [72000]
[2026-03-14 23:43:15.129] [info] Tile  status /m/embedding/Gather, instructions left 1
[2026-03-14 23:43:15.129] [info] Core [1] Tile Stats | Issued: 19 Running: 1 Finished: 18
[2026-03-14 23:43:15.129] [info] cycle: [72000]
[2026-03-14 23:43:15.129] [info] Tile  status /m/embedding/Gather, instructions left 1
[2026-03-14 23:43:15.129] [info] Tile  status /m/embedding/Gather, instructions left 1
[2026-03-14 23:43:15.129] [info] Core [2] Tile Stats | Issued: 19 Running: 2 Finished: 17
[2026-03-14 23:43:15.129] [info] cycle: [72000]
[2026-03-14 23:43:15.129] [info] Tile  status /m/embedding/Gather, instructions left 1
[2026-03-14 23:43:15.129] [info] Core [3] Tile Stats | Issued: 18 Running: 1 Finished: 17
[2026-03-14 23:43:15.129] [info] cycle: [72000]
[2026-03-14 23:43:15.678] [info] HBM2-CH_0: BW utilization 63% (6084 reads, 0 writes)
[2026-03-14 23:43:15.678] [debug] HBM2-CH_1: BW utilization 58% (5597 reads, 0 writes)
[2026-03-14 23:43:15.678] [debug] HBM2-CH_2: BW utilization 58% (5653 reads, 0 writes)
[2026-03-14 23:43:15.678] [debug] HBM2-CH_3: BW utilization 63% (6085 reads, 0 writes)
[2026-03-14 23:43:15.678] [debug] HBM2-CH_4: BW utilization 55% (5365 reads, 0 writes)
[2026-03-14 23:43:15.678] [debug] HBM2-CH_5: BW utilization 64% (6206 reads, 0 writes)
[2026-03-14 23:43:15.678] [debug] HBM2-CH_6: BW utilization 64% (6205 reads, 0 writes)
[2026-03-14 23:43:15.678] [debug] HBM2-CH_7: BW utilization 58% (5607 reads, 0 writes)
[2026-03-14 23:43:15.678] [debug] HBM2-CH_8: BW utilization 60% (5822 reads, 0 writes)
[2026-03-14 23:43:15.678] [debug] HBM2-CH_9: BW utilization 57% (5556 reads, 0 writes)
[2026-03-14 23:43:15.678] [debug] HBM2-CH_10: BW utilization 60% (5796 reads, 0 writes)
[2026-03-14 23:43:15.678] [debug] HBM2-CH_11: BW utilization 57% (5489 reads, 0 writes)
[2026-03-14 23:43:15.678] [debug] HBM2-CH_12: BW utilization 63% (6069 reads, 0 writes)
[2026-03-14 23:43:15.678] [debug] HBM2-CH_13: BW utilization 60% (5810 reads, 0 writes)
[2026-03-14 23:43:15.678] [debug] HBM2-CH_14: BW utilization 60% (5812 reads, 0 writes)
[2026-03-14 23:43:15.678] [debug] HBM2-CH_15: BW utilization 63% (6069 reads, 0 writes)
[2026-03-14 23:43:15.680] [info] Tile  status /m/embedding/Gather, instructions left 1
[2026-03-14 23:43:15.680] [info] Core [0] Tile Stats | Issued: 19 Running: 1 Finished: 18
[2026-03-14 23:43:15.680] [info] cycle: [80000]
[2026-03-14 23:43:15.680] [info] Tile  status /m/embedding/Gather, instructions left 1
[2026-03-14 23:43:15.680] [info] Core [1] Tile Stats | Issued: 19 Running: 1 Finished: 18
[2026-03-14 23:43:15.680] [info] cycle: [80000]
[2026-03-14 23:43:15.680] [info] Tile  status /m/embedding/Gather, instructions left 1
[2026-03-14 23:43:15.680] [info] Tile  status /m/embedding/Gather, instructions left 1
[2026-03-14 23:43:15.680] [info] Core [2] Tile Stats | Issued: 19 Running: 2 Finished: 17
[2026-03-14 23:43:15.680] [info] cycle: [80000]
[2026-03-14 23:43:15.680] [info] Tile  status /m/embedding/Gather, instructions left 1
[2026-03-14 23:43:15.680] [info] Core [3] Tile Stats | Issued: 18 Running: 1 Finished: 17
[2026-03-14 23:43:15.680] [info] cycle: [80000]
[2026-03-14 23:43:16.241] [info] HBM2-CH_0: BW utilization 63% (6085 reads, 0 writes)
[2026-03-14 23:43:16.241] [debug] HBM2-CH_1: BW utilization 58% (5600 reads, 0 writes)
[2026-03-14 23:43:16.241] [debug] HBM2-CH_2: BW utilization 58% (5647 reads, 0 writes)
[2026-03-14 23:43:16.241] [debug] HBM2-CH_3: BW utilization 63% (6085 reads, 0 writes)
[2026-03-14 23:43:16.241] [debug] HBM2-CH_4: BW utilization 55% (5365 reads, 0 writes)
[2026-03-14 23:43:16.241] [debug] HBM2-CH_5: BW utilization 64% (6206 reads, 0 writes)
[2026-03-14 23:43:16.241] [debug] HBM2-CH_6: BW utilization 64% (6205 reads, 0 writes)
[2026-03-14 23:43:16.241] [debug] HBM2-CH_7: BW utilization 58% (5593 reads, 0 writes)
[2026-03-14 23:43:16.241] [debug] HBM2-CH_8: BW utilization 60% (5825 reads, 0 writes)
[2026-03-14 23:43:16.241] [debug] HBM2-CH_9: BW utilization 57% (5546 reads, 0 writes)
[2026-03-14 23:43:16.241] [debug] HBM2-CH_10: BW utilization 60% (5797 reads, 0 writes)
[2026-03-14 23:43:16.241] [debug] HBM2-CH_11: BW utilization 57% (5482 reads, 0 writes)
[2026-03-14 23:43:16.241] [debug] HBM2-CH_12: BW utilization 63% (6056 reads, 0 writes)
[2026-03-14 23:43:16.241] [debug] HBM2-CH_13: BW utilization 60% (5808 reads, 0 writes)
[2026-03-14 23:43:16.241] [debug] HBM2-CH_14: BW utilization 60% (5809 reads, 0 writes)
[2026-03-14 23:43:16.241] [debug] HBM2-CH_15: BW utilization 63% (6056 reads, 0 writes)
[2026-03-14 23:43:16.244] [info] Tile  status /m/embedding/Gather, instructions left 1
[2026-03-14 23:43:16.244] [info] Core [0] Tile Stats | Issued: 19 Running: 1 Finished: 18
[2026-03-14 23:43:16.244] [info] cycle: [88000]
[2026-03-14 23:43:16.244] [info] Tile  status /m/embedding/Gather, instructions left 1
[2026-03-14 23:43:16.244] [info] Core [1] Tile Stats | Issued: 19 Running: 1 Finished: 18
[2026-03-14 23:43:16.244] [info] cycle: [88000]
[2026-03-14 23:43:16.244] [info] Tile  status /m/embedding/Gather, instructions left 1
[2026-03-14 23:43:16.244] [info] Tile  status /m/embedding/Gather, instructions left 1
[2026-03-14 23:43:16.244] [info] Core [2] Tile Stats | Issued: 19 Running: 2 Finished: 17
[2026-03-14 23:43:16.244] [info] cycle: [88000]
[2026-03-14 23:43:16.244] [info] Tile  status /m/embedding/Gather, instructions left 1
[2026-03-14 23:43:16.244] [info] Core [3] Tile Stats | Issued: 18 Running: 1 Finished: 17
[2026-03-14 23:43:16.244] [info] cycle: [88000]
[2026-03-14 23:43:16.802] [info] HBM2-CH_0: BW utilization 63% (6085 reads, 0 writes)
[2026-03-14 23:43:16.802] [debug] HBM2-CH_1: BW utilization 58% (5597 reads, 0 writes)
[2026-03-14 23:43:16.802] [debug] HBM2-CH_2: BW utilization 58% (5641 reads, 0 writes)
[2026-03-14 23:43:16.802] [debug] HBM2-CH_3: BW utilization 63% (6085 reads, 0 writes)
[2026-03-14 23:43:16.802] [debug] HBM2-CH_4: BW utilization 55% (5365 reads, 0 writes)
[2026-03-14 23:43:16.802] [debug] HBM2-CH_5: BW utilization 64% (6207 reads, 0 writes)
[2026-03-14 23:43:16.802] [debug] HBM2-CH_6: BW utilization 64% (6207 reads, 0 writes)
[2026-03-14 23:43:16.802] [debug] HBM2-CH_7: BW utilization 58% (5610 reads, 0 writes)
[2026-03-14 23:43:16.802] [debug] HBM2-CH_8: BW utilization 60% (5822 reads, 0 writes)
[2026-03-14 23:43:16.802] [debug] HBM2-CH_9: BW utilization 57% (5547 reads, 0 writes)
[2026-03-14 23:43:16.802] [debug] HBM2-CH_10: BW utilization 60% (5794 reads, 0 writes)
[2026-03-14 23:43:16.802] [debug] HBM2-CH_11: BW utilization 57% (5492 reads, 0 writes)
[2026-03-14 23:43:16.802] [debug] HBM2-CH_12: BW utilization 63% (6066 reads, 0 writes)
[2026-03-14 23:43:16.802] [debug] HBM2-CH_13: BW utilization 60% (5813 reads, 0 writes)
[2026-03-14 23:43:16.802] [debug] HBM2-CH_14: BW utilization 60% (5809 reads, 0 writes)
[2026-03-14 23:43:16.802] [debug] HBM2-CH_15: BW utilization 63% (6066 reads, 0 writes)
[2026-03-14 23:43:16.805] [info] Tile  status /m/embedding/Gather, instructions left 1
[2026-03-14 23:43:16.805] [info] Core [0] Tile Stats | Issued: 19 Running: 1 Finished: 18
[2026-03-14 23:43:16.805] [info] cycle: [96000]
[2026-03-14 23:43:16.805] [info] Tile  status /m/embedding/Gather, instructions left 1
[2026-03-14 23:43:16.805] [info] Core [1] Tile Stats | Issued: 19 Running: 1 Finished: 18
[2026-03-14 23:43:16.805] [info] cycle: [96000]
[2026-03-14 23:43:16.805] [info] Tile  status /m/embedding/Gather, instructions left 1
[2026-03-14 23:43:16.805] [info] Tile  status /m/embedding/Gather, instructions left 1
[2026-03-14 23:43:16.805] [info] Core [2] Tile Stats | Issued: 19 Running: 2 Finished: 17
[2026-03-14 23:43:16.805] [info] cycle: [96000]
[2026-03-14 23:43:16.805] [info] Tile  status /m/embedding/Gather, instructions left 1
[2026-03-14 23:43:16.805] [info] Core [3] Tile Stats | Issued: 18 Running: 1 Finished: 17
[2026-03-14 23:43:16.805] [info] cycle: [96000]
[2026-03-14 23:43:17.357] [info] HBM2-CH_0: BW utilization 63% (6085 reads, 0 writes)
[2026-03-14 23:43:17.357] [debug] HBM2-CH_1: BW utilization 58% (5598 reads, 0 writes)
[2026-03-14 23:43:17.357] [debug] HBM2-CH_2: BW utilization 58% (5653 reads, 0 writes)
[2026-03-14 23:43:17.357] [debug] HBM2-CH_3: BW utilization 63% (6081 reads, 0 writes)
[2026-03-14 23:43:17.357] [debug] HBM2-CH_4: BW utilization 55% (5368 reads, 0 writes)
[2026-03-14 23:43:17.357] [debug] HBM2-CH_5: BW utilization 64% (6208 reads, 0 writes)
[2026-03-14 23:43:17.357] [debug] HBM2-CH_6: BW utilization 64% (6205 reads, 0 writes)
[2026-03-14 23:43:17.357] [debug] HBM2-CH_7: BW utilization 58% (5603 reads, 0 writes)
[2026-03-14 23:43:17.357] [debug] HBM2-CH_8: BW utilization 60% (5825 reads, 0 writes)
[2026-03-14 23:43:17.357] [debug] HBM2-CH_9: BW utilization 57% (5555 reads, 0 writes)
[2026-03-14 23:43:17.357] [debug] HBM2-CH_10: BW utilization 60% (5795 reads, 0 writes)
[2026-03-14 23:43:17.357] [debug] HBM2-CH_11: BW utilization 57% (5479 reads, 0 writes)
[2026-03-14 23:43:17.357] [debug] HBM2-CH_12: BW utilization 63% (6065 reads, 0 writes)
[2026-03-14 23:43:17.357] [debug] HBM2-CH_13: BW utilization 60% (5810 reads, 0 writes)
[2026-03-14 23:43:17.357] [debug] HBM2-CH_14: BW utilization 60% (5811 reads, 0 writes)
[2026-03-14 23:43:17.357] [debug] HBM2-CH_15: BW utilization 63% (6065 reads, 0 writes)
[2026-03-14 23:43:17.359] [info] Tile  status /m/embedding/Gather, instructions left 1
[2026-03-14 23:43:17.359] [info] Core [0] Tile Stats | Issued: 19 Running: 1 Finished: 18
[2026-03-14 23:43:17.359] [info] cycle: [104000]
[2026-03-14 23:43:17.359] [info] Tile  status /m/embedding/Gather, instructions left 1
[2026-03-14 23:43:17.359] [info] Core [1] Tile Stats | Issued: 19 Running: 1 Finished: 18
[2026-03-14 23:43:17.359] [info] cycle: [104000]
[2026-03-14 23:43:17.359] [info] Tile  status /m/embedding/Gather, instructions left 1
[2026-03-14 23:43:17.359] [info] Tile  status /m/embedding/Gather, instructions left 1
[2026-03-14 23:43:17.359] [info] Core [2] Tile Stats | Issued: 19 Running: 2 Finished: 17
[2026-03-14 23:43:17.359] [info] cycle: [104000]
[2026-03-14 23:43:17.359] [info] Tile  status /m/embedding/Gather, instructions left 1
[2026-03-14 23:43:17.359] [info] Core [3] Tile Stats | Issued: 18 Running: 1 Finished: 17
[2026-03-14 23:43:17.359] [info] cycle: [104000]
[2026-03-14 23:43:17.910] [info] HBM2-CH_0: BW utilization 63% (6085 reads, 0 writes)
[2026-03-14 23:43:17.910] [debug] HBM2-CH_1: BW utilization 58% (5598 reads, 0 writes)
[2026-03-14 23:43:17.910] [debug] HBM2-CH_2: BW utilization 58% (5653 reads, 0 writes)
[2026-03-14 23:43:17.910] [debug] HBM2-CH_3: BW utilization 63% (6080 reads, 0 writes)
[2026-03-14 23:43:17.910] [debug] HBM2-CH_4: BW utilization 55% (5363 reads, 0 writes)
[2026-03-14 23:43:17.910] [debug] HBM2-CH_5: BW utilization 64% (6208 reads, 0 writes)
[2026-03-14 23:43:17.910] [debug] HBM2-CH_6: BW utilization 64% (6207 reads, 0 writes)
[2026-03-14 23:43:17.910] [debug] HBM2-CH_7: BW utilization 58% (5601 reads, 0 writes)
[2026-03-14 23:43:17.910] [debug] HBM2-CH_8: BW utilization 60% (5822 reads, 0 writes)
[2026-03-14 23:43:17.910] [debug] HBM2-CH_9: BW utilization 57% (5541 reads, 0 writes)
[2026-03-14 23:43:17.910] [debug] HBM2-CH_10: BW utilization 60% (5796 reads, 0 writes)
[2026-03-14 23:43:17.910] [debug] HBM2-CH_11: BW utilization 57% (5490 reads, 0 writes)
[2026-03-14 23:43:17.910] [debug] HBM2-CH_12: BW utilization 63% (6061 reads, 0 writes)
[2026-03-14 23:43:17.910] [debug] HBM2-CH_13: BW utilization 60% (5807 reads, 0 writes)
[2026-03-14 23:43:17.910] [debug] HBM2-CH_14: BW utilization 60% (5810 reads, 0 writes)
[2026-03-14 23:43:17.910] [debug] HBM2-CH_15: BW utilization 63% (6061 reads, 0 writes)
[2026-03-14 23:43:17.913] [info] Tile  status /m/embedding/Gather, instructions left 1
[2026-03-14 23:43:17.913] [info] Core [0] Tile Stats | Issued: 19 Running: 1 Finished: 18
[2026-03-14 23:43:17.913] [info] cycle: [112000]
[2026-03-14 23:43:17.913] [info] Tile  status /m/embedding/Gather, instructions left 1
[2026-03-14 23:43:17.913] [info] Core [1] Tile Stats | Issued: 19 Running: 1 Finished: 18
[2026-03-14 23:43:17.913] [info] cycle: [112000]
[2026-03-14 23:43:17.913] [info] Tile  status /m/embedding/Gather, instructions left 1
[2026-03-14 23:43:17.913] [info] Tile  status /m/embedding/Gather, instructions left 1
[2026-03-14 23:43:17.913] [info] Core [2] Tile Stats | Issued: 19 Running: 2 Finished: 17
[2026-03-14 23:43:17.913] [info] cycle: [112000]
[2026-03-14 23:43:17.913] [info] Tile  status /m/embedding/Gather, instructions left 1
[2026-03-14 23:43:17.913] [info] Core [3] Tile Stats | Issued: 18 Running: 1 Finished: 17
[2026-03-14 23:43:17.913] [info] cycle: [112000]
[2026-03-14 23:43:18.509] [info] HBM2-CH_0: BW utilization 63% (6085 reads, 0 writes)
[2026-03-14 23:43:18.509] [debug] HBM2-CH_1: BW utilization 58% (5602 reads, 0 writes)
[2026-03-14 23:43:18.509] [debug] HBM2-CH_2: BW utilization 58% (5640 reads, 0 writes)
[2026-03-14 23:43:18.509] [debug] HBM2-CH_3: BW utilization 63% (6080 reads, 0 writes)
[2026-03-14 23:43:18.509] [debug] HBM2-CH_4: BW utilization 55% (5365 reads, 0 writes)
[2026-03-14 23:43:18.509] [debug] HBM2-CH_5: BW utilization 64% (6208 reads, 0 writes)
[2026-03-14 23:43:18.509] [debug] HBM2-CH_6: BW utilization 64% (6207 reads, 0 writes)
[2026-03-14 23:43:18.509] [debug] HBM2-CH_7: BW utilization 58% (5600 reads, 0 writes)
[2026-03-14 23:43:18.509] [debug] HBM2-CH_8: BW utilization 60% (5825 reads, 0 writes)
[2026-03-14 23:43:18.509] [debug] HBM2-CH_9: BW utilization 57% (5558 reads, 0 writes)
[2026-03-14 23:43:18.509] [debug] HBM2-CH_10: BW utilization 60% (5795 reads, 0 writes)
[2026-03-14 23:43:18.509] [debug] HBM2-CH_11: BW utilization 57% (5484 reads, 0 writes)
[2026-03-14 23:43:18.509] [debug] HBM2-CH_12: BW utilization 63% (6064 reads, 0 writes)
[2026-03-14 23:43:18.509] [debug] HBM2-CH_13: BW utilization 60% (5811 reads, 0 writes)
[2026-03-14 23:43:18.509] [debug] HBM2-CH_14: BW utilization 60% (5809 reads, 0 writes)
[2026-03-14 23:43:18.509] [debug] HBM2-CH_15: BW utilization 63% (6064 reads, 0 writes)
[2026-03-14 23:43:18.512] [info] Tile  status /m/embedding/Gather, instructions left 1
[2026-03-14 23:43:18.512] [info] Core [0] Tile Stats | Issued: 19 Running: 1 Finished: 18
[2026-03-14 23:43:18.512] [info] cycle: [120000]
[2026-03-14 23:43:18.512] [info] Tile  status /m/embedding/Gather, instructions left 1
[2026-03-14 23:43:18.512] [info] Core [1] Tile Stats | Issued: 19 Running: 1 Finished: 18
[2026-03-14 23:43:18.512] [info] cycle: [120000]
[2026-03-14 23:43:18.512] [info] Tile  status /m/embedding/Gather, instructions left 1
[2026-03-14 23:43:18.512] [info] Tile  status /m/embedding/Gather, instructions left 1
[2026-03-14 23:43:18.512] [info] Core [2] Tile Stats | Issued: 19 Running: 2 Finished: 17
[2026-03-14 23:43:18.512] [info] cycle: [120000]
[2026-03-14 23:43:18.512] [info] Tile  status /m/embedding/Gather, instructions left 1
[2026-03-14 23:43:18.512] [info] Core [3] Tile Stats | Issued: 18 Running: 1 Finished: 17
[2026-03-14 23:43:18.512] [info] cycle: [120000]
[2026-03-14 23:43:19.105] [info] HBM2-CH_0: BW utilization 63% (6083 reads, 0 writes)
[2026-03-14 23:43:19.105] [debug] HBM2-CH_1: BW utilization 58% (5598 reads, 0 writes)
[2026-03-14 23:43:19.105] [debug] HBM2-CH_2: BW utilization 58% (5648 reads, 0 writes)
[2026-03-14 23:43:19.105] [debug] HBM2-CH_3: BW utilization 63% (6081 reads, 0 writes)
[2026-03-14 23:43:19.105] [debug] HBM2-CH_4: BW utilization 55% (5367 reads, 0 writes)
[2026-03-14 23:43:19.105] [debug] HBM2-CH_5: BW utilization 64% (6208 reads, 0 writes)
[2026-03-14 23:43:19.105] [debug] HBM2-CH_6: BW utilization 64% (6208 reads, 0 writes)
[2026-03-14 23:43:19.105] [debug] HBM2-CH_7: BW utilization 58% (5606 reads, 0 writes)
[2026-03-14 23:43:19.105] [debug] HBM2-CH_8: BW utilization 60% (5822 reads, 0 writes)
[2026-03-14 23:43:19.105] [debug] HBM2-CH_9: BW utilization 57% (5546 reads, 0 writes)
[2026-03-14 23:43:19.105] [debug] HBM2-CH_10: BW utilization 60% (5807 reads, 0 writes)
[2026-03-14 23:43:19.105] [debug] HBM2-CH_11: BW utilization 57% (5484 reads, 0 writes)
[2026-03-14 23:43:19.105] [debug] HBM2-CH_12: BW utilization 63% (6065 reads, 0 writes)
[2026-03-14 23:43:19.105] [debug] HBM2-CH_13: BW utilization 60% (5812 reads, 0 writes)
[2026-03-14 23:43:19.105] [debug] HBM2-CH_14: BW utilization 60% (5809 reads, 0 writes)
[2026-03-14 23:43:19.105] [debug] HBM2-CH_15: BW utilization 63% (6065 reads, 0 writes)
[2026-03-14 23:43:19.109] [info] Tile  status /m/embedding/Gather, instructions left 1
[2026-03-14 23:43:19.109] [info] Core [0] Tile Stats | Issued: 19 Running: 1 Finished: 18
[2026-03-14 23:43:19.109] [info] cycle: [128000]
[2026-03-14 23:43:19.109] [info] Tile  status /m/embedding/Gather, instructions left 1
[2026-03-14 23:43:19.109] [info] Core [1] Tile Stats | Issued: 19 Running: 1 Finished: 18
[2026-03-14 23:43:19.109] [info] cycle: [128000]
[2026-03-14 23:43:19.109] [info] Tile  status /m/embedding/Gather, instructions left 1
[2026-03-14 23:43:19.109] [info] Tile  status /m/embedding/Gather, instructions left 1
[2026-03-14 23:43:19.109] [info] Core [2] Tile Stats | Issued: 19 Running: 2 Finished: 17
[2026-03-14 23:43:19.109] [info] cycle: [128000]
[2026-03-14 23:43:19.109] [info] Tile  status /m/embedding/Gather, instructions left 1
[2026-03-14 23:43:19.109] [info] Core [3] Tile Stats | Issued: 18 Running: 1 Finished: 17
[2026-03-14 23:43:19.109] [info] cycle: [128000]
[2026-03-14 23:43:19.784] [info] HBM2-CH_0: BW utilization 63% (6080 reads, 0 writes)
[2026-03-14 23:43:19.784] [debug] HBM2-CH_1: BW utilization 58% (5596 reads, 0 writes)
[2026-03-14 23:43:19.784] [debug] HBM2-CH_2: BW utilization 58% (5644 reads, 0 writes)
[2026-03-14 23:43:19.784] [debug] HBM2-CH_3: BW utilization 63% (6084 reads, 0 writes)
[2026-03-14 23:43:19.784] [debug] HBM2-CH_4: BW utilization 55% (5364 reads, 0 writes)
[2026-03-14 23:43:19.784] [debug] HBM2-CH_5: BW utilization 64% (6205 reads, 0 writes)
[2026-03-14 23:43:19.784] [debug] HBM2-CH_6: BW utilization 64% (6208 reads, 0 writes)
[2026-03-14 23:43:19.784] [debug] HBM2-CH_7: BW utilization 58% (5603 reads, 0 writes)
[2026-03-14 23:43:19.784] [debug] HBM2-CH_8: BW utilization 60% (5825 reads, 0 writes)
[2026-03-14 23:43:19.784] [debug] HBM2-CH_9: BW utilization 57% (5553 reads, 0 writes)
[2026-03-14 23:43:19.784] [debug] HBM2-CH_10: BW utilization 60% (5796 reads, 0 writes)
[2026-03-14 23:43:19.784] [debug] HBM2-CH_11: BW utilization 57% (5489 reads, 0 writes)
[2026-03-14 23:43:19.784] [debug] HBM2-CH_12: BW utilization 63% (6060 reads, 0 writes)
[2026-03-14 23:43:19.784] [debug] HBM2-CH_13: BW utilization 60% (5810 reads, 0 writes)
[2026-03-14 23:43:19.784] [debug] HBM2-CH_14: BW utilization 60% (5813 reads, 0 writes)
[2026-03-14 23:43:19.784] [debug] HBM2-CH_15: BW utilization 63% (6060 reads, 0 writes)
[2026-03-14 23:43:19.788] [info] Tile  status /m/embedding/Gather, instructions left 1
[2026-03-14 23:43:19.794] [info] Core [0] Tile Stats | Issued: 19 Running: 1 Finished: 18
[2026-03-14 23:43:19.794] [info] cycle: [136000]
[2026-03-14 23:43:19.794] [info] Tile  status /m/embedding/Gather, instructions left 1
[2026-03-14 23:43:19.794] [info] Core [1] Tile Stats | Issued: 19 Running: 1 Finished: 18
[2026-03-14 23:43:19.794] [info] cycle: [136000]
[2026-03-14 23:43:19.794] [info] Tile  status /m/embedding/Gather, instructions left 1
[2026-03-14 23:43:19.794] [info] Tile  status /m/embedding/Gather, instructions left 1
[2026-03-14 23:43:19.794] [info] Core [2] Tile Stats | Issued: 19 Running: 2 Finished: 17
[2026-03-14 23:43:19.794] [info] cycle: [136000]
[2026-03-14 23:43:19.794] [info] Tile  status /m/embedding/Gather, instructions left 1
[2026-03-14 23:43:19.794] [info] Core [3] Tile Stats | Issued: 18 Running: 1 Finished: 17
[2026-03-14 23:43:19.794] [info] cycle: [136000]
[2026-03-14 23:43:20.438] [info] HBM2-CH_0: BW utilization 63% (6080 reads, 0 writes)
[2026-03-14 23:43:20.438] [debug] HBM2-CH_1: BW utilization 58% (5597 reads, 0 writes)
[2026-03-14 23:43:20.438] [debug] HBM2-CH_2: BW utilization 58% (5651 reads, 0 writes)
[2026-03-14 23:43:20.438] [debug] HBM2-CH_3: BW utilization 63% (6085 reads, 0 writes)
[2026-03-14 23:43:20.438] [debug] HBM2-CH_4: BW utilization 55% (5369 reads, 0 writes)
[2026-03-14 23:43:20.438] [debug] HBM2-CH_5: BW utilization 64% (6206 reads, 0 writes)
[2026-03-14 23:43:20.438] [debug] HBM2-CH_6: BW utilization 64% (6208 reads, 0 writes)
[2026-03-14 23:43:20.438] [debug] HBM2-CH_7: BW utilization 58% (5594 reads, 0 writes)
[2026-03-14 23:43:20.438] [debug] HBM2-CH_8: BW utilization 60% (5822 reads, 0 writes)
[2026-03-14 23:43:20.438] [debug] HBM2-CH_9: BW utilization 57% (5546 reads, 0 writes)
[2026-03-14 23:43:20.438] [debug] HBM2-CH_10: BW utilization 60% (5790 reads, 0 writes)
[2026-03-14 23:43:20.438] [debug] HBM2-CH_11: BW utilization 57% (5482 reads, 0 writes)
[2026-03-14 23:43:20.438] [debug] HBM2-CH_12: BW utilization 63% (6067 reads, 0 writes)
[2026-03-14 23:43:20.438] [debug] HBM2-CH_13: BW utilization 60% (5808 reads, 0 writes)
[2026-03-14 23:43:20.438] [debug] HBM2-CH_14: BW utilization 60% (5810 reads, 0 writes)
[2026-03-14 23:43:20.438] [debug] HBM2-CH_15: BW utilization 63% (6067 reads, 0 writes)
[2026-03-14 23:43:20.442] [info] Tile  status /m/embedding/Gather, instructions left 1
[2026-03-14 23:43:20.442] [info] Core [0] Tile Stats | Issued: 19 Running: 1 Finished: 18
[2026-03-14 23:43:20.442] [info] cycle: [144000]
[2026-03-14 23:43:20.442] [info] Tile  status /m/embedding/Gather, instructions left 1
[2026-03-14 23:43:20.442] [info] Core [1] Tile Stats | Issued: 19 Running: 1 Finished: 18
[2026-03-14 23:43:20.442] [info] cycle: [144000]
[2026-03-14 23:43:20.442] [info] Tile  status /m/embedding/Gather, instructions left 1
[2026-03-14 23:43:20.442] [info] Tile  status /m/embedding/Gather, instructions left 1
[2026-03-14 23:43:20.442] [info] Core [2] Tile Stats | Issued: 19 Running: 2 Finished: 17
[2026-03-14 23:43:20.442] [info] cycle: [144000]
[2026-03-14 23:43:20.442] [info] Tile  status /m/embedding/Gather, instructions left 1
[2026-03-14 23:43:20.442] [info] Core [3] Tile Stats | Issued: 18 Running: 1 Finished: 17
[2026-03-14 23:43:20.442] [info] cycle: [144000]
[2026-03-14 23:43:21.043] [info] HBM2-CH_0: BW utilization 63% (6080 reads, 0 writes)
[2026-03-14 23:43:21.043] [debug] HBM2-CH_1: BW utilization 58% (5599 reads, 0 writes)
[2026-03-14 23:43:21.043] [debug] HBM2-CH_2: BW utilization 58% (5645 reads, 0 writes)
[2026-03-14 23:43:21.043] [debug] HBM2-CH_3: BW utilization 63% (6085 reads, 0 writes)
[2026-03-14 23:43:21.043] [debug] HBM2-CH_4: BW utilization 55% (5364 reads, 0 writes)
[2026-03-14 23:43:21.043] [debug] HBM2-CH_5: BW utilization 64% (6205 reads, 0 writes)
[2026-03-14 23:43:21.043] [debug] HBM2-CH_6: BW utilization 64% (6207 reads, 0 writes)
[2026-03-14 23:43:21.043] [debug] HBM2-CH_7: BW utilization 58% (5607 reads, 0 writes)
[2026-03-14 23:43:21.043] [debug] HBM2-CH_8: BW utilization 60% (5825 reads, 0 writes)
[2026-03-14 23:43:21.043] [debug] HBM2-CH_9: BW utilization 57% (5545 reads, 0 writes)
[2026-03-14 23:43:21.043] [debug] HBM2-CH_10: BW utilization 60% (5794 reads, 0 writes)
[2026-03-14 23:43:21.043] [debug] HBM2-CH_11: BW utilization 57% (5492 reads, 0 writes)
[2026-03-14 23:43:21.043] [debug] HBM2-CH_12: BW utilization 63% (6057 reads, 0 writes)
[2026-03-14 23:43:21.043] [debug] HBM2-CH_13: BW utilization 60% (5810 reads, 0 writes)
[2026-03-14 23:43:21.043] [debug] HBM2-CH_14: BW utilization 60% (5809 reads, 0 writes)
[2026-03-14 23:43:21.043] [debug] HBM2-CH_15: BW utilization 63% (6057 reads, 0 writes)
[2026-03-14 23:43:21.047] [info] Tile  status /m/embedding/Gather, instructions left 1
[2026-03-14 23:43:21.047] [info] Core [0] Tile Stats | Issued: 19 Running: 1 Finished: 18
[2026-03-14 23:43:21.047] [info] cycle: [152000]
[2026-03-14 23:43:21.047] [info] Tile  status /m/embedding/Gather, instructions left 1
[2026-03-14 23:43:21.047] [info] Core [1] Tile Stats | Issued: 19 Running: 1 Finished: 18
[2026-03-14 23:43:21.047] [info] cycle: [152000]
[2026-03-14 23:43:21.047] [info] Tile  status /m/embedding/Gather, instructions left 1
[2026-03-14 23:43:21.047] [info] Tile  status /m/embedding/Gather, instructions left 1
[2026-03-14 23:43:21.047] [info] Core [2] Tile Stats | Issued: 19 Running: 2 Finished: 17
[2026-03-14 23:43:21.047] [info] cycle: [152000]
[2026-03-14 23:43:21.047] [info] Tile  status /m/embedding/Gather, instructions left 1
[2026-03-14 23:43:21.047] [info] Core [3] Tile Stats | Issued: 18 Running: 1 Finished: 17
[2026-03-14 23:43:21.047] [info] cycle: [152000]
[2026-03-14 23:43:21.754] [info] HBM2-CH_0: BW utilization 63% (6084 reads, 0 writes)
[2026-03-14 23:43:21.754] [debug] HBM2-CH_1: BW utilization 58% (5599 reads, 0 writes)
[2026-03-14 23:43:21.754] [debug] HBM2-CH_2: BW utilization 58% (5644 reads, 0 writes)
[2026-03-14 23:43:21.754] [debug] HBM2-CH_3: BW utilization 63% (6085 reads, 0 writes)
[2026-03-14 23:43:21.754] [debug] HBM2-CH_4: BW utilization 55% (5366 reads, 0 writes)
[2026-03-14 23:43:21.754] [debug] HBM2-CH_5: BW utilization 64% (6205 reads, 0 writes)
[2026-03-14 23:43:21.754] [debug] HBM2-CH_6: BW utilization 64% (6205 reads, 0 writes)
[2026-03-14 23:43:21.754] [debug] HBM2-CH_7: BW utilization 58% (5601 reads, 0 writes)
[2026-03-14 23:43:21.754] [debug] HBM2-CH_8: BW utilization 60% (5822 reads, 0 writes)
[2026-03-14 23:43:21.754] [debug] HBM2-CH_9: BW utilization 57% (5558 reads, 0 writes)
[2026-03-14 23:43:21.754] [debug] HBM2-CH_10: BW utilization 60% (5795 reads, 0 writes)
[2026-03-14 23:43:21.754] [debug] HBM2-CH_11: BW utilization 57% (5479 reads, 0 writes)
[2026-03-14 23:43:21.754] [debug] HBM2-CH_12: BW utilization 63% (6072 reads, 0 writes)
[2026-03-14 23:43:21.754] [debug] HBM2-CH_13: BW utilization 60% (5808 reads, 0 writes)
[2026-03-14 23:43:21.754] [debug] HBM2-CH_14: BW utilization 60% (5809 reads, 0 writes)
[2026-03-14 23:43:21.754] [debug] HBM2-CH_15: BW utilization 63% (6072 reads, 0 writes)
[2026-03-14 23:43:21.761] [info] Tile  status /m/embedding/Gather, instructions left 1
[2026-03-14 23:43:21.761] [info] Core [0] Tile Stats | Issued: 19 Running: 1 Finished: 18
[2026-03-14 23:43:21.761] [info] cycle: [160000]
[2026-03-14 23:43:21.761] [info] Tile  status /m/embedding/Gather, instructions left 1
[2026-03-14 23:43:21.761] [info] Core [1] Tile Stats | Issued: 19 Running: 1 Finished: 18
[2026-03-14 23:43:21.761] [info] cycle: [160000]
[2026-03-14 23:43:21.761] [info] Tile  status /m/embedding/Gather, instructions left 1
[2026-03-14 23:43:21.761] [info] Tile  status /m/embedding/Gather, instructions left 1
[2026-03-14 23:43:21.761] [info] Core [2] Tile Stats | Issued: 19 Running: 2 Finished: 17
[2026-03-14 23:43:21.761] [info] cycle: [160000]
[2026-03-14 23:43:21.761] [info] Tile  status /m/embedding/Gather, instructions left 1
[2026-03-14 23:43:21.761] [info] Core [3] Tile Stats | Issued: 18 Running: 1 Finished: 17
[2026-03-14 23:43:21.761] [info] cycle: [160000]
[2026-03-14 23:43:22.515] [info] HBM2-CH_0: BW utilization 63% (6085 reads, 0 writes)
[2026-03-14 23:43:22.515] [debug] HBM2-CH_1: BW utilization 58% (5605 reads, 0 writes)
[2026-03-14 23:43:22.515] [debug] HBM2-CH_2: BW utilization 58% (5650 reads, 0 writes)
[2026-03-14 23:43:22.515] [debug] HBM2-CH_3: BW utilization 63% (6085 reads, 0 writes)
[2026-03-14 23:43:22.515] [debug] HBM2-CH_4: BW utilization 55% (5370 reads, 0 writes)
[2026-03-14 23:43:22.516] [debug] HBM2-CH_5: BW utilization 64% (6205 reads, 0 writes)
[2026-03-14 23:43:22.516] [debug] HBM2-CH_6: BW utilization 64% (6206 reads, 0 writes)
[2026-03-14 23:43:22.516] [debug] HBM2-CH_7: BW utilization 58% (5608 reads, 0 writes)
[2026-03-14 23:43:22.516] [debug] HBM2-CH_8: BW utilization 60% (5825 reads, 0 writes)
[2026-03-14 23:43:22.516] [debug] HBM2-CH_9: BW utilization 57% (5544 reads, 0 writes)
[2026-03-14 23:43:22.516] [debug] HBM2-CH_10: BW utilization 60% (5800 reads, 0 writes)
[2026-03-14 23:43:22.516] [debug] HBM2-CH_11: BW utilization 57% (5490 reads, 0 writes)
[2026-03-14 23:43:22.516] [debug] HBM2-CH_12: BW utilization 63% (6055 reads, 0 writes)
[2026-03-14 23:43:22.516] [debug] HBM2-CH_13: BW utilization 60% (5812 reads, 0 writes)
[2026-03-14 23:43:22.516] [debug] HBM2-CH_14: BW utilization 60% (5811 reads, 0 writes)
[2026-03-14 23:43:22.516] [debug] HBM2-CH_15: BW utilization 63% (6055 reads, 0 writes)
[2026-03-14 23:43:22.521] [info] Tile  status /m/embedding/Gather, instructions left 1
[2026-03-14 23:43:22.521] [info] Core [0] Tile Stats | Issued: 19 Running: 1 Finished: 18
[2026-03-14 23:43:22.521] [info] cycle: [168000]
[2026-03-14 23:43:22.521] [info] Tile  status /m/embedding/Gather, instructions left 1
[2026-03-14 23:43:22.521] [info] Core [1] Tile Stats | Issued: 19 Running: 1 Finished: 18
[2026-03-14 23:43:22.521] [info] cycle: [168000]
[2026-03-14 23:43:22.521] [info] Tile  status /m/embedding/Gather, instructions left 1
[2026-03-14 23:43:22.521] [info] Tile  status /m/embedding/Gather, instructions left 1
[2026-03-14 23:43:22.521] [info] Core [2] Tile Stats | Issued: 19 Running: 2 Finished: 17
[2026-03-14 23:43:22.521] [info] cycle: [168000]
[2026-03-14 23:43:22.521] [info] Tile  status /m/embedding/Gather, instructions left 1
[2026-03-14 23:43:22.521] [info] Core [3] Tile Stats | Issued: 18 Running: 1 Finished: 17
[2026-03-14 23:43:22.521] [info] cycle: [168000]
[2026-03-14 23:43:23.135] [info] HBM2-CH_0: BW utilization 63% (6085 reads, 0 writes)
[2026-03-14 23:43:23.135] [debug] HBM2-CH_1: BW utilization 58% (5593 reads, 0 writes)
[2026-03-14 23:43:23.135] [debug] HBM2-CH_2: BW utilization 58% (5647 reads, 0 writes)
[2026-03-14 23:43:23.135] [debug] HBM2-CH_3: BW utilization 63% (6085 reads, 0 writes)
[2026-03-14 23:43:23.135] [debug] HBM2-CH_4: BW utilization 55% (5358 reads, 0 writes)
[2026-03-14 23:43:23.135] [debug] HBM2-CH_5: BW utilization 65% (6275 reads, 0 writes)
[2026-03-14 23:43:23.135] [debug] HBM2-CH_6: BW utilization 65% (6264 reads, 0 writes)
[2026-03-14 23:43:23.135] [debug] HBM2-CH_7: BW utilization 58% (5590 reads, 0 writes)
[2026-03-14 23:43:23.135] [debug] HBM2-CH_8: BW utilization 60% (5822 reads, 0 writes)
[2026-03-14 23:43:23.135] [debug] HBM2-CH_9: BW utilization 57% (5553 reads, 0 writes)
[2026-03-14 23:43:23.135] [debug] HBM2-CH_10: BW utilization 60% (5798 reads, 0 writes)
[2026-03-14 23:43:23.135] [debug] HBM2-CH_11: BW utilization 57% (5484 reads, 0 writes)
[2026-03-14 23:43:23.135] [debug] HBM2-CH_12: BW utilization 63% (6070 reads, 0 writes)
[2026-03-14 23:43:23.135] [debug] HBM2-CH_13: BW utilization 60% (5813 reads, 0 writes)
[2026-03-14 23:43:23.135] [debug] HBM2-CH_14: BW utilization 60% (5814 reads, 0 writes)
[2026-03-14 23:43:23.135] [debug] HBM2-CH_15: BW utilization 63% (6070 reads, 0 writes)
[2026-03-14 23:43:23.140] [info] Tile  status /m/embedding/Gather, instructions left 1
[2026-03-14 23:43:23.140] [info] Core [0] Tile Stats | Issued: 19 Running: 1 Finished: 18
[2026-03-14 23:43:23.140] [info] cycle: [176000]
[2026-03-14 23:43:23.140] [info] Tile  status /m/embedding/Gather, instructions left 1
[2026-03-14 23:43:23.140] [info] Core [1] Tile Stats | Issued: 19 Running: 1 Finished: 18
[2026-03-14 23:43:23.140] [info] cycle: [176000]
[2026-03-14 23:43:23.140] [info] Tile  status /m/embedding/Gather, instructions left 1
[2026-03-14 23:43:23.140] [info] Tile  status /m/embedding/Gather, instructions left 1
[2026-03-14 23:43:23.140] [info] Core [2] Tile Stats | Issued: 19 Running: 2 Finished: 17
[2026-03-14 23:43:23.140] [info] cycle: [176000]
[2026-03-14 23:43:23.140] [info] Tile  status /m/embedding/Gather, instructions left 1
[2026-03-14 23:43:23.140] [info] Core [3] Tile Stats | Issued: 18 Running: 1 Finished: 17
[2026-03-14 23:43:23.140] [info] cycle: [176000]
[2026-03-14 23:43:23.903] [info] HBM2-CH_0: BW utilization 78% (7543 reads, 0 writes)
[2026-03-14 23:43:23.903] [debug] HBM2-CH_1: BW utilization 58% (5600 reads, 0 writes)
[2026-03-14 23:43:23.903] [debug] HBM2-CH_2: BW utilization 58% (5643 reads, 0 writes)
[2026-03-14 23:43:23.903] [debug] HBM2-CH_3: BW utilization 78% (7526 reads, 0 writes)
[2026-03-14 23:43:23.903] [debug] HBM2-CH_4: BW utilization 55% (5369 reads, 0 writes)
[2026-03-14 23:43:23.903] [debug] HBM2-CH_5: BW utilization 86% (8278 reads, 0 writes)
[2026-03-14 23:43:23.903] [debug] HBM2-CH_6: BW utilization 86% (8279 reads, 0 writes)
[2026-03-14 23:43:23.903] [debug] HBM2-CH_7: BW utilization 58% (5616 reads, 0 writes)
[2026-03-14 23:43:23.903] [debug] HBM2-CH_8: BW utilization 60% (5825 reads, 0 writes)
[2026-03-14 23:43:23.903] [debug] HBM2-CH_9: BW utilization 57% (5546 reads, 0 writes)
[2026-03-14 23:43:23.903] [debug] HBM2-CH_10: BW utilization 60% (5794 reads, 0 writes)
[2026-03-14 23:43:23.903] [debug] HBM2-CH_11: BW utilization 57% (5484 reads, 0 writes)
[2026-03-14 23:43:23.903] [debug] HBM2-CH_12: BW utilization 76% (7373 reads, 0 writes)
[2026-03-14 23:43:23.903] [debug] HBM2-CH_13: BW utilization 60% (5810 reads, 0 writes)
[2026-03-14 23:43:23.903] [debug] HBM2-CH_14: BW utilization 60% (5809 reads, 0 writes)
[2026-03-14 23:43:23.903] [debug] HBM2-CH_15: BW utilization 76% (7374 reads, 0 writes)
[2026-03-14 23:43:23.911] [info] Tile  status /m/embedding/Gather, instructions left 1
[2026-03-14 23:43:23.911] [info] Core [0] Tile Stats | Issued: 19 Running: 1 Finished: 18
[2026-03-14 23:43:23.911] [info] cycle: [184000]
[2026-03-14 23:43:23.911] [info] Tile  status /m/embedding/Gather, instructions left 1
[2026-03-14 23:43:23.911] [info] Core [1] Tile Stats | Issued: 19 Running: 1 Finished: 18
[2026-03-14 23:43:23.911] [info] cycle: [184000]
[2026-03-14 23:43:23.911] [info] Tile  status /m/embedding/Gather, instructions left 1
[2026-03-14 23:43:23.911] [info] Tile  status /m/embedding/Gather, instructions left 1
[2026-03-14 23:43:23.911] [info] Core [2] Tile Stats | Issued: 19 Running: 2 Finished: 17
[2026-03-14 23:43:23.911] [info] cycle: [184000]
[2026-03-14 23:43:23.911] [info] Tile  status /m/embedding/Gather, instructions left 1
[2026-03-14 23:43:23.911] [info] Core [3] Tile Stats | Issued: 18 Running: 1 Finished: 17
[2026-03-14 23:43:23.911] [info] cycle: [184000]
[2026-03-14 23:43:24.632] [info] HBM2-CH_0: BW utilization 83% (7998 reads, 0 writes)
[2026-03-14 23:43:24.632] [debug] HBM2-CH_1: BW utilization 58% (5596 reads, 0 writes)
[2026-03-14 23:43:24.632] [debug] HBM2-CH_2: BW utilization 58% (5652 reads, 0 writes)
[2026-03-14 23:43:24.632] [debug] HBM2-CH_3: BW utilization 83% (8000 reads, 0 writes)
[2026-03-14 23:43:24.632] [debug] HBM2-CH_4: BW utilization 55% (5367 reads, 0 writes)
[2026-03-14 23:43:24.632] [debug] HBM2-CH_5: BW utilization 83% (7995 reads, 0 writes)
[2026-03-14 23:43:24.632] [debug] HBM2-CH_6: BW utilization 83% (7997 reads, 0 writes)
[2026-03-14 23:43:24.632] [debug] HBM2-CH_7: BW utilization 58% (5597 reads, 0 writes)
[2026-03-14 23:43:24.632] [debug] HBM2-CH_8: BW utilization 77% (7436 reads, 0 writes)
[2026-03-14 23:43:24.632] [debug] HBM2-CH_9: BW utilization 57% (5551 reads, 0 writes)
[2026-03-14 23:43:24.632] [debug] HBM2-CH_10: BW utilization 75% (7261 reads, 0 writes)
[2026-03-14 23:43:24.632] [debug] HBM2-CH_11: BW utilization 57% (5489 reads, 0 writes)
[2026-03-14 23:43:24.632] [debug] HBM2-CH_12: BW utilization 83% (8013 reads, 0 writes)
[2026-03-14 23:43:24.632] [debug] HBM2-CH_13: BW utilization 76% (7328 reads, 0 writes)
[2026-03-14 23:43:24.632] [debug] HBM2-CH_14: BW utilization 76% (7344 reads, 0 writes)
[2026-03-14 23:43:24.632] [debug] HBM2-CH_15: BW utilization 83% (8009 reads, 0 writes)
[2026-03-14 23:43:24.640] [info] Tile  status /m/embedding/Gather, instructions left 1
[2026-03-14 23:43:24.640] [info] Core [0] Tile Stats | Issued: 19 Running: 1 Finished: 18
[2026-03-14 23:43:24.640] [info] cycle: [192000]
[2026-03-14 23:43:24.640] [info] Tile  status /m/embedding/Gather, instructions left 1
[2026-03-14 23:43:24.640] [info] Core [1] Tile Stats | Issued: 19 Running: 1 Finished: 18
[2026-03-14 23:43:24.640] [info] cycle: [192000]
[2026-03-14 23:43:24.640] [info] Tile  status /m/embedding/Gather, instructions left 1
[2026-03-14 23:43:24.640] [info] Tile  status /m/embedding/Gather, instructions left 1
[2026-03-14 23:43:24.640] [info] Core [2] Tile Stats | Issued: 19 Running: 2 Finished: 17
[2026-03-14 23:43:24.640] [info] cycle: [192000]
[2026-03-14 23:43:24.640] [info] Tile  status /m/embedding/Gather, instructions left 1
[2026-03-14 23:43:24.640] [info] Core [3] Tile Stats | Issued: 18 Running: 1 Finished: 17
[2026-03-14 23:43:24.640] [info] cycle: [192000]
[2026-03-14 23:43:25.295] [info] HBM2-CH_0: BW utilization 69% (6649 reads, 1 writes)
[2026-03-14 23:43:25.295] [debug] HBM2-CH_1: BW utilization 78% (7545 reads, 0 writes)
[2026-03-14 23:43:25.295] [debug] HBM2-CH_2: BW utilization 84% (8126 reads, 0 writes)
[2026-03-14 23:43:25.295] [debug] HBM2-CH_3: BW utilization 69% (6680 reads, 0 writes)
[2026-03-14 23:43:25.295] [debug] HBM2-CH_4: BW utilization 55% (5363 reads, 0 writes)
[2026-03-14 23:43:25.295] [debug] HBM2-CH_5: BW utilization 34% (3276 reads, 0 writes)
[2026-03-14 23:43:25.295] [debug] HBM2-CH_6: BW utilization 34% (3276 reads, 0 writes)
[2026-03-14 23:43:25.295] [debug] HBM2-CH_7: BW utilization 78% (7520 reads, 0 writes)
[2026-03-14 23:43:25.295] [debug] HBM2-CH_8: BW utilization 83% (8050 reads, 0 writes)
[2026-03-14 23:43:25.295] [debug] HBM2-CH_9: BW utilization 72% (6975 reads, 0 writes)
[2026-03-14 23:43:25.295] [debug] HBM2-CH_10: BW utilization 83% (8014 reads, 0 writes)
[2026-03-14 23:43:25.295] [debug] HBM2-CH_11: BW utilization 64% (6238 reads, 0 writes)
[2026-03-14 23:43:25.295] [debug] HBM2-CH_12: BW utilization 75% (7236 reads, 0 writes)
[2026-03-14 23:43:25.295] [debug] HBM2-CH_13: BW utilization 83% (8044 reads, 0 writes)
[2026-03-14 23:43:25.295] [debug] HBM2-CH_14: BW utilization 83% (8030 reads, 0 writes)
[2026-03-14 23:43:25.295] [debug] HBM2-CH_15: BW utilization 75% (7239 reads, 0 writes)
[2026-03-14 23:43:25.301] [info] Tile  status /m/embedding/Gather, instructions left 1
[2026-03-14 23:43:25.305] [info] Core [0] Tile Stats | Issued: 19 Running: 1 Finished: 18
[2026-03-14 23:43:25.305] [info] cycle: [200000]
[2026-03-14 23:43:25.305] [info] Tile  status /m/embedding/Gather, instructions left 1
[2026-03-14 23:43:25.305] [info] Core [1] Tile Stats | Issued: 19 Running: 1 Finished: 18
[2026-03-14 23:43:25.305] [info] cycle: [200000]
[2026-03-14 23:43:25.305] [info] Tile  status /m/embedding/Gather, instructions left 1
[2026-03-14 23:43:25.305] [info] Tile  status /m/embedding/Gather, instructions left 1
[2026-03-14 23:43:25.305] [info] Core [2] Tile Stats | Issued: 19 Running: 2 Finished: 17
[2026-03-14 23:43:25.305] [info] cycle: [200000]
[2026-03-14 23:43:25.305] [info] Tile  status /m/embedding/Gather, instructions left 1
[2026-03-14 23:43:25.305] [info] Core [3] Tile Stats | Issued: 18 Running: 1 Finished: 17
[2026-03-14 23:43:25.305] [info] cycle: [200000]
[2026-03-14 23:43:25.442] [debug] Layer 414 Core 0 Finish Tile at 202080 Remain tile 5
[2026-03-14 23:43:25.453] [debug] Layer 414 Core 1 Finish Tile at 202124 Remain tile 4
[2026-03-14 23:43:25.464] [debug] Layer 414 Core 2 Finish Tile at 202163 Remain tile 3
[2026-03-14 23:43:25.473] [debug] Layer 414 Core 3 Finish Tile at 202192 Remain tile 2
[2026-03-14 23:43:25.931] [info] HBM2-CH_0: BW utilization 60% (0 reads, 5793 writes)
[2026-03-14 23:43:25.931] [debug] HBM2-CH_1: BW utilization 84% (8088 reads, 0 writes)
[2026-03-14 23:43:25.931] [debug] HBM2-CH_2: BW utilization 83% (7998 reads, 0 writes)
[2026-03-14 23:43:25.931] [debug] HBM2-CH_3: BW utilization 60% (0 reads, 5794 writes)
[2026-03-14 23:43:25.931] [debug] HBM2-CH_4: BW utilization 78% (7533 reads, 0 writes)
[2026-03-14 23:43:25.931] [debug] HBM2-CH_5: BW utilization 59% (0 reads, 5678 writes)
[2026-03-14 23:43:25.931] [debug] HBM2-CH_6: BW utilization 60% (0 reads, 5794 writes)
[2026-03-14 23:43:25.931] [debug] HBM2-CH_7: BW utilization 84% (8124 reads, 0 writes)
[2026-03-14 23:43:25.931] [debug] HBM2-CH_8: BW utilization 83% (6381 reads, 1618 writes)
[2026-03-14 23:43:25.931] [debug] HBM2-CH_9: BW utilization 84% (8138 reads, 0 writes)
[2026-03-14 23:43:25.931] [debug] HBM2-CH_10: BW utilization 83% (7202 reads, 795 writes)
[2026-03-14 23:43:25.931] [debug] HBM2-CH_11: BW utilization 85% (8173 reads, 0 writes)
[2026-03-14 23:43:25.931] [debug] HBM2-CH_12: BW utilization 60% (0 reads, 5798 writes)
[2026-03-14 23:43:25.931] [debug] HBM2-CH_13: BW utilization 83% (6799 reads, 1192 writes)
[2026-03-14 23:43:25.931] [debug] HBM2-CH_14: BW utilization 83% (6796 reads, 1206 writes)
[2026-03-14 23:43:25.931] [debug] HBM2-CH_15: BW utilization 60% (0 reads, 5801 writes)
[2026-03-14 23:43:25.939] [info] Core [0] Tile Stats | Issued: 19 Running: 0 Finished: 19
[2026-03-14 23:43:25.939] [info] cycle: [208000]
[2026-03-14 23:43:25.939] [info] Core [1] Tile Stats | Issued: 19 Running: 0 Finished: 19
[2026-03-14 23:43:25.939] [info] cycle: [208000]
[2026-03-14 23:43:25.939] [info] Tile  status /m/embedding/Gather, instructions left 1
[2026-03-14 23:43:25.939] [info] Core [2] Tile Stats | Issued: 19 Running: 1 Finished: 18
[2026-03-14 23:43:25.939] [info] cycle: [208000]
[2026-03-14 23:43:25.939] [info] Core [3] Tile Stats | Issued: 18 Running: 0 Finished: 18
[2026-03-14 23:43:25.939] [info] cycle: [208000]
[2026-03-14 23:43:26.615] [info] HBM2-CH_0: BW utilization 83% (0 reads, 7998 writes)
[2026-03-14 23:43:26.615] [debug] HBM2-CH_1: BW utilization 83% (5622 reads, 2393 writes)
[2026-03-14 23:43:26.615] [debug] HBM2-CH_2: BW utilization 81% (4002 reads, 3847 writes)
[2026-03-14 23:43:26.615] [debug] HBM2-CH_3: BW utilization 83% (0 reads, 7993 writes)
[2026-03-14 23:43:26.615] [debug] HBM2-CH_4: BW utilization 83% (8020 reads, 0 writes)
[2026-03-14 23:43:26.615] [debug] HBM2-CH_5: BW utilization 80% (0 reads, 7742 writes)
[2026-03-14 23:43:26.615] [debug] HBM2-CH_6: BW utilization 83% (0 reads, 7993 writes)
[2026-03-14 23:43:26.615] [debug] HBM2-CH_7: BW utilization 83% (5512 reads, 2538 writes)
[2026-03-14 23:43:26.615] [debug] HBM2-CH_8: BW utilization 83% (0 reads, 8000 writes)
[2026-03-14 23:43:26.615] [debug] HBM2-CH_9: BW utilization 83% (7263 reads, 741 writes)
[2026-03-14 23:43:26.615] [debug] HBM2-CH_10: BW utilization 83% (0 reads, 7999 writes)
[2026-03-14 23:43:26.615] [debug] HBM2-CH_11: BW utilization 83% (8002 reads, 0 writes)
[2026-03-14 23:43:26.615] [debug] HBM2-CH_12: BW utilization 83% (0 reads, 7999 writes)
[2026-03-14 23:43:26.615] [debug] HBM2-CH_13: BW utilization 83% (0 reads, 7996 writes)
[2026-03-14 23:43:26.615] [debug] HBM2-CH_14: BW utilization 83% (0 reads, 7997 writes)
[2026-03-14 23:43:26.615] [debug] HBM2-CH_15: BW utilization 83% (0 reads, 7997 writes)
[2026-03-14 23:43:26.621] [info] Core [0] Tile Stats | Issued: 19 Running: 0 Finished: 19
[2026-03-14 23:43:26.621] [info] cycle: [216000]
[2026-03-14 23:43:26.621] [info] Core [1] Tile Stats | Issued: 19 Running: 0 Finished: 19
[2026-03-14 23:43:26.621] [info] cycle: [216000]
[2026-03-14 23:43:26.621] [info] Tile  status /m/embedding/Gather, instructions left 1
[2026-03-14 23:43:26.621] [info] Core [2] Tile Stats | Issued: 19 Running: 1 Finished: 18
[2026-03-14 23:43:26.621] [info] cycle: [216000]
[2026-03-14 23:43:26.621] [info] Core [3] Tile Stats | Issued: 18 Running: 0 Finished: 18
[2026-03-14 23:43:26.621] [info] cycle: [216000]
[2026-03-14 23:43:27.262] [info] HBM2-CH_0: BW utilization 83% (0 reads, 7997 writes)
[2026-03-14 23:43:27.263] [debug] HBM2-CH_1: BW utilization 83% (0 reads, 7994 writes)
[2026-03-14 23:43:27.263] [debug] HBM2-CH_2: BW utilization 80% (0 reads, 7680 writes)
[2026-03-14 23:43:27.263] [debug] HBM2-CH_3: BW utilization 83% (0 reads, 8002 writes)
[2026-03-14 23:43:27.263] [debug] HBM2-CH_4: BW utilization 82% (5709 reads, 2178 writes)
[2026-03-14 23:43:27.263] [debug] HBM2-CH_5: BW utilization 80% (0 reads, 7746 writes)
[2026-03-14 23:43:27.263] [debug] HBM2-CH_6: BW utilization 83% (0 reads, 8002 writes)
[2026-03-14 23:43:27.263] [debug] HBM2-CH_7: BW utilization 83% (0 reads, 8001 writes)
[2026-03-14 23:43:27.263] [debug] HBM2-CH_8: BW utilization 83% (0 reads, 7999 writes)
[2026-03-14 23:43:27.263] [debug] HBM2-CH_9: BW utilization 83% (0 reads, 8014 writes)
[2026-03-14 23:43:27.263] [debug] HBM2-CH_10: BW utilization 83% (0 reads, 8002 writes)
[2026-03-14 23:43:27.263] [debug] HBM2-CH_11: BW utilization 82% (1440 reads, 6457 writes)
[2026-03-14 23:43:27.263] [debug] HBM2-CH_12: BW utilization 83% (0 reads, 7997 writes)
[2026-03-14 23:43:27.263] [debug] HBM2-CH_13: BW utilization 83% (0 reads, 8000 writes)
[2026-03-14 23:43:27.263] [debug] HBM2-CH_14: BW utilization 83% (0 reads, 7993 writes)
[2026-03-14 23:43:27.263] [debug] HBM2-CH_15: BW utilization 83% (0 reads, 7996 writes)
[2026-03-14 23:43:27.269] [info] Core [0] Tile Stats | Issued: 19 Running: 0 Finished: 19
[2026-03-14 23:43:27.269] [info] cycle: [224000]
[2026-03-14 23:43:27.269] [info] Core [1] Tile Stats | Issued: 19 Running: 0 Finished: 19
[2026-03-14 23:43:27.269] [info] cycle: [224000]
[2026-03-14 23:43:27.269] [info] Tile  status /m/embedding/Gather, instructions left 1
[2026-03-14 23:43:27.269] [info] Core [2] Tile Stats | Issued: 19 Running: 1 Finished: 18
[2026-03-14 23:43:27.269] [info] cycle: [224000]
[2026-03-14 23:43:27.269] [info] Core [3] Tile Stats | Issued: 18 Running: 0 Finished: 18
[2026-03-14 23:43:27.269] [info] cycle: [224000]
[2026-03-14 23:43:27.931] [info] HBM2-CH_0: BW utilization 83% (0 reads, 7996 writes)
[2026-03-14 23:43:27.931] [debug] HBM2-CH_1: BW utilization 83% (0 reads, 7997 writes)
[2026-03-14 23:43:27.931] [debug] HBM2-CH_2: BW utilization 80% (0 reads, 7680 writes)
[2026-03-14 23:43:27.931] [debug] HBM2-CH_3: BW utilization 83% (0 reads, 7996 writes)
[2026-03-14 23:43:27.932] [debug] HBM2-CH_4: BW utilization 79% (0 reads, 7589 writes)
[2026-03-14 23:43:27.932] [debug] HBM2-CH_5: BW utilization 80% (0 reads, 7745 writes)
[2026-03-14 23:43:27.932] [debug] HBM2-CH_6: BW utilization 83% (0 reads, 7996 writes)
[2026-03-14 23:43:27.932] [debug] HBM2-CH_7: BW utilization 83% (0 reads, 7997 writes)
[2026-03-14 23:43:27.932] [debug] HBM2-CH_8: BW utilization 83% (0 reads, 8000 writes)
[2026-03-14 23:43:27.932] [debug] HBM2-CH_9: BW utilization 83% (0 reads, 7992 writes)
[2026-03-14 23:43:27.932] [debug] HBM2-CH_10: BW utilization 83% (0 reads, 7993 writes)
[2026-03-14 23:43:27.932] [debug] HBM2-CH_11: BW utilization 82% (0 reads, 7878 writes)
[2026-03-14 23:43:27.932] [debug] HBM2-CH_12: BW utilization 83% (0 reads, 8000 writes)
[2026-03-14 23:43:27.932] [debug] HBM2-CH_13: BW utilization 83% (0 reads, 8000 writes)
[2026-03-14 23:43:27.932] [debug] HBM2-CH_14: BW utilization 83% (0 reads, 7998 writes)
[2026-03-14 23:43:27.932] [debug] HBM2-CH_15: BW utilization 83% (0 reads, 7997 writes)
[2026-03-14 23:43:27.941] [info] Core [0] Tile Stats | Issued: 19 Running: 0 Finished: 19
[2026-03-14 23:43:27.941] [info] cycle: [232000]
[2026-03-14 23:43:27.941] [info] Core [1] Tile Stats | Issued: 19 Running: 0 Finished: 19
[2026-03-14 23:43:27.941] [info] cycle: [232000]
[2026-03-14 23:43:27.941] [info] Tile  status /m/embedding/Gather, instructions left 1
[2026-03-14 23:43:27.941] [info] Core [2] Tile Stats | Issued: 19 Running: 1 Finished: 18
[2026-03-14 23:43:27.941] [info] cycle: [232000]
[2026-03-14 23:43:27.941] [info] Core [3] Tile Stats | Issued: 18 Running: 0 Finished: 18
[2026-03-14 23:43:27.941] [info] cycle: [232000]
[2026-03-14 23:43:28.564] [info] HBM2-CH_0: BW utilization 83% (0 reads, 7996 writes)
[2026-03-14 23:43:28.564] [debug] HBM2-CH_1: BW utilization 83% (0 reads, 7995 writes)
[2026-03-14 23:43:28.564] [debug] HBM2-CH_2: BW utilization 80% (0 reads, 7680 writes)
[2026-03-14 23:43:28.564] [debug] HBM2-CH_3: BW utilization 83% (0 reads, 7997 writes)
[2026-03-14 23:43:28.564] [debug] HBM2-CH_4: BW utilization 78% (0 reads, 7582 writes)
[2026-03-14 23:43:28.564] [debug] HBM2-CH_5: BW utilization 80% (0 reads, 7743 writes)
[2026-03-14 23:43:28.564] [debug] HBM2-CH_6: BW utilization 83% (0 reads, 7997 writes)
[2026-03-14 23:43:28.564] [debug] HBM2-CH_7: BW utilization 83% (0 reads, 7999 writes)
[2026-03-14 23:43:28.564] [debug] HBM2-CH_8: BW utilization 83% (0 reads, 7987 writes)
[2026-03-14 23:43:28.564] [debug] HBM2-CH_9: BW utilization 83% (0 reads, 8002 writes)
[2026-03-14 23:43:28.564] [debug] HBM2-CH_10: BW utilization 83% (0 reads, 7997 writes)
[2026-03-14 23:43:28.564] [debug] HBM2-CH_11: BW utilization 82% (0 reads, 7878 writes)
[2026-03-14 23:43:28.564] [debug] HBM2-CH_12: BW utilization 83% (0 reads, 7996 writes)
[2026-03-14 23:43:28.564] [debug] HBM2-CH_13: BW utilization 83% (0 reads, 7997 writes)
[2026-03-14 23:43:28.564] [debug] HBM2-CH_14: BW utilization 83% (0 reads, 7994 writes)
[2026-03-14 23:43:28.565] [debug] HBM2-CH_15: BW utilization 83% (0 reads, 7999 writes)
[2026-03-14 23:43:28.572] [info] Core [0] Tile Stats | Issued: 19 Running: 0 Finished: 19
[2026-03-14 23:43:28.572] [info] cycle: [240000]
[2026-03-14 23:43:28.572] [info] Core [1] Tile Stats | Issued: 19 Running: 0 Finished: 19
[2026-03-14 23:43:28.572] [info] cycle: [240000]
[2026-03-14 23:43:28.572] [info] Tile  status /m/embedding/Gather, instructions left 1
[2026-03-14 23:43:28.572] [info] Core [2] Tile Stats | Issued: 19 Running: 1 Finished: 18
[2026-03-14 23:43:28.572] [info] cycle: [240000]
[2026-03-14 23:43:28.572] [info] Core [3] Tile Stats | Issued: 18 Running: 0 Finished: 18
[2026-03-14 23:43:28.572] [info] cycle: [240000]
[2026-03-14 23:43:29.139] [info] HBM2-CH_0: BW utilization 83% (0 reads, 7996 writes)
[2026-03-14 23:43:29.139] [debug] HBM2-CH_1: BW utilization 83% (0 reads, 7998 writes)
[2026-03-14 23:43:29.139] [debug] HBM2-CH_2: BW utilization 80% (0 reads, 7680 writes)
[2026-03-14 23:43:29.139] [debug] HBM2-CH_3: BW utilization 83% (0 reads, 7995 writes)
[2026-03-14 23:43:29.139] [debug] HBM2-CH_4: BW utilization 79% (0 reads, 7586 writes)
[2026-03-14 23:43:29.139] [debug] HBM2-CH_5: BW utilization 80% (0 reads, 7746 writes)
[2026-03-14 23:43:29.139] [debug] HBM2-CH_6: BW utilization 83% (0 reads, 7995 writes)
[2026-03-14 23:43:29.139] [debug] HBM2-CH_7: BW utilization 83% (0 reads, 7999 writes)
[2026-03-14 23:43:29.139] [debug] HBM2-CH_8: BW utilization 83% (0 reads, 7999 writes)
[2026-03-14 23:43:29.139] [debug] HBM2-CH_9: BW utilization 83% (0 reads, 7995 writes)
[2026-03-14 23:43:29.139] [debug] HBM2-CH_10: BW utilization 83% (0 reads, 7998 writes)
[2026-03-14 23:43:29.139] [debug] HBM2-CH_11: BW utilization 82% (0 reads, 7877 writes)
[2026-03-14 23:43:29.140] [debug] HBM2-CH_12: BW utilization 83% (0 reads, 7995 writes)
[2026-03-14 23:43:29.140] [debug] HBM2-CH_13: BW utilization 83% (0 reads, 8001 writes)
[2026-03-14 23:43:29.140] [debug] HBM2-CH_14: BW utilization 83% (0 reads, 8000 writes)
[2026-03-14 23:43:29.140] [debug] HBM2-CH_15: BW utilization 83% (0 reads, 7997 writes)
[2026-03-14 23:43:29.147] [info] Core [0] Tile Stats | Issued: 19 Running: 0 Finished: 19
[2026-03-14 23:43:29.147] [info] cycle: [248000]
[2026-03-14 23:43:29.147] [info] Core [1] Tile Stats | Issued: 19 Running: 0 Finished: 19
[2026-03-14 23:43:29.147] [info] cycle: [248000]
[2026-03-14 23:43:29.147] [info] Tile  status /m/embedding/Gather, instructions left 1
[2026-03-14 23:43:29.147] [info] Core [2] Tile Stats | Issued: 19 Running: 1 Finished: 18
[2026-03-14 23:43:29.147] [info] cycle: [248000]
[2026-03-14 23:43:29.147] [info] Core [3] Tile Stats | Issued: 18 Running: 0 Finished: 18
[2026-03-14 23:43:29.147] [info] cycle: [248000]
[2026-03-14 23:43:29.713] [info] HBM2-CH_0: BW utilization 83% (0 reads, 7996 writes)
[2026-03-14 23:43:29.713] [debug] HBM2-CH_1: BW utilization 83% (0 reads, 7995 writes)
[2026-03-14 23:43:29.713] [debug] HBM2-CH_2: BW utilization 80% (0 reads, 7680 writes)
[2026-03-14 23:43:29.713] [debug] HBM2-CH_3: BW utilization 83% (0 reads, 7999 writes)
[2026-03-14 23:43:29.713] [debug] HBM2-CH_4: BW utilization 79% (0 reads, 7585 writes)
[2026-03-14 23:43:29.713] [debug] HBM2-CH_5: BW utilization 80% (0 reads, 7744 writes)
[2026-03-14 23:43:29.713] [debug] HBM2-CH_6: BW utilization 83% (0 reads, 7999 writes)
[2026-03-14 23:43:29.713] [debug] HBM2-CH_7: BW utilization 83% (0 reads, 7997 writes)
[2026-03-14 23:43:29.713] [debug] HBM2-CH_8: BW utilization 83% (0 reads, 8000 writes)
[2026-03-14 23:43:29.713] [debug] HBM2-CH_9: BW utilization 83% (0 reads, 7996 writes)
[2026-03-14 23:43:29.713] [debug] HBM2-CH_10: BW utilization 83% (0 reads, 7996 writes)
[2026-03-14 23:43:29.713] [debug] HBM2-CH_11: BW utilization 82% (0 reads, 7876 writes)
[2026-03-14 23:43:29.713] [debug] HBM2-CH_12: BW utilization 83% (0 reads, 7996 writes)
[2026-03-14 23:43:29.713] [debug] HBM2-CH_13: BW utilization 83% (0 reads, 7994 writes)
[2026-03-14 23:43:29.713] [debug] HBM2-CH_14: BW utilization 83% (0 reads, 7997 writes)
[2026-03-14 23:43:29.713] [debug] HBM2-CH_15: BW utilization 83% (0 reads, 7996 writes)
[2026-03-14 23:43:29.720] [info] Core [0] Tile Stats | Issued: 19 Running: 0 Finished: 19
[2026-03-14 23:43:29.720] [info] cycle: [256000]
[2026-03-14 23:43:29.720] [info] Core [1] Tile Stats | Issued: 19 Running: 0 Finished: 19
[2026-03-14 23:43:29.720] [info] cycle: [256000]
[2026-03-14 23:43:29.720] [info] Tile  status /m/embedding/Gather, instructions left 1
[2026-03-14 23:43:29.720] [info] Core [2] Tile Stats | Issued: 19 Running: 1 Finished: 18
[2026-03-14 23:43:29.720] [info] cycle: [256000]
[2026-03-14 23:43:29.720] [info] Core [3] Tile Stats | Issued: 18 Running: 0 Finished: 18
[2026-03-14 23:43:29.720] [info] cycle: [256000]
[2026-03-14 23:43:30.288] [info] HBM2-CH_0: BW utilization 83% (0 reads, 7996 writes)
[2026-03-14 23:43:30.288] [debug] HBM2-CH_1: BW utilization 83% (0 reads, 7997 writes)
[2026-03-14 23:43:30.288] [debug] HBM2-CH_2: BW utilization 80% (0 reads, 7680 writes)
[2026-03-14 23:43:30.288] [debug] HBM2-CH_3: BW utilization 83% (0 reads, 7993 writes)
[2026-03-14 23:43:30.288] [debug] HBM2-CH_4: BW utilization 78% (0 reads, 7583 writes)
[2026-03-14 23:43:30.288] [debug] HBM2-CH_5: BW utilization 80% (0 reads, 7744 writes)
[2026-03-14 23:43:30.288] [debug] HBM2-CH_6: BW utilization 83% (0 reads, 7993 writes)
[2026-03-14 23:43:30.288] [debug] HBM2-CH_7: BW utilization 83% (0 reads, 7998 writes)
[2026-03-14 23:43:30.288] [debug] HBM2-CH_8: BW utilization 83% (0 reads, 7997 writes)
[2026-03-14 23:43:30.288] [debug] HBM2-CH_9: BW utilization 83% (0 reads, 8001 writes)
[2026-03-14 23:43:30.288] [debug] HBM2-CH_10: BW utilization 83% (0 reads, 7998 writes)
[2026-03-14 23:43:30.288] [debug] HBM2-CH_11: BW utilization 82% (0 reads, 7876 writes)
[2026-03-14 23:43:30.288] [debug] HBM2-CH_12: BW utilization 83% (0 reads, 7997 writes)
[2026-03-14 23:43:30.288] [debug] HBM2-CH_13: BW utilization 83% (0 reads, 8000 writes)
[2026-03-14 23:43:30.288] [debug] HBM2-CH_14: BW utilization 83% (0 reads, 7991 writes)
[2026-03-14 23:43:30.288] [debug] HBM2-CH_15: BW utilization 83% (0 reads, 7996 writes)
[2026-03-14 23:43:30.295] [info] Core [0] Tile Stats | Issued: 19 Running: 0 Finished: 19
[2026-03-14 23:43:30.295] [info] cycle: [264000]
[2026-03-14 23:43:30.295] [info] Core [1] Tile Stats | Issued: 19 Running: 0 Finished: 19
[2026-03-14 23:43:30.295] [info] cycle: [264000]
[2026-03-14 23:43:30.295] [info] Tile  status /m/embedding/Gather, instructions left 1
[2026-03-14 23:43:30.295] [info] Core [2] Tile Stats | Issued: 19 Running: 1 Finished: 18
[2026-03-14 23:43:30.295] [info] cycle: [264000]
[2026-03-14 23:43:30.295] [info] Core [3] Tile Stats | Issued: 18 Running: 0 Finished: 18
[2026-03-14 23:43:30.295] [info] cycle: [264000]
[2026-03-14 23:43:30.853] [info] HBM2-CH_0: BW utilization 83% (0 reads, 7997 writes)
[2026-03-14 23:43:30.853] [debug] HBM2-CH_1: BW utilization 83% (0 reads, 7994 writes)
[2026-03-14 23:43:30.853] [debug] HBM2-CH_2: BW utilization 80% (0 reads, 7680 writes)
[2026-03-14 23:43:30.853] [debug] HBM2-CH_3: BW utilization 83% (0 reads, 8000 writes)
[2026-03-14 23:43:30.853] [debug] HBM2-CH_4: BW utilization 79% (0 reads, 7588 writes)
[2026-03-14 23:43:30.853] [debug] HBM2-CH_5: BW utilization 80% (0 reads, 7746 writes)
[2026-03-14 23:43:30.853] [debug] HBM2-CH_6: BW utilization 83% (0 reads, 8000 writes)
[2026-03-14 23:43:30.853] [debug] HBM2-CH_7: BW utilization 83% (0 reads, 7995 writes)
[2026-03-14 23:43:30.853] [debug] HBM2-CH_8: BW utilization 83% (0 reads, 7991 writes)
[2026-03-14 23:43:30.853] [debug] HBM2-CH_9: BW utilization 83% (0 reads, 7997 writes)
[2026-03-14 23:43:30.853] [debug] HBM2-CH_10: BW utilization 83% (0 reads, 7994 writes)
[2026-03-14 23:43:30.853] [debug] HBM2-CH_11: BW utilization 82% (0 reads, 7876 writes)
[2026-03-14 23:43:30.853] [debug] HBM2-CH_12: BW utilization 83% (0 reads, 7996 writes)
[2026-03-14 23:43:30.853] [debug] HBM2-CH_13: BW utilization 83% (0 reads, 7994 writes)
[2026-03-14 23:43:30.853] [debug] HBM2-CH_14: BW utilization 83% (0 reads, 7999 writes)
[2026-03-14 23:43:30.853] [debug] HBM2-CH_15: BW utilization 83% (0 reads, 7997 writes)
[2026-03-14 23:43:30.861] [info] Core [0] Tile Stats | Issued: 19 Running: 0 Finished: 19
[2026-03-14 23:43:30.861] [info] cycle: [272000]
[2026-03-14 23:43:30.861] [info] Core [1] Tile Stats | Issued: 19 Running: 0 Finished: 19
[2026-03-14 23:43:30.861] [info] cycle: [272000]
[2026-03-14 23:43:30.861] [info] Tile  status /m/embedding/Gather, instructions left 1
[2026-03-14 23:43:30.861] [info] Core [2] Tile Stats | Issued: 19 Running: 1 Finished: 18
[2026-03-14 23:43:30.861] [info] cycle: [272000]
[2026-03-14 23:43:30.861] [info] Core [3] Tile Stats | Issued: 18 Running: 0 Finished: 18
[2026-03-14 23:43:30.861] [info] cycle: [272000]
[2026-03-14 23:43:31.423] [info] HBM2-CH_0: BW utilization 83% (0 reads, 7996 writes)
[2026-03-14 23:43:31.423] [debug] HBM2-CH_1: BW utilization 83% (0 reads, 7999 writes)
[2026-03-14 23:43:31.423] [debug] HBM2-CH_2: BW utilization 80% (0 reads, 7680 writes)
[2026-03-14 23:43:31.423] [debug] HBM2-CH_3: BW utilization 83% (0 reads, 7993 writes)
[2026-03-14 23:43:31.423] [debug] HBM2-CH_4: BW utilization 78% (0 reads, 7582 writes)
[2026-03-14 23:43:31.423] [debug] HBM2-CH_5: BW utilization 80% (0 reads, 7744 writes)
[2026-03-14 23:43:31.423] [debug] HBM2-CH_6: BW utilization 83% (0 reads, 7993 writes)
[2026-03-14 23:43:31.423] [debug] HBM2-CH_7: BW utilization 83% (0 reads, 7997 writes)
[2026-03-14 23:43:31.423] [debug] HBM2-CH_8: BW utilization 83% (0 reads, 8003 writes)
[2026-03-14 23:43:31.423] [debug] HBM2-CH_9: BW utilization 83% (0 reads, 7999 writes)
[2026-03-14 23:43:31.423] [debug] HBM2-CH_10: BW utilization 83% (0 reads, 8000 writes)
[2026-03-14 23:43:31.423] [debug] HBM2-CH_11: BW utilization 82% (0 reads, 7878 writes)
[2026-03-14 23:43:31.423] [debug] HBM2-CH_12: BW utilization 83% (0 reads, 7998 writes)
[2026-03-14 23:43:31.423] [debug] HBM2-CH_13: BW utilization 83% (0 reads, 7999 writes)
[2026-03-14 23:43:31.423] [debug] HBM2-CH_14: BW utilization 83% (0 reads, 7995 writes)
[2026-03-14 23:43:31.423] [debug] HBM2-CH_15: BW utilization 83% (0 reads, 7995 writes)
[2026-03-14 23:43:31.431] [info] Core [0] Tile Stats | Issued: 19 Running: 0 Finished: 19
[2026-03-14 23:43:31.431] [info] cycle: [280000]
[2026-03-14 23:43:31.431] [info] Core [1] Tile Stats | Issued: 19 Running: 0 Finished: 19
[2026-03-14 23:43:31.431] [info] cycle: [280000]
[2026-03-14 23:43:31.431] [info] Tile  status /m/embedding/Gather, instructions left 1
[2026-03-14 23:43:31.431] [info] Core [2] Tile Stats | Issued: 19 Running: 1 Finished: 18
[2026-03-14 23:43:31.431] [info] cycle: [280000]
[2026-03-14 23:43:31.431] [info] Core [3] Tile Stats | Issued: 18 Running: 0 Finished: 18
[2026-03-14 23:43:31.431] [info] cycle: [280000]
[2026-03-14 23:43:31.992] [info] HBM2-CH_0: BW utilization 83% (0 reads, 7996 writes)
[2026-03-14 23:43:31.992] [debug] HBM2-CH_1: BW utilization 83% (0 reads, 7995 writes)
[2026-03-14 23:43:31.992] [debug] HBM2-CH_2: BW utilization 80% (0 reads, 7680 writes)
[2026-03-14 23:43:31.992] [debug] HBM2-CH_3: BW utilization 83% (0 reads, 7996 writes)
[2026-03-14 23:43:31.992] [debug] HBM2-CH_4: BW utilization 79% (0 reads, 7589 writes)
[2026-03-14 23:43:31.993] [debug] HBM2-CH_5: BW utilization 80% (0 reads, 7744 writes)
[2026-03-14 23:43:31.993] [debug] HBM2-CH_6: BW utilization 83% (0 reads, 7996 writes)
[2026-03-14 23:43:31.993] [debug] HBM2-CH_7: BW utilization 83% (0 reads, 7998 writes)
[2026-03-14 23:43:31.993] [debug] HBM2-CH_8: BW utilization 83% (0 reads, 7994 writes)
[2026-03-14 23:43:31.993] [debug] HBM2-CH_9: BW utilization 83% (0 reads, 7994 writes)
[2026-03-14 23:43:31.993] [debug] HBM2-CH_10: BW utilization 83% (0 reads, 7994 writes)
[2026-03-14 23:43:31.993] [debug] HBM2-CH_11: BW utilization 82% (0 reads, 7876 writes)
[2026-03-14 23:43:31.993] [debug] HBM2-CH_12: BW utilization 83% (0 reads, 7996 writes)
[2026-03-14 23:43:31.993] [debug] HBM2-CH_13: BW utilization 83% (0 reads, 7994 writes)
[2026-03-14 23:43:31.993] [debug] HBM2-CH_14: BW utilization 83% (0 reads, 7999 writes)
[2026-03-14 23:43:31.993] [debug] HBM2-CH_15: BW utilization 83% (0 reads, 7997 writes)
[2026-03-14 23:43:32.001] [info] Core [0] Tile Stats | Issued: 19 Running: 0 Finished: 19
[2026-03-14 23:43:32.001] [info] cycle: [288000]
[2026-03-14 23:43:32.001] [info] Core [1] Tile Stats | Issued: 19 Running: 0 Finished: 19
[2026-03-14 23:43:32.001] [info] cycle: [288000]
[2026-03-14 23:43:32.001] [info] Tile  status /m/embedding/Gather, instructions left 1
[2026-03-14 23:43:32.001] [info] Core [2] Tile Stats | Issued: 19 Running: 1 Finished: 18
[2026-03-14 23:43:32.001] [info] cycle: [288000]
[2026-03-14 23:43:32.001] [info] Core [3] Tile Stats | Issued: 18 Running: 0 Finished: 18
[2026-03-14 23:43:32.001] [info] cycle: [288000]
[2026-03-14 23:43:32.569] [info] HBM2-CH_0: BW utilization 83% (0 reads, 7997 writes)
[2026-03-14 23:43:32.569] [debug] HBM2-CH_1: BW utilization 83% (0 reads, 7997 writes)
[2026-03-14 23:43:32.569] [debug] HBM2-CH_2: BW utilization 80% (0 reads, 7680 writes)
[2026-03-14 23:43:32.569] [debug] HBM2-CH_3: BW utilization 83% (0 reads, 8000 writes)
[2026-03-14 23:43:32.569] [debug] HBM2-CH_4: BW utilization 78% (0 reads, 7579 writes)
[2026-03-14 23:43:32.569] [debug] HBM2-CH_5: BW utilization 80% (0 reads, 7746 writes)
[2026-03-14 23:43:32.569] [debug] HBM2-CH_6: BW utilization 83% (0 reads, 8000 writes)
[2026-03-14 23:43:32.569] [debug] HBM2-CH_7: BW utilization 83% (0 reads, 7995 writes)
[2026-03-14 23:43:32.569] [debug] HBM2-CH_8: BW utilization 83% (0 reads, 7995 writes)
[2026-03-14 23:43:32.569] [debug] HBM2-CH_9: BW utilization 83% (0 reads, 7998 writes)
[2026-03-14 23:43:32.569] [debug] HBM2-CH_10: BW utilization 83% (0 reads, 7993 writes)
[2026-03-14 23:43:32.569] [debug] HBM2-CH_11: BW utilization 82% (0 reads, 7876 writes)
[2026-03-14 23:43:32.569] [debug] HBM2-CH_12: BW utilization 83% (0 reads, 7994 writes)
[2026-03-14 23:43:32.569] [debug] HBM2-CH_13: BW utilization 83% (0 reads, 7998 writes)
[2026-03-14 23:43:32.569] [debug] HBM2-CH_14: BW utilization 83% (0 reads, 7995 writes)
[2026-03-14 23:43:32.569] [debug] HBM2-CH_15: BW utilization 83% (0 reads, 7996 writes)
[2026-03-14 23:43:32.578] [info] Core [0] Tile Stats | Issued: 19 Running: 0 Finished: 19
[2026-03-14 23:43:32.578] [info] cycle: [296000]
[2026-03-14 23:43:32.578] [info] Core [1] Tile Stats | Issued: 19 Running: 0 Finished: 19
[2026-03-14 23:43:32.578] [info] cycle: [296000]
[2026-03-14 23:43:32.578] [info] Tile  status /m/embedding/Gather, instructions left 1
[2026-03-14 23:43:32.578] [info] Core [2] Tile Stats | Issued: 19 Running: 1 Finished: 18
[2026-03-14 23:43:32.578] [info] cycle: [296000]
[2026-03-14 23:43:32.578] [info] Core [3] Tile Stats | Issued: 18 Running: 0 Finished: 18
[2026-03-14 23:43:32.578] [info] cycle: [296000]
[2026-03-14 23:43:33.144] [info] HBM2-CH_0: BW utilization 83% (0 reads, 7996 writes)
[2026-03-14 23:43:33.144] [debug] HBM2-CH_1: BW utilization 83% (0 reads, 7994 writes)
[2026-03-14 23:43:33.144] [debug] HBM2-CH_2: BW utilization 80% (0 reads, 7680 writes)
[2026-03-14 23:43:33.144] [debug] HBM2-CH_3: BW utilization 83% (0 reads, 7993 writes)
[2026-03-14 23:43:33.144] [debug] HBM2-CH_4: BW utilization 79% (0 reads, 7592 writes)
[2026-03-14 23:43:33.144] [debug] HBM2-CH_5: BW utilization 80% (0 reads, 7744 writes)
[2026-03-14 23:43:33.144] [debug] HBM2-CH_6: BW utilization 83% (0 reads, 7993 writes)
[2026-03-14 23:43:33.144] [debug] HBM2-CH_7: BW utilization 83% (0 reads, 7996 writes)
[2026-03-14 23:43:33.144] [debug] HBM2-CH_8: BW utilization 83% (0 reads, 8001 writes)
[2026-03-14 23:43:33.144] [debug] HBM2-CH_9: BW utilization 83% (0 reads, 7997 writes)
[2026-03-14 23:43:33.144] [debug] HBM2-CH_10: BW utilization 83% (0 reads, 7999 writes)
[2026-03-14 23:43:33.144] [debug] HBM2-CH_11: BW utilization 82% (0 reads, 7876 writes)
[2026-03-14 23:43:33.144] [debug] HBM2-CH_12: BW utilization 83% (0 reads, 7997 writes)
[2026-03-14 23:43:33.144] [debug] HBM2-CH_13: BW utilization 83% (0 reads, 7994 writes)
[2026-03-14 23:43:33.144] [debug] HBM2-CH_14: BW utilization 83% (0 reads, 7999 writes)
[2026-03-14 23:43:33.144] [debug] HBM2-CH_15: BW utilization 83% (0 reads, 7998 writes)
[2026-03-14 23:43:33.152] [info] Core [0] Tile Stats | Issued: 19 Running: 0 Finished: 19
[2026-03-14 23:43:33.152] [info] cycle: [304000]
[2026-03-14 23:43:33.152] [info] Core [1] Tile Stats | Issued: 19 Running: 0 Finished: 19
[2026-03-14 23:43:33.152] [info] cycle: [304000]
[2026-03-14 23:43:33.152] [info] Tile  status /m/embedding/Gather, instructions left 1
[2026-03-14 23:43:33.152] [info] Core [2] Tile Stats | Issued: 19 Running: 1 Finished: 18
[2026-03-14 23:43:33.152] [info] cycle: [304000]
[2026-03-14 23:43:33.152] [info] Core [3] Tile Stats | Issued: 18 Running: 0 Finished: 18
[2026-03-14 23:43:33.152] [info] cycle: [304000]
[2026-03-14 23:43:33.706] [info] HBM2-CH_0: BW utilization 83% (0 reads, 7997 writes)
[2026-03-14 23:43:33.706] [debug] HBM2-CH_1: BW utilization 83% (0 reads, 7999 writes)
[2026-03-14 23:43:33.706] [debug] HBM2-CH_2: BW utilization 80% (0 reads, 7680 writes)
[2026-03-14 23:43:33.706] [debug] HBM2-CH_3: BW utilization 83% (0 reads, 8000 writes)
[2026-03-14 23:43:33.706] [debug] HBM2-CH_4: BW utilization 78% (0 reads, 7579 writes)
[2026-03-14 23:43:33.706] [debug] HBM2-CH_5: BW utilization 80% (0 reads, 7743 writes)
[2026-03-14 23:43:33.706] [debug] HBM2-CH_6: BW utilization 83% (0 reads, 8000 writes)
[2026-03-14 23:43:33.706] [debug] HBM2-CH_7: BW utilization 83% (0 reads, 7997 writes)
[2026-03-14 23:43:33.706] [debug] HBM2-CH_8: BW utilization 83% (0 reads, 7994 writes)
[2026-03-14 23:43:33.706] [debug] HBM2-CH_9: BW utilization 83% (0 reads, 7999 writes)
[2026-03-14 23:43:33.706] [debug] HBM2-CH_10: BW utilization 83% (0 reads, 7995 writes)
[2026-03-14 23:43:33.706] [debug] HBM2-CH_11: BW utilization 82% (0 reads, 7878 writes)
[2026-03-14 23:43:33.706] [debug] HBM2-CH_12: BW utilization 83% (0 reads, 7997 writes)
[2026-03-14 23:43:33.706] [debug] HBM2-CH_13: BW utilization 83% (0 reads, 7999 writes)
[2026-03-14 23:43:33.706] [debug] HBM2-CH_14: BW utilization 83% (0 reads, 7995 writes)
[2026-03-14 23:43:33.706] [debug] HBM2-CH_15: BW utilization 83% (0 reads, 7998 writes)
[2026-03-14 23:43:33.715] [info] Core [0] Tile Stats | Issued: 19 Running: 0 Finished: 19
[2026-03-14 23:43:33.715] [info] cycle: [312000]
[2026-03-14 23:43:33.715] [info] Core [1] Tile Stats | Issued: 19 Running: 0 Finished: 19
[2026-03-14 23:43:33.715] [info] cycle: [312000]
[2026-03-14 23:43:33.715] [info] Tile  status /m/embedding/Gather, instructions left 1
[2026-03-14 23:43:33.715] [info] Core [2] Tile Stats | Issued: 19 Running: 1 Finished: 18
[2026-03-14 23:43:33.715] [info] cycle: [312000]
[2026-03-14 23:43:33.715] [info] Core [3] Tile Stats | Issued: 18 Running: 0 Finished: 18
[2026-03-14 23:43:33.715] [info] cycle: [312000]
[2026-03-14 23:43:34.360] [info] HBM2-CH_0: BW utilization 83% (0 reads, 7996 writes)
[2026-03-14 23:43:34.360] [debug] HBM2-CH_1: BW utilization 83% (0 reads, 7995 writes)
[2026-03-14 23:43:34.360] [debug] HBM2-CH_2: BW utilization 80% (0 reads, 7680 writes)
[2026-03-14 23:43:34.360] [debug] HBM2-CH_3: BW utilization 83% (0 reads, 7993 writes)
[2026-03-14 23:43:34.360] [debug] HBM2-CH_4: BW utilization 79% (0 reads, 7592 writes)
[2026-03-14 23:43:34.360] [debug] HBM2-CH_5: BW utilization 80% (0 reads, 7747 writes)
[2026-03-14 23:43:34.360] [debug] HBM2-CH_6: BW utilization 83% (0 reads, 7993 writes)
[2026-03-14 23:43:34.360] [debug] HBM2-CH_7: BW utilization 83% (0 reads, 7997 writes)
[2026-03-14 23:43:34.360] [debug] HBM2-CH_8: BW utilization 83% (0 reads, 7996 writes)
[2026-03-14 23:43:34.360] [debug] HBM2-CH_9: BW utilization 83% (0 reads, 7994 writes)
[2026-03-14 23:43:34.360] [debug] HBM2-CH_10: BW utilization 83% (0 reads, 8001 writes)
[2026-03-14 23:43:34.360] [debug] HBM2-CH_11: BW utilization 82% (0 reads, 7878 writes)
[2026-03-14 23:43:34.360] [debug] HBM2-CH_12: BW utilization 83% (0 reads, 7997 writes)
[2026-03-14 23:43:34.360] [debug] HBM2-CH_13: BW utilization 83% (0 reads, 7994 writes)
[2026-03-14 23:43:34.360] [debug] HBM2-CH_14: BW utilization 83% (0 reads, 7999 writes)
[2026-03-14 23:43:34.360] [debug] HBM2-CH_15: BW utilization 83% (0 reads, 7995 writes)
[2026-03-14 23:43:34.369] [info] Core [0] Tile Stats | Issued: 19 Running: 0 Finished: 19
[2026-03-14 23:43:34.369] [info] cycle: [320000]
[2026-03-14 23:43:34.369] [info] Core [1] Tile Stats | Issued: 19 Running: 0 Finished: 19
[2026-03-14 23:43:34.369] [info] cycle: [320000]
[2026-03-14 23:43:34.369] [info] Tile  status /m/embedding/Gather, instructions left 1
[2026-03-14 23:43:34.369] [info] Core [2] Tile Stats | Issued: 19 Running: 1 Finished: 18
[2026-03-14 23:43:34.369] [info] cycle: [320000]
[2026-03-14 23:43:34.369] [info] Core [3] Tile Stats | Issued: 18 Running: 0 Finished: 18
[2026-03-14 23:43:34.369] [info] cycle: [320000]
[2026-03-14 23:43:34.963] [info] HBM2-CH_0: BW utilization 83% (0 reads, 7997 writes)
[2026-03-14 23:43:34.963] [debug] HBM2-CH_1: BW utilization 83% (0 reads, 7999 writes)
[2026-03-14 23:43:34.963] [debug] HBM2-CH_2: BW utilization 80% (0 reads, 7680 writes)
[2026-03-14 23:43:34.963] [debug] HBM2-CH_3: BW utilization 83% (0 reads, 7999 writes)
[2026-03-14 23:43:34.963] [debug] HBM2-CH_4: BW utilization 78% (0 reads, 7577 writes)
[2026-03-14 23:43:34.963] [debug] HBM2-CH_5: BW utilization 80% (0 reads, 7743 writes)
[2026-03-14 23:43:34.963] [debug] HBM2-CH_6: BW utilization 83% (0 reads, 7999 writes)
[2026-03-14 23:43:34.963] [debug] HBM2-CH_7: BW utilization 83% (0 reads, 7995 writes)
[2026-03-14 23:43:34.963] [debug] HBM2-CH_8: BW utilization 83% (0 reads, 7998 writes)
[2026-03-14 23:43:34.963] [debug] HBM2-CH_9: BW utilization 83% (0 reads, 7996 writes)
[2026-03-14 23:43:34.963] [debug] HBM2-CH_10: BW utilization 83% (0 reads, 7994 writes)
[2026-03-14 23:43:34.963] [debug] HBM2-CH_11: BW utilization 82% (0 reads, 7878 writes)
[2026-03-14 23:43:34.963] [debug] HBM2-CH_12: BW utilization 83% (0 reads, 7999 writes)
[2026-03-14 23:43:34.963] [debug] HBM2-CH_13: BW utilization 83% (0 reads, 7997 writes)
[2026-03-14 23:43:34.963] [debug] HBM2-CH_14: BW utilization 83% (0 reads, 7995 writes)
[2026-03-14 23:43:34.963] [debug] HBM2-CH_15: BW utilization 83% (0 reads, 7997 writes)
[2026-03-14 23:43:34.977] [info] Core [0] Tile Stats | Issued: 19 Running: 0 Finished: 19
[2026-03-14 23:43:34.977] [info] cycle: [328000]
[2026-03-14 23:43:34.977] [info] Core [1] Tile Stats | Issued: 19 Running: 0 Finished: 19
[2026-03-14 23:43:34.977] [info] cycle: [328000]
[2026-03-14 23:43:34.977] [info] Tile  status /m/embedding/Gather, instructions left 1
[2026-03-14 23:43:34.978] [info] Core [2] Tile Stats | Issued: 19 Running: 1 Finished: 18
[2026-03-14 23:43:34.978] [info] cycle: [328000]
[2026-03-14 23:43:34.978] [info] Core [3] Tile Stats | Issued: 18 Running: 0 Finished: 18
[2026-03-14 23:43:34.978] [info] cycle: [328000]
[2026-03-14 23:43:35.805] [info] HBM2-CH_0: BW utilization 55% (0 reads, 5332 writes)
[2026-03-14 23:43:35.805] [debug] HBM2-CH_1: BW utilization 83% (0 reads, 7999 writes)
[2026-03-14 23:43:35.805] [debug] HBM2-CH_2: BW utilization 80% (0 reads, 7680 writes)
[2026-03-14 23:43:35.805] [debug] HBM2-CH_3: BW utilization 55% (0 reads, 5329 writes)
[2026-03-14 23:43:35.805] [debug] HBM2-CH_4: BW utilization 79% (0 reads, 7594 writes)
[2026-03-14 23:43:35.805] [debug] HBM2-CH_5: BW utilization 80% (0 reads, 7744 writes)
[2026-03-14 23:43:35.805] [debug] HBM2-CH_6: BW utilization 55% (0 reads, 5329 writes)
[2026-03-14 23:43:35.805] [debug] HBM2-CH_7: BW utilization 83% (0 reads, 7995 writes)
[2026-03-14 23:43:35.805] [debug] HBM2-CH_8: BW utilization 83% (0 reads, 8000 writes)
[2026-03-14 23:43:35.805] [debug] HBM2-CH_9: BW utilization 83% (0 reads, 7998 writes)
[2026-03-14 23:43:35.805] [debug] HBM2-CH_10: BW utilization 83% (0 reads, 7994 writes)
[2026-03-14 23:43:35.805] [debug] HBM2-CH_11: BW utilization 82% (0 reads, 7878 writes)
[2026-03-14 23:43:35.805] [debug] HBM2-CH_12: BW utilization 55% (0 reads, 5320 writes)
[2026-03-14 23:43:35.805] [debug] HBM2-CH_13: BW utilization 83% (0 reads, 7990 writes)
[2026-03-14 23:43:35.805] [debug] HBM2-CH_14: BW utilization 83% (0 reads, 7999 writes)
[2026-03-14 23:43:35.805] [debug] HBM2-CH_15: BW utilization 55% (0 reads, 5320 writes)
[2026-03-14 23:43:35.814] [info] Core [0] Tile Stats | Issued: 19 Running: 0 Finished: 19
[2026-03-14 23:43:35.814] [info] cycle: [336000]
[2026-03-14 23:43:35.814] [info] Core [1] Tile Stats | Issued: 19 Running: 0 Finished: 19
[2026-03-14 23:43:35.814] [info] cycle: [336000]
[2026-03-14 23:43:35.814] [info] Tile  status /m/embedding/Gather, instructions left 1
[2026-03-14 23:43:35.814] [info] Core [2] Tile Stats | Issued: 19 Running: 1 Finished: 18
[2026-03-14 23:43:35.814] [info] cycle: [336000]
[2026-03-14 23:43:35.814] [info] Core [3] Tile Stats | Issued: 18 Running: 0 Finished: 18
[2026-03-14 23:43:35.814] [info] cycle: [336000]
[2026-03-14 23:43:36.251] [info] HBM2-CH_0: BW utilization 0% (0 reads, 0 writes)
[2026-03-14 23:43:36.251] [debug] HBM2-CH_1: BW utilization 83% (0 reads, 7998 writes)
[2026-03-14 23:43:36.251] [debug] HBM2-CH_2: BW utilization 80% (0 reads, 7680 writes)
[2026-03-14 23:43:36.251] [debug] HBM2-CH_3: BW utilization 0% (0 reads, 0 writes)
[2026-03-14 23:43:36.251] [debug] HBM2-CH_4: BW utilization 78% (0 reads, 7577 writes)
[2026-03-14 23:43:36.251] [debug] HBM2-CH_5: BW utilization 15% (0 reads, 1483 writes)
[2026-03-14 23:43:36.251] [debug] HBM2-CH_6: BW utilization 0% (0 reads, 0 writes)
[2026-03-14 23:43:36.251] [debug] HBM2-CH_7: BW utilization 83% (0 reads, 7996 writes)
[2026-03-14 23:43:36.251] [debug] HBM2-CH_8: BW utilization 15% (7 reads, 1500 writes)
[2026-03-14 23:43:36.251] [debug] HBM2-CH_9: BW utilization 83% (0 reads, 7994 writes)
[2026-03-14 23:43:36.251] [debug] HBM2-CH_10: BW utilization 24% (0 reads, 2330 writes)
[2026-03-14 23:43:36.251] [debug] HBM2-CH_11: BW utilization 82% (0 reads, 7877 writes)
[2026-03-14 23:43:36.251] [debug] HBM2-CH_12: BW utilization 0% (0 reads, 0 writes)
[2026-03-14 23:43:36.251] [debug] HBM2-CH_13: BW utilization 20% (0 reads, 1933 writes)
[2026-03-14 23:43:36.251] [debug] HBM2-CH_14: BW utilization 20% (0 reads, 1921 writes)
[2026-03-14 23:43:36.251] [debug] HBM2-CH_15: BW utilization 0% (0 reads, 0 writes)
[2026-03-14 23:43:36.258] [info] Core [0] Tile Stats | Issued: 19 Running: 0 Finished: 19
[2026-03-14 23:43:36.258] [info] cycle: [344000]
[2026-03-14 23:43:36.258] [info] Core [1] Tile Stats | Issued: 19 Running: 0 Finished: 19
[2026-03-14 23:43:36.258] [info] cycle: [344000]
[2026-03-14 23:43:36.258] [info] Tile  status /m/embedding/Gather, instructions left 1
[2026-03-14 23:43:36.258] [info] Core [2] Tile Stats | Issued: 19 Running: 1 Finished: 18
[2026-03-14 23:43:36.258] [info] cycle: [344000]
[2026-03-14 23:43:36.258] [info] Core [3] Tile Stats | Issued: 18 Running: 0 Finished: 18
[2026-03-14 23:43:36.258] [info] cycle: [344000]
[2026-03-14 23:43:36.514] [info] HBM2-CH_0: BW utilization 0% (0 reads, 0 writes)
[2026-03-14 23:43:36.514] [debug] HBM2-CH_1: BW utilization 7% (5 reads, 734 writes)
[2026-03-14 23:43:36.514] [debug] HBM2-CH_2: BW utilization 45% (6 reads, 4345 writes)
[2026-03-14 23:43:36.514] [debug] HBM2-CH_3: BW utilization 0% (0 reads, 0 writes)
[2026-03-14 23:43:36.514] [debug] HBM2-CH_4: BW utilization 79% (0 reads, 7594 writes)
[2026-03-14 23:43:36.514] [debug] HBM2-CH_5: BW utilization 0% (0 reads, 0 writes)
[2026-03-14 23:43:36.514] [debug] HBM2-CH_6: BW utilization 0% (0 reads, 0 writes)
[2026-03-14 23:43:36.514] [debug] HBM2-CH_7: BW utilization 6% (11 reads, 582 writes)
[2026-03-14 23:43:36.514] [debug] HBM2-CH_8: BW utilization 0% (0 reads, 0 writes)
[2026-03-14 23:43:36.514] [debug] HBM2-CH_9: BW utilization 24% (7 reads, 2365 writes)
[2026-03-14 23:43:36.514] [debug] HBM2-CH_10: BW utilization 0% (0 reads, 0 writes)
[2026-03-14 23:43:36.514] [debug] HBM2-CH_11: BW utilization 67% (0 reads, 6459 writes)
[2026-03-14 23:43:36.514] [debug] HBM2-CH_12: BW utilization 0% (0 reads, 0 writes)
[2026-03-14 23:43:36.514] [debug] HBM2-CH_13: BW utilization 0% (0 reads, 0 writes)
[2026-03-14 23:43:36.514] [debug] HBM2-CH_14: BW utilization 0% (0 reads, 0 writes)
[2026-03-14 23:43:36.514] [debug] HBM2-CH_15: BW utilization 0% (0 reads, 0 writes)
[2026-03-14 23:43:36.517] [info] Core [0] Tile Stats | Issued: 19 Running: 0 Finished: 19
[2026-03-14 23:43:36.517] [info] cycle: [352000]
[2026-03-14 23:43:36.517] [info] Core [1] Tile Stats | Issued: 19 Running: 0 Finished: 19
[2026-03-14 23:43:36.517] [info] cycle: [352000]
[2026-03-14 23:43:36.517] [info] Tile  status /m/embedding/Gather, instructions left 1
[2026-03-14 23:43:36.517] [info] Core [2] Tile Stats | Issued: 19 Running: 1 Finished: 18
[2026-03-14 23:43:36.517] [info] cycle: [352000]
[2026-03-14 23:43:36.517] [info] Core [3] Tile Stats | Issued: 18 Running: 0 Finished: 18
[2026-03-14 23:43:36.517] [info] cycle: [352000]
[2026-03-14 23:43:36.707] [debug] Layer 414 Core 2 Finish Tile at 359830 Remain tile 1
[2026-03-14 23:43:36.708] [info] Layer /m/embedding/Gather finish at 359830
[2026-03-14 23:43:36.708] [info] Total compute time 353069
[2026-03-14 23:43:36.708] [info] executable layer count 96
[2026-03-14 23:43:36.708] [info] Start layer /Constant_24
[2026-03-14 23:43:36.708] [debug] Layer /Constant_24 Core 3 Get Tile at 359830
[2026-03-14 23:43:36.709] [info] HBM2-CH_0: BW utilization 0% (0 reads, 4 writes)
[2026-03-14 23:43:36.709] [debug] HBM2-CH_1: BW utilization 0% (0 reads, 7 writes)
[2026-03-14 23:43:36.709] [debug] HBM2-CH_2: BW utilization 0% (0 reads, 7 writes)
[2026-03-14 23:43:36.709] [debug] HBM2-CH_3: BW utilization 0% (0 reads, 7 writes)
[2026-03-14 23:43:36.709] [debug] HBM2-CH_4: BW utilization 78% (6 reads, 7527 writes)
[2026-03-14 23:43:36.709] [debug] HBM2-CH_5: BW utilization 0% (0 reads, 7 writes)
[2026-03-14 23:43:36.709] [debug] HBM2-CH_6: BW utilization 0% (0 reads, 7 writes)
[2026-03-14 23:43:36.709] [debug] HBM2-CH_7: BW utilization 0% (0 reads, 7 writes)
[2026-03-14 23:43:36.709] [debug] HBM2-CH_8: BW utilization 0% (0 reads, 7 writes)
[2026-03-14 23:43:36.709] [debug] HBM2-CH_9: BW utilization 0% (0 reads, 7 writes)
[2026-03-14 23:43:36.709] [debug] HBM2-CH_10: BW utilization 0% (0 reads, 7 writes)
[2026-03-14 23:43:36.709] [debug] HBM2-CH_11: BW utilization 0% (0 reads, 7 writes)
[2026-03-14 23:43:36.709] [debug] HBM2-CH_12: BW utilization 0% (0 reads, 7 writes)
[2026-03-14 23:43:36.709] [debug] HBM2-CH_13: BW utilization 0% (0 reads, 7 writes)
[2026-03-14 23:43:36.709] [debug] HBM2-CH_14: BW utilization 0% (0 reads, 7 writes)
[2026-03-14 23:43:36.709] [debug] HBM2-CH_15: BW utilization 0% (0 reads, 7 writes)
[2026-03-14 23:43:36.709] [debug] Layer 514 Core 3 Finish Tile at 359863 Remain tile 1
[2026-03-14 23:43:36.709] [info] Layer /Constant_24 finish at 359863
[2026-03-14 23:43:36.709] [info] Total compute time 33
[2026-03-14 23:43:36.709] [info] executable layer count 95
[2026-03-14 23:43:36.709] [info] Start layer /Constant_25
[2026-03-14 23:43:36.709] [debug] Layer /Constant_25 Core 0 Get Tile at 359864
[2026-03-14 23:43:36.717] [info] Tile  status /Constant_25, instructions left 1
[2026-03-14 23:43:36.717] [info] Core [0] Tile Stats | Issued: 20 Running: 1 Finished: 19
[2026-03-14 23:43:36.717] [info] cycle: [360000]
[2026-03-14 23:43:36.717] [info] Core [1] Tile Stats | Issued: 19 Running: 0 Finished: 19
[2026-03-14 23:43:36.717] [info] cycle: [360000]
[2026-03-14 23:43:36.717] [info] Core [2] Tile Stats | Issued: 19 Running: 0 Finished: 19
[2026-03-14 23:43:36.717] [info] cycle: [360000]
[2026-03-14 23:43:36.717] [info] Core [3] Tile Stats | Issued: 19 Running: 0 Finished: 19
[2026-03-14 23:43:36.717] [info] cycle: [360000]
[2026-03-14 23:43:37.315] [info] HBM2-CH_0: BW utilization 82% (1 reads, 7959 writes)
[2026-03-14 23:43:37.315] [debug] HBM2-CH_1: BW utilization 82% (0 reads, 7950 writes)
[2026-03-14 23:43:37.315] [debug] HBM2-CH_2: BW utilization 82% (0 reads, 7950 writes)
[2026-03-14 23:43:37.315] [debug] HBM2-CH_3: BW utilization 82% (0 reads, 7950 writes)
[2026-03-14 23:43:37.315] [debug] HBM2-CH_4: BW utilization 82% (0 reads, 7960 writes)
[2026-03-14 23:43:37.315] [debug] HBM2-CH_5: BW utilization 82% (0 reads, 7950 writes)
[2026-03-14 23:43:37.315] [debug] HBM2-CH_6: BW utilization 82% (0 reads, 7950 writes)
[2026-03-14 23:43:37.315] [debug] HBM2-CH_7: BW utilization 82% (0 reads, 7950 writes)
[2026-03-14 23:43:37.315] [debug] HBM2-CH_8: BW utilization 82% (0 reads, 7950 writes)
[2026-03-14 23:43:37.315] [debug] HBM2-CH_9: BW utilization 82% (0 reads, 7950 writes)
[2026-03-14 23:43:37.315] [debug] HBM2-CH_10: BW utilization 82% (0 reads, 7950 writes)
[2026-03-14 23:43:37.315] [debug] HBM2-CH_11: BW utilization 82% (0 reads, 7950 writes)
[2026-03-14 23:43:37.315] [debug] HBM2-CH_12: BW utilization 82% (0 reads, 7950 writes)
[2026-03-14 23:43:37.315] [debug] HBM2-CH_13: BW utilization 82% (0 reads, 7950 writes)
[2026-03-14 23:43:37.315] [debug] HBM2-CH_14: BW utilization 82% (0 reads, 7950 writes)
[2026-03-14 23:43:37.315] [debug] HBM2-CH_15: BW utilization 82% (0 reads, 7950 writes)
[2026-03-14 23:43:37.326] [info] Tile  status /Constant_25, instructions left 1
[2026-03-14 23:43:37.326] [info] Core [0] Tile Stats | Issued: 20 Running: 1 Finished: 19
[2026-03-14 23:43:37.326] [info] cycle: [368000]
[2026-03-14 23:43:37.326] [info] Core [1] Tile Stats | Issued: 19 Running: 0 Finished: 19
[2026-03-14 23:43:37.326] [info] cycle: [368000]
[2026-03-14 23:43:37.326] [info] Core [2] Tile Stats | Issued: 19 Running: 0 Finished: 19
[2026-03-14 23:43:37.326] [info] cycle: [368000]
[2026-03-14 23:43:37.326] [info] Core [3] Tile Stats | Issued: 19 Running: 0 Finished: 19
[2026-03-14 23:43:37.326] [info] cycle: [368000]
[2026-03-14 23:43:37.959] [info] HBM2-CH_0: BW utilization 83% (0 reads, 7997 writes)
[2026-03-14 23:43:37.959] [debug] HBM2-CH_1: BW utilization 83% (0 reads, 8002 writes)
[2026-03-14 23:43:37.959] [debug] HBM2-CH_2: BW utilization 83% (0 reads, 8002 writes)
[2026-03-14 23:43:37.959] [debug] HBM2-CH_3: BW utilization 83% (0 reads, 8002 writes)
[2026-03-14 23:43:37.959] [debug] HBM2-CH_4: BW utilization 83% (0 reads, 7998 writes)
[2026-03-14 23:43:37.959] [debug] HBM2-CH_5: BW utilization 83% (0 reads, 8002 writes)
[2026-03-14 23:43:37.959] [debug] HBM2-CH_6: BW utilization 83% (0 reads, 8002 writes)
[2026-03-14 23:43:37.959] [debug] HBM2-CH_7: BW utilization 83% (0 reads, 8002 writes)
[2026-03-14 23:43:37.959] [debug] HBM2-CH_8: BW utilization 83% (0 reads, 8002 writes)
[2026-03-14 23:43:37.959] [debug] HBM2-CH_9: BW utilization 83% (0 reads, 8002 writes)
[2026-03-14 23:43:37.959] [debug] HBM2-CH_10: BW utilization 83% (0 reads, 8002 writes)
[2026-03-14 23:43:37.959] [debug] HBM2-CH_11: BW utilization 83% (0 reads, 8002 writes)
[2026-03-14 23:43:37.959] [debug] HBM2-CH_12: BW utilization 83% (0 reads, 8002 writes)
[2026-03-14 23:43:37.959] [debug] HBM2-CH_13: BW utilization 83% (0 reads, 8002 writes)
[2026-03-14 23:43:37.959] [debug] HBM2-CH_14: BW utilization 83% (0 reads, 8002 writes)
[2026-03-14 23:43:37.959] [debug] HBM2-CH_15: BW utilization 83% (0 reads, 8002 writes)
[2026-03-14 23:43:37.973] [info] Tile  status /Constant_25, instructions left 1
[2026-03-14 23:43:37.973] [info] Core [0] Tile Stats | Issued: 20 Running: 1 Finished: 19
[2026-03-14 23:43:37.973] [info] cycle: [376000]
[2026-03-14 23:43:37.973] [info] Core [1] Tile Stats | Issued: 19 Running: 0 Finished: 19
[2026-03-14 23:43:37.973] [info] cycle: [376000]
[2026-03-14 23:43:37.973] [info] Core [2] Tile Stats | Issued: 19 Running: 0 Finished: 19
[2026-03-14 23:43:37.973] [info] cycle: [376000]
[2026-03-14 23:43:37.973] [info] Core [3] Tile Stats | Issued: 19 Running: 0 Finished: 19
[2026-03-14 23:43:37.973] [info] cycle: [376000]
[2026-03-14 23:43:38.265] [debug] Layer 518 Core 0 Finish Tile at 379689 Remain tile 1
[2026-03-14 23:43:38.265] [info] Layer /Constant_25 finish at 379689
[2026-03-14 23:43:38.265] [info] Total compute time 19826
[2026-03-14 23:43:38.265] [info] executable layer count 94
[2026-03-14 23:43:38.265] [info] Start layer /Constant_26
[2026-03-14 23:43:38.265] [debug] Layer /Constant_26 Core 1 Get Tile at 379689
[2026-03-14 23:43:38.266] [debug] Layer 522 Core 1 Finish Tile at 379707 Remain tile 1
[2026-03-14 23:43:38.266] [info] Layer /Constant_26 finish at 379707
[2026-03-14 23:43:38.266] [info] Total compute time 18
[2026-03-14 23:43:38.266] [info] executable layer count 93
[2026-03-14 23:43:38.266] [info] Start layer /Constant_27
[2026-03-14 23:43:38.266] [debug] Layer /Constant_27 Core 2 Get Tile at 379707
[2026-03-14 23:43:38.266] [debug] Layer 526 Core 2 Finish Tile at 379725 Remain tile 1
[2026-03-14 23:43:38.266] [info] Layer /Constant_27 finish at 379725
[2026-03-14 23:43:38.266] [info] Total compute time 18
[2026-03-14 23:43:38.266] [info] executable layer count 92
[2026-03-14 23:43:38.266] [info] Start layer /Constant_28
[2026-03-14 23:43:38.266] [debug] Layer /Constant_28 Core 3 Get Tile at 379725
[2026-03-14 23:43:38.266] [debug] Layer 530 Core 3 Finish Tile at 379743 Remain tile 1
[2026-03-14 23:43:38.266] [info] Layer /Constant_28 finish at 379743
[2026-03-14 23:43:38.266] [info] Total compute time 18
[2026-03-14 23:43:38.266] [info] executable layer count 91
[2026-03-14 23:43:38.266] [info] Start layer /Constant_29
[2026-03-14 23:43:38.266] [debug] Layer /Constant_29 Core 0 Get Tile at 379744
[2026-03-14 23:43:38.267] [debug] Layer 534 Core 0 Finish Tile at 379762 Remain tile 1
[2026-03-14 23:43:38.267] [info] Layer /Constant_29 finish at 379762
[2026-03-14 23:43:38.267] [info] Total compute time 19
[2026-03-14 23:43:38.267] [info] executable layer count 90
[2026-03-14 23:43:38.267] [info] Start layer /Constant_30
[2026-03-14 23:43:38.267] [debug] Layer /Constant_30 Core 1 Get Tile at 379762
[2026-03-14 23:43:38.267] [debug] Layer 538 Core 1 Finish Tile at 379782 Remain tile 1
[2026-03-14 23:43:38.267] [info] Layer /Constant_30 finish at 379782
[2026-03-14 23:43:38.267] [info] Total compute time 20
[2026-03-14 23:43:38.267] [info] executable layer count 89
[2026-03-14 23:43:38.267] [info] Start layer /Constant_31
[2026-03-14 23:43:38.267] [debug] Layer /Constant_31 Core 2 Get Tile at 379782
[2026-03-14 23:43:38.267] [debug] Layer 542 Core 2 Finish Tile at 379800 Remain tile 1
[2026-03-14 23:43:38.267] [info] Layer /Constant_31 finish at 379800
[2026-03-14 23:43:38.267] [info] Total compute time 18
[2026-03-14 23:43:38.267] [info] executable layer count 88
[2026-03-14 23:43:38.267] [info] Start layer /Constant_32
[2026-03-14 23:43:38.267] [debug] Layer /Constant_32 Core 3 Get Tile at 379800
[2026-03-14 23:43:38.268] [debug] Layer 546 Core 3 Finish Tile at 379818 Remain tile 1
[2026-03-14 23:43:38.268] [info] Layer /Constant_32 finish at 379818
[2026-03-14 23:43:38.268] [info] Total compute time 18
[2026-03-14 23:43:38.268] [info] executable layer count 87
[2026-03-14 23:43:38.268] [info] Start layer /Constant_33
[2026-03-14 23:43:38.268] [debug] Layer /Constant_33 Core 0 Get Tile at 379819
[2026-03-14 23:43:38.268] [debug] Layer 550 Core 0 Finish Tile at 379837 Remain tile 1
[2026-03-14 23:43:38.268] [info] Layer /Constant_33 finish at 379837
[2026-03-14 23:43:38.268] [info] Total compute time 19
[2026-03-14 23:43:38.268] [info] executable layer count 86
[2026-03-14 23:43:38.268] [info] Start layer /Constant_34
[2026-03-14 23:43:38.268] [debug] Layer /Constant_34 Core 1 Get Tile at 379837
[2026-03-14 23:43:38.269] [debug] Layer 554 Core 1 Finish Tile at 379855 Remain tile 1
[2026-03-14 23:43:38.269] [info] Layer /Constant_34 finish at 379855
[2026-03-14 23:43:38.269] [info] Total compute time 18
[2026-03-14 23:43:38.269] [info] executable layer count 85
[2026-03-14 23:43:38.269] [info] Start layer /Constant_35
[2026-03-14 23:43:38.269] [debug] Layer /Constant_35 Core 2 Get Tile at 379855
[2026-03-14 23:43:38.269] [debug] Layer 558 Core 2 Finish Tile at 379873 Remain tile 1
[2026-03-14 23:43:38.269] [info] Layer /Constant_35 finish at 379873
[2026-03-14 23:43:38.269] [info] Total compute time 18
[2026-03-14 23:43:38.269] [info] executable layer count 84
[2026-03-14 23:43:38.269] [info] Start layer /Constant_36
[2026-03-14 23:43:38.269] [debug] Layer /Constant_36 Core 3 Get Tile at 379873
[2026-03-14 23:43:38.269] [debug] Layer 562 Core 3 Finish Tile at 379891 Remain tile 1
[2026-03-14 23:43:38.269] [info] Layer /Constant_36 finish at 379891
[2026-03-14 23:43:38.269] [info] Total compute time 18
[2026-03-14 23:43:38.269] [info] executable layer count 83
[2026-03-14 23:43:38.269] [info] Start layer /Constant_37
[2026-03-14 23:43:38.269] [debug] Layer /Constant_37 Core 0 Get Tile at 379892
[2026-03-14 23:43:38.269] [debug] Layer 566 Core 0 Finish Tile at 379910 Remain tile 1
[2026-03-14 23:43:38.269] [info] Layer /Constant_37 finish at 379910
[2026-03-14 23:43:38.270] [info] Total compute time 19
[2026-03-14 23:43:38.270] [info] executable layer count 82
[2026-03-14 23:43:38.270] [info] Start layer /Constant_38
[2026-03-14 23:43:38.270] [debug] Layer /Constant_38 Core 1 Get Tile at 379910
[2026-03-14 23:43:38.270] [debug] Layer 570 Core 1 Finish Tile at 379928 Remain tile 1
[2026-03-14 23:43:38.270] [info] Layer /Constant_38 finish at 379928
[2026-03-14 23:43:38.270] [info] Total compute time 18
[2026-03-14 23:43:38.270] [info] executable layer count 81
[2026-03-14 23:43:38.270] [info] Start layer /Constant_39
[2026-03-14 23:43:38.270] [debug] Layer /Constant_39 Core 2 Get Tile at 379928
[2026-03-14 23:43:38.270] [debug] Layer 574 Core 2 Finish Tile at 379946 Remain tile 1
[2026-03-14 23:43:38.270] [info] Layer /Constant_39 finish at 379946
[2026-03-14 23:43:38.270] [info] Total compute time 18
[2026-03-14 23:43:38.270] [info] executable layer count 80
[2026-03-14 23:43:38.270] [info] Start layer /Constant_40
[2026-03-14 23:43:38.270] [debug] Layer /Constant_40 Core 3 Get Tile at 379946
[2026-03-14 23:43:38.271] [debug] Layer 578 Core 3 Finish Tile at 379967 Remain tile 1
[2026-03-14 23:43:38.271] [info] Layer /Constant_40 finish at 379967
[2026-03-14 23:43:38.271] [info] Total compute time 21
[2026-03-14 23:43:38.271] [info] executable layer count 79
[2026-03-14 23:43:38.271] [info] Start layer /Constant_41
[2026-03-14 23:43:38.271] [debug] Layer /Constant_41 Core 0 Get Tile at 379968
[2026-03-14 23:43:38.271] [debug] Layer 582 Core 0 Finish Tile at 379986 Remain tile 1
[2026-03-14 23:43:38.271] [info] Layer /Constant_41 finish at 379986
[2026-03-14 23:43:38.271] [info] Total compute time 19
[2026-03-14 23:43:38.271] [info] executable layer count 78
[2026-03-14 23:43:38.271] [info] Start layer /Constant_42
[2026-03-14 23:43:38.271] [debug] Layer /Constant_42 Core 1 Get Tile at 379986
[2026-03-14 23:43:38.271] [debug] Layer 586 Core 1 Finish Tile at 380004 Remain tile 1
[2026-03-14 23:43:38.271] [info] Layer /Constant_42 finish at 380004
[2026-03-14 23:43:38.271] [info] Total compute time 18
[2026-03-14 23:43:38.271] [info] executable layer count 77
[2026-03-14 23:43:38.271] [info] Start layer /Constant_43
[2026-03-14 23:43:38.271] [debug] Layer /Constant_43 Core 2 Get Tile at 380004
[2026-03-14 23:43:38.271] [debug] Layer 590 Core 2 Finish Tile at 380022 Remain tile 1
[2026-03-14 23:43:38.271] [info] Layer /Constant_43 finish at 380022
[2026-03-14 23:43:38.271] [info] Total compute time 18
[2026-03-14 23:43:38.271] [info] executable layer count 76
[2026-03-14 23:43:38.271] [info] Start layer /Constant_44
[2026-03-14 23:43:38.271] [debug] Layer /Constant_44 Core 3 Get Tile at 380022
[2026-03-14 23:43:38.272] [debug] Layer 594 Core 3 Finish Tile at 380040 Remain tile 1
[2026-03-14 23:43:38.272] [info] Layer /Constant_44 finish at 380040
[2026-03-14 23:43:38.272] [info] Total compute time 18
[2026-03-14 23:43:38.272] [info] executable layer count 75
[2026-03-14 23:43:38.272] [info] Start layer /Constant_45
[2026-03-14 23:43:38.272] [debug] Layer /Constant_45 Core 0 Get Tile at 380041
[2026-03-14 23:43:38.272] [debug] Layer 598 Core 0 Finish Tile at 380059 Remain tile 1
[2026-03-14 23:43:38.272] [info] Layer /Constant_45 finish at 380059
[2026-03-14 23:43:38.272] [info] Total compute time 19
[2026-03-14 23:43:38.272] [info] executable layer count 74
[2026-03-14 23:43:38.272] [info] Start layer /Constant_46
[2026-03-14 23:43:38.272] [debug] Layer /Constant_46 Core 1 Get Tile at 380059
[2026-03-14 23:43:38.272] [debug] Layer 602 Core 1 Finish Tile at 380077 Remain tile 1
[2026-03-14 23:43:38.272] [info] Layer /Constant_46 finish at 380077
[2026-03-14 23:43:38.272] [info] Total compute time 18
[2026-03-14 23:43:38.272] [info] executable layer count 73
[2026-03-14 23:43:38.272] [info] Start layer /Constant_47
[2026-03-14 23:43:38.272] [debug] Layer /Constant_47 Core 2 Get Tile at 380077
[2026-03-14 23:43:38.273] [debug] Layer 606 Core 2 Finish Tile at 380095 Remain tile 1
[2026-03-14 23:43:38.273] [info] Layer /Constant_47 finish at 380095
[2026-03-14 23:43:38.273] [info] Total compute time 18
[2026-03-14 23:43:38.273] [info] executable layer count 72
[2026-03-14 23:43:38.273] [info] Start layer /Constant_48
[2026-03-14 23:43:38.273] [debug] Layer /Constant_48 Core 3 Get Tile at 380095
[2026-03-14 23:43:38.273] [debug] Layer 612 Core 3 Finish Tile at 380113 Remain tile 1
[2026-03-14 23:43:38.273] [info] Layer /Constant_48 finish at 380113
[2026-03-14 23:43:38.273] [info] Total compute time 18
[2026-03-14 23:43:38.273] [info] executable layer count 71
[2026-03-14 23:43:38.273] [info] Start layer /Constant_49
[2026-03-14 23:43:38.273] [debug] Layer /Constant_49 Core 0 Get Tile at 380114
[2026-03-14 23:43:38.273] [debug] Layer 616 Core 0 Finish Tile at 380132 Remain tile 1
[2026-03-14 23:43:38.273] [info] Layer /Constant_49 finish at 380132
[2026-03-14 23:43:38.273] [info] Total compute time 19
[2026-03-14 23:43:38.273] [info] executable layer count 70
[2026-03-14 23:43:38.273] [info] Start layer /Constant_50
[2026-03-14 23:43:38.273] [debug] Layer /Constant_50 Core 1 Get Tile at 380132
[2026-03-14 23:43:38.274] [debug] Layer 620 Core 1 Finish Tile at 380150 Remain tile 1
[2026-03-14 23:43:38.274] [info] Layer /Constant_50 finish at 380150
[2026-03-14 23:43:38.274] [info] Total compute time 18
[2026-03-14 23:43:38.274] [info] executable layer count 69
[2026-03-14 23:43:38.274] [info] Start layer /Constant_51
[2026-03-14 23:43:38.274] [debug] Layer /Constant_51 Core 2 Get Tile at 380150
[2026-03-14 23:43:38.274] [debug] Layer 624 Core 2 Finish Tile at 380168 Remain tile 1
[2026-03-14 23:43:38.274] [info] Layer /Constant_51 finish at 380168
[2026-03-14 23:43:38.274] [info] Total compute time 18
[2026-03-14 23:43:38.274] [info] executable layer count 68
[2026-03-14 23:43:38.274] [info] Start layer /Constant_52
[2026-03-14 23:43:38.274] [debug] Layer /Constant_52 Core 3 Get Tile at 380168
[2026-03-14 23:43:38.274] [debug] Layer 628 Core 3 Finish Tile at 380186 Remain tile 1
[2026-03-14 23:43:38.274] [info] Layer /Constant_52 finish at 380186
[2026-03-14 23:43:38.274] [info] Total compute time 18
[2026-03-14 23:43:38.274] [info] executable layer count 67
[2026-03-14 23:43:38.274] [info] Start layer /Constant_53
[2026-03-14 23:43:38.274] [debug] Layer /Constant_53 Core 0 Get Tile at 380187
[2026-03-14 23:43:38.275] [debug] Layer 632 Core 0 Finish Tile at 380205 Remain tile 1
[2026-03-14 23:43:38.275] [info] Layer /Constant_53 finish at 380205
[2026-03-14 23:43:38.275] [info] Total compute time 19
[2026-03-14 23:43:38.275] [info] executable layer count 66
[2026-03-14 23:43:38.275] [info] Start layer /Constant_54
[2026-03-14 23:43:38.275] [debug] Layer /Constant_54 Core 1 Get Tile at 380205
[2026-03-14 23:43:38.275] [debug] Layer 636 Core 1 Finish Tile at 380223 Remain tile 1
[2026-03-14 23:43:38.275] [info] Layer /Constant_54 finish at 380223
[2026-03-14 23:43:38.275] [info] Total compute time 18
[2026-03-14 23:43:38.275] [info] executable layer count 65
[2026-03-14 23:43:38.275] [info] Start layer /Constant_55
[2026-03-14 23:43:38.275] [debug] Layer /Constant_55 Core 2 Get Tile at 380223
[2026-03-14 23:43:38.276] [debug] Layer 640 Core 2 Finish Tile at 380241 Remain tile 1
[2026-03-14 23:43:38.276] [info] Layer /Constant_55 finish at 380241
[2026-03-14 23:43:38.276] [info] Total compute time 18
[2026-03-14 23:43:38.276] [info] executable layer count 64
[2026-03-14 23:43:38.276] [info] Start layer /Constant_56
[2026-03-14 23:43:38.276] [debug] Layer /Constant_56 Core 3 Get Tile at 380241
[2026-03-14 23:43:38.276] [debug] Layer 644 Core 3 Finish Tile at 380259 Remain tile 1
[2026-03-14 23:43:38.276] [info] Layer /Constant_56 finish at 380259
[2026-03-14 23:43:38.276] [info] Total compute time 18
[2026-03-14 23:43:38.276] [info] executable layer count 63
[2026-03-14 23:43:38.276] [info] Start layer /Constant_57
[2026-03-14 23:43:38.276] [debug] Layer /Constant_57 Core 0 Get Tile at 380260
[2026-03-14 23:43:38.276] [debug] Layer 648 Core 0 Finish Tile at 380278 Remain tile 1
[2026-03-14 23:43:38.276] [info] Layer /Constant_57 finish at 380278
[2026-03-14 23:43:38.276] [info] Total compute time 19
[2026-03-14 23:43:38.276] [info] executable layer count 62
[2026-03-14 23:43:38.276] [info] Start layer /Constant_58
[2026-03-14 23:43:38.276] [debug] Layer /Constant_58 Core 1 Get Tile at 380278
[2026-03-14 23:43:38.276] [debug] Layer 652 Core 1 Finish Tile at 380296 Remain tile 1
[2026-03-14 23:43:38.276] [info] Layer /Constant_58 finish at 380296
[2026-03-14 23:43:38.276] [info] Total compute time 18
[2026-03-14 23:43:38.276] [info] executable layer count 61
[2026-03-14 23:43:38.276] [info] Start layer /Constant_59
[2026-03-14 23:43:38.276] [debug] Layer /Constant_59 Core 2 Get Tile at 380296
[2026-03-14 23:43:38.277] [debug] Layer 656 Core 2 Finish Tile at 380314 Remain tile 1
[2026-03-14 23:43:38.277] [info] Layer /Constant_59 finish at 380314
[2026-03-14 23:43:38.277] [info] Total compute time 18
[2026-03-14 23:43:38.277] [info] executable layer count 60
[2026-03-14 23:43:38.277] [info] Start layer /Constant_60
[2026-03-14 23:43:38.277] [debug] Layer /Constant_60 Core 3 Get Tile at 380314
[2026-03-14 23:43:38.277] [debug] Layer 660 Core 3 Finish Tile at 380332 Remain tile 1
[2026-03-14 23:43:38.277] [info] Layer /Constant_60 finish at 380332
[2026-03-14 23:43:38.277] [info] Total compute time 18
[2026-03-14 23:43:38.277] [info] executable layer count 59
[2026-03-14 23:43:38.277] [info] Start layer /Constant_61
[2026-03-14 23:43:38.277] [debug] Layer /Constant_61 Core 0 Get Tile at 380333
[2026-03-14 23:43:38.277] [debug] Layer 664 Core 0 Finish Tile at 380351 Remain tile 1
[2026-03-14 23:43:38.277] [info] Layer /Constant_61 finish at 380351
[2026-03-14 23:43:38.277] [info] Total compute time 19
[2026-03-14 23:43:38.277] [info] executable layer count 58
[2026-03-14 23:43:38.277] [info] Start layer /Constant_62
[2026-03-14 23:43:38.277] [debug] Layer /Constant_62 Core 1 Get Tile at 380351
[2026-03-14 23:43:38.278] [debug] Layer 668 Core 1 Finish Tile at 380369 Remain tile 1
[2026-03-14 23:43:38.278] [info] Layer /Constant_62 finish at 380369
[2026-03-14 23:43:38.278] [info] Total compute time 18
[2026-03-14 23:43:38.278] [info] executable layer count 57
[2026-03-14 23:43:38.278] [info] Start layer /Constant_63
[2026-03-14 23:43:38.278] [debug] Layer /Constant_63 Core 2 Get Tile at 380369
[2026-03-14 23:43:38.278] [debug] Layer 672 Core 2 Finish Tile at 380387 Remain tile 1
[2026-03-14 23:43:38.278] [info] Layer /Constant_63 finish at 380387
[2026-03-14 23:43:38.278] [info] Total compute time 18
[2026-03-14 23:43:38.278] [info] executable layer count 56
[2026-03-14 23:43:38.278] [info] Start layer /Constant_64
[2026-03-14 23:43:38.278] [debug] Layer /Constant_64 Core 3 Get Tile at 380387
[2026-03-14 23:43:38.278] [debug] Layer 676 Core 3 Finish Tile at 380405 Remain tile 1
[2026-03-14 23:43:38.278] [info] Layer /Constant_64 finish at 380405
[2026-03-14 23:43:38.278] [info] Total compute time 18
[2026-03-14 23:43:38.278] [info] executable layer count 55
[2026-03-14 23:43:38.278] [info] Start layer /Constant_65
[2026-03-14 23:43:38.278] [debug] Layer /Constant_65 Core 0 Get Tile at 380406
[2026-03-14 23:43:38.279] [debug] Layer 680 Core 0 Finish Tile at 380424 Remain tile 1
[2026-03-14 23:43:38.279] [info] Layer /Constant_65 finish at 380424
[2026-03-14 23:43:38.279] [info] Total compute time 19
[2026-03-14 23:43:38.279] [info] executable layer count 54
[2026-03-14 23:43:38.279] [info] Start layer /Constant_66
[2026-03-14 23:43:38.279] [debug] Layer /Constant_66 Core 1 Get Tile at 380424
[2026-03-14 23:43:38.279] [debug] Layer 684 Core 1 Finish Tile at 380442 Remain tile 1
[2026-03-14 23:43:38.279] [info] Layer /Constant_66 finish at 380442
[2026-03-14 23:43:38.279] [info] Total compute time 18
[2026-03-14 23:43:38.279] [info] executable layer count 53
[2026-03-14 23:43:38.279] [info] Start layer /Constant_67
[2026-03-14 23:43:38.279] [debug] Layer /Constant_67 Core 2 Get Tile at 380442
[2026-03-14 23:43:38.279] [debug] Layer 688 Core 2 Finish Tile at 380460 Remain tile 1
[2026-03-14 23:43:38.279] [info] Layer /Constant_67 finish at 380460
[2026-03-14 23:43:38.279] [info] Total compute time 18
[2026-03-14 23:43:38.279] [info] executable layer count 52
[2026-03-14 23:43:38.279] [info] Start layer /Constant_68
[2026-03-14 23:43:38.279] [debug] Layer /Constant_68 Core 3 Get Tile at 380460
[2026-03-14 23:43:38.280] [debug] Layer 692 Core 3 Finish Tile at 380478 Remain tile 1
[2026-03-14 23:43:38.280] [info] Layer /Constant_68 finish at 380478
[2026-03-14 23:43:38.280] [info] Total compute time 18
[2026-03-14 23:43:38.280] [info] executable layer count 51
[2026-03-14 23:43:38.280] [info] Start layer /Constant_69
[2026-03-14 23:43:38.280] [debug] Layer /Constant_69 Core 0 Get Tile at 380479
[2026-03-14 23:43:38.280] [debug] Layer 696 Core 0 Finish Tile at 380497 Remain tile 1
[2026-03-14 23:43:38.280] [info] Layer /Constant_69 finish at 380497
[2026-03-14 23:43:38.280] [info] Total compute time 19
[2026-03-14 23:43:38.280] [info] executable layer count 50
[2026-03-14 23:43:38.280] [info] Start layer /Constant_70
[2026-03-14 23:43:38.280] [debug] Layer /Constant_70 Core 1 Get Tile at 380497
[2026-03-14 23:43:38.280] [debug] Layer 700 Core 1 Finish Tile at 380517 Remain tile 1
[2026-03-14 23:43:38.280] [info] Layer /Constant_70 finish at 380517
[2026-03-14 23:43:38.280] [info] Total compute time 20
[2026-03-14 23:43:38.280] [info] executable layer count 49
[2026-03-14 23:43:38.280] [info] Start layer /Constant_71
[2026-03-14 23:43:38.280] [debug] Layer /Constant_71 Core 2 Get Tile at 380517
[2026-03-14 23:43:38.281] [debug] Layer 704 Core 2 Finish Tile at 380535 Remain tile 1
[2026-03-14 23:43:38.281] [info] Layer /Constant_71 finish at 380535
[2026-03-14 23:43:38.281] [info] Total compute time 18
[2026-03-14 23:43:38.281] [info] executable layer count 48
[2026-03-14 23:43:38.281] [info] Start layer /Gather
[2026-03-14 23:43:38.281] [debug] Layer /Gather Core 3 Get Tile at 380535
[2026-03-14 23:43:38.313] [debug] Layer 272 Core 3 Finish Tile at 381178 Remain tile 1
[2026-03-14 23:43:38.313] [info] Layer /Gather finish at 381178
[2026-03-14 23:43:38.313] [info] Total compute time 643
[2026-03-14 23:43:38.313] [info] executable layer count 47
[2026-03-14 23:43:38.313] [info] Start layer /Gather_24
[2026-03-14 23:43:38.313] [debug] Layer /Gather_24 Core 0 Get Tile at 381179
[2026-03-14 23:43:38.502] [info] HBM2-CH_0: BW utilization 73% (2661 reads, 4370 writes)
[2026-03-14 23:43:38.502] [debug] HBM2-CH_1: BW utilization 72% (2615 reads, 4353 writes)
[2026-03-14 23:43:38.502] [debug] HBM2-CH_2: BW utilization 72% (2602 reads, 4353 writes)
[2026-03-14 23:43:38.502] [debug] HBM2-CH_3: BW utilization 72% (2605 reads, 4337 writes)
[2026-03-14 23:43:38.502] [debug] HBM2-CH_4: BW utilization 72% (2614 reads, 4340 writes)
[2026-03-14 23:43:38.502] [debug] HBM2-CH_5: BW utilization 72% (2617 reads, 4353 writes)
[2026-03-14 23:43:38.502] [debug] HBM2-CH_6: BW utilization 72% (2608 reads, 4366 writes)
[2026-03-14 23:43:38.502] [debug] HBM2-CH_7: BW utilization 72% (2612 reads, 4353 writes)
[2026-03-14 23:43:38.502] [debug] HBM2-CH_8: BW utilization 72% (2603 reads, 4355 writes)
[2026-03-14 23:43:38.502] [debug] HBM2-CH_9: BW utilization 72% (2597 reads, 4340 writes)
[2026-03-14 23:43:38.502] [debug] HBM2-CH_10: BW utilization 72% (2599 reads, 4370 writes)
[2026-03-14 23:43:38.502] [debug] HBM2-CH_11: BW utilization 72% (2600 reads, 4350 writes)
[2026-03-14 23:43:38.502] [debug] HBM2-CH_12: BW utilization 72% (2616 reads, 4364 writes)
[2026-03-14 23:43:38.502] [debug] HBM2-CH_13: BW utilization 72% (2599 reads, 4372 writes)
[2026-03-14 23:43:38.502] [debug] HBM2-CH_14: BW utilization 72% (2605 reads, 4356 writes)
[2026-03-14 23:43:38.502] [debug] HBM2-CH_15: BW utilization 72% (2604 reads, 4367 writes)
[2026-03-14 23:43:38.513] [info] Tile  status /Gather_24, instructions left 1
[2026-03-14 23:43:38.513] [info] Core [0] Tile Stats | Issued: 32 Running: 1 Finished: 31
[2026-03-14 23:43:38.513] [info] cycle: [384000]
[2026-03-14 23:43:38.513] [info] Core [1] Tile Stats | Issued: 31 Running: 0 Finished: 31
[2026-03-14 23:43:38.513] [info] cycle: [384000]
[2026-03-14 23:43:38.513] [info] Core [2] Tile Stats | Issued: 31 Running: 0 Finished: 31
[2026-03-14 23:43:38.513] [info] cycle: [384000]
[2026-03-14 23:43:38.513] [info] Core [3] Tile Stats | Issued: 31 Running: 0 Finished: 31
[2026-03-14 23:43:38.513] [info] cycle: [384000]
[2026-03-14 23:43:38.525] [debug] Layer 366 Core 0 Finish Tile at 384195 Remain tile 1
[2026-03-14 23:43:38.525] [info] Layer /Gather_24 finish at 384195
[2026-03-14 23:43:38.525] [info] Total compute time 3017
[2026-03-14 23:43:38.525] [info] executable layer count 47
[2026-03-14 23:43:38.525] [info] Start layer /Gather_1
[2026-03-14 23:43:38.525] [debug] Layer /Gather_1 Core 1 Get Tile at 384195
[2026-03-14 23:43:38.716] [debug] Layer 276 Core 1 Finish Tile at 387216 Remain tile 1
[2026-03-14 23:43:38.716] [info] Layer /Gather_1 finish at 387216
[2026-03-14 23:43:38.716] [info] Total compute time 3021
[2026-03-14 23:43:38.716] [info] executable layer count 46
[2026-03-14 23:43:38.716] [info] Start layer /Gather_25
[2026-03-14 23:43:38.716] [debug] Layer /Gather_25 Core 2 Get Tile at 387216
[2026-03-14 23:43:38.920] [debug] Layer 368 Core 2 Finish Tile at 390232 Remain tile 1
[2026-03-14 23:43:38.920] [info] Layer /Gather_25 finish at 390232
[2026-03-14 23:43:38.920] [info] Total compute time 3016
[2026-03-14 23:43:38.920] [info] executable layer count 45
[2026-03-14 23:43:38.920] [info] Start layer /Gather_2
[2026-03-14 23:43:38.920] [debug] Layer /Gather_2 Core 3 Get Tile at 390232
[2026-03-14 23:43:39.010] [info] HBM2-CH_0: BW utilization 78% (3692 reads, 3869 writes)
[2026-03-14 23:43:39.010] [debug] HBM2-CH_1: BW utilization 78% (3681 reads, 3878 writes)
[2026-03-14 23:43:39.010] [debug] HBM2-CH_2: BW utilization 78% (3697 reads, 3841 writes)
[2026-03-14 23:43:39.010] [debug] HBM2-CH_3: BW utilization 79% (3703 reads, 3915 writes)
[2026-03-14 23:43:39.010] [debug] HBM2-CH_4: BW utilization 79% (3669 reads, 3922 writes)
[2026-03-14 23:43:39.010] [debug] HBM2-CH_5: BW utilization 79% (3691 reads, 3898 writes)
[2026-03-14 23:43:39.010] [debug] HBM2-CH_6: BW utilization 78% (3699 reads, 3880 writes)
[2026-03-14 23:43:39.010] [debug] HBM2-CH_7: BW utilization 78% (3665 reads, 3898 writes)
[2026-03-14 23:43:39.010] [debug] HBM2-CH_8: BW utilization 78% (3667 reads, 3907 writes)
[2026-03-14 23:43:39.010] [debug] HBM2-CH_9: BW utilization 79% (3710 reads, 3894 writes)
[2026-03-14 23:43:39.010] [debug] HBM2-CH_10: BW utilization 78% (3674 reads, 3894 writes)
[2026-03-14 23:43:39.010] [debug] HBM2-CH_11: BW utilization 79% (3690 reads, 3912 writes)
[2026-03-14 23:43:39.010] [debug] HBM2-CH_12: BW utilization 78% (3690 reads, 3866 writes)
[2026-03-14 23:43:39.010] [debug] HBM2-CH_13: BW utilization 79% (3694 reads, 3890 writes)
[2026-03-14 23:43:39.010] [debug] HBM2-CH_14: BW utilization 78% (3692 reads, 3885 writes)
[2026-03-14 23:43:39.010] [debug] HBM2-CH_15: BW utilization 78% (3703 reads, 3872 writes)
[2026-03-14 23:43:39.020] [info] Core [0] Tile Stats | Issued: 32 Running: 0 Finished: 32
[2026-03-14 23:43:39.020] [info] cycle: [392000]
[2026-03-14 23:43:39.020] [info] Core [1] Tile Stats | Issued: 32 Running: 0 Finished: 32
[2026-03-14 23:43:39.020] [info] cycle: [392000]
[2026-03-14 23:43:39.020] [info] Core [2] Tile Stats | Issued: 32 Running: 0 Finished: 32
[2026-03-14 23:43:39.020] [info] cycle: [392000]
[2026-03-14 23:43:39.020] [info] Tile  status /Gather_2, instructions left 1
[2026-03-14 23:43:39.020] [info] Core [3] Tile Stats | Issued: 32 Running: 1 Finished: 31
[2026-03-14 23:43:39.020] [info] cycle: [392000]
[2026-03-14 23:43:39.105] [debug] Layer 280 Core 3 Finish Tile at 393274 Remain tile 1
[2026-03-14 23:43:39.105] [info] Layer /Gather_2 finish at 393274
[2026-03-14 23:43:39.105] [info] Total compute time 3042
[2026-03-14 23:43:39.105] [info] executable layer count 44
[2026-03-14 23:43:39.105] [info] Start layer /Gather_26
[2026-03-14 23:43:39.105] [debug] Layer /Gather_26 Core 0 Get Tile at 393275
[2026-03-14 23:43:39.345] [debug] Layer 370 Core 0 Finish Tile at 396358 Remain tile 1
[2026-03-14 23:43:39.345] [info] Layer /Gather_26 finish at 396358
[2026-03-14 23:43:39.345] [info] Total compute time 3084
[2026-03-14 23:43:39.345] [info] executable layer count 43
[2026-03-14 23:43:39.345] [info] Start layer /Gather_3
[2026-03-14 23:43:39.345] [debug] Layer /Gather_3 Core 1 Get Tile at 396358
[2026-03-14 23:43:39.564] [debug] Layer 284 Core 1 Finish Tile at 399382 Remain tile 1
[2026-03-14 23:43:39.564] [info] Layer /Gather_3 finish at 399382
[2026-03-14 23:43:39.564] [info] Total compute time 3024
[2026-03-14 23:43:39.564] [info] executable layer count 42
[2026-03-14 23:43:39.564] [info] Start layer /Gather_27
[2026-03-14 23:43:39.564] [debug] Layer /Gather_27 Core 2 Get Tile at 399382
[2026-03-14 23:43:39.587] [info] HBM2-CH_0: BW utilization 77% (3059 reads, 4410 writes)
[2026-03-14 23:43:39.587] [debug] HBM2-CH_1: BW utilization 77% (3059 reads, 4411 writes)
[2026-03-14 23:43:39.587] [debug] HBM2-CH_2: BW utilization 78% (3056 reads, 4448 writes)
[2026-03-14 23:43:39.587] [debug] HBM2-CH_3: BW utilization 77% (3078 reads, 4380 writes)
[2026-03-14 23:43:39.587] [debug] HBM2-CH_4: BW utilization 77% (3069 reads, 4382 writes)
[2026-03-14 23:43:39.587] [debug] HBM2-CH_5: BW utilization 77% (3057 reads, 4398 writes)
[2026-03-14 23:43:39.587] [debug] HBM2-CH_6: BW utilization 77% (3079 reads, 4384 writes)
[2026-03-14 23:43:39.587] [debug] HBM2-CH_7: BW utilization 77% (3078 reads, 4390 writes)
[2026-03-14 23:43:39.587] [debug] HBM2-CH_8: BW utilization 77% (3084 reads, 4381 writes)
[2026-03-14 23:43:39.587] [debug] HBM2-CH_9: BW utilization 77% (3088 reads, 4385 writes)
[2026-03-14 23:43:39.587] [debug] HBM2-CH_10: BW utilization 77% (3126 reads, 4355 writes)
[2026-03-14 23:43:39.587] [debug] HBM2-CH_11: BW utilization 77% (3064 reads, 4381 writes)
[2026-03-14 23:43:39.587] [debug] HBM2-CH_12: BW utilization 78% (3083 reads, 4418 writes)
[2026-03-14 23:43:39.587] [debug] HBM2-CH_13: BW utilization 77% (3058 reads, 4380 writes)
[2026-03-14 23:43:39.587] [debug] HBM2-CH_14: BW utilization 77% (3056 reads, 4402 writes)
[2026-03-14 23:43:39.587] [debug] HBM2-CH_15: BW utilization 77% (3077 reads, 4400 writes)
[2026-03-14 23:43:39.596] [info] Core [0] Tile Stats | Issued: 33 Running: 0 Finished: 33
[2026-03-14 23:43:39.596] [info] cycle: [400000]
[2026-03-14 23:43:39.596] [info] Core [1] Tile Stats | Issued: 33 Running: 0 Finished: 33
[2026-03-14 23:43:39.596] [info] cycle: [400000]
[2026-03-14 23:43:39.596] [info] Tile  status /Gather_27, instructions left 1
[2026-03-14 23:43:39.596] [info] Core [2] Tile Stats | Issued: 33 Running: 1 Finished: 32
[2026-03-14 23:43:39.596] [info] cycle: [400000]
[2026-03-14 23:43:39.596] [info] Core [3] Tile Stats | Issued: 32 Running: 0 Finished: 32
[2026-03-14 23:43:39.596] [info] cycle: [400000]
[2026-03-14 23:43:39.779] [debug] Layer 372 Core 2 Finish Tile at 402522 Remain tile 1
[2026-03-14 23:43:39.779] [info] Layer /Gather_27 finish at 402522
[2026-03-14 23:43:39.779] [info] Total compute time 3140
[2026-03-14 23:43:39.779] [info] executable layer count 41
[2026-03-14 23:43:39.779] [info] Start layer /Gather_4
[2026-03-14 23:43:39.779] [debug] Layer /Gather_4 Core 3 Get Tile at 402522
[2026-03-14 23:43:39.968] [debug] Layer 288 Core 3 Finish Tile at 405558 Remain tile 1
[2026-03-14 23:43:39.969] [info] Layer /Gather_4 finish at 405558
[2026-03-14 23:43:39.969] [info] Total compute time 3036
[2026-03-14 23:43:39.969] [info] executable layer count 40
[2026-03-14 23:43:39.969] [info] Start layer /Gather_28
[2026-03-14 23:43:39.969] [debug] Layer /Gather_28 Core 0 Get Tile at 405559
[2026-03-14 23:43:40.127] [info] HBM2-CH_0: BW utilization 79% (4364 reads, 3246 writes)
[2026-03-14 23:43:40.127] [debug] HBM2-CH_1: BW utilization 79% (4341 reads, 3252 writes)
[2026-03-14 23:43:40.127] [debug] HBM2-CH_2: BW utilization 79% (4377 reads, 3252 writes)
[2026-03-14 23:43:40.127] [debug] HBM2-CH_3: BW utilization 78% (4321 reads, 3262 writes)
[2026-03-14 23:43:40.127] [debug] HBM2-CH_4: BW utilization 79% (4353 reads, 3254 writes)
[2026-03-14 23:43:40.127] [debug] HBM2-CH_5: BW utilization 79% (4364 reads, 3246 writes)
[2026-03-14 23:43:40.127] [debug] HBM2-CH_6: BW utilization 78% (4321 reads, 3262 writes)
[2026-03-14 23:43:40.127] [debug] HBM2-CH_7: BW utilization 78% (4329 reads, 3254 writes)
[2026-03-14 23:43:40.127] [debug] HBM2-CH_8: BW utilization 79% (4371 reads, 3254 writes)
[2026-03-14 23:43:40.127] [debug] HBM2-CH_9: BW utilization 79% (4347 reads, 3271 writes)
[2026-03-14 23:43:40.127] [debug] HBM2-CH_10: BW utilization 79% (4347 reads, 3247 writes)
[2026-03-14 23:43:40.127] [debug] HBM2-CH_11: BW utilization 79% (4377 reads, 3246 writes)
[2026-03-14 23:43:40.127] [debug] HBM2-CH_12: BW utilization 78% (4349 reads, 3234 writes)
[2026-03-14 23:43:40.127] [debug] HBM2-CH_13: BW utilization 79% (4378 reads, 3246 writes)
[2026-03-14 23:43:40.127] [debug] HBM2-CH_14: BW utilization 79% (4381 reads, 3246 writes)
[2026-03-14 23:43:40.127] [debug] HBM2-CH_15: BW utilization 79% (4356 reads, 3252 writes)
[2026-03-14 23:43:40.143] [info] Tile  status /Gather_28, instructions left 1
[2026-03-14 23:43:40.143] [info] Core [0] Tile Stats | Issued: 34 Running: 1 Finished: 33
[2026-03-14 23:43:40.143] [info] cycle: [408000]
[2026-03-14 23:43:40.143] [info] Core [1] Tile Stats | Issued: 33 Running: 0 Finished: 33
[2026-03-14 23:43:40.143] [info] cycle: [408000]
[2026-03-14 23:43:40.143] [info] Core [2] Tile Stats | Issued: 33 Running: 0 Finished: 33
[2026-03-14 23:43:40.143] [info] cycle: [408000]
[2026-03-14 23:43:40.143] [info] Core [3] Tile Stats | Issued: 33 Running: 0 Finished: 33
[2026-03-14 23:43:40.143] [info] cycle: [408000]
[2026-03-14 23:43:40.189] [debug] Layer 374 Core 0 Finish Tile at 408597 Remain tile 1
[2026-03-14 23:43:40.189] [info] Layer /Gather_28 finish at 408597
[2026-03-14 23:43:40.189] [info] Total compute time 3039
[2026-03-14 23:43:40.189] [info] executable layer count 39
[2026-03-14 23:43:40.189] [info] Start layer /Gather_5
[2026-03-14 23:43:40.189] [debug] Layer /Gather_5 Core 1 Get Tile at 408597
[2026-03-14 23:43:40.454] [debug] Layer 292 Core 1 Finish Tile at 411643 Remain tile 1
[2026-03-14 23:43:40.454] [info] Layer /Gather_5 finish at 411643
[2026-03-14 23:43:40.454] [info] Total compute time 3046
[2026-03-14 23:43:40.454] [info] executable layer count 38
[2026-03-14 23:43:40.454] [info] Start layer /Gather_29
[2026-03-14 23:43:40.454] [debug] Layer /Gather_29 Core 2 Get Tile at 411643
[2026-03-14 23:43:40.705] [debug] Layer 376 Core 2 Finish Tile at 414664 Remain tile 1
[2026-03-14 23:43:40.705] [info] Layer /Gather_29 finish at 414664
[2026-03-14 23:43:40.705] [info] Total compute time 3021
[2026-03-14 23:43:40.705] [info] executable layer count 37
[2026-03-14 23:43:40.705] [info] Start layer /Gather_6
[2026-03-14 23:43:40.705] [debug] Layer /Gather_6 Core 3 Get Tile at 414664
[2026-03-14 23:43:40.767] [info] HBM2-CH_0: BW utilization 77% (4047 reads, 3414 writes)
[2026-03-14 23:43:40.767] [debug] HBM2-CH_1: BW utilization 78% (4100 reads, 3415 writes)
[2026-03-14 23:43:40.767] [debug] HBM2-CH_2: BW utilization 77% (4049 reads, 3433 writes)
[2026-03-14 23:43:40.767] [debug] HBM2-CH_3: BW utilization 78% (4070 reads, 3430 writes)
[2026-03-14 23:43:40.767] [debug] HBM2-CH_4: BW utilization 77% (4055 reads, 3410 writes)
[2026-03-14 23:43:40.767] [debug] HBM2-CH_5: BW utilization 78% (4067 reads, 3451 writes)
[2026-03-14 23:43:40.767] [debug] HBM2-CH_6: BW utilization 78% (4108 reads, 3427 writes)
[2026-03-14 23:43:40.767] [debug] HBM2-CH_7: BW utilization 78% (4091 reads, 3430 writes)
[2026-03-14 23:43:40.767] [debug] HBM2-CH_8: BW utilization 78% (4053 reads, 3453 writes)
[2026-03-14 23:43:40.767] [debug] HBM2-CH_9: BW utilization 78% (4059 reads, 3442 writes)
[2026-03-14 23:43:40.767] [debug] HBM2-CH_10: BW utilization 78% (4040 reads, 3483 writes)
[2026-03-14 23:43:40.767] [debug] HBM2-CH_11: BW utilization 78% (4059 reads, 3432 writes)
[2026-03-14 23:43:40.767] [debug] HBM2-CH_12: BW utilization 78% (4058 reads, 3451 writes)
[2026-03-14 23:43:40.767] [debug] HBM2-CH_13: BW utilization 77% (4066 reads, 3413 writes)
[2026-03-14 23:43:40.767] [debug] HBM2-CH_14: BW utilization 78% (4061 reads, 3452 writes)
[2026-03-14 23:43:40.767] [debug] HBM2-CH_15: BW utilization 77% (4042 reads, 3443 writes)
[2026-03-14 23:43:40.778] [info] Core [0] Tile Stats | Issued: 34 Running: 0 Finished: 34
[2026-03-14 23:43:40.778] [info] cycle: [416000]
[2026-03-14 23:43:40.778] [info] Core [1] Tile Stats | Issued: 34 Running: 0 Finished: 34
[2026-03-14 23:43:40.778] [info] cycle: [416000]
[2026-03-14 23:43:40.778] [info] Core [2] Tile Stats | Issued: 34 Running: 0 Finished: 34
[2026-03-14 23:43:40.778] [info] cycle: [416000]
[2026-03-14 23:43:40.778] [info] Tile  status /Gather_6, instructions left 1
[2026-03-14 23:43:40.778] [info] Core [3] Tile Stats | Issued: 34 Running: 1 Finished: 33
[2026-03-14 23:43:40.778] [info] cycle: [416000]
[2026-03-14 23:43:40.926] [debug] Layer 296 Core 3 Finish Tile at 417711 Remain tile 1
[2026-03-14 23:43:40.926] [info] Layer /Gather_6 finish at 417711
[2026-03-14 23:43:40.926] [info] Total compute time 3047
[2026-03-14 23:43:40.926] [info] executable layer count 36
[2026-03-14 23:43:40.926] [info] Start layer /Gather_30
[2026-03-14 23:43:40.926] [debug] Layer /Gather_30 Core 0 Get Tile at 417712
[2026-03-14 23:43:41.140] [debug] Layer 378 Core 0 Finish Tile at 420727 Remain tile 1
[2026-03-14 23:43:41.141] [info] Layer /Gather_30 finish at 420727
[2026-03-14 23:43:41.141] [info] Total compute time 3016
[2026-03-14 23:43:41.141] [info] executable layer count 35
[2026-03-14 23:43:41.141] [info] Start layer /Gather_7
[2026-03-14 23:43:41.141] [debug] Layer /Gather_7 Core 1 Get Tile at 420727
[2026-03-14 23:43:41.344] [debug] Layer 300 Core 1 Finish Tile at 423767 Remain tile 1
[2026-03-14 23:43:41.344] [info] Layer /Gather_7 finish at 423767
[2026-03-14 23:43:41.344] [info] Total compute time 3040
[2026-03-14 23:43:41.344] [info] executable layer count 34
[2026-03-14 23:43:41.344] [info] Start layer /Gather_31
[2026-03-14 23:43:41.344] [debug] Layer /Gather_31 Core 2 Get Tile at 423767
[2026-03-14 23:43:41.347] [info] HBM2-CH_0: BW utilization 79% (2989 reads, 4665 writes)
[2026-03-14 23:43:41.347] [debug] HBM2-CH_1: BW utilization 79% (2951 reads, 4669 writes)
[2026-03-14 23:43:41.347] [debug] HBM2-CH_2: BW utilization 79% (2966 reads, 4651 writes)
[2026-03-14 23:43:41.347] [debug] HBM2-CH_3: BW utilization 79% (2989 reads, 4650 writes)
[2026-03-14 23:43:41.347] [debug] HBM2-CH_4: BW utilization 79% (2985 reads, 4675 writes)
[2026-03-14 23:43:41.347] [debug] HBM2-CH_5: BW utilization 79% (2970 reads, 4627 writes)
[2026-03-14 23:43:41.347] [debug] HBM2-CH_6: BW utilization 79% (2950 reads, 4651 writes)
[2026-03-14 23:43:41.347] [debug] HBM2-CH_7: BW utilization 79% (2970 reads, 4655 writes)
[2026-03-14 23:43:41.347] [debug] HBM2-CH_8: BW utilization 79% (2969 reads, 4622 writes)
[2026-03-14 23:43:41.347] [debug] HBM2-CH_9: BW utilization 79% (2961 reads, 4640 writes)
[2026-03-14 23:43:41.347] [debug] HBM2-CH_10: BW utilization 79% (2976 reads, 4623 writes)
[2026-03-14 23:43:41.347] [debug] HBM2-CH_11: BW utilization 79% (2955 reads, 4651 writes)
[2026-03-14 23:43:41.347] [debug] HBM2-CH_12: BW utilization 79% (2968 reads, 4639 writes)
[2026-03-14 23:43:41.347] [debug] HBM2-CH_13: BW utilization 79% (2950 reads, 4680 writes)
[2026-03-14 23:43:41.347] [debug] HBM2-CH_14: BW utilization 79% (2957 reads, 4632 writes)
[2026-03-14 23:43:41.347] [debug] HBM2-CH_15: BW utilization 79% (2983 reads, 4639 writes)
[2026-03-14 23:43:41.355] [info] Core [0] Tile Stats | Issued: 35 Running: 0 Finished: 35
[2026-03-14 23:43:41.355] [info] cycle: [424000]
[2026-03-14 23:43:41.355] [info] Core [1] Tile Stats | Issued: 35 Running: 0 Finished: 35
[2026-03-14 23:43:41.355] [info] cycle: [424000]
[2026-03-14 23:43:41.355] [info] Tile  status /Gather_31, instructions left 1
[2026-03-14 23:43:41.355] [info] Core [2] Tile Stats | Issued: 35 Running: 1 Finished: 34
[2026-03-14 23:43:41.355] [info] cycle: [424000]
[2026-03-14 23:43:41.355] [info] Core [3] Tile Stats | Issued: 34 Running: 0 Finished: 34
[2026-03-14 23:43:41.355] [info] cycle: [424000]
[2026-03-14 23:43:41.543] [debug] Layer 380 Core 2 Finish Tile at 426793 Remain tile 1
[2026-03-14 23:43:41.543] [info] Layer /Gather_31 finish at 426793
[2026-03-14 23:43:41.543] [info] Total compute time 3026
[2026-03-14 23:43:41.543] [info] executable layer count 33
[2026-03-14 23:43:41.543] [info] Start layer /Gather_8
[2026-03-14 23:43:41.543] [debug] Layer /Gather_8 Core 3 Get Tile at 426793
[2026-03-14 23:43:41.746] [debug] Layer 304 Core 3 Finish Tile at 429832 Remain tile 1
[2026-03-14 23:43:41.746] [info] Layer /Gather_8 finish at 429832
[2026-03-14 23:43:41.746] [info] Total compute time 3039
[2026-03-14 23:43:41.746] [info] executable layer count 32
[2026-03-14 23:43:41.746] [info] Start layer /Gather_32
[2026-03-14 23:43:41.746] [debug] Layer /Gather_32 Core 0 Get Tile at 429833
[2026-03-14 23:43:41.883] [info] HBM2-CH_0: BW utilization 79% (4196 reads, 3445 writes)
[2026-03-14 23:43:41.883] [debug] HBM2-CH_1: BW utilization 79% (4220 reads, 3420 writes)
[2026-03-14 23:43:41.883] [debug] HBM2-CH_2: BW utilization 79% (4214 reads, 3419 writes)
[2026-03-14 23:43:41.883] [debug] HBM2-CH_3: BW utilization 79% (4208 reads, 3419 writes)
[2026-03-14 23:43:41.883] [debug] HBM2-CH_4: BW utilization 79% (4231 reads, 3416 writes)
[2026-03-14 23:43:41.883] [debug] HBM2-CH_5: BW utilization 79% (4222 reads, 3422 writes)
[2026-03-14 23:43:41.883] [debug] HBM2-CH_6: BW utilization 79% (4206 reads, 3438 writes)
[2026-03-14 23:43:41.883] [debug] HBM2-CH_7: BW utilization 79% (4216 reads, 3416 writes)
[2026-03-14 23:43:41.883] [debug] HBM2-CH_8: BW utilization 79% (4226 reads, 3442 writes)
[2026-03-14 23:43:41.883] [debug] HBM2-CH_9: BW utilization 79% (4202 reads, 3446 writes)
[2026-03-14 23:43:41.883] [debug] HBM2-CH_10: BW utilization 79% (4215 reads, 3446 writes)
[2026-03-14 23:43:41.883] [debug] HBM2-CH_11: BW utilization 79% (4232 reads, 3411 writes)
[2026-03-14 23:43:41.883] [debug] HBM2-CH_12: BW utilization 79% (4210 reads, 3445 writes)
[2026-03-14 23:43:41.883] [debug] HBM2-CH_13: BW utilization 79% (4220 reads, 3433 writes)
[2026-03-14 23:43:41.883] [debug] HBM2-CH_14: BW utilization 79% (4197 reads, 3442 writes)
[2026-03-14 23:43:41.883] [debug] HBM2-CH_15: BW utilization 79% (4219 reads, 3436 writes)
[2026-03-14 23:43:41.898] [info] Tile  status /Gather_32, instructions left 1
[2026-03-14 23:43:41.898] [info] Core [0] Tile Stats | Issued: 36 Running: 1 Finished: 35
[2026-03-14 23:43:41.898] [info] cycle: [432000]
[2026-03-14 23:43:41.898] [info] Core [1] Tile Stats | Issued: 35 Running: 0 Finished: 35
[2026-03-14 23:43:41.898] [info] cycle: [432000]
[2026-03-14 23:43:41.898] [info] Core [2] Tile Stats | Issued: 35 Running: 0 Finished: 35
[2026-03-14 23:43:41.898] [info] cycle: [432000]
[2026-03-14 23:43:41.898] [info] Core [3] Tile Stats | Issued: 35 Running: 0 Finished: 35
[2026-03-14 23:43:41.898] [info] cycle: [432000]
[2026-03-14 23:43:41.980] [debug] Layer 382 Core 0 Finish Tile at 432838 Remain tile 1
[2026-03-14 23:43:41.980] [info] Layer /Gather_32 finish at 432838
[2026-03-14 23:43:41.980] [info] Total compute time 3006
[2026-03-14 23:43:41.980] [info] executable layer count 31
[2026-03-14 23:43:41.980] [info] Start layer /Gather_9
[2026-03-14 23:43:41.980] [debug] Layer /Gather_9 Core 1 Get Tile at 432838
[2026-03-14 23:43:42.231] [debug] Layer 308 Core 1 Finish Tile at 435877 Remain tile 1
[2026-03-14 23:43:42.231] [info] Layer /Gather_9 finish at 435877
[2026-03-14 23:43:42.231] [info] Total compute time 3039
[2026-03-14 23:43:42.231] [info] executable layer count 30
[2026-03-14 23:43:42.231] [info] Start layer /Gather_33
[2026-03-14 23:43:42.231] [debug] Layer /Gather_33 Core 2 Get Tile at 435877
[2026-03-14 23:43:42.437] [debug] Layer 384 Core 2 Finish Tile at 438891 Remain tile 1
[2026-03-14 23:43:42.437] [info] Layer /Gather_33 finish at 438891
[2026-03-14 23:43:42.437] [info] Total compute time 3014
[2026-03-14 23:43:42.437] [info] executable layer count 29
[2026-03-14 23:43:42.437] [info] Start layer /Gather_10
[2026-03-14 23:43:42.437] [debug] Layer /Gather_10 Core 3 Get Tile at 438891
[2026-03-14 23:43:42.487] [info] HBM2-CH_0: BW utilization 78% (4235 reads, 3322 writes)
[2026-03-14 23:43:42.487] [debug] HBM2-CH_1: BW utilization 78% (4207 reads, 3342 writes)
[2026-03-14 23:43:42.487] [debug] HBM2-CH_2: BW utilization 78% (4219 reads, 3340 writes)
[2026-03-14 23:43:42.487] [debug] HBM2-CH_3: BW utilization 78% (4246 reads, 3332 writes)
[2026-03-14 23:43:42.487] [debug] HBM2-CH_4: BW utilization 78% (4206 reads, 3353 writes)
[2026-03-14 23:43:42.487] [debug] HBM2-CH_5: BW utilization 78% (4230 reads, 3331 writes)
[2026-03-14 23:43:42.487] [debug] HBM2-CH_6: BW utilization 78% (4229 reads, 3331 writes)
[2026-03-14 23:43:42.487] [debug] HBM2-CH_7: BW utilization 78% (4220 reads, 3351 writes)
[2026-03-14 23:43:42.487] [debug] HBM2-CH_8: BW utilization 78% (4195 reads, 3328 writes)
[2026-03-14 23:43:42.487] [debug] HBM2-CH_9: BW utilization 78% (4248 reads, 3309 writes)
[2026-03-14 23:43:42.487] [debug] HBM2-CH_10: BW utilization 78% (4242 reads, 3309 writes)
[2026-03-14 23:43:42.487] [debug] HBM2-CH_11: BW utilization 78% (4220 reads, 3340 writes)
[2026-03-14 23:43:42.487] [debug] HBM2-CH_12: BW utilization 78% (4212 reads, 3326 writes)
[2026-03-14 23:43:42.487] [debug] HBM2-CH_13: BW utilization 78% (4244 reads, 3297 writes)
[2026-03-14 23:43:42.487] [debug] HBM2-CH_14: BW utilization 78% (4258 reads, 3298 writes)
[2026-03-14 23:43:42.487] [debug] HBM2-CH_15: BW utilization 78% (4231 reads, 3317 writes)
[2026-03-14 23:43:42.497] [info] Core [0] Tile Stats | Issued: 36 Running: 0 Finished: 36
[2026-03-14 23:43:42.497] [info] cycle: [440000]
[2026-03-14 23:43:42.497] [info] Core [1] Tile Stats | Issued: 36 Running: 0 Finished: 36
[2026-03-14 23:43:42.497] [info] cycle: [440000]
[2026-03-14 23:43:42.497] [info] Core [2] Tile Stats | Issued: 36 Running: 0 Finished: 36
[2026-03-14 23:43:42.497] [info] cycle: [440000]
[2026-03-14 23:43:42.497] [info] Tile  status /Gather_10, instructions left 1
[2026-03-14 23:43:42.497] [info] Core [3] Tile Stats | Issued: 36 Running: 1 Finished: 35
[2026-03-14 23:43:42.497] [info] cycle: [440000]
[2026-03-14 23:43:42.617] [debug] Layer 312 Core 3 Finish Tile at 441908 Remain tile 1
[2026-03-14 23:43:42.617] [info] Layer /Gather_10 finish at 441908
[2026-03-14 23:43:42.617] [info] Total compute time 3017
[2026-03-14 23:43:42.617] [info] executable layer count 28
[2026-03-14 23:43:42.617] [info] Start layer /Gather_34
[2026-03-14 23:43:42.617] [debug] Layer /Gather_34 Core 0 Get Tile at 441909
[2026-03-14 23:43:42.831] [debug] Layer 386 Core 0 Finish Tile at 444991 Remain tile 1
[2026-03-14 23:43:42.831] [info] Layer /Gather_34 finish at 444991
[2026-03-14 23:43:42.831] [info] Total compute time 3083
[2026-03-14 23:43:42.831] [info] executable layer count 27
[2026-03-14 23:43:42.831] [info] Start layer /Gather_11
[2026-03-14 23:43:42.831] [debug] Layer /Gather_11 Core 1 Get Tile at 444991
[2026-03-14 23:43:43.017] [info] HBM2-CH_0: BW utilization 79% (3034 reads, 4643 writes)
[2026-03-14 23:43:43.017] [debug] HBM2-CH_1: BW utilization 80% (3039 reads, 4647 writes)
[2026-03-14 23:43:43.017] [debug] HBM2-CH_2: BW utilization 79% (3032 reads, 4645 writes)
[2026-03-14 23:43:43.017] [debug] HBM2-CH_3: BW utilization 79% (3011 reads, 4658 writes)
[2026-03-14 23:43:43.017] [debug] HBM2-CH_4: BW utilization 79% (3024 reads, 4628 writes)
[2026-03-14 23:43:43.017] [debug] HBM2-CH_5: BW utilization 79% (3002 reads, 4666 writes)
[2026-03-14 23:43:43.017] [debug] HBM2-CH_6: BW utilization 79% (3008 reads, 4658 writes)
[2026-03-14 23:43:43.017] [debug] HBM2-CH_7: BW utilization 79% (3032 reads, 4629 writes)
[2026-03-14 23:43:43.017] [debug] HBM2-CH_8: BW utilization 79% (3012 reads, 4638 writes)
[2026-03-14 23:43:43.017] [debug] HBM2-CH_9: BW utilization 80% (3024 reads, 4677 writes)
[2026-03-14 23:43:43.017] [debug] HBM2-CH_10: BW utilization 80% (3014 reads, 4674 writes)
[2026-03-14 23:43:43.017] [debug] HBM2-CH_11: BW utilization 79% (3019 reads, 4651 writes)
[2026-03-14 23:43:43.017] [debug] HBM2-CH_12: BW utilization 80% (3050 reads, 4655 writes)
[2026-03-14 23:43:43.017] [debug] HBM2-CH_13: BW utilization 79% (2995 reads, 4665 writes)
[2026-03-14 23:43:43.017] [debug] HBM2-CH_14: BW utilization 79% (3004 reads, 4674 writes)
[2026-03-14 23:43:43.017] [debug] HBM2-CH_15: BW utilization 79% (3000 reads, 4678 writes)
[2026-03-14 23:43:43.027] [info] Core [0] Tile Stats | Issued: 37 Running: 0 Finished: 37
[2026-03-14 23:43:43.027] [info] cycle: [448000]
[2026-03-14 23:43:43.027] [info] Tile  status /Gather_11, instructions left 1
[2026-03-14 23:43:43.027] [info] Core [1] Tile Stats | Issued: 37 Running: 1 Finished: 36
[2026-03-14 23:43:43.027] [info] cycle: [448000]
[2026-03-14 23:43:43.027] [info] Core [2] Tile Stats | Issued: 36 Running: 0 Finished: 36
[2026-03-14 23:43:43.027] [info] cycle: [448000]
[2026-03-14 23:43:43.027] [info] Core [3] Tile Stats | Issued: 36 Running: 0 Finished: 36
[2026-03-14 23:43:43.027] [info] cycle: [448000]
[2026-03-14 23:43:43.028] [debug] Layer 316 Core 1 Finish Tile at 448021 Remain tile 1
[2026-03-14 23:43:43.028] [info] Layer /Gather_11 finish at 448021
[2026-03-14 23:43:43.028] [info] Total compute time 3030
[2026-03-14 23:43:43.028] [info] executable layer count 26
[2026-03-14 23:43:43.028] [info] Start layer /Gather_35
[2026-03-14 23:43:43.028] [debug] Layer /Gather_35 Core 2 Get Tile at 448021
[2026-03-14 23:43:43.246] [debug] Layer 388 Core 2 Finish Tile at 451114 Remain tile 1
[2026-03-14 23:43:43.246] [info] Layer /Gather_35 finish at 451114
[2026-03-14 23:43:43.246] [info] Total compute time 3093
[2026-03-14 23:43:43.246] [info] executable layer count 25
[2026-03-14 23:43:43.246] [info] Start layer /Gather_12
[2026-03-14 23:43:43.246] [debug] Layer /Gather_12 Core 3 Get Tile at 451114
[2026-03-14 23:43:43.438] [debug] Layer 320 Core 3 Finish Tile at 454142 Remain tile 1
[2026-03-14 23:43:43.438] [info] Layer /Gather_12 finish at 454142
[2026-03-14 23:43:43.438] [info] Total compute time 3028
[2026-03-14 23:43:43.438] [info] executable layer count 24
[2026-03-14 23:43:43.438] [info] Start layer /Gather_36
[2026-03-14 23:43:43.438] [debug] Layer /Gather_36 Core 0 Get Tile at 454143
[2026-03-14 23:43:43.539] [info] HBM2-CH_0: BW utilization 78% (3960 reads, 3546 writes)
[2026-03-14 23:43:43.539] [debug] HBM2-CH_1: BW utilization 77% (3905 reads, 3543 writes)
[2026-03-14 23:43:43.539] [debug] HBM2-CH_2: BW utilization 77% (3896 reads, 3548 writes)
[2026-03-14 23:43:43.539] [debug] HBM2-CH_3: BW utilization 78% (3930 reads, 3558 writes)
[2026-03-14 23:43:43.539] [debug] HBM2-CH_4: BW utilization 78% (3956 reads, 3539 writes)
[2026-03-14 23:43:43.539] [debug] HBM2-CH_5: BW utilization 78% (3948 reads, 3550 writes)
[2026-03-14 23:43:43.539] [debug] HBM2-CH_6: BW utilization 78% (3962 reads, 3542 writes)
[2026-03-14 23:43:43.539] [debug] HBM2-CH_7: BW utilization 78% (3941 reads, 3551 writes)
[2026-03-14 23:43:43.539] [debug] HBM2-CH_8: BW utilization 78% (3964 reads, 3531 writes)
[2026-03-14 23:43:43.539] [debug] HBM2-CH_9: BW utilization 77% (3908 reads, 3533 writes)
[2026-03-14 23:43:43.539] [debug] HBM2-CH_10: BW utilization 77% (3940 reads, 3504 writes)
[2026-03-14 23:43:43.539] [debug] HBM2-CH_11: BW utilization 78% (3941 reads, 3549 writes)
[2026-03-14 23:43:43.539] [debug] HBM2-CH_12: BW utilization 77% (3916 reads, 3538 writes)
[2026-03-14 23:43:43.539] [debug] HBM2-CH_13: BW utilization 77% (3934 reads, 3546 writes)
[2026-03-14 23:43:43.539] [debug] HBM2-CH_14: BW utilization 77% (3915 reads, 3536 writes)
[2026-03-14 23:43:43.539] [debug] HBM2-CH_15: BW utilization 77% (3966 reads, 3501 writes)
[2026-03-14 23:43:43.551] [info] Tile  status /Gather_36, instructions left 1
[2026-03-14 23:43:43.551] [info] Core [0] Tile Stats | Issued: 38 Running: 1 Finished: 37
[2026-03-14 23:43:43.551] [info] cycle: [456000]
[2026-03-14 23:43:43.551] [info] Core [1] Tile Stats | Issued: 37 Running: 0 Finished: 37
[2026-03-14 23:43:43.551] [info] cycle: [456000]
[2026-03-14 23:43:43.551] [info] Core [2] Tile Stats | Issued: 37 Running: 0 Finished: 37
[2026-03-14 23:43:43.551] [info] cycle: [456000]
[2026-03-14 23:43:43.551] [info] Core [3] Tile Stats | Issued: 37 Running: 0 Finished: 37
[2026-03-14 23:43:43.551] [info] cycle: [456000]
[2026-03-14 23:43:43.639] [debug] Layer 390 Core 0 Finish Tile at 457154 Remain tile 1
[2026-03-14 23:43:43.639] [info] Layer /Gather_36 finish at 457154
[2026-03-14 23:43:43.639] [info] Total compute time 3012
[2026-03-14 23:43:43.639] [info] executable layer count 23
[2026-03-14 23:43:43.639] [info] Start layer /Gather_13
[2026-03-14 23:43:43.639] [debug] Layer /Gather_13 Core 1 Get Tile at 457154
[2026-03-14 23:43:43.836] [debug] Layer 324 Core 1 Finish Tile at 460184 Remain tile 1
[2026-03-14 23:43:43.836] [info] Layer /Gather_13 finish at 460184
[2026-03-14 23:43:43.836] [info] Total compute time 3030
[2026-03-14 23:43:43.836] [info] executable layer count 22
[2026-03-14 23:43:43.836] [info] Start layer /Gather_37
[2026-03-14 23:43:43.836] [debug] Layer /Gather_37 Core 2 Get Tile at 460184
[2026-03-14 23:43:44.038] [debug] Layer 392 Core 2 Finish Tile at 463176 Remain tile 1
[2026-03-14 23:43:44.038] [info] Layer /Gather_37 finish at 463176
[2026-03-14 23:43:44.038] [info] Total compute time 2992
[2026-03-14 23:43:44.038] [info] executable layer count 21
[2026-03-14 23:43:44.038] [info] Start layer /Gather_14
[2026-03-14 23:43:44.038] [debug] Layer /Gather_14 Core 3 Get Tile at 463176
[2026-03-14 23:43:44.070] [info] HBM2-CH_0: BW utilization 79% (4391 reads, 3196 writes)
[2026-03-14 23:43:44.070] [debug] HBM2-CH_1: BW utilization 79% (4435 reads, 3181 writes)
[2026-03-14 23:43:44.070] [debug] HBM2-CH_2: BW utilization 79% (4449 reads, 3181 writes)
[2026-03-14 23:43:44.070] [debug] HBM2-CH_3: BW utilization 79% (4423 reads, 3187 writes)
[2026-03-14 23:43:44.070] [debug] HBM2-CH_4: BW utilization 79% (4389 reads, 3195 writes)
[2026-03-14 23:43:44.070] [debug] HBM2-CH_5: BW utilization 79% (4442 reads, 3163 writes)
[2026-03-14 23:43:44.070] [debug] HBM2-CH_6: BW utilization 79% (4437 reads, 3163 writes)
[2026-03-14 23:43:44.070] [debug] HBM2-CH_7: BW utilization 78% (4396 reads, 3184 writes)
[2026-03-14 23:43:44.070] [debug] HBM2-CH_8: BW utilization 79% (4420 reads, 3186 writes)
[2026-03-14 23:43:44.070] [debug] HBM2-CH_9: BW utilization 79% (4464 reads, 3167 writes)
[2026-03-14 23:43:44.070] [debug] HBM2-CH_10: BW utilization 79% (4430 reads, 3199 writes)
[2026-03-14 23:43:44.070] [debug] HBM2-CH_11: BW utilization 79% (4397 reads, 3195 writes)
[2026-03-14 23:43:44.070] [debug] HBM2-CH_12: BW utilization 79% (4451 reads, 3168 writes)
[2026-03-14 23:43:44.070] [debug] HBM2-CH_13: BW utilization 79% (4430 reads, 3178 writes)
[2026-03-14 23:43:44.070] [debug] HBM2-CH_14: BW utilization 79% (4438 reads, 3176 writes)
[2026-03-14 23:43:44.070] [debug] HBM2-CH_15: BW utilization 79% (4424 reads, 3200 writes)
[2026-03-14 23:43:44.080] [info] Core [0] Tile Stats | Issued: 38 Running: 0 Finished: 38
[2026-03-14 23:43:44.080] [info] cycle: [464000]
[2026-03-14 23:43:44.080] [info] Core [1] Tile Stats | Issued: 38 Running: 0 Finished: 38
[2026-03-14 23:43:44.080] [info] cycle: [464000]
[2026-03-14 23:43:44.080] [info] Core [2] Tile Stats | Issued: 38 Running: 0 Finished: 38
[2026-03-14 23:43:44.080] [info] cycle: [464000]
[2026-03-14 23:43:44.080] [info] Tile  status /Gather_14, instructions left 1
[2026-03-14 23:43:44.080] [info] Core [3] Tile Stats | Issued: 38 Running: 1 Finished: 37
[2026-03-14 23:43:44.080] [info] cycle: [464000]
[2026-03-14 23:43:44.223] [debug] Layer 328 Core 3 Finish Tile at 466199 Remain tile 1
[2026-03-14 23:43:44.223] [info] Layer /Gather_14 finish at 466199
[2026-03-14 23:43:44.223] [info] Total compute time 3023
[2026-03-14 23:43:44.223] [info] executable layer count 20
[2026-03-14 23:43:44.223] [info] Start layer /Gather_38
[2026-03-14 23:43:44.223] [debug] Layer /Gather_38 Core 0 Get Tile at 466200
[2026-03-14 23:43:44.437] [debug] Layer 394 Core 0 Finish Tile at 469221 Remain tile 1
[2026-03-14 23:43:44.437] [info] Layer /Gather_38 finish at 469221
[2026-03-14 23:43:44.437] [info] Total compute time 3022
[2026-03-14 23:43:44.437] [info] executable layer count 19
[2026-03-14 23:43:44.437] [info] Start layer /Gather_15
[2026-03-14 23:43:44.437] [debug] Layer /Gather_15 Core 1 Get Tile at 469221
[2026-03-14 23:43:44.599] [info] HBM2-CH_0: BW utilization 80% (3172 reads, 4551 writes)
[2026-03-14 23:43:44.599] [debug] HBM2-CH_1: BW utilization 80% (3176 reads, 4541 writes)
[2026-03-14 23:43:44.599] [debug] HBM2-CH_2: BW utilization 80% (3171 reads, 4540 writes)
[2026-03-14 23:43:44.599] [debug] HBM2-CH_3: BW utilization 80% (3145 reads, 4556 writes)
[2026-03-14 23:43:44.599] [debug] HBM2-CH_4: BW utilization 80% (3152 reads, 4559 writes)
[2026-03-14 23:43:44.599] [debug] HBM2-CH_5: BW utilization 80% (3118 reads, 4579 writes)
[2026-03-14 23:43:44.599] [debug] HBM2-CH_6: BW utilization 80% (3122 reads, 4580 writes)
[2026-03-14 23:43:44.599] [debug] HBM2-CH_7: BW utilization 80% (3155 reads, 4557 writes)
[2026-03-14 23:43:44.599] [debug] HBM2-CH_8: BW utilization 80% (3157 reads, 4562 writes)
[2026-03-14 23:43:44.599] [debug] HBM2-CH_9: BW utilization 80% (3132 reads, 4580 writes)
[2026-03-14 23:43:44.599] [debug] HBM2-CH_10: BW utilization 80% (3130 reads, 4576 writes)
[2026-03-14 23:43:44.599] [debug] HBM2-CH_11: BW utilization 80% (3177 reads, 4532 writes)
[2026-03-14 23:43:44.599] [debug] HBM2-CH_12: BW utilization 80% (3158 reads, 4573 writes)
[2026-03-14 23:43:44.599] [debug] HBM2-CH_13: BW utilization 80% (3163 reads, 4558 writes)
[2026-03-14 23:43:44.599] [debug] HBM2-CH_14: BW utilization 80% (3141 reads, 4552 writes)
[2026-03-14 23:43:44.599] [debug] HBM2-CH_15: BW utilization 80% (3153 reads, 4566 writes)
[2026-03-14 23:43:44.612] [info] Core [0] Tile Stats | Issued: 39 Running: 0 Finished: 39
[2026-03-14 23:43:44.612] [info] cycle: [472000]
[2026-03-14 23:43:44.612] [info] Tile  status /Gather_15, instructions left 1
[2026-03-14 23:43:44.612] [info] Core [1] Tile Stats | Issued: 39 Running: 1 Finished: 38
[2026-03-14 23:43:44.612] [info] cycle: [472000]
[2026-03-14 23:43:44.612] [info] Core [2] Tile Stats | Issued: 38 Running: 0 Finished: 38
[2026-03-14 23:43:44.612] [info] cycle: [472000]
[2026-03-14 23:43:44.612] [info] Core [3] Tile Stats | Issued: 38 Running: 0 Finished: 38
[2026-03-14 23:43:44.612] [info] cycle: [472000]
[2026-03-14 23:43:44.627] [debug] Layer 332 Core 1 Finish Tile at 472243 Remain tile 1
[2026-03-14 23:43:44.627] [info] Layer /Gather_15 finish at 472243
[2026-03-14 23:43:44.627] [info] Total compute time 3022
[2026-03-14 23:43:44.627] [info] executable layer count 18
[2026-03-14 23:43:44.627] [info] Start layer /Gather_39
[2026-03-14 23:43:44.627] [debug] Layer /Gather_39 Core 2 Get Tile at 472243
[2026-03-14 23:43:44.824] [debug] Layer 396 Core 2 Finish Tile at 475270 Remain tile 1
[2026-03-14 23:43:44.824] [info] Layer /Gather_39 finish at 475270
[2026-03-14 23:43:44.824] [info] Total compute time 3027
[2026-03-14 23:43:44.824] [info] executable layer count 17
[2026-03-14 23:43:44.824] [info] Start layer /Gather_16
[2026-03-14 23:43:44.824] [debug] Layer /Gather_16 Core 3 Get Tile at 475270
[2026-03-14 23:43:45.059] [debug] Layer 336 Core 3 Finish Tile at 478296 Remain tile 1
[2026-03-14 23:43:45.059] [info] Layer /Gather_16 finish at 478296
[2026-03-14 23:43:45.059] [info] Total compute time 3026
[2026-03-14 23:43:45.060] [info] executable layer count 16
[2026-03-14 23:43:45.060] [info] Start layer /Gather_40
[2026-03-14 23:43:45.060] [debug] Layer /Gather_40 Core 0 Get Tile at 478297
[2026-03-14 23:43:45.181] [info] HBM2-CH_0: BW utilization 78% (3765 reads, 3784 writes)
[2026-03-14 23:43:45.181] [debug] HBM2-CH_1: BW utilization 78% (3734 reads, 3792 writes)
[2026-03-14 23:43:45.181] [debug] HBM2-CH_2: BW utilization 78% (3746 reads, 3789 writes)
[2026-03-14 23:43:45.181] [debug] HBM2-CH_3: BW utilization 78% (3793 reads, 3776 writes)
[2026-03-14 23:43:45.181] [debug] HBM2-CH_4: BW utilization 78% (3767 reads, 3753 writes)
[2026-03-14 23:43:45.181] [debug] HBM2-CH_5: BW utilization 78% (3816 reads, 3766 writes)
[2026-03-14 23:43:45.181] [debug] HBM2-CH_6: BW utilization 78% (3804 reads, 3765 writes)
[2026-03-14 23:43:45.181] [debug] HBM2-CH_7: BW utilization 78% (3761 reads, 3778 writes)
[2026-03-14 23:43:45.181] [debug] HBM2-CH_8: BW utilization 78% (3808 reads, 3756 writes)
[2026-03-14 23:43:45.181] [debug] HBM2-CH_9: BW utilization 78% (3791 reads, 3780 writes)
[2026-03-14 23:43:45.181] [debug] HBM2-CH_10: BW utilization 79% (3808 reads, 3784 writes)
[2026-03-14 23:43:45.181] [debug] HBM2-CH_11: BW utilization 78% (3772 reads, 3798 writes)
[2026-03-14 23:43:45.181] [debug] HBM2-CH_12: BW utilization 78% (3772 reads, 3783 writes)
[2026-03-14 23:43:45.181] [debug] HBM2-CH_13: BW utilization 78% (3741 reads, 3790 writes)
[2026-03-14 23:43:45.181] [debug] HBM2-CH_14: BW utilization 78% (3751 reads, 3778 writes)
[2026-03-14 23:43:45.181] [debug] HBM2-CH_15: BW utilization 78% (3787 reads, 3777 writes)
[2026-03-14 23:43:45.202] [info] Tile  status /Gather_40, instructions left 1
[2026-03-14 23:43:45.202] [info] Core [0] Tile Stats | Issued: 40 Running: 1 Finished: 39
[2026-03-14 23:43:45.202] [info] cycle: [480000]
[2026-03-14 23:43:45.202] [info] Core [1] Tile Stats | Issued: 39 Running: 0 Finished: 39
[2026-03-14 23:43:45.202] [info] cycle: [480000]
[2026-03-14 23:43:45.202] [info] Core [2] Tile Stats | Issued: 39 Running: 0 Finished: 39
[2026-03-14 23:43:45.202] [info] cycle: [480000]
[2026-03-14 23:43:45.202] [info] Core [3] Tile Stats | Issued: 39 Running: 0 Finished: 39
[2026-03-14 23:43:45.202] [info] cycle: [480000]
[2026-03-14 23:43:45.307] [debug] Layer 398 Core 0 Finish Tile at 481313 Remain tile 1
[2026-03-14 23:43:45.307] [info] Layer /Gather_40 finish at 481313
[2026-03-14 23:43:45.307] [info] Total compute time 3017
[2026-03-14 23:43:45.307] [info] executable layer count 15
[2026-03-14 23:43:45.307] [info] Start layer /Gather_17
[2026-03-14 23:43:45.307] [debug] Layer /Gather_17 Core 1 Get Tile at 481313
[2026-03-14 23:43:45.551] [debug] Layer 340 Core 1 Finish Tile at 484340 Remain tile 1
[2026-03-14 23:43:45.551] [info] Layer /Gather_17 finish at 484340
[2026-03-14 23:43:45.551] [info] Total compute time 3027
[2026-03-14 23:43:45.551] [info] executable layer count 14
[2026-03-14 23:43:45.551] [info] Start layer /Gather_41
[2026-03-14 23:43:45.551] [debug] Layer /Gather_41 Core 2 Get Tile at 484340
[2026-03-14 23:43:45.786] [debug] Layer 400 Core 2 Finish Tile at 487355 Remain tile 1
[2026-03-14 23:43:45.786] [info] Layer /Gather_41 finish at 487355
[2026-03-14 23:43:45.786] [info] Total compute time 3015
[2026-03-14 23:43:45.786] [info] executable layer count 13
[2026-03-14 23:43:45.786] [info] Start layer /Gather_18
[2026-03-14 23:43:45.786] [debug] Layer /Gather_18 Core 3 Get Tile at 487355
[2026-03-14 23:43:45.811] [info] HBM2-CH_0: BW utilization 78% (4518 reads, 3065 writes)
[2026-03-14 23:43:45.811] [debug] HBM2-CH_1: BW utilization 79% (4526 reads, 3087 writes)
[2026-03-14 23:43:45.811] [debug] HBM2-CH_2: BW utilization 79% (4515 reads, 3091 writes)
[2026-03-14 23:43:45.811] [debug] HBM2-CH_3: BW utilization 79% (4524 reads, 3076 writes)
[2026-03-14 23:43:45.811] [debug] HBM2-CH_4: BW utilization 79% (4515 reads, 3103 writes)
[2026-03-14 23:43:45.811] [debug] HBM2-CH_5: BW utilization 79% (4491 reads, 3094 writes)
[2026-03-14 23:43:45.811] [debug] HBM2-CH_6: BW utilization 79% (4483 reads, 3101 writes)
[2026-03-14 23:43:45.811] [debug] HBM2-CH_7: BW utilization 79% (4507 reads, 3084 writes)
[2026-03-14 23:43:45.811] [debug] HBM2-CH_8: BW utilization 78% (4485 reads, 3096 writes)
[2026-03-14 23:43:45.811] [debug] HBM2-CH_9: BW utilization 78% (4499 reads, 3081 writes)
[2026-03-14 23:43:45.811] [debug] HBM2-CH_10: BW utilization 78% (4492 reads, 3081 writes)
[2026-03-14 23:43:45.811] [debug] HBM2-CH_11: BW utilization 78% (4510 reads, 3064 writes)
[2026-03-14 23:43:45.811] [debug] HBM2-CH_12: BW utilization 79% (4501 reads, 3085 writes)
[2026-03-14 23:43:45.811] [debug] HBM2-CH_13: BW utilization 79% (4527 reads, 3068 writes)
[2026-03-14 23:43:45.811] [debug] HBM2-CH_14: BW utilization 79% (4546 reads, 3089 writes)
[2026-03-14 23:43:45.811] [debug] HBM2-CH_15: BW utilization 79% (4488 reads, 3098 writes)
[2026-03-14 23:43:45.825] [info] Core [0] Tile Stats | Issued: 40 Running: 0 Finished: 40
[2026-03-14 23:43:45.825] [info] cycle: [488000]
[2026-03-14 23:43:45.825] [info] Core [1] Tile Stats | Issued: 40 Running: 0 Finished: 40
[2026-03-14 23:43:45.825] [info] cycle: [488000]
[2026-03-14 23:43:45.825] [info] Core [2] Tile Stats | Issued: 40 Running: 0 Finished: 40
[2026-03-14 23:43:45.825] [info] cycle: [488000]
[2026-03-14 23:43:45.825] [info] Tile  status /Gather_18, instructions left 1
[2026-03-14 23:43:45.825] [info] Core [3] Tile Stats | Issued: 40 Running: 1 Finished: 39
[2026-03-14 23:43:45.825] [info] cycle: [488000]
[2026-03-14 23:43:46.013] [debug] Layer 344 Core 3 Finish Tile at 490385 Remain tile 1
[2026-03-14 23:43:46.013] [info] Layer /Gather_18 finish at 490385
[2026-03-14 23:43:46.013] [info] Total compute time 3030
[2026-03-14 23:43:46.013] [info] executable layer count 12
[2026-03-14 23:43:46.013] [info] Start layer /Gather_42
[2026-03-14 23:43:46.013] [debug] Layer /Gather_42 Core 0 Get Tile at 490386
[2026-03-14 23:43:46.257] [debug] Layer 402 Core 0 Finish Tile at 493507 Remain tile 1
[2026-03-14 23:43:46.257] [info] Layer /Gather_42 finish at 493507
[2026-03-14 23:43:46.257] [info] Total compute time 3122
[2026-03-14 23:43:46.257] [info] executable layer count 11
[2026-03-14 23:43:46.257] [info] Start layer /Gather_19
[2026-03-14 23:43:46.257] [debug] Layer /Gather_19 Core 1 Get Tile at 493507
[2026-03-14 23:43:46.399] [info] HBM2-CH_0: BW utilization 79% (3219 reads, 4388 writes)
[2026-03-14 23:43:46.399] [debug] HBM2-CH_1: BW utilization 78% (3252 reads, 4323 writes)
[2026-03-14 23:43:46.399] [debug] HBM2-CH_2: BW utilization 79% (3247 reads, 4344 writes)
[2026-03-14 23:43:46.399] [debug] HBM2-CH_3: BW utilization 78% (3215 reads, 4364 writes)
[2026-03-14 23:43:46.399] [debug] HBM2-CH_4: BW utilization 79% (3257 reads, 4349 writes)
[2026-03-14 23:43:46.399] [debug] HBM2-CH_5: BW utilization 79% (3225 reads, 4363 writes)
[2026-03-14 23:43:46.399] [debug] HBM2-CH_6: BW utilization 79% (3268 reads, 4359 writes)
[2026-03-14 23:43:46.399] [debug] HBM2-CH_7: BW utilization 79% (3269 reads, 4346 writes)
[2026-03-14 23:43:46.399] [debug] HBM2-CH_8: BW utilization 79% (3204 reads, 4381 writes)
[2026-03-14 23:43:46.399] [debug] HBM2-CH_9: BW utilization 79% (3255 reads, 4360 writes)
[2026-03-14 23:43:46.399] [debug] HBM2-CH_10: BW utilization 79% (3247 reads, 4357 writes)
[2026-03-14 23:43:46.399] [debug] HBM2-CH_11: BW utilization 79% (3224 reads, 4386 writes)
[2026-03-14 23:43:46.399] [debug] HBM2-CH_12: BW utilization 79% (3226 reads, 4367 writes)
[2026-03-14 23:43:46.399] [debug] HBM2-CH_13: BW utilization 79% (3249 reads, 4384 writes)
[2026-03-14 23:43:46.399] [debug] HBM2-CH_14: BW utilization 79% (3245 reads, 4362 writes)
[2026-03-14 23:43:46.399] [debug] HBM2-CH_15: BW utilization 79% (3219 reads, 4367 writes)
[2026-03-14 23:43:46.416] [info] Core [0] Tile Stats | Issued: 41 Running: 0 Finished: 41
[2026-03-14 23:43:46.416] [info] cycle: [496000]
[2026-03-14 23:43:46.416] [info] Tile  status /Gather_19, instructions left 1
[2026-03-14 23:43:46.416] [info] Core [1] Tile Stats | Issued: 41 Running: 1 Finished: 40
[2026-03-14 23:43:46.416] [info] cycle: [496000]
[2026-03-14 23:43:46.416] [info] Core [2] Tile Stats | Issued: 40 Running: 0 Finished: 40
[2026-03-14 23:43:46.416] [info] cycle: [496000]
[2026-03-14 23:43:46.416] [info] Core [3] Tile Stats | Issued: 40 Running: 0 Finished: 40
[2026-03-14 23:43:46.416] [info] cycle: [496000]
[2026-03-14 23:43:46.456] [debug] Layer 348 Core 1 Finish Tile at 496526 Remain tile 1
[2026-03-14 23:43:46.456] [info] Layer /Gather_19 finish at 496526
[2026-03-14 23:43:46.456] [info] Total compute time 3019
[2026-03-14 23:43:46.456] [info] executable layer count 10
[2026-03-14 23:43:46.456] [info] Start layer /Gather_43
[2026-03-14 23:43:46.456] [debug] Layer /Gather_43 Core 2 Get Tile at 496526
[2026-03-14 23:43:46.690] [debug] Layer 404 Core 2 Finish Tile at 499633 Remain tile 1
[2026-03-14 23:43:46.690] [info] Layer /Gather_43 finish at 499633
[2026-03-14 23:43:46.690] [info] Total compute time 3107
[2026-03-14 23:43:46.690] [info] executable layer count 9
[2026-03-14 23:43:46.690] [info] Start layer /Gather_20
[2026-03-14 23:43:46.690] [debug] Layer /Gather_20 Core 3 Get Tile at 499633
[2026-03-14 23:43:47.003] [debug] Layer 352 Core 3 Finish Tile at 502669 Remain tile 1
[2026-03-14 23:43:47.004] [info] Layer /Gather_20 finish at 502669
[2026-03-14 23:43:47.004] [info] Total compute time 3036
[2026-03-14 23:43:47.004] [info] executable layer count 8
[2026-03-14 23:43:47.004] [info] Start layer /Gather_44
[2026-03-14 23:43:47.004] [debug] Layer /Gather_44 Core 0 Get Tile at 502670
[2026-03-14 23:43:47.115] [info] HBM2-CH_0: BW utilization 77% (3453 reads, 4012 writes)
[2026-03-14 23:43:47.115] [debug] HBM2-CH_1: BW utilization 77% (3425 reads, 4060 writes)
[2026-03-14 23:43:47.115] [debug] HBM2-CH_2: BW utilization 77% (3426 reads, 4040 writes)
[2026-03-14 23:43:47.115] [debug] HBM2-CH_3: BW utilization 77% (3411 reads, 4057 writes)
[2026-03-14 23:43:47.115] [debug] HBM2-CH_4: BW utilization 77% (3423 reads, 4038 writes)
[2026-03-14 23:43:47.115] [debug] HBM2-CH_5: BW utilization 77% (3448 reads, 4019 writes)
[2026-03-14 23:43:47.115] [debug] HBM2-CH_6: BW utilization 77% (3385 reads, 4048 writes)
[2026-03-14 23:43:47.115] [debug] HBM2-CH_7: BW utilization 77% (3394 reads, 4018 writes)
[2026-03-14 23:43:47.115] [debug] HBM2-CH_8: BW utilization 77% (3440 reads, 4033 writes)
[2026-03-14 23:43:47.115] [debug] HBM2-CH_9: BW utilization 77% (3387 reads, 4052 writes)
[2026-03-14 23:43:47.115] [debug] HBM2-CH_10: BW utilization 77% (3423 reads, 4023 writes)
[2026-03-14 23:43:47.115] [debug] HBM2-CH_11: BW utilization 77% (3430 reads, 4018 writes)
[2026-03-14 23:43:47.115] [debug] HBM2-CH_12: BW utilization 77% (3422 reads, 4016 writes)
[2026-03-14 23:43:47.116] [debug] HBM2-CH_13: BW utilization 77% (3383 reads, 4040 writes)
[2026-03-14 23:43:47.116] [debug] HBM2-CH_14: BW utilization 77% (3388 reads, 4031 writes)
[2026-03-14 23:43:47.116] [debug] HBM2-CH_15: BW utilization 77% (3458 reads, 4012 writes)
[2026-03-14 23:43:47.141] [info] Tile  status /Gather_44, instructions left 1
[2026-03-14 23:43:47.141] [info] Core [0] Tile Stats | Issued: 42 Running: 1 Finished: 41
[2026-03-14 23:43:47.141] [info] cycle: [504000]
[2026-03-14 23:43:47.141] [info] Core [1] Tile Stats | Issued: 41 Running: 0 Finished: 41
[2026-03-14 23:43:47.141] [info] cycle: [504000]
[2026-03-14 23:43:47.141] [info] Core [2] Tile Stats | Issued: 41 Running: 0 Finished: 41
[2026-03-14 23:43:47.141] [info] cycle: [504000]
[2026-03-14 23:43:47.141] [info] Core [3] Tile Stats | Issued: 41 Running: 0 Finished: 41
[2026-03-14 23:43:47.141] [info] cycle: [504000]
[2026-03-14 23:43:47.334] [debug] Layer 406 Core 0 Finish Tile at 505711 Remain tile 1
[2026-03-14 23:43:47.334] [info] Layer /Gather_44 finish at 505711
[2026-03-14 23:43:47.334] [info] Total compute time 3042
[2026-03-14 23:43:47.334] [info] executable layer count 7
[2026-03-14 23:43:47.334] [info] Start layer /Gather_21
[2026-03-14 23:43:47.334] [debug] Layer /Gather_21 Core 1 Get Tile at 505711
[2026-03-14 23:43:47.622] [debug] Layer 356 Core 1 Finish Tile at 508745 Remain tile 1
[2026-03-14 23:43:47.622] [info] Layer /Gather_21 finish at 508745
[2026-03-14 23:43:47.622] [info] Total compute time 3034
[2026-03-14 23:43:47.622] [info] executable layer count 6
[2026-03-14 23:43:47.622] [info] Start layer /Gather_45
[2026-03-14 23:43:47.622] [debug] Layer /Gather_45 Core 2 Get Tile at 508745
[2026-03-14 23:43:47.836] [debug] Layer 408 Core 2 Finish Tile at 511752 Remain tile 1
[2026-03-14 23:43:47.836] [info] Layer /Gather_45 finish at 511752
[2026-03-14 23:43:47.836] [info] Total compute time 3007
[2026-03-14 23:43:47.836] [info] executable layer count 5
[2026-03-14 23:43:47.836] [info] Start layer /Gather_22
[2026-03-14 23:43:47.836] [debug] Layer /Gather_22 Core 3 Get Tile at 511752
[2026-03-14 23:43:47.837] [info] HBM2-CH_0: BW utilization 79% (4684 reads, 2952 writes)
[2026-03-14 23:43:47.837] [debug] HBM2-CH_1: BW utilization 79% (4682 reads, 2944 writes)
[2026-03-14 23:43:47.837] [debug] HBM2-CH_2: BW utilization 79% (4686 reads, 2943 writes)
[2026-03-14 23:43:47.837] [debug] HBM2-CH_3: BW utilization 79% (4720 reads, 2920 writes)
[2026-03-14 23:43:47.837] [debug] HBM2-CH_4: BW utilization 79% (4683 reads, 2944 writes)
[2026-03-14 23:43:47.837] [debug] HBM2-CH_5: BW utilization 79% (4684 reads, 2952 writes)
[2026-03-14 23:43:47.837] [debug] HBM2-CH_6: BW utilization 79% (4723 reads, 2920 writes)
[2026-03-14 23:43:47.837] [debug] HBM2-CH_7: BW utilization 79% (4712 reads, 2963 writes)
[2026-03-14 23:43:47.837] [debug] HBM2-CH_8: BW utilization 79% (4690 reads, 2934 writes)
[2026-03-14 23:43:47.837] [debug] HBM2-CH_9: BW utilization 79% (4720 reads, 2920 writes)
[2026-03-14 23:43:47.837] [debug] HBM2-CH_10: BW utilization 79% (4689 reads, 2952 writes)
[2026-03-14 23:43:47.837] [debug] HBM2-CH_11: BW utilization 79% (4681 reads, 2943 writes)
[2026-03-14 23:43:47.837] [debug] HBM2-CH_12: BW utilization 79% (4710 reads, 2949 writes)
[2026-03-14 23:43:47.837] [debug] HBM2-CH_13: BW utilization 79% (4717 reads, 2919 writes)
[2026-03-14 23:43:47.837] [debug] HBM2-CH_14: BW utilization 79% (4713 reads, 2949 writes)
[2026-03-14 23:43:47.837] [debug] HBM2-CH_15: BW utilization 79% (4682 reads, 2953 writes)
[2026-03-14 23:43:47.847] [info] Core [0] Tile Stats | Issued: 42 Running: 0 Finished: 42
[2026-03-14 23:43:47.847] [info] cycle: [512000]
[2026-03-14 23:43:47.847] [info] Core [1] Tile Stats | Issued: 42 Running: 0 Finished: 42
[2026-03-14 23:43:47.847] [info] cycle: [512000]
[2026-03-14 23:43:47.847] [info] Core [2] Tile Stats | Issued: 42 Running: 0 Finished: 42
[2026-03-14 23:43:47.847] [info] cycle: [512000]
[2026-03-14 23:43:47.847] [info] Tile  status /Gather_22, instructions left 1
[2026-03-14 23:43:47.847] [info] Core [3] Tile Stats | Issued: 42 Running: 1 Finished: 41
[2026-03-14 23:43:47.847] [info] cycle: [512000]
[2026-03-14 23:43:48.046] [debug] Layer 360 Core 3 Finish Tile at 514787 Remain tile 1
[2026-03-14 23:43:48.047] [info] Layer /Gather_22 finish at 514787
[2026-03-14 23:43:48.047] [info] Total compute time 3035
[2026-03-14 23:43:48.047] [info] executable layer count 4
[2026-03-14 23:43:48.047] [info] Start layer /Gather_46
[2026-03-14 23:43:48.047] [debug] Layer /Gather_46 Core 0 Get Tile at 514788
[2026-03-14 23:43:48.281] [debug] Layer 410 Core 0 Finish Tile at 517782 Remain tile 1
[2026-03-14 23:43:48.281] [info] Layer /Gather_46 finish at 517782
[2026-03-14 23:43:48.281] [info] Total compute time 2995
[2026-03-14 23:43:48.281] [info] executable layer count 3
[2026-03-14 23:43:48.281] [info] Start layer /Gather_23
[2026-03-14 23:43:48.281] [debug] Layer /Gather_23 Core 1 Get Tile at 517782
[2026-03-14 23:43:48.504] [info] HBM2-CH_0: BW utilization 79% (3413 reads, 4256 writes)
[2026-03-14 23:43:48.504] [debug] HBM2-CH_1: BW utilization 79% (3410 reads, 4242 writes)
[2026-03-14 23:43:48.504] [debug] HBM2-CH_2: BW utilization 79% (3415 reads, 4240 writes)
[2026-03-14 23:43:48.504] [debug] HBM2-CH_3: BW utilization 79% (3395 reads, 4265 writes)
[2026-03-14 23:43:48.504] [debug] HBM2-CH_4: BW utilization 80% (3414 reads, 4272 writes)
[2026-03-14 23:43:48.504] [debug] HBM2-CH_5: BW utilization 79% (3413 reads, 4256 writes)
[2026-03-14 23:43:48.504] [debug] HBM2-CH_6: BW utilization 79% (3416 reads, 4257 writes)
[2026-03-14 23:43:48.504] [debug] HBM2-CH_7: BW utilization 80% (3411 reads, 4277 writes)
[2026-03-14 23:43:48.504] [debug] HBM2-CH_8: BW utilization 79% (3410 reads, 4240 writes)
[2026-03-14 23:43:48.504] [debug] HBM2-CH_9: BW utilization 79% (3416 reads, 4234 writes)
[2026-03-14 23:43:48.504] [debug] HBM2-CH_10: BW utilization 79% (3412 reads, 4242 writes)
[2026-03-14 23:43:48.504] [debug] HBM2-CH_11: BW utilization 79% (3410 reads, 4240 writes)
[2026-03-14 23:43:48.504] [debug] HBM2-CH_12: BW utilization 79% (3415 reads, 4248 writes)
[2026-03-14 23:43:48.504] [debug] HBM2-CH_13: BW utilization 80% (3409 reads, 4275 writes)
[2026-03-14 23:43:48.504] [debug] HBM2-CH_14: BW utilization 79% (3390 reads, 4272 writes)
[2026-03-14 23:43:48.504] [debug] HBM2-CH_15: BW utilization 79% (3408 reads, 4219 writes)
[2026-03-14 23:43:48.526] [info] Core [0] Tile Stats | Issued: 43 Running: 0 Finished: 43
[2026-03-14 23:43:48.526] [info] cycle: [520000]
[2026-03-14 23:43:48.526] [info] Tile  status /Gather_23, instructions left 1
[2026-03-14 23:43:48.526] [info] Core [1] Tile Stats | Issued: 43 Running: 1 Finished: 42
[2026-03-14 23:43:48.526] [info] cycle: [520000]
[2026-03-14 23:43:48.526] [info] Core [2] Tile Stats | Issued: 42 Running: 0 Finished: 42
[2026-03-14 23:43:48.526] [info] cycle: [520000]
[2026-03-14 23:43:48.526] [info] Core [3] Tile Stats | Issued: 42 Running: 0 Finished: 42
[2026-03-14 23:43:48.526] [info] cycle: [520000]
[2026-03-14 23:43:48.599] [debug] Layer 364 Core 1 Finish Tile at 520823 Remain tile 1
[2026-03-14 23:43:48.599] [info] Layer /Gather_23 finish at 520823
[2026-03-14 23:43:48.599] [info] Total compute time 3041
[2026-03-14 23:43:48.599] [info] executable layer count 2
[2026-03-14 23:43:48.599] [info] Start layer /Gather_47
[2026-03-14 23:43:48.599] [debug] Layer /Gather_47 Core 2 Get Tile at 520823
[2026-03-14 23:43:48.899] [debug] Layer 412 Core 2 Finish Tile at 523855 Remain tile 1
[2026-03-14 23:43:48.899] [info] Layer /Gather_47 finish at 523855
[2026-03-14 23:43:48.899] [info] Total compute time 3032
[2026-03-14 23:43:48.899] [info] executable layer count 1
[2026-03-14 23:43:48.899] [info] Start layer /m/layers/layers.0/MambaBlock
[2026-03-14 23:43:48.899] [debug] Layer /m/layers/layers.0/MambaBlock Core 3 Get Tile at 523855
[2026-03-14 23:43:49.080] [info] HBM2-CH_0: BW utilization 64% (2361 reads, 3805 writes)
[2026-03-14 23:43:49.080] [debug] HBM2-CH_1: BW utilization 64% (2358 reads, 3825 writes)
[2026-03-14 23:43:49.080] [debug] HBM2-CH_2: BW utilization 64% (2353 reads, 3827 writes)
[2026-03-14 23:43:49.080] [debug] HBM2-CH_3: BW utilization 64% (2379 reads, 3796 writes)
[2026-03-14 23:43:49.080] [debug] HBM2-CH_4: BW utilization 64% (2355 reads, 3795 writes)
[2026-03-14 23:43:49.080] [debug] HBM2-CH_5: BW utilization 64% (2361 reads, 3805 writes)
[2026-03-14 23:43:49.080] [debug] HBM2-CH_6: BW utilization 64% (2358 reads, 3804 writes)
[2026-03-14 23:43:49.080] [debug] HBM2-CH_7: BW utilization 64% (2357 reads, 3790 writes)
[2026-03-14 23:43:49.080] [debug] HBM2-CH_8: BW utilization 64% (2358 reads, 3827 writes)
[2026-03-14 23:43:49.080] [debug] HBM2-CH_9: BW utilization 64% (2358 reads, 3827 writes)
[2026-03-14 23:43:49.080] [debug] HBM2-CH_10: BW utilization 64% (2362 reads, 3819 writes)
[2026-03-14 23:43:49.080] [debug] HBM2-CH_11: BW utilization 64% (2358 reads, 3827 writes)
[2026-03-14 23:43:49.080] [debug] HBM2-CH_12: BW utilization 64% (2359 reads, 3813 writes)
[2026-03-14 23:43:49.080] [debug] HBM2-CH_13: BW utilization 64% (2359 reads, 3792 writes)
[2026-03-14 23:43:49.080] [debug] HBM2-CH_14: BW utilization 64% (2378 reads, 3795 writes)
[2026-03-14 23:43:49.080] [debug] HBM2-CH_15: BW utilization 64% (2366 reads, 3842 writes)
[2026-03-14 23:43:49.084] [info] Core [0] Tile Stats | Issued: 43 Running: 0 Finished: 43
[2026-03-14 23:43:49.084] [info] cycle: [528000]
[2026-03-14 23:43:49.084] [info] Core [1] Tile Stats | Issued: 43 Running: 0 Finished: 43
[2026-03-14 23:43:49.084] [info] cycle: [528000]
[2026-03-14 23:43:49.084] [info] Core [2] Tile Stats | Issued: 43 Running: 0 Finished: 43
[2026-03-14 23:43:49.084] [info] cycle: [528000]
[2026-03-14 23:43:49.084] [info] Tile  status /m/layers/layers.0/MambaBlock/full, instructions left 30
[2026-03-14 23:43:49.084] [info] Core [3] Tile Stats | Issued: 43 Running: 1 Finished: 42
[2026-03-14 23:43:49.084] [info] cycle: [528000]
[2026-03-14 23:43:49.209] [info] HBM2-CH_0: BW utilization 0% (0 reads, 0 writes)
[2026-03-14 23:43:49.209] [debug] HBM2-CH_1: BW utilization 0% (0 reads, 0 writes)
[2026-03-14 23:43:49.209] [debug] HBM2-CH_2: BW utilization 0% (0 reads, 0 writes)
[2026-03-14 23:43:49.209] [debug] HBM2-CH_3: BW utilization 0% (0 reads, 0 writes)
[2026-03-14 23:43:49.209] [debug] HBM2-CH_4: BW utilization 0% (0 reads, 0 writes)
[2026-03-14 23:43:49.209] [debug] HBM2-CH_5: BW utilization 0% (0 reads, 0 writes)
[2026-03-14 23:43:49.209] [debug] HBM2-CH_6: BW utilization 0% (0 reads, 0 writes)
[2026-03-14 23:43:49.209] [debug] HBM2-CH_7: BW utilization 0% (0 reads, 0 writes)
[2026-03-14 23:43:49.209] [debug] HBM2-CH_8: BW utilization 0% (0 reads, 0 writes)
[2026-03-14 23:43:49.209] [debug] HBM2-CH_9: BW utilization 0% (0 reads, 0 writes)
[2026-03-14 23:43:49.209] [debug] HBM2-CH_10: BW utilization 0% (0 reads, 0 writes)
[2026-03-14 23:43:49.209] [debug] HBM2-CH_11: BW utilization 0% (0 reads, 0 writes)
[2026-03-14 23:43:49.209] [debug] HBM2-CH_12: BW utilization 0% (0 reads, 0 writes)
[2026-03-14 23:43:49.209] [debug] HBM2-CH_13: BW utilization 0% (0 reads, 0 writes)
[2026-03-14 23:43:49.209] [debug] HBM2-CH_14: BW utilization 0% (0 reads, 0 writes)
[2026-03-14 23:43:49.209] [debug] HBM2-CH_15: BW utilization 0% (0 reads, 0 writes)
[2026-03-14 23:43:49.213] [info] Core [0] Tile Stats | Issued: 43 Running: 0 Finished: 43
[2026-03-14 23:43:49.213] [info] cycle: [536000]
[2026-03-14 23:43:49.213] [info] Core [1] Tile Stats | Issued: 43 Running: 0 Finished: 43
[2026-03-14 23:43:49.213] [info] cycle: [536000]
[2026-03-14 23:43:49.213] [info] Core [2] Tile Stats | Issued: 43 Running: 0 Finished: 43
[2026-03-14 23:43:49.213] [info] cycle: [536000]
[2026-03-14 23:43:49.213] [info] Tile  status /m/layers/layers.0/MambaBlock/full, instructions left 30
[2026-03-14 23:43:49.213] [info] Core [3] Tile Stats | Issued: 43 Running: 1 Finished: 42
[2026-03-14 23:43:49.213] [info] cycle: [536000]
[2026-03-14 23:43:49.365] [info] HBM2-CH_0: BW utilization 0% (0 reads, 0 writes)
[2026-03-14 23:43:49.365] [debug] HBM2-CH_1: BW utilization 0% (0 reads, 0 writes)
[2026-03-14 23:43:49.365] [debug] HBM2-CH_2: BW utilization 0% (0 reads, 0 writes)
[2026-03-14 23:43:49.365] [debug] HBM2-CH_3: BW utilization 0% (0 reads, 0 writes)
[2026-03-14 23:43:49.365] [debug] HBM2-CH_4: BW utilization 0% (0 reads, 0 writes)
[2026-03-14 23:43:49.365] [debug] HBM2-CH_5: BW utilization 0% (0 reads, 0 writes)
[2026-03-14 23:43:49.365] [debug] HBM2-CH_6: BW utilization 0% (0 reads, 0 writes)
[2026-03-14 23:43:49.365] [debug] HBM2-CH_7: BW utilization 0% (0 reads, 0 writes)
[2026-03-14 23:43:49.365] [debug] HBM2-CH_8: BW utilization 0% (0 reads, 0 writes)
[2026-03-14 23:43:49.365] [debug] HBM2-CH_9: BW utilization 0% (0 reads, 0 writes)
[2026-03-14 23:43:49.365] [debug] HBM2-CH_10: BW utilization 0% (0 reads, 0 writes)
[2026-03-14 23:43:49.365] [debug] HBM2-CH_11: BW utilization 0% (0 reads, 0 writes)
[2026-03-14 23:43:49.365] [debug] HBM2-CH_12: BW utilization 0% (0 reads, 0 writes)
[2026-03-14 23:43:49.365] [debug] HBM2-CH_13: BW utilization 0% (0 reads, 0 writes)
[2026-03-14 23:43:49.365] [debug] HBM2-CH_14: BW utilization 0% (0 reads, 0 writes)
[2026-03-14 23:43:49.365] [debug] HBM2-CH_15: BW utilization 0% (0 reads, 0 writes)
[2026-03-14 23:43:49.370] [info] Core [0] Tile Stats | Issued: 43 Running: 0 Finished: 43
[2026-03-14 23:43:49.370] [info] cycle: [544000]
[2026-03-14 23:43:49.370] [info] Core [1] Tile Stats | Issued: 43 Running: 0 Finished: 43
[2026-03-14 23:43:49.370] [info] cycle: [544000]
[2026-03-14 23:43:49.370] [info] Core [2] Tile Stats | Issued: 43 Running: 0 Finished: 43
[2026-03-14 23:43:49.370] [info] cycle: [544000]
[2026-03-14 23:43:49.370] [info] Tile  status /m/layers/layers.0/MambaBlock/full, instructions left 30
[2026-03-14 23:43:49.370] [info] Core [3] Tile Stats | Issued: 43 Running: 1 Finished: 42
[2026-03-14 23:43:49.370] [info] cycle: [544000]
[2026-03-14 23:43:49.514] [info] HBM2-CH_0: BW utilization 0% (0 reads, 0 writes)
[2026-03-14 23:43:49.514] [debug] HBM2-CH_1: BW utilization 0% (0 reads, 0 writes)
[2026-03-14 23:43:49.514] [debug] HBM2-CH_2: BW utilization 0% (0 reads, 0 writes)
[2026-03-14 23:43:49.514] [debug] HBM2-CH_3: BW utilization 0% (0 reads, 0 writes)
[2026-03-14 23:43:49.514] [debug] HBM2-CH_4: BW utilization 0% (0 reads, 0 writes)
[2026-03-14 23:43:49.514] [debug] HBM2-CH_5: BW utilization 0% (0 reads, 0 writes)
[2026-03-14 23:43:49.514] [debug] HBM2-CH_6: BW utilization 0% (0 reads, 0 writes)
[2026-03-14 23:43:49.514] [debug] HBM2-CH_7: BW utilization 0% (0 reads, 0 writes)
[2026-03-14 23:43:49.514] [debug] HBM2-CH_8: BW utilization 0% (0 reads, 0 writes)
[2026-03-14 23:43:49.514] [debug] HBM2-CH_9: BW utilization 0% (0 reads, 0 writes)
[2026-03-14 23:43:49.514] [debug] HBM2-CH_10: BW utilization 0% (0 reads, 0 writes)
[2026-03-14 23:43:49.514] [debug] HBM2-CH_11: BW utilization 0% (0 reads, 0 writes)
[2026-03-14 23:43:49.514] [debug] HBM2-CH_12: BW utilization 0% (0 reads, 0 writes)
[2026-03-14 23:43:49.514] [debug] HBM2-CH_13: BW utilization 0% (0 reads, 0 writes)
[2026-03-14 23:43:49.514] [debug] HBM2-CH_14: BW utilization 0% (0 reads, 0 writes)
[2026-03-14 23:43:49.514] [debug] HBM2-CH_15: BW utilization 0% (0 reads, 0 writes)
[2026-03-14 23:43:49.519] [info] Core [0] Tile Stats | Issued: 43 Running: 0 Finished: 43
[2026-03-14 23:43:49.519] [info] cycle: [552000]
[2026-03-14 23:43:49.519] [info] Core [1] Tile Stats | Issued: 43 Running: 0 Finished: 43
[2026-03-14 23:43:49.519] [info] cycle: [552000]
[2026-03-14 23:43:49.519] [info] Core [2] Tile Stats | Issued: 43 Running: 0 Finished: 43
[2026-03-14 23:43:49.519] [info] cycle: [552000]
[2026-03-14 23:43:49.519] [info] Tile  status /m/layers/layers.0/MambaBlock/full, instructions left 30
[2026-03-14 23:43:49.519] [info] Core [3] Tile Stats | Issued: 43 Running: 1 Finished: 42
[2026-03-14 23:43:49.519] [info] cycle: [552000]
[2026-03-14 23:43:49.649] [info] HBM2-CH_0: BW utilization 0% (0 reads, 0 writes)
[2026-03-14 23:43:49.649] [debug] HBM2-CH_1: BW utilization 0% (0 reads, 0 writes)
[2026-03-14 23:43:49.649] [debug] HBM2-CH_2: BW utilization 0% (0 reads, 0 writes)
[2026-03-14 23:43:49.649] [debug] HBM2-CH_3: BW utilization 0% (0 reads, 0 writes)
[2026-03-14 23:43:49.649] [debug] HBM2-CH_4: BW utilization 0% (0 reads, 0 writes)
[2026-03-14 23:43:49.649] [debug] HBM2-CH_5: BW utilization 0% (0 reads, 0 writes)
[2026-03-14 23:43:49.649] [debug] HBM2-CH_6: BW utilization 0% (0 reads, 0 writes)
[2026-03-14 23:43:49.649] [debug] HBM2-CH_7: BW utilization 0% (0 reads, 0 writes)
[2026-03-14 23:43:49.649] [debug] HBM2-CH_8: BW utilization 0% (0 reads, 0 writes)
[2026-03-14 23:43:49.649] [debug] HBM2-CH_9: BW utilization 0% (0 reads, 0 writes)
[2026-03-14 23:43:49.649] [debug] HBM2-CH_10: BW utilization 0% (0 reads, 0 writes)
[2026-03-14 23:43:49.649] [debug] HBM2-CH_11: BW utilization 0% (0 reads, 0 writes)
[2026-03-14 23:43:49.649] [debug] HBM2-CH_12: BW utilization 0% (0 reads, 0 writes)
[2026-03-14 23:43:49.649] [debug] HBM2-CH_13: BW utilization 0% (0 reads, 0 writes)
[2026-03-14 23:43:49.649] [debug] HBM2-CH_14: BW utilization 0% (0 reads, 0 writes)
[2026-03-14 23:43:49.649] [debug] HBM2-CH_15: BW utilization 0% (0 reads, 0 writes)
[2026-03-14 23:43:49.653] [info] Core [0] Tile Stats | Issued: 43 Running: 0 Finished: 43
[2026-03-14 23:43:49.653] [info] cycle: [560000]
[2026-03-14 23:43:49.653] [info] Core [1] Tile Stats | Issued: 43 Running: 0 Finished: 43
[2026-03-14 23:43:49.653] [info] cycle: [560000]
[2026-03-14 23:43:49.653] [info] Core [2] Tile Stats | Issued: 43 Running: 0 Finished: 43
[2026-03-14 23:43:49.653] [info] cycle: [560000]
[2026-03-14 23:43:49.653] [info] Tile  status /m/layers/layers.0/MambaBlock/full, instructions left 30
[2026-03-14 23:43:49.653] [info] Core [3] Tile Stats | Issued: 43 Running: 1 Finished: 42
[2026-03-14 23:43:49.653] [info] cycle: [560000]
[2026-03-14 23:43:49.795] [info] HBM2-CH_0: BW utilization 0% (0 reads, 0 writes)
[2026-03-14 23:43:49.795] [debug] HBM2-CH_1: BW utilization 0% (0 reads, 0 writes)
[2026-03-14 23:43:49.795] [debug] HBM2-CH_2: BW utilization 0% (0 reads, 0 writes)
[2026-03-14 23:43:49.795] [debug] HBM2-CH_3: BW utilization 0% (0 reads, 0 writes)
[2026-03-14 23:43:49.795] [debug] HBM2-CH_4: BW utilization 0% (0 reads, 0 writes)
[2026-03-14 23:43:49.795] [debug] HBM2-CH_5: BW utilization 0% (0 reads, 0 writes)
[2026-03-14 23:43:49.795] [debug] HBM2-CH_6: BW utilization 0% (0 reads, 0 writes)
[2026-03-14 23:43:49.795] [debug] HBM2-CH_7: BW utilization 0% (0 reads, 0 writes)
[2026-03-14 23:43:49.795] [debug] HBM2-CH_8: BW utilization 0% (0 reads, 0 writes)
[2026-03-14 23:43:49.795] [debug] HBM2-CH_9: BW utilization 0% (0 reads, 0 writes)
[2026-03-14 23:43:49.795] [debug] HBM2-CH_10: BW utilization 0% (0 reads, 0 writes)
[2026-03-14 23:43:49.795] [debug] HBM2-CH_11: BW utilization 0% (0 reads, 0 writes)
[2026-03-14 23:43:49.795] [debug] HBM2-CH_12: BW utilization 0% (0 reads, 0 writes)
[2026-03-14 23:43:49.795] [debug] HBM2-CH_13: BW utilization 0% (0 reads, 0 writes)
[2026-03-14 23:43:49.795] [debug] HBM2-CH_14: BW utilization 0% (0 reads, 0 writes)
[2026-03-14 23:43:49.795] [debug] HBM2-CH_15: BW utilization 0% (0 reads, 0 writes)
[2026-03-14 23:43:49.801] [info] Core [0] Tile Stats | Issued: 43 Running: 0 Finished: 43
[2026-03-14 23:43:49.801] [info] cycle: [568000]
[2026-03-14 23:43:49.801] [info] Core [1] Tile Stats | Issued: 43 Running: 0 Finished: 43
[2026-03-14 23:43:49.801] [info] cycle: [568000]
[2026-03-14 23:43:49.801] [info] Core [2] Tile Stats | Issued: 43 Running: 0 Finished: 43
[2026-03-14 23:43:49.801] [info] cycle: [568000]
[2026-03-14 23:43:49.801] [info] Tile  status /m/layers/layers.0/MambaBlock/full, instructions left 30
[2026-03-14 23:43:49.801] [info] Core [3] Tile Stats | Issued: 43 Running: 1 Finished: 42
[2026-03-14 23:43:49.801] [info] cycle: [568000]
[2026-03-14 23:43:49.979] [info] HBM2-CH_0: BW utilization 0% (0 reads, 0 writes)
[2026-03-14 23:43:49.979] [debug] HBM2-CH_1: BW utilization 0% (0 reads, 0 writes)
[2026-03-14 23:43:49.979] [debug] HBM2-CH_2: BW utilization 0% (0 reads, 0 writes)
[2026-03-14 23:43:49.979] [debug] HBM2-CH_3: BW utilization 0% (0 reads, 0 writes)
[2026-03-14 23:43:49.979] [debug] HBM2-CH_4: BW utilization 0% (0 reads, 0 writes)
[2026-03-14 23:43:49.979] [debug] HBM2-CH_5: BW utilization 0% (0 reads, 0 writes)
[2026-03-14 23:43:49.979] [debug] HBM2-CH_6: BW utilization 0% (0 reads, 0 writes)
[2026-03-14 23:43:49.979] [debug] HBM2-CH_7: BW utilization 0% (0 reads, 0 writes)
[2026-03-14 23:43:49.979] [debug] HBM2-CH_8: BW utilization 0% (0 reads, 0 writes)
[2026-03-14 23:43:49.979] [debug] HBM2-CH_9: BW utilization 0% (0 reads, 0 writes)
[2026-03-14 23:43:49.979] [debug] HBM2-CH_10: BW utilization 0% (0 reads, 0 writes)
[2026-03-14 23:43:49.979] [debug] HBM2-CH_11: BW utilization 0% (0 reads, 0 writes)
[2026-03-14 23:43:49.979] [debug] HBM2-CH_12: BW utilization 0% (0 reads, 0 writes)
[2026-03-14 23:43:49.979] [debug] HBM2-CH_13: BW utilization 0% (0 reads, 0 writes)
[2026-03-14 23:43:49.979] [debug] HBM2-CH_14: BW utilization 0% (0 reads, 0 writes)
[2026-03-14 23:43:49.979] [debug] HBM2-CH_15: BW utilization 0% (0 reads, 0 writes)
[2026-03-14 23:43:49.984] [info] Core [0] Tile Stats | Issued: 43 Running: 0 Finished: 43
[2026-03-14 23:43:49.984] [info] cycle: [576000]
[2026-03-14 23:43:49.984] [info] Core [1] Tile Stats | Issued: 43 Running: 0 Finished: 43
[2026-03-14 23:43:49.984] [info] cycle: [576000]
[2026-03-14 23:43:49.984] [info] Core [2] Tile Stats | Issued: 43 Running: 0 Finished: 43
[2026-03-14 23:43:49.984] [info] cycle: [576000]
[2026-03-14 23:43:49.984] [info] Tile  status /m/layers/layers.0/MambaBlock/full, instructions left 30
[2026-03-14 23:43:49.984] [info] Core [3] Tile Stats | Issued: 43 Running: 1 Finished: 42
[2026-03-14 23:43:49.984] [info] cycle: [576000]
[2026-03-14 23:43:50.119] [info] HBM2-CH_0: BW utilization 0% (0 reads, 0 writes)
[2026-03-14 23:43:50.119] [debug] HBM2-CH_1: BW utilization 0% (0 reads, 0 writes)
[2026-03-14 23:43:50.119] [debug] HBM2-CH_2: BW utilization 0% (0 reads, 0 writes)
[2026-03-14 23:43:50.119] [debug] HBM2-CH_3: BW utilization 0% (0 reads, 0 writes)
[2026-03-14 23:43:50.119] [debug] HBM2-CH_4: BW utilization 0% (0 reads, 0 writes)
[2026-03-14 23:43:50.119] [debug] HBM2-CH_5: BW utilization 0% (0 reads, 0 writes)
[2026-03-14 23:43:50.119] [debug] HBM2-CH_6: BW utilization 0% (0 reads, 0 writes)
[2026-03-14 23:43:50.119] [debug] HBM2-CH_7: BW utilization 0% (0 reads, 0 writes)
[2026-03-14 23:43:50.119] [debug] HBM2-CH_8: BW utilization 0% (0 reads, 0 writes)
[2026-03-14 23:43:50.119] [debug] HBM2-CH_9: BW utilization 0% (0 reads, 0 writes)
[2026-03-14 23:43:50.119] [debug] HBM2-CH_10: BW utilization 0% (0 reads, 0 writes)
[2026-03-14 23:43:50.119] [debug] HBM2-CH_11: BW utilization 0% (0 reads, 0 writes)
[2026-03-14 23:43:50.119] [debug] HBM2-CH_12: BW utilization 0% (0 reads, 0 writes)
[2026-03-14 23:43:50.119] [debug] HBM2-CH_13: BW utilization 0% (0 reads, 0 writes)
[2026-03-14 23:43:50.119] [debug] HBM2-CH_14: BW utilization 0% (0 reads, 0 writes)
[2026-03-14 23:43:50.119] [debug] HBM2-CH_15: BW utilization 0% (0 reads, 0 writes)
[2026-03-14 23:43:50.124] [info] Core [0] Tile Stats | Issued: 43 Running: 0 Finished: 43
[2026-03-14 23:43:50.124] [info] cycle: [584000]
[2026-03-14 23:43:50.124] [info] Core [1] Tile Stats | Issued: 43 Running: 0 Finished: 43
[2026-03-14 23:43:50.124] [info] cycle: [584000]
[2026-03-14 23:43:50.124] [info] Core [2] Tile Stats | Issued: 43 Running: 0 Finished: 43
[2026-03-14 23:43:50.124] [info] cycle: [584000]
[2026-03-14 23:43:50.124] [info] Tile  status /m/layers/layers.0/MambaBlock/full, instructions left 30
[2026-03-14 23:43:50.124] [info] Core [3] Tile Stats | Issued: 43 Running: 1 Finished: 42
[2026-03-14 23:43:50.124] [info] cycle: [584000]
[2026-03-14 23:43:50.275] [info] HBM2-CH_0: BW utilization 0% (0 reads, 0 writes)
[2026-03-14 23:43:50.275] [debug] HBM2-CH_1: BW utilization 0% (0 reads, 0 writes)
[2026-03-14 23:43:50.275] [debug] HBM2-CH_2: BW utilization 0% (0 reads, 0 writes)
[2026-03-14 23:43:50.275] [debug] HBM2-CH_3: BW utilization 0% (0 reads, 0 writes)
[2026-03-14 23:43:50.275] [debug] HBM2-CH_4: BW utilization 0% (0 reads, 0 writes)
[2026-03-14 23:43:50.275] [debug] HBM2-CH_5: BW utilization 0% (0 reads, 0 writes)
[2026-03-14 23:43:50.275] [debug] HBM2-CH_6: BW utilization 0% (0 reads, 0 writes)
[2026-03-14 23:43:50.275] [debug] HBM2-CH_7: BW utilization 0% (0 reads, 0 writes)
[2026-03-14 23:43:50.275] [debug] HBM2-CH_8: BW utilization 0% (0 reads, 0 writes)
[2026-03-14 23:43:50.275] [debug] HBM2-CH_9: BW utilization 0% (0 reads, 0 writes)
[2026-03-14 23:43:50.275] [debug] HBM2-CH_10: BW utilization 0% (0 reads, 0 writes)
[2026-03-14 23:43:50.275] [debug] HBM2-CH_11: BW utilization 0% (0 reads, 0 writes)
[2026-03-14 23:43:50.275] [debug] HBM2-CH_12: BW utilization 0% (0 reads, 0 writes)
[2026-03-14 23:43:50.275] [debug] HBM2-CH_13: BW utilization 0% (0 reads, 0 writes)
[2026-03-14 23:43:50.275] [debug] HBM2-CH_14: BW utilization 0% (0 reads, 0 writes)
[2026-03-14 23:43:50.275] [debug] HBM2-CH_15: BW utilization 0% (0 reads, 0 writes)
[2026-03-14 23:43:50.281] [info] Core [0] Tile Stats | Issued: 43 Running: 0 Finished: 43
[2026-03-14 23:43:50.281] [info] cycle: [592000]
[2026-03-14 23:43:50.281] [info] Core [1] Tile Stats | Issued: 43 Running: 0 Finished: 43
[2026-03-14 23:43:50.281] [info] cycle: [592000]
[2026-03-14 23:43:50.281] [info] Core [2] Tile Stats | Issued: 43 Running: 0 Finished: 43
[2026-03-14 23:43:50.281] [info] cycle: [592000]
[2026-03-14 23:43:50.281] [info] Tile  status /m/layers/layers.0/MambaBlock/full, instructions left 30
[2026-03-14 23:43:50.281] [info] Core [3] Tile Stats | Issued: 43 Running: 1 Finished: 42
[2026-03-14 23:43:50.281] [info] cycle: [592000]
[2026-03-14 23:43:50.419] [info] HBM2-CH_0: BW utilization 0% (0 reads, 0 writes)
[2026-03-14 23:43:50.419] [debug] HBM2-CH_1: BW utilization 0% (0 reads, 0 writes)
[2026-03-14 23:43:50.419] [debug] HBM2-CH_2: BW utilization 0% (0 reads, 0 writes)
[2026-03-14 23:43:50.419] [debug] HBM2-CH_3: BW utilization 0% (0 reads, 0 writes)
[2026-03-14 23:43:50.419] [debug] HBM2-CH_4: BW utilization 0% (0 reads, 0 writes)
[2026-03-14 23:43:50.419] [debug] HBM2-CH_5: BW utilization 0% (0 reads, 0 writes)
[2026-03-14 23:43:50.419] [debug] HBM2-CH_6: BW utilization 0% (0 reads, 0 writes)
[2026-03-14 23:43:50.419] [debug] HBM2-CH_7: BW utilization 0% (0 reads, 0 writes)
[2026-03-14 23:43:50.419] [debug] HBM2-CH_8: BW utilization 0% (0 reads, 0 writes)
[2026-03-14 23:43:50.419] [debug] HBM2-CH_9: BW utilization 0% (0 reads, 0 writes)
[2026-03-14 23:43:50.419] [debug] HBM2-CH_10: BW utilization 0% (0 reads, 0 writes)
[2026-03-14 23:43:50.419] [debug] HBM2-CH_11: BW utilization 0% (0 reads, 0 writes)
[2026-03-14 23:43:50.419] [debug] HBM2-CH_12: BW utilization 0% (0 reads, 0 writes)
[2026-03-14 23:43:50.419] [debug] HBM2-CH_13: BW utilization 0% (0 reads, 0 writes)
[2026-03-14 23:43:50.419] [debug] HBM2-CH_14: BW utilization 0% (0 reads, 0 writes)
[2026-03-14 23:43:50.419] [debug] HBM2-CH_15: BW utilization 0% (0 reads, 0 writes)
[2026-03-14 23:43:50.423] [info] Core [0] Tile Stats | Issued: 43 Running: 0 Finished: 43
[2026-03-14 23:43:50.423] [info] cycle: [600000]
[2026-03-14 23:43:50.423] [info] Core [1] Tile Stats | Issued: 43 Running: 0 Finished: 43
[2026-03-14 23:43:50.423] [info] cycle: [600000]
[2026-03-14 23:43:50.423] [info] Core [2] Tile Stats | Issued: 43 Running: 0 Finished: 43
[2026-03-14 23:43:50.423] [info] cycle: [600000]
[2026-03-14 23:43:50.423] [info] Tile  status /m/layers/layers.0/MambaBlock/full, instructions left 30
[2026-03-14 23:43:50.423] [info] Core [3] Tile Stats | Issued: 43 Running: 1 Finished: 42
[2026-03-14 23:43:50.423] [info] cycle: [600000]
[2026-03-14 23:43:50.565] [info] HBM2-CH_0: BW utilization 0% (0 reads, 0 writes)
[2026-03-14 23:43:50.565] [debug] HBM2-CH_1: BW utilization 0% (0 reads, 0 writes)
[2026-03-14 23:43:50.565] [debug] HBM2-CH_2: BW utilization 0% (0 reads, 0 writes)
[2026-03-14 23:43:50.565] [debug] HBM2-CH_3: BW utilization 0% (0 reads, 0 writes)
[2026-03-14 23:43:50.565] [debug] HBM2-CH_4: BW utilization 0% (0 reads, 0 writes)
[2026-03-14 23:43:50.565] [debug] HBM2-CH_5: BW utilization 0% (0 reads, 0 writes)
[2026-03-14 23:43:50.565] [debug] HBM2-CH_6: BW utilization 0% (0 reads, 0 writes)
[2026-03-14 23:43:50.565] [debug] HBM2-CH_7: BW utilization 0% (0 reads, 0 writes)
[2026-03-14 23:43:50.565] [debug] HBM2-CH_8: BW utilization 0% (0 reads, 0 writes)
[2026-03-14 23:43:50.565] [debug] HBM2-CH_9: BW utilization 0% (0 reads, 0 writes)
[2026-03-14 23:43:50.565] [debug] HBM2-CH_10: BW utilization 0% (0 reads, 0 writes)
[2026-03-14 23:43:50.565] [debug] HBM2-CH_11: BW utilization 0% (0 reads, 0 writes)
[2026-03-14 23:43:50.565] [debug] HBM2-CH_12: BW utilization 0% (0 reads, 0 writes)
[2026-03-14 23:43:50.565] [debug] HBM2-CH_13: BW utilization 0% (0 reads, 0 writes)
[2026-03-14 23:43:50.565] [debug] HBM2-CH_14: BW utilization 0% (0 reads, 0 writes)
[2026-03-14 23:43:50.565] [debug] HBM2-CH_15: BW utilization 0% (0 reads, 0 writes)
[2026-03-14 23:43:50.570] [info] Core [0] Tile Stats | Issued: 43 Running: 0 Finished: 43
[2026-03-14 23:43:50.570] [info] cycle: [608000]
[2026-03-14 23:43:50.570] [info] Core [1] Tile Stats | Issued: 43 Running: 0 Finished: 43
[2026-03-14 23:43:50.570] [info] cycle: [608000]
[2026-03-14 23:43:50.570] [info] Core [2] Tile Stats | Issued: 43 Running: 0 Finished: 43
[2026-03-14 23:43:50.570] [info] cycle: [608000]
[2026-03-14 23:43:50.570] [info] Tile  status /m/layers/layers.0/MambaBlock/full, instructions left 30
[2026-03-14 23:43:50.570] [info] Core [3] Tile Stats | Issued: 43 Running: 1 Finished: 42
[2026-03-14 23:43:50.570] [info] cycle: [608000]
[2026-03-14 23:43:50.699] [info] HBM2-CH_0: BW utilization 0% (0 reads, 0 writes)
[2026-03-14 23:43:50.699] [debug] HBM2-CH_1: BW utilization 0% (0 reads, 0 writes)
[2026-03-14 23:43:50.699] [debug] HBM2-CH_2: BW utilization 0% (0 reads, 0 writes)
[2026-03-14 23:43:50.699] [debug] HBM2-CH_3: BW utilization 0% (0 reads, 0 writes)
[2026-03-14 23:43:50.699] [debug] HBM2-CH_4: BW utilization 0% (0 reads, 0 writes)
[2026-03-14 23:43:50.699] [debug] HBM2-CH_5: BW utilization 0% (0 reads, 0 writes)
[2026-03-14 23:43:50.699] [debug] HBM2-CH_6: BW utilization 0% (0 reads, 0 writes)
[2026-03-14 23:43:50.699] [debug] HBM2-CH_7: BW utilization 0% (0 reads, 0 writes)
[2026-03-14 23:43:50.699] [debug] HBM2-CH_8: BW utilization 0% (0 reads, 0 writes)
[2026-03-14 23:43:50.699] [debug] HBM2-CH_9: BW utilization 0% (0 reads, 0 writes)
[2026-03-14 23:43:50.699] [debug] HBM2-CH_10: BW utilization 0% (0 reads, 0 writes)
[2026-03-14 23:43:50.699] [debug] HBM2-CH_11: BW utilization 0% (0 reads, 0 writes)
[2026-03-14 23:43:50.699] [debug] HBM2-CH_12: BW utilization 0% (0 reads, 0 writes)
[2026-03-14 23:43:50.699] [debug] HBM2-CH_13: BW utilization 0% (0 reads, 0 writes)
[2026-03-14 23:43:50.699] [debug] HBM2-CH_14: BW utilization 0% (0 reads, 0 writes)
[2026-03-14 23:43:50.699] [debug] HBM2-CH_15: BW utilization 0% (0 reads, 0 writes)
[2026-03-14 23:43:50.704] [info] Core [0] Tile Stats | Issued: 43 Running: 0 Finished: 43
[2026-03-14 23:43:50.704] [info] cycle: [616000]
[2026-03-14 23:43:50.704] [info] Core [1] Tile Stats | Issued: 43 Running: 0 Finished: 43
[2026-03-14 23:43:50.704] [info] cycle: [616000]
[2026-03-14 23:43:50.704] [info] Core [2] Tile Stats | Issued: 43 Running: 0 Finished: 43
[2026-03-14 23:43:50.704] [info] cycle: [616000]
[2026-03-14 23:43:50.704] [info] Tile  status /m/layers/layers.0/MambaBlock/full, instructions left 30
[2026-03-14 23:43:50.704] [info] Core [3] Tile Stats | Issued: 43 Running: 1 Finished: 42
[2026-03-14 23:43:50.704] [info] cycle: [616000]
[2026-03-14 23:43:50.836] [info] HBM2-CH_0: BW utilization 0% (0 reads, 0 writes)
[2026-03-14 23:43:50.836] [debug] HBM2-CH_1: BW utilization 0% (0 reads, 0 writes)
[2026-03-14 23:43:50.836] [debug] HBM2-CH_2: BW utilization 0% (0 reads, 0 writes)
[2026-03-14 23:43:50.836] [debug] HBM2-CH_3: BW utilization 0% (0 reads, 0 writes)
[2026-03-14 23:43:50.836] [debug] HBM2-CH_4: BW utilization 0% (0 reads, 0 writes)
[2026-03-14 23:43:50.836] [debug] HBM2-CH_5: BW utilization 0% (0 reads, 0 writes)
[2026-03-14 23:43:50.836] [debug] HBM2-CH_6: BW utilization 0% (0 reads, 0 writes)
[2026-03-14 23:43:50.836] [debug] HBM2-CH_7: BW utilization 0% (0 reads, 0 writes)
[2026-03-14 23:43:50.836] [debug] HBM2-CH_8: BW utilization 0% (0 reads, 0 writes)
[2026-03-14 23:43:50.836] [debug] HBM2-CH_9: BW utilization 0% (0 reads, 0 writes)
[2026-03-14 23:43:50.836] [debug] HBM2-CH_10: BW utilization 0% (0 reads, 0 writes)
[2026-03-14 23:43:50.836] [debug] HBM2-CH_11: BW utilization 0% (0 reads, 0 writes)
[2026-03-14 23:43:50.836] [debug] HBM2-CH_12: BW utilization 0% (0 reads, 0 writes)
[2026-03-14 23:43:50.836] [debug] HBM2-CH_13: BW utilization 0% (0 reads, 0 writes)
[2026-03-14 23:43:50.836] [debug] HBM2-CH_14: BW utilization 0% (0 reads, 0 writes)
[2026-03-14 23:43:50.836] [debug] HBM2-CH_15: BW utilization 0% (0 reads, 0 writes)
[2026-03-14 23:43:50.841] [info] Core [0] Tile Stats | Issued: 43 Running: 0 Finished: 43
[2026-03-14 23:43:50.841] [info] cycle: [624000]
[2026-03-14 23:43:50.841] [info] Core [1] Tile Stats | Issued: 43 Running: 0 Finished: 43
[2026-03-14 23:43:50.841] [info] cycle: [624000]
[2026-03-14 23:43:50.841] [info] Core [2] Tile Stats | Issued: 43 Running: 0 Finished: 43
[2026-03-14 23:43:50.841] [info] cycle: [624000]
[2026-03-14 23:43:50.841] [info] Tile  status /m/layers/layers.0/MambaBlock/full, instructions left 30
[2026-03-14 23:43:50.841] [info] Core [3] Tile Stats | Issued: 43 Running: 1 Finished: 42
[2026-03-14 23:43:50.841] [info] cycle: [624000]
[2026-03-14 23:43:50.967] [info] HBM2-CH_0: BW utilization 0% (0 reads, 0 writes)
[2026-03-14 23:43:50.967] [debug] HBM2-CH_1: BW utilization 0% (0 reads, 0 writes)
[2026-03-14 23:43:50.967] [debug] HBM2-CH_2: BW utilization 0% (0 reads, 0 writes)
[2026-03-14 23:43:50.967] [debug] HBM2-CH_3: BW utilization 0% (0 reads, 0 writes)
[2026-03-14 23:43:50.967] [debug] HBM2-CH_4: BW utilization 0% (0 reads, 0 writes)
[2026-03-14 23:43:50.967] [debug] HBM2-CH_5: BW utilization 0% (0 reads, 0 writes)
[2026-03-14 23:43:50.967] [debug] HBM2-CH_6: BW utilization 0% (0 reads, 0 writes)
[2026-03-14 23:43:50.967] [debug] HBM2-CH_7: BW utilization 0% (0 reads, 0 writes)
[2026-03-14 23:43:50.967] [debug] HBM2-CH_8: BW utilization 0% (0 reads, 0 writes)
[2026-03-14 23:43:50.967] [debug] HBM2-CH_9: BW utilization 0% (0 reads, 0 writes)
[2026-03-14 23:43:50.967] [debug] HBM2-CH_10: BW utilization 0% (0 reads, 0 writes)
[2026-03-14 23:43:50.967] [debug] HBM2-CH_11: BW utilization 0% (0 reads, 0 writes)
[2026-03-14 23:43:50.967] [debug] HBM2-CH_12: BW utilization 0% (0 reads, 0 writes)
[2026-03-14 23:43:50.967] [debug] HBM2-CH_13: BW utilization 0% (0 reads, 0 writes)
[2026-03-14 23:43:50.967] [debug] HBM2-CH_14: BW utilization 0% (0 reads, 0 writes)
[2026-03-14 23:43:50.967] [debug] HBM2-CH_15: BW utilization 0% (0 reads, 0 writes)
[2026-03-14 23:43:50.972] [info] Core [0] Tile Stats | Issued: 43 Running: 0 Finished: 43
[2026-03-14 23:43:50.972] [info] cycle: [632000]
[2026-03-14 23:43:50.972] [info] Core [1] Tile Stats | Issued: 43 Running: 0 Finished: 43
[2026-03-14 23:43:50.972] [info] cycle: [632000]
[2026-03-14 23:43:50.972] [info] Core [2] Tile Stats | Issued: 43 Running: 0 Finished: 43
[2026-03-14 23:43:50.972] [info] cycle: [632000]
[2026-03-14 23:43:50.972] [info] Tile  status /m/layers/layers.0/MambaBlock/full, instructions left 30
[2026-03-14 23:43:50.972] [info] Core [3] Tile Stats | Issued: 43 Running: 1 Finished: 42
[2026-03-14 23:43:50.972] [info] cycle: [632000]
[2026-03-14 23:43:51.098] [info] HBM2-CH_0: BW utilization 0% (0 reads, 0 writes)
[2026-03-14 23:43:51.098] [debug] HBM2-CH_1: BW utilization 0% (0 reads, 0 writes)
[2026-03-14 23:43:51.098] [debug] HBM2-CH_2: BW utilization 0% (0 reads, 0 writes)
[2026-03-14 23:43:51.098] [debug] HBM2-CH_3: BW utilization 0% (0 reads, 0 writes)
[2026-03-14 23:43:51.098] [debug] HBM2-CH_4: BW utilization 0% (0 reads, 0 writes)
[2026-03-14 23:43:51.098] [debug] HBM2-CH_5: BW utilization 0% (0 reads, 0 writes)
[2026-03-14 23:43:51.098] [debug] HBM2-CH_6: BW utilization 0% (0 reads, 0 writes)
[2026-03-14 23:43:51.098] [debug] HBM2-CH_7: BW utilization 0% (0 reads, 0 writes)
[2026-03-14 23:43:51.098] [debug] HBM2-CH_8: BW utilization 0% (0 reads, 0 writes)
[2026-03-14 23:43:51.098] [debug] HBM2-CH_9: BW utilization 0% (0 reads, 0 writes)
[2026-03-14 23:43:51.098] [debug] HBM2-CH_10: BW utilization 0% (0 reads, 0 writes)
[2026-03-14 23:43:51.098] [debug] HBM2-CH_11: BW utilization 0% (0 reads, 0 writes)
[2026-03-14 23:43:51.098] [debug] HBM2-CH_12: BW utilization 0% (0 reads, 0 writes)
[2026-03-14 23:43:51.098] [debug] HBM2-CH_13: BW utilization 0% (0 reads, 0 writes)
[2026-03-14 23:43:51.098] [debug] HBM2-CH_14: BW utilization 0% (0 reads, 0 writes)
[2026-03-14 23:43:51.098] [debug] HBM2-CH_15: BW utilization 0% (0 reads, 0 writes)
[2026-03-14 23:43:51.103] [info] Core [0] Tile Stats | Issued: 43 Running: 0 Finished: 43
[2026-03-14 23:43:51.103] [info] cycle: [640000]
[2026-03-14 23:43:51.103] [info] Core [1] Tile Stats | Issued: 43 Running: 0 Finished: 43
[2026-03-14 23:43:51.103] [info] cycle: [640000]
[2026-03-14 23:43:51.103] [info] Core [2] Tile Stats | Issued: 43 Running: 0 Finished: 43
[2026-03-14 23:43:51.103] [info] cycle: [640000]
[2026-03-14 23:43:51.103] [info] Tile  status /m/layers/layers.0/MambaBlock/full, instructions left 30
[2026-03-14 23:43:51.103] [info] Core [3] Tile Stats | Issued: 43 Running: 1 Finished: 42
[2026-03-14 23:43:51.103] [info] cycle: [640000]
[2026-03-14 23:43:51.229] [info] HBM2-CH_0: BW utilization 0% (0 reads, 0 writes)
[2026-03-14 23:43:51.229] [debug] HBM2-CH_1: BW utilization 0% (0 reads, 0 writes)
[2026-03-14 23:43:51.229] [debug] HBM2-CH_2: BW utilization 0% (0 reads, 0 writes)
[2026-03-14 23:43:51.229] [debug] HBM2-CH_3: BW utilization 0% (0 reads, 0 writes)
[2026-03-14 23:43:51.229] [debug] HBM2-CH_4: BW utilization 0% (0 reads, 0 writes)
[2026-03-14 23:43:51.229] [debug] HBM2-CH_5: BW utilization 0% (0 reads, 0 writes)
[2026-03-14 23:43:51.229] [debug] HBM2-CH_6: BW utilization 0% (0 reads, 0 writes)
[2026-03-14 23:43:51.229] [debug] HBM2-CH_7: BW utilization 0% (0 reads, 0 writes)
[2026-03-14 23:43:51.229] [debug] HBM2-CH_8: BW utilization 0% (0 reads, 0 writes)
[2026-03-14 23:43:51.229] [debug] HBM2-CH_9: BW utilization 0% (0 reads, 0 writes)
[2026-03-14 23:43:51.229] [debug] HBM2-CH_10: BW utilization 0% (0 reads, 0 writes)
[2026-03-14 23:43:51.229] [debug] HBM2-CH_11: BW utilization 0% (0 reads, 0 writes)
[2026-03-14 23:43:51.229] [debug] HBM2-CH_12: BW utilization 0% (0 reads, 0 writes)
[2026-03-14 23:43:51.229] [debug] HBM2-CH_13: BW utilization 0% (0 reads, 0 writes)
[2026-03-14 23:43:51.229] [debug] HBM2-CH_14: BW utilization 0% (0 reads, 0 writes)
[2026-03-14 23:43:51.229] [debug] HBM2-CH_15: BW utilization 0% (0 reads, 0 writes)
[2026-03-14 23:43:51.234] [info] Core [0] Tile Stats | Issued: 43 Running: 0 Finished: 43
[2026-03-14 23:43:51.234] [info] cycle: [648000]
[2026-03-14 23:43:51.234] [info] Core [1] Tile Stats | Issued: 43 Running: 0 Finished: 43
[2026-03-14 23:43:51.234] [info] cycle: [648000]
[2026-03-14 23:43:51.234] [info] Core [2] Tile Stats | Issued: 43 Running: 0 Finished: 43
[2026-03-14 23:43:51.234] [info] cycle: [648000]
[2026-03-14 23:43:51.234] [info] Tile  status /m/layers/layers.0/MambaBlock/full, instructions left 30
[2026-03-14 23:43:51.234] [info] Core [3] Tile Stats | Issued: 43 Running: 1 Finished: 42
[2026-03-14 23:43:51.234] [info] cycle: [648000]
[2026-03-14 23:43:51.364] [info] HBM2-CH_0: BW utilization 0% (0 reads, 0 writes)
[2026-03-14 23:43:51.364] [debug] HBM2-CH_1: BW utilization 0% (0 reads, 0 writes)
[2026-03-14 23:43:51.364] [debug] HBM2-CH_2: BW utilization 0% (0 reads, 0 writes)
[2026-03-14 23:43:51.364] [debug] HBM2-CH_3: BW utilization 0% (0 reads, 0 writes)
[2026-03-14 23:43:51.364] [debug] HBM2-CH_4: BW utilization 0% (0 reads, 0 writes)
[2026-03-14 23:43:51.364] [debug] HBM2-CH_5: BW utilization 0% (0 reads, 0 writes)
[2026-03-14 23:43:51.364] [debug] HBM2-CH_6: BW utilization 0% (0 reads, 0 writes)
[2026-03-14 23:43:51.364] [debug] HBM2-CH_7: BW utilization 0% (0 reads, 0 writes)
[2026-03-14 23:43:51.364] [debug] HBM2-CH_8: BW utilization 0% (0 reads, 0 writes)
[2026-03-14 23:43:51.364] [debug] HBM2-CH_9: BW utilization 0% (0 reads, 0 writes)
[2026-03-14 23:43:51.364] [debug] HBM2-CH_10: BW utilization 0% (0 reads, 0 writes)
[2026-03-14 23:43:51.364] [debug] HBM2-CH_11: BW utilization 0% (0 reads, 0 writes)
[2026-03-14 23:43:51.364] [debug] HBM2-CH_12: BW utilization 0% (0 reads, 0 writes)
[2026-03-14 23:43:51.364] [debug] HBM2-CH_13: BW utilization 0% (0 reads, 0 writes)
[2026-03-14 23:43:51.364] [debug] HBM2-CH_14: BW utilization 0% (0 reads, 0 writes)
[2026-03-14 23:43:51.364] [debug] HBM2-CH_15: BW utilization 0% (0 reads, 0 writes)
[2026-03-14 23:43:51.369] [info] Core [0] Tile Stats | Issued: 43 Running: 0 Finished: 43
[2026-03-14 23:43:51.369] [info] cycle: [656000]
[2026-03-14 23:43:51.369] [info] Core [1] Tile Stats | Issued: 43 Running: 0 Finished: 43
[2026-03-14 23:43:51.369] [info] cycle: [656000]
[2026-03-14 23:43:51.369] [info] Core [2] Tile Stats | Issued: 43 Running: 0 Finished: 43
[2026-03-14 23:43:51.369] [info] cycle: [656000]
[2026-03-14 23:43:51.369] [info] Tile  status /m/layers/layers.0/MambaBlock/full, instructions left 30
[2026-03-14 23:43:51.369] [info] Core [3] Tile Stats | Issued: 43 Running: 1 Finished: 42
[2026-03-14 23:43:51.369] [info] cycle: [656000]
[2026-03-14 23:43:51.500] [info] HBM2-CH_0: BW utilization 0% (0 reads, 0 writes)
[2026-03-14 23:43:51.509] [debug] HBM2-CH_1: BW utilization 0% (0 reads, 0 writes)
[2026-03-14 23:43:51.509] [debug] HBM2-CH_2: BW utilization 0% (0 reads, 0 writes)
[2026-03-14 23:43:51.509] [debug] HBM2-CH_3: BW utilization 0% (0 reads, 0 writes)
[2026-03-14 23:43:51.509] [debug] HBM2-CH_4: BW utilization 0% (0 reads, 0 writes)
[2026-03-14 23:43:51.509] [debug] HBM2-CH_5: BW utilization 0% (0 reads, 0 writes)
[2026-03-14 23:43:51.509] [debug] HBM2-CH_6: BW utilization 0% (0 reads, 0 writes)
[2026-03-14 23:43:51.509] [debug] HBM2-CH_7: BW utilization 0% (0 reads, 0 writes)
[2026-03-14 23:43:51.509] [debug] HBM2-CH_8: BW utilization 0% (0 reads, 0 writes)
[2026-03-14 23:43:51.509] [debug] HBM2-CH_9: BW utilization 0% (0 reads, 0 writes)
[2026-03-14 23:43:51.509] [debug] HBM2-CH_10: BW utilization 0% (0 reads, 0 writes)
[2026-03-14 23:43:51.509] [debug] HBM2-CH_11: BW utilization 0% (0 reads, 0 writes)
[2026-03-14 23:43:51.509] [debug] HBM2-CH_12: BW utilization 0% (0 reads, 0 writes)
[2026-03-14 23:43:51.509] [debug] HBM2-CH_13: BW utilization 0% (0 reads, 0 writes)
[2026-03-14 23:43:51.509] [debug] HBM2-CH_14: BW utilization 0% (0 reads, 0 writes)
[2026-03-14 23:43:51.509] [debug] HBM2-CH_15: BW utilization 0% (0 reads, 0 writes)
[2026-03-14 23:43:51.514] [info] Core [0] Tile Stats | Issued: 43 Running: 0 Finished: 43
[2026-03-14 23:43:51.514] [info] cycle: [664000]
[2026-03-14 23:43:51.514] [info] Core [1] Tile Stats | Issued: 43 Running: 0 Finished: 43
[2026-03-14 23:43:51.514] [info] cycle: [664000]
[2026-03-14 23:43:51.514] [info] Core [2] Tile Stats | Issued: 43 Running: 0 Finished: 43
[2026-03-14 23:43:51.514] [info] cycle: [664000]
[2026-03-14 23:43:51.514] [info] Tile  status /m/layers/layers.0/MambaBlock/full, instructions left 30
[2026-03-14 23:43:51.514] [info] Core [3] Tile Stats | Issued: 43 Running: 1 Finished: 42
[2026-03-14 23:43:51.514] [info] cycle: [664000]
[2026-03-14 23:43:51.643] [info] HBM2-CH_0: BW utilization 0% (0 reads, 0 writes)
[2026-03-14 23:43:51.643] [debug] HBM2-CH_1: BW utilization 0% (0 reads, 0 writes)
[2026-03-14 23:43:51.643] [debug] HBM2-CH_2: BW utilization 0% (0 reads, 0 writes)
[2026-03-14 23:43:51.643] [debug] HBM2-CH_3: BW utilization 0% (0 reads, 0 writes)
[2026-03-14 23:43:51.643] [debug] HBM2-CH_4: BW utilization 0% (0 reads, 0 writes)
[2026-03-14 23:43:51.643] [debug] HBM2-CH_5: BW utilization 0% (0 reads, 0 writes)
[2026-03-14 23:43:51.643] [debug] HBM2-CH_6: BW utilization 0% (0 reads, 0 writes)
[2026-03-14 23:43:51.643] [debug] HBM2-CH_7: BW utilization 0% (0 reads, 0 writes)
[2026-03-14 23:43:51.643] [debug] HBM2-CH_8: BW utilization 0% (0 reads, 0 writes)
[2026-03-14 23:43:51.643] [debug] HBM2-CH_9: BW utilization 0% (0 reads, 0 writes)
[2026-03-14 23:43:51.643] [debug] HBM2-CH_10: BW utilization 0% (0 reads, 0 writes)
[2026-03-14 23:43:51.643] [debug] HBM2-CH_11: BW utilization 0% (0 reads, 0 writes)
[2026-03-14 23:43:51.643] [debug] HBM2-CH_12: BW utilization 0% (0 reads, 0 writes)
[2026-03-14 23:43:51.643] [debug] HBM2-CH_13: BW utilization 0% (0 reads, 0 writes)
[2026-03-14 23:43:51.643] [debug] HBM2-CH_14: BW utilization 0% (0 reads, 0 writes)
[2026-03-14 23:43:51.643] [debug] HBM2-CH_15: BW utilization 0% (0 reads, 0 writes)
[2026-03-14 23:43:51.649] [info] Core [0] Tile Stats | Issued: 43 Running: 0 Finished: 43
[2026-03-14 23:43:51.649] [info] cycle: [672000]
[2026-03-14 23:43:51.649] [info] Core [1] Tile Stats | Issued: 43 Running: 0 Finished: 43
[2026-03-14 23:43:51.649] [info] cycle: [672000]
[2026-03-14 23:43:51.649] [info] Core [2] Tile Stats | Issued: 43 Running: 0 Finished: 43
[2026-03-14 23:43:51.649] [info] cycle: [672000]
[2026-03-14 23:43:51.649] [info] Tile  status /m/layers/layers.0/MambaBlock/full, instructions left 30
[2026-03-14 23:43:51.649] [info] Core [3] Tile Stats | Issued: 43 Running: 1 Finished: 42
[2026-03-14 23:43:51.649] [info] cycle: [672000]
[2026-03-14 23:43:51.780] [info] HBM2-CH_0: BW utilization 0% (0 reads, 0 writes)
[2026-03-14 23:43:51.780] [debug] HBM2-CH_1: BW utilization 0% (0 reads, 0 writes)
[2026-03-14 23:43:51.780] [debug] HBM2-CH_2: BW utilization 0% (0 reads, 0 writes)
[2026-03-14 23:43:51.780] [debug] HBM2-CH_3: BW utilization 0% (0 reads, 0 writes)
[2026-03-14 23:43:51.780] [debug] HBM2-CH_4: BW utilization 0% (0 reads, 0 writes)
[2026-03-14 23:43:51.780] [debug] HBM2-CH_5: BW utilization 0% (0 reads, 0 writes)
[2026-03-14 23:43:51.780] [debug] HBM2-CH_6: BW utilization 0% (0 reads, 0 writes)
[2026-03-14 23:43:51.780] [debug] HBM2-CH_7: BW utilization 0% (0 reads, 0 writes)
[2026-03-14 23:43:51.780] [debug] HBM2-CH_8: BW utilization 0% (0 reads, 0 writes)
[2026-03-14 23:43:51.780] [debug] HBM2-CH_9: BW utilization 0% (0 reads, 0 writes)
[2026-03-14 23:43:51.780] [debug] HBM2-CH_10: BW utilization 0% (0 reads, 0 writes)
[2026-03-14 23:43:51.780] [debug] HBM2-CH_11: BW utilization 0% (0 reads, 0 writes)
[2026-03-14 23:43:51.780] [debug] HBM2-CH_12: BW utilization 0% (0 reads, 0 writes)
[2026-03-14 23:43:51.780] [debug] HBM2-CH_13: BW utilization 0% (0 reads, 0 writes)
[2026-03-14 23:43:51.780] [debug] HBM2-CH_14: BW utilization 0% (0 reads, 0 writes)
[2026-03-14 23:43:51.780] [debug] HBM2-CH_15: BW utilization 0% (0 reads, 0 writes)
[2026-03-14 23:43:51.785] [info] Core [0] Tile Stats | Issued: 43 Running: 0 Finished: 43
[2026-03-14 23:43:51.785] [info] cycle: [680000]
[2026-03-14 23:43:51.785] [info] Core [1] Tile Stats | Issued: 43 Running: 0 Finished: 43
[2026-03-14 23:43:51.785] [info] cycle: [680000]
[2026-03-14 23:43:51.785] [info] Core [2] Tile Stats | Issued: 43 Running: 0 Finished: 43
[2026-03-14 23:43:51.785] [info] cycle: [680000]
[2026-03-14 23:43:51.785] [info] Tile  status /m/layers/layers.0/MambaBlock/full, instructions left 30
[2026-03-14 23:43:51.785] [info] Core [3] Tile Stats | Issued: 43 Running: 1 Finished: 42
[2026-03-14 23:43:51.785] [info] cycle: [680000]
[2026-03-14 23:43:51.910] [info] HBM2-CH_0: BW utilization 0% (0 reads, 0 writes)
[2026-03-14 23:43:51.910] [debug] HBM2-CH_1: BW utilization 0% (0 reads, 0 writes)
[2026-03-14 23:43:51.910] [debug] HBM2-CH_2: BW utilization 0% (0 reads, 0 writes)
[2026-03-14 23:43:51.910] [debug] HBM2-CH_3: BW utilization 0% (0 reads, 0 writes)
[2026-03-14 23:43:51.910] [debug] HBM2-CH_4: BW utilization 0% (0 reads, 0 writes)
[2026-03-14 23:43:51.910] [debug] HBM2-CH_5: BW utilization 0% (0 reads, 0 writes)
[2026-03-14 23:43:51.910] [debug] HBM2-CH_6: BW utilization 0% (0 reads, 0 writes)
[2026-03-14 23:43:51.910] [debug] HBM2-CH_7: BW utilization 0% (0 reads, 0 writes)
[2026-03-14 23:43:51.910] [debug] HBM2-CH_8: BW utilization 0% (0 reads, 0 writes)
[2026-03-14 23:43:51.910] [debug] HBM2-CH_9: BW utilization 0% (0 reads, 0 writes)
[2026-03-14 23:43:51.910] [debug] HBM2-CH_10: BW utilization 0% (0 reads, 0 writes)
[2026-03-14 23:43:51.910] [debug] HBM2-CH_11: BW utilization 0% (0 reads, 0 writes)
[2026-03-14 23:43:51.910] [debug] HBM2-CH_12: BW utilization 0% (0 reads, 0 writes)
[2026-03-14 23:43:51.910] [debug] HBM2-CH_13: BW utilization 0% (0 reads, 0 writes)
[2026-03-14 23:43:51.910] [debug] HBM2-CH_14: BW utilization 0% (0 reads, 0 writes)
[2026-03-14 23:43:51.910] [debug] HBM2-CH_15: BW utilization 0% (0 reads, 0 writes)
[2026-03-14 23:43:51.915] [info] Core [0] Tile Stats | Issued: 43 Running: 0 Finished: 43
[2026-03-14 23:43:51.915] [info] cycle: [688000]
[2026-03-14 23:43:51.915] [info] Core [1] Tile Stats | Issued: 43 Running: 0 Finished: 43
[2026-03-14 23:43:51.915] [info] cycle: [688000]
[2026-03-14 23:43:51.915] [info] Core [2] Tile Stats | Issued: 43 Running: 0 Finished: 43
[2026-03-14 23:43:51.915] [info] cycle: [688000]
[2026-03-14 23:43:51.915] [info] Tile  status /m/layers/layers.0/MambaBlock/full, instructions left 30
[2026-03-14 23:43:51.915] [info] Core [3] Tile Stats | Issued: 43 Running: 1 Finished: 42
[2026-03-14 23:43:51.915] [info] cycle: [688000]
[2026-03-14 23:43:52.051] [info] HBM2-CH_0: BW utilization 0% (0 reads, 0 writes)
[2026-03-14 23:43:52.051] [debug] HBM2-CH_1: BW utilization 0% (0 reads, 0 writes)
[2026-03-14 23:43:52.051] [debug] HBM2-CH_2: BW utilization 0% (0 reads, 0 writes)
[2026-03-14 23:43:52.051] [debug] HBM2-CH_3: BW utilization 0% (0 reads, 0 writes)
[2026-03-14 23:43:52.051] [debug] HBM2-CH_4: BW utilization 0% (0 reads, 0 writes)
[2026-03-14 23:43:52.051] [debug] HBM2-CH_5: BW utilization 0% (0 reads, 0 writes)
[2026-03-14 23:43:52.051] [debug] HBM2-CH_6: BW utilization 0% (0 reads, 0 writes)
[2026-03-14 23:43:52.051] [debug] HBM2-CH_7: BW utilization 0% (0 reads, 0 writes)
[2026-03-14 23:43:52.051] [debug] HBM2-CH_8: BW utilization 0% (0 reads, 0 writes)
[2026-03-14 23:43:52.051] [debug] HBM2-CH_9: BW utilization 0% (0 reads, 0 writes)
[2026-03-14 23:43:52.051] [debug] HBM2-CH_10: BW utilization 0% (0 reads, 0 writes)
[2026-03-14 23:43:52.051] [debug] HBM2-CH_11: BW utilization 0% (0 reads, 0 writes)
[2026-03-14 23:43:52.051] [debug] HBM2-CH_12: BW utilization 0% (0 reads, 0 writes)
[2026-03-14 23:43:52.051] [debug] HBM2-CH_13: BW utilization 0% (0 reads, 0 writes)
[2026-03-14 23:43:52.051] [debug] HBM2-CH_14: BW utilization 0% (0 reads, 0 writes)
[2026-03-14 23:43:52.051] [debug] HBM2-CH_15: BW utilization 0% (0 reads, 0 writes)
[2026-03-14 23:43:52.055] [info] Core [0] Tile Stats | Issued: 43 Running: 0 Finished: 43
[2026-03-14 23:43:52.055] [info] cycle: [696000]
[2026-03-14 23:43:52.055] [info] Core [1] Tile Stats | Issued: 43 Running: 0 Finished: 43
[2026-03-14 23:43:52.055] [info] cycle: [696000]
[2026-03-14 23:43:52.055] [info] Core [2] Tile Stats | Issued: 43 Running: 0 Finished: 43
[2026-03-14 23:43:52.055] [info] cycle: [696000]
[2026-03-14 23:43:52.055] [info] Tile  status /m/layers/layers.0/MambaBlock/full, instructions left 30
[2026-03-14 23:43:52.055] [info] Core [3] Tile Stats | Issued: 43 Running: 1 Finished: 42
[2026-03-14 23:43:52.055] [info] cycle: [696000]
[2026-03-14 23:43:52.170] [info] HBM2-CH_0: BW utilization 0% (0 reads, 0 writes)
[2026-03-14 23:43:52.170] [debug] HBM2-CH_1: BW utilization 0% (0 reads, 0 writes)
[2026-03-14 23:43:52.170] [debug] HBM2-CH_2: BW utilization 0% (0 reads, 0 writes)
[2026-03-14 23:43:52.170] [debug] HBM2-CH_3: BW utilization 0% (0 reads, 0 writes)
[2026-03-14 23:43:52.170] [debug] HBM2-CH_4: BW utilization 0% (0 reads, 0 writes)
[2026-03-14 23:43:52.170] [debug] HBM2-CH_5: BW utilization 0% (0 reads, 0 writes)
[2026-03-14 23:43:52.170] [debug] HBM2-CH_6: BW utilization 0% (0 reads, 0 writes)
[2026-03-14 23:43:52.170] [debug] HBM2-CH_7: BW utilization 0% (0 reads, 0 writes)
[2026-03-14 23:43:52.170] [debug] HBM2-CH_8: BW utilization 0% (0 reads, 0 writes)
[2026-03-14 23:43:52.170] [debug] HBM2-CH_9: BW utilization 0% (0 reads, 0 writes)
[2026-03-14 23:43:52.170] [debug] HBM2-CH_10: BW utilization 0% (0 reads, 0 writes)
[2026-03-14 23:43:52.170] [debug] HBM2-CH_11: BW utilization 0% (0 reads, 0 writes)
[2026-03-14 23:43:52.170] [debug] HBM2-CH_12: BW utilization 0% (0 reads, 0 writes)
[2026-03-14 23:43:52.170] [debug] HBM2-CH_13: BW utilization 0% (0 reads, 0 writes)
[2026-03-14 23:43:52.170] [debug] HBM2-CH_14: BW utilization 0% (0 reads, 0 writes)
[2026-03-14 23:43:52.170] [debug] HBM2-CH_15: BW utilization 0% (0 reads, 0 writes)
[2026-03-14 23:43:52.174] [info] Core [0] Tile Stats | Issued: 43 Running: 0 Finished: 43
[2026-03-14 23:43:52.174] [info] cycle: [704000]
[2026-03-14 23:43:52.174] [info] Core [1] Tile Stats | Issued: 43 Running: 0 Finished: 43
[2026-03-14 23:43:52.174] [info] cycle: [704000]
[2026-03-14 23:43:52.174] [info] Core [2] Tile Stats | Issued: 43 Running: 0 Finished: 43
[2026-03-14 23:43:52.174] [info] cycle: [704000]
[2026-03-14 23:43:52.174] [info] Tile  status /m/layers/layers.0/MambaBlock/full, instructions left 30
[2026-03-14 23:43:52.174] [info] Core [3] Tile Stats | Issued: 43 Running: 1 Finished: 42
[2026-03-14 23:43:52.174] [info] cycle: [704000]
[2026-03-14 23:43:52.306] [info] HBM2-CH_0: BW utilization 0% (0 reads, 0 writes)
[2026-03-14 23:43:52.306] [debug] HBM2-CH_1: BW utilization 0% (0 reads, 0 writes)
[2026-03-14 23:43:52.306] [debug] HBM2-CH_2: BW utilization 0% (0 reads, 0 writes)
[2026-03-14 23:43:52.306] [debug] HBM2-CH_3: BW utilization 0% (0 reads, 0 writes)
[2026-03-14 23:43:52.306] [debug] HBM2-CH_4: BW utilization 0% (0 reads, 0 writes)
[2026-03-14 23:43:52.306] [debug] HBM2-CH_5: BW utilization 0% (0 reads, 0 writes)
[2026-03-14 23:43:52.306] [debug] HBM2-CH_6: BW utilization 0% (0 reads, 0 writes)
[2026-03-14 23:43:52.306] [debug] HBM2-CH_7: BW utilization 0% (0 reads, 0 writes)
[2026-03-14 23:43:52.306] [debug] HBM2-CH_8: BW utilization 0% (0 reads, 0 writes)
[2026-03-14 23:43:52.306] [debug] HBM2-CH_9: BW utilization 0% (0 reads, 0 writes)
[2026-03-14 23:43:52.306] [debug] HBM2-CH_10: BW utilization 0% (0 reads, 0 writes)
[2026-03-14 23:43:52.306] [debug] HBM2-CH_11: BW utilization 0% (0 reads, 0 writes)
[2026-03-14 23:43:52.306] [debug] HBM2-CH_12: BW utilization 0% (0 reads, 0 writes)
[2026-03-14 23:43:52.306] [debug] HBM2-CH_13: BW utilization 0% (0 reads, 0 writes)
[2026-03-14 23:43:52.306] [debug] HBM2-CH_14: BW utilization 0% (0 reads, 0 writes)
[2026-03-14 23:43:52.306] [debug] HBM2-CH_15: BW utilization 0% (0 reads, 0 writes)
[2026-03-14 23:43:52.310] [info] Core [0] Tile Stats | Issued: 43 Running: 0 Finished: 43
[2026-03-14 23:43:52.310] [info] cycle: [712000]
[2026-03-14 23:43:52.310] [info] Core [1] Tile Stats | Issued: 43 Running: 0 Finished: 43
[2026-03-14 23:43:52.310] [info] cycle: [712000]
[2026-03-14 23:43:52.310] [info] Core [2] Tile Stats | Issued: 43 Running: 0 Finished: 43
[2026-03-14 23:43:52.310] [info] cycle: [712000]
[2026-03-14 23:43:52.310] [info] Tile  status /m/layers/layers.0/MambaBlock/full, instructions left 30
[2026-03-14 23:43:52.310] [info] Core [3] Tile Stats | Issued: 43 Running: 1 Finished: 42
[2026-03-14 23:43:52.310] [info] cycle: [712000]
[2026-03-14 23:43:52.429] [info] HBM2-CH_0: BW utilization 0% (0 reads, 0 writes)
[2026-03-14 23:43:52.429] [debug] HBM2-CH_1: BW utilization 0% (0 reads, 0 writes)
[2026-03-14 23:43:52.429] [debug] HBM2-CH_2: BW utilization 0% (0 reads, 0 writes)
[2026-03-14 23:43:52.429] [debug] HBM2-CH_3: BW utilization 0% (0 reads, 0 writes)
[2026-03-14 23:43:52.429] [debug] HBM2-CH_4: BW utilization 0% (0 reads, 0 writes)
[2026-03-14 23:43:52.429] [debug] HBM2-CH_5: BW utilization 0% (0 reads, 0 writes)
[2026-03-14 23:43:52.429] [debug] HBM2-CH_6: BW utilization 0% (0 reads, 0 writes)
[2026-03-14 23:43:52.429] [debug] HBM2-CH_7: BW utilization 0% (0 reads, 0 writes)
[2026-03-14 23:43:52.429] [debug] HBM2-CH_8: BW utilization 0% (0 reads, 0 writes)
[2026-03-14 23:43:52.429] [debug] HBM2-CH_9: BW utilization 0% (0 reads, 0 writes)
[2026-03-14 23:43:52.429] [debug] HBM2-CH_10: BW utilization 0% (0 reads, 0 writes)
[2026-03-14 23:43:52.429] [debug] HBM2-CH_11: BW utilization 0% (0 reads, 0 writes)
[2026-03-14 23:43:52.429] [debug] HBM2-CH_12: BW utilization 0% (0 reads, 0 writes)
[2026-03-14 23:43:52.429] [debug] HBM2-CH_13: BW utilization 0% (0 reads, 0 writes)
[2026-03-14 23:43:52.429] [debug] HBM2-CH_14: BW utilization 0% (0 reads, 0 writes)
[2026-03-14 23:43:52.429] [debug] HBM2-CH_15: BW utilization 0% (0 reads, 0 writes)
[2026-03-14 23:43:52.434] [info] Core [0] Tile Stats | Issued: 43 Running: 0 Finished: 43
[2026-03-14 23:43:52.434] [info] cycle: [720000]
[2026-03-14 23:43:52.434] [info] Core [1] Tile Stats | Issued: 43 Running: 0 Finished: 43
[2026-03-14 23:43:52.434] [info] cycle: [720000]
[2026-03-14 23:43:52.434] [info] Core [2] Tile Stats | Issued: 43 Running: 0 Finished: 43
[2026-03-14 23:43:52.434] [info] cycle: [720000]
[2026-03-14 23:43:52.434] [info] Tile  status /m/layers/layers.0/MambaBlock/full, instructions left 30
[2026-03-14 23:43:52.434] [info] Core [3] Tile Stats | Issued: 43 Running: 1 Finished: 42
[2026-03-14 23:43:52.434] [info] cycle: [720000]
[2026-03-14 23:43:52.563] [info] HBM2-CH_0: BW utilization 0% (0 reads, 0 writes)
[2026-03-14 23:43:52.563] [debug] HBM2-CH_1: BW utilization 0% (0 reads, 0 writes)
[2026-03-14 23:43:52.563] [debug] HBM2-CH_2: BW utilization 0% (0 reads, 0 writes)
[2026-03-14 23:43:52.563] [debug] HBM2-CH_3: BW utilization 0% (0 reads, 0 writes)
[2026-03-14 23:43:52.563] [debug] HBM2-CH_4: BW utilization 0% (0 reads, 0 writes)
[2026-03-14 23:43:52.563] [debug] HBM2-CH_5: BW utilization 0% (0 reads, 0 writes)
[2026-03-14 23:43:52.563] [debug] HBM2-CH_6: BW utilization 0% (0 reads, 0 writes)
[2026-03-14 23:43:52.563] [debug] HBM2-CH_7: BW utilization 0% (0 reads, 0 writes)
[2026-03-14 23:43:52.563] [debug] HBM2-CH_8: BW utilization 0% (0 reads, 0 writes)
[2026-03-14 23:43:52.563] [debug] HBM2-CH_9: BW utilization 0% (0 reads, 0 writes)
[2026-03-14 23:43:52.563] [debug] HBM2-CH_10: BW utilization 0% (0 reads, 0 writes)
[2026-03-14 23:43:52.563] [debug] HBM2-CH_11: BW utilization 0% (0 reads, 0 writes)
[2026-03-14 23:43:52.563] [debug] HBM2-CH_12: BW utilization 0% (0 reads, 0 writes)
[2026-03-14 23:43:52.563] [debug] HBM2-CH_13: BW utilization 0% (0 reads, 0 writes)
[2026-03-14 23:43:52.563] [debug] HBM2-CH_14: BW utilization 0% (0 reads, 0 writes)
[2026-03-14 23:43:52.563] [debug] HBM2-CH_15: BW utilization 0% (0 reads, 0 writes)
[2026-03-14 23:43:52.567] [info] Core [0] Tile Stats | Issued: 43 Running: 0 Finished: 43
[2026-03-14 23:43:52.567] [info] cycle: [728000]
[2026-03-14 23:43:52.567] [info] Core [1] Tile Stats | Issued: 43 Running: 0 Finished: 43
[2026-03-14 23:43:52.567] [info] cycle: [728000]
[2026-03-14 23:43:52.567] [info] Core [2] Tile Stats | Issued: 43 Running: 0 Finished: 43
[2026-03-14 23:43:52.567] [info] cycle: [728000]
[2026-03-14 23:43:52.567] [info] Tile  status /m/layers/layers.0/MambaBlock/full, instructions left 30
[2026-03-14 23:43:52.567] [info] Core [3] Tile Stats | Issued: 43 Running: 1 Finished: 42
[2026-03-14 23:43:52.567] [info] cycle: [728000]
[2026-03-14 23:43:52.686] [info] HBM2-CH_0: BW utilization 0% (0 reads, 0 writes)
[2026-03-14 23:43:52.686] [debug] HBM2-CH_1: BW utilization 0% (0 reads, 0 writes)
[2026-03-14 23:43:52.686] [debug] HBM2-CH_2: BW utilization 0% (0 reads, 0 writes)
[2026-03-14 23:43:52.686] [debug] HBM2-CH_3: BW utilization 0% (0 reads, 0 writes)
[2026-03-14 23:43:52.686] [debug] HBM2-CH_4: BW utilization 0% (0 reads, 0 writes)
[2026-03-14 23:43:52.686] [debug] HBM2-CH_5: BW utilization 0% (0 reads, 0 writes)
[2026-03-14 23:43:52.686] [debug] HBM2-CH_6: BW utilization 0% (0 reads, 0 writes)
[2026-03-14 23:43:52.686] [debug] HBM2-CH_7: BW utilization 0% (0 reads, 0 writes)
[2026-03-14 23:43:52.686] [debug] HBM2-CH_8: BW utilization 0% (0 reads, 0 writes)
[2026-03-14 23:43:52.686] [debug] HBM2-CH_9: BW utilization 0% (0 reads, 0 writes)
[2026-03-14 23:43:52.686] [debug] HBM2-CH_10: BW utilization 0% (0 reads, 0 writes)
[2026-03-14 23:43:52.686] [debug] HBM2-CH_11: BW utilization 0% (0 reads, 0 writes)
[2026-03-14 23:43:52.686] [debug] HBM2-CH_12: BW utilization 0% (0 reads, 0 writes)
[2026-03-14 23:43:52.686] [debug] HBM2-CH_13: BW utilization 0% (0 reads, 0 writes)
[2026-03-14 23:43:52.686] [debug] HBM2-CH_14: BW utilization 0% (0 reads, 0 writes)
[2026-03-14 23:43:52.686] [debug] HBM2-CH_15: BW utilization 0% (0 reads, 0 writes)
[2026-03-14 23:43:52.690] [info] Core [0] Tile Stats | Issued: 43 Running: 0 Finished: 43
[2026-03-14 23:43:52.690] [info] cycle: [736000]
[2026-03-14 23:43:52.690] [info] Core [1] Tile Stats | Issued: 43 Running: 0 Finished: 43
[2026-03-14 23:43:52.690] [info] cycle: [736000]
[2026-03-14 23:43:52.690] [info] Core [2] Tile Stats | Issued: 43 Running: 0 Finished: 43
[2026-03-14 23:43:52.690] [info] cycle: [736000]
[2026-03-14 23:43:52.690] [info] Tile  status /m/layers/layers.0/MambaBlock/full, instructions left 30
[2026-03-14 23:43:52.690] [info] Core [3] Tile Stats | Issued: 43 Running: 1 Finished: 42
[2026-03-14 23:43:52.690] [info] cycle: [736000]
[2026-03-14 23:43:52.823] [info] HBM2-CH_0: BW utilization 0% (0 reads, 0 writes)
[2026-03-14 23:43:52.823] [debug] HBM2-CH_1: BW utilization 0% (0 reads, 0 writes)
[2026-03-14 23:43:52.823] [debug] HBM2-CH_2: BW utilization 0% (0 reads, 0 writes)
[2026-03-14 23:43:52.823] [debug] HBM2-CH_3: BW utilization 0% (0 reads, 0 writes)
[2026-03-14 23:43:52.823] [debug] HBM2-CH_4: BW utilization 0% (0 reads, 0 writes)
[2026-03-14 23:43:52.823] [debug] HBM2-CH_5: BW utilization 0% (0 reads, 0 writes)
[2026-03-14 23:43:52.823] [debug] HBM2-CH_6: BW utilization 0% (0 reads, 0 writes)
[2026-03-14 23:43:52.823] [debug] HBM2-CH_7: BW utilization 0% (0 reads, 0 writes)
[2026-03-14 23:43:52.823] [debug] HBM2-CH_8: BW utilization 0% (0 reads, 0 writes)
[2026-03-14 23:43:52.823] [debug] HBM2-CH_9: BW utilization 0% (0 reads, 0 writes)
[2026-03-14 23:43:52.823] [debug] HBM2-CH_10: BW utilization 0% (0 reads, 0 writes)
[2026-03-14 23:43:52.823] [debug] HBM2-CH_11: BW utilization 0% (0 reads, 0 writes)
[2026-03-14 23:43:52.823] [debug] HBM2-CH_12: BW utilization 0% (0 reads, 0 writes)
[2026-03-14 23:43:52.823] [debug] HBM2-CH_13: BW utilization 0% (0 reads, 0 writes)
[2026-03-14 23:43:52.823] [debug] HBM2-CH_14: BW utilization 0% (0 reads, 0 writes)
[2026-03-14 23:43:52.823] [debug] HBM2-CH_15: BW utilization 0% (0 reads, 0 writes)
[2026-03-14 23:43:52.828] [info] Core [0] Tile Stats | Issued: 43 Running: 0 Finished: 43
[2026-03-14 23:43:52.828] [info] cycle: [744000]
[2026-03-14 23:43:52.828] [info] Core [1] Tile Stats | Issued: 43 Running: 0 Finished: 43
[2026-03-14 23:43:52.828] [info] cycle: [744000]
[2026-03-14 23:43:52.828] [info] Core [2] Tile Stats | Issued: 43 Running: 0 Finished: 43
[2026-03-14 23:43:52.828] [info] cycle: [744000]
[2026-03-14 23:43:52.828] [info] Tile  status /m/layers/layers.0/MambaBlock/full, instructions left 30
[2026-03-14 23:43:52.828] [info] Core [3] Tile Stats | Issued: 43 Running: 1 Finished: 42
[2026-03-14 23:43:52.828] [info] cycle: [744000]
[2026-03-14 23:43:52.946] [info] HBM2-CH_0: BW utilization 0% (0 reads, 0 writes)
[2026-03-14 23:43:52.946] [debug] HBM2-CH_1: BW utilization 0% (0 reads, 0 writes)
[2026-03-14 23:43:52.946] [debug] HBM2-CH_2: BW utilization 0% (0 reads, 0 writes)
[2026-03-14 23:43:52.946] [debug] HBM2-CH_3: BW utilization 0% (0 reads, 0 writes)
[2026-03-14 23:43:52.946] [debug] HBM2-CH_4: BW utilization 0% (0 reads, 0 writes)
[2026-03-14 23:43:52.946] [debug] HBM2-CH_5: BW utilization 0% (0 reads, 0 writes)
[2026-03-14 23:43:52.946] [debug] HBM2-CH_6: BW utilization 0% (0 reads, 0 writes)
[2026-03-14 23:43:52.946] [debug] HBM2-CH_7: BW utilization 0% (0 reads, 0 writes)
[2026-03-14 23:43:52.946] [debug] HBM2-CH_8: BW utilization 0% (0 reads, 0 writes)
[2026-03-14 23:43:52.946] [debug] HBM2-CH_9: BW utilization 0% (0 reads, 0 writes)
[2026-03-14 23:43:52.946] [debug] HBM2-CH_10: BW utilization 0% (0 reads, 0 writes)
[2026-03-14 23:43:52.946] [debug] HBM2-CH_11: BW utilization 0% (0 reads, 0 writes)
[2026-03-14 23:43:52.946] [debug] HBM2-CH_12: BW utilization 0% (0 reads, 0 writes)
[2026-03-14 23:43:52.946] [debug] HBM2-CH_13: BW utilization 0% (0 reads, 0 writes)
[2026-03-14 23:43:52.946] [debug] HBM2-CH_14: BW utilization 0% (0 reads, 0 writes)
[2026-03-14 23:43:52.946] [debug] HBM2-CH_15: BW utilization 0% (0 reads, 0 writes)
[2026-03-14 23:43:52.953] [info] Core [0] Tile Stats | Issued: 43 Running: 0 Finished: 43
[2026-03-14 23:43:52.953] [info] cycle: [752000]
[2026-03-14 23:43:52.953] [info] Core [1] Tile Stats | Issued: 43 Running: 0 Finished: 43
[2026-03-14 23:43:52.953] [info] cycle: [752000]
[2026-03-14 23:43:52.953] [info] Core [2] Tile Stats | Issued: 43 Running: 0 Finished: 43
[2026-03-14 23:43:52.953] [info] cycle: [752000]
[2026-03-14 23:43:52.953] [info] Tile  status /m/layers/layers.0/MambaBlock/full, instructions left 30
[2026-03-14 23:43:52.953] [info] Core [3] Tile Stats | Issued: 43 Running: 1 Finished: 42
[2026-03-14 23:43:52.953] [info] cycle: [752000]
[2026-03-14 23:43:53.080] [info] HBM2-CH_0: BW utilization 0% (0 reads, 0 writes)
[2026-03-14 23:43:53.080] [debug] HBM2-CH_1: BW utilization 0% (0 reads, 0 writes)
[2026-03-14 23:43:53.080] [debug] HBM2-CH_2: BW utilization 0% (0 reads, 0 writes)
[2026-03-14 23:43:53.080] [debug] HBM2-CH_3: BW utilization 0% (0 reads, 0 writes)
[2026-03-14 23:43:53.080] [debug] HBM2-CH_4: BW utilization 0% (0 reads, 0 writes)
[2026-03-14 23:43:53.080] [debug] HBM2-CH_5: BW utilization 0% (0 reads, 0 writes)
[2026-03-14 23:43:53.080] [debug] HBM2-CH_6: BW utilization 0% (0 reads, 0 writes)
[2026-03-14 23:43:53.080] [debug] HBM2-CH_7: BW utilization 0% (0 reads, 0 writes)
[2026-03-14 23:43:53.080] [debug] HBM2-CH_8: BW utilization 0% (0 reads, 0 writes)
[2026-03-14 23:43:53.080] [debug] HBM2-CH_9: BW utilization 0% (0 reads, 0 writes)
[2026-03-14 23:43:53.080] [debug] HBM2-CH_10: BW utilization 0% (0 reads, 0 writes)
[2026-03-14 23:43:53.080] [debug] HBM2-CH_11: BW utilization 0% (0 reads, 0 writes)
[2026-03-14 23:43:53.080] [debug] HBM2-CH_12: BW utilization 0% (0 reads, 0 writes)
[2026-03-14 23:43:53.080] [debug] HBM2-CH_13: BW utilization 0% (0 reads, 0 writes)
[2026-03-14 23:43:53.080] [debug] HBM2-CH_14: BW utilization 0% (0 reads, 0 writes)
[2026-03-14 23:43:53.080] [debug] HBM2-CH_15: BW utilization 0% (0 reads, 0 writes)
[2026-03-14 23:43:53.086] [info] Core [0] Tile Stats | Issued: 43 Running: 0 Finished: 43
[2026-03-14 23:43:53.086] [info] cycle: [760000]
[2026-03-14 23:43:53.086] [info] Core [1] Tile Stats | Issued: 43 Running: 0 Finished: 43
[2026-03-14 23:43:53.086] [info] cycle: [760000]
[2026-03-14 23:43:53.086] [info] Core [2] Tile Stats | Issued: 43 Running: 0 Finished: 43
[2026-03-14 23:43:53.086] [info] cycle: [760000]
[2026-03-14 23:43:53.086] [info] Tile  status /m/layers/layers.0/MambaBlock/full, instructions left 30
[2026-03-14 23:43:53.086] [info] Core [3] Tile Stats | Issued: 43 Running: 1 Finished: 42
[2026-03-14 23:43:53.086] [info] cycle: [760000]
[2026-03-14 23:43:53.215] [info] HBM2-CH_0: BW utilization 0% (0 reads, 0 writes)
[2026-03-14 23:43:53.215] [debug] HBM2-CH_1: BW utilization 0% (0 reads, 0 writes)
[2026-03-14 23:43:53.215] [debug] HBM2-CH_2: BW utilization 0% (0 reads, 0 writes)
[2026-03-14 23:43:53.215] [debug] HBM2-CH_3: BW utilization 0% (0 reads, 0 writes)
[2026-03-14 23:43:53.215] [debug] HBM2-CH_4: BW utilization 0% (0 reads, 0 writes)
[2026-03-14 23:43:53.215] [debug] HBM2-CH_5: BW utilization 0% (0 reads, 0 writes)
[2026-03-14 23:43:53.215] [debug] HBM2-CH_6: BW utilization 0% (0 reads, 0 writes)
[2026-03-14 23:43:53.215] [debug] HBM2-CH_7: BW utilization 0% (0 reads, 0 writes)
[2026-03-14 23:43:53.215] [debug] HBM2-CH_8: BW utilization 0% (0 reads, 0 writes)
[2026-03-14 23:43:53.215] [debug] HBM2-CH_9: BW utilization 0% (0 reads, 0 writes)
[2026-03-14 23:43:53.215] [debug] HBM2-CH_10: BW utilization 0% (0 reads, 0 writes)
[2026-03-14 23:43:53.215] [debug] HBM2-CH_11: BW utilization 0% (0 reads, 0 writes)
[2026-03-14 23:43:53.215] [debug] HBM2-CH_12: BW utilization 0% (0 reads, 0 writes)
[2026-03-14 23:43:53.215] [debug] HBM2-CH_13: BW utilization 0% (0 reads, 0 writes)
[2026-03-14 23:43:53.215] [debug] HBM2-CH_14: BW utilization 0% (0 reads, 0 writes)
[2026-03-14 23:43:53.215] [debug] HBM2-CH_15: BW utilization 0% (0 reads, 0 writes)
[2026-03-14 23:43:53.221] [info] Core [0] Tile Stats | Issued: 43 Running: 0 Finished: 43
[2026-03-14 23:43:53.221] [info] cycle: [768000]
[2026-03-14 23:43:53.221] [info] Core [1] Tile Stats | Issued: 43 Running: 0 Finished: 43
[2026-03-14 23:43:53.221] [info] cycle: [768000]
[2026-03-14 23:43:53.221] [info] Core [2] Tile Stats | Issued: 43 Running: 0 Finished: 43
[2026-03-14 23:43:53.221] [info] cycle: [768000]
[2026-03-14 23:43:53.221] [info] Tile  status /m/layers/layers.0/MambaBlock/full, instructions left 30
[2026-03-14 23:43:53.221] [info] Core [3] Tile Stats | Issued: 43 Running: 1 Finished: 42
[2026-03-14 23:43:53.221] [info] cycle: [768000]
[2026-03-14 23:43:53.346] [info] HBM2-CH_0: BW utilization 0% (0 reads, 0 writes)
[2026-03-14 23:43:53.346] [debug] HBM2-CH_1: BW utilization 0% (0 reads, 0 writes)
[2026-03-14 23:43:53.346] [debug] HBM2-CH_2: BW utilization 0% (0 reads, 0 writes)
[2026-03-14 23:43:53.346] [debug] HBM2-CH_3: BW utilization 0% (0 reads, 0 writes)
[2026-03-14 23:43:53.346] [debug] HBM2-CH_4: BW utilization 0% (0 reads, 0 writes)
[2026-03-14 23:43:53.346] [debug] HBM2-CH_5: BW utilization 0% (0 reads, 0 writes)
[2026-03-14 23:43:53.346] [debug] HBM2-CH_6: BW utilization 0% (0 reads, 0 writes)
[2026-03-14 23:43:53.346] [debug] HBM2-CH_7: BW utilization 0% (0 reads, 0 writes)
[2026-03-14 23:43:53.346] [debug] HBM2-CH_8: BW utilization 0% (0 reads, 0 writes)
[2026-03-14 23:43:53.346] [debug] HBM2-CH_9: BW utilization 0% (0 reads, 0 writes)
[2026-03-14 23:43:53.346] [debug] HBM2-CH_10: BW utilization 0% (0 reads, 0 writes)
[2026-03-14 23:43:53.346] [debug] HBM2-CH_11: BW utilization 0% (0 reads, 0 writes)
[2026-03-14 23:43:53.346] [debug] HBM2-CH_12: BW utilization 0% (0 reads, 0 writes)
[2026-03-14 23:43:53.346] [debug] HBM2-CH_13: BW utilization 0% (0 reads, 0 writes)
[2026-03-14 23:43:53.346] [debug] HBM2-CH_14: BW utilization 0% (0 reads, 0 writes)
[2026-03-14 23:43:53.346] [debug] HBM2-CH_15: BW utilization 0% (0 reads, 0 writes)
[2026-03-14 23:43:53.353] [info] Core [0] Tile Stats | Issued: 43 Running: 0 Finished: 43
[2026-03-14 23:43:53.353] [info] cycle: [776000]
[2026-03-14 23:43:53.353] [info] Core [1] Tile Stats | Issued: 43 Running: 0 Finished: 43
[2026-03-14 23:43:53.353] [info] cycle: [776000]
[2026-03-14 23:43:53.353] [info] Core [2] Tile Stats | Issued: 43 Running: 0 Finished: 43
[2026-03-14 23:43:53.353] [info] cycle: [776000]
[2026-03-14 23:43:53.353] [info] Tile  status /m/layers/layers.0/MambaBlock/full, instructions left 30
[2026-03-14 23:43:53.353] [info] Core [3] Tile Stats | Issued: 43 Running: 1 Finished: 42
[2026-03-14 23:43:53.353] [info] cycle: [776000]
[2026-03-14 23:43:53.479] [info] HBM2-CH_0: BW utilization 0% (0 reads, 0 writes)
[2026-03-14 23:43:53.479] [debug] HBM2-CH_1: BW utilization 0% (0 reads, 0 writes)
[2026-03-14 23:43:53.479] [debug] HBM2-CH_2: BW utilization 0% (0 reads, 0 writes)
[2026-03-14 23:43:53.479] [debug] HBM2-CH_3: BW utilization 0% (0 reads, 0 writes)
[2026-03-14 23:43:53.479] [debug] HBM2-CH_4: BW utilization 0% (0 reads, 0 writes)
[2026-03-14 23:43:53.479] [debug] HBM2-CH_5: BW utilization 0% (0 reads, 0 writes)
[2026-03-14 23:43:53.479] [debug] HBM2-CH_6: BW utilization 0% (0 reads, 0 writes)
[2026-03-14 23:43:53.479] [debug] HBM2-CH_7: BW utilization 0% (0 reads, 0 writes)
[2026-03-14 23:43:53.479] [debug] HBM2-CH_8: BW utilization 0% (0 reads, 0 writes)
[2026-03-14 23:43:53.479] [debug] HBM2-CH_9: BW utilization 0% (0 reads, 0 writes)
[2026-03-14 23:43:53.479] [debug] HBM2-CH_10: BW utilization 0% (0 reads, 0 writes)
[2026-03-14 23:43:53.479] [debug] HBM2-CH_11: BW utilization 0% (0 reads, 0 writes)
[2026-03-14 23:43:53.479] [debug] HBM2-CH_12: BW utilization 0% (0 reads, 0 writes)
[2026-03-14 23:43:53.479] [debug] HBM2-CH_13: BW utilization 0% (0 reads, 0 writes)
[2026-03-14 23:43:53.479] [debug] HBM2-CH_14: BW utilization 0% (0 reads, 0 writes)
[2026-03-14 23:43:53.479] [debug] HBM2-CH_15: BW utilization 0% (0 reads, 0 writes)
[2026-03-14 23:43:53.486] [info] Core [0] Tile Stats | Issued: 43 Running: 0 Finished: 43
[2026-03-14 23:43:53.486] [info] cycle: [784000]
[2026-03-14 23:43:53.486] [info] Core [1] Tile Stats | Issued: 43 Running: 0 Finished: 43
[2026-03-14 23:43:53.486] [info] cycle: [784000]
[2026-03-14 23:43:53.486] [info] Core [2] Tile Stats | Issued: 43 Running: 0 Finished: 43
[2026-03-14 23:43:53.486] [info] cycle: [784000]
[2026-03-14 23:43:53.486] [info] Tile  status /m/layers/layers.0/MambaBlock/full, instructions left 30
[2026-03-14 23:43:53.486] [info] Core [3] Tile Stats | Issued: 43 Running: 1 Finished: 42
[2026-03-14 23:43:53.486] [info] cycle: [784000]
[2026-03-14 23:43:53.675] [info] HBM2-CH_0: BW utilization 0% (0 reads, 0 writes)
[2026-03-14 23:43:53.675] [debug] HBM2-CH_1: BW utilization 0% (0 reads, 0 writes)
[2026-03-14 23:43:53.675] [debug] HBM2-CH_2: BW utilization 0% (0 reads, 0 writes)
[2026-03-14 23:43:53.675] [debug] HBM2-CH_3: BW utilization 0% (0 reads, 0 writes)
[2026-03-14 23:43:53.675] [debug] HBM2-CH_4: BW utilization 0% (0 reads, 0 writes)
[2026-03-14 23:43:53.675] [debug] HBM2-CH_5: BW utilization 0% (0 reads, 0 writes)
[2026-03-14 23:43:53.675] [debug] HBM2-CH_6: BW utilization 0% (0 reads, 0 writes)
[2026-03-14 23:43:53.675] [debug] HBM2-CH_7: BW utilization 0% (0 reads, 0 writes)
[2026-03-14 23:43:53.675] [debug] HBM2-CH_8: BW utilization 0% (0 reads, 0 writes)
[2026-03-14 23:43:53.675] [debug] HBM2-CH_9: BW utilization 0% (0 reads, 0 writes)
[2026-03-14 23:43:53.675] [debug] HBM2-CH_10: BW utilization 0% (0 reads, 0 writes)
[2026-03-14 23:43:53.675] [debug] HBM2-CH_11: BW utilization 0% (0 reads, 0 writes)
[2026-03-14 23:43:53.675] [debug] HBM2-CH_12: BW utilization 0% (0 reads, 0 writes)
[2026-03-14 23:43:53.675] [debug] HBM2-CH_13: BW utilization 0% (0 reads, 0 writes)
[2026-03-14 23:43:53.675] [debug] HBM2-CH_14: BW utilization 0% (0 reads, 0 writes)
[2026-03-14 23:43:53.675] [debug] HBM2-CH_15: BW utilization 0% (0 reads, 0 writes)
[2026-03-14 23:43:53.681] [info] Core [0] Tile Stats | Issued: 43 Running: 0 Finished: 43
[2026-03-14 23:43:53.681] [info] cycle: [792000]
[2026-03-14 23:43:53.681] [info] Core [1] Tile Stats | Issued: 43 Running: 0 Finished: 43
[2026-03-14 23:43:53.681] [info] cycle: [792000]
[2026-03-14 23:43:53.681] [info] Core [2] Tile Stats | Issued: 43 Running: 0 Finished: 43
[2026-03-14 23:43:53.681] [info] cycle: [792000]
[2026-03-14 23:43:53.681] [info] Tile  status /m/layers/layers.0/MambaBlock/full, instructions left 30
[2026-03-14 23:43:53.681] [info] Core [3] Tile Stats | Issued: 43 Running: 1 Finished: 42
[2026-03-14 23:43:53.681] [info] cycle: [792000]
[2026-03-14 23:43:53.797] [info] HBM2-CH_0: BW utilization 0% (0 reads, 0 writes)
[2026-03-14 23:43:53.797] [debug] HBM2-CH_1: BW utilization 0% (0 reads, 0 writes)
[2026-03-14 23:43:53.797] [debug] HBM2-CH_2: BW utilization 0% (0 reads, 0 writes)
[2026-03-14 23:43:53.797] [debug] HBM2-CH_3: BW utilization 0% (0 reads, 0 writes)
[2026-03-14 23:43:53.797] [debug] HBM2-CH_4: BW utilization 0% (0 reads, 0 writes)
[2026-03-14 23:43:53.797] [debug] HBM2-CH_5: BW utilization 0% (0 reads, 0 writes)
[2026-03-14 23:43:53.797] [debug] HBM2-CH_6: BW utilization 0% (0 reads, 0 writes)
[2026-03-14 23:43:53.797] [debug] HBM2-CH_7: BW utilization 0% (0 reads, 0 writes)
[2026-03-14 23:43:53.797] [debug] HBM2-CH_8: BW utilization 0% (0 reads, 0 writes)
[2026-03-14 23:43:53.797] [debug] HBM2-CH_9: BW utilization 0% (0 reads, 0 writes)
[2026-03-14 23:43:53.797] [debug] HBM2-CH_10: BW utilization 0% (0 reads, 0 writes)
[2026-03-14 23:43:53.797] [debug] HBM2-CH_11: BW utilization 0% (0 reads, 0 writes)
[2026-03-14 23:43:53.797] [debug] HBM2-CH_12: BW utilization 0% (0 reads, 0 writes)
[2026-03-14 23:43:53.797] [debug] HBM2-CH_13: BW utilization 0% (0 reads, 0 writes)
[2026-03-14 23:43:53.797] [debug] HBM2-CH_14: BW utilization 0% (0 reads, 0 writes)
[2026-03-14 23:43:53.797] [debug] HBM2-CH_15: BW utilization 0% (0 reads, 0 writes)
[2026-03-14 23:43:53.803] [info] Core [0] Tile Stats | Issued: 43 Running: 0 Finished: 43
[2026-03-14 23:43:53.803] [info] cycle: [800000]
[2026-03-14 23:43:53.803] [info] Core [1] Tile Stats | Issued: 43 Running: 0 Finished: 43
[2026-03-14 23:43:53.803] [info] cycle: [800000]
[2026-03-14 23:43:53.803] [info] Core [2] Tile Stats | Issued: 43 Running: 0 Finished: 43
[2026-03-14 23:43:53.803] [info] cycle: [800000]
[2026-03-14 23:43:53.803] [info] Tile  status /m/layers/layers.0/MambaBlock/full, instructions left 30
[2026-03-14 23:43:53.803] [info] Core [3] Tile Stats | Issued: 43 Running: 1 Finished: 42
[2026-03-14 23:43:53.803] [info] cycle: [800000]
[2026-03-14 23:43:53.931] [info] HBM2-CH_0: BW utilization 0% (0 reads, 0 writes)
[2026-03-14 23:43:53.931] [debug] HBM2-CH_1: BW utilization 0% (0 reads, 0 writes)
[2026-03-14 23:43:53.931] [debug] HBM2-CH_2: BW utilization 0% (0 reads, 0 writes)
[2026-03-14 23:43:53.931] [debug] HBM2-CH_3: BW utilization 0% (0 reads, 0 writes)
[2026-03-14 23:43:53.931] [debug] HBM2-CH_4: BW utilization 0% (0 reads, 0 writes)
[2026-03-14 23:43:53.931] [debug] HBM2-CH_5: BW utilization 0% (0 reads, 0 writes)
[2026-03-14 23:43:53.931] [debug] HBM2-CH_6: BW utilization 0% (0 reads, 0 writes)
[2026-03-14 23:43:53.931] [debug] HBM2-CH_7: BW utilization 0% (0 reads, 0 writes)
[2026-03-14 23:43:53.931] [debug] HBM2-CH_8: BW utilization 0% (0 reads, 0 writes)
[2026-03-14 23:43:53.931] [debug] HBM2-CH_9: BW utilization 0% (0 reads, 0 writes)
[2026-03-14 23:43:53.931] [debug] HBM2-CH_10: BW utilization 0% (0 reads, 0 writes)
[2026-03-14 23:43:53.931] [debug] HBM2-CH_11: BW utilization 0% (0 reads, 0 writes)
[2026-03-14 23:43:53.931] [debug] HBM2-CH_12: BW utilization 0% (0 reads, 0 writes)
[2026-03-14 23:43:53.931] [debug] HBM2-CH_13: BW utilization 0% (0 reads, 0 writes)
[2026-03-14 23:43:53.931] [debug] HBM2-CH_14: BW utilization 0% (0 reads, 0 writes)
[2026-03-14 23:43:53.931] [debug] HBM2-CH_15: BW utilization 0% (0 reads, 0 writes)
[2026-03-14 23:43:53.936] [info] Core [0] Tile Stats | Issued: 43 Running: 0 Finished: 43
[2026-03-14 23:43:53.936] [info] cycle: [808000]
[2026-03-14 23:43:53.936] [info] Core [1] Tile Stats | Issued: 43 Running: 0 Finished: 43
[2026-03-14 23:43:53.936] [info] cycle: [808000]
[2026-03-14 23:43:53.936] [info] Core [2] Tile Stats | Issued: 43 Running: 0 Finished: 43
[2026-03-14 23:43:53.936] [info] cycle: [808000]
[2026-03-14 23:43:53.936] [info] Tile  status /m/layers/layers.0/MambaBlock/full, instructions left 30
[2026-03-14 23:43:53.936] [info] Core [3] Tile Stats | Issued: 43 Running: 1 Finished: 42
[2026-03-14 23:43:53.936] [info] cycle: [808000]
[2026-03-14 23:43:54.052] [info] HBM2-CH_0: BW utilization 0% (0 reads, 0 writes)
[2026-03-14 23:43:54.052] [debug] HBM2-CH_1: BW utilization 0% (0 reads, 0 writes)
[2026-03-14 23:43:54.052] [debug] HBM2-CH_2: BW utilization 0% (0 reads, 0 writes)
[2026-03-14 23:43:54.052] [debug] HBM2-CH_3: BW utilization 0% (0 reads, 0 writes)
[2026-03-14 23:43:54.052] [debug] HBM2-CH_4: BW utilization 0% (0 reads, 0 writes)
[2026-03-14 23:43:54.052] [debug] HBM2-CH_5: BW utilization 0% (0 reads, 0 writes)
[2026-03-14 23:43:54.052] [debug] HBM2-CH_6: BW utilization 0% (0 reads, 0 writes)
[2026-03-14 23:43:54.052] [debug] HBM2-CH_7: BW utilization 0% (0 reads, 0 writes)
[2026-03-14 23:43:54.052] [debug] HBM2-CH_8: BW utilization 0% (0 reads, 0 writes)
[2026-03-14 23:43:54.052] [debug] HBM2-CH_9: BW utilization 0% (0 reads, 0 writes)
[2026-03-14 23:43:54.052] [debug] HBM2-CH_10: BW utilization 0% (0 reads, 0 writes)
[2026-03-14 23:43:54.052] [debug] HBM2-CH_11: BW utilization 0% (0 reads, 0 writes)
[2026-03-14 23:43:54.052] [debug] HBM2-CH_12: BW utilization 0% (0 reads, 0 writes)
[2026-03-14 23:43:54.052] [debug] HBM2-CH_13: BW utilization 0% (0 reads, 0 writes)
[2026-03-14 23:43:54.052] [debug] HBM2-CH_14: BW utilization 0% (0 reads, 0 writes)
[2026-03-14 23:43:54.052] [debug] HBM2-CH_15: BW utilization 0% (0 reads, 0 writes)
[2026-03-14 23:43:54.057] [info] Core [0] Tile Stats | Issued: 43 Running: 0 Finished: 43
[2026-03-14 23:43:54.057] [info] cycle: [816000]
[2026-03-14 23:43:54.057] [info] Core [1] Tile Stats | Issued: 43 Running: 0 Finished: 43
[2026-03-14 23:43:54.057] [info] cycle: [816000]
[2026-03-14 23:43:54.057] [info] Core [2] Tile Stats | Issued: 43 Running: 0 Finished: 43
[2026-03-14 23:43:54.057] [info] cycle: [816000]
[2026-03-14 23:43:54.057] [info] Tile  status /m/layers/layers.0/MambaBlock/full, instructions left 30
[2026-03-14 23:43:54.057] [info] Core [3] Tile Stats | Issued: 43 Running: 1 Finished: 42
[2026-03-14 23:43:54.057] [info] cycle: [816000]
[2026-03-14 23:43:54.186] [info] HBM2-CH_0: BW utilization 0% (0 reads, 0 writes)
[2026-03-14 23:43:54.186] [debug] HBM2-CH_1: BW utilization 0% (0 reads, 0 writes)
[2026-03-14 23:43:54.186] [debug] HBM2-CH_2: BW utilization 0% (0 reads, 0 writes)
[2026-03-14 23:43:54.186] [debug] HBM2-CH_3: BW utilization 0% (0 reads, 0 writes)
[2026-03-14 23:43:54.186] [debug] HBM2-CH_4: BW utilization 0% (0 reads, 0 writes)
[2026-03-14 23:43:54.186] [debug] HBM2-CH_5: BW utilization 0% (0 reads, 0 writes)
[2026-03-14 23:43:54.186] [debug] HBM2-CH_6: BW utilization 0% (0 reads, 0 writes)
[2026-03-14 23:43:54.186] [debug] HBM2-CH_7: BW utilization 0% (0 reads, 0 writes)
[2026-03-14 23:43:54.186] [debug] HBM2-CH_8: BW utilization 0% (0 reads, 0 writes)
[2026-03-14 23:43:54.186] [debug] HBM2-CH_9: BW utilization 0% (0 reads, 0 writes)
[2026-03-14 23:43:54.186] [debug] HBM2-CH_10: BW utilization 0% (0 reads, 0 writes)
[2026-03-14 23:43:54.186] [debug] HBM2-CH_11: BW utilization 0% (0 reads, 0 writes)
[2026-03-14 23:43:54.186] [debug] HBM2-CH_12: BW utilization 0% (0 reads, 0 writes)
[2026-03-14 23:43:54.186] [debug] HBM2-CH_13: BW utilization 0% (0 reads, 0 writes)
[2026-03-14 23:43:54.186] [debug] HBM2-CH_14: BW utilization 0% (0 reads, 0 writes)
[2026-03-14 23:43:54.186] [debug] HBM2-CH_15: BW utilization 0% (0 reads, 0 writes)
[2026-03-14 23:43:54.191] [info] Core [0] Tile Stats | Issued: 43 Running: 0 Finished: 43
[2026-03-14 23:43:54.191] [info] cycle: [824000]
[2026-03-14 23:43:54.191] [info] Core [1] Tile Stats | Issued: 43 Running: 0 Finished: 43
[2026-03-14 23:43:54.191] [info] cycle: [824000]
[2026-03-14 23:43:54.191] [info] Core [2] Tile Stats | Issued: 43 Running: 0 Finished: 43
[2026-03-14 23:43:54.191] [info] cycle: [824000]
[2026-03-14 23:43:54.191] [info] Tile  status /m/layers/layers.0/MambaBlock/full, instructions left 30
[2026-03-14 23:43:54.191] [info] Core [3] Tile Stats | Issued: 43 Running: 1 Finished: 42
[2026-03-14 23:43:54.191] [info] cycle: [824000]
[2026-03-14 23:43:54.305] [info] HBM2-CH_0: BW utilization 0% (0 reads, 0 writes)
[2026-03-14 23:43:54.305] [debug] HBM2-CH_1: BW utilization 0% (0 reads, 0 writes)
[2026-03-14 23:43:54.305] [debug] HBM2-CH_2: BW utilization 0% (0 reads, 0 writes)
[2026-03-14 23:43:54.305] [debug] HBM2-CH_3: BW utilization 0% (0 reads, 0 writes)
[2026-03-14 23:43:54.305] [debug] HBM2-CH_4: BW utilization 0% (0 reads, 0 writes)
[2026-03-14 23:43:54.305] [debug] HBM2-CH_5: BW utilization 0% (0 reads, 0 writes)
[2026-03-14 23:43:54.305] [debug] HBM2-CH_6: BW utilization 0% (0 reads, 0 writes)
[2026-03-14 23:43:54.305] [debug] HBM2-CH_7: BW utilization 0% (0 reads, 0 writes)
[2026-03-14 23:43:54.305] [debug] HBM2-CH_8: BW utilization 0% (0 reads, 0 writes)
[2026-03-14 23:43:54.305] [debug] HBM2-CH_9: BW utilization 0% (0 reads, 0 writes)
[2026-03-14 23:43:54.305] [debug] HBM2-CH_10: BW utilization 0% (0 reads, 0 writes)
[2026-03-14 23:43:54.305] [debug] HBM2-CH_11: BW utilization 0% (0 reads, 0 writes)
[2026-03-14 23:43:54.305] [debug] HBM2-CH_12: BW utilization 0% (0 reads, 0 writes)
[2026-03-14 23:43:54.305] [debug] HBM2-CH_13: BW utilization 0% (0 reads, 0 writes)
[2026-03-14 23:43:54.305] [debug] HBM2-CH_14: BW utilization 0% (0 reads, 0 writes)
[2026-03-14 23:43:54.305] [debug] HBM2-CH_15: BW utilization 0% (0 reads, 0 writes)
[2026-03-14 23:43:54.310] [info] Core [0] Tile Stats | Issued: 43 Running: 0 Finished: 43
[2026-03-14 23:43:54.310] [info] cycle: [832000]
[2026-03-14 23:43:54.310] [info] Core [1] Tile Stats | Issued: 43 Running: 0 Finished: 43
[2026-03-14 23:43:54.310] [info] cycle: [832000]
[2026-03-14 23:43:54.310] [info] Core [2] Tile Stats | Issued: 43 Running: 0 Finished: 43
[2026-03-14 23:43:54.310] [info] cycle: [832000]
[2026-03-14 23:43:54.310] [info] Tile  status /m/layers/layers.0/MambaBlock/full, instructions left 30
[2026-03-14 23:43:54.310] [info] Core [3] Tile Stats | Issued: 43 Running: 1 Finished: 42
[2026-03-14 23:43:54.310] [info] cycle: [832000]
[2026-03-14 23:43:54.440] [info] HBM2-CH_0: BW utilization 0% (0 reads, 0 writes)
[2026-03-14 23:43:54.440] [debug] HBM2-CH_1: BW utilization 0% (0 reads, 0 writes)
[2026-03-14 23:43:54.440] [debug] HBM2-CH_2: BW utilization 0% (0 reads, 0 writes)
[2026-03-14 23:43:54.440] [debug] HBM2-CH_3: BW utilization 0% (0 reads, 0 writes)
[2026-03-14 23:43:54.440] [debug] HBM2-CH_4: BW utilization 0% (0 reads, 0 writes)
[2026-03-14 23:43:54.440] [debug] HBM2-CH_5: BW utilization 0% (0 reads, 0 writes)
[2026-03-14 23:43:54.440] [debug] HBM2-CH_6: BW utilization 0% (0 reads, 0 writes)
[2026-03-14 23:43:54.440] [debug] HBM2-CH_7: BW utilization 0% (0 reads, 0 writes)
[2026-03-14 23:43:54.440] [debug] HBM2-CH_8: BW utilization 0% (0 reads, 0 writes)
[2026-03-14 23:43:54.440] [debug] HBM2-CH_9: BW utilization 0% (0 reads, 0 writes)
[2026-03-14 23:43:54.440] [debug] HBM2-CH_10: BW utilization 0% (0 reads, 0 writes)
[2026-03-14 23:43:54.440] [debug] HBM2-CH_11: BW utilization 0% (0 reads, 0 writes)
[2026-03-14 23:43:54.440] [debug] HBM2-CH_12: BW utilization 0% (0 reads, 0 writes)
[2026-03-14 23:43:54.440] [debug] HBM2-CH_13: BW utilization 0% (0 reads, 0 writes)
[2026-03-14 23:43:54.440] [debug] HBM2-CH_14: BW utilization 0% (0 reads, 0 writes)
[2026-03-14 23:43:54.440] [debug] HBM2-CH_15: BW utilization 0% (0 reads, 0 writes)
[2026-03-14 23:43:54.446] [info] Core [0] Tile Stats | Issued: 43 Running: 0 Finished: 43
[2026-03-14 23:43:54.446] [info] cycle: [840000]
[2026-03-14 23:43:54.446] [info] Core [1] Tile Stats | Issued: 43 Running: 0 Finished: 43
[2026-03-14 23:43:54.446] [info] cycle: [840000]
[2026-03-14 23:43:54.446] [info] Core [2] Tile Stats | Issued: 43 Running: 0 Finished: 43
[2026-03-14 23:43:54.446] [info] cycle: [840000]
[2026-03-14 23:43:54.446] [info] Tile  status /m/layers/layers.0/MambaBlock/full, instructions left 30
[2026-03-14 23:43:54.446] [info] Core [3] Tile Stats | Issued: 43 Running: 1 Finished: 42
[2026-03-14 23:43:54.446] [info] cycle: [840000]
[2026-03-14 23:43:54.564] [info] HBM2-CH_0: BW utilization 0% (0 reads, 0 writes)
[2026-03-14 23:43:54.564] [debug] HBM2-CH_1: BW utilization 0% (0 reads, 0 writes)
[2026-03-14 23:43:54.564] [debug] HBM2-CH_2: BW utilization 0% (0 reads, 0 writes)
[2026-03-14 23:43:54.564] [debug] HBM2-CH_3: BW utilization 0% (0 reads, 0 writes)
[2026-03-14 23:43:54.564] [debug] HBM2-CH_4: BW utilization 0% (0 reads, 0 writes)
[2026-03-14 23:43:54.564] [debug] HBM2-CH_5: BW utilization 0% (0 reads, 0 writes)
[2026-03-14 23:43:54.564] [debug] HBM2-CH_6: BW utilization 0% (0 reads, 0 writes)
[2026-03-14 23:43:54.564] [debug] HBM2-CH_7: BW utilization 0% (0 reads, 0 writes)
[2026-03-14 23:43:54.564] [debug] HBM2-CH_8: BW utilization 0% (0 reads, 0 writes)
[2026-03-14 23:43:54.564] [debug] HBM2-CH_9: BW utilization 0% (0 reads, 0 writes)
[2026-03-14 23:43:54.564] [debug] HBM2-CH_10: BW utilization 0% (0 reads, 0 writes)
[2026-03-14 23:43:54.564] [debug] HBM2-CH_11: BW utilization 0% (0 reads, 0 writes)
[2026-03-14 23:43:54.564] [debug] HBM2-CH_12: BW utilization 0% (0 reads, 0 writes)
[2026-03-14 23:43:54.564] [debug] HBM2-CH_13: BW utilization 0% (0 reads, 0 writes)
[2026-03-14 23:43:54.564] [debug] HBM2-CH_14: BW utilization 0% (0 reads, 0 writes)
[2026-03-14 23:43:54.564] [debug] HBM2-CH_15: BW utilization 0% (0 reads, 0 writes)
[2026-03-14 23:43:54.569] [info] Core [0] Tile Stats | Issued: 43 Running: 0 Finished: 43
[2026-03-14 23:43:54.569] [info] cycle: [848000]
[2026-03-14 23:43:54.569] [info] Core [1] Tile Stats | Issued: 43 Running: 0 Finished: 43
[2026-03-14 23:43:54.569] [info] cycle: [848000]
[2026-03-14 23:43:54.569] [info] Core [2] Tile Stats | Issued: 43 Running: 0 Finished: 43
[2026-03-14 23:43:54.569] [info] cycle: [848000]
[2026-03-14 23:43:54.569] [info] Tile  status /m/layers/layers.0/MambaBlock/full, instructions left 30
[2026-03-14 23:43:54.569] [info] Core [3] Tile Stats | Issued: 43 Running: 1 Finished: 42
[2026-03-14 23:43:54.569] [info] cycle: [848000]
[2026-03-14 23:43:54.705] [info] HBM2-CH_0: BW utilization 0% (0 reads, 0 writes)
[2026-03-14 23:43:54.705] [debug] HBM2-CH_1: BW utilization 0% (0 reads, 0 writes)
[2026-03-14 23:43:54.705] [debug] HBM2-CH_2: BW utilization 0% (0 reads, 0 writes)
[2026-03-14 23:43:54.705] [debug] HBM2-CH_3: BW utilization 0% (0 reads, 0 writes)
[2026-03-14 23:43:54.705] [debug] HBM2-CH_4: BW utilization 0% (0 reads, 0 writes)
[2026-03-14 23:43:54.705] [debug] HBM2-CH_5: BW utilization 0% (0 reads, 0 writes)
[2026-03-14 23:43:54.705] [debug] HBM2-CH_6: BW utilization 0% (0 reads, 0 writes)
[2026-03-14 23:43:54.705] [debug] HBM2-CH_7: BW utilization 0% (0 reads, 0 writes)
[2026-03-14 23:43:54.705] [debug] HBM2-CH_8: BW utilization 0% (0 reads, 0 writes)
[2026-03-14 23:43:54.705] [debug] HBM2-CH_9: BW utilization 0% (0 reads, 0 writes)
[2026-03-14 23:43:54.705] [debug] HBM2-CH_10: BW utilization 0% (0 reads, 0 writes)
[2026-03-14 23:43:54.705] [debug] HBM2-CH_11: BW utilization 0% (0 reads, 0 writes)
[2026-03-14 23:43:54.705] [debug] HBM2-CH_12: BW utilization 0% (0 reads, 0 writes)
[2026-03-14 23:43:54.705] [debug] HBM2-CH_13: BW utilization 0% (0 reads, 0 writes)
[2026-03-14 23:43:54.705] [debug] HBM2-CH_14: BW utilization 0% (0 reads, 0 writes)
[2026-03-14 23:43:54.705] [debug] HBM2-CH_15: BW utilization 0% (0 reads, 0 writes)
[2026-03-14 23:43:54.710] [info] Core [0] Tile Stats | Issued: 43 Running: 0 Finished: 43
[2026-03-14 23:43:54.710] [info] cycle: [856000]
[2026-03-14 23:43:54.711] [info] Core [1] Tile Stats | Issued: 43 Running: 0 Finished: 43
[2026-03-14 23:43:54.711] [info] cycle: [856000]
[2026-03-14 23:43:54.711] [info] Core [2] Tile Stats | Issued: 43 Running: 0 Finished: 43
[2026-03-14 23:43:54.711] [info] cycle: [856000]
[2026-03-14 23:43:54.711] [info] Tile  status /m/layers/layers.0/MambaBlock/full, instructions left 30
[2026-03-14 23:43:54.711] [info] Core [3] Tile Stats | Issued: 43 Running: 1 Finished: 42
[2026-03-14 23:43:54.711] [info] cycle: [856000]
[2026-03-14 23:43:54.871] [info] HBM2-CH_0: BW utilization 0% (0 reads, 0 writes)
[2026-03-14 23:43:54.871] [debug] HBM2-CH_1: BW utilization 0% (0 reads, 0 writes)
[2026-03-14 23:43:54.871] [debug] HBM2-CH_2: BW utilization 0% (0 reads, 0 writes)
[2026-03-14 23:43:54.871] [debug] HBM2-CH_3: BW utilization 0% (0 reads, 0 writes)
[2026-03-14 23:43:54.871] [debug] HBM2-CH_4: BW utilization 0% (0 reads, 0 writes)
[2026-03-14 23:43:54.871] [debug] HBM2-CH_5: BW utilization 0% (0 reads, 0 writes)
[2026-03-14 23:43:54.871] [debug] HBM2-CH_6: BW utilization 0% (0 reads, 0 writes)
[2026-03-14 23:43:54.871] [debug] HBM2-CH_7: BW utilization 0% (0 reads, 0 writes)
[2026-03-14 23:43:54.871] [debug] HBM2-CH_8: BW utilization 0% (0 reads, 0 writes)
[2026-03-14 23:43:54.871] [debug] HBM2-CH_9: BW utilization 0% (0 reads, 0 writes)
[2026-03-14 23:43:54.871] [debug] HBM2-CH_10: BW utilization 0% (0 reads, 0 writes)
[2026-03-14 23:43:54.871] [debug] HBM2-CH_11: BW utilization 0% (0 reads, 0 writes)
[2026-03-14 23:43:54.871] [debug] HBM2-CH_12: BW utilization 0% (0 reads, 0 writes)
[2026-03-14 23:43:54.871] [debug] HBM2-CH_13: BW utilization 0% (0 reads, 0 writes)
[2026-03-14 23:43:54.871] [debug] HBM2-CH_14: BW utilization 0% (0 reads, 0 writes)
[2026-03-14 23:43:54.871] [debug] HBM2-CH_15: BW utilization 0% (0 reads, 0 writes)
[2026-03-14 23:43:54.878] [info] Core [0] Tile Stats | Issued: 43 Running: 0 Finished: 43
[2026-03-14 23:43:54.878] [info] cycle: [864000]
[2026-03-14 23:43:54.878] [info] Core [1] Tile Stats | Issued: 43 Running: 0 Finished: 43
[2026-03-14 23:43:54.878] [info] cycle: [864000]
[2026-03-14 23:43:54.878] [info] Core [2] Tile Stats | Issued: 43 Running: 0 Finished: 43
[2026-03-14 23:43:54.878] [info] cycle: [864000]
[2026-03-14 23:43:54.878] [info] Tile  status /m/layers/layers.0/MambaBlock/full, instructions left 30
[2026-03-14 23:43:54.878] [info] Core [3] Tile Stats | Issued: 43 Running: 1 Finished: 42
[2026-03-14 23:43:54.878] [info] cycle: [864000]
[2026-03-14 23:43:55.049] [info] HBM2-CH_0: BW utilization 0% (0 reads, 0 writes)
[2026-03-14 23:43:55.050] [debug] HBM2-CH_1: BW utilization 0% (0 reads, 0 writes)
[2026-03-14 23:43:55.050] [debug] HBM2-CH_2: BW utilization 0% (0 reads, 0 writes)
[2026-03-14 23:43:55.050] [debug] HBM2-CH_3: BW utilization 0% (0 reads, 0 writes)
[2026-03-14 23:43:55.050] [debug] HBM2-CH_4: BW utilization 0% (0 reads, 0 writes)
[2026-03-14 23:43:55.050] [debug] HBM2-CH_5: BW utilization 0% (0 reads, 0 writes)
[2026-03-14 23:43:55.050] [debug] HBM2-CH_6: BW utilization 0% (0 reads, 0 writes)
[2026-03-14 23:43:55.050] [debug] HBM2-CH_7: BW utilization 0% (0 reads, 0 writes)
[2026-03-14 23:43:55.050] [debug] HBM2-CH_8: BW utilization 0% (0 reads, 0 writes)
[2026-03-14 23:43:55.050] [debug] HBM2-CH_9: BW utilization 0% (0 reads, 0 writes)
[2026-03-14 23:43:55.050] [debug] HBM2-CH_10: BW utilization 0% (0 reads, 0 writes)
[2026-03-14 23:43:55.050] [debug] HBM2-CH_11: BW utilization 0% (0 reads, 0 writes)
[2026-03-14 23:43:55.050] [debug] HBM2-CH_12: BW utilization 0% (0 reads, 0 writes)
[2026-03-14 23:43:55.050] [debug] HBM2-CH_13: BW utilization 0% (0 reads, 0 writes)
[2026-03-14 23:43:55.050] [debug] HBM2-CH_14: BW utilization 0% (0 reads, 0 writes)
[2026-03-14 23:43:55.050] [debug] HBM2-CH_15: BW utilization 0% (0 reads, 0 writes)
[2026-03-14 23:43:55.058] [info] Core [0] Tile Stats | Issued: 43 Running: 0 Finished: 43
[2026-03-14 23:43:55.059] [info] cycle: [872000]
[2026-03-14 23:43:55.059] [info] Core [1] Tile Stats | Issued: 43 Running: 0 Finished: 43
[2026-03-14 23:43:55.059] [info] cycle: [872000]
[2026-03-14 23:43:55.059] [info] Core [2] Tile Stats | Issued: 43 Running: 0 Finished: 43
[2026-03-14 23:43:55.059] [info] cycle: [872000]
[2026-03-14 23:43:55.059] [info] Tile  status /m/layers/layers.0/MambaBlock/full, instructions left 30
[2026-03-14 23:43:55.059] [info] Core [3] Tile Stats | Issued: 43 Running: 1 Finished: 42
[2026-03-14 23:43:55.059] [info] cycle: [872000]
[2026-03-14 23:43:55.241] [info] HBM2-CH_0: BW utilization 0% (0 reads, 0 writes)
[2026-03-14 23:43:55.241] [debug] HBM2-CH_1: BW utilization 0% (0 reads, 0 writes)
[2026-03-14 23:43:55.241] [debug] HBM2-CH_2: BW utilization 0% (0 reads, 0 writes)
[2026-03-14 23:43:55.241] [debug] HBM2-CH_3: BW utilization 0% (0 reads, 0 writes)
[2026-03-14 23:43:55.241] [debug] HBM2-CH_4: BW utilization 0% (0 reads, 0 writes)
[2026-03-14 23:43:55.241] [debug] HBM2-CH_5: BW utilization 0% (0 reads, 0 writes)
[2026-03-14 23:43:55.241] [debug] HBM2-CH_6: BW utilization 0% (0 reads, 0 writes)
[2026-03-14 23:43:55.241] [debug] HBM2-CH_7: BW utilization 0% (0 reads, 0 writes)
[2026-03-14 23:43:55.241] [debug] HBM2-CH_8: BW utilization 0% (0 reads, 0 writes)
[2026-03-14 23:43:55.241] [debug] HBM2-CH_9: BW utilization 0% (0 reads, 0 writes)
[2026-03-14 23:43:55.241] [debug] HBM2-CH_10: BW utilization 0% (0 reads, 0 writes)
[2026-03-14 23:43:55.241] [debug] HBM2-CH_11: BW utilization 0% (0 reads, 0 writes)
[2026-03-14 23:43:55.241] [debug] HBM2-CH_12: BW utilization 0% (0 reads, 0 writes)
[2026-03-14 23:43:55.241] [debug] HBM2-CH_13: BW utilization 0% (0 reads, 0 writes)
[2026-03-14 23:43:55.241] [debug] HBM2-CH_14: BW utilization 0% (0 reads, 0 writes)
[2026-03-14 23:43:55.241] [debug] HBM2-CH_15: BW utilization 0% (0 reads, 0 writes)
[2026-03-14 23:43:55.248] [info] Core [0] Tile Stats | Issued: 43 Running: 0 Finished: 43
[2026-03-14 23:43:55.248] [info] cycle: [880000]
[2026-03-14 23:43:55.248] [info] Core [1] Tile Stats | Issued: 43 Running: 0 Finished: 43
[2026-03-14 23:43:55.248] [info] cycle: [880000]
[2026-03-14 23:43:55.248] [info] Core [2] Tile Stats | Issued: 43 Running: 0 Finished: 43
[2026-03-14 23:43:55.248] [info] cycle: [880000]
[2026-03-14 23:43:55.248] [info] Tile  status /m/layers/layers.0/MambaBlock/full, instructions left 30
[2026-03-14 23:43:55.248] [info] Core [3] Tile Stats | Issued: 43 Running: 1 Finished: 42
[2026-03-14 23:43:55.248] [info] cycle: [880000]
[2026-03-14 23:43:55.433] [info] HBM2-CH_0: BW utilization 0% (0 reads, 0 writes)
[2026-03-14 23:43:55.433] [debug] HBM2-CH_1: BW utilization 0% (0 reads, 0 writes)
[2026-03-14 23:43:55.433] [debug] HBM2-CH_2: BW utilization 0% (0 reads, 0 writes)
[2026-03-14 23:43:55.433] [debug] HBM2-CH_3: BW utilization 0% (0 reads, 0 writes)
[2026-03-14 23:43:55.433] [debug] HBM2-CH_4: BW utilization 0% (0 reads, 0 writes)
[2026-03-14 23:43:55.433] [debug] HBM2-CH_5: BW utilization 0% (0 reads, 0 writes)
[2026-03-14 23:43:55.433] [debug] HBM2-CH_6: BW utilization 0% (0 reads, 0 writes)
[2026-03-14 23:43:55.433] [debug] HBM2-CH_7: BW utilization 0% (0 reads, 0 writes)
[2026-03-14 23:43:55.433] [debug] HBM2-CH_8: BW utilization 0% (0 reads, 0 writes)
[2026-03-14 23:43:55.433] [debug] HBM2-CH_9: BW utilization 0% (0 reads, 0 writes)
[2026-03-14 23:43:55.433] [debug] HBM2-CH_10: BW utilization 0% (0 reads, 0 writes)
[2026-03-14 23:43:55.433] [debug] HBM2-CH_11: BW utilization 0% (0 reads, 0 writes)
[2026-03-14 23:43:55.433] [debug] HBM2-CH_12: BW utilization 0% (0 reads, 0 writes)
[2026-03-14 23:43:55.433] [debug] HBM2-CH_13: BW utilization 0% (0 reads, 0 writes)
[2026-03-14 23:43:55.433] [debug] HBM2-CH_14: BW utilization 0% (0 reads, 0 writes)
[2026-03-14 23:43:55.433] [debug] HBM2-CH_15: BW utilization 0% (0 reads, 0 writes)
[2026-03-14 23:43:55.442] [info] Core [0] Tile Stats | Issued: 43 Running: 0 Finished: 43
[2026-03-14 23:43:55.442] [info] cycle: [888000]
[2026-03-14 23:43:55.442] [info] Core [1] Tile Stats | Issued: 43 Running: 0 Finished: 43
[2026-03-14 23:43:55.442] [info] cycle: [888000]
[2026-03-14 23:43:55.442] [info] Core [2] Tile Stats | Issued: 43 Running: 0 Finished: 43
[2026-03-14 23:43:55.442] [info] cycle: [888000]
[2026-03-14 23:43:55.442] [info] Tile  status /m/layers/layers.0/MambaBlock/full, instructions left 30
[2026-03-14 23:43:55.442] [info] Core [3] Tile Stats | Issued: 43 Running: 1 Finished: 42
[2026-03-14 23:43:55.442] [info] cycle: [888000]
[2026-03-14 23:43:55.627] [info] HBM2-CH_0: BW utilization 0% (0 reads, 0 writes)
[2026-03-14 23:43:55.627] [debug] HBM2-CH_1: BW utilization 0% (0 reads, 0 writes)
[2026-03-14 23:43:55.627] [debug] HBM2-CH_2: BW utilization 0% (0 reads, 0 writes)
[2026-03-14 23:43:55.627] [debug] HBM2-CH_3: BW utilization 0% (0 reads, 0 writes)
[2026-03-14 23:43:55.627] [debug] HBM2-CH_4: BW utilization 0% (0 reads, 0 writes)
[2026-03-14 23:43:55.627] [debug] HBM2-CH_5: BW utilization 0% (0 reads, 0 writes)
[2026-03-14 23:43:55.627] [debug] HBM2-CH_6: BW utilization 0% (0 reads, 0 writes)
[2026-03-14 23:43:55.627] [debug] HBM2-CH_7: BW utilization 0% (0 reads, 0 writes)
[2026-03-14 23:43:55.627] [debug] HBM2-CH_8: BW utilization 0% (0 reads, 0 writes)
[2026-03-14 23:43:55.627] [debug] HBM2-CH_9: BW utilization 0% (0 reads, 0 writes)
[2026-03-14 23:43:55.627] [debug] HBM2-CH_10: BW utilization 0% (0 reads, 0 writes)
[2026-03-14 23:43:55.627] [debug] HBM2-CH_11: BW utilization 0% (0 reads, 0 writes)
[2026-03-14 23:43:55.627] [debug] HBM2-CH_12: BW utilization 0% (0 reads, 0 writes)
[2026-03-14 23:43:55.627] [debug] HBM2-CH_13: BW utilization 0% (0 reads, 0 writes)
[2026-03-14 23:43:55.627] [debug] HBM2-CH_14: BW utilization 0% (0 reads, 0 writes)
[2026-03-14 23:43:55.627] [debug] HBM2-CH_15: BW utilization 0% (0 reads, 0 writes)
[2026-03-14 23:43:55.634] [info] Core [0] Tile Stats | Issued: 43 Running: 0 Finished: 43
[2026-03-14 23:43:55.634] [info] cycle: [896000]
[2026-03-14 23:43:55.634] [info] Core [1] Tile Stats | Issued: 43 Running: 0 Finished: 43
[2026-03-14 23:43:55.634] [info] cycle: [896000]
[2026-03-14 23:43:55.634] [info] Core [2] Tile Stats | Issued: 43 Running: 0 Finished: 43
[2026-03-14 23:43:55.634] [info] cycle: [896000]
[2026-03-14 23:43:55.634] [info] Tile  status /m/layers/layers.0/MambaBlock/full, instructions left 30
[2026-03-14 23:43:55.634] [info] Core [3] Tile Stats | Issued: 43 Running: 1 Finished: 42
[2026-03-14 23:43:55.634] [info] cycle: [896000]
[2026-03-14 23:43:55.755] [info] HBM2-CH_0: BW utilization 0% (0 reads, 0 writes)
[2026-03-14 23:43:55.755] [debug] HBM2-CH_1: BW utilization 0% (0 reads, 0 writes)
[2026-03-14 23:43:55.755] [debug] HBM2-CH_2: BW utilization 0% (0 reads, 0 writes)
[2026-03-14 23:43:55.755] [debug] HBM2-CH_3: BW utilization 0% (0 reads, 0 writes)
[2026-03-14 23:43:55.755] [debug] HBM2-CH_4: BW utilization 0% (0 reads, 0 writes)
[2026-03-14 23:43:55.755] [debug] HBM2-CH_5: BW utilization 0% (0 reads, 0 writes)
[2026-03-14 23:43:55.755] [debug] HBM2-CH_6: BW utilization 0% (0 reads, 0 writes)
[2026-03-14 23:43:55.755] [debug] HBM2-CH_7: BW utilization 0% (0 reads, 0 writes)
[2026-03-14 23:43:55.755] [debug] HBM2-CH_8: BW utilization 0% (0 reads, 0 writes)
[2026-03-14 23:43:55.755] [debug] HBM2-CH_9: BW utilization 0% (0 reads, 0 writes)
[2026-03-14 23:43:55.755] [debug] HBM2-CH_10: BW utilization 0% (0 reads, 0 writes)
[2026-03-14 23:43:55.755] [debug] HBM2-CH_11: BW utilization 0% (0 reads, 0 writes)
[2026-03-14 23:43:55.755] [debug] HBM2-CH_12: BW utilization 0% (0 reads, 0 writes)
[2026-03-14 23:43:55.755] [debug] HBM2-CH_13: BW utilization 0% (0 reads, 0 writes)
[2026-03-14 23:43:55.755] [debug] HBM2-CH_14: BW utilization 0% (0 reads, 0 writes)
[2026-03-14 23:43:55.755] [debug] HBM2-CH_15: BW utilization 0% (0 reads, 0 writes)
[2026-03-14 23:43:55.761] [info] Core [0] Tile Stats | Issued: 43 Running: 0 Finished: 43
[2026-03-14 23:43:55.761] [info] cycle: [904000]
[2026-03-14 23:43:55.761] [info] Core [1] Tile Stats | Issued: 43 Running: 0 Finished: 43
[2026-03-14 23:43:55.761] [info] cycle: [904000]
[2026-03-14 23:43:55.761] [info] Core [2] Tile Stats | Issued: 43 Running: 0 Finished: 43
[2026-03-14 23:43:55.761] [info] cycle: [904000]
[2026-03-14 23:43:55.761] [info] Tile  status /m/layers/layers.0/MambaBlock/full, instructions left 30
[2026-03-14 23:43:55.761] [info] Core [3] Tile Stats | Issued: 43 Running: 1 Finished: 42
[2026-03-14 23:43:55.761] [info] cycle: [904000]
[2026-03-14 23:43:55.891] [info] HBM2-CH_0: BW utilization 0% (0 reads, 0 writes)
[2026-03-14 23:43:55.891] [debug] HBM2-CH_1: BW utilization 0% (0 reads, 0 writes)
[2026-03-14 23:43:55.891] [debug] HBM2-CH_2: BW utilization 0% (0 reads, 0 writes)
[2026-03-14 23:43:55.891] [debug] HBM2-CH_3: BW utilization 0% (0 reads, 0 writes)
[2026-03-14 23:43:55.891] [debug] HBM2-CH_4: BW utilization 0% (0 reads, 0 writes)
[2026-03-14 23:43:55.891] [debug] HBM2-CH_5: BW utilization 0% (0 reads, 0 writes)
[2026-03-14 23:43:55.891] [debug] HBM2-CH_6: BW utilization 0% (0 reads, 0 writes)
[2026-03-14 23:43:55.891] [debug] HBM2-CH_7: BW utilization 0% (0 reads, 0 writes)
[2026-03-14 23:43:55.891] [debug] HBM2-CH_8: BW utilization 0% (0 reads, 0 writes)
[2026-03-14 23:43:55.891] [debug] HBM2-CH_9: BW utilization 0% (0 reads, 0 writes)
[2026-03-14 23:43:55.891] [debug] HBM2-CH_10: BW utilization 0% (0 reads, 0 writes)
[2026-03-14 23:43:55.891] [debug] HBM2-CH_11: BW utilization 0% (0 reads, 0 writes)
[2026-03-14 23:43:55.891] [debug] HBM2-CH_12: BW utilization 0% (0 reads, 0 writes)
[2026-03-14 23:43:55.891] [debug] HBM2-CH_13: BW utilization 0% (0 reads, 0 writes)
[2026-03-14 23:43:55.891] [debug] HBM2-CH_14: BW utilization 0% (0 reads, 0 writes)
[2026-03-14 23:43:55.891] [debug] HBM2-CH_15: BW utilization 0% (0 reads, 0 writes)
[2026-03-14 23:43:55.896] [info] Core [0] Tile Stats | Issued: 43 Running: 0 Finished: 43
[2026-03-14 23:43:55.896] [info] cycle: [912000]
[2026-03-14 23:43:55.896] [info] Core [1] Tile Stats | Issued: 43 Running: 0 Finished: 43
[2026-03-14 23:43:55.896] [info] cycle: [912000]
[2026-03-14 23:43:55.896] [info] Core [2] Tile Stats | Issued: 43 Running: 0 Finished: 43
[2026-03-14 23:43:55.896] [info] cycle: [912000]
[2026-03-14 23:43:55.896] [info] Tile  status /m/layers/layers.0/MambaBlock/full, instructions left 30
[2026-03-14 23:43:55.896] [info] Core [3] Tile Stats | Issued: 43 Running: 1 Finished: 42
[2026-03-14 23:43:55.896] [info] cycle: [912000]
[2026-03-14 23:43:56.011] [info] HBM2-CH_0: BW utilization 0% (0 reads, 0 writes)
[2026-03-14 23:43:56.011] [debug] HBM2-CH_1: BW utilization 0% (0 reads, 0 writes)
[2026-03-14 23:43:56.011] [debug] HBM2-CH_2: BW utilization 0% (0 reads, 0 writes)
[2026-03-14 23:43:56.011] [debug] HBM2-CH_3: BW utilization 0% (0 reads, 0 writes)
[2026-03-14 23:43:56.011] [debug] HBM2-CH_4: BW utilization 0% (0 reads, 0 writes)
[2026-03-14 23:43:56.011] [debug] HBM2-CH_5: BW utilization 0% (0 reads, 0 writes)
[2026-03-14 23:43:56.011] [debug] HBM2-CH_6: BW utilization 0% (0 reads, 0 writes)
[2026-03-14 23:43:56.011] [debug] HBM2-CH_7: BW utilization 0% (0 reads, 0 writes)
[2026-03-14 23:43:56.011] [debug] HBM2-CH_8: BW utilization 0% (0 reads, 0 writes)
[2026-03-14 23:43:56.011] [debug] HBM2-CH_9: BW utilization 0% (0 reads, 0 writes)
[2026-03-14 23:43:56.011] [debug] HBM2-CH_10: BW utilization 0% (0 reads, 0 writes)
[2026-03-14 23:43:56.011] [debug] HBM2-CH_11: BW utilization 0% (0 reads, 0 writes)
[2026-03-14 23:43:56.011] [debug] HBM2-CH_12: BW utilization 0% (0 reads, 0 writes)
[2026-03-14 23:43:56.011] [debug] HBM2-CH_13: BW utilization 0% (0 reads, 0 writes)
[2026-03-14 23:43:56.011] [debug] HBM2-CH_14: BW utilization 0% (0 reads, 0 writes)
[2026-03-14 23:43:56.011] [debug] HBM2-CH_15: BW utilization 0% (0 reads, 0 writes)
[2026-03-14 23:43:56.016] [info] Core [0] Tile Stats | Issued: 43 Running: 0 Finished: 43
[2026-03-14 23:43:56.016] [info] cycle: [920000]
[2026-03-14 23:43:56.016] [info] Core [1] Tile Stats | Issued: 43 Running: 0 Finished: 43
[2026-03-14 23:43:56.016] [info] cycle: [920000]
[2026-03-14 23:43:56.016] [info] Core [2] Tile Stats | Issued: 43 Running: 0 Finished: 43
[2026-03-14 23:43:56.016] [info] cycle: [920000]
[2026-03-14 23:43:56.016] [info] Tile  status /m/layers/layers.0/MambaBlock/full, instructions left 30
[2026-03-14 23:43:56.016] [info] Core [3] Tile Stats | Issued: 43 Running: 1 Finished: 42
[2026-03-14 23:43:56.016] [info] cycle: [920000]
[2026-03-14 23:43:56.142] [info] HBM2-CH_0: BW utilization 0% (0 reads, 0 writes)
[2026-03-14 23:43:56.142] [debug] HBM2-CH_1: BW utilization 0% (0 reads, 0 writes)
[2026-03-14 23:43:56.142] [debug] HBM2-CH_2: BW utilization 0% (0 reads, 0 writes)
[2026-03-14 23:43:56.142] [debug] HBM2-CH_3: BW utilization 0% (0 reads, 0 writes)
[2026-03-14 23:43:56.142] [debug] HBM2-CH_4: BW utilization 0% (0 reads, 0 writes)
[2026-03-14 23:43:56.142] [debug] HBM2-CH_5: BW utilization 0% (0 reads, 0 writes)
[2026-03-14 23:43:56.142] [debug] HBM2-CH_6: BW utilization 0% (0 reads, 0 writes)
[2026-03-14 23:43:56.142] [debug] HBM2-CH_7: BW utilization 0% (0 reads, 0 writes)
[2026-03-14 23:43:56.142] [debug] HBM2-CH_8: BW utilization 0% (0 reads, 0 writes)
[2026-03-14 23:43:56.142] [debug] HBM2-CH_9: BW utilization 0% (0 reads, 0 writes)
[2026-03-14 23:43:56.142] [debug] HBM2-CH_10: BW utilization 0% (0 reads, 0 writes)
[2026-03-14 23:43:56.142] [debug] HBM2-CH_11: BW utilization 0% (0 reads, 0 writes)
[2026-03-14 23:43:56.142] [debug] HBM2-CH_12: BW utilization 0% (0 reads, 0 writes)
[2026-03-14 23:43:56.142] [debug] HBM2-CH_13: BW utilization 0% (0 reads, 0 writes)
[2026-03-14 23:43:56.142] [debug] HBM2-CH_14: BW utilization 0% (0 reads, 0 writes)
[2026-03-14 23:43:56.142] [debug] HBM2-CH_15: BW utilization 0% (0 reads, 0 writes)
[2026-03-14 23:43:56.150] [info] Core [0] Tile Stats | Issued: 43 Running: 0 Finished: 43
[2026-03-14 23:43:56.150] [info] cycle: [928000]
[2026-03-14 23:43:56.150] [info] Core [1] Tile Stats | Issued: 43 Running: 0 Finished: 43
[2026-03-14 23:43:56.150] [info] cycle: [928000]
[2026-03-14 23:43:56.150] [info] Core [2] Tile Stats | Issued: 43 Running: 0 Finished: 43
[2026-03-14 23:43:56.150] [info] cycle: [928000]
[2026-03-14 23:43:56.150] [info] Tile  status /m/layers/layers.0/MambaBlock/full, instructions left 30
[2026-03-14 23:43:56.150] [info] Core [3] Tile Stats | Issued: 43 Running: 1 Finished: 42
[2026-03-14 23:43:56.150] [info] cycle: [928000]
[2026-03-14 23:43:56.276] [info] HBM2-CH_0: BW utilization 0% (0 reads, 0 writes)
[2026-03-14 23:43:56.276] [debug] HBM2-CH_1: BW utilization 0% (0 reads, 0 writes)
[2026-03-14 23:43:56.276] [debug] HBM2-CH_2: BW utilization 0% (0 reads, 0 writes)
[2026-03-14 23:43:56.276] [debug] HBM2-CH_3: BW utilization 0% (0 reads, 0 writes)
[2026-03-14 23:43:56.276] [debug] HBM2-CH_4: BW utilization 0% (0 reads, 0 writes)
[2026-03-14 23:43:56.276] [debug] HBM2-CH_5: BW utilization 0% (0 reads, 0 writes)
[2026-03-14 23:43:56.276] [debug] HBM2-CH_6: BW utilization 0% (0 reads, 0 writes)
[2026-03-14 23:43:56.276] [debug] HBM2-CH_7: BW utilization 0% (0 reads, 0 writes)
[2026-03-14 23:43:56.276] [debug] HBM2-CH_8: BW utilization 0% (0 reads, 0 writes)
[2026-03-14 23:43:56.276] [debug] HBM2-CH_9: BW utilization 0% (0 reads, 0 writes)
[2026-03-14 23:43:56.276] [debug] HBM2-CH_10: BW utilization 0% (0 reads, 0 writes)
[2026-03-14 23:43:56.276] [debug] HBM2-CH_11: BW utilization 0% (0 reads, 0 writes)
[2026-03-14 23:43:56.276] [debug] HBM2-CH_12: BW utilization 0% (0 reads, 0 writes)
[2026-03-14 23:43:56.276] [debug] HBM2-CH_13: BW utilization 0% (0 reads, 0 writes)
[2026-03-14 23:43:56.276] [debug] HBM2-CH_14: BW utilization 0% (0 reads, 0 writes)
[2026-03-14 23:43:56.276] [debug] HBM2-CH_15: BW utilization 0% (0 reads, 0 writes)
[2026-03-14 23:43:56.283] [info] Core [0] Tile Stats | Issued: 43 Running: 0 Finished: 43
[2026-03-14 23:43:56.283] [info] cycle: [936000]
[2026-03-14 23:43:56.283] [info] Core [1] Tile Stats | Issued: 43 Running: 0 Finished: 43
[2026-03-14 23:43:56.283] [info] cycle: [936000]
[2026-03-14 23:43:56.283] [info] Core [2] Tile Stats | Issued: 43 Running: 0 Finished: 43
[2026-03-14 23:43:56.283] [info] cycle: [936000]
[2026-03-14 23:43:56.283] [info] Tile  status /m/layers/layers.0/MambaBlock/full, instructions left 30
[2026-03-14 23:43:56.283] [info] Core [3] Tile Stats | Issued: 43 Running: 1 Finished: 42
[2026-03-14 23:43:56.283] [info] cycle: [936000]
[2026-03-14 23:43:56.414] [info] HBM2-CH_0: BW utilization 0% (0 reads, 0 writes)
[2026-03-14 23:43:56.414] [debug] HBM2-CH_1: BW utilization 0% (0 reads, 0 writes)
[2026-03-14 23:43:56.414] [debug] HBM2-CH_2: BW utilization 0% (0 reads, 0 writes)
[2026-03-14 23:43:56.414] [debug] HBM2-CH_3: BW utilization 0% (0 reads, 0 writes)
[2026-03-14 23:43:56.414] [debug] HBM2-CH_4: BW utilization 0% (0 reads, 0 writes)
[2026-03-14 23:43:56.414] [debug] HBM2-CH_5: BW utilization 0% (0 reads, 0 writes)
[2026-03-14 23:43:56.414] [debug] HBM2-CH_6: BW utilization 0% (0 reads, 0 writes)
[2026-03-14 23:43:56.414] [debug] HBM2-CH_7: BW utilization 0% (0 reads, 0 writes)
[2026-03-14 23:43:56.414] [debug] HBM2-CH_8: BW utilization 0% (0 reads, 0 writes)
[2026-03-14 23:43:56.414] [debug] HBM2-CH_9: BW utilization 0% (0 reads, 0 writes)
[2026-03-14 23:43:56.414] [debug] HBM2-CH_10: BW utilization 0% (0 reads, 0 writes)
[2026-03-14 23:43:56.414] [debug] HBM2-CH_11: BW utilization 0% (0 reads, 0 writes)
[2026-03-14 23:43:56.414] [debug] HBM2-CH_12: BW utilization 0% (0 reads, 0 writes)
[2026-03-14 23:43:56.414] [debug] HBM2-CH_13: BW utilization 0% (0 reads, 0 writes)
[2026-03-14 23:43:56.414] [debug] HBM2-CH_14: BW utilization 0% (0 reads, 0 writes)
[2026-03-14 23:43:56.414] [debug] HBM2-CH_15: BW utilization 0% (0 reads, 0 writes)
[2026-03-14 23:43:56.421] [info] Core [0] Tile Stats | Issued: 43 Running: 0 Finished: 43
[2026-03-14 23:43:56.421] [info] cycle: [944000]
[2026-03-14 23:43:56.421] [info] Core [1] Tile Stats | Issued: 43 Running: 0 Finished: 43
[2026-03-14 23:43:56.421] [info] cycle: [944000]
[2026-03-14 23:43:56.421] [info] Core [2] Tile Stats | Issued: 43 Running: 0 Finished: 43
[2026-03-14 23:43:56.421] [info] cycle: [944000]
[2026-03-14 23:43:56.421] [info] Tile  status /m/layers/layers.0/MambaBlock/full, instructions left 30
[2026-03-14 23:43:56.421] [info] Core [3] Tile Stats | Issued: 43 Running: 1 Finished: 42
[2026-03-14 23:43:56.421] [info] cycle: [944000]
[2026-03-14 23:43:56.546] [info] HBM2-CH_0: BW utilization 0% (0 reads, 0 writes)
[2026-03-14 23:43:56.546] [debug] HBM2-CH_1: BW utilization 0% (0 reads, 0 writes)
[2026-03-14 23:43:56.546] [debug] HBM2-CH_2: BW utilization 0% (0 reads, 0 writes)
[2026-03-14 23:43:56.546] [debug] HBM2-CH_3: BW utilization 0% (0 reads, 0 writes)
[2026-03-14 23:43:56.546] [debug] HBM2-CH_4: BW utilization 0% (0 reads, 0 writes)
[2026-03-14 23:43:56.546] [debug] HBM2-CH_5: BW utilization 0% (0 reads, 0 writes)
[2026-03-14 23:43:56.546] [debug] HBM2-CH_6: BW utilization 0% (0 reads, 0 writes)
[2026-03-14 23:43:56.546] [debug] HBM2-CH_7: BW utilization 0% (0 reads, 0 writes)
[2026-03-14 23:43:56.546] [debug] HBM2-CH_8: BW utilization 0% (0 reads, 0 writes)
[2026-03-14 23:43:56.546] [debug] HBM2-CH_9: BW utilization 0% (0 reads, 0 writes)
[2026-03-14 23:43:56.546] [debug] HBM2-CH_10: BW utilization 0% (0 reads, 0 writes)
[2026-03-14 23:43:56.546] [debug] HBM2-CH_11: BW utilization 0% (0 reads, 0 writes)
[2026-03-14 23:43:56.546] [debug] HBM2-CH_12: BW utilization 0% (0 reads, 0 writes)
[2026-03-14 23:43:56.546] [debug] HBM2-CH_13: BW utilization 0% (0 reads, 0 writes)
[2026-03-14 23:43:56.546] [debug] HBM2-CH_14: BW utilization 0% (0 reads, 0 writes)
[2026-03-14 23:43:56.546] [debug] HBM2-CH_15: BW utilization 0% (0 reads, 0 writes)
[2026-03-14 23:43:56.553] [info] Core [0] Tile Stats | Issued: 43 Running: 0 Finished: 43
[2026-03-14 23:43:56.553] [info] cycle: [952000]
[2026-03-14 23:43:56.553] [info] Core [1] Tile Stats | Issued: 43 Running: 0 Finished: 43
[2026-03-14 23:43:56.553] [info] cycle: [952000]
[2026-03-14 23:43:56.553] [info] Core [2] Tile Stats | Issued: 43 Running: 0 Finished: 43
[2026-03-14 23:43:56.553] [info] cycle: [952000]
[2026-03-14 23:43:56.553] [info] Tile  status /m/layers/layers.0/MambaBlock/full, instructions left 30
[2026-03-14 23:43:56.553] [info] Core [3] Tile Stats | Issued: 43 Running: 1 Finished: 42
[2026-03-14 23:43:56.553] [info] cycle: [952000]
[2026-03-14 23:43:56.677] [info] HBM2-CH_0: BW utilization 0% (0 reads, 0 writes)
[2026-03-14 23:43:56.677] [debug] HBM2-CH_1: BW utilization 0% (0 reads, 0 writes)
[2026-03-14 23:43:56.677] [debug] HBM2-CH_2: BW utilization 0% (0 reads, 0 writes)
[2026-03-14 23:43:56.677] [debug] HBM2-CH_3: BW utilization 0% (0 reads, 0 writes)
[2026-03-14 23:43:56.677] [debug] HBM2-CH_4: BW utilization 0% (0 reads, 0 writes)
[2026-03-14 23:43:56.677] [debug] HBM2-CH_5: BW utilization 0% (0 reads, 0 writes)
[2026-03-14 23:43:56.677] [debug] HBM2-CH_6: BW utilization 0% (0 reads, 0 writes)
[2026-03-14 23:43:56.677] [debug] HBM2-CH_7: BW utilization 0% (0 reads, 0 writes)
[2026-03-14 23:43:56.677] [debug] HBM2-CH_8: BW utilization 0% (0 reads, 0 writes)
[2026-03-14 23:43:56.677] [debug] HBM2-CH_9: BW utilization 0% (0 reads, 0 writes)
[2026-03-14 23:43:56.677] [debug] HBM2-CH_10: BW utilization 0% (0 reads, 0 writes)
[2026-03-14 23:43:56.677] [debug] HBM2-CH_11: BW utilization 0% (0 reads, 0 writes)
[2026-03-14 23:43:56.677] [debug] HBM2-CH_12: BW utilization 0% (0 reads, 0 writes)
[2026-03-14 23:43:56.677] [debug] HBM2-CH_13: BW utilization 0% (0 reads, 0 writes)
[2026-03-14 23:43:56.677] [debug] HBM2-CH_14: BW utilization 0% (0 reads, 0 writes)
[2026-03-14 23:43:56.677] [debug] HBM2-CH_15: BW utilization 0% (0 reads, 0 writes)
[2026-03-14 23:43:56.683] [info] Core [0] Tile Stats | Issued: 43 Running: 0 Finished: 43
[2026-03-14 23:43:56.683] [info] cycle: [960000]
[2026-03-14 23:43:56.683] [info] Core [1] Tile Stats | Issued: 43 Running: 0 Finished: 43
[2026-03-14 23:43:56.683] [info] cycle: [960000]
[2026-03-14 23:43:56.683] [info] Core [2] Tile Stats | Issued: 43 Running: 0 Finished: 43
[2026-03-14 23:43:56.683] [info] cycle: [960000]
[2026-03-14 23:43:56.683] [info] Tile  status /m/layers/layers.0/MambaBlock/full, instructions left 30
[2026-03-14 23:43:56.683] [info] Core [3] Tile Stats | Issued: 43 Running: 1 Finished: 42
[2026-03-14 23:43:56.683] [info] cycle: [960000]
[2026-03-14 23:43:56.814] [info] HBM2-CH_0: BW utilization 0% (0 reads, 0 writes)
[2026-03-14 23:43:56.814] [debug] HBM2-CH_1: BW utilization 0% (0 reads, 0 writes)
[2026-03-14 23:43:56.814] [debug] HBM2-CH_2: BW utilization 0% (0 reads, 0 writes)
[2026-03-14 23:43:56.814] [debug] HBM2-CH_3: BW utilization 0% (0 reads, 0 writes)
[2026-03-14 23:43:56.814] [debug] HBM2-CH_4: BW utilization 0% (0 reads, 0 writes)
[2026-03-14 23:43:56.814] [debug] HBM2-CH_5: BW utilization 0% (0 reads, 0 writes)
[2026-03-14 23:43:56.814] [debug] HBM2-CH_6: BW utilization 0% (0 reads, 0 writes)
[2026-03-14 23:43:56.814] [debug] HBM2-CH_7: BW utilization 0% (0 reads, 0 writes)
[2026-03-14 23:43:56.814] [debug] HBM2-CH_8: BW utilization 0% (0 reads, 0 writes)
[2026-03-14 23:43:56.814] [debug] HBM2-CH_9: BW utilization 0% (0 reads, 0 writes)
[2026-03-14 23:43:56.814] [debug] HBM2-CH_10: BW utilization 0% (0 reads, 0 writes)
[2026-03-14 23:43:56.814] [debug] HBM2-CH_11: BW utilization 0% (0 reads, 0 writes)
[2026-03-14 23:43:56.814] [debug] HBM2-CH_12: BW utilization 0% (0 reads, 0 writes)
[2026-03-14 23:43:56.814] [debug] HBM2-CH_13: BW utilization 0% (0 reads, 0 writes)
[2026-03-14 23:43:56.814] [debug] HBM2-CH_14: BW utilization 0% (0 reads, 0 writes)
[2026-03-14 23:43:56.814] [debug] HBM2-CH_15: BW utilization 0% (0 reads, 0 writes)
[2026-03-14 23:43:56.821] [info] Core [0] Tile Stats | Issued: 43 Running: 0 Finished: 43
[2026-03-14 23:43:56.821] [info] cycle: [968000]
[2026-03-14 23:43:56.821] [info] Core [1] Tile Stats | Issued: 43 Running: 0 Finished: 43
[2026-03-14 23:43:56.821] [info] cycle: [968000]
[2026-03-14 23:43:56.821] [info] Core [2] Tile Stats | Issued: 43 Running: 0 Finished: 43
[2026-03-14 23:43:56.821] [info] cycle: [968000]
[2026-03-14 23:43:56.821] [info] Tile  status /m/layers/layers.0/MambaBlock/full, instructions left 30
[2026-03-14 23:43:56.821] [info] Core [3] Tile Stats | Issued: 43 Running: 1 Finished: 42
[2026-03-14 23:43:56.821] [info] cycle: [968000]
[2026-03-14 23:43:56.935] [info] HBM2-CH_0: BW utilization 0% (0 reads, 0 writes)
[2026-03-14 23:43:56.935] [debug] HBM2-CH_1: BW utilization 0% (0 reads, 0 writes)
[2026-03-14 23:43:56.935] [debug] HBM2-CH_2: BW utilization 0% (0 reads, 0 writes)
[2026-03-14 23:43:56.935] [debug] HBM2-CH_3: BW utilization 0% (0 reads, 0 writes)
[2026-03-14 23:43:56.935] [debug] HBM2-CH_4: BW utilization 0% (0 reads, 0 writes)
[2026-03-14 23:43:56.935] [debug] HBM2-CH_5: BW utilization 0% (0 reads, 0 writes)
[2026-03-14 23:43:56.935] [debug] HBM2-CH_6: BW utilization 0% (0 reads, 0 writes)
[2026-03-14 23:43:56.935] [debug] HBM2-CH_7: BW utilization 0% (0 reads, 0 writes)
[2026-03-14 23:43:56.935] [debug] HBM2-CH_8: BW utilization 0% (0 reads, 0 writes)
[2026-03-14 23:43:56.935] [debug] HBM2-CH_9: BW utilization 0% (0 reads, 0 writes)
[2026-03-14 23:43:56.935] [debug] HBM2-CH_10: BW utilization 0% (0 reads, 0 writes)
[2026-03-14 23:43:56.935] [debug] HBM2-CH_11: BW utilization 0% (0 reads, 0 writes)
[2026-03-14 23:43:56.935] [debug] HBM2-CH_12: BW utilization 0% (0 reads, 0 writes)
[2026-03-14 23:43:56.935] [debug] HBM2-CH_13: BW utilization 0% (0 reads, 0 writes)
[2026-03-14 23:43:56.935] [debug] HBM2-CH_14: BW utilization 0% (0 reads, 0 writes)
[2026-03-14 23:43:56.935] [debug] HBM2-CH_15: BW utilization 0% (0 reads, 0 writes)
[2026-03-14 23:43:56.940] [info] Core [0] Tile Stats | Issued: 43 Running: 0 Finished: 43
[2026-03-14 23:43:56.940] [info] cycle: [976000]
[2026-03-14 23:43:56.940] [info] Core [1] Tile Stats | Issued: 43 Running: 0 Finished: 43
[2026-03-14 23:43:56.940] [info] cycle: [976000]
[2026-03-14 23:43:56.940] [info] Core [2] Tile Stats | Issued: 43 Running: 0 Finished: 43
[2026-03-14 23:43:56.940] [info] cycle: [976000]
[2026-03-14 23:43:56.940] [info] Tile  status /m/layers/layers.0/MambaBlock/full, instructions left 30
[2026-03-14 23:43:56.940] [info] Core [3] Tile Stats | Issued: 43 Running: 1 Finished: 42
[2026-03-14 23:43:56.940] [info] cycle: [976000]
[2026-03-14 23:43:57.072] [info] HBM2-CH_0: BW utilization 0% (0 reads, 0 writes)
[2026-03-14 23:43:57.072] [debug] HBM2-CH_1: BW utilization 0% (0 reads, 0 writes)
[2026-03-14 23:43:57.072] [debug] HBM2-CH_2: BW utilization 0% (0 reads, 0 writes)
[2026-03-14 23:43:57.072] [debug] HBM2-CH_3: BW utilization 0% (0 reads, 0 writes)
[2026-03-14 23:43:57.072] [debug] HBM2-CH_4: BW utilization 0% (0 reads, 0 writes)
[2026-03-14 23:43:57.072] [debug] HBM2-CH_5: BW utilization 0% (0 reads, 0 writes)
[2026-03-14 23:43:57.072] [debug] HBM2-CH_6: BW utilization 0% (0 reads, 0 writes)
[2026-03-14 23:43:57.072] [debug] HBM2-CH_7: BW utilization 0% (0 reads, 0 writes)
[2026-03-14 23:43:57.072] [debug] HBM2-CH_8: BW utilization 0% (0 reads, 0 writes)
[2026-03-14 23:43:57.072] [debug] HBM2-CH_9: BW utilization 0% (0 reads, 0 writes)
[2026-03-14 23:43:57.072] [debug] HBM2-CH_10: BW utilization 0% (0 reads, 0 writes)
[2026-03-14 23:43:57.072] [debug] HBM2-CH_11: BW utilization 0% (0 reads, 0 writes)
[2026-03-14 23:43:57.072] [debug] HBM2-CH_12: BW utilization 0% (0 reads, 0 writes)
[2026-03-14 23:43:57.072] [debug] HBM2-CH_13: BW utilization 0% (0 reads, 0 writes)
[2026-03-14 23:43:57.072] [debug] HBM2-CH_14: BW utilization 0% (0 reads, 0 writes)
[2026-03-14 23:43:57.072] [debug] HBM2-CH_15: BW utilization 0% (0 reads, 0 writes)
[2026-03-14 23:43:57.078] [info] Core [0] Tile Stats | Issued: 43 Running: 0 Finished: 43
[2026-03-14 23:43:57.078] [info] cycle: [984000]
[2026-03-14 23:43:57.078] [info] Core [1] Tile Stats | Issued: 43 Running: 0 Finished: 43
[2026-03-14 23:43:57.078] [info] cycle: [984000]
[2026-03-14 23:43:57.078] [info] Core [2] Tile Stats | Issued: 43 Running: 0 Finished: 43
[2026-03-14 23:43:57.078] [info] cycle: [984000]
[2026-03-14 23:43:57.078] [info] Tile  status /m/layers/layers.0/MambaBlock/full, instructions left 30
[2026-03-14 23:43:57.078] [info] Core [3] Tile Stats | Issued: 43 Running: 1 Finished: 42
[2026-03-14 23:43:57.078] [info] cycle: [984000]
[2026-03-14 23:43:57.191] [info] HBM2-CH_0: BW utilization 0% (0 reads, 0 writes)
[2026-03-14 23:43:57.191] [debug] HBM2-CH_1: BW utilization 0% (0 reads, 0 writes)
[2026-03-14 23:43:57.191] [debug] HBM2-CH_2: BW utilization 0% (0 reads, 0 writes)
[2026-03-14 23:43:57.191] [debug] HBM2-CH_3: BW utilization 0% (0 reads, 0 writes)
[2026-03-14 23:43:57.191] [debug] HBM2-CH_4: BW utilization 0% (0 reads, 0 writes)
[2026-03-14 23:43:57.191] [debug] HBM2-CH_5: BW utilization 0% (0 reads, 0 writes)
[2026-03-14 23:43:57.191] [debug] HBM2-CH_6: BW utilization 0% (0 reads, 0 writes)
[2026-03-14 23:43:57.191] [debug] HBM2-CH_7: BW utilization 0% (0 reads, 0 writes)
[2026-03-14 23:43:57.191] [debug] HBM2-CH_8: BW utilization 0% (0 reads, 0 writes)
[2026-03-14 23:43:57.191] [debug] HBM2-CH_9: BW utilization 0% (0 reads, 0 writes)
[2026-03-14 23:43:57.191] [debug] HBM2-CH_10: BW utilization 0% (0 reads, 0 writes)
[2026-03-14 23:43:57.191] [debug] HBM2-CH_11: BW utilization 0% (0 reads, 0 writes)
[2026-03-14 23:43:57.191] [debug] HBM2-CH_12: BW utilization 0% (0 reads, 0 writes)
[2026-03-14 23:43:57.191] [debug] HBM2-CH_13: BW utilization 0% (0 reads, 0 writes)
[2026-03-14 23:43:57.191] [debug] HBM2-CH_14: BW utilization 0% (0 reads, 0 writes)
[2026-03-14 23:43:57.191] [debug] HBM2-CH_15: BW utilization 0% (0 reads, 0 writes)
[2026-03-14 23:43:57.197] [info] Core [0] Tile Stats | Issued: 43 Running: 0 Finished: 43
[2026-03-14 23:43:57.197] [info] cycle: [992000]
[2026-03-14 23:43:57.197] [info] Core [1] Tile Stats | Issued: 43 Running: 0 Finished: 43
[2026-03-14 23:43:57.197] [info] cycle: [992000]
[2026-03-14 23:43:57.197] [info] Core [2] Tile Stats | Issued: 43 Running: 0 Finished: 43
[2026-03-14 23:43:57.197] [info] cycle: [992000]
[2026-03-14 23:43:57.197] [info] Tile  status /m/layers/layers.0/MambaBlock/full, instructions left 30
[2026-03-14 23:43:57.197] [info] Core [3] Tile Stats | Issued: 43 Running: 1 Finished: 42
[2026-03-14 23:43:57.197] [info] cycle: [992000]
[2026-03-14 23:43:57.322] [info] HBM2-CH_0: BW utilization 0% (0 reads, 0 writes)
[2026-03-14 23:43:57.322] [debug] HBM2-CH_1: BW utilization 0% (0 reads, 0 writes)
[2026-03-14 23:43:57.322] [debug] HBM2-CH_2: BW utilization 0% (0 reads, 0 writes)
[2026-03-14 23:43:57.322] [debug] HBM2-CH_3: BW utilization 0% (0 reads, 0 writes)
[2026-03-14 23:43:57.322] [debug] HBM2-CH_4: BW utilization 0% (0 reads, 0 writes)
[2026-03-14 23:43:57.322] [debug] HBM2-CH_5: BW utilization 0% (0 reads, 0 writes)
[2026-03-14 23:43:57.322] [debug] HBM2-CH_6: BW utilization 0% (0 reads, 0 writes)
[2026-03-14 23:43:57.322] [debug] HBM2-CH_7: BW utilization 0% (0 reads, 0 writes)
[2026-03-14 23:43:57.322] [debug] HBM2-CH_8: BW utilization 0% (0 reads, 0 writes)
[2026-03-14 23:43:57.322] [debug] HBM2-CH_9: BW utilization 0% (0 reads, 0 writes)
[2026-03-14 23:43:57.322] [debug] HBM2-CH_10: BW utilization 0% (0 reads, 0 writes)
[2026-03-14 23:43:57.322] [debug] HBM2-CH_11: BW utilization 0% (0 reads, 0 writes)
[2026-03-14 23:43:57.322] [debug] HBM2-CH_12: BW utilization 0% (0 reads, 0 writes)
[2026-03-14 23:43:57.322] [debug] HBM2-CH_13: BW utilization 0% (0 reads, 0 writes)
[2026-03-14 23:43:57.322] [debug] HBM2-CH_14: BW utilization 0% (0 reads, 0 writes)
[2026-03-14 23:43:57.322] [debug] HBM2-CH_15: BW utilization 0% (0 reads, 0 writes)
[2026-03-14 23:43:57.330] [info] Core [0] Tile Stats | Issued: 43 Running: 0 Finished: 43
[2026-03-14 23:43:57.330] [info] cycle: [1000000]
[2026-03-14 23:43:57.330] [info] Core [1] Tile Stats | Issued: 43 Running: 0 Finished: 43
[2026-03-14 23:43:57.330] [info] cycle: [1000000]
[2026-03-14 23:43:57.330] [info] Core [2] Tile Stats | Issued: 43 Running: 0 Finished: 43
[2026-03-14 23:43:57.330] [info] cycle: [1000000]
[2026-03-14 23:43:57.330] [info] Tile  status /m/layers/layers.0/MambaBlock/full, instructions left 30
[2026-03-14 23:43:57.330] [info] Core [3] Tile Stats | Issued: 43 Running: 1 Finished: 42
[2026-03-14 23:43:57.330] [info] cycle: [1000000]
[2026-03-14 23:43:57.457] [info] HBM2-CH_0: BW utilization 0% (0 reads, 0 writes)
[2026-03-14 23:43:57.457] [debug] HBM2-CH_1: BW utilization 0% (0 reads, 0 writes)
[2026-03-14 23:43:57.457] [debug] HBM2-CH_2: BW utilization 0% (0 reads, 0 writes)
[2026-03-14 23:43:57.457] [debug] HBM2-CH_3: BW utilization 0% (0 reads, 0 writes)
[2026-03-14 23:43:57.457] [debug] HBM2-CH_4: BW utilization 0% (0 reads, 0 writes)
[2026-03-14 23:43:57.457] [debug] HBM2-CH_5: BW utilization 0% (0 reads, 0 writes)
[2026-03-14 23:43:57.457] [debug] HBM2-CH_6: BW utilization 0% (0 reads, 0 writes)
[2026-03-14 23:43:57.457] [debug] HBM2-CH_7: BW utilization 0% (0 reads, 0 writes)
[2026-03-14 23:43:57.457] [debug] HBM2-CH_8: BW utilization 0% (0 reads, 0 writes)
[2026-03-14 23:43:57.457] [debug] HBM2-CH_9: BW utilization 0% (0 reads, 0 writes)
[2026-03-14 23:43:57.457] [debug] HBM2-CH_10: BW utilization 0% (0 reads, 0 writes)
[2026-03-14 23:43:57.457] [debug] HBM2-CH_11: BW utilization 0% (0 reads, 0 writes)
[2026-03-14 23:43:57.457] [debug] HBM2-CH_12: BW utilization 0% (0 reads, 0 writes)
[2026-03-14 23:43:57.457] [debug] HBM2-CH_13: BW utilization 0% (0 reads, 0 writes)
[2026-03-14 23:43:57.457] [debug] HBM2-CH_14: BW utilization 0% (0 reads, 0 writes)
[2026-03-14 23:43:57.457] [debug] HBM2-CH_15: BW utilization 0% (0 reads, 0 writes)
[2026-03-14 23:43:57.465] [info] Core [0] Tile Stats | Issued: 43 Running: 0 Finished: 43
[2026-03-14 23:43:57.465] [info] cycle: [1008000]
[2026-03-14 23:43:57.465] [info] Core [1] Tile Stats | Issued: 43 Running: 0 Finished: 43
[2026-03-14 23:43:57.465] [info] cycle: [1008000]
[2026-03-14 23:43:57.465] [info] Core [2] Tile Stats | Issued: 43 Running: 0 Finished: 43
[2026-03-14 23:43:57.465] [info] cycle: [1008000]
[2026-03-14 23:43:57.465] [info] Tile  status /m/layers/layers.0/MambaBlock/full, instructions left 30
[2026-03-14 23:43:57.465] [info] Core [3] Tile Stats | Issued: 43 Running: 1 Finished: 42
[2026-03-14 23:43:57.465] [info] cycle: [1008000]
[2026-03-14 23:43:57.588] [info] HBM2-CH_0: BW utilization 0% (0 reads, 0 writes)
[2026-03-14 23:43:57.588] [debug] HBM2-CH_1: BW utilization 0% (0 reads, 0 writes)
[2026-03-14 23:43:57.588] [debug] HBM2-CH_2: BW utilization 0% (0 reads, 0 writes)
[2026-03-14 23:43:57.588] [debug] HBM2-CH_3: BW utilization 0% (0 reads, 0 writes)
[2026-03-14 23:43:57.588] [debug] HBM2-CH_4: BW utilization 0% (0 reads, 0 writes)
[2026-03-14 23:43:57.588] [debug] HBM2-CH_5: BW utilization 0% (0 reads, 0 writes)
[2026-03-14 23:43:57.588] [debug] HBM2-CH_6: BW utilization 0% (0 reads, 0 writes)
[2026-03-14 23:43:57.588] [debug] HBM2-CH_7: BW utilization 0% (0 reads, 0 writes)
[2026-03-14 23:43:57.588] [debug] HBM2-CH_8: BW utilization 0% (0 reads, 0 writes)
[2026-03-14 23:43:57.588] [debug] HBM2-CH_9: BW utilization 0% (0 reads, 0 writes)
[2026-03-14 23:43:57.588] [debug] HBM2-CH_10: BW utilization 0% (0 reads, 0 writes)
[2026-03-14 23:43:57.588] [debug] HBM2-CH_11: BW utilization 0% (0 reads, 0 writes)
[2026-03-14 23:43:57.588] [debug] HBM2-CH_12: BW utilization 0% (0 reads, 0 writes)
[2026-03-14 23:43:57.588] [debug] HBM2-CH_13: BW utilization 0% (0 reads, 0 writes)
[2026-03-14 23:43:57.588] [debug] HBM2-CH_14: BW utilization 0% (0 reads, 0 writes)
[2026-03-14 23:43:57.588] [debug] HBM2-CH_15: BW utilization 0% (0 reads, 0 writes)
[2026-03-14 23:43:57.595] [info] Core [0] Tile Stats | Issued: 43 Running: 0 Finished: 43
[2026-03-14 23:43:57.595] [info] cycle: [1016000]
[2026-03-14 23:43:57.595] [info] Core [1] Tile Stats | Issued: 43 Running: 0 Finished: 43
[2026-03-14 23:43:57.595] [info] cycle: [1016000]
[2026-03-14 23:43:57.595] [info] Core [2] Tile Stats | Issued: 43 Running: 0 Finished: 43
[2026-03-14 23:43:57.595] [info] cycle: [1016000]
[2026-03-14 23:43:57.595] [info] Tile  status /m/layers/layers.0/MambaBlock/full, instructions left 30
[2026-03-14 23:43:57.595] [info] Core [3] Tile Stats | Issued: 43 Running: 1 Finished: 42
[2026-03-14 23:43:57.595] [info] cycle: [1016000]
[2026-03-14 23:43:57.718] [info] HBM2-CH_0: BW utilization 0% (0 reads, 0 writes)
[2026-03-14 23:43:57.718] [debug] HBM2-CH_1: BW utilization 0% (0 reads, 0 writes)
[2026-03-14 23:43:57.718] [debug] HBM2-CH_2: BW utilization 0% (0 reads, 0 writes)
[2026-03-14 23:43:57.718] [debug] HBM2-CH_3: BW utilization 0% (0 reads, 0 writes)
[2026-03-14 23:43:57.718] [debug] HBM2-CH_4: BW utilization 0% (0 reads, 0 writes)
[2026-03-14 23:43:57.718] [debug] HBM2-CH_5: BW utilization 0% (0 reads, 0 writes)
[2026-03-14 23:43:57.718] [debug] HBM2-CH_6: BW utilization 0% (0 reads, 0 writes)
[2026-03-14 23:43:57.718] [debug] HBM2-CH_7: BW utilization 0% (0 reads, 0 writes)
[2026-03-14 23:43:57.718] [debug] HBM2-CH_8: BW utilization 0% (0 reads, 0 writes)
[2026-03-14 23:43:57.718] [debug] HBM2-CH_9: BW utilization 0% (0 reads, 0 writes)
[2026-03-14 23:43:57.718] [debug] HBM2-CH_10: BW utilization 0% (0 reads, 0 writes)
[2026-03-14 23:43:57.718] [debug] HBM2-CH_11: BW utilization 0% (0 reads, 0 writes)
[2026-03-14 23:43:57.718] [debug] HBM2-CH_12: BW utilization 0% (0 reads, 0 writes)
[2026-03-14 23:43:57.718] [debug] HBM2-CH_13: BW utilization 0% (0 reads, 0 writes)
[2026-03-14 23:43:57.718] [debug] HBM2-CH_14: BW utilization 0% (0 reads, 0 writes)
[2026-03-14 23:43:57.718] [debug] HBM2-CH_15: BW utilization 0% (0 reads, 0 writes)
[2026-03-14 23:43:57.726] [info] Core [0] Tile Stats | Issued: 43 Running: 0 Finished: 43
[2026-03-14 23:43:57.726] [info] cycle: [1024000]
[2026-03-14 23:43:57.726] [info] Core [1] Tile Stats | Issued: 43 Running: 0 Finished: 43
[2026-03-14 23:43:57.726] [info] cycle: [1024000]
[2026-03-14 23:43:57.726] [info] Core [2] Tile Stats | Issued: 43 Running: 0 Finished: 43
[2026-03-14 23:43:57.726] [info] cycle: [1024000]
[2026-03-14 23:43:57.726] [info] Tile  status /m/layers/layers.0/MambaBlock/full, instructions left 30
[2026-03-14 23:43:57.726] [info] Core [3] Tile Stats | Issued: 43 Running: 1 Finished: 42
[2026-03-14 23:43:57.726] [info] cycle: [1024000]
[2026-03-14 23:43:57.849] [info] HBM2-CH_0: BW utilization 0% (0 reads, 0 writes)
[2026-03-14 23:43:57.849] [debug] HBM2-CH_1: BW utilization 0% (0 reads, 0 writes)
[2026-03-14 23:43:57.849] [debug] HBM2-CH_2: BW utilization 0% (0 reads, 0 writes)
[2026-03-14 23:43:57.849] [debug] HBM2-CH_3: BW utilization 0% (0 reads, 0 writes)
[2026-03-14 23:43:57.849] [debug] HBM2-CH_4: BW utilization 0% (0 reads, 0 writes)
[2026-03-14 23:43:57.849] [debug] HBM2-CH_5: BW utilization 0% (0 reads, 0 writes)
[2026-03-14 23:43:57.849] [debug] HBM2-CH_6: BW utilization 0% (0 reads, 0 writes)
[2026-03-14 23:43:57.849] [debug] HBM2-CH_7: BW utilization 0% (0 reads, 0 writes)
[2026-03-14 23:43:57.849] [debug] HBM2-CH_8: BW utilization 0% (0 reads, 0 writes)
[2026-03-14 23:43:57.849] [debug] HBM2-CH_9: BW utilization 0% (0 reads, 0 writes)
[2026-03-14 23:43:57.849] [debug] HBM2-CH_10: BW utilization 0% (0 reads, 0 writes)
[2026-03-14 23:43:57.849] [debug] HBM2-CH_11: BW utilization 0% (0 reads, 0 writes)
[2026-03-14 23:43:57.849] [debug] HBM2-CH_12: BW utilization 0% (0 reads, 0 writes)
[2026-03-14 23:43:57.849] [debug] HBM2-CH_13: BW utilization 0% (0 reads, 0 writes)
[2026-03-14 23:43:57.849] [debug] HBM2-CH_14: BW utilization 0% (0 reads, 0 writes)
[2026-03-14 23:43:57.849] [debug] HBM2-CH_15: BW utilization 0% (0 reads, 0 writes)
[2026-03-14 23:43:57.856] [info] Core [0] Tile Stats | Issued: 43 Running: 0 Finished: 43
[2026-03-14 23:43:57.856] [info] cycle: [1032000]
[2026-03-14 23:43:57.856] [info] Core [1] Tile Stats | Issued: 43 Running: 0 Finished: 43
[2026-03-14 23:43:57.856] [info] cycle: [1032000]
[2026-03-14 23:43:57.856] [info] Core [2] Tile Stats | Issued: 43 Running: 0 Finished: 43
[2026-03-14 23:43:57.856] [info] cycle: [1032000]
[2026-03-14 23:43:57.856] [info] Tile  status /m/layers/layers.0/MambaBlock/full, instructions left 30
[2026-03-14 23:43:57.856] [info] Core [3] Tile Stats | Issued: 43 Running: 1 Finished: 42
[2026-03-14 23:43:57.856] [info] cycle: [1032000]
[2026-03-14 23:43:57.980] [info] HBM2-CH_0: BW utilization 0% (0 reads, 0 writes)
[2026-03-14 23:43:57.980] [debug] HBM2-CH_1: BW utilization 0% (0 reads, 0 writes)
[2026-03-14 23:43:57.980] [debug] HBM2-CH_2: BW utilization 0% (0 reads, 0 writes)
[2026-03-14 23:43:57.980] [debug] HBM2-CH_3: BW utilization 0% (0 reads, 0 writes)
[2026-03-14 23:43:57.980] [debug] HBM2-CH_4: BW utilization 0% (0 reads, 0 writes)
[2026-03-14 23:43:57.980] [debug] HBM2-CH_5: BW utilization 0% (0 reads, 0 writes)
[2026-03-14 23:43:57.980] [debug] HBM2-CH_6: BW utilization 0% (0 reads, 0 writes)
[2026-03-14 23:43:57.980] [debug] HBM2-CH_7: BW utilization 0% (0 reads, 0 writes)
[2026-03-14 23:43:57.980] [debug] HBM2-CH_8: BW utilization 0% (0 reads, 0 writes)
[2026-03-14 23:43:57.980] [debug] HBM2-CH_9: BW utilization 0% (0 reads, 0 writes)
[2026-03-14 23:43:57.980] [debug] HBM2-CH_10: BW utilization 0% (0 reads, 0 writes)
[2026-03-14 23:43:57.980] [debug] HBM2-CH_11: BW utilization 0% (0 reads, 0 writes)
[2026-03-14 23:43:57.980] [debug] HBM2-CH_12: BW utilization 0% (0 reads, 0 writes)
[2026-03-14 23:43:57.980] [debug] HBM2-CH_13: BW utilization 0% (0 reads, 0 writes)
[2026-03-14 23:43:57.980] [debug] HBM2-CH_14: BW utilization 0% (0 reads, 0 writes)
[2026-03-14 23:43:57.980] [debug] HBM2-CH_15: BW utilization 0% (0 reads, 0 writes)
[2026-03-14 23:43:57.988] [info] Core [0] Tile Stats | Issued: 43 Running: 0 Finished: 43
[2026-03-14 23:43:57.990] [info] cycle: [1040000]
[2026-03-14 23:43:57.990] [info] Core [1] Tile Stats | Issued: 43 Running: 0 Finished: 43
[2026-03-14 23:43:57.990] [info] cycle: [1040000]
[2026-03-14 23:43:57.990] [info] Core [2] Tile Stats | Issued: 43 Running: 0 Finished: 43
[2026-03-14 23:43:57.990] [info] cycle: [1040000]
[2026-03-14 23:43:57.990] [info] Tile  status /m/layers/layers.0/MambaBlock/full, instructions left 30
[2026-03-14 23:43:57.990] [info] Core [3] Tile Stats | Issued: 43 Running: 1 Finished: 42
[2026-03-14 23:43:57.990] [info] cycle: [1040000]
[2026-03-14 23:43:58.115] [info] HBM2-CH_0: BW utilization 0% (0 reads, 0 writes)
[2026-03-14 23:43:58.115] [debug] HBM2-CH_1: BW utilization 0% (0 reads, 0 writes)
[2026-03-14 23:43:58.115] [debug] HBM2-CH_2: BW utilization 0% (0 reads, 0 writes)
[2026-03-14 23:43:58.115] [debug] HBM2-CH_3: BW utilization 0% (0 reads, 0 writes)
[2026-03-14 23:43:58.115] [debug] HBM2-CH_4: BW utilization 0% (0 reads, 0 writes)
[2026-03-14 23:43:58.115] [debug] HBM2-CH_5: BW utilization 0% (0 reads, 0 writes)
[2026-03-14 23:43:58.115] [debug] HBM2-CH_6: BW utilization 0% (0 reads, 0 writes)
[2026-03-14 23:43:58.115] [debug] HBM2-CH_7: BW utilization 0% (0 reads, 0 writes)
[2026-03-14 23:43:58.115] [debug] HBM2-CH_8: BW utilization 0% (0 reads, 0 writes)
[2026-03-14 23:43:58.115] [debug] HBM2-CH_9: BW utilization 0% (0 reads, 0 writes)
[2026-03-14 23:43:58.115] [debug] HBM2-CH_10: BW utilization 0% (0 reads, 0 writes)
[2026-03-14 23:43:58.115] [debug] HBM2-CH_11: BW utilization 0% (0 reads, 0 writes)
[2026-03-14 23:43:58.115] [debug] HBM2-CH_12: BW utilization 0% (0 reads, 0 writes)
[2026-03-14 23:43:58.115] [debug] HBM2-CH_13: BW utilization 0% (0 reads, 0 writes)
[2026-03-14 23:43:58.115] [debug] HBM2-CH_14: BW utilization 0% (0 reads, 0 writes)
[2026-03-14 23:43:58.115] [debug] HBM2-CH_15: BW utilization 0% (0 reads, 0 writes)
[2026-03-14 23:43:58.123] [info] Core [0] Tile Stats | Issued: 43 Running: 0 Finished: 43
[2026-03-14 23:43:58.123] [info] cycle: [1048000]
[2026-03-14 23:43:58.123] [info] Core [1] Tile Stats | Issued: 43 Running: 0 Finished: 43
[2026-03-14 23:43:58.123] [info] cycle: [1048000]
[2026-03-14 23:43:58.123] [info] Core [2] Tile Stats | Issued: 43 Running: 0 Finished: 43
[2026-03-14 23:43:58.123] [info] cycle: [1048000]
[2026-03-14 23:43:58.123] [info] Tile  status /m/layers/layers.0/MambaBlock/full, instructions left 30
[2026-03-14 23:43:58.123] [info] Core [3] Tile Stats | Issued: 43 Running: 1 Finished: 42
[2026-03-14 23:43:58.123] [info] cycle: [1048000]
[2026-03-14 23:43:58.246] [info] HBM2-CH_0: BW utilization 0% (0 reads, 0 writes)
[2026-03-14 23:43:58.246] [debug] HBM2-CH_1: BW utilization 0% (0 reads, 0 writes)
[2026-03-14 23:43:58.246] [debug] HBM2-CH_2: BW utilization 0% (0 reads, 0 writes)
[2026-03-14 23:43:58.246] [debug] HBM2-CH_3: BW utilization 0% (0 reads, 0 writes)
[2026-03-14 23:43:58.246] [debug] HBM2-CH_4: BW utilization 0% (0 reads, 0 writes)
[2026-03-14 23:43:58.246] [debug] HBM2-CH_5: BW utilization 0% (0 reads, 0 writes)
[2026-03-14 23:43:58.246] [debug] HBM2-CH_6: BW utilization 0% (0 reads, 0 writes)
[2026-03-14 23:43:58.246] [debug] HBM2-CH_7: BW utilization 0% (0 reads, 0 writes)
[2026-03-14 23:43:58.246] [debug] HBM2-CH_8: BW utilization 0% (0 reads, 0 writes)
[2026-03-14 23:43:58.246] [debug] HBM2-CH_9: BW utilization 0% (0 reads, 0 writes)
[2026-03-14 23:43:58.246] [debug] HBM2-CH_10: BW utilization 0% (0 reads, 0 writes)
[2026-03-14 23:43:58.246] [debug] HBM2-CH_11: BW utilization 0% (0 reads, 0 writes)
[2026-03-14 23:43:58.246] [debug] HBM2-CH_12: BW utilization 0% (0 reads, 0 writes)
[2026-03-14 23:43:58.246] [debug] HBM2-CH_13: BW utilization 0% (0 reads, 0 writes)
[2026-03-14 23:43:58.246] [debug] HBM2-CH_14: BW utilization 0% (0 reads, 0 writes)
[2026-03-14 23:43:58.246] [debug] HBM2-CH_15: BW utilization 0% (0 reads, 0 writes)
[2026-03-14 23:43:58.254] [info] Core [0] Tile Stats | Issued: 43 Running: 0 Finished: 43
[2026-03-14 23:43:58.254] [info] cycle: [1056000]
[2026-03-14 23:43:58.254] [info] Core [1] Tile Stats | Issued: 43 Running: 0 Finished: 43
[2026-03-14 23:43:58.254] [info] cycle: [1056000]
[2026-03-14 23:43:58.254] [info] Core [2] Tile Stats | Issued: 43 Running: 0 Finished: 43
[2026-03-14 23:43:58.254] [info] cycle: [1056000]
[2026-03-14 23:43:58.254] [info] Tile  status /m/layers/layers.0/MambaBlock/full, instructions left 30
[2026-03-14 23:43:58.254] [info] Core [3] Tile Stats | Issued: 43 Running: 1 Finished: 42
[2026-03-14 23:43:58.254] [info] cycle: [1056000]
[2026-03-14 23:43:58.401] [info] HBM2-CH_0: BW utilization 0% (0 reads, 0 writes)
[2026-03-14 23:43:58.401] [debug] HBM2-CH_1: BW utilization 0% (0 reads, 0 writes)
[2026-03-14 23:43:58.401] [debug] HBM2-CH_2: BW utilization 0% (0 reads, 0 writes)
[2026-03-14 23:43:58.401] [debug] HBM2-CH_3: BW utilization 0% (0 reads, 0 writes)
[2026-03-14 23:43:58.401] [debug] HBM2-CH_4: BW utilization 0% (0 reads, 0 writes)
[2026-03-14 23:43:58.401] [debug] HBM2-CH_5: BW utilization 0% (0 reads, 0 writes)
[2026-03-14 23:43:58.401] [debug] HBM2-CH_6: BW utilization 0% (0 reads, 0 writes)
[2026-03-14 23:43:58.401] [debug] HBM2-CH_7: BW utilization 0% (0 reads, 0 writes)
[2026-03-14 23:43:58.401] [debug] HBM2-CH_8: BW utilization 0% (0 reads, 0 writes)
[2026-03-14 23:43:58.401] [debug] HBM2-CH_9: BW utilization 0% (0 reads, 0 writes)
[2026-03-14 23:43:58.401] [debug] HBM2-CH_10: BW utilization 0% (0 reads, 0 writes)
[2026-03-14 23:43:58.401] [debug] HBM2-CH_11: BW utilization 0% (0 reads, 0 writes)
[2026-03-14 23:43:58.401] [debug] HBM2-CH_12: BW utilization 0% (0 reads, 0 writes)
[2026-03-14 23:43:58.401] [debug] HBM2-CH_13: BW utilization 0% (0 reads, 0 writes)
[2026-03-14 23:43:58.401] [debug] HBM2-CH_14: BW utilization 0% (0 reads, 0 writes)
[2026-03-14 23:43:58.401] [debug] HBM2-CH_15: BW utilization 0% (0 reads, 0 writes)
[2026-03-14 23:43:58.408] [info] Core [0] Tile Stats | Issued: 43 Running: 0 Finished: 43
[2026-03-14 23:43:58.408] [info] cycle: [1064000]
[2026-03-14 23:43:58.408] [info] Core [1] Tile Stats | Issued: 43 Running: 0 Finished: 43
[2026-03-14 23:43:58.408] [info] cycle: [1064000]
[2026-03-14 23:43:58.408] [info] Core [2] Tile Stats | Issued: 43 Running: 0 Finished: 43
[2026-03-14 23:43:58.408] [info] cycle: [1064000]
[2026-03-14 23:43:58.408] [info] Tile  status /m/layers/layers.0/MambaBlock/full, instructions left 30
[2026-03-14 23:43:58.408] [info] Core [3] Tile Stats | Issued: 43 Running: 1 Finished: 42
[2026-03-14 23:43:58.408] [info] cycle: [1064000]
[2026-03-14 23:43:58.561] [info] HBM2-CH_0: BW utilization 0% (0 reads, 0 writes)
[2026-03-14 23:43:58.561] [debug] HBM2-CH_1: BW utilization 0% (0 reads, 0 writes)
[2026-03-14 23:43:58.561] [debug] HBM2-CH_2: BW utilization 0% (0 reads, 0 writes)
[2026-03-14 23:43:58.561] [debug] HBM2-CH_3: BW utilization 0% (0 reads, 0 writes)
[2026-03-14 23:43:58.561] [debug] HBM2-CH_4: BW utilization 0% (0 reads, 0 writes)
[2026-03-14 23:43:58.561] [debug] HBM2-CH_5: BW utilization 0% (0 reads, 0 writes)
[2026-03-14 23:43:58.561] [debug] HBM2-CH_6: BW utilization 0% (0 reads, 0 writes)
[2026-03-14 23:43:58.561] [debug] HBM2-CH_7: BW utilization 0% (0 reads, 0 writes)
[2026-03-14 23:43:58.561] [debug] HBM2-CH_8: BW utilization 0% (0 reads, 0 writes)
[2026-03-14 23:43:58.561] [debug] HBM2-CH_9: BW utilization 0% (0 reads, 0 writes)
[2026-03-14 23:43:58.561] [debug] HBM2-CH_10: BW utilization 0% (0 reads, 0 writes)
[2026-03-14 23:43:58.561] [debug] HBM2-CH_11: BW utilization 0% (0 reads, 0 writes)
[2026-03-14 23:43:58.561] [debug] HBM2-CH_12: BW utilization 0% (0 reads, 0 writes)
[2026-03-14 23:43:58.561] [debug] HBM2-CH_13: BW utilization 0% (0 reads, 0 writes)
[2026-03-14 23:43:58.561] [debug] HBM2-CH_14: BW utilization 0% (0 reads, 0 writes)
[2026-03-14 23:43:58.561] [debug] HBM2-CH_15: BW utilization 0% (0 reads, 0 writes)
[2026-03-14 23:43:58.570] [info] Core [0] Tile Stats | Issued: 43 Running: 0 Finished: 43
[2026-03-14 23:43:58.570] [info] cycle: [1072000]
[2026-03-14 23:43:58.570] [info] Core [1] Tile Stats | Issued: 43 Running: 0 Finished: 43
[2026-03-14 23:43:58.570] [info] cycle: [1072000]
[2026-03-14 23:43:58.570] [info] Core [2] Tile Stats | Issued: 43 Running: 0 Finished: 43
[2026-03-14 23:43:58.570] [info] cycle: [1072000]
[2026-03-14 23:43:58.570] [info] Tile  status /m/layers/layers.0/MambaBlock/full, instructions left 30
[2026-03-14 23:43:58.570] [info] Core [3] Tile Stats | Issued: 43 Running: 1 Finished: 42
[2026-03-14 23:43:58.570] [info] cycle: [1072000]
[2026-03-14 23:43:58.723] [info] HBM2-CH_0: BW utilization 0% (0 reads, 0 writes)
[2026-03-14 23:43:58.723] [debug] HBM2-CH_1: BW utilization 0% (0 reads, 0 writes)
[2026-03-14 23:43:58.723] [debug] HBM2-CH_2: BW utilization 0% (0 reads, 0 writes)
[2026-03-14 23:43:58.723] [debug] HBM2-CH_3: BW utilization 0% (0 reads, 0 writes)
[2026-03-14 23:43:58.723] [debug] HBM2-CH_4: BW utilization 0% (0 reads, 0 writes)
[2026-03-14 23:43:58.723] [debug] HBM2-CH_5: BW utilization 0% (0 reads, 0 writes)
[2026-03-14 23:43:58.723] [debug] HBM2-CH_6: BW utilization 0% (0 reads, 0 writes)
[2026-03-14 23:43:58.723] [debug] HBM2-CH_7: BW utilization 0% (0 reads, 0 writes)
[2026-03-14 23:43:58.723] [debug] HBM2-CH_8: BW utilization 0% (0 reads, 0 writes)
[2026-03-14 23:43:58.723] [debug] HBM2-CH_9: BW utilization 0% (0 reads, 0 writes)
[2026-03-14 23:43:58.723] [debug] HBM2-CH_10: BW utilization 0% (0 reads, 0 writes)
[2026-03-14 23:43:58.723] [debug] HBM2-CH_11: BW utilization 0% (0 reads, 0 writes)
[2026-03-14 23:43:58.723] [debug] HBM2-CH_12: BW utilization 0% (0 reads, 0 writes)
[2026-03-14 23:43:58.723] [debug] HBM2-CH_13: BW utilization 0% (0 reads, 0 writes)
[2026-03-14 23:43:58.723] [debug] HBM2-CH_14: BW utilization 0% (0 reads, 0 writes)
[2026-03-14 23:43:58.723] [debug] HBM2-CH_15: BW utilization 0% (0 reads, 0 writes)
[2026-03-14 23:43:58.732] [info] Core [0] Tile Stats | Issued: 43 Running: 0 Finished: 43
[2026-03-14 23:43:58.732] [info] cycle: [1080000]
[2026-03-14 23:43:58.732] [info] Core [1] Tile Stats | Issued: 43 Running: 0 Finished: 43
[2026-03-14 23:43:58.732] [info] cycle: [1080000]
[2026-03-14 23:43:58.732] [info] Core [2] Tile Stats | Issued: 43 Running: 0 Finished: 43
[2026-03-14 23:43:58.732] [info] cycle: [1080000]
[2026-03-14 23:43:58.732] [info] Tile  status /m/layers/layers.0/MambaBlock/full, instructions left 30
[2026-03-14 23:43:58.732] [info] Core [3] Tile Stats | Issued: 43 Running: 1 Finished: 42
[2026-03-14 23:43:58.732] [info] cycle: [1080000]
[2026-03-14 23:43:58.883] [info] HBM2-CH_0: BW utilization 0% (0 reads, 0 writes)
[2026-03-14 23:43:58.883] [debug] HBM2-CH_1: BW utilization 0% (0 reads, 0 writes)
[2026-03-14 23:43:58.883] [debug] HBM2-CH_2: BW utilization 0% (0 reads, 0 writes)
[2026-03-14 23:43:58.883] [debug] HBM2-CH_3: BW utilization 0% (0 reads, 0 writes)
[2026-03-14 23:43:58.883] [debug] HBM2-CH_4: BW utilization 0% (0 reads, 0 writes)
[2026-03-14 23:43:58.883] [debug] HBM2-CH_5: BW utilization 0% (0 reads, 0 writes)
[2026-03-14 23:43:58.883] [debug] HBM2-CH_6: BW utilization 0% (0 reads, 0 writes)
[2026-03-14 23:43:58.883] [debug] HBM2-CH_7: BW utilization 0% (0 reads, 0 writes)
[2026-03-14 23:43:58.883] [debug] HBM2-CH_8: BW utilization 0% (0 reads, 0 writes)
[2026-03-14 23:43:58.883] [debug] HBM2-CH_9: BW utilization 0% (0 reads, 0 writes)
[2026-03-14 23:43:58.883] [debug] HBM2-CH_10: BW utilization 0% (0 reads, 0 writes)
[2026-03-14 23:43:58.883] [debug] HBM2-CH_11: BW utilization 0% (0 reads, 0 writes)
[2026-03-14 23:43:58.883] [debug] HBM2-CH_12: BW utilization 0% (0 reads, 0 writes)
[2026-03-14 23:43:58.883] [debug] HBM2-CH_13: BW utilization 0% (0 reads, 0 writes)
[2026-03-14 23:43:58.883] [debug] HBM2-CH_14: BW utilization 0% (0 reads, 0 writes)
[2026-03-14 23:43:58.883] [debug] HBM2-CH_15: BW utilization 0% (0 reads, 0 writes)
[2026-03-14 23:43:58.893] [info] Core [0] Tile Stats | Issued: 43 Running: 0 Finished: 43
[2026-03-14 23:43:58.893] [info] cycle: [1088000]
[2026-03-14 23:43:58.893] [info] Core [1] Tile Stats | Issued: 43 Running: 0 Finished: 43
[2026-03-14 23:43:58.893] [info] cycle: [1088000]
[2026-03-14 23:43:58.893] [info] Core [2] Tile Stats | Issued: 43 Running: 0 Finished: 43
[2026-03-14 23:43:58.893] [info] cycle: [1088000]
[2026-03-14 23:43:58.893] [info] Tile  status /m/layers/layers.0/MambaBlock/full, instructions left 30
[2026-03-14 23:43:58.893] [info] Core [3] Tile Stats | Issued: 43 Running: 1 Finished: 42
[2026-03-14 23:43:58.893] [info] cycle: [1088000]
[2026-03-14 23:43:59.035] [info] HBM2-CH_0: BW utilization 0% (0 reads, 0 writes)
[2026-03-14 23:43:59.035] [debug] HBM2-CH_1: BW utilization 0% (0 reads, 0 writes)
[2026-03-14 23:43:59.035] [debug] HBM2-CH_2: BW utilization 0% (0 reads, 0 writes)
[2026-03-14 23:43:59.035] [debug] HBM2-CH_3: BW utilization 0% (0 reads, 0 writes)
[2026-03-14 23:43:59.035] [debug] HBM2-CH_4: BW utilization 0% (0 reads, 0 writes)
[2026-03-14 23:43:59.035] [debug] HBM2-CH_5: BW utilization 0% (0 reads, 0 writes)
[2026-03-14 23:43:59.035] [debug] HBM2-CH_6: BW utilization 0% (0 reads, 0 writes)
[2026-03-14 23:43:59.035] [debug] HBM2-CH_7: BW utilization 0% (0 reads, 0 writes)
[2026-03-14 23:43:59.035] [debug] HBM2-CH_8: BW utilization 0% (0 reads, 0 writes)
[2026-03-14 23:43:59.035] [debug] HBM2-CH_9: BW utilization 0% (0 reads, 0 writes)
[2026-03-14 23:43:59.035] [debug] HBM2-CH_10: BW utilization 0% (0 reads, 0 writes)
[2026-03-14 23:43:59.035] [debug] HBM2-CH_11: BW utilization 0% (0 reads, 0 writes)
[2026-03-14 23:43:59.035] [debug] HBM2-CH_12: BW utilization 0% (0 reads, 0 writes)
[2026-03-14 23:43:59.035] [debug] HBM2-CH_13: BW utilization 0% (0 reads, 0 writes)
[2026-03-14 23:43:59.035] [debug] HBM2-CH_14: BW utilization 0% (0 reads, 0 writes)
[2026-03-14 23:43:59.035] [debug] HBM2-CH_15: BW utilization 0% (0 reads, 0 writes)
[2026-03-14 23:43:59.045] [info] Core [0] Tile Stats | Issued: 43 Running: 0 Finished: 43
[2026-03-14 23:43:59.045] [info] cycle: [1096000]
[2026-03-14 23:43:59.045] [info] Core [1] Tile Stats | Issued: 43 Running: 0 Finished: 43
[2026-03-14 23:43:59.045] [info] cycle: [1096000]
[2026-03-14 23:43:59.045] [info] Core [2] Tile Stats | Issued: 43 Running: 0 Finished: 43
[2026-03-14 23:43:59.045] [info] cycle: [1096000]
[2026-03-14 23:43:59.045] [info] Tile  status /m/layers/layers.0/MambaBlock/full, instructions left 30
[2026-03-14 23:43:59.045] [info] Core [3] Tile Stats | Issued: 43 Running: 1 Finished: 42
[2026-03-14 23:43:59.045] [info] cycle: [1096000]
[2026-03-14 23:43:59.179] [info] HBM2-CH_0: BW utilization 0% (0 reads, 0 writes)
[2026-03-14 23:43:59.179] [debug] HBM2-CH_1: BW utilization 0% (0 reads, 0 writes)
[2026-03-14 23:43:59.179] [debug] HBM2-CH_2: BW utilization 0% (0 reads, 0 writes)
[2026-03-14 23:43:59.179] [debug] HBM2-CH_3: BW utilization 0% (0 reads, 0 writes)
[2026-03-14 23:43:59.179] [debug] HBM2-CH_4: BW utilization 0% (0 reads, 0 writes)
[2026-03-14 23:43:59.179] [debug] HBM2-CH_5: BW utilization 0% (0 reads, 0 writes)
[2026-03-14 23:43:59.179] [debug] HBM2-CH_6: BW utilization 0% (0 reads, 0 writes)
[2026-03-14 23:43:59.179] [debug] HBM2-CH_7: BW utilization 0% (0 reads, 0 writes)
[2026-03-14 23:43:59.179] [debug] HBM2-CH_8: BW utilization 0% (0 reads, 0 writes)
[2026-03-14 23:43:59.179] [debug] HBM2-CH_9: BW utilization 0% (0 reads, 0 writes)
[2026-03-14 23:43:59.179] [debug] HBM2-CH_10: BW utilization 0% (0 reads, 0 writes)
[2026-03-14 23:43:59.179] [debug] HBM2-CH_11: BW utilization 0% (0 reads, 0 writes)
[2026-03-14 23:43:59.179] [debug] HBM2-CH_12: BW utilization 0% (0 reads, 0 writes)
[2026-03-14 23:43:59.179] [debug] HBM2-CH_13: BW utilization 0% (0 reads, 0 writes)
[2026-03-14 23:43:59.179] [debug] HBM2-CH_14: BW utilization 0% (0 reads, 0 writes)
[2026-03-14 23:43:59.179] [debug] HBM2-CH_15: BW utilization 0% (0 reads, 0 writes)
[2026-03-14 23:43:59.189] [info] Core [0] Tile Stats | Issued: 43 Running: 0 Finished: 43
[2026-03-14 23:43:59.189] [info] cycle: [1104000]
[2026-03-14 23:43:59.189] [info] Core [1] Tile Stats | Issued: 43 Running: 0 Finished: 43
[2026-03-14 23:43:59.189] [info] cycle: [1104000]
[2026-03-14 23:43:59.189] [info] Core [2] Tile Stats | Issued: 43 Running: 0 Finished: 43
[2026-03-14 23:43:59.189] [info] cycle: [1104000]
[2026-03-14 23:43:59.189] [info] Tile  status /m/layers/layers.0/MambaBlock/full, instructions left 30
[2026-03-14 23:43:59.189] [info] Core [3] Tile Stats | Issued: 43 Running: 1 Finished: 42
[2026-03-14 23:43:59.189] [info] cycle: [1104000]
[2026-03-14 23:43:59.322] [info] HBM2-CH_0: BW utilization 0% (0 reads, 0 writes)
[2026-03-14 23:43:59.322] [debug] HBM2-CH_1: BW utilization 0% (0 reads, 0 writes)
[2026-03-14 23:43:59.322] [debug] HBM2-CH_2: BW utilization 0% (0 reads, 0 writes)
[2026-03-14 23:43:59.322] [debug] HBM2-CH_3: BW utilization 0% (0 reads, 0 writes)
[2026-03-14 23:43:59.322] [debug] HBM2-CH_4: BW utilization 0% (0 reads, 0 writes)
[2026-03-14 23:43:59.322] [debug] HBM2-CH_5: BW utilization 0% (0 reads, 0 writes)
[2026-03-14 23:43:59.322] [debug] HBM2-CH_6: BW utilization 0% (0 reads, 0 writes)
[2026-03-14 23:43:59.322] [debug] HBM2-CH_7: BW utilization 0% (0 reads, 0 writes)
[2026-03-14 23:43:59.322] [debug] HBM2-CH_8: BW utilization 0% (0 reads, 0 writes)
[2026-03-14 23:43:59.322] [debug] HBM2-CH_9: BW utilization 0% (0 reads, 0 writes)
[2026-03-14 23:43:59.322] [debug] HBM2-CH_10: BW utilization 0% (0 reads, 0 writes)
[2026-03-14 23:43:59.322] [debug] HBM2-CH_11: BW utilization 0% (0 reads, 0 writes)
[2026-03-14 23:43:59.322] [debug] HBM2-CH_12: BW utilization 0% (0 reads, 0 writes)
[2026-03-14 23:43:59.322] [debug] HBM2-CH_13: BW utilization 0% (0 reads, 0 writes)
[2026-03-14 23:43:59.322] [debug] HBM2-CH_14: BW utilization 0% (0 reads, 0 writes)
[2026-03-14 23:43:59.322] [debug] HBM2-CH_15: BW utilization 0% (0 reads, 0 writes)
[2026-03-14 23:43:59.331] [info] Core [0] Tile Stats | Issued: 43 Running: 0 Finished: 43
[2026-03-14 23:43:59.331] [info] cycle: [1112000]
[2026-03-14 23:43:59.331] [info] Core [1] Tile Stats | Issued: 43 Running: 0 Finished: 43
[2026-03-14 23:43:59.331] [info] cycle: [1112000]
[2026-03-14 23:43:59.331] [info] Core [2] Tile Stats | Issued: 43 Running: 0 Finished: 43
[2026-03-14 23:43:59.331] [info] cycle: [1112000]
[2026-03-14 23:43:59.331] [info] Tile  status /m/layers/layers.0/MambaBlock/full, instructions left 30
[2026-03-14 23:43:59.331] [info] Core [3] Tile Stats | Issued: 43 Running: 1 Finished: 42
[2026-03-14 23:43:59.331] [info] cycle: [1112000]
[2026-03-14 23:43:59.455] [info] HBM2-CH_0: BW utilization 0% (0 reads, 0 writes)
[2026-03-14 23:43:59.455] [debug] HBM2-CH_1: BW utilization 0% (0 reads, 0 writes)
[2026-03-14 23:43:59.455] [debug] HBM2-CH_2: BW utilization 0% (0 reads, 0 writes)
[2026-03-14 23:43:59.455] [debug] HBM2-CH_3: BW utilization 0% (0 reads, 0 writes)
[2026-03-14 23:43:59.455] [debug] HBM2-CH_4: BW utilization 0% (0 reads, 0 writes)
[2026-03-14 23:43:59.455] [debug] HBM2-CH_5: BW utilization 0% (0 reads, 0 writes)
[2026-03-14 23:43:59.455] [debug] HBM2-CH_6: BW utilization 0% (0 reads, 0 writes)
[2026-03-14 23:43:59.455] [debug] HBM2-CH_7: BW utilization 0% (0 reads, 0 writes)
[2026-03-14 23:43:59.455] [debug] HBM2-CH_8: BW utilization 0% (0 reads, 0 writes)
[2026-03-14 23:43:59.455] [debug] HBM2-CH_9: BW utilization 0% (0 reads, 0 writes)
[2026-03-14 23:43:59.455] [debug] HBM2-CH_10: BW utilization 0% (0 reads, 0 writes)
[2026-03-14 23:43:59.455] [debug] HBM2-CH_11: BW utilization 0% (0 reads, 0 writes)
[2026-03-14 23:43:59.455] [debug] HBM2-CH_12: BW utilization 0% (0 reads, 0 writes)
[2026-03-14 23:43:59.455] [debug] HBM2-CH_13: BW utilization 0% (0 reads, 0 writes)
[2026-03-14 23:43:59.455] [debug] HBM2-CH_14: BW utilization 0% (0 reads, 0 writes)
[2026-03-14 23:43:59.455] [debug] HBM2-CH_15: BW utilization 0% (0 reads, 0 writes)
[2026-03-14 23:43:59.463] [info] Core [0] Tile Stats | Issued: 43 Running: 0 Finished: 43
[2026-03-14 23:43:59.463] [info] cycle: [1120000]
[2026-03-14 23:43:59.463] [info] Core [1] Tile Stats | Issued: 43 Running: 0 Finished: 43
[2026-03-14 23:43:59.463] [info] cycle: [1120000]
[2026-03-14 23:43:59.463] [info] Core [2] Tile Stats | Issued: 43 Running: 0 Finished: 43
[2026-03-14 23:43:59.463] [info] cycle: [1120000]
[2026-03-14 23:43:59.463] [info] Tile  status /m/layers/layers.0/MambaBlock/full, instructions left 30
[2026-03-14 23:43:59.463] [info] Core [3] Tile Stats | Issued: 43 Running: 1 Finished: 42
[2026-03-14 23:43:59.463] [info] cycle: [1120000]
[2026-03-14 23:43:59.605] [info] HBM2-CH_0: BW utilization 0% (0 reads, 0 writes)
[2026-03-14 23:43:59.605] [debug] HBM2-CH_1: BW utilization 0% (0 reads, 0 writes)
[2026-03-14 23:43:59.605] [debug] HBM2-CH_2: BW utilization 0% (0 reads, 0 writes)
[2026-03-14 23:43:59.605] [debug] HBM2-CH_3: BW utilization 0% (0 reads, 0 writes)
[2026-03-14 23:43:59.605] [debug] HBM2-CH_4: BW utilization 0% (0 reads, 0 writes)
[2026-03-14 23:43:59.605] [debug] HBM2-CH_5: BW utilization 0% (0 reads, 0 writes)
[2026-03-14 23:43:59.605] [debug] HBM2-CH_6: BW utilization 0% (0 reads, 0 writes)
[2026-03-14 23:43:59.605] [debug] HBM2-CH_7: BW utilization 0% (0 reads, 0 writes)
[2026-03-14 23:43:59.605] [debug] HBM2-CH_8: BW utilization 0% (0 reads, 0 writes)
[2026-03-14 23:43:59.605] [debug] HBM2-CH_9: BW utilization 0% (0 reads, 0 writes)
[2026-03-14 23:43:59.605] [debug] HBM2-CH_10: BW utilization 0% (0 reads, 0 writes)
[2026-03-14 23:43:59.605] [debug] HBM2-CH_11: BW utilization 0% (0 reads, 0 writes)
[2026-03-14 23:43:59.605] [debug] HBM2-CH_12: BW utilization 0% (0 reads, 0 writes)
[2026-03-14 23:43:59.605] [debug] HBM2-CH_13: BW utilization 0% (0 reads, 0 writes)
[2026-03-14 23:43:59.605] [debug] HBM2-CH_14: BW utilization 0% (0 reads, 0 writes)
[2026-03-14 23:43:59.605] [debug] HBM2-CH_15: BW utilization 0% (0 reads, 0 writes)
[2026-03-14 23:43:59.614] [info] Core [0] Tile Stats | Issued: 43 Running: 0 Finished: 43
[2026-03-14 23:43:59.614] [info] cycle: [1128000]
[2026-03-14 23:43:59.614] [info] Core [1] Tile Stats | Issued: 43 Running: 0 Finished: 43
[2026-03-14 23:43:59.614] [info] cycle: [1128000]
[2026-03-14 23:43:59.614] [info] Core [2] Tile Stats | Issued: 43 Running: 0 Finished: 43
[2026-03-14 23:43:59.614] [info] cycle: [1128000]
[2026-03-14 23:43:59.614] [info] Tile  status /m/layers/layers.0/MambaBlock/full, instructions left 30
[2026-03-14 23:43:59.614] [info] Core [3] Tile Stats | Issued: 43 Running: 1 Finished: 42
[2026-03-14 23:43:59.614] [info] cycle: [1128000]
[2026-03-14 23:43:59.738] [info] HBM2-CH_0: BW utilization 0% (0 reads, 0 writes)
[2026-03-14 23:43:59.738] [debug] HBM2-CH_1: BW utilization 0% (0 reads, 0 writes)
[2026-03-14 23:43:59.738] [debug] HBM2-CH_2: BW utilization 0% (0 reads, 0 writes)
[2026-03-14 23:43:59.738] [debug] HBM2-CH_3: BW utilization 0% (0 reads, 0 writes)
[2026-03-14 23:43:59.738] [debug] HBM2-CH_4: BW utilization 0% (0 reads, 0 writes)
[2026-03-14 23:43:59.738] [debug] HBM2-CH_5: BW utilization 0% (0 reads, 0 writes)
[2026-03-14 23:43:59.738] [debug] HBM2-CH_6: BW utilization 0% (0 reads, 0 writes)
[2026-03-14 23:43:59.738] [debug] HBM2-CH_7: BW utilization 0% (0 reads, 0 writes)
[2026-03-14 23:43:59.738] [debug] HBM2-CH_8: BW utilization 0% (0 reads, 0 writes)
[2026-03-14 23:43:59.738] [debug] HBM2-CH_9: BW utilization 0% (0 reads, 0 writes)
[2026-03-14 23:43:59.738] [debug] HBM2-CH_10: BW utilization 0% (0 reads, 0 writes)
[2026-03-14 23:43:59.738] [debug] HBM2-CH_11: BW utilization 0% (0 reads, 0 writes)
[2026-03-14 23:43:59.738] [debug] HBM2-CH_12: BW utilization 0% (0 reads, 0 writes)
[2026-03-14 23:43:59.738] [debug] HBM2-CH_13: BW utilization 0% (0 reads, 0 writes)
[2026-03-14 23:43:59.738] [debug] HBM2-CH_14: BW utilization 0% (0 reads, 0 writes)
[2026-03-14 23:43:59.738] [debug] HBM2-CH_15: BW utilization 0% (0 reads, 0 writes)
[2026-03-14 23:43:59.747] [info] Core [0] Tile Stats | Issued: 43 Running: 0 Finished: 43
[2026-03-14 23:43:59.747] [info] cycle: [1136000]
[2026-03-14 23:43:59.747] [info] Core [1] Tile Stats | Issued: 43 Running: 0 Finished: 43
[2026-03-14 23:43:59.747] [info] cycle: [1136000]
[2026-03-14 23:43:59.747] [info] Core [2] Tile Stats | Issued: 43 Running: 0 Finished: 43
[2026-03-14 23:43:59.747] [info] cycle: [1136000]
[2026-03-14 23:43:59.747] [info] Tile  status /m/layers/layers.0/MambaBlock/full, instructions left 30
[2026-03-14 23:43:59.747] [info] Core [3] Tile Stats | Issued: 43 Running: 1 Finished: 42
[2026-03-14 23:43:59.747] [info] cycle: [1136000]
[2026-03-14 23:43:59.935] [info] HBM2-CH_0: BW utilization 0% (0 reads, 0 writes)
[2026-03-14 23:43:59.935] [debug] HBM2-CH_1: BW utilization 0% (0 reads, 0 writes)
[2026-03-14 23:43:59.935] [debug] HBM2-CH_2: BW utilization 0% (0 reads, 0 writes)
[2026-03-14 23:43:59.935] [debug] HBM2-CH_3: BW utilization 0% (0 reads, 0 writes)
[2026-03-14 23:43:59.935] [debug] HBM2-CH_4: BW utilization 0% (0 reads, 0 writes)
[2026-03-14 23:43:59.935] [debug] HBM2-CH_5: BW utilization 0% (0 reads, 0 writes)
[2026-03-14 23:43:59.935] [debug] HBM2-CH_6: BW utilization 0% (0 reads, 0 writes)
[2026-03-14 23:43:59.935] [debug] HBM2-CH_7: BW utilization 0% (0 reads, 0 writes)
[2026-03-14 23:43:59.935] [debug] HBM2-CH_8: BW utilization 0% (0 reads, 0 writes)
[2026-03-14 23:43:59.935] [debug] HBM2-CH_9: BW utilization 0% (0 reads, 0 writes)
[2026-03-14 23:43:59.935] [debug] HBM2-CH_10: BW utilization 0% (0 reads, 0 writes)
[2026-03-14 23:43:59.935] [debug] HBM2-CH_11: BW utilization 0% (0 reads, 0 writes)
[2026-03-14 23:43:59.935] [debug] HBM2-CH_12: BW utilization 0% (0 reads, 0 writes)
[2026-03-14 23:43:59.935] [debug] HBM2-CH_13: BW utilization 0% (0 reads, 0 writes)
[2026-03-14 23:43:59.935] [debug] HBM2-CH_14: BW utilization 0% (0 reads, 0 writes)
[2026-03-14 23:43:59.935] [debug] HBM2-CH_15: BW utilization 0% (0 reads, 0 writes)
[2026-03-14 23:43:59.947] [info] Core [0] Tile Stats | Issued: 43 Running: 0 Finished: 43
[2026-03-14 23:43:59.947] [info] cycle: [1144000]
[2026-03-14 23:43:59.947] [info] Core [1] Tile Stats | Issued: 43 Running: 0 Finished: 43
[2026-03-14 23:43:59.947] [info] cycle: [1144000]
[2026-03-14 23:43:59.947] [info] Core [2] Tile Stats | Issued: 43 Running: 0 Finished: 43
[2026-03-14 23:43:59.947] [info] cycle: [1144000]
[2026-03-14 23:43:59.947] [info] Tile  status /m/layers/layers.0/MambaBlock/full, instructions left 30
[2026-03-14 23:43:59.947] [info] Core [3] Tile Stats | Issued: 43 Running: 1 Finished: 42
[2026-03-14 23:43:59.947] [info] cycle: [1144000]
[2026-03-14 23:44:00.127] [info] HBM2-CH_0: BW utilization 0% (0 reads, 0 writes)
[2026-03-14 23:44:00.127] [debug] HBM2-CH_1: BW utilization 0% (0 reads, 0 writes)
[2026-03-14 23:44:00.127] [debug] HBM2-CH_2: BW utilization 0% (0 reads, 0 writes)
[2026-03-14 23:44:00.127] [debug] HBM2-CH_3: BW utilization 0% (0 reads, 0 writes)
[2026-03-14 23:44:00.127] [debug] HBM2-CH_4: BW utilization 0% (0 reads, 0 writes)
[2026-03-14 23:44:00.127] [debug] HBM2-CH_5: BW utilization 0% (0 reads, 0 writes)
[2026-03-14 23:44:00.127] [debug] HBM2-CH_6: BW utilization 0% (0 reads, 0 writes)
[2026-03-14 23:44:00.127] [debug] HBM2-CH_7: BW utilization 0% (0 reads, 0 writes)
[2026-03-14 23:44:00.127] [debug] HBM2-CH_8: BW utilization 0% (0 reads, 0 writes)
[2026-03-14 23:44:00.127] [debug] HBM2-CH_9: BW utilization 0% (0 reads, 0 writes)
[2026-03-14 23:44:00.127] [debug] HBM2-CH_10: BW utilization 0% (0 reads, 0 writes)
[2026-03-14 23:44:00.127] [debug] HBM2-CH_11: BW utilization 0% (0 reads, 0 writes)
[2026-03-14 23:44:00.127] [debug] HBM2-CH_12: BW utilization 0% (0 reads, 0 writes)
[2026-03-14 23:44:00.127] [debug] HBM2-CH_13: BW utilization 0% (0 reads, 0 writes)
[2026-03-14 23:44:00.127] [debug] HBM2-CH_14: BW utilization 0% (0 reads, 0 writes)
[2026-03-14 23:44:00.127] [debug] HBM2-CH_15: BW utilization 0% (0 reads, 0 writes)
[2026-03-14 23:44:00.138] [info] Core [0] Tile Stats | Issued: 43 Running: 0 Finished: 43
[2026-03-14 23:44:00.138] [info] cycle: [1152000]
[2026-03-14 23:44:00.138] [info] Core [1] Tile Stats | Issued: 43 Running: 0 Finished: 43
[2026-03-14 23:44:00.138] [info] cycle: [1152000]
[2026-03-14 23:44:00.138] [info] Core [2] Tile Stats | Issued: 43 Running: 0 Finished: 43
[2026-03-14 23:44:00.138] [info] cycle: [1152000]
[2026-03-14 23:44:00.138] [info] Tile  status /m/layers/layers.0/MambaBlock/full, instructions left 30
[2026-03-14 23:44:00.138] [info] Core [3] Tile Stats | Issued: 43 Running: 1 Finished: 42
[2026-03-14 23:44:00.138] [info] cycle: [1152000]
[2026-03-14 23:44:00.275] [info] HBM2-CH_0: BW utilization 0% (0 reads, 0 writes)
[2026-03-14 23:44:00.275] [debug] HBM2-CH_1: BW utilization 0% (0 reads, 0 writes)
[2026-03-14 23:44:00.275] [debug] HBM2-CH_2: BW utilization 0% (0 reads, 0 writes)
[2026-03-14 23:44:00.275] [debug] HBM2-CH_3: BW utilization 0% (0 reads, 0 writes)
[2026-03-14 23:44:00.275] [debug] HBM2-CH_4: BW utilization 0% (0 reads, 0 writes)
[2026-03-14 23:44:00.275] [debug] HBM2-CH_5: BW utilization 0% (0 reads, 0 writes)
[2026-03-14 23:44:00.275] [debug] HBM2-CH_6: BW utilization 0% (0 reads, 0 writes)
[2026-03-14 23:44:00.275] [debug] HBM2-CH_7: BW utilization 0% (0 reads, 0 writes)
[2026-03-14 23:44:00.275] [debug] HBM2-CH_8: BW utilization 0% (0 reads, 0 writes)
[2026-03-14 23:44:00.275] [debug] HBM2-CH_9: BW utilization 0% (0 reads, 0 writes)
[2026-03-14 23:44:00.275] [debug] HBM2-CH_10: BW utilization 0% (0 reads, 0 writes)
[2026-03-14 23:44:00.275] [debug] HBM2-CH_11: BW utilization 0% (0 reads, 0 writes)
[2026-03-14 23:44:00.275] [debug] HBM2-CH_12: BW utilization 0% (0 reads, 0 writes)
[2026-03-14 23:44:00.275] [debug] HBM2-CH_13: BW utilization 0% (0 reads, 0 writes)
[2026-03-14 23:44:00.275] [debug] HBM2-CH_14: BW utilization 0% (0 reads, 0 writes)
[2026-03-14 23:44:00.275] [debug] HBM2-CH_15: BW utilization 0% (0 reads, 0 writes)
[2026-03-14 23:44:00.285] [info] Core [0] Tile Stats | Issued: 43 Running: 0 Finished: 43
[2026-03-14 23:44:00.285] [info] cycle: [1160000]
[2026-03-14 23:44:00.285] [info] Core [1] Tile Stats | Issued: 43 Running: 0 Finished: 43
[2026-03-14 23:44:00.285] [info] cycle: [1160000]
[2026-03-14 23:44:00.285] [info] Core [2] Tile Stats | Issued: 43 Running: 0 Finished: 43
[2026-03-14 23:44:00.285] [info] cycle: [1160000]
[2026-03-14 23:44:00.285] [info] Tile  status /m/layers/layers.0/MambaBlock/full, instructions left 30
[2026-03-14 23:44:00.285] [info] Core [3] Tile Stats | Issued: 43 Running: 1 Finished: 42
[2026-03-14 23:44:00.285] [info] cycle: [1160000]
[2026-03-14 23:44:00.460] [info] HBM2-CH_0: BW utilization 0% (0 reads, 0 writes)
[2026-03-14 23:44:00.460] [debug] HBM2-CH_1: BW utilization 0% (0 reads, 0 writes)
[2026-03-14 23:44:00.460] [debug] HBM2-CH_2: BW utilization 0% (0 reads, 0 writes)
[2026-03-14 23:44:00.460] [debug] HBM2-CH_3: BW utilization 0% (0 reads, 0 writes)
[2026-03-14 23:44:00.460] [debug] HBM2-CH_4: BW utilization 0% (0 reads, 0 writes)
[2026-03-14 23:44:00.460] [debug] HBM2-CH_5: BW utilization 0% (0 reads, 0 writes)
[2026-03-14 23:44:00.460] [debug] HBM2-CH_6: BW utilization 0% (0 reads, 0 writes)
[2026-03-14 23:44:00.460] [debug] HBM2-CH_7: BW utilization 0% (0 reads, 0 writes)
[2026-03-14 23:44:00.460] [debug] HBM2-CH_8: BW utilization 0% (0 reads, 0 writes)
[2026-03-14 23:44:00.460] [debug] HBM2-CH_9: BW utilization 0% (0 reads, 0 writes)
[2026-03-14 23:44:00.460] [debug] HBM2-CH_10: BW utilization 0% (0 reads, 0 writes)
[2026-03-14 23:44:00.460] [debug] HBM2-CH_11: BW utilization 0% (0 reads, 0 writes)
[2026-03-14 23:44:00.460] [debug] HBM2-CH_12: BW utilization 0% (0 reads, 0 writes)
[2026-03-14 23:44:00.460] [debug] HBM2-CH_13: BW utilization 0% (0 reads, 0 writes)
[2026-03-14 23:44:00.460] [debug] HBM2-CH_14: BW utilization 0% (0 reads, 0 writes)
[2026-03-14 23:44:00.460] [debug] HBM2-CH_15: BW utilization 0% (0 reads, 0 writes)
[2026-03-14 23:44:00.470] [info] Core [0] Tile Stats | Issued: 43 Running: 0 Finished: 43
[2026-03-14 23:44:00.470] [info] cycle: [1168000]
[2026-03-14 23:44:00.470] [info] Core [1] Tile Stats | Issued: 43 Running: 0 Finished: 43
[2026-03-14 23:44:00.470] [info] cycle: [1168000]
[2026-03-14 23:44:00.470] [info] Core [2] Tile Stats | Issued: 43 Running: 0 Finished: 43
[2026-03-14 23:44:00.470] [info] cycle: [1168000]
[2026-03-14 23:44:00.470] [info] Tile  status /m/layers/layers.0/MambaBlock/full, instructions left 30
[2026-03-14 23:44:00.470] [info] Core [3] Tile Stats | Issued: 43 Running: 1 Finished: 42
[2026-03-14 23:44:00.470] [info] cycle: [1168000]
[2026-03-14 23:44:00.591] [info] HBM2-CH_0: BW utilization 0% (0 reads, 0 writes)
[2026-03-14 23:44:00.591] [debug] HBM2-CH_1: BW utilization 0% (0 reads, 0 writes)
[2026-03-14 23:44:00.591] [debug] HBM2-CH_2: BW utilization 0% (0 reads, 0 writes)
[2026-03-14 23:44:00.591] [debug] HBM2-CH_3: BW utilization 0% (0 reads, 0 writes)
[2026-03-14 23:44:00.591] [debug] HBM2-CH_4: BW utilization 0% (0 reads, 0 writes)
[2026-03-14 23:44:00.591] [debug] HBM2-CH_5: BW utilization 0% (0 reads, 0 writes)
[2026-03-14 23:44:00.591] [debug] HBM2-CH_6: BW utilization 0% (0 reads, 0 writes)
[2026-03-14 23:44:00.591] [debug] HBM2-CH_7: BW utilization 0% (0 reads, 0 writes)
[2026-03-14 23:44:00.591] [debug] HBM2-CH_8: BW utilization 0% (0 reads, 0 writes)
[2026-03-14 23:44:00.591] [debug] HBM2-CH_9: BW utilization 0% (0 reads, 0 writes)
[2026-03-14 23:44:00.591] [debug] HBM2-CH_10: BW utilization 0% (0 reads, 0 writes)
[2026-03-14 23:44:00.591] [debug] HBM2-CH_11: BW utilization 0% (0 reads, 0 writes)
[2026-03-14 23:44:00.591] [debug] HBM2-CH_12: BW utilization 0% (0 reads, 0 writes)
[2026-03-14 23:44:00.591] [debug] HBM2-CH_13: BW utilization 0% (0 reads, 0 writes)
[2026-03-14 23:44:00.591] [debug] HBM2-CH_14: BW utilization 0% (0 reads, 0 writes)
[2026-03-14 23:44:00.591] [debug] HBM2-CH_15: BW utilization 0% (0 reads, 0 writes)
[2026-03-14 23:44:00.600] [info] Core [0] Tile Stats | Issued: 43 Running: 0 Finished: 43
[2026-03-14 23:44:00.600] [info] cycle: [1176000]
[2026-03-14 23:44:00.600] [info] Core [1] Tile Stats | Issued: 43 Running: 0 Finished: 43
[2026-03-14 23:44:00.600] [info] cycle: [1176000]
[2026-03-14 23:44:00.600] [info] Core [2] Tile Stats | Issued: 43 Running: 0 Finished: 43
[2026-03-14 23:44:00.600] [info] cycle: [1176000]
[2026-03-14 23:44:00.600] [info] Tile  status /m/layers/layers.0/MambaBlock/full, instructions left 30
[2026-03-14 23:44:00.600] [info] Core [3] Tile Stats | Issued: 43 Running: 1 Finished: 42
[2026-03-14 23:44:00.600] [info] cycle: [1176000]
[2026-03-14 23:44:00.734] [info] HBM2-CH_0: BW utilization 0% (0 reads, 0 writes)
[2026-03-14 23:44:00.734] [debug] HBM2-CH_1: BW utilization 0% (0 reads, 0 writes)
[2026-03-14 23:44:00.734] [debug] HBM2-CH_2: BW utilization 0% (0 reads, 0 writes)
[2026-03-14 23:44:00.734] [debug] HBM2-CH_3: BW utilization 0% (0 reads, 0 writes)
[2026-03-14 23:44:00.734] [debug] HBM2-CH_4: BW utilization 0% (0 reads, 0 writes)
[2026-03-14 23:44:00.734] [debug] HBM2-CH_5: BW utilization 0% (0 reads, 0 writes)
[2026-03-14 23:44:00.734] [debug] HBM2-CH_6: BW utilization 0% (0 reads, 0 writes)
[2026-03-14 23:44:00.734] [debug] HBM2-CH_7: BW utilization 0% (0 reads, 0 writes)
[2026-03-14 23:44:00.734] [debug] HBM2-CH_8: BW utilization 0% (0 reads, 0 writes)
[2026-03-14 23:44:00.734] [debug] HBM2-CH_9: BW utilization 0% (0 reads, 0 writes)
[2026-03-14 23:44:00.734] [debug] HBM2-CH_10: BW utilization 0% (0 reads, 0 writes)
[2026-03-14 23:44:00.734] [debug] HBM2-CH_11: BW utilization 0% (0 reads, 0 writes)
[2026-03-14 23:44:00.734] [debug] HBM2-CH_12: BW utilization 0% (0 reads, 0 writes)
[2026-03-14 23:44:00.734] [debug] HBM2-CH_13: BW utilization 0% (0 reads, 0 writes)
[2026-03-14 23:44:00.734] [debug] HBM2-CH_14: BW utilization 0% (0 reads, 0 writes)
[2026-03-14 23:44:00.734] [debug] HBM2-CH_15: BW utilization 0% (0 reads, 0 writes)
[2026-03-14 23:44:00.742] [info] Core [0] Tile Stats | Issued: 43 Running: 0 Finished: 43
[2026-03-14 23:44:00.742] [info] cycle: [1184000]
[2026-03-14 23:44:00.742] [info] Core [1] Tile Stats | Issued: 43 Running: 0 Finished: 43
[2026-03-14 23:44:00.742] [info] cycle: [1184000]
[2026-03-14 23:44:00.742] [info] Core [2] Tile Stats | Issued: 43 Running: 0 Finished: 43
[2026-03-14 23:44:00.742] [info] cycle: [1184000]
[2026-03-14 23:44:00.742] [info] Tile  status /m/layers/layers.0/MambaBlock/full, instructions left 30
[2026-03-14 23:44:00.742] [info] Core [3] Tile Stats | Issued: 43 Running: 1 Finished: 42
[2026-03-14 23:44:00.742] [info] cycle: [1184000]
[2026-03-14 23:44:00.866] [info] HBM2-CH_0: BW utilization 0% (0 reads, 0 writes)
[2026-03-14 23:44:00.866] [debug] HBM2-CH_1: BW utilization 0% (0 reads, 0 writes)
[2026-03-14 23:44:00.866] [debug] HBM2-CH_2: BW utilization 0% (0 reads, 0 writes)
[2026-03-14 23:44:00.866] [debug] HBM2-CH_3: BW utilization 0% (0 reads, 0 writes)
[2026-03-14 23:44:00.866] [debug] HBM2-CH_4: BW utilization 0% (0 reads, 0 writes)
[2026-03-14 23:44:00.866] [debug] HBM2-CH_5: BW utilization 0% (0 reads, 0 writes)
[2026-03-14 23:44:00.866] [debug] HBM2-CH_6: BW utilization 0% (0 reads, 0 writes)
[2026-03-14 23:44:00.866] [debug] HBM2-CH_7: BW utilization 0% (0 reads, 0 writes)
[2026-03-14 23:44:00.866] [debug] HBM2-CH_8: BW utilization 0% (0 reads, 0 writes)
[2026-03-14 23:44:00.866] [debug] HBM2-CH_9: BW utilization 0% (0 reads, 0 writes)
[2026-03-14 23:44:00.866] [debug] HBM2-CH_10: BW utilization 0% (0 reads, 0 writes)
[2026-03-14 23:44:00.866] [debug] HBM2-CH_11: BW utilization 0% (0 reads, 0 writes)
[2026-03-14 23:44:00.866] [debug] HBM2-CH_12: BW utilization 0% (0 reads, 0 writes)
[2026-03-14 23:44:00.866] [debug] HBM2-CH_13: BW utilization 0% (0 reads, 0 writes)
[2026-03-14 23:44:00.866] [debug] HBM2-CH_14: BW utilization 0% (0 reads, 0 writes)
[2026-03-14 23:44:00.866] [debug] HBM2-CH_15: BW utilization 0% (0 reads, 0 writes)
[2026-03-14 23:44:00.875] [info] Core [0] Tile Stats | Issued: 43 Running: 0 Finished: 43
[2026-03-14 23:44:00.875] [info] cycle: [1192000]
[2026-03-14 23:44:00.875] [info] Core [1] Tile Stats | Issued: 43 Running: 0 Finished: 43
[2026-03-14 23:44:00.875] [info] cycle: [1192000]
[2026-03-14 23:44:00.875] [info] Core [2] Tile Stats | Issued: 43 Running: 0 Finished: 43
[2026-03-14 23:44:00.875] [info] cycle: [1192000]
[2026-03-14 23:44:00.875] [info] Tile  status /m/layers/layers.0/MambaBlock/full, instructions left 30
[2026-03-14 23:44:00.875] [info] Core [3] Tile Stats | Issued: 43 Running: 1 Finished: 42
[2026-03-14 23:44:00.875] [info] cycle: [1192000]
[2026-03-14 23:44:01.012] [info] HBM2-CH_0: BW utilization 0% (0 reads, 0 writes)
[2026-03-14 23:44:01.012] [debug] HBM2-CH_1: BW utilization 0% (0 reads, 0 writes)
[2026-03-14 23:44:01.012] [debug] HBM2-CH_2: BW utilization 0% (0 reads, 0 writes)
[2026-03-14 23:44:01.012] [debug] HBM2-CH_3: BW utilization 0% (0 reads, 0 writes)
[2026-03-14 23:44:01.012] [debug] HBM2-CH_4: BW utilization 0% (0 reads, 0 writes)
[2026-03-14 23:44:01.012] [debug] HBM2-CH_5: BW utilization 0% (0 reads, 0 writes)
[2026-03-14 23:44:01.012] [debug] HBM2-CH_6: BW utilization 0% (0 reads, 0 writes)
[2026-03-14 23:44:01.012] [debug] HBM2-CH_7: BW utilization 0% (0 reads, 0 writes)
[2026-03-14 23:44:01.012] [debug] HBM2-CH_8: BW utilization 0% (0 reads, 0 writes)
[2026-03-14 23:44:01.012] [debug] HBM2-CH_9: BW utilization 0% (0 reads, 0 writes)
[2026-03-14 23:44:01.012] [debug] HBM2-CH_10: BW utilization 0% (0 reads, 0 writes)
[2026-03-14 23:44:01.012] [debug] HBM2-CH_11: BW utilization 0% (0 reads, 0 writes)
[2026-03-14 23:44:01.012] [debug] HBM2-CH_12: BW utilization 0% (0 reads, 0 writes)
[2026-03-14 23:44:01.012] [debug] HBM2-CH_13: BW utilization 0% (0 reads, 0 writes)
[2026-03-14 23:44:01.012] [debug] HBM2-CH_14: BW utilization 0% (0 reads, 0 writes)
[2026-03-14 23:44:01.012] [debug] HBM2-CH_15: BW utilization 0% (0 reads, 0 writes)
[2026-03-14 23:44:01.021] [info] Core [0] Tile Stats | Issued: 43 Running: 0 Finished: 43
[2026-03-14 23:44:01.021] [info] cycle: [1200000]
[2026-03-14 23:44:01.021] [info] Core [1] Tile Stats | Issued: 43 Running: 0 Finished: 43
[2026-03-14 23:44:01.021] [info] cycle: [1200000]
[2026-03-14 23:44:01.021] [info] Core [2] Tile Stats | Issued: 43 Running: 0 Finished: 43
[2026-03-14 23:44:01.021] [info] cycle: [1200000]
[2026-03-14 23:44:01.021] [info] Tile  status /m/layers/layers.0/MambaBlock/full, instructions left 30
[2026-03-14 23:44:01.021] [info] Core [3] Tile Stats | Issued: 43 Running: 1 Finished: 42
[2026-03-14 23:44:01.021] [info] cycle: [1200000]
[2026-03-14 23:44:01.150] [info] HBM2-CH_0: BW utilization 0% (0 reads, 0 writes)
[2026-03-14 23:44:01.150] [debug] HBM2-CH_1: BW utilization 0% (0 reads, 0 writes)
[2026-03-14 23:44:01.150] [debug] HBM2-CH_2: BW utilization 0% (0 reads, 0 writes)
[2026-03-14 23:44:01.150] [debug] HBM2-CH_3: BW utilization 0% (0 reads, 0 writes)
[2026-03-14 23:44:01.150] [debug] HBM2-CH_4: BW utilization 0% (0 reads, 0 writes)
[2026-03-14 23:44:01.150] [debug] HBM2-CH_5: BW utilization 0% (0 reads, 0 writes)
[2026-03-14 23:44:01.150] [debug] HBM2-CH_6: BW utilization 0% (0 reads, 0 writes)
[2026-03-14 23:44:01.150] [debug] HBM2-CH_7: BW utilization 0% (0 reads, 0 writes)
[2026-03-14 23:44:01.150] [debug] HBM2-CH_8: BW utilization 0% (0 reads, 0 writes)
[2026-03-14 23:44:01.150] [debug] HBM2-CH_9: BW utilization 0% (0 reads, 0 writes)
[2026-03-14 23:44:01.150] [debug] HBM2-CH_10: BW utilization 0% (0 reads, 0 writes)
[2026-03-14 23:44:01.150] [debug] HBM2-CH_11: BW utilization 0% (0 reads, 0 writes)
[2026-03-14 23:44:01.150] [debug] HBM2-CH_12: BW utilization 0% (0 reads, 0 writes)
[2026-03-14 23:44:01.150] [debug] HBM2-CH_13: BW utilization 0% (0 reads, 0 writes)
[2026-03-14 23:44:01.150] [debug] HBM2-CH_14: BW utilization 0% (0 reads, 0 writes)
[2026-03-14 23:44:01.150] [debug] HBM2-CH_15: BW utilization 0% (0 reads, 0 writes)
[2026-03-14 23:44:01.160] [info] Core [0] Tile Stats | Issued: 43 Running: 0 Finished: 43
[2026-03-14 23:44:01.160] [info] cycle: [1208000]
[2026-03-14 23:44:01.160] [info] Core [1] Tile Stats | Issued: 43 Running: 0 Finished: 43
[2026-03-14 23:44:01.160] [info] cycle: [1208000]
[2026-03-14 23:44:01.160] [info] Core [2] Tile Stats | Issued: 43 Running: 0 Finished: 43
[2026-03-14 23:44:01.160] [info] cycle: [1208000]
[2026-03-14 23:44:01.160] [info] Tile  status /m/layers/layers.0/MambaBlock/full, instructions left 30
[2026-03-14 23:44:01.160] [info] Core [3] Tile Stats | Issued: 43 Running: 1 Finished: 42
[2026-03-14 23:44:01.160] [info] cycle: [1208000]
[2026-03-14 23:44:01.287] [info] HBM2-CH_0: BW utilization 0% (0 reads, 0 writes)
[2026-03-14 23:44:01.287] [debug] HBM2-CH_1: BW utilization 0% (0 reads, 0 writes)
[2026-03-14 23:44:01.287] [debug] HBM2-CH_2: BW utilization 0% (0 reads, 0 writes)
[2026-03-14 23:44:01.287] [debug] HBM2-CH_3: BW utilization 0% (0 reads, 0 writes)
[2026-03-14 23:44:01.287] [debug] HBM2-CH_4: BW utilization 0% (0 reads, 0 writes)
[2026-03-14 23:44:01.287] [debug] HBM2-CH_5: BW utilization 0% (0 reads, 0 writes)
[2026-03-14 23:44:01.287] [debug] HBM2-CH_6: BW utilization 0% (0 reads, 0 writes)
[2026-03-14 23:44:01.287] [debug] HBM2-CH_7: BW utilization 0% (0 reads, 0 writes)
[2026-03-14 23:44:01.287] [debug] HBM2-CH_8: BW utilization 0% (0 reads, 0 writes)
[2026-03-14 23:44:01.287] [debug] HBM2-CH_9: BW utilization 0% (0 reads, 0 writes)
[2026-03-14 23:44:01.287] [debug] HBM2-CH_10: BW utilization 0% (0 reads, 0 writes)
[2026-03-14 23:44:01.287] [debug] HBM2-CH_11: BW utilization 0% (0 reads, 0 writes)
[2026-03-14 23:44:01.287] [debug] HBM2-CH_12: BW utilization 0% (0 reads, 0 writes)
[2026-03-14 23:44:01.287] [debug] HBM2-CH_13: BW utilization 0% (0 reads, 0 writes)
[2026-03-14 23:44:01.287] [debug] HBM2-CH_14: BW utilization 0% (0 reads, 0 writes)
[2026-03-14 23:44:01.287] [debug] HBM2-CH_15: BW utilization 0% (0 reads, 0 writes)
[2026-03-14 23:44:01.297] [info] Core [0] Tile Stats | Issued: 43 Running: 0 Finished: 43
[2026-03-14 23:44:01.297] [info] cycle: [1216000]
[2026-03-14 23:44:01.297] [info] Core [1] Tile Stats | Issued: 43 Running: 0 Finished: 43
[2026-03-14 23:44:01.297] [info] cycle: [1216000]
[2026-03-14 23:44:01.297] [info] Core [2] Tile Stats | Issued: 43 Running: 0 Finished: 43
[2026-03-14 23:44:01.297] [info] cycle: [1216000]
[2026-03-14 23:44:01.297] [info] Tile  status /m/layers/layers.0/MambaBlock/full, instructions left 30
[2026-03-14 23:44:01.297] [info] Core [3] Tile Stats | Issued: 43 Running: 1 Finished: 42
[2026-03-14 23:44:01.297] [info] cycle: [1216000]
[2026-03-14 23:44:01.423] [info] HBM2-CH_0: BW utilization 0% (0 reads, 0 writes)
[2026-03-14 23:44:01.423] [debug] HBM2-CH_1: BW utilization 0% (0 reads, 0 writes)
[2026-03-14 23:44:01.423] [debug] HBM2-CH_2: BW utilization 0% (0 reads, 0 writes)
[2026-03-14 23:44:01.423] [debug] HBM2-CH_3: BW utilization 0% (0 reads, 0 writes)
[2026-03-14 23:44:01.423] [debug] HBM2-CH_4: BW utilization 0% (0 reads, 0 writes)
[2026-03-14 23:44:01.423] [debug] HBM2-CH_5: BW utilization 0% (0 reads, 0 writes)
[2026-03-14 23:44:01.423] [debug] HBM2-CH_6: BW utilization 0% (0 reads, 0 writes)
[2026-03-14 23:44:01.423] [debug] HBM2-CH_7: BW utilization 0% (0 reads, 0 writes)
[2026-03-14 23:44:01.423] [debug] HBM2-CH_8: BW utilization 0% (0 reads, 0 writes)
[2026-03-14 23:44:01.423] [debug] HBM2-CH_9: BW utilization 0% (0 reads, 0 writes)
[2026-03-14 23:44:01.423] [debug] HBM2-CH_10: BW utilization 0% (0 reads, 0 writes)
[2026-03-14 23:44:01.423] [debug] HBM2-CH_11: BW utilization 0% (0 reads, 0 writes)
[2026-03-14 23:44:01.423] [debug] HBM2-CH_12: BW utilization 0% (0 reads, 0 writes)
[2026-03-14 23:44:01.423] [debug] HBM2-CH_13: BW utilization 0% (0 reads, 0 writes)
[2026-03-14 23:44:01.423] [debug] HBM2-CH_14: BW utilization 0% (0 reads, 0 writes)
[2026-03-14 23:44:01.423] [debug] HBM2-CH_15: BW utilization 0% (0 reads, 0 writes)
[2026-03-14 23:44:01.434] [info] Core [0] Tile Stats | Issued: 43 Running: 0 Finished: 43
[2026-03-14 23:44:01.434] [info] cycle: [1224000]
[2026-03-14 23:44:01.434] [info] Core [1] Tile Stats | Issued: 43 Running: 0 Finished: 43
[2026-03-14 23:44:01.434] [info] cycle: [1224000]
[2026-03-14 23:44:01.434] [info] Core [2] Tile Stats | Issued: 43 Running: 0 Finished: 43
[2026-03-14 23:44:01.434] [info] cycle: [1224000]
[2026-03-14 23:44:01.434] [info] Tile  status /m/layers/layers.0/MambaBlock/full, instructions left 30
[2026-03-14 23:44:01.434] [info] Core [3] Tile Stats | Issued: 43 Running: 1 Finished: 42
[2026-03-14 23:44:01.434] [info] cycle: [1224000]
[2026-03-14 23:44:01.560] [info] HBM2-CH_0: BW utilization 0% (0 reads, 0 writes)
[2026-03-14 23:44:01.560] [debug] HBM2-CH_1: BW utilization 0% (0 reads, 0 writes)
[2026-03-14 23:44:01.560] [debug] HBM2-CH_2: BW utilization 0% (0 reads, 0 writes)
[2026-03-14 23:44:01.560] [debug] HBM2-CH_3: BW utilization 0% (0 reads, 0 writes)
[2026-03-14 23:44:01.560] [debug] HBM2-CH_4: BW utilization 0% (0 reads, 0 writes)
[2026-03-14 23:44:01.560] [debug] HBM2-CH_5: BW utilization 0% (0 reads, 0 writes)
[2026-03-14 23:44:01.560] [debug] HBM2-CH_6: BW utilization 0% (0 reads, 0 writes)
[2026-03-14 23:44:01.560] [debug] HBM2-CH_7: BW utilization 0% (0 reads, 0 writes)
[2026-03-14 23:44:01.560] [debug] HBM2-CH_8: BW utilization 0% (0 reads, 0 writes)
[2026-03-14 23:44:01.560] [debug] HBM2-CH_9: BW utilization 0% (0 reads, 0 writes)
[2026-03-14 23:44:01.560] [debug] HBM2-CH_10: BW utilization 0% (0 reads, 0 writes)
[2026-03-14 23:44:01.560] [debug] HBM2-CH_11: BW utilization 0% (0 reads, 0 writes)
[2026-03-14 23:44:01.560] [debug] HBM2-CH_12: BW utilization 0% (0 reads, 0 writes)
[2026-03-14 23:44:01.560] [debug] HBM2-CH_13: BW utilization 0% (0 reads, 0 writes)
[2026-03-14 23:44:01.560] [debug] HBM2-CH_14: BW utilization 0% (0 reads, 0 writes)
[2026-03-14 23:44:01.560] [debug] HBM2-CH_15: BW utilization 0% (0 reads, 0 writes)
[2026-03-14 23:44:01.570] [info] Core [0] Tile Stats | Issued: 43 Running: 0 Finished: 43
[2026-03-14 23:44:01.570] [info] cycle: [1232000]
[2026-03-14 23:44:01.570] [info] Core [1] Tile Stats | Issued: 43 Running: 0 Finished: 43
[2026-03-14 23:44:01.570] [info] cycle: [1232000]
[2026-03-14 23:44:01.570] [info] Core [2] Tile Stats | Issued: 43 Running: 0 Finished: 43
[2026-03-14 23:44:01.570] [info] cycle: [1232000]
[2026-03-14 23:44:01.570] [info] Tile  status /m/layers/layers.0/MambaBlock/full, instructions left 30
[2026-03-14 23:44:01.570] [info] Core [3] Tile Stats | Issued: 43 Running: 1 Finished: 42
[2026-03-14 23:44:01.570] [info] cycle: [1232000]
[2026-03-14 23:44:01.700] [info] HBM2-CH_0: BW utilization 0% (0 reads, 0 writes)
[2026-03-14 23:44:01.700] [debug] HBM2-CH_1: BW utilization 0% (0 reads, 0 writes)
[2026-03-14 23:44:01.700] [debug] HBM2-CH_2: BW utilization 0% (0 reads, 0 writes)
[2026-03-14 23:44:01.700] [debug] HBM2-CH_3: BW utilization 0% (0 reads, 0 writes)
[2026-03-14 23:44:01.700] [debug] HBM2-CH_4: BW utilization 0% (0 reads, 0 writes)
[2026-03-14 23:44:01.700] [debug] HBM2-CH_5: BW utilization 0% (0 reads, 0 writes)
[2026-03-14 23:44:01.700] [debug] HBM2-CH_6: BW utilization 0% (0 reads, 0 writes)
[2026-03-14 23:44:01.700] [debug] HBM2-CH_7: BW utilization 0% (0 reads, 0 writes)
[2026-03-14 23:44:01.700] [debug] HBM2-CH_8: BW utilization 0% (0 reads, 0 writes)
[2026-03-14 23:44:01.700] [debug] HBM2-CH_9: BW utilization 0% (0 reads, 0 writes)
[2026-03-14 23:44:01.700] [debug] HBM2-CH_10: BW utilization 0% (0 reads, 0 writes)
[2026-03-14 23:44:01.700] [debug] HBM2-CH_11: BW utilization 0% (0 reads, 0 writes)
[2026-03-14 23:44:01.700] [debug] HBM2-CH_12: BW utilization 0% (0 reads, 0 writes)
[2026-03-14 23:44:01.700] [debug] HBM2-CH_13: BW utilization 0% (0 reads, 0 writes)
[2026-03-14 23:44:01.700] [debug] HBM2-CH_14: BW utilization 0% (0 reads, 0 writes)
[2026-03-14 23:44:01.700] [debug] HBM2-CH_15: BW utilization 0% (0 reads, 0 writes)
[2026-03-14 23:44:01.711] [info] Core [0] Tile Stats | Issued: 43 Running: 0 Finished: 43
[2026-03-14 23:44:01.711] [info] cycle: [1240000]
[2026-03-14 23:44:01.711] [info] Core [1] Tile Stats | Issued: 43 Running: 0 Finished: 43
[2026-03-14 23:44:01.711] [info] cycle: [1240000]
[2026-03-14 23:44:01.711] [info] Core [2] Tile Stats | Issued: 43 Running: 0 Finished: 43
[2026-03-14 23:44:01.711] [info] cycle: [1240000]
[2026-03-14 23:44:01.711] [info] Tile  status /m/layers/layers.0/MambaBlock/full, instructions left 30
[2026-03-14 23:44:01.711] [info] Core [3] Tile Stats | Issued: 43 Running: 1 Finished: 42
[2026-03-14 23:44:01.711] [info] cycle: [1240000]
[2026-03-14 23:44:01.837] [info] HBM2-CH_0: BW utilization 0% (0 reads, 0 writes)
[2026-03-14 23:44:01.837] [debug] HBM2-CH_1: BW utilization 0% (0 reads, 0 writes)
[2026-03-14 23:44:01.837] [debug] HBM2-CH_2: BW utilization 0% (0 reads, 0 writes)
[2026-03-14 23:44:01.837] [debug] HBM2-CH_3: BW utilization 0% (0 reads, 0 writes)
[2026-03-14 23:44:01.837] [debug] HBM2-CH_4: BW utilization 0% (0 reads, 0 writes)
[2026-03-14 23:44:01.837] [debug] HBM2-CH_5: BW utilization 0% (0 reads, 0 writes)
[2026-03-14 23:44:01.837] [debug] HBM2-CH_6: BW utilization 0% (0 reads, 0 writes)
[2026-03-14 23:44:01.837] [debug] HBM2-CH_7: BW utilization 0% (0 reads, 0 writes)
[2026-03-14 23:44:01.837] [debug] HBM2-CH_8: BW utilization 0% (0 reads, 0 writes)
[2026-03-14 23:44:01.837] [debug] HBM2-CH_9: BW utilization 0% (0 reads, 0 writes)
[2026-03-14 23:44:01.837] [debug] HBM2-CH_10: BW utilization 0% (0 reads, 0 writes)
[2026-03-14 23:44:01.837] [debug] HBM2-CH_11: BW utilization 0% (0 reads, 0 writes)
[2026-03-14 23:44:01.837] [debug] HBM2-CH_12: BW utilization 0% (0 reads, 0 writes)
[2026-03-14 23:44:01.837] [debug] HBM2-CH_13: BW utilization 0% (0 reads, 0 writes)
[2026-03-14 23:44:01.837] [debug] HBM2-CH_14: BW utilization 0% (0 reads, 0 writes)
[2026-03-14 23:44:01.837] [debug] HBM2-CH_15: BW utilization 0% (0 reads, 0 writes)
[2026-03-14 23:44:01.847] [info] Core [0] Tile Stats | Issued: 43 Running: 0 Finished: 43
[2026-03-14 23:44:01.847] [info] cycle: [1248000]
[2026-03-14 23:44:01.847] [info] Core [1] Tile Stats | Issued: 43 Running: 0 Finished: 43
[2026-03-14 23:44:01.847] [info] cycle: [1248000]
[2026-03-14 23:44:01.847] [info] Core [2] Tile Stats | Issued: 43 Running: 0 Finished: 43
[2026-03-14 23:44:01.847] [info] cycle: [1248000]
[2026-03-14 23:44:01.847] [info] Tile  status /m/layers/layers.0/MambaBlock/full, instructions left 30
[2026-03-14 23:44:01.847] [info] Core [3] Tile Stats | Issued: 43 Running: 1 Finished: 42
[2026-03-14 23:44:01.847] [info] cycle: [1248000]
[2026-03-14 23:44:01.974] [info] HBM2-CH_0: BW utilization 0% (0 reads, 0 writes)
[2026-03-14 23:44:01.974] [debug] HBM2-CH_1: BW utilization 0% (0 reads, 0 writes)
[2026-03-14 23:44:01.974] [debug] HBM2-CH_2: BW utilization 0% (0 reads, 0 writes)
[2026-03-14 23:44:01.974] [debug] HBM2-CH_3: BW utilization 0% (0 reads, 0 writes)
[2026-03-14 23:44:01.974] [debug] HBM2-CH_4: BW utilization 0% (0 reads, 0 writes)
[2026-03-14 23:44:01.974] [debug] HBM2-CH_5: BW utilization 0% (0 reads, 0 writes)
[2026-03-14 23:44:01.974] [debug] HBM2-CH_6: BW utilization 0% (0 reads, 0 writes)
[2026-03-14 23:44:01.974] [debug] HBM2-CH_7: BW utilization 0% (0 reads, 0 writes)
[2026-03-14 23:44:01.974] [debug] HBM2-CH_8: BW utilization 0% (0 reads, 0 writes)
[2026-03-14 23:44:01.974] [debug] HBM2-CH_9: BW utilization 0% (0 reads, 0 writes)
[2026-03-14 23:44:01.974] [debug] HBM2-CH_10: BW utilization 0% (0 reads, 0 writes)
[2026-03-14 23:44:01.974] [debug] HBM2-CH_11: BW utilization 0% (0 reads, 0 writes)
[2026-03-14 23:44:01.974] [debug] HBM2-CH_12: BW utilization 0% (0 reads, 0 writes)
[2026-03-14 23:44:01.974] [debug] HBM2-CH_13: BW utilization 0% (0 reads, 0 writes)
[2026-03-14 23:44:01.974] [debug] HBM2-CH_14: BW utilization 0% (0 reads, 0 writes)
[2026-03-14 23:44:01.974] [debug] HBM2-CH_15: BW utilization 0% (0 reads, 0 writes)
[2026-03-14 23:44:01.985] [info] Core [0] Tile Stats | Issued: 43 Running: 0 Finished: 43
[2026-03-14 23:44:01.985] [info] cycle: [1256000]
[2026-03-14 23:44:01.985] [info] Core [1] Tile Stats | Issued: 43 Running: 0 Finished: 43
[2026-03-14 23:44:01.985] [info] cycle: [1256000]
[2026-03-14 23:44:01.985] [info] Core [2] Tile Stats | Issued: 43 Running: 0 Finished: 43
[2026-03-14 23:44:01.985] [info] cycle: [1256000]
[2026-03-14 23:44:01.985] [info] Tile  status /m/layers/layers.0/MambaBlock/full, instructions left 30
[2026-03-14 23:44:01.985] [info] Core [3] Tile Stats | Issued: 43 Running: 1 Finished: 42
[2026-03-14 23:44:01.985] [info] cycle: [1256000]
[2026-03-14 23:44:02.111] [info] HBM2-CH_0: BW utilization 0% (0 reads, 0 writes)
[2026-03-14 23:44:02.111] [debug] HBM2-CH_1: BW utilization 0% (0 reads, 0 writes)
[2026-03-14 23:44:02.111] [debug] HBM2-CH_2: BW utilization 0% (0 reads, 0 writes)
[2026-03-14 23:44:02.111] [debug] HBM2-CH_3: BW utilization 0% (0 reads, 0 writes)
[2026-03-14 23:44:02.111] [debug] HBM2-CH_4: BW utilization 0% (0 reads, 0 writes)
[2026-03-14 23:44:02.111] [debug] HBM2-CH_5: BW utilization 0% (0 reads, 0 writes)
[2026-03-14 23:44:02.111] [debug] HBM2-CH_6: BW utilization 0% (0 reads, 0 writes)
[2026-03-14 23:44:02.111] [debug] HBM2-CH_7: BW utilization 0% (0 reads, 0 writes)
[2026-03-14 23:44:02.111] [debug] HBM2-CH_8: BW utilization 0% (0 reads, 0 writes)
[2026-03-14 23:44:02.111] [debug] HBM2-CH_9: BW utilization 0% (0 reads, 0 writes)
[2026-03-14 23:44:02.111] [debug] HBM2-CH_10: BW utilization 0% (0 reads, 0 writes)
[2026-03-14 23:44:02.111] [debug] HBM2-CH_11: BW utilization 0% (0 reads, 0 writes)
[2026-03-14 23:44:02.111] [debug] HBM2-CH_12: BW utilization 0% (0 reads, 0 writes)
[2026-03-14 23:44:02.111] [debug] HBM2-CH_13: BW utilization 0% (0 reads, 0 writes)
[2026-03-14 23:44:02.111] [debug] HBM2-CH_14: BW utilization 0% (0 reads, 0 writes)
[2026-03-14 23:44:02.111] [debug] HBM2-CH_15: BW utilization 0% (0 reads, 0 writes)
[2026-03-14 23:44:02.121] [info] Core [0] Tile Stats | Issued: 43 Running: 0 Finished: 43
[2026-03-14 23:44:02.121] [info] cycle: [1264000]
[2026-03-14 23:44:02.121] [info] Core [1] Tile Stats | Issued: 43 Running: 0 Finished: 43
[2026-03-14 23:44:02.121] [info] cycle: [1264000]
[2026-03-14 23:44:02.121] [info] Core [2] Tile Stats | Issued: 43 Running: 0 Finished: 43
[2026-03-14 23:44:02.121] [info] cycle: [1264000]
[2026-03-14 23:44:02.121] [info] Tile  status /m/layers/layers.0/MambaBlock/full, instructions left 30
[2026-03-14 23:44:02.121] [info] Core [3] Tile Stats | Issued: 43 Running: 1 Finished: 42
[2026-03-14 23:44:02.121] [info] cycle: [1264000]
[2026-03-14 23:44:02.249] [info] HBM2-CH_0: BW utilization 0% (0 reads, 0 writes)
[2026-03-14 23:44:02.249] [debug] HBM2-CH_1: BW utilization 0% (0 reads, 0 writes)
[2026-03-14 23:44:02.249] [debug] HBM2-CH_2: BW utilization 0% (0 reads, 0 writes)
[2026-03-14 23:44:02.249] [debug] HBM2-CH_3: BW utilization 0% (0 reads, 0 writes)
[2026-03-14 23:44:02.249] [debug] HBM2-CH_4: BW utilization 0% (0 reads, 0 writes)
[2026-03-14 23:44:02.249] [debug] HBM2-CH_5: BW utilization 0% (0 reads, 0 writes)
[2026-03-14 23:44:02.249] [debug] HBM2-CH_6: BW utilization 0% (0 reads, 0 writes)
[2026-03-14 23:44:02.249] [debug] HBM2-CH_7: BW utilization 0% (0 reads, 0 writes)
[2026-03-14 23:44:02.249] [debug] HBM2-CH_8: BW utilization 0% (0 reads, 0 writes)
[2026-03-14 23:44:02.249] [debug] HBM2-CH_9: BW utilization 0% (0 reads, 0 writes)
[2026-03-14 23:44:02.249] [debug] HBM2-CH_10: BW utilization 0% (0 reads, 0 writes)
[2026-03-14 23:44:02.249] [debug] HBM2-CH_11: BW utilization 0% (0 reads, 0 writes)
[2026-03-14 23:44:02.249] [debug] HBM2-CH_12: BW utilization 0% (0 reads, 0 writes)
[2026-03-14 23:44:02.249] [debug] HBM2-CH_13: BW utilization 0% (0 reads, 0 writes)
[2026-03-14 23:44:02.249] [debug] HBM2-CH_14: BW utilization 0% (0 reads, 0 writes)
[2026-03-14 23:44:02.249] [debug] HBM2-CH_15: BW utilization 0% (0 reads, 0 writes)
[2026-03-14 23:44:02.259] [info] Core [0] Tile Stats | Issued: 43 Running: 0 Finished: 43
[2026-03-14 23:44:02.259] [info] cycle: [1272000]
[2026-03-14 23:44:02.259] [info] Core [1] Tile Stats | Issued: 43 Running: 0 Finished: 43
[2026-03-14 23:44:02.259] [info] cycle: [1272000]
[2026-03-14 23:44:02.259] [info] Core [2] Tile Stats | Issued: 43 Running: 0 Finished: 43
[2026-03-14 23:44:02.259] [info] cycle: [1272000]
[2026-03-14 23:44:02.259] [info] Tile  status /m/layers/layers.0/MambaBlock/full, instructions left 30
[2026-03-14 23:44:02.259] [info] Core [3] Tile Stats | Issued: 43 Running: 1 Finished: 42
[2026-03-14 23:44:02.259] [info] cycle: [1272000]
[2026-03-14 23:44:02.387] [info] HBM2-CH_0: BW utilization 0% (0 reads, 0 writes)
[2026-03-14 23:44:02.387] [debug] HBM2-CH_1: BW utilization 0% (0 reads, 0 writes)
[2026-03-14 23:44:02.387] [debug] HBM2-CH_2: BW utilization 0% (0 reads, 0 writes)
[2026-03-14 23:44:02.387] [debug] HBM2-CH_3: BW utilization 0% (0 reads, 0 writes)
[2026-03-14 23:44:02.387] [debug] HBM2-CH_4: BW utilization 0% (0 reads, 0 writes)
[2026-03-14 23:44:02.387] [debug] HBM2-CH_5: BW utilization 0% (0 reads, 0 writes)
[2026-03-14 23:44:02.387] [debug] HBM2-CH_6: BW utilization 0% (0 reads, 0 writes)
[2026-03-14 23:44:02.387] [debug] HBM2-CH_7: BW utilization 0% (0 reads, 0 writes)
[2026-03-14 23:44:02.387] [debug] HBM2-CH_8: BW utilization 0% (0 reads, 0 writes)
[2026-03-14 23:44:02.387] [debug] HBM2-CH_9: BW utilization 0% (0 reads, 0 writes)
[2026-03-14 23:44:02.387] [debug] HBM2-CH_10: BW utilization 0% (0 reads, 0 writes)
[2026-03-14 23:44:02.387] [debug] HBM2-CH_11: BW utilization 0% (0 reads, 0 writes)
[2026-03-14 23:44:02.387] [debug] HBM2-CH_12: BW utilization 0% (0 reads, 0 writes)
[2026-03-14 23:44:02.387] [debug] HBM2-CH_13: BW utilization 0% (0 reads, 0 writes)
[2026-03-14 23:44:02.387] [debug] HBM2-CH_14: BW utilization 0% (0 reads, 0 writes)
[2026-03-14 23:44:02.387] [debug] HBM2-CH_15: BW utilization 0% (0 reads, 0 writes)
[2026-03-14 23:44:02.397] [info] Core [0] Tile Stats | Issued: 43 Running: 0 Finished: 43
[2026-03-14 23:44:02.397] [info] cycle: [1280000]
[2026-03-14 23:44:02.397] [info] Core [1] Tile Stats | Issued: 43 Running: 0 Finished: 43
[2026-03-14 23:44:02.397] [info] cycle: [1280000]
[2026-03-14 23:44:02.397] [info] Core [2] Tile Stats | Issued: 43 Running: 0 Finished: 43
[2026-03-14 23:44:02.397] [info] cycle: [1280000]
[2026-03-14 23:44:02.397] [info] Tile  status /m/layers/layers.0/MambaBlock/full, instructions left 30
[2026-03-14 23:44:02.397] [info] Core [3] Tile Stats | Issued: 43 Running: 1 Finished: 42
[2026-03-14 23:44:02.397] [info] cycle: [1280000]
[2026-03-14 23:44:02.529] [info] HBM2-CH_0: BW utilization 0% (0 reads, 0 writes)
[2026-03-14 23:44:02.529] [debug] HBM2-CH_1: BW utilization 0% (0 reads, 0 writes)
[2026-03-14 23:44:02.529] [debug] HBM2-CH_2: BW utilization 0% (0 reads, 0 writes)
[2026-03-14 23:44:02.529] [debug] HBM2-CH_3: BW utilization 0% (0 reads, 0 writes)
[2026-03-14 23:44:02.529] [debug] HBM2-CH_4: BW utilization 0% (0 reads, 0 writes)
[2026-03-14 23:44:02.529] [debug] HBM2-CH_5: BW utilization 0% (0 reads, 0 writes)
[2026-03-14 23:44:02.529] [debug] HBM2-CH_6: BW utilization 0% (0 reads, 0 writes)
[2026-03-14 23:44:02.529] [debug] HBM2-CH_7: BW utilization 0% (0 reads, 0 writes)
[2026-03-14 23:44:02.529] [debug] HBM2-CH_8: BW utilization 0% (0 reads, 0 writes)
[2026-03-14 23:44:02.529] [debug] HBM2-CH_9: BW utilization 0% (0 reads, 0 writes)
[2026-03-14 23:44:02.529] [debug] HBM2-CH_10: BW utilization 0% (0 reads, 0 writes)
[2026-03-14 23:44:02.529] [debug] HBM2-CH_11: BW utilization 0% (0 reads, 0 writes)
[2026-03-14 23:44:02.529] [debug] HBM2-CH_12: BW utilization 0% (0 reads, 0 writes)
[2026-03-14 23:44:02.529] [debug] HBM2-CH_13: BW utilization 0% (0 reads, 0 writes)
[2026-03-14 23:44:02.529] [debug] HBM2-CH_14: BW utilization 0% (0 reads, 0 writes)
[2026-03-14 23:44:02.529] [debug] HBM2-CH_15: BW utilization 0% (0 reads, 0 writes)
[2026-03-14 23:44:02.541] [info] Core [0] Tile Stats | Issued: 43 Running: 0 Finished: 43
[2026-03-14 23:44:02.541] [info] cycle: [1288000]
[2026-03-14 23:44:02.541] [info] Core [1] Tile Stats | Issued: 43 Running: 0 Finished: 43
[2026-03-14 23:44:02.541] [info] cycle: [1288000]
[2026-03-14 23:44:02.541] [info] Core [2] Tile Stats | Issued: 43 Running: 0 Finished: 43
[2026-03-14 23:44:02.541] [info] cycle: [1288000]
[2026-03-14 23:44:02.541] [info] Tile  status /m/layers/layers.0/MambaBlock/full, instructions left 30
[2026-03-14 23:44:02.541] [info] Core [3] Tile Stats | Issued: 43 Running: 1 Finished: 42
[2026-03-14 23:44:02.541] [info] cycle: [1288000]
[2026-03-14 23:44:02.667] [info] HBM2-CH_0: BW utilization 0% (0 reads, 0 writes)
[2026-03-14 23:44:02.667] [debug] HBM2-CH_1: BW utilization 0% (0 reads, 0 writes)
[2026-03-14 23:44:02.667] [debug] HBM2-CH_2: BW utilization 0% (0 reads, 0 writes)
[2026-03-14 23:44:02.667] [debug] HBM2-CH_3: BW utilization 0% (0 reads, 0 writes)
[2026-03-14 23:44:02.667] [debug] HBM2-CH_4: BW utilization 0% (0 reads, 0 writes)
[2026-03-14 23:44:02.667] [debug] HBM2-CH_5: BW utilization 0% (0 reads, 0 writes)
[2026-03-14 23:44:02.667] [debug] HBM2-CH_6: BW utilization 0% (0 reads, 0 writes)
[2026-03-14 23:44:02.667] [debug] HBM2-CH_7: BW utilization 0% (0 reads, 0 writes)
[2026-03-14 23:44:02.667] [debug] HBM2-CH_8: BW utilization 0% (0 reads, 0 writes)
[2026-03-14 23:44:02.667] [debug] HBM2-CH_9: BW utilization 0% (0 reads, 0 writes)
[2026-03-14 23:44:02.667] [debug] HBM2-CH_10: BW utilization 0% (0 reads, 0 writes)
[2026-03-14 23:44:02.667] [debug] HBM2-CH_11: BW utilization 0% (0 reads, 0 writes)
[2026-03-14 23:44:02.667] [debug] HBM2-CH_12: BW utilization 0% (0 reads, 0 writes)
[2026-03-14 23:44:02.667] [debug] HBM2-CH_13: BW utilization 0% (0 reads, 0 writes)
[2026-03-14 23:44:02.667] [debug] HBM2-CH_14: BW utilization 0% (0 reads, 0 writes)
[2026-03-14 23:44:02.667] [debug] HBM2-CH_15: BW utilization 0% (0 reads, 0 writes)
[2026-03-14 23:44:02.678] [info] Core [0] Tile Stats | Issued: 43 Running: 0 Finished: 43
[2026-03-14 23:44:02.678] [info] cycle: [1296000]
[2026-03-14 23:44:02.678] [info] Core [1] Tile Stats | Issued: 43 Running: 0 Finished: 43
[2026-03-14 23:44:02.678] [info] cycle: [1296000]
[2026-03-14 23:44:02.678] [info] Core [2] Tile Stats | Issued: 43 Running: 0 Finished: 43
[2026-03-14 23:44:02.678] [info] cycle: [1296000]
[2026-03-14 23:44:02.678] [info] Tile  status /m/layers/layers.0/MambaBlock/full, instructions left 30
[2026-03-14 23:44:02.678] [info] Core [3] Tile Stats | Issued: 43 Running: 1 Finished: 42
[2026-03-14 23:44:02.678] [info] cycle: [1296000]
[2026-03-14 23:44:02.803] [info] HBM2-CH_0: BW utilization 0% (0 reads, 0 writes)
[2026-03-14 23:44:02.803] [debug] HBM2-CH_1: BW utilization 0% (0 reads, 0 writes)
[2026-03-14 23:44:02.803] [debug] HBM2-CH_2: BW utilization 0% (0 reads, 0 writes)
[2026-03-14 23:44:02.803] [debug] HBM2-CH_3: BW utilization 0% (0 reads, 0 writes)
[2026-03-14 23:44:02.803] [debug] HBM2-CH_4: BW utilization 0% (0 reads, 0 writes)
[2026-03-14 23:44:02.803] [debug] HBM2-CH_5: BW utilization 0% (0 reads, 0 writes)
[2026-03-14 23:44:02.803] [debug] HBM2-CH_6: BW utilization 0% (0 reads, 0 writes)
[2026-03-14 23:44:02.803] [debug] HBM2-CH_7: BW utilization 0% (0 reads, 0 writes)
[2026-03-14 23:44:02.803] [debug] HBM2-CH_8: BW utilization 0% (0 reads, 0 writes)
[2026-03-14 23:44:02.803] [debug] HBM2-CH_9: BW utilization 0% (0 reads, 0 writes)
[2026-03-14 23:44:02.803] [debug] HBM2-CH_10: BW utilization 0% (0 reads, 0 writes)
[2026-03-14 23:44:02.803] [debug] HBM2-CH_11: BW utilization 0% (0 reads, 0 writes)
[2026-03-14 23:44:02.803] [debug] HBM2-CH_12: BW utilization 0% (0 reads, 0 writes)
[2026-03-14 23:44:02.803] [debug] HBM2-CH_13: BW utilization 0% (0 reads, 0 writes)
[2026-03-14 23:44:02.803] [debug] HBM2-CH_14: BW utilization 0% (0 reads, 0 writes)
[2026-03-14 23:44:02.803] [debug] HBM2-CH_15: BW utilization 0% (0 reads, 0 writes)
[2026-03-14 23:44:02.814] [info] Core [0] Tile Stats | Issued: 43 Running: 0 Finished: 43
[2026-03-14 23:44:02.814] [info] cycle: [1304000]
[2026-03-14 23:44:02.814] [info] Core [1] Tile Stats | Issued: 43 Running: 0 Finished: 43
[2026-03-14 23:44:02.814] [info] cycle: [1304000]
[2026-03-14 23:44:02.814] [info] Core [2] Tile Stats | Issued: 43 Running: 0 Finished: 43
[2026-03-14 23:44:02.814] [info] cycle: [1304000]
[2026-03-14 23:44:02.814] [info] Tile  status /m/layers/layers.0/MambaBlock/full, instructions left 30
[2026-03-14 23:44:02.814] [info] Core [3] Tile Stats | Issued: 43 Running: 1 Finished: 42
[2026-03-14 23:44:02.814] [info] cycle: [1304000]
[2026-03-14 23:44:02.942] [info] HBM2-CH_0: BW utilization 0% (0 reads, 0 writes)
[2026-03-14 23:44:02.942] [debug] HBM2-CH_1: BW utilization 0% (0 reads, 0 writes)
[2026-03-14 23:44:02.942] [debug] HBM2-CH_2: BW utilization 0% (0 reads, 0 writes)
[2026-03-14 23:44:02.942] [debug] HBM2-CH_3: BW utilization 0% (0 reads, 0 writes)
[2026-03-14 23:44:02.942] [debug] HBM2-CH_4: BW utilization 0% (0 reads, 0 writes)
[2026-03-14 23:44:02.942] [debug] HBM2-CH_5: BW utilization 0% (0 reads, 0 writes)
[2026-03-14 23:44:02.942] [debug] HBM2-CH_6: BW utilization 0% (0 reads, 0 writes)
[2026-03-14 23:44:02.942] [debug] HBM2-CH_7: BW utilization 0% (0 reads, 0 writes)
[2026-03-14 23:44:02.942] [debug] HBM2-CH_8: BW utilization 0% (0 reads, 0 writes)
[2026-03-14 23:44:02.942] [debug] HBM2-CH_9: BW utilization 0% (0 reads, 0 writes)
[2026-03-14 23:44:02.942] [debug] HBM2-CH_10: BW utilization 0% (0 reads, 0 writes)
[2026-03-14 23:44:02.942] [debug] HBM2-CH_11: BW utilization 0% (0 reads, 0 writes)
[2026-03-14 23:44:02.942] [debug] HBM2-CH_12: BW utilization 0% (0 reads, 0 writes)
[2026-03-14 23:44:02.942] [debug] HBM2-CH_13: BW utilization 0% (0 reads, 0 writes)
[2026-03-14 23:44:02.942] [debug] HBM2-CH_14: BW utilization 0% (0 reads, 0 writes)
[2026-03-14 23:44:02.942] [debug] HBM2-CH_15: BW utilization 0% (0 reads, 0 writes)
[2026-03-14 23:44:02.952] [info] Core [0] Tile Stats | Issued: 43 Running: 0 Finished: 43
[2026-03-14 23:44:02.952] [info] cycle: [1312000]
[2026-03-14 23:44:02.952] [info] Core [1] Tile Stats | Issued: 43 Running: 0 Finished: 43
[2026-03-14 23:44:02.952] [info] cycle: [1312000]
[2026-03-14 23:44:02.952] [info] Core [2] Tile Stats | Issued: 43 Running: 0 Finished: 43
[2026-03-14 23:44:02.952] [info] cycle: [1312000]
[2026-03-14 23:44:02.952] [info] Tile  status /m/layers/layers.0/MambaBlock/full, instructions left 30
[2026-03-14 23:44:02.952] [info] Core [3] Tile Stats | Issued: 43 Running: 1 Finished: 42
[2026-03-14 23:44:02.952] [info] cycle: [1312000]
[2026-03-14 23:44:03.079] [info] HBM2-CH_0: BW utilization 0% (0 reads, 0 writes)
[2026-03-14 23:44:03.079] [debug] HBM2-CH_1: BW utilization 0% (0 reads, 0 writes)
[2026-03-14 23:44:03.079] [debug] HBM2-CH_2: BW utilization 0% (0 reads, 0 writes)
[2026-03-14 23:44:03.079] [debug] HBM2-CH_3: BW utilization 0% (0 reads, 0 writes)
[2026-03-14 23:44:03.079] [debug] HBM2-CH_4: BW utilization 0% (0 reads, 0 writes)
[2026-03-14 23:44:03.079] [debug] HBM2-CH_5: BW utilization 0% (0 reads, 0 writes)
[2026-03-14 23:44:03.079] [debug] HBM2-CH_6: BW utilization 0% (0 reads, 0 writes)
[2026-03-14 23:44:03.079] [debug] HBM2-CH_7: BW utilization 0% (0 reads, 0 writes)
[2026-03-14 23:44:03.079] [debug] HBM2-CH_8: BW utilization 0% (0 reads, 0 writes)
[2026-03-14 23:44:03.079] [debug] HBM2-CH_9: BW utilization 0% (0 reads, 0 writes)
[2026-03-14 23:44:03.079] [debug] HBM2-CH_10: BW utilization 0% (0 reads, 0 writes)
[2026-03-14 23:44:03.079] [debug] HBM2-CH_11: BW utilization 0% (0 reads, 0 writes)
[2026-03-14 23:44:03.079] [debug] HBM2-CH_12: BW utilization 0% (0 reads, 0 writes)
[2026-03-14 23:44:03.079] [debug] HBM2-CH_13: BW utilization 0% (0 reads, 0 writes)
[2026-03-14 23:44:03.079] [debug] HBM2-CH_14: BW utilization 0% (0 reads, 0 writes)
[2026-03-14 23:44:03.079] [debug] HBM2-CH_15: BW utilization 0% (0 reads, 0 writes)
[2026-03-14 23:44:03.088] [info] Core [0] Tile Stats | Issued: 43 Running: 0 Finished: 43
[2026-03-14 23:44:03.089] [info] cycle: [1320000]
[2026-03-14 23:44:03.090] [info] Core [1] Tile Stats | Issued: 43 Running: 0 Finished: 43
[2026-03-14 23:44:03.090] [info] cycle: [1320000]
[2026-03-14 23:44:03.090] [info] Core [2] Tile Stats | Issued: 43 Running: 0 Finished: 43
[2026-03-14 23:44:03.090] [info] cycle: [1320000]
[2026-03-14 23:44:03.090] [info] Tile  status /m/layers/layers.0/MambaBlock/full, instructions left 30
[2026-03-14 23:44:03.090] [info] Core [3] Tile Stats | Issued: 43 Running: 1 Finished: 42
[2026-03-14 23:44:03.090] [info] cycle: [1320000]
[2026-03-14 23:44:03.216] [info] HBM2-CH_0: BW utilization 0% (0 reads, 0 writes)
[2026-03-14 23:44:03.216] [debug] HBM2-CH_1: BW utilization 0% (0 reads, 0 writes)
[2026-03-14 23:44:03.216] [debug] HBM2-CH_2: BW utilization 0% (0 reads, 0 writes)
[2026-03-14 23:44:03.216] [debug] HBM2-CH_3: BW utilization 0% (0 reads, 0 writes)
[2026-03-14 23:44:03.216] [debug] HBM2-CH_4: BW utilization 0% (0 reads, 0 writes)
[2026-03-14 23:44:03.216] [debug] HBM2-CH_5: BW utilization 0% (0 reads, 0 writes)
[2026-03-14 23:44:03.216] [debug] HBM2-CH_6: BW utilization 0% (0 reads, 0 writes)
[2026-03-14 23:44:03.216] [debug] HBM2-CH_7: BW utilization 0% (0 reads, 0 writes)
[2026-03-14 23:44:03.216] [debug] HBM2-CH_8: BW utilization 0% (0 reads, 0 writes)
[2026-03-14 23:44:03.216] [debug] HBM2-CH_9: BW utilization 0% (0 reads, 0 writes)
[2026-03-14 23:44:03.216] [debug] HBM2-CH_10: BW utilization 0% (0 reads, 0 writes)
[2026-03-14 23:44:03.216] [debug] HBM2-CH_11: BW utilization 0% (0 reads, 0 writes)
[2026-03-14 23:44:03.216] [debug] HBM2-CH_12: BW utilization 0% (0 reads, 0 writes)
[2026-03-14 23:44:03.216] [debug] HBM2-CH_13: BW utilization 0% (0 reads, 0 writes)
[2026-03-14 23:44:03.216] [debug] HBM2-CH_14: BW utilization 0% (0 reads, 0 writes)
[2026-03-14 23:44:03.216] [debug] HBM2-CH_15: BW utilization 0% (0 reads, 0 writes)
[2026-03-14 23:44:03.227] [info] Core [0] Tile Stats | Issued: 43 Running: 0 Finished: 43
[2026-03-14 23:44:03.227] [info] cycle: [1328000]
[2026-03-14 23:44:03.227] [info] Core [1] Tile Stats | Issued: 43 Running: 0 Finished: 43
[2026-03-14 23:44:03.227] [info] cycle: [1328000]
[2026-03-14 23:44:03.227] [info] Core [2] Tile Stats | Issued: 43 Running: 0 Finished: 43
[2026-03-14 23:44:03.227] [info] cycle: [1328000]
[2026-03-14 23:44:03.227] [info] Tile  status /m/layers/layers.0/MambaBlock/full, instructions left 30
[2026-03-14 23:44:03.227] [info] Core [3] Tile Stats | Issued: 43 Running: 1 Finished: 42
[2026-03-14 23:44:03.227] [info] cycle: [1328000]
[2026-03-14 23:44:03.354] [info] HBM2-CH_0: BW utilization 0% (0 reads, 0 writes)
[2026-03-14 23:44:03.354] [debug] HBM2-CH_1: BW utilization 0% (0 reads, 0 writes)
[2026-03-14 23:44:03.354] [debug] HBM2-CH_2: BW utilization 0% (0 reads, 0 writes)
[2026-03-14 23:44:03.354] [debug] HBM2-CH_3: BW utilization 0% (0 reads, 0 writes)
[2026-03-14 23:44:03.354] [debug] HBM2-CH_4: BW utilization 0% (0 reads, 0 writes)
[2026-03-14 23:44:03.354] [debug] HBM2-CH_5: BW utilization 0% (0 reads, 0 writes)
[2026-03-14 23:44:03.354] [debug] HBM2-CH_6: BW utilization 0% (0 reads, 0 writes)
[2026-03-14 23:44:03.354] [debug] HBM2-CH_7: BW utilization 0% (0 reads, 0 writes)
[2026-03-14 23:44:03.354] [debug] HBM2-CH_8: BW utilization 0% (0 reads, 0 writes)
[2026-03-14 23:44:03.354] [debug] HBM2-CH_9: BW utilization 0% (0 reads, 0 writes)
[2026-03-14 23:44:03.354] [debug] HBM2-CH_10: BW utilization 0% (0 reads, 0 writes)
[2026-03-14 23:44:03.354] [debug] HBM2-CH_11: BW utilization 0% (0 reads, 0 writes)
[2026-03-14 23:44:03.354] [debug] HBM2-CH_12: BW utilization 0% (0 reads, 0 writes)
[2026-03-14 23:44:03.354] [debug] HBM2-CH_13: BW utilization 0% (0 reads, 0 writes)
[2026-03-14 23:44:03.354] [debug] HBM2-CH_14: BW utilization 0% (0 reads, 0 writes)
[2026-03-14 23:44:03.354] [debug] HBM2-CH_15: BW utilization 0% (0 reads, 0 writes)
[2026-03-14 23:44:03.367] [info] Core [0] Tile Stats | Issued: 43 Running: 0 Finished: 43
[2026-03-14 23:44:03.367] [info] cycle: [1336000]
[2026-03-14 23:44:03.367] [info] Core [1] Tile Stats | Issued: 43 Running: 0 Finished: 43
[2026-03-14 23:44:03.367] [info] cycle: [1336000]
[2026-03-14 23:44:03.367] [info] Core [2] Tile Stats | Issued: 43 Running: 0 Finished: 43
[2026-03-14 23:44:03.367] [info] cycle: [1336000]
[2026-03-14 23:44:03.367] [info] Tile  status /m/layers/layers.0/MambaBlock/full, instructions left 30
[2026-03-14 23:44:03.367] [info] Core [3] Tile Stats | Issued: 43 Running: 1 Finished: 42
[2026-03-14 23:44:03.367] [info] cycle: [1336000]
[2026-03-14 23:44:03.561] [info] HBM2-CH_0: BW utilization 0% (0 reads, 0 writes)
[2026-03-14 23:44:03.561] [debug] HBM2-CH_1: BW utilization 0% (0 reads, 0 writes)
[2026-03-14 23:44:03.561] [debug] HBM2-CH_2: BW utilization 0% (0 reads, 0 writes)
[2026-03-14 23:44:03.561] [debug] HBM2-CH_3: BW utilization 0% (0 reads, 0 writes)
[2026-03-14 23:44:03.561] [debug] HBM2-CH_4: BW utilization 0% (0 reads, 0 writes)
[2026-03-14 23:44:03.561] [debug] HBM2-CH_5: BW utilization 0% (0 reads, 0 writes)
[2026-03-14 23:44:03.561] [debug] HBM2-CH_6: BW utilization 0% (0 reads, 0 writes)
[2026-03-14 23:44:03.561] [debug] HBM2-CH_7: BW utilization 0% (0 reads, 0 writes)
[2026-03-14 23:44:03.561] [debug] HBM2-CH_8: BW utilization 0% (0 reads, 0 writes)
[2026-03-14 23:44:03.561] [debug] HBM2-CH_9: BW utilization 0% (0 reads, 0 writes)
[2026-03-14 23:44:03.561] [debug] HBM2-CH_10: BW utilization 0% (0 reads, 0 writes)
[2026-03-14 23:44:03.561] [debug] HBM2-CH_11: BW utilization 0% (0 reads, 0 writes)
[2026-03-14 23:44:03.561] [debug] HBM2-CH_12: BW utilization 0% (0 reads, 0 writes)
[2026-03-14 23:44:03.561] [debug] HBM2-CH_13: BW utilization 0% (0 reads, 0 writes)
[2026-03-14 23:44:03.561] [debug] HBM2-CH_14: BW utilization 0% (0 reads, 0 writes)
[2026-03-14 23:44:03.561] [debug] HBM2-CH_15: BW utilization 0% (0 reads, 0 writes)
[2026-03-14 23:44:03.574] [info] Core [0] Tile Stats | Issued: 43 Running: 0 Finished: 43
[2026-03-14 23:44:03.574] [info] cycle: [1344000]
[2026-03-14 23:44:03.574] [info] Core [1] Tile Stats | Issued: 43 Running: 0 Finished: 43
[2026-03-14 23:44:03.574] [info] cycle: [1344000]
[2026-03-14 23:44:03.574] [info] Core [2] Tile Stats | Issued: 43 Running: 0 Finished: 43
[2026-03-14 23:44:03.574] [info] cycle: [1344000]
[2026-03-14 23:44:03.574] [info] Tile  status /m/layers/layers.0/MambaBlock/full, instructions left 30
[2026-03-14 23:44:03.574] [info] Core [3] Tile Stats | Issued: 43 Running: 1 Finished: 42
[2026-03-14 23:44:03.574] [info] cycle: [1344000]
[2026-03-14 23:44:03.731] [info] HBM2-CH_0: BW utilization 0% (0 reads, 0 writes)
[2026-03-14 23:44:03.731] [debug] HBM2-CH_1: BW utilization 0% (0 reads, 0 writes)
[2026-03-14 23:44:03.731] [debug] HBM2-CH_2: BW utilization 0% (0 reads, 0 writes)
[2026-03-14 23:44:03.731] [debug] HBM2-CH_3: BW utilization 0% (0 reads, 0 writes)
[2026-03-14 23:44:03.731] [debug] HBM2-CH_4: BW utilization 0% (0 reads, 0 writes)
[2026-03-14 23:44:03.731] [debug] HBM2-CH_5: BW utilization 0% (0 reads, 0 writes)
[2026-03-14 23:44:03.731] [debug] HBM2-CH_6: BW utilization 0% (0 reads, 0 writes)
[2026-03-14 23:44:03.731] [debug] HBM2-CH_7: BW utilization 0% (0 reads, 0 writes)
[2026-03-14 23:44:03.731] [debug] HBM2-CH_8: BW utilization 0% (0 reads, 0 writes)
[2026-03-14 23:44:03.731] [debug] HBM2-CH_9: BW utilization 0% (0 reads, 0 writes)
[2026-03-14 23:44:03.731] [debug] HBM2-CH_10: BW utilization 0% (0 reads, 0 writes)
[2026-03-14 23:44:03.731] [debug] HBM2-CH_11: BW utilization 0% (0 reads, 0 writes)
[2026-03-14 23:44:03.731] [debug] HBM2-CH_12: BW utilization 0% (0 reads, 0 writes)
[2026-03-14 23:44:03.731] [debug] HBM2-CH_13: BW utilization 0% (0 reads, 0 writes)
[2026-03-14 23:44:03.731] [debug] HBM2-CH_14: BW utilization 0% (0 reads, 0 writes)
[2026-03-14 23:44:03.731] [debug] HBM2-CH_15: BW utilization 0% (0 reads, 0 writes)
[2026-03-14 23:44:03.742] [info] Core [0] Tile Stats | Issued: 43 Running: 0 Finished: 43
[2026-03-14 23:44:03.742] [info] cycle: [1352000]
[2026-03-14 23:44:03.742] [info] Core [1] Tile Stats | Issued: 43 Running: 0 Finished: 43
[2026-03-14 23:44:03.742] [info] cycle: [1352000]
[2026-03-14 23:44:03.742] [info] Core [2] Tile Stats | Issued: 43 Running: 0 Finished: 43
[2026-03-14 23:44:03.742] [info] cycle: [1352000]
[2026-03-14 23:44:03.742] [info] Tile  status /m/layers/layers.0/MambaBlock/full, instructions left 30
[2026-03-14 23:44:03.742] [info] Core [3] Tile Stats | Issued: 43 Running: 1 Finished: 42
[2026-03-14 23:44:03.742] [info] cycle: [1352000]
[2026-03-14 23:44:03.867] [info] HBM2-CH_0: BW utilization 0% (0 reads, 0 writes)
[2026-03-14 23:44:03.867] [debug] HBM2-CH_1: BW utilization 0% (0 reads, 0 writes)
[2026-03-14 23:44:03.867] [debug] HBM2-CH_2: BW utilization 0% (0 reads, 0 writes)
[2026-03-14 23:44:03.867] [debug] HBM2-CH_3: BW utilization 0% (0 reads, 0 writes)
[2026-03-14 23:44:03.867] [debug] HBM2-CH_4: BW utilization 0% (0 reads, 0 writes)
[2026-03-14 23:44:03.867] [debug] HBM2-CH_5: BW utilization 0% (0 reads, 0 writes)
[2026-03-14 23:44:03.867] [debug] HBM2-CH_6: BW utilization 0% (0 reads, 0 writes)
[2026-03-14 23:44:03.867] [debug] HBM2-CH_7: BW utilization 0% (0 reads, 0 writes)
[2026-03-14 23:44:03.867] [debug] HBM2-CH_8: BW utilization 0% (0 reads, 0 writes)
[2026-03-14 23:44:03.867] [debug] HBM2-CH_9: BW utilization 0% (0 reads, 0 writes)
[2026-03-14 23:44:03.867] [debug] HBM2-CH_10: BW utilization 0% (0 reads, 0 writes)
[2026-03-14 23:44:03.867] [debug] HBM2-CH_11: BW utilization 0% (0 reads, 0 writes)
[2026-03-14 23:44:03.867] [debug] HBM2-CH_12: BW utilization 0% (0 reads, 0 writes)
[2026-03-14 23:44:03.867] [debug] HBM2-CH_13: BW utilization 0% (0 reads, 0 writes)
[2026-03-14 23:44:03.867] [debug] HBM2-CH_14: BW utilization 0% (0 reads, 0 writes)
[2026-03-14 23:44:03.867] [debug] HBM2-CH_15: BW utilization 0% (0 reads, 0 writes)
[2026-03-14 23:44:03.879] [info] Core [0] Tile Stats | Issued: 43 Running: 0 Finished: 43
[2026-03-14 23:44:03.879] [info] cycle: [1360000]
[2026-03-14 23:44:03.879] [info] Core [1] Tile Stats | Issued: 43 Running: 0 Finished: 43
[2026-03-14 23:44:03.879] [info] cycle: [1360000]
[2026-03-14 23:44:03.879] [info] Core [2] Tile Stats | Issued: 43 Running: 0 Finished: 43
[2026-03-14 23:44:03.879] [info] cycle: [1360000]
[2026-03-14 23:44:03.879] [info] Tile  status /m/layers/layers.0/MambaBlock/full, instructions left 30
[2026-03-14 23:44:03.879] [info] Core [3] Tile Stats | Issued: 43 Running: 1 Finished: 42
[2026-03-14 23:44:03.879] [info] cycle: [1360000]
[2026-03-14 23:44:04.010] [info] HBM2-CH_0: BW utilization 0% (0 reads, 0 writes)
[2026-03-14 23:44:04.010] [debug] HBM2-CH_1: BW utilization 0% (0 reads, 0 writes)
[2026-03-14 23:44:04.010] [debug] HBM2-CH_2: BW utilization 0% (0 reads, 0 writes)
[2026-03-14 23:44:04.010] [debug] HBM2-CH_3: BW utilization 0% (0 reads, 0 writes)
[2026-03-14 23:44:04.010] [debug] HBM2-CH_4: BW utilization 0% (0 reads, 0 writes)
[2026-03-14 23:44:04.010] [debug] HBM2-CH_5: BW utilization 0% (0 reads, 0 writes)
[2026-03-14 23:44:04.010] [debug] HBM2-CH_6: BW utilization 0% (0 reads, 0 writes)
[2026-03-14 23:44:04.010] [debug] HBM2-CH_7: BW utilization 0% (0 reads, 0 writes)
[2026-03-14 23:44:04.010] [debug] HBM2-CH_8: BW utilization 0% (0 reads, 0 writes)
[2026-03-14 23:44:04.010] [debug] HBM2-CH_9: BW utilization 0% (0 reads, 0 writes)
[2026-03-14 23:44:04.010] [debug] HBM2-CH_10: BW utilization 0% (0 reads, 0 writes)
[2026-03-14 23:44:04.010] [debug] HBM2-CH_11: BW utilization 0% (0 reads, 0 writes)
[2026-03-14 23:44:04.010] [debug] HBM2-CH_12: BW utilization 0% (0 reads, 0 writes)
[2026-03-14 23:44:04.010] [debug] HBM2-CH_13: BW utilization 0% (0 reads, 0 writes)
[2026-03-14 23:44:04.010] [debug] HBM2-CH_14: BW utilization 0% (0 reads, 0 writes)
[2026-03-14 23:44:04.010] [debug] HBM2-CH_15: BW utilization 0% (0 reads, 0 writes)
[2026-03-14 23:44:04.021] [info] Core [0] Tile Stats | Issued: 43 Running: 0 Finished: 43
[2026-03-14 23:44:04.021] [info] cycle: [1368000]
[2026-03-14 23:44:04.021] [info] Core [1] Tile Stats | Issued: 43 Running: 0 Finished: 43
[2026-03-14 23:44:04.021] [info] cycle: [1368000]
[2026-03-14 23:44:04.021] [info] Core [2] Tile Stats | Issued: 43 Running: 0 Finished: 43
[2026-03-14 23:44:04.021] [info] cycle: [1368000]
[2026-03-14 23:44:04.021] [info] Tile  status /m/layers/layers.0/MambaBlock/full, instructions left 30
[2026-03-14 23:44:04.021] [info] Core [3] Tile Stats | Issued: 43 Running: 1 Finished: 42
[2026-03-14 23:44:04.021] [info] cycle: [1368000]
[2026-03-14 23:44:04.150] [info] HBM2-CH_0: BW utilization 0% (0 reads, 0 writes)
[2026-03-14 23:44:04.150] [debug] HBM2-CH_1: BW utilization 0% (0 reads, 0 writes)
[2026-03-14 23:44:04.150] [debug] HBM2-CH_2: BW utilization 0% (0 reads, 0 writes)
[2026-03-14 23:44:04.150] [debug] HBM2-CH_3: BW utilization 0% (0 reads, 0 writes)
[2026-03-14 23:44:04.150] [debug] HBM2-CH_4: BW utilization 0% (0 reads, 0 writes)
[2026-03-14 23:44:04.150] [debug] HBM2-CH_5: BW utilization 0% (0 reads, 0 writes)
[2026-03-14 23:44:04.150] [debug] HBM2-CH_6: BW utilization 0% (0 reads, 0 writes)
[2026-03-14 23:44:04.150] [debug] HBM2-CH_7: BW utilization 0% (0 reads, 0 writes)
[2026-03-14 23:44:04.150] [debug] HBM2-CH_8: BW utilization 0% (0 reads, 0 writes)
[2026-03-14 23:44:04.150] [debug] HBM2-CH_9: BW utilization 0% (0 reads, 0 writes)
[2026-03-14 23:44:04.150] [debug] HBM2-CH_10: BW utilization 0% (0 reads, 0 writes)
[2026-03-14 23:44:04.150] [debug] HBM2-CH_11: BW utilization 0% (0 reads, 0 writes)
[2026-03-14 23:44:04.150] [debug] HBM2-CH_12: BW utilization 0% (0 reads, 0 writes)
[2026-03-14 23:44:04.150] [debug] HBM2-CH_13: BW utilization 0% (0 reads, 0 writes)
[2026-03-14 23:44:04.150] [debug] HBM2-CH_14: BW utilization 0% (0 reads, 0 writes)
[2026-03-14 23:44:04.150] [debug] HBM2-CH_15: BW utilization 0% (0 reads, 0 writes)
[2026-03-14 23:44:04.164] [info] Core [0] Tile Stats | Issued: 43 Running: 0 Finished: 43
[2026-03-14 23:44:04.164] [info] cycle: [1376000]
[2026-03-14 23:44:04.164] [info] Core [1] Tile Stats | Issued: 43 Running: 0 Finished: 43
[2026-03-14 23:44:04.164] [info] cycle: [1376000]
[2026-03-14 23:44:04.164] [info] Core [2] Tile Stats | Issued: 43 Running: 0 Finished: 43
[2026-03-14 23:44:04.164] [info] cycle: [1376000]
[2026-03-14 23:44:04.164] [info] Tile  status /m/layers/layers.0/MambaBlock/full, instructions left 30
[2026-03-14 23:44:04.164] [info] Core [3] Tile Stats | Issued: 43 Running: 1 Finished: 42
[2026-03-14 23:44:04.164] [info] cycle: [1376000]
[2026-03-14 23:44:04.294] [info] HBM2-CH_0: BW utilization 0% (0 reads, 0 writes)
[2026-03-14 23:44:04.294] [debug] HBM2-CH_1: BW utilization 0% (0 reads, 0 writes)
[2026-03-14 23:44:04.294] [debug] HBM2-CH_2: BW utilization 0% (0 reads, 0 writes)
[2026-03-14 23:44:04.294] [debug] HBM2-CH_3: BW utilization 0% (0 reads, 0 writes)
[2026-03-14 23:44:04.294] [debug] HBM2-CH_4: BW utilization 0% (0 reads, 0 writes)
[2026-03-14 23:44:04.294] [debug] HBM2-CH_5: BW utilization 0% (0 reads, 0 writes)
[2026-03-14 23:44:04.294] [debug] HBM2-CH_6: BW utilization 0% (0 reads, 0 writes)
[2026-03-14 23:44:04.294] [debug] HBM2-CH_7: BW utilization 0% (0 reads, 0 writes)
[2026-03-14 23:44:04.294] [debug] HBM2-CH_8: BW utilization 0% (0 reads, 0 writes)
[2026-03-14 23:44:04.294] [debug] HBM2-CH_9: BW utilization 0% (0 reads, 0 writes)
[2026-03-14 23:44:04.294] [debug] HBM2-CH_10: BW utilization 0% (0 reads, 0 writes)
[2026-03-14 23:44:04.294] [debug] HBM2-CH_11: BW utilization 0% (0 reads, 0 writes)
[2026-03-14 23:44:04.294] [debug] HBM2-CH_12: BW utilization 0% (0 reads, 0 writes)
[2026-03-14 23:44:04.294] [debug] HBM2-CH_13: BW utilization 0% (0 reads, 0 writes)
[2026-03-14 23:44:04.294] [debug] HBM2-CH_14: BW utilization 0% (0 reads, 0 writes)
[2026-03-14 23:44:04.294] [debug] HBM2-CH_15: BW utilization 0% (0 reads, 0 writes)
[2026-03-14 23:44:04.306] [info] Core [0] Tile Stats | Issued: 43 Running: 0 Finished: 43
[2026-03-14 23:44:04.306] [info] cycle: [1384000]
[2026-03-14 23:44:04.306] [info] Core [1] Tile Stats | Issued: 43 Running: 0 Finished: 43
[2026-03-14 23:44:04.306] [info] cycle: [1384000]
[2026-03-14 23:44:04.306] [info] Core [2] Tile Stats | Issued: 43 Running: 0 Finished: 43
[2026-03-14 23:44:04.306] [info] cycle: [1384000]
[2026-03-14 23:44:04.306] [info] Tile  status /m/layers/layers.0/MambaBlock/full, instructions left 30
[2026-03-14 23:44:04.306] [info] Core [3] Tile Stats | Issued: 43 Running: 1 Finished: 42
[2026-03-14 23:44:04.306] [info] cycle: [1384000]
[2026-03-14 23:44:04.443] [info] HBM2-CH_0: BW utilization 0% (0 reads, 0 writes)
[2026-03-14 23:44:04.443] [debug] HBM2-CH_1: BW utilization 0% (0 reads, 0 writes)
[2026-03-14 23:44:04.443] [debug] HBM2-CH_2: BW utilization 0% (0 reads, 0 writes)
[2026-03-14 23:44:04.443] [debug] HBM2-CH_3: BW utilization 0% (0 reads, 0 writes)
[2026-03-14 23:44:04.443] [debug] HBM2-CH_4: BW utilization 0% (0 reads, 0 writes)
[2026-03-14 23:44:04.443] [debug] HBM2-CH_5: BW utilization 0% (0 reads, 0 writes)
[2026-03-14 23:44:04.443] [debug] HBM2-CH_6: BW utilization 0% (0 reads, 0 writes)
[2026-03-14 23:44:04.443] [debug] HBM2-CH_7: BW utilization 0% (0 reads, 0 writes)
[2026-03-14 23:44:04.443] [debug] HBM2-CH_8: BW utilization 0% (0 reads, 0 writes)
[2026-03-14 23:44:04.443] [debug] HBM2-CH_9: BW utilization 0% (0 reads, 0 writes)
[2026-03-14 23:44:04.443] [debug] HBM2-CH_10: BW utilization 0% (0 reads, 0 writes)
[2026-03-14 23:44:04.443] [debug] HBM2-CH_11: BW utilization 0% (0 reads, 0 writes)
[2026-03-14 23:44:04.443] [debug] HBM2-CH_12: BW utilization 0% (0 reads, 0 writes)
[2026-03-14 23:44:04.443] [debug] HBM2-CH_13: BW utilization 0% (0 reads, 0 writes)
[2026-03-14 23:44:04.443] [debug] HBM2-CH_14: BW utilization 0% (0 reads, 0 writes)
[2026-03-14 23:44:04.443] [debug] HBM2-CH_15: BW utilization 0% (0 reads, 0 writes)
[2026-03-14 23:44:04.454] [info] Core [0] Tile Stats | Issued: 43 Running: 0 Finished: 43
[2026-03-14 23:44:04.454] [info] cycle: [1392000]
[2026-03-14 23:44:04.454] [info] Core [1] Tile Stats | Issued: 43 Running: 0 Finished: 43
[2026-03-14 23:44:04.454] [info] cycle: [1392000]
[2026-03-14 23:44:04.454] [info] Core [2] Tile Stats | Issued: 43 Running: 0 Finished: 43
[2026-03-14 23:44:04.454] [info] cycle: [1392000]
[2026-03-14 23:44:04.454] [info] Tile  status /m/layers/layers.0/MambaBlock/full, instructions left 30
[2026-03-14 23:44:04.454] [info] Core [3] Tile Stats | Issued: 43 Running: 1 Finished: 42
[2026-03-14 23:44:04.454] [info] cycle: [1392000]
[2026-03-14 23:44:04.582] [info] HBM2-CH_0: BW utilization 0% (0 reads, 0 writes)
[2026-03-14 23:44:04.582] [debug] HBM2-CH_1: BW utilization 0% (0 reads, 0 writes)
[2026-03-14 23:44:04.582] [debug] HBM2-CH_2: BW utilization 0% (0 reads, 0 writes)
[2026-03-14 23:44:04.582] [debug] HBM2-CH_3: BW utilization 0% (0 reads, 0 writes)
[2026-03-14 23:44:04.582] [debug] HBM2-CH_4: BW utilization 0% (0 reads, 0 writes)
[2026-03-14 23:44:04.582] [debug] HBM2-CH_5: BW utilization 0% (0 reads, 0 writes)
[2026-03-14 23:44:04.582] [debug] HBM2-CH_6: BW utilization 0% (0 reads, 0 writes)
[2026-03-14 23:44:04.582] [debug] HBM2-CH_7: BW utilization 0% (0 reads, 0 writes)
[2026-03-14 23:44:04.582] [debug] HBM2-CH_8: BW utilization 0% (0 reads, 0 writes)
[2026-03-14 23:44:04.582] [debug] HBM2-CH_9: BW utilization 0% (0 reads, 0 writes)
[2026-03-14 23:44:04.582] [debug] HBM2-CH_10: BW utilization 0% (0 reads, 0 writes)
[2026-03-14 23:44:04.582] [debug] HBM2-CH_11: BW utilization 0% (0 reads, 0 writes)
[2026-03-14 23:44:04.582] [debug] HBM2-CH_12: BW utilization 0% (0 reads, 0 writes)
[2026-03-14 23:44:04.582] [debug] HBM2-CH_13: BW utilization 0% (0 reads, 0 writes)
[2026-03-14 23:44:04.583] [debug] HBM2-CH_14: BW utilization 0% (0 reads, 0 writes)
[2026-03-14 23:44:04.583] [debug] HBM2-CH_15: BW utilization 0% (0 reads, 0 writes)
[2026-03-14 23:44:04.595] [info] Core [0] Tile Stats | Issued: 43 Running: 0 Finished: 43
[2026-03-14 23:44:04.595] [info] cycle: [1400000]
[2026-03-14 23:44:04.595] [info] Core [1] Tile Stats | Issued: 43 Running: 0 Finished: 43
[2026-03-14 23:44:04.595] [info] cycle: [1400000]
[2026-03-14 23:44:04.595] [info] Core [2] Tile Stats | Issued: 43 Running: 0 Finished: 43
[2026-03-14 23:44:04.595] [info] cycle: [1400000]
[2026-03-14 23:44:04.595] [info] Tile  status /m/layers/layers.0/MambaBlock/full, instructions left 30
[2026-03-14 23:44:04.595] [info] Core [3] Tile Stats | Issued: 43 Running: 1 Finished: 42
[2026-03-14 23:44:04.595] [info] cycle: [1400000]
[2026-03-14 23:44:04.720] [info] HBM2-CH_0: BW utilization 0% (0 reads, 0 writes)
[2026-03-14 23:44:04.720] [debug] HBM2-CH_1: BW utilization 0% (0 reads, 0 writes)
[2026-03-14 23:44:04.720] [debug] HBM2-CH_2: BW utilization 0% (0 reads, 0 writes)
[2026-03-14 23:44:04.720] [debug] HBM2-CH_3: BW utilization 0% (0 reads, 0 writes)
[2026-03-14 23:44:04.720] [debug] HBM2-CH_4: BW utilization 0% (0 reads, 0 writes)
[2026-03-14 23:44:04.720] [debug] HBM2-CH_5: BW utilization 0% (0 reads, 0 writes)
[2026-03-14 23:44:04.720] [debug] HBM2-CH_6: BW utilization 0% (0 reads, 0 writes)
[2026-03-14 23:44:04.720] [debug] HBM2-CH_7: BW utilization 0% (0 reads, 0 writes)
[2026-03-14 23:44:04.720] [debug] HBM2-CH_8: BW utilization 0% (0 reads, 0 writes)
[2026-03-14 23:44:04.720] [debug] HBM2-CH_9: BW utilization 0% (0 reads, 0 writes)
[2026-03-14 23:44:04.720] [debug] HBM2-CH_10: BW utilization 0% (0 reads, 0 writes)
[2026-03-14 23:44:04.720] [debug] HBM2-CH_11: BW utilization 0% (0 reads, 0 writes)
[2026-03-14 23:44:04.720] [debug] HBM2-CH_12: BW utilization 0% (0 reads, 0 writes)
[2026-03-14 23:44:04.720] [debug] HBM2-CH_13: BW utilization 0% (0 reads, 0 writes)
[2026-03-14 23:44:04.720] [debug] HBM2-CH_14: BW utilization 0% (0 reads, 0 writes)
[2026-03-14 23:44:04.720] [debug] HBM2-CH_15: BW utilization 0% (0 reads, 0 writes)
[2026-03-14 23:44:04.732] [info] Core [0] Tile Stats | Issued: 43 Running: 0 Finished: 43
[2026-03-14 23:44:04.732] [info] cycle: [1408000]
[2026-03-14 23:44:04.732] [info] Core [1] Tile Stats | Issued: 43 Running: 0 Finished: 43
[2026-03-14 23:44:04.732] [info] cycle: [1408000]
[2026-03-14 23:44:04.732] [info] Core [2] Tile Stats | Issued: 43 Running: 0 Finished: 43
[2026-03-14 23:44:04.732] [info] cycle: [1408000]
[2026-03-14 23:44:04.732] [info] Tile  status /m/layers/layers.0/MambaBlock/full, instructions left 30
[2026-03-14 23:44:04.732] [info] Core [3] Tile Stats | Issued: 43 Running: 1 Finished: 42
[2026-03-14 23:44:04.732] [info] cycle: [1408000]
[2026-03-14 23:44:04.859] [info] HBM2-CH_0: BW utilization 0% (0 reads, 0 writes)
[2026-03-14 23:44:04.859] [debug] HBM2-CH_1: BW utilization 0% (0 reads, 0 writes)
[2026-03-14 23:44:04.859] [debug] HBM2-CH_2: BW utilization 0% (0 reads, 0 writes)
[2026-03-14 23:44:04.859] [debug] HBM2-CH_3: BW utilization 0% (0 reads, 0 writes)
[2026-03-14 23:44:04.859] [debug] HBM2-CH_4: BW utilization 0% (0 reads, 0 writes)
[2026-03-14 23:44:04.859] [debug] HBM2-CH_5: BW utilization 0% (0 reads, 0 writes)
[2026-03-14 23:44:04.859] [debug] HBM2-CH_6: BW utilization 0% (0 reads, 0 writes)
[2026-03-14 23:44:04.859] [debug] HBM2-CH_7: BW utilization 0% (0 reads, 0 writes)
[2026-03-14 23:44:04.859] [debug] HBM2-CH_8: BW utilization 0% (0 reads, 0 writes)
[2026-03-14 23:44:04.859] [debug] HBM2-CH_9: BW utilization 0% (0 reads, 0 writes)
[2026-03-14 23:44:04.859] [debug] HBM2-CH_10: BW utilization 0% (0 reads, 0 writes)
[2026-03-14 23:44:04.859] [debug] HBM2-CH_11: BW utilization 0% (0 reads, 0 writes)
[2026-03-14 23:44:04.859] [debug] HBM2-CH_12: BW utilization 0% (0 reads, 0 writes)
[2026-03-14 23:44:04.859] [debug] HBM2-CH_13: BW utilization 0% (0 reads, 0 writes)
[2026-03-14 23:44:04.859] [debug] HBM2-CH_14: BW utilization 0% (0 reads, 0 writes)
[2026-03-14 23:44:04.859] [debug] HBM2-CH_15: BW utilization 0% (0 reads, 0 writes)
[2026-03-14 23:44:04.871] [info] Core [0] Tile Stats | Issued: 43 Running: 0 Finished: 43
[2026-03-14 23:44:04.871] [info] cycle: [1416000]
[2026-03-14 23:44:04.871] [info] Core [1] Tile Stats | Issued: 43 Running: 0 Finished: 43
[2026-03-14 23:44:04.871] [info] cycle: [1416000]
[2026-03-14 23:44:04.871] [info] Core [2] Tile Stats | Issued: 43 Running: 0 Finished: 43
[2026-03-14 23:44:04.871] [info] cycle: [1416000]
[2026-03-14 23:44:04.871] [info] Tile  status /m/layers/layers.0/MambaBlock/full, instructions left 30
[2026-03-14 23:44:04.871] [info] Core [3] Tile Stats | Issued: 43 Running: 1 Finished: 42
[2026-03-14 23:44:04.871] [info] cycle: [1416000]
[2026-03-14 23:44:05.035] [info] HBM2-CH_0: BW utilization 0% (0 reads, 0 writes)
[2026-03-14 23:44:05.035] [debug] HBM2-CH_1: BW utilization 0% (0 reads, 0 writes)
[2026-03-14 23:44:05.035] [debug] HBM2-CH_2: BW utilization 0% (0 reads, 0 writes)
[2026-03-14 23:44:05.035] [debug] HBM2-CH_3: BW utilization 0% (0 reads, 0 writes)
[2026-03-14 23:44:05.035] [debug] HBM2-CH_4: BW utilization 0% (0 reads, 0 writes)
[2026-03-14 23:44:05.035] [debug] HBM2-CH_5: BW utilization 0% (0 reads, 0 writes)
[2026-03-14 23:44:05.035] [debug] HBM2-CH_6: BW utilization 0% (0 reads, 0 writes)
[2026-03-14 23:44:05.035] [debug] HBM2-CH_7: BW utilization 0% (0 reads, 0 writes)
[2026-03-14 23:44:05.035] [debug] HBM2-CH_8: BW utilization 0% (0 reads, 0 writes)
[2026-03-14 23:44:05.035] [debug] HBM2-CH_9: BW utilization 0% (0 reads, 0 writes)
[2026-03-14 23:44:05.035] [debug] HBM2-CH_10: BW utilization 0% (0 reads, 0 writes)
[2026-03-14 23:44:05.035] [debug] HBM2-CH_11: BW utilization 0% (0 reads, 0 writes)
[2026-03-14 23:44:05.035] [debug] HBM2-CH_12: BW utilization 0% (0 reads, 0 writes)
[2026-03-14 23:44:05.035] [debug] HBM2-CH_13: BW utilization 0% (0 reads, 0 writes)
[2026-03-14 23:44:05.035] [debug] HBM2-CH_14: BW utilization 0% (0 reads, 0 writes)
[2026-03-14 23:44:05.035] [debug] HBM2-CH_15: BW utilization 0% (0 reads, 0 writes)
[2026-03-14 23:44:05.050] [info] Core [0] Tile Stats | Issued: 43 Running: 0 Finished: 43
[2026-03-14 23:44:05.050] [info] cycle: [1424000]
[2026-03-14 23:44:05.050] [info] Core [1] Tile Stats | Issued: 43 Running: 0 Finished: 43
[2026-03-14 23:44:05.050] [info] cycle: [1424000]
[2026-03-14 23:44:05.050] [info] Core [2] Tile Stats | Issued: 43 Running: 0 Finished: 43
[2026-03-14 23:44:05.050] [info] cycle: [1424000]
[2026-03-14 23:44:05.050] [info] Tile  status /m/layers/layers.0/MambaBlock/full, instructions left 30
[2026-03-14 23:44:05.050] [info] Core [3] Tile Stats | Issued: 43 Running: 1 Finished: 42
[2026-03-14 23:44:05.050] [info] cycle: [1424000]
[2026-03-14 23:44:05.231] [info] HBM2-CH_0: BW utilization 0% (0 reads, 0 writes)
[2026-03-14 23:44:05.231] [debug] HBM2-CH_1: BW utilization 0% (0 reads, 0 writes)
[2026-03-14 23:44:05.231] [debug] HBM2-CH_2: BW utilization 0% (0 reads, 0 writes)
[2026-03-14 23:44:05.231] [debug] HBM2-CH_3: BW utilization 0% (0 reads, 0 writes)
[2026-03-14 23:44:05.231] [debug] HBM2-CH_4: BW utilization 0% (0 reads, 0 writes)
[2026-03-14 23:44:05.231] [debug] HBM2-CH_5: BW utilization 0% (0 reads, 0 writes)
[2026-03-14 23:44:05.231] [debug] HBM2-CH_6: BW utilization 0% (0 reads, 0 writes)
[2026-03-14 23:44:05.231] [debug] HBM2-CH_7: BW utilization 0% (0 reads, 0 writes)
[2026-03-14 23:44:05.231] [debug] HBM2-CH_8: BW utilization 0% (0 reads, 0 writes)
[2026-03-14 23:44:05.231] [debug] HBM2-CH_9: BW utilization 0% (0 reads, 0 writes)
[2026-03-14 23:44:05.231] [debug] HBM2-CH_10: BW utilization 0% (0 reads, 0 writes)
[2026-03-14 23:44:05.231] [debug] HBM2-CH_11: BW utilization 0% (0 reads, 0 writes)
[2026-03-14 23:44:05.231] [debug] HBM2-CH_12: BW utilization 0% (0 reads, 0 writes)
[2026-03-14 23:44:05.231] [debug] HBM2-CH_13: BW utilization 0% (0 reads, 0 writes)
[2026-03-14 23:44:05.231] [debug] HBM2-CH_14: BW utilization 0% (0 reads, 0 writes)
[2026-03-14 23:44:05.231] [debug] HBM2-CH_15: BW utilization 0% (0 reads, 0 writes)
[2026-03-14 23:44:05.242] [info] Core [0] Tile Stats | Issued: 43 Running: 0 Finished: 43
[2026-03-14 23:44:05.242] [info] cycle: [1432000]
[2026-03-14 23:44:05.242] [info] Core [1] Tile Stats | Issued: 43 Running: 0 Finished: 43
[2026-03-14 23:44:05.242] [info] cycle: [1432000]
[2026-03-14 23:44:05.242] [info] Core [2] Tile Stats | Issued: 43 Running: 0 Finished: 43
[2026-03-14 23:44:05.242] [info] cycle: [1432000]
[2026-03-14 23:44:05.242] [info] Tile  status /m/layers/layers.0/MambaBlock/full, instructions left 30
[2026-03-14 23:44:05.242] [info] Core [3] Tile Stats | Issued: 43 Running: 1 Finished: 42
[2026-03-14 23:44:05.242] [info] cycle: [1432000]
[2026-03-14 23:44:05.430] [info] HBM2-CH_0: BW utilization 0% (0 reads, 0 writes)
[2026-03-14 23:44:05.430] [debug] HBM2-CH_1: BW utilization 0% (0 reads, 0 writes)
[2026-03-14 23:44:05.430] [debug] HBM2-CH_2: BW utilization 0% (0 reads, 0 writes)
[2026-03-14 23:44:05.430] [debug] HBM2-CH_3: BW utilization 0% (0 reads, 0 writes)
[2026-03-14 23:44:05.430] [debug] HBM2-CH_4: BW utilization 0% (0 reads, 0 writes)
[2026-03-14 23:44:05.430] [debug] HBM2-CH_5: BW utilization 0% (0 reads, 0 writes)
[2026-03-14 23:44:05.430] [debug] HBM2-CH_6: BW utilization 0% (0 reads, 0 writes)
[2026-03-14 23:44:05.430] [debug] HBM2-CH_7: BW utilization 0% (0 reads, 0 writes)
[2026-03-14 23:44:05.430] [debug] HBM2-CH_8: BW utilization 0% (0 reads, 0 writes)
[2026-03-14 23:44:05.430] [debug] HBM2-CH_9: BW utilization 0% (0 reads, 0 writes)
[2026-03-14 23:44:05.430] [debug] HBM2-CH_10: BW utilization 0% (0 reads, 0 writes)
[2026-03-14 23:44:05.430] [debug] HBM2-CH_11: BW utilization 0% (0 reads, 0 writes)
[2026-03-14 23:44:05.430] [debug] HBM2-CH_12: BW utilization 0% (0 reads, 0 writes)
[2026-03-14 23:44:05.430] [debug] HBM2-CH_13: BW utilization 0% (0 reads, 0 writes)
[2026-03-14 23:44:05.430] [debug] HBM2-CH_14: BW utilization 0% (0 reads, 0 writes)
[2026-03-14 23:44:05.430] [debug] HBM2-CH_15: BW utilization 0% (0 reads, 0 writes)
[2026-03-14 23:44:05.443] [info] Core [0] Tile Stats | Issued: 43 Running: 0 Finished: 43
[2026-03-14 23:44:05.443] [info] cycle: [1440000]
[2026-03-14 23:44:05.443] [info] Core [1] Tile Stats | Issued: 43 Running: 0 Finished: 43
[2026-03-14 23:44:05.443] [info] cycle: [1440000]
[2026-03-14 23:44:05.443] [info] Core [2] Tile Stats | Issued: 43 Running: 0 Finished: 43
[2026-03-14 23:44:05.443] [info] cycle: [1440000]
[2026-03-14 23:44:05.443] [info] Tile  status /m/layers/layers.0/MambaBlock/full, instructions left 30
[2026-03-14 23:44:05.443] [info] Core [3] Tile Stats | Issued: 43 Running: 1 Finished: 42
[2026-03-14 23:44:05.443] [info] cycle: [1440000]
[2026-03-14 23:44:05.589] [info] HBM2-CH_0: BW utilization 0% (0 reads, 0 writes)
[2026-03-14 23:44:05.589] [debug] HBM2-CH_1: BW utilization 0% (0 reads, 0 writes)
[2026-03-14 23:44:05.589] [debug] HBM2-CH_2: BW utilization 0% (0 reads, 0 writes)
[2026-03-14 23:44:05.589] [debug] HBM2-CH_3: BW utilization 0% (0 reads, 0 writes)
[2026-03-14 23:44:05.589] [debug] HBM2-CH_4: BW utilization 0% (0 reads, 0 writes)
[2026-03-14 23:44:05.589] [debug] HBM2-CH_5: BW utilization 0% (0 reads, 0 writes)
[2026-03-14 23:44:05.589] [debug] HBM2-CH_6: BW utilization 0% (0 reads, 0 writes)
[2026-03-14 23:44:05.589] [debug] HBM2-CH_7: BW utilization 0% (0 reads, 0 writes)
[2026-03-14 23:44:05.589] [debug] HBM2-CH_8: BW utilization 0% (0 reads, 0 writes)
[2026-03-14 23:44:05.589] [debug] HBM2-CH_9: BW utilization 0% (0 reads, 0 writes)
[2026-03-14 23:44:05.589] [debug] HBM2-CH_10: BW utilization 0% (0 reads, 0 writes)
[2026-03-14 23:44:05.589] [debug] HBM2-CH_11: BW utilization 0% (0 reads, 0 writes)
[2026-03-14 23:44:05.589] [debug] HBM2-CH_12: BW utilization 0% (0 reads, 0 writes)
[2026-03-14 23:44:05.589] [debug] HBM2-CH_13: BW utilization 0% (0 reads, 0 writes)
[2026-03-14 23:44:05.589] [debug] HBM2-CH_14: BW utilization 0% (0 reads, 0 writes)
[2026-03-14 23:44:05.589] [debug] HBM2-CH_15: BW utilization 0% (0 reads, 0 writes)
[2026-03-14 23:44:05.604] [info] Core [0] Tile Stats | Issued: 43 Running: 0 Finished: 43
[2026-03-14 23:44:05.604] [info] cycle: [1448000]
[2026-03-14 23:44:05.604] [info] Core [1] Tile Stats | Issued: 43 Running: 0 Finished: 43
[2026-03-14 23:44:05.604] [info] cycle: [1448000]
[2026-03-14 23:44:05.604] [info] Core [2] Tile Stats | Issued: 43 Running: 0 Finished: 43
[2026-03-14 23:44:05.604] [info] cycle: [1448000]
[2026-03-14 23:44:05.604] [info] Tile  status /m/layers/layers.0/MambaBlock/full, instructions left 30
[2026-03-14 23:44:05.604] [info] Core [3] Tile Stats | Issued: 43 Running: 1 Finished: 42
[2026-03-14 23:44:05.604] [info] cycle: [1448000]
[2026-03-14 23:44:05.797] [info] HBM2-CH_0: BW utilization 0% (0 reads, 0 writes)
[2026-03-14 23:44:05.797] [debug] HBM2-CH_1: BW utilization 0% (0 reads, 0 writes)
[2026-03-14 23:44:05.797] [debug] HBM2-CH_2: BW utilization 0% (0 reads, 0 writes)
[2026-03-14 23:44:05.797] [debug] HBM2-CH_3: BW utilization 0% (0 reads, 0 writes)
[2026-03-14 23:44:05.797] [debug] HBM2-CH_4: BW utilization 0% (0 reads, 0 writes)
[2026-03-14 23:44:05.797] [debug] HBM2-CH_5: BW utilization 0% (0 reads, 0 writes)
[2026-03-14 23:44:05.797] [debug] HBM2-CH_6: BW utilization 0% (0 reads, 0 writes)
[2026-03-14 23:44:05.797] [debug] HBM2-CH_7: BW utilization 0% (0 reads, 0 writes)
[2026-03-14 23:44:05.797] [debug] HBM2-CH_8: BW utilization 0% (0 reads, 0 writes)
[2026-03-14 23:44:05.797] [debug] HBM2-CH_9: BW utilization 0% (0 reads, 0 writes)
[2026-03-14 23:44:05.797] [debug] HBM2-CH_10: BW utilization 0% (0 reads, 0 writes)
[2026-03-14 23:44:05.797] [debug] HBM2-CH_11: BW utilization 0% (0 reads, 0 writes)
[2026-03-14 23:44:05.797] [debug] HBM2-CH_12: BW utilization 0% (0 reads, 0 writes)
[2026-03-14 23:44:05.797] [debug] HBM2-CH_13: BW utilization 0% (0 reads, 0 writes)
[2026-03-14 23:44:05.797] [debug] HBM2-CH_14: BW utilization 0% (0 reads, 0 writes)
[2026-03-14 23:44:05.797] [debug] HBM2-CH_15: BW utilization 0% (0 reads, 0 writes)
[2026-03-14 23:44:05.825] [info] Core [0] Tile Stats | Issued: 43 Running: 0 Finished: 43
[2026-03-14 23:44:05.825] [info] cycle: [1456000]
[2026-03-14 23:44:05.825] [info] Core [1] Tile Stats | Issued: 43 Running: 0 Finished: 43
[2026-03-14 23:44:05.825] [info] cycle: [1456000]
[2026-03-14 23:44:05.825] [info] Core [2] Tile Stats | Issued: 43 Running: 0 Finished: 43
[2026-03-14 23:44:05.825] [info] cycle: [1456000]
[2026-03-14 23:44:05.825] [info] Tile  status /m/layers/layers.0/MambaBlock/full, instructions left 30
[2026-03-14 23:44:05.825] [info] Core [3] Tile Stats | Issued: 43 Running: 1 Finished: 42
[2026-03-14 23:44:05.825] [info] cycle: [1456000]
[2026-03-14 23:44:06.026] [info] HBM2-CH_0: BW utilization 0% (0 reads, 0 writes)
[2026-03-14 23:44:06.026] [debug] HBM2-CH_1: BW utilization 0% (0 reads, 0 writes)
[2026-03-14 23:44:06.026] [debug] HBM2-CH_2: BW utilization 0% (0 reads, 0 writes)
[2026-03-14 23:44:06.026] [debug] HBM2-CH_3: BW utilization 0% (0 reads, 0 writes)
[2026-03-14 23:44:06.026] [debug] HBM2-CH_4: BW utilization 0% (0 reads, 0 writes)
[2026-03-14 23:44:06.026] [debug] HBM2-CH_5: BW utilization 0% (0 reads, 0 writes)
[2026-03-14 23:44:06.026] [debug] HBM2-CH_6: BW utilization 0% (0 reads, 0 writes)
[2026-03-14 23:44:06.026] [debug] HBM2-CH_7: BW utilization 0% (0 reads, 0 writes)
[2026-03-14 23:44:06.026] [debug] HBM2-CH_8: BW utilization 0% (0 reads, 0 writes)
[2026-03-14 23:44:06.026] [debug] HBM2-CH_9: BW utilization 0% (0 reads, 0 writes)
[2026-03-14 23:44:06.026] [debug] HBM2-CH_10: BW utilization 0% (0 reads, 0 writes)
[2026-03-14 23:44:06.026] [debug] HBM2-CH_11: BW utilization 0% (0 reads, 0 writes)
[2026-03-14 23:44:06.026] [debug] HBM2-CH_12: BW utilization 0% (0 reads, 0 writes)
[2026-03-14 23:44:06.026] [debug] HBM2-CH_13: BW utilization 0% (0 reads, 0 writes)
[2026-03-14 23:44:06.026] [debug] HBM2-CH_14: BW utilization 0% (0 reads, 0 writes)
[2026-03-14 23:44:06.026] [debug] HBM2-CH_15: BW utilization 0% (0 reads, 0 writes)
[2026-03-14 23:44:06.040] [info] Core [0] Tile Stats | Issued: 43 Running: 0 Finished: 43
[2026-03-14 23:44:06.040] [info] cycle: [1464000]
[2026-03-14 23:44:06.040] [info] Core [1] Tile Stats | Issued: 43 Running: 0 Finished: 43
[2026-03-14 23:44:06.040] [info] cycle: [1464000]
[2026-03-14 23:44:06.040] [info] Core [2] Tile Stats | Issued: 43 Running: 0 Finished: 43
[2026-03-14 23:44:06.040] [info] cycle: [1464000]
[2026-03-14 23:44:06.040] [info] Tile  status /m/layers/layers.0/MambaBlock/full, instructions left 30
[2026-03-14 23:44:06.040] [info] Core [3] Tile Stats | Issued: 43 Running: 1 Finished: 42
[2026-03-14 23:44:06.040] [info] cycle: [1464000]
[2026-03-14 23:44:06.216] [info] HBM2-CH_0: BW utilization 0% (0 reads, 0 writes)
[2026-03-14 23:44:06.216] [debug] HBM2-CH_1: BW utilization 0% (0 reads, 0 writes)
[2026-03-14 23:44:06.216] [debug] HBM2-CH_2: BW utilization 0% (0 reads, 0 writes)
[2026-03-14 23:44:06.216] [debug] HBM2-CH_3: BW utilization 0% (0 reads, 0 writes)
[2026-03-14 23:44:06.216] [debug] HBM2-CH_4: BW utilization 0% (0 reads, 0 writes)
[2026-03-14 23:44:06.216] [debug] HBM2-CH_5: BW utilization 0% (0 reads, 0 writes)
[2026-03-14 23:44:06.216] [debug] HBM2-CH_6: BW utilization 0% (0 reads, 0 writes)
[2026-03-14 23:44:06.216] [debug] HBM2-CH_7: BW utilization 0% (0 reads, 0 writes)
[2026-03-14 23:44:06.216] [debug] HBM2-CH_8: BW utilization 0% (0 reads, 0 writes)
[2026-03-14 23:44:06.216] [debug] HBM2-CH_9: BW utilization 0% (0 reads, 0 writes)
[2026-03-14 23:44:06.216] [debug] HBM2-CH_10: BW utilization 0% (0 reads, 0 writes)
[2026-03-14 23:44:06.216] [debug] HBM2-CH_11: BW utilization 0% (0 reads, 0 writes)
[2026-03-14 23:44:06.216] [debug] HBM2-CH_12: BW utilization 0% (0 reads, 0 writes)
[2026-03-14 23:44:06.216] [debug] HBM2-CH_13: BW utilization 0% (0 reads, 0 writes)
[2026-03-14 23:44:06.216] [debug] HBM2-CH_14: BW utilization 0% (0 reads, 0 writes)
[2026-03-14 23:44:06.216] [debug] HBM2-CH_15: BW utilization 0% (0 reads, 0 writes)
[2026-03-14 23:44:06.228] [info] Core [0] Tile Stats | Issued: 43 Running: 0 Finished: 43
[2026-03-14 23:44:06.228] [info] cycle: [1472000]
[2026-03-14 23:44:06.228] [info] Core [1] Tile Stats | Issued: 43 Running: 0 Finished: 43
[2026-03-14 23:44:06.228] [info] cycle: [1472000]
[2026-03-14 23:44:06.228] [info] Core [2] Tile Stats | Issued: 43 Running: 0 Finished: 43
[2026-03-14 23:44:06.228] [info] cycle: [1472000]
[2026-03-14 23:44:06.228] [info] Tile  status /m/layers/layers.0/MambaBlock/full, instructions left 30
[2026-03-14 23:44:06.228] [info] Core [3] Tile Stats | Issued: 43 Running: 1 Finished: 42
[2026-03-14 23:44:06.228] [info] cycle: [1472000]
[2026-03-14 23:44:06.414] [info] HBM2-CH_0: BW utilization 0% (0 reads, 0 writes)
[2026-03-14 23:44:06.414] [debug] HBM2-CH_1: BW utilization 0% (0 reads, 0 writes)
[2026-03-14 23:44:06.414] [debug] HBM2-CH_2: BW utilization 0% (0 reads, 0 writes)
[2026-03-14 23:44:06.414] [debug] HBM2-CH_3: BW utilization 0% (0 reads, 0 writes)
[2026-03-14 23:44:06.414] [debug] HBM2-CH_4: BW utilization 0% (0 reads, 0 writes)
[2026-03-14 23:44:06.414] [debug] HBM2-CH_5: BW utilization 0% (0 reads, 0 writes)
[2026-03-14 23:44:06.414] [debug] HBM2-CH_6: BW utilization 0% (0 reads, 0 writes)
[2026-03-14 23:44:06.414] [debug] HBM2-CH_7: BW utilization 0% (0 reads, 0 writes)
[2026-03-14 23:44:06.414] [debug] HBM2-CH_8: BW utilization 0% (0 reads, 0 writes)
[2026-03-14 23:44:06.414] [debug] HBM2-CH_9: BW utilization 0% (0 reads, 0 writes)
[2026-03-14 23:44:06.414] [debug] HBM2-CH_10: BW utilization 0% (0 reads, 0 writes)
[2026-03-14 23:44:06.414] [debug] HBM2-CH_11: BW utilization 0% (0 reads, 0 writes)
[2026-03-14 23:44:06.414] [debug] HBM2-CH_12: BW utilization 0% (0 reads, 0 writes)
[2026-03-14 23:44:06.414] [debug] HBM2-CH_13: BW utilization 0% (0 reads, 0 writes)
[2026-03-14 23:44:06.414] [debug] HBM2-CH_14: BW utilization 0% (0 reads, 0 writes)
[2026-03-14 23:44:06.414] [debug] HBM2-CH_15: BW utilization 0% (0 reads, 0 writes)
[2026-03-14 23:44:06.428] [info] Core [0] Tile Stats | Issued: 43 Running: 0 Finished: 43
[2026-03-14 23:44:06.428] [info] cycle: [1480000]
[2026-03-14 23:44:06.428] [info] Core [1] Tile Stats | Issued: 43 Running: 0 Finished: 43
[2026-03-14 23:44:06.428] [info] cycle: [1480000]
[2026-03-14 23:44:06.428] [info] Core [2] Tile Stats | Issued: 43 Running: 0 Finished: 43
[2026-03-14 23:44:06.428] [info] cycle: [1480000]
[2026-03-14 23:44:06.428] [info] Tile  status /m/layers/layers.0/MambaBlock/full, instructions left 30
[2026-03-14 23:44:06.428] [info] Core [3] Tile Stats | Issued: 43 Running: 1 Finished: 42
[2026-03-14 23:44:06.428] [info] cycle: [1480000]
[2026-03-14 23:44:06.610] [info] HBM2-CH_0: BW utilization 0% (0 reads, 0 writes)
[2026-03-14 23:44:06.610] [debug] HBM2-CH_1: BW utilization 0% (0 reads, 0 writes)
[2026-03-14 23:44:06.610] [debug] HBM2-CH_2: BW utilization 0% (0 reads, 0 writes)
[2026-03-14 23:44:06.610] [debug] HBM2-CH_3: BW utilization 0% (0 reads, 0 writes)
[2026-03-14 23:44:06.610] [debug] HBM2-CH_4: BW utilization 0% (0 reads, 0 writes)
[2026-03-14 23:44:06.610] [debug] HBM2-CH_5: BW utilization 0% (0 reads, 0 writes)
[2026-03-14 23:44:06.610] [debug] HBM2-CH_6: BW utilization 0% (0 reads, 0 writes)
[2026-03-14 23:44:06.610] [debug] HBM2-CH_7: BW utilization 0% (0 reads, 0 writes)
[2026-03-14 23:44:06.610] [debug] HBM2-CH_8: BW utilization 0% (0 reads, 0 writes)
[2026-03-14 23:44:06.610] [debug] HBM2-CH_9: BW utilization 0% (0 reads, 0 writes)
[2026-03-14 23:44:06.610] [debug] HBM2-CH_10: BW utilization 0% (0 reads, 0 writes)
[2026-03-14 23:44:06.610] [debug] HBM2-CH_11: BW utilization 0% (0 reads, 0 writes)
[2026-03-14 23:44:06.610] [debug] HBM2-CH_12: BW utilization 0% (0 reads, 0 writes)
[2026-03-14 23:44:06.610] [debug] HBM2-CH_13: BW utilization 0% (0 reads, 0 writes)
[2026-03-14 23:44:06.610] [debug] HBM2-CH_14: BW utilization 0% (0 reads, 0 writes)
[2026-03-14 23:44:06.610] [debug] HBM2-CH_15: BW utilization 0% (0 reads, 0 writes)
[2026-03-14 23:44:06.623] [info] Core [0] Tile Stats | Issued: 43 Running: 0 Finished: 43
[2026-03-14 23:44:06.623] [info] cycle: [1488000]
[2026-03-14 23:44:06.623] [info] Core [1] Tile Stats | Issued: 43 Running: 0 Finished: 43
[2026-03-14 23:44:06.623] [info] cycle: [1488000]
[2026-03-14 23:44:06.623] [info] Core [2] Tile Stats | Issued: 43 Running: 0 Finished: 43
[2026-03-14 23:44:06.623] [info] cycle: [1488000]
[2026-03-14 23:44:06.623] [info] Tile  status /m/layers/layers.0/MambaBlock/full, instructions left 30
[2026-03-14 23:44:06.623] [info] Core [3] Tile Stats | Issued: 43 Running: 1 Finished: 42
[2026-03-14 23:44:06.623] [info] cycle: [1488000]
[2026-03-14 23:44:06.787] [info] HBM2-CH_0: BW utilization 0% (0 reads, 0 writes)
[2026-03-14 23:44:06.787] [debug] HBM2-CH_1: BW utilization 0% (0 reads, 0 writes)
[2026-03-14 23:44:06.787] [debug] HBM2-CH_2: BW utilization 0% (0 reads, 0 writes)
[2026-03-14 23:44:06.787] [debug] HBM2-CH_3: BW utilization 0% (0 reads, 0 writes)
[2026-03-14 23:44:06.787] [debug] HBM2-CH_4: BW utilization 0% (0 reads, 0 writes)
[2026-03-14 23:44:06.787] [debug] HBM2-CH_5: BW utilization 0% (0 reads, 0 writes)
[2026-03-14 23:44:06.787] [debug] HBM2-CH_6: BW utilization 0% (0 reads, 0 writes)
[2026-03-14 23:44:06.787] [debug] HBM2-CH_7: BW utilization 0% (0 reads, 0 writes)
[2026-03-14 23:44:06.787] [debug] HBM2-CH_8: BW utilization 0% (0 reads, 0 writes)
[2026-03-14 23:44:06.787] [debug] HBM2-CH_9: BW utilization 0% (0 reads, 0 writes)
[2026-03-14 23:44:06.787] [debug] HBM2-CH_10: BW utilization 0% (0 reads, 0 writes)
[2026-03-14 23:44:06.787] [debug] HBM2-CH_11: BW utilization 0% (0 reads, 0 writes)
[2026-03-14 23:44:06.787] [debug] HBM2-CH_12: BW utilization 0% (0 reads, 0 writes)
[2026-03-14 23:44:06.787] [debug] HBM2-CH_13: BW utilization 0% (0 reads, 0 writes)
[2026-03-14 23:44:06.787] [debug] HBM2-CH_14: BW utilization 0% (0 reads, 0 writes)
[2026-03-14 23:44:06.787] [debug] HBM2-CH_15: BW utilization 0% (0 reads, 0 writes)
[2026-03-14 23:44:06.799] [info] Core [0] Tile Stats | Issued: 43 Running: 0 Finished: 43
[2026-03-14 23:44:06.799] [info] cycle: [1496000]
[2026-03-14 23:44:06.799] [info] Core [1] Tile Stats | Issued: 43 Running: 0 Finished: 43
[2026-03-14 23:44:06.799] [info] cycle: [1496000]
[2026-03-14 23:44:06.799] [info] Core [2] Tile Stats | Issued: 43 Running: 0 Finished: 43
[2026-03-14 23:44:06.799] [info] cycle: [1496000]
[2026-03-14 23:44:06.799] [info] Tile  status /m/layers/layers.0/MambaBlock/full, instructions left 30
[2026-03-14 23:44:06.799] [info] Core [3] Tile Stats | Issued: 43 Running: 1 Finished: 42
[2026-03-14 23:44:06.799] [info] cycle: [1496000]
[2026-03-14 23:44:06.944] [info] HBM2-CH_0: BW utilization 0% (0 reads, 0 writes)
[2026-03-14 23:44:06.944] [debug] HBM2-CH_1: BW utilization 0% (0 reads, 0 writes)
[2026-03-14 23:44:06.944] [debug] HBM2-CH_2: BW utilization 0% (0 reads, 0 writes)
[2026-03-14 23:44:06.944] [debug] HBM2-CH_3: BW utilization 0% (0 reads, 0 writes)
[2026-03-14 23:44:06.944] [debug] HBM2-CH_4: BW utilization 0% (0 reads, 0 writes)
[2026-03-14 23:44:06.944] [debug] HBM2-CH_5: BW utilization 0% (0 reads, 0 writes)
[2026-03-14 23:44:06.944] [debug] HBM2-CH_6: BW utilization 0% (0 reads, 0 writes)
[2026-03-14 23:44:06.944] [debug] HBM2-CH_7: BW utilization 0% (0 reads, 0 writes)
[2026-03-14 23:44:06.944] [debug] HBM2-CH_8: BW utilization 0% (0 reads, 0 writes)
[2026-03-14 23:44:06.944] [debug] HBM2-CH_9: BW utilization 0% (0 reads, 0 writes)
[2026-03-14 23:44:06.944] [debug] HBM2-CH_10: BW utilization 0% (0 reads, 0 writes)
[2026-03-14 23:44:06.944] [debug] HBM2-CH_11: BW utilization 0% (0 reads, 0 writes)
[2026-03-14 23:44:06.944] [debug] HBM2-CH_12: BW utilization 0% (0 reads, 0 writes)
[2026-03-14 23:44:06.944] [debug] HBM2-CH_13: BW utilization 0% (0 reads, 0 writes)
[2026-03-14 23:44:06.944] [debug] HBM2-CH_14: BW utilization 0% (0 reads, 0 writes)
[2026-03-14 23:44:06.944] [debug] HBM2-CH_15: BW utilization 0% (0 reads, 0 writes)
[2026-03-14 23:44:06.959] [info] Core [0] Tile Stats | Issued: 43 Running: 0 Finished: 43
[2026-03-14 23:44:06.959] [info] cycle: [1504000]
[2026-03-14 23:44:06.959] [info] Core [1] Tile Stats | Issued: 43 Running: 0 Finished: 43
[2026-03-14 23:44:06.959] [info] cycle: [1504000]
[2026-03-14 23:44:06.959] [info] Core [2] Tile Stats | Issued: 43 Running: 0 Finished: 43
[2026-03-14 23:44:06.959] [info] cycle: [1504000]
[2026-03-14 23:44:06.959] [info] Tile  status /m/layers/layers.0/MambaBlock/full, instructions left 30
[2026-03-14 23:44:06.959] [info] Core [3] Tile Stats | Issued: 43 Running: 1 Finished: 42
[2026-03-14 23:44:06.959] [info] cycle: [1504000]
[2026-03-14 23:44:07.082] [info] HBM2-CH_0: BW utilization 0% (0 reads, 0 writes)
[2026-03-14 23:44:07.082] [debug] HBM2-CH_1: BW utilization 0% (0 reads, 0 writes)
[2026-03-14 23:44:07.082] [debug] HBM2-CH_2: BW utilization 0% (0 reads, 0 writes)
[2026-03-14 23:44:07.082] [debug] HBM2-CH_3: BW utilization 0% (0 reads, 0 writes)
[2026-03-14 23:44:07.082] [debug] HBM2-CH_4: BW utilization 0% (0 reads, 0 writes)
[2026-03-14 23:44:07.082] [debug] HBM2-CH_5: BW utilization 0% (0 reads, 0 writes)
[2026-03-14 23:44:07.082] [debug] HBM2-CH_6: BW utilization 0% (0 reads, 0 writes)
[2026-03-14 23:44:07.082] [debug] HBM2-CH_7: BW utilization 0% (0 reads, 0 writes)
[2026-03-14 23:44:07.082] [debug] HBM2-CH_8: BW utilization 0% (0 reads, 0 writes)
[2026-03-14 23:44:07.082] [debug] HBM2-CH_9: BW utilization 0% (0 reads, 0 writes)
[2026-03-14 23:44:07.082] [debug] HBM2-CH_10: BW utilization 0% (0 reads, 0 writes)
[2026-03-14 23:44:07.082] [debug] HBM2-CH_11: BW utilization 0% (0 reads, 0 writes)
[2026-03-14 23:44:07.082] [debug] HBM2-CH_12: BW utilization 0% (0 reads, 0 writes)
[2026-03-14 23:44:07.082] [debug] HBM2-CH_13: BW utilization 0% (0 reads, 0 writes)
[2026-03-14 23:44:07.082] [debug] HBM2-CH_14: BW utilization 0% (0 reads, 0 writes)
[2026-03-14 23:44:07.082] [debug] HBM2-CH_15: BW utilization 0% (0 reads, 0 writes)
[2026-03-14 23:44:07.094] [info] Core [0] Tile Stats | Issued: 43 Running: 0 Finished: 43
[2026-03-14 23:44:07.094] [info] cycle: [1512000]
[2026-03-14 23:44:07.094] [info] Core [1] Tile Stats | Issued: 43 Running: 0 Finished: 43
[2026-03-14 23:44:07.094] [info] cycle: [1512000]
[2026-03-14 23:44:07.094] [info] Core [2] Tile Stats | Issued: 43 Running: 0 Finished: 43
[2026-03-14 23:44:07.094] [info] cycle: [1512000]
[2026-03-14 23:44:07.094] [info] Tile  status /m/layers/layers.0/MambaBlock/full, instructions left 30
[2026-03-14 23:44:07.094] [info] Core [3] Tile Stats | Issued: 43 Running: 1 Finished: 42
[2026-03-14 23:44:07.094] [info] cycle: [1512000]
[2026-03-14 23:44:07.226] [info] HBM2-CH_0: BW utilization 0% (0 reads, 0 writes)
[2026-03-14 23:44:07.226] [debug] HBM2-CH_1: BW utilization 0% (0 reads, 0 writes)
[2026-03-14 23:44:07.226] [debug] HBM2-CH_2: BW utilization 0% (0 reads, 0 writes)
[2026-03-14 23:44:07.226] [debug] HBM2-CH_3: BW utilization 0% (0 reads, 0 writes)
[2026-03-14 23:44:07.226] [debug] HBM2-CH_4: BW utilization 0% (0 reads, 0 writes)
[2026-03-14 23:44:07.226] [debug] HBM2-CH_5: BW utilization 0% (0 reads, 0 writes)
[2026-03-14 23:44:07.226] [debug] HBM2-CH_6: BW utilization 0% (0 reads, 0 writes)
[2026-03-14 23:44:07.226] [debug] HBM2-CH_7: BW utilization 0% (0 reads, 0 writes)
[2026-03-14 23:44:07.226] [debug] HBM2-CH_8: BW utilization 0% (0 reads, 0 writes)
[2026-03-14 23:44:07.226] [debug] HBM2-CH_9: BW utilization 0% (0 reads, 0 writes)
[2026-03-14 23:44:07.226] [debug] HBM2-CH_10: BW utilization 0% (0 reads, 0 writes)
[2026-03-14 23:44:07.226] [debug] HBM2-CH_11: BW utilization 0% (0 reads, 0 writes)
[2026-03-14 23:44:07.226] [debug] HBM2-CH_12: BW utilization 0% (0 reads, 0 writes)
[2026-03-14 23:44:07.226] [debug] HBM2-CH_13: BW utilization 0% (0 reads, 0 writes)
[2026-03-14 23:44:07.226] [debug] HBM2-CH_14: BW utilization 0% (0 reads, 0 writes)
[2026-03-14 23:44:07.226] [debug] HBM2-CH_15: BW utilization 0% (0 reads, 0 writes)
[2026-03-14 23:44:07.238] [info] Core [0] Tile Stats | Issued: 43 Running: 0 Finished: 43
[2026-03-14 23:44:07.238] [info] cycle: [1520000]
[2026-03-14 23:44:07.238] [info] Core [1] Tile Stats | Issued: 43 Running: 0 Finished: 43
[2026-03-14 23:44:07.238] [info] cycle: [1520000]
[2026-03-14 23:44:07.238] [info] Core [2] Tile Stats | Issued: 43 Running: 0 Finished: 43
[2026-03-14 23:44:07.238] [info] cycle: [1520000]
[2026-03-14 23:44:07.238] [info] Tile  status /m/layers/layers.0/MambaBlock/full, instructions left 30
[2026-03-14 23:44:07.238] [info] Core [3] Tile Stats | Issued: 43 Running: 1 Finished: 42
[2026-03-14 23:44:07.238] [info] cycle: [1520000]
[2026-03-14 23:44:07.367] [info] HBM2-CH_0: BW utilization 0% (0 reads, 0 writes)
[2026-03-14 23:44:07.367] [debug] HBM2-CH_1: BW utilization 0% (0 reads, 0 writes)
[2026-03-14 23:44:07.367] [debug] HBM2-CH_2: BW utilization 0% (0 reads, 0 writes)
[2026-03-14 23:44:07.367] [debug] HBM2-CH_3: BW utilization 0% (0 reads, 0 writes)
[2026-03-14 23:44:07.367] [debug] HBM2-CH_4: BW utilization 0% (0 reads, 0 writes)
[2026-03-14 23:44:07.367] [debug] HBM2-CH_5: BW utilization 0% (0 reads, 0 writes)
[2026-03-14 23:44:07.367] [debug] HBM2-CH_6: BW utilization 0% (0 reads, 0 writes)
[2026-03-14 23:44:07.367] [debug] HBM2-CH_7: BW utilization 0% (0 reads, 0 writes)
[2026-03-14 23:44:07.367] [debug] HBM2-CH_8: BW utilization 0% (0 reads, 0 writes)
[2026-03-14 23:44:07.367] [debug] HBM2-CH_9: BW utilization 0% (0 reads, 0 writes)
[2026-03-14 23:44:07.367] [debug] HBM2-CH_10: BW utilization 0% (0 reads, 0 writes)
[2026-03-14 23:44:07.367] [debug] HBM2-CH_11: BW utilization 0% (0 reads, 0 writes)
[2026-03-14 23:44:07.367] [debug] HBM2-CH_12: BW utilization 0% (0 reads, 0 writes)
[2026-03-14 23:44:07.367] [debug] HBM2-CH_13: BW utilization 0% (0 reads, 0 writes)
[2026-03-14 23:44:07.367] [debug] HBM2-CH_14: BW utilization 0% (0 reads, 0 writes)
[2026-03-14 23:44:07.367] [debug] HBM2-CH_15: BW utilization 0% (0 reads, 0 writes)
[2026-03-14 23:44:07.379] [info] Core [0] Tile Stats | Issued: 43 Running: 0 Finished: 43
[2026-03-14 23:44:07.379] [info] cycle: [1528000]
[2026-03-14 23:44:07.379] [info] Core [1] Tile Stats | Issued: 43 Running: 0 Finished: 43
[2026-03-14 23:44:07.379] [info] cycle: [1528000]
[2026-03-14 23:44:07.379] [info] Core [2] Tile Stats | Issued: 43 Running: 0 Finished: 43
[2026-03-14 23:44:07.379] [info] cycle: [1528000]
[2026-03-14 23:44:07.379] [info] Tile  status /m/layers/layers.0/MambaBlock/full, instructions left 30
[2026-03-14 23:44:07.379] [info] Core [3] Tile Stats | Issued: 43 Running: 1 Finished: 42
[2026-03-14 23:44:07.379] [info] cycle: [1528000]
[2026-03-14 23:44:07.507] [info] HBM2-CH_0: BW utilization 0% (0 reads, 0 writes)
[2026-03-14 23:44:07.507] [debug] HBM2-CH_1: BW utilization 0% (0 reads, 0 writes)
[2026-03-14 23:44:07.507] [debug] HBM2-CH_2: BW utilization 0% (0 reads, 0 writes)
[2026-03-14 23:44:07.507] [debug] HBM2-CH_3: BW utilization 0% (0 reads, 0 writes)
[2026-03-14 23:44:07.507] [debug] HBM2-CH_4: BW utilization 0% (0 reads, 0 writes)
[2026-03-14 23:44:07.507] [debug] HBM2-CH_5: BW utilization 0% (0 reads, 0 writes)
[2026-03-14 23:44:07.507] [debug] HBM2-CH_6: BW utilization 0% (0 reads, 0 writes)
[2026-03-14 23:44:07.507] [debug] HBM2-CH_7: BW utilization 0% (0 reads, 0 writes)
[2026-03-14 23:44:07.507] [debug] HBM2-CH_8: BW utilization 0% (0 reads, 0 writes)
[2026-03-14 23:44:07.507] [debug] HBM2-CH_9: BW utilization 0% (0 reads, 0 writes)
[2026-03-14 23:44:07.507] [debug] HBM2-CH_10: BW utilization 0% (0 reads, 0 writes)
[2026-03-14 23:44:07.507] [debug] HBM2-CH_11: BW utilization 0% (0 reads, 0 writes)
[2026-03-14 23:44:07.507] [debug] HBM2-CH_12: BW utilization 0% (0 reads, 0 writes)
[2026-03-14 23:44:07.507] [debug] HBM2-CH_13: BW utilization 0% (0 reads, 0 writes)
[2026-03-14 23:44:07.507] [debug] HBM2-CH_14: BW utilization 0% (0 reads, 0 writes)
[2026-03-14 23:44:07.507] [debug] HBM2-CH_15: BW utilization 0% (0 reads, 0 writes)
[2026-03-14 23:44:07.519] [info] Core [0] Tile Stats | Issued: 43 Running: 0 Finished: 43
[2026-03-14 23:44:07.519] [info] cycle: [1536000]
[2026-03-14 23:44:07.519] [info] Core [1] Tile Stats | Issued: 43 Running: 0 Finished: 43
[2026-03-14 23:44:07.519] [info] cycle: [1536000]
[2026-03-14 23:44:07.519] [info] Core [2] Tile Stats | Issued: 43 Running: 0 Finished: 43
[2026-03-14 23:44:07.519] [info] cycle: [1536000]
[2026-03-14 23:44:07.519] [info] Tile  status /m/layers/layers.0/MambaBlock/full, instructions left 30
[2026-03-14 23:44:07.519] [info] Core [3] Tile Stats | Issued: 43 Running: 1 Finished: 42
[2026-03-14 23:44:07.519] [info] cycle: [1536000]
[2026-03-14 23:44:07.645] [info] HBM2-CH_0: BW utilization 0% (0 reads, 0 writes)
[2026-03-14 23:44:07.645] [debug] HBM2-CH_1: BW utilization 0% (0 reads, 0 writes)
[2026-03-14 23:44:07.645] [debug] HBM2-CH_2: BW utilization 0% (0 reads, 0 writes)
[2026-03-14 23:44:07.645] [debug] HBM2-CH_3: BW utilization 0% (0 reads, 0 writes)
[2026-03-14 23:44:07.645] [debug] HBM2-CH_4: BW utilization 0% (0 reads, 0 writes)
[2026-03-14 23:44:07.645] [debug] HBM2-CH_5: BW utilization 0% (0 reads, 0 writes)
[2026-03-14 23:44:07.645] [debug] HBM2-CH_6: BW utilization 0% (0 reads, 0 writes)
[2026-03-14 23:44:07.645] [debug] HBM2-CH_7: BW utilization 0% (0 reads, 0 writes)
[2026-03-14 23:44:07.645] [debug] HBM2-CH_8: BW utilization 0% (0 reads, 0 writes)
[2026-03-14 23:44:07.645] [debug] HBM2-CH_9: BW utilization 0% (0 reads, 0 writes)
[2026-03-14 23:44:07.645] [debug] HBM2-CH_10: BW utilization 0% (0 reads, 0 writes)
[2026-03-14 23:44:07.645] [debug] HBM2-CH_11: BW utilization 0% (0 reads, 0 writes)
[2026-03-14 23:44:07.645] [debug] HBM2-CH_12: BW utilization 0% (0 reads, 0 writes)
[2026-03-14 23:44:07.645] [debug] HBM2-CH_13: BW utilization 0% (0 reads, 0 writes)
[2026-03-14 23:44:07.645] [debug] HBM2-CH_14: BW utilization 0% (0 reads, 0 writes)
[2026-03-14 23:44:07.645] [debug] HBM2-CH_15: BW utilization 0% (0 reads, 0 writes)
[2026-03-14 23:44:07.657] [info] Core [0] Tile Stats | Issued: 43 Running: 0 Finished: 43
[2026-03-14 23:44:07.657] [info] cycle: [1544000]
[2026-03-14 23:44:07.657] [info] Core [1] Tile Stats | Issued: 43 Running: 0 Finished: 43
[2026-03-14 23:44:07.657] [info] cycle: [1544000]
[2026-03-14 23:44:07.657] [info] Core [2] Tile Stats | Issued: 43 Running: 0 Finished: 43
[2026-03-14 23:44:07.657] [info] cycle: [1544000]
[2026-03-14 23:44:07.657] [info] Tile  status /m/layers/layers.0/MambaBlock/full, instructions left 30
[2026-03-14 23:44:07.657] [info] Core [3] Tile Stats | Issued: 43 Running: 1 Finished: 42
[2026-03-14 23:44:07.657] [info] cycle: [1544000]
[2026-03-14 23:44:07.797] [info] HBM2-CH_0: BW utilization 0% (0 reads, 0 writes)
[2026-03-14 23:44:07.797] [debug] HBM2-CH_1: BW utilization 0% (0 reads, 0 writes)
[2026-03-14 23:44:07.797] [debug] HBM2-CH_2: BW utilization 0% (0 reads, 0 writes)
[2026-03-14 23:44:07.797] [debug] HBM2-CH_3: BW utilization 0% (0 reads, 0 writes)
[2026-03-14 23:44:07.797] [debug] HBM2-CH_4: BW utilization 0% (0 reads, 0 writes)
[2026-03-14 23:44:07.797] [debug] HBM2-CH_5: BW utilization 0% (0 reads, 0 writes)
[2026-03-14 23:44:07.797] [debug] HBM2-CH_6: BW utilization 0% (0 reads, 0 writes)
[2026-03-14 23:44:07.797] [debug] HBM2-CH_7: BW utilization 0% (0 reads, 0 writes)
[2026-03-14 23:44:07.797] [debug] HBM2-CH_8: BW utilization 0% (0 reads, 0 writes)
[2026-03-14 23:44:07.797] [debug] HBM2-CH_9: BW utilization 0% (0 reads, 0 writes)
[2026-03-14 23:44:07.797] [debug] HBM2-CH_10: BW utilization 0% (0 reads, 0 writes)
[2026-03-14 23:44:07.797] [debug] HBM2-CH_11: BW utilization 0% (0 reads, 0 writes)
[2026-03-14 23:44:07.797] [debug] HBM2-CH_12: BW utilization 0% (0 reads, 0 writes)
[2026-03-14 23:44:07.797] [debug] HBM2-CH_13: BW utilization 0% (0 reads, 0 writes)
[2026-03-14 23:44:07.797] [debug] HBM2-CH_14: BW utilization 0% (0 reads, 0 writes)
[2026-03-14 23:44:07.797] [debug] HBM2-CH_15: BW utilization 0% (0 reads, 0 writes)
[2026-03-14 23:44:07.811] [info] Core [0] Tile Stats | Issued: 43 Running: 0 Finished: 43
[2026-03-14 23:44:07.811] [info] cycle: [1552000]
[2026-03-14 23:44:07.811] [info] Core [1] Tile Stats | Issued: 43 Running: 0 Finished: 43
[2026-03-14 23:44:07.811] [info] cycle: [1552000]
[2026-03-14 23:44:07.811] [info] Core [2] Tile Stats | Issued: 43 Running: 0 Finished: 43
[2026-03-14 23:44:07.811] [info] cycle: [1552000]
[2026-03-14 23:44:07.811] [info] Tile  status /m/layers/layers.0/MambaBlock/full, instructions left 30
[2026-03-14 23:44:07.811] [info] Core [3] Tile Stats | Issued: 43 Running: 1 Finished: 42
[2026-03-14 23:44:07.811] [info] cycle: [1552000]
[2026-03-14 23:44:07.935] [info] HBM2-CH_0: BW utilization 0% (0 reads, 0 writes)
[2026-03-14 23:44:07.935] [debug] HBM2-CH_1: BW utilization 0% (0 reads, 0 writes)
[2026-03-14 23:44:07.935] [debug] HBM2-CH_2: BW utilization 0% (0 reads, 0 writes)
[2026-03-14 23:44:07.935] [debug] HBM2-CH_3: BW utilization 0% (0 reads, 0 writes)
[2026-03-14 23:44:07.935] [debug] HBM2-CH_4: BW utilization 0% (0 reads, 0 writes)
[2026-03-14 23:44:07.935] [debug] HBM2-CH_5: BW utilization 0% (0 reads, 0 writes)
[2026-03-14 23:44:07.935] [debug] HBM2-CH_6: BW utilization 0% (0 reads, 0 writes)
[2026-03-14 23:44:07.935] [debug] HBM2-CH_7: BW utilization 0% (0 reads, 0 writes)
[2026-03-14 23:44:07.935] [debug] HBM2-CH_8: BW utilization 0% (0 reads, 0 writes)
[2026-03-14 23:44:07.935] [debug] HBM2-CH_9: BW utilization 0% (0 reads, 0 writes)
[2026-03-14 23:44:07.935] [debug] HBM2-CH_10: BW utilization 0% (0 reads, 0 writes)
[2026-03-14 23:44:07.935] [debug] HBM2-CH_11: BW utilization 0% (0 reads, 0 writes)
[2026-03-14 23:44:07.935] [debug] HBM2-CH_12: BW utilization 0% (0 reads, 0 writes)
[2026-03-14 23:44:07.935] [debug] HBM2-CH_13: BW utilization 0% (0 reads, 0 writes)
[2026-03-14 23:44:07.935] [debug] HBM2-CH_14: BW utilization 0% (0 reads, 0 writes)
[2026-03-14 23:44:07.935] [debug] HBM2-CH_15: BW utilization 0% (0 reads, 0 writes)
[2026-03-14 23:44:07.946] [info] Core [0] Tile Stats | Issued: 43 Running: 0 Finished: 43
[2026-03-14 23:44:07.946] [info] cycle: [1560000]
[2026-03-14 23:44:07.946] [info] Core [1] Tile Stats | Issued: 43 Running: 0 Finished: 43
[2026-03-14 23:44:07.946] [info] cycle: [1560000]
[2026-03-14 23:44:07.946] [info] Core [2] Tile Stats | Issued: 43 Running: 0 Finished: 43
[2026-03-14 23:44:07.946] [info] cycle: [1560000]
[2026-03-14 23:44:07.946] [info] Tile  status /m/layers/layers.0/MambaBlock/full, instructions left 30
[2026-03-14 23:44:07.946] [info] Core [3] Tile Stats | Issued: 43 Running: 1 Finished: 42
[2026-03-14 23:44:07.946] [info] cycle: [1560000]
[2026-03-14 23:44:08.073] [info] HBM2-CH_0: BW utilization 0% (0 reads, 0 writes)
[2026-03-14 23:44:08.074] [debug] HBM2-CH_1: BW utilization 0% (0 reads, 0 writes)
[2026-03-14 23:44:08.074] [debug] HBM2-CH_2: BW utilization 0% (0 reads, 0 writes)
[2026-03-14 23:44:08.074] [debug] HBM2-CH_3: BW utilization 0% (0 reads, 0 writes)
[2026-03-14 23:44:08.074] [debug] HBM2-CH_4: BW utilization 0% (0 reads, 0 writes)
[2026-03-14 23:44:08.074] [debug] HBM2-CH_5: BW utilization 0% (0 reads, 0 writes)
[2026-03-14 23:44:08.074] [debug] HBM2-CH_6: BW utilization 0% (0 reads, 0 writes)
[2026-03-14 23:44:08.074] [debug] HBM2-CH_7: BW utilization 0% (0 reads, 0 writes)
[2026-03-14 23:44:08.074] [debug] HBM2-CH_8: BW utilization 0% (0 reads, 0 writes)
[2026-03-14 23:44:08.074] [debug] HBM2-CH_9: BW utilization 0% (0 reads, 0 writes)
[2026-03-14 23:44:08.074] [debug] HBM2-CH_10: BW utilization 0% (0 reads, 0 writes)
[2026-03-14 23:44:08.074] [debug] HBM2-CH_11: BW utilization 0% (0 reads, 0 writes)
[2026-03-14 23:44:08.074] [debug] HBM2-CH_12: BW utilization 0% (0 reads, 0 writes)
[2026-03-14 23:44:08.074] [debug] HBM2-CH_13: BW utilization 0% (0 reads, 0 writes)
[2026-03-14 23:44:08.074] [debug] HBM2-CH_14: BW utilization 0% (0 reads, 0 writes)
[2026-03-14 23:44:08.074] [debug] HBM2-CH_15: BW utilization 0% (0 reads, 0 writes)
[2026-03-14 23:44:08.089] [info] Core [0] Tile Stats | Issued: 43 Running: 0 Finished: 43
[2026-03-14 23:44:08.089] [info] cycle: [1568000]
[2026-03-14 23:44:08.089] [info] Core [1] Tile Stats | Issued: 43 Running: 0 Finished: 43
[2026-03-14 23:44:08.089] [info] cycle: [1568000]
[2026-03-14 23:44:08.089] [info] Core [2] Tile Stats | Issued: 43 Running: 0 Finished: 43
[2026-03-14 23:44:08.089] [info] cycle: [1568000]
[2026-03-14 23:44:08.089] [info] Tile  status /m/layers/layers.0/MambaBlock/full, instructions left 30
[2026-03-14 23:44:08.089] [info] Core [3] Tile Stats | Issued: 43 Running: 1 Finished: 42
[2026-03-14 23:44:08.089] [info] cycle: [1568000]
[2026-03-14 23:44:08.254] [info] HBM2-CH_0: BW utilization 0% (0 reads, 0 writes)
[2026-03-14 23:44:08.254] [debug] HBM2-CH_1: BW utilization 0% (0 reads, 0 writes)
[2026-03-14 23:44:08.254] [debug] HBM2-CH_2: BW utilization 0% (0 reads, 0 writes)
[2026-03-14 23:44:08.254] [debug] HBM2-CH_3: BW utilization 0% (0 reads, 0 writes)
[2026-03-14 23:44:08.254] [debug] HBM2-CH_4: BW utilization 0% (0 reads, 0 writes)
[2026-03-14 23:44:08.254] [debug] HBM2-CH_5: BW utilization 0% (0 reads, 0 writes)
[2026-03-14 23:44:08.254] [debug] HBM2-CH_6: BW utilization 0% (0 reads, 0 writes)
[2026-03-14 23:44:08.254] [debug] HBM2-CH_7: BW utilization 0% (0 reads, 0 writes)
[2026-03-14 23:44:08.254] [debug] HBM2-CH_8: BW utilization 0% (0 reads, 0 writes)
[2026-03-14 23:44:08.254] [debug] HBM2-CH_9: BW utilization 0% (0 reads, 0 writes)
[2026-03-14 23:44:08.254] [debug] HBM2-CH_10: BW utilization 0% (0 reads, 0 writes)
[2026-03-14 23:44:08.254] [debug] HBM2-CH_11: BW utilization 0% (0 reads, 0 writes)
[2026-03-14 23:44:08.254] [debug] HBM2-CH_12: BW utilization 0% (0 reads, 0 writes)
[2026-03-14 23:44:08.254] [debug] HBM2-CH_13: BW utilization 0% (0 reads, 0 writes)
[2026-03-14 23:44:08.254] [debug] HBM2-CH_14: BW utilization 0% (0 reads, 0 writes)
[2026-03-14 23:44:08.254] [debug] HBM2-CH_15: BW utilization 0% (0 reads, 0 writes)
[2026-03-14 23:44:08.269] [info] Core [0] Tile Stats | Issued: 43 Running: 0 Finished: 43
[2026-03-14 23:44:08.269] [info] cycle: [1576000]
[2026-03-14 23:44:08.269] [info] Core [1] Tile Stats | Issued: 43 Running: 0 Finished: 43
[2026-03-14 23:44:08.269] [info] cycle: [1576000]
[2026-03-14 23:44:08.269] [info] Core [2] Tile Stats | Issued: 43 Running: 0 Finished: 43
[2026-03-14 23:44:08.269] [info] cycle: [1576000]
[2026-03-14 23:44:08.269] [info] Tile  status /m/layers/layers.0/MambaBlock/full, instructions left 30
[2026-03-14 23:44:08.269] [info] Core [3] Tile Stats | Issued: 43 Running: 1 Finished: 42
[2026-03-14 23:44:08.269] [info] cycle: [1576000]
[2026-03-14 23:44:08.426] [info] HBM2-CH_0: BW utilization 0% (0 reads, 0 writes)
[2026-03-14 23:44:08.426] [debug] HBM2-CH_1: BW utilization 0% (0 reads, 0 writes)
[2026-03-14 23:44:08.426] [debug] HBM2-CH_2: BW utilization 0% (0 reads, 0 writes)
[2026-03-14 23:44:08.426] [debug] HBM2-CH_3: BW utilization 0% (0 reads, 0 writes)
[2026-03-14 23:44:08.426] [debug] HBM2-CH_4: BW utilization 0% (0 reads, 0 writes)
[2026-03-14 23:44:08.426] [debug] HBM2-CH_5: BW utilization 0% (0 reads, 0 writes)
[2026-03-14 23:44:08.426] [debug] HBM2-CH_6: BW utilization 0% (0 reads, 0 writes)
[2026-03-14 23:44:08.426] [debug] HBM2-CH_7: BW utilization 0% (0 reads, 0 writes)
[2026-03-14 23:44:08.426] [debug] HBM2-CH_8: BW utilization 0% (0 reads, 0 writes)
[2026-03-14 23:44:08.426] [debug] HBM2-CH_9: BW utilization 0% (0 reads, 0 writes)
[2026-03-14 23:44:08.426] [debug] HBM2-CH_10: BW utilization 0% (0 reads, 0 writes)
[2026-03-14 23:44:08.426] [debug] HBM2-CH_11: BW utilization 0% (0 reads, 0 writes)
[2026-03-14 23:44:08.426] [debug] HBM2-CH_12: BW utilization 0% (0 reads, 0 writes)
[2026-03-14 23:44:08.426] [debug] HBM2-CH_13: BW utilization 0% (0 reads, 0 writes)
[2026-03-14 23:44:08.426] [debug] HBM2-CH_14: BW utilization 0% (0 reads, 0 writes)
[2026-03-14 23:44:08.426] [debug] HBM2-CH_15: BW utilization 0% (0 reads, 0 writes)
[2026-03-14 23:44:08.443] [info] Core [0] Tile Stats | Issued: 43 Running: 0 Finished: 43
[2026-03-14 23:44:08.443] [info] cycle: [1584000]
[2026-03-14 23:44:08.443] [info] Core [1] Tile Stats | Issued: 43 Running: 0 Finished: 43
[2026-03-14 23:44:08.443] [info] cycle: [1584000]
[2026-03-14 23:44:08.443] [info] Core [2] Tile Stats | Issued: 43 Running: 0 Finished: 43
[2026-03-14 23:44:08.443] [info] cycle: [1584000]
[2026-03-14 23:44:08.443] [info] Tile  status /m/layers/layers.0/MambaBlock/full, instructions left 30
[2026-03-14 23:44:08.443] [info] Core [3] Tile Stats | Issued: 43 Running: 1 Finished: 42
[2026-03-14 23:44:08.443] [info] cycle: [1584000]
[2026-03-14 23:44:08.582] [info] HBM2-CH_0: BW utilization 0% (0 reads, 0 writes)
[2026-03-14 23:44:08.582] [debug] HBM2-CH_1: BW utilization 0% (0 reads, 0 writes)
[2026-03-14 23:44:08.582] [debug] HBM2-CH_2: BW utilization 0% (0 reads, 0 writes)
[2026-03-14 23:44:08.582] [debug] HBM2-CH_3: BW utilization 0% (0 reads, 0 writes)
[2026-03-14 23:44:08.582] [debug] HBM2-CH_4: BW utilization 0% (0 reads, 0 writes)
[2026-03-14 23:44:08.582] [debug] HBM2-CH_5: BW utilization 0% (0 reads, 0 writes)
[2026-03-14 23:44:08.582] [debug] HBM2-CH_6: BW utilization 0% (0 reads, 0 writes)
[2026-03-14 23:44:08.582] [debug] HBM2-CH_7: BW utilization 0% (0 reads, 0 writes)
[2026-03-14 23:44:08.582] [debug] HBM2-CH_8: BW utilization 0% (0 reads, 0 writes)
[2026-03-14 23:44:08.583] [debug] HBM2-CH_9: BW utilization 0% (0 reads, 0 writes)
[2026-03-14 23:44:08.583] [debug] HBM2-CH_10: BW utilization 0% (0 reads, 0 writes)
[2026-03-14 23:44:08.583] [debug] HBM2-CH_11: BW utilization 0% (0 reads, 0 writes)
[2026-03-14 23:44:08.583] [debug] HBM2-CH_12: BW utilization 0% (0 reads, 0 writes)
[2026-03-14 23:44:08.583] [debug] HBM2-CH_13: BW utilization 0% (0 reads, 0 writes)
[2026-03-14 23:44:08.583] [debug] HBM2-CH_14: BW utilization 0% (0 reads, 0 writes)
[2026-03-14 23:44:08.583] [debug] HBM2-CH_15: BW utilization 0% (0 reads, 0 writes)
[2026-03-14 23:44:08.596] [info] Core [0] Tile Stats | Issued: 43 Running: 0 Finished: 43
[2026-03-14 23:44:08.596] [info] cycle: [1592000]
[2026-03-14 23:44:08.596] [info] Core [1] Tile Stats | Issued: 43 Running: 0 Finished: 43
[2026-03-14 23:44:08.596] [info] cycle: [1592000]
[2026-03-14 23:44:08.596] [info] Core [2] Tile Stats | Issued: 43 Running: 0 Finished: 43
[2026-03-14 23:44:08.596] [info] cycle: [1592000]
[2026-03-14 23:44:08.596] [info] Tile  status /m/layers/layers.0/MambaBlock/full, instructions left 30
[2026-03-14 23:44:08.596] [info] Core [3] Tile Stats | Issued: 43 Running: 1 Finished: 42
[2026-03-14 23:44:08.596] [info] cycle: [1592000]
[2026-03-14 23:44:08.711] [info] HBM2-CH_0: BW utilization 0% (0 reads, 0 writes)
[2026-03-14 23:44:08.711] [debug] HBM2-CH_1: BW utilization 0% (0 reads, 0 writes)
[2026-03-14 23:44:08.711] [debug] HBM2-CH_2: BW utilization 0% (0 reads, 0 writes)
[2026-03-14 23:44:08.711] [debug] HBM2-CH_3: BW utilization 0% (0 reads, 0 writes)
[2026-03-14 23:44:08.711] [debug] HBM2-CH_4: BW utilization 0% (0 reads, 0 writes)
[2026-03-14 23:44:08.711] [debug] HBM2-CH_5: BW utilization 0% (0 reads, 0 writes)
[2026-03-14 23:44:08.711] [debug] HBM2-CH_6: BW utilization 0% (0 reads, 0 writes)
[2026-03-14 23:44:08.711] [debug] HBM2-CH_7: BW utilization 0% (0 reads, 0 writes)
[2026-03-14 23:44:08.711] [debug] HBM2-CH_8: BW utilization 0% (0 reads, 0 writes)
[2026-03-14 23:44:08.711] [debug] HBM2-CH_9: BW utilization 0% (0 reads, 0 writes)
[2026-03-14 23:44:08.711] [debug] HBM2-CH_10: BW utilization 0% (0 reads, 0 writes)
[2026-03-14 23:44:08.711] [debug] HBM2-CH_11: BW utilization 0% (0 reads, 0 writes)
[2026-03-14 23:44:08.711] [debug] HBM2-CH_12: BW utilization 0% (0 reads, 0 writes)
[2026-03-14 23:44:08.711] [debug] HBM2-CH_13: BW utilization 0% (0 reads, 0 writes)
[2026-03-14 23:44:08.711] [debug] HBM2-CH_14: BW utilization 0% (0 reads, 0 writes)
[2026-03-14 23:44:08.711] [debug] HBM2-CH_15: BW utilization 0% (0 reads, 0 writes)
[2026-03-14 23:44:08.721] [info] Core [0] Tile Stats | Issued: 43 Running: 0 Finished: 43
[2026-03-14 23:44:08.721] [info] cycle: [1600000]
[2026-03-14 23:44:08.721] [info] Core [1] Tile Stats | Issued: 43 Running: 0 Finished: 43
[2026-03-14 23:44:08.721] [info] cycle: [1600000]
[2026-03-14 23:44:08.721] [info] Core [2] Tile Stats | Issued: 43 Running: 0 Finished: 43
[2026-03-14 23:44:08.721] [info] cycle: [1600000]
[2026-03-14 23:44:08.721] [info] Tile  status /m/layers/layers.0/MambaBlock/full, instructions left 30
[2026-03-14 23:44:08.721] [info] Core [3] Tile Stats | Issued: 43 Running: 1 Finished: 42
[2026-03-14 23:44:08.721] [info] cycle: [1600000]
[2026-03-14 23:44:08.869] [info] HBM2-CH_0: BW utilization 0% (0 reads, 0 writes)
[2026-03-14 23:44:08.870] [debug] HBM2-CH_1: BW utilization 0% (0 reads, 0 writes)
[2026-03-14 23:44:08.870] [debug] HBM2-CH_2: BW utilization 0% (0 reads, 0 writes)
[2026-03-14 23:44:08.870] [debug] HBM2-CH_3: BW utilization 0% (0 reads, 0 writes)
[2026-03-14 23:44:08.870] [debug] HBM2-CH_4: BW utilization 0% (0 reads, 0 writes)
[2026-03-14 23:44:08.870] [debug] HBM2-CH_5: BW utilization 0% (0 reads, 0 writes)
[2026-03-14 23:44:08.870] [debug] HBM2-CH_6: BW utilization 0% (0 reads, 0 writes)
[2026-03-14 23:44:08.870] [debug] HBM2-CH_7: BW utilization 0% (0 reads, 0 writes)
[2026-03-14 23:44:08.870] [debug] HBM2-CH_8: BW utilization 0% (0 reads, 0 writes)
[2026-03-14 23:44:08.870] [debug] HBM2-CH_9: BW utilization 0% (0 reads, 0 writes)
[2026-03-14 23:44:08.870] [debug] HBM2-CH_10: BW utilization 0% (0 reads, 0 writes)
[2026-03-14 23:44:08.870] [debug] HBM2-CH_11: BW utilization 0% (0 reads, 0 writes)
[2026-03-14 23:44:08.870] [debug] HBM2-CH_12: BW utilization 0% (0 reads, 0 writes)
[2026-03-14 23:44:08.870] [debug] HBM2-CH_13: BW utilization 0% (0 reads, 0 writes)
[2026-03-14 23:44:08.870] [debug] HBM2-CH_14: BW utilization 0% (0 reads, 0 writes)
[2026-03-14 23:44:08.870] [debug] HBM2-CH_15: BW utilization 0% (0 reads, 0 writes)
[2026-03-14 23:44:08.879] [info] Core [0] Tile Stats | Issued: 43 Running: 0 Finished: 43
[2026-03-14 23:44:08.879] [info] cycle: [1608000]
[2026-03-14 23:44:08.879] [info] Core [1] Tile Stats | Issued: 43 Running: 0 Finished: 43
[2026-03-14 23:44:08.879] [info] cycle: [1608000]
[2026-03-14 23:44:08.879] [info] Core [2] Tile Stats | Issued: 43 Running: 0 Finished: 43
[2026-03-14 23:44:08.879] [info] cycle: [1608000]
[2026-03-14 23:44:08.879] [info] Tile  status /m/layers/layers.0/MambaBlock/full, instructions left 30
[2026-03-14 23:44:08.879] [info] Core [3] Tile Stats | Issued: 43 Running: 1 Finished: 42
[2026-03-14 23:44:08.879] [info] cycle: [1608000]
[2026-03-14 23:44:08.989] [info] HBM2-CH_0: BW utilization 0% (0 reads, 0 writes)
[2026-03-14 23:44:08.989] [debug] HBM2-CH_1: BW utilization 0% (0 reads, 0 writes)
[2026-03-14 23:44:08.989] [debug] HBM2-CH_2: BW utilization 0% (0 reads, 0 writes)
[2026-03-14 23:44:08.989] [debug] HBM2-CH_3: BW utilization 0% (0 reads, 0 writes)
[2026-03-14 23:44:08.989] [debug] HBM2-CH_4: BW utilization 0% (0 reads, 0 writes)
[2026-03-14 23:44:08.989] [debug] HBM2-CH_5: BW utilization 0% (0 reads, 0 writes)
[2026-03-14 23:44:08.989] [debug] HBM2-CH_6: BW utilization 0% (0 reads, 0 writes)
[2026-03-14 23:44:08.989] [debug] HBM2-CH_7: BW utilization 0% (0 reads, 0 writes)
[2026-03-14 23:44:08.989] [debug] HBM2-CH_8: BW utilization 0% (0 reads, 0 writes)
[2026-03-14 23:44:08.989] [debug] HBM2-CH_9: BW utilization 0% (0 reads, 0 writes)
[2026-03-14 23:44:08.989] [debug] HBM2-CH_10: BW utilization 0% (0 reads, 0 writes)
[2026-03-14 23:44:08.989] [debug] HBM2-CH_11: BW utilization 0% (0 reads, 0 writes)
[2026-03-14 23:44:08.989] [debug] HBM2-CH_12: BW utilization 0% (0 reads, 0 writes)
[2026-03-14 23:44:08.989] [debug] HBM2-CH_13: BW utilization 0% (0 reads, 0 writes)
[2026-03-14 23:44:08.989] [debug] HBM2-CH_14: BW utilization 0% (0 reads, 0 writes)
[2026-03-14 23:44:08.989] [debug] HBM2-CH_15: BW utilization 0% (0 reads, 0 writes)
[2026-03-14 23:44:08.999] [info] Core [0] Tile Stats | Issued: 43 Running: 0 Finished: 43
[2026-03-14 23:44:08.999] [info] cycle: [1616000]
[2026-03-14 23:44:08.999] [info] Core [1] Tile Stats | Issued: 43 Running: 0 Finished: 43
[2026-03-14 23:44:08.999] [info] cycle: [1616000]
[2026-03-14 23:44:08.999] [info] Core [2] Tile Stats | Issued: 43 Running: 0 Finished: 43
[2026-03-14 23:44:08.999] [info] cycle: [1616000]
[2026-03-14 23:44:08.999] [info] Tile  status /m/layers/layers.0/MambaBlock/full, instructions left 30
[2026-03-14 23:44:08.999] [info] Core [3] Tile Stats | Issued: 43 Running: 1 Finished: 42
[2026-03-14 23:44:08.999] [info] cycle: [1616000]
[2026-03-14 23:44:09.127] [info] HBM2-CH_0: BW utilization 0% (0 reads, 0 writes)
[2026-03-14 23:44:09.127] [debug] HBM2-CH_1: BW utilization 0% (0 reads, 0 writes)
[2026-03-14 23:44:09.127] [debug] HBM2-CH_2: BW utilization 0% (0 reads, 0 writes)
[2026-03-14 23:44:09.127] [debug] HBM2-CH_3: BW utilization 0% (0 reads, 0 writes)
[2026-03-14 23:44:09.127] [debug] HBM2-CH_4: BW utilization 0% (0 reads, 0 writes)
[2026-03-14 23:44:09.127] [debug] HBM2-CH_5: BW utilization 0% (0 reads, 0 writes)
[2026-03-14 23:44:09.127] [debug] HBM2-CH_6: BW utilization 0% (0 reads, 0 writes)
[2026-03-14 23:44:09.127] [debug] HBM2-CH_7: BW utilization 0% (0 reads, 0 writes)
[2026-03-14 23:44:09.127] [debug] HBM2-CH_8: BW utilization 0% (0 reads, 0 writes)
[2026-03-14 23:44:09.127] [debug] HBM2-CH_9: BW utilization 0% (0 reads, 0 writes)
[2026-03-14 23:44:09.127] [debug] HBM2-CH_10: BW utilization 0% (0 reads, 0 writes)
[2026-03-14 23:44:09.127] [debug] HBM2-CH_11: BW utilization 0% (0 reads, 0 writes)
[2026-03-14 23:44:09.127] [debug] HBM2-CH_12: BW utilization 0% (0 reads, 0 writes)
[2026-03-14 23:44:09.127] [debug] HBM2-CH_13: BW utilization 0% (0 reads, 0 writes)
[2026-03-14 23:44:09.127] [debug] HBM2-CH_14: BW utilization 0% (0 reads, 0 writes)
[2026-03-14 23:44:09.127] [debug] HBM2-CH_15: BW utilization 0% (0 reads, 0 writes)
[2026-03-14 23:44:09.137] [info] Core [0] Tile Stats | Issued: 43 Running: 0 Finished: 43
[2026-03-14 23:44:09.137] [info] cycle: [1624000]
[2026-03-14 23:44:09.137] [info] Core [1] Tile Stats | Issued: 43 Running: 0 Finished: 43
[2026-03-14 23:44:09.137] [info] cycle: [1624000]
[2026-03-14 23:44:09.137] [info] Core [2] Tile Stats | Issued: 43 Running: 0 Finished: 43
[2026-03-14 23:44:09.137] [info] cycle: [1624000]
[2026-03-14 23:44:09.137] [info] Tile  status /m/layers/layers.0/MambaBlock/full, instructions left 30
[2026-03-14 23:44:09.137] [info] Core [3] Tile Stats | Issued: 43 Running: 1 Finished: 42
[2026-03-14 23:44:09.137] [info] cycle: [1624000]
[2026-03-14 23:44:09.253] [info] HBM2-CH_0: BW utilization 0% (0 reads, 0 writes)
[2026-03-14 23:44:09.253] [debug] HBM2-CH_1: BW utilization 0% (0 reads, 0 writes)
[2026-03-14 23:44:09.253] [debug] HBM2-CH_2: BW utilization 0% (0 reads, 0 writes)
[2026-03-14 23:44:09.253] [debug] HBM2-CH_3: BW utilization 0% (0 reads, 0 writes)
[2026-03-14 23:44:09.253] [debug] HBM2-CH_4: BW utilization 0% (0 reads, 0 writes)
[2026-03-14 23:44:09.253] [debug] HBM2-CH_5: BW utilization 0% (0 reads, 0 writes)
[2026-03-14 23:44:09.253] [debug] HBM2-CH_6: BW utilization 0% (0 reads, 0 writes)
[2026-03-14 23:44:09.253] [debug] HBM2-CH_7: BW utilization 0% (0 reads, 0 writes)
[2026-03-14 23:44:09.253] [debug] HBM2-CH_8: BW utilization 0% (0 reads, 0 writes)
[2026-03-14 23:44:09.253] [debug] HBM2-CH_9: BW utilization 0% (0 reads, 0 writes)
[2026-03-14 23:44:09.253] [debug] HBM2-CH_10: BW utilization 0% (0 reads, 0 writes)
[2026-03-14 23:44:09.253] [debug] HBM2-CH_11: BW utilization 0% (0 reads, 0 writes)
[2026-03-14 23:44:09.253] [debug] HBM2-CH_12: BW utilization 0% (0 reads, 0 writes)
[2026-03-14 23:44:09.253] [debug] HBM2-CH_13: BW utilization 0% (0 reads, 0 writes)
[2026-03-14 23:44:09.253] [debug] HBM2-CH_14: BW utilization 0% (0 reads, 0 writes)
[2026-03-14 23:44:09.253] [debug] HBM2-CH_15: BW utilization 0% (0 reads, 0 writes)
[2026-03-14 23:44:09.263] [info] Core [0] Tile Stats | Issued: 43 Running: 0 Finished: 43
[2026-03-14 23:44:09.263] [info] cycle: [1632000]
[2026-03-14 23:44:09.263] [info] Core [1] Tile Stats | Issued: 43 Running: 0 Finished: 43
[2026-03-14 23:44:09.263] [info] cycle: [1632000]
[2026-03-14 23:44:09.263] [info] Core [2] Tile Stats | Issued: 43 Running: 0 Finished: 43
[2026-03-14 23:44:09.263] [info] cycle: [1632000]
[2026-03-14 23:44:09.263] [info] Tile  status /m/layers/layers.0/MambaBlock/full, instructions left 30
[2026-03-14 23:44:09.263] [info] Core [3] Tile Stats | Issued: 43 Running: 1 Finished: 42
[2026-03-14 23:44:09.263] [info] cycle: [1632000]
[2026-03-14 23:44:09.388] [info] HBM2-CH_0: BW utilization 0% (0 reads, 0 writes)
[2026-03-14 23:44:09.388] [debug] HBM2-CH_1: BW utilization 0% (0 reads, 0 writes)
[2026-03-14 23:44:09.388] [debug] HBM2-CH_2: BW utilization 0% (0 reads, 0 writes)
[2026-03-14 23:44:09.388] [debug] HBM2-CH_3: BW utilization 0% (0 reads, 0 writes)
[2026-03-14 23:44:09.388] [debug] HBM2-CH_4: BW utilization 0% (0 reads, 0 writes)
[2026-03-14 23:44:09.388] [debug] HBM2-CH_5: BW utilization 0% (0 reads, 0 writes)
[2026-03-14 23:44:09.388] [debug] HBM2-CH_6: BW utilization 0% (0 reads, 0 writes)
[2026-03-14 23:44:09.388] [debug] HBM2-CH_7: BW utilization 0% (0 reads, 0 writes)
[2026-03-14 23:44:09.388] [debug] HBM2-CH_8: BW utilization 0% (0 reads, 0 writes)
[2026-03-14 23:44:09.388] [debug] HBM2-CH_9: BW utilization 0% (0 reads, 0 writes)
[2026-03-14 23:44:09.388] [debug] HBM2-CH_10: BW utilization 0% (0 reads, 0 writes)
[2026-03-14 23:44:09.388] [debug] HBM2-CH_11: BW utilization 0% (0 reads, 0 writes)
[2026-03-14 23:44:09.388] [debug] HBM2-CH_12: BW utilization 0% (0 reads, 0 writes)
[2026-03-14 23:44:09.388] [debug] HBM2-CH_13: BW utilization 0% (0 reads, 0 writes)
[2026-03-14 23:44:09.388] [debug] HBM2-CH_14: BW utilization 0% (0 reads, 0 writes)
[2026-03-14 23:44:09.388] [debug] HBM2-CH_15: BW utilization 0% (0 reads, 0 writes)
[2026-03-14 23:44:09.400] [info] Core [0] Tile Stats | Issued: 43 Running: 0 Finished: 43
[2026-03-14 23:44:09.400] [info] cycle: [1640000]
[2026-03-14 23:44:09.400] [info] Core [1] Tile Stats | Issued: 43 Running: 0 Finished: 43
[2026-03-14 23:44:09.400] [info] cycle: [1640000]
[2026-03-14 23:44:09.400] [info] Core [2] Tile Stats | Issued: 43 Running: 0 Finished: 43
[2026-03-14 23:44:09.400] [info] cycle: [1640000]
[2026-03-14 23:44:09.400] [info] Tile  status /m/layers/layers.0/MambaBlock/full, instructions left 30
[2026-03-14 23:44:09.400] [info] Core [3] Tile Stats | Issued: 43 Running: 1 Finished: 42
[2026-03-14 23:44:09.400] [info] cycle: [1640000]
