[2026-04-01 15:17:08.033] [info] CPU 0: Partition 0
[2026-04-01 15:17:08.033] [info] CPU 1: Partition 0
[2026-04-01 15:17:08.033] [info] CPU 2: Partition 0
[2026-04-01 15:17:08.033] [info] CPU 3: Partition 0
[2026-04-01 15:17:08.033] [info] Running in language mode
[2026-04-01 15:17:08.034] [info] Simulator Configuration:
[2026-04-01 15:17:08.034] [info] [Core 0] Systolic Array Throughput: 131072 GFLOPS, Spad size: 32768 KB, Accumulator size: 4096 KB
[2026-04-01 15:17:08.034] [info] [Core 1] Systolic Array Throughput: 131072 GFLOPS, Spad size: 32768 KB, Accumulator size: 4096 KB
[2026-04-01 15:17:08.034] [info] [Core 2] Systolic Array Throughput: 131072 GFLOPS, Spad size: 32768 KB, Accumulator size: 4096 KB
[2026-04-01 15:17:08.034] [info] [Core 3] Systolic Array Throughput: 131072 GFLOPS, Spad size: 32768 KB, Accumulator size: 4096 KB
[2026-04-01 15:17:08.034] [info] DRAM Bandwidth 614 GB/s
[2026-04-01 15:17:08.034] [info] Ramulator2 config: ./configs/../configs/ramulator2_configs/HBM2.yaml
[2026-04-01 15:17:08.038] [info] Initialize SimpleInterconnect
[2026-04-01 15:17:08.039] [info] ICNT print interval: 8000 cycles
[2026-04-01 15:17:08.039] [info] num cores : [4]
[2026-04-01 15:17:08.039] [info] Register Language Model: opt-125m
[2026-04-01 15:17:08.039] [info] Tensor Parallelsim 1, Pipeline Parallelism 1
[2026-04-01 15:17:08.039] [info] Weight size: 0.09 GB
[2026-04-01 15:17:08.039] [info] Simple Language scheduler selected
[2026-04-01 15:17:08.039] [info] num layer 1 num sim layer 1
[2026-04-01 15:17:08.040] [info] has_l2,[false]
[2026-04-01 15:17:08.040] [info] ======Start Simulation=====
[2026-04-01 15:17:08.040] [info] Total Memory Usage: 0.09 GB
[2026-04-01 15:17:08.040] [info] Weight Memory Usage: 0.09 GB
[2026-04-01 15:17:08.040] [info] KV Memory Usage: 0.00 GB
[2026-04-01 15:17:08.040] [info] Activation Memory Usage: 0.00 GB
[2026-04-01 15:17:08.040] [info] [GEMM] spad_size: 33554432 accum_size: 4194304
[2026-04-01 15:17:08.040] [info] [GEMM] required_sram_size: 983040 required_accum_size: 131072
[2026-04-01 15:17:08.040] [info] [GEMM] Used gemmini gemm mapping: Total N:1 C:768 M:2304, Outer N:1 C:1 M:5, Inner N:128 C:768 M:512
[2026-04-01 15:17:08.053] [info] [GemmWs] Keys K = 768, N = 1, M = 2304
[2026-04-01 15:17:08.053] [info] [GemmWS]: total 0.003541248 GFLOPs, 0.003549696 GB
[2026-04-01 15:17:08.053] [info] [GemmWS]: Theoretical time(ms): 0.005781263553217286 Compute time: 2.7017577508559043e-05 Memory time: 0.005781263553217286
[2026-04-01 15:17:08.053] [info] [Attention] total_spad_size_per_head: 384 B
[2026-04-01 15:17:08.053] [info] [Attention] total_acc_size_per_head: 2 B
[2026-04-01 15:17:08.053] [info] [Attention] q_len: 1, seq_len: 1, dk: 64, heads per tile 1
[2026-04-01 15:17:08.053] [info] [Attention] Spad size 16777216
[2026-04-01 15:17:08.053] [info] [Attention] Accum spad size 2097152
[2026-04-01 15:17:08.053] [info] Mapping info Total Loop: N12 C64 M1 S1 R1 Q1 P1 Tile Out Loop: N12 C1 M1 S1 R1 Q1 P1 Tile In Loop: N1 C64 M1 S1 R1 Q1 P1
[2026-04-01 15:17:08.053] [info] [Attention] QK 1.536e-06 GFLOPs
[2026-04-01 15:17:08.053] [info] [Attention] total 3.192e-06 GFLOPs, 6.144e-06 GB
[2026-04-01 15:17:08.053] [info] [Attention] Theoretical time(ms): 1.00065145e-05 Compute time: 3.8085936e-08 Memory time: 1.00065145e-05
[2026-04-01 15:17:08.053] [info] [Attention] QK compute 0.0000ms Softmax compute 0.0000ms SV compute 0.0000ms
[2026-04-01 15:17:08.053] [info] [GEMM] spad_size: 33554432 accum_size: 4194304
[2026-04-01 15:17:08.053] [info] [GEMM] required_sram_size: 393216 required_accum_size: 32768
[2026-04-01 15:17:08.053] [info] [GEMM] Used gemmini gemm mapping: Total N:1 C:768 M:768, Outer N:1 C:1 M:6, Inner N:128 C:768 M:128
[2026-04-01 15:17:08.057] [info] [GemmWs] Keys K = 768, N = 1, M = 768
[2026-04-01 15:17:08.057] [info] [GemmWS]: total 0.0011804161 GFLOPs, 0.0011842559 GB
[2026-04-01 15:17:08.057] [info] [GemmWS]: Theoretical time(ms): 0.0019287556369818049 Compute time: 9.0058600576981e-06 Memory time: 0.0019287556369818049
[2026-04-01 15:17:08.057] [info] [SkipLayerNorm] tokens_per_tile: 1
[2026-04-01 15:17:08.057] [info] [GEMM] spad_size: 33554432 accum_size: 4194304
[2026-04-01 15:17:08.057] [info] [GEMM] required_sram_size: 983040 required_accum_size: 131072
[2026-04-01 15:17:08.057] [info] [GEMM] Used gemmini gemm mapping: Total N:1 C:768 M:3072, Outer N:1 C:1 M:6, Inner N:128 C:768 M:512
[2026-04-01 15:17:08.074] [info] [GemmWs] Keys K = 768, N = 1, M = 3072
[2026-04-01 15:17:08.074] [info] [GemmWS]: total 0.0047185924 GFLOPs, 0.004726272 GB
[2026-04-01 15:17:08.074] [info] [GemmWS]: Theoretical time(ms): 0.0076975111369392835 Compute time: 3.6000002978653356e-05 Memory time: 0.0076975111369392835
[2026-04-01 15:17:08.074] [info] [BiasAct] tokens_per_tile: 1
[2026-04-01 15:17:08.074] [info] [GEMM] spad_size: 33554432 accum_size: 4194304
[2026-04-01 15:17:08.074] [info] [GEMM] required_sram_size: 1572864 required_accum_size: 32768
[2026-04-01 15:17:08.074] [info] [GEMM] Used gemmini gemm mapping: Total N:1 C:3072 M:768, Outer N:1 C:1 M:6, Inner N:128 C:3072 M:128
[2026-04-01 15:17:08.092] [info] [GemmWs] Keys K = 3072, N = 1, M = 768
[2026-04-01 15:17:08.092] [info] [GemmWS]: total 0.0047193603 GFLOPs, 0.0047278083 GB
[2026-04-01 15:17:08.092] [info] [GemmWS]: Theoretical time(ms): 0.007700013156863861 Compute time: 3.60058614035097e-05 Memory time: 0.007700013156863861
[2026-04-01 15:17:08.092] [info] [SkipLayerNorm] tokens_per_tile: 1
[2026-04-01 15:17:08.092] [info]  Model initialization time: 0.052325 seconds
[2026-04-01 15:17:08.092] [info] Schedule model: opt-125m at 1000 us
[2026-04-01 15:17:08.092] [info] MODEL opt-125m Scheduled, Total Request: 1
[2026-04-01 15:17:08.092] [info] executable layer count 1
[2026-04-01 15:17:08.092] [info] Start layer layer0.attn.QKVgen
[2026-04-01 15:17:08.092] [info] Issue tile Gemm on core 0, spad_id 1, accum_spad_id 1
[2026-04-01 15:17:08.092] [info] Issue tile Gemm on core 1, spad_id 1, accum_spad_id 1
[2026-04-01 15:17:08.092] [info] Issue tile Gemm on core 2, spad_id 1, accum_spad_id 1
[2026-04-01 15:17:08.092] [info] Issue tile Gemm on core 3, spad_id 1, accum_spad_id 1
[2026-04-01 15:17:08.092] [info] HBM2-CH_0: BW utilization 0% (0 reads, 0 writes)
[2026-04-01 15:17:08.570] [info] HBM2-CH_0: BW utilization 60% (5855 reads, 0 writes)
[2026-04-01 15:17:08.718] [info] HBM2-CH_0: BW utilization 11% (1080 reads, 9 writes)
[2026-04-01 15:17:08.796] [info] HBM2-CH_0: BW utilization 0% (0 reads, 0 writes)
[2026-04-01 15:17:08.797] [info] Layer layer0.attn.QKVgen finish at 24000
[2026-04-01 15:17:08.797] [info] Total compute time 24000
[2026-04-01 15:17:08.797] [info] executable layer count 1
[2026-04-01 15:17:08.797] [info] Start layer layer0.attn.KVccat
[2026-04-01 15:17:08.797] [info] Issue tile KVCacheConcat on core 3, spad_id 1, accum_spad_id 1
[2026-04-01 15:17:08.797] [info] Layer layer0.attn.KVccat finish at 24001
[2026-04-01 15:17:08.797] [info] Total compute time 1
[2026-04-01 15:17:08.797] [info] executable layer count 1
[2026-04-01 15:17:08.797] [info] Start layer layer0.attn.Attention.0
[2026-04-01 15:17:08.875] [info] HBM2-CH_0: BW utilization 0% (0 reads, 0 writes)
[2026-04-01 15:17:08.875] [info] Issue tile layer0.attn.Attention.0 on core 3, spad_id 1, accum_spad_id 1
[2026-04-01 15:17:08.953] [info] HBM2-CH_0: BW utilization 0% (0 reads, 0 writes)
[2026-04-01 15:17:08.953] [info] Issue tile layer0.attn.Attention.0 on core 3, spad_id 0, accum_spad_id 0
[2026-04-01 15:17:09.031] [info] HBM2-CH_0: BW utilization 0% (0 reads, 1 writes)
[2026-04-01 15:17:09.032] [info] Issue tile layer0.attn.Attention.0 on core 3, spad_id 1, accum_spad_id 1
[2026-04-01 15:17:09.112] [info] HBM2-CH_0: BW utilization 0% (1 reads, 1 writes)
[2026-04-01 15:17:09.112] [info] Issue tile layer0.attn.Attention.0 on core 3, spad_id 0, accum_spad_id 0
[2026-04-01 15:17:09.190] [info] HBM2-CH_0: BW utilization 0% (0 reads, 0 writes)
[2026-04-01 15:17:09.190] [info] Issue tile layer0.attn.Attention.0 on core 3, spad_id 1, accum_spad_id 1
[2026-04-01 15:17:09.268] [info] HBM2-CH_0: BW utilization 0% (0 reads, 0 writes)
[2026-04-01 15:17:09.268] [info] Issue tile layer0.attn.Attention.0 on core 3, spad_id 0, accum_spad_id 0
[2026-04-01 15:17:09.346] [info] HBM2-CH_0: BW utilization 0% (0 reads, 0 writes)
[2026-04-01 15:17:09.346] [info] Issue tile layer0.attn.Attention.0 on core 3, spad_id 1, accum_spad_id 1
[2026-04-01 15:17:09.430] [info] HBM2-CH_0: BW utilization 0% (1 reads, 1 writes)
[2026-04-01 15:17:09.431] [info] Issue tile layer0.attn.Attention.0 on core 3, spad_id 0, accum_spad_id 0
[2026-04-01 15:17:09.524] [info] HBM2-CH_0: BW utilization 0% (0 reads, 0 writes)
[2026-04-01 15:17:09.524] [info] Issue tile layer0.attn.Attention.0 on core 3, spad_id 1, accum_spad_id 1
[2026-04-01 15:17:09.613] [info] HBM2-CH_0: BW utilization 0% (0 reads, 0 writes)
[2026-04-01 15:17:09.614] [info] Issue tile layer0.attn.Attention.0 on core 3, spad_id 0, accum_spad_id 0
[2026-04-01 15:17:09.700] [info] HBM2-CH_0: BW utilization 0% (0 reads, 0 writes)
[2026-04-01 15:17:09.783] [info] HBM2-CH_0: BW utilization 0% (0 reads, 0 writes)
[2026-04-01 15:17:09.784] [info] Layer layer0.attn.Attention.0 finish at 120000
[2026-04-01 15:17:09.784] [info] Total compute time 95999
[2026-04-01 15:17:09.784] [info] executable layer count 1
[2026-04-01 15:17:09.784] [info] Start layer layer0.attn.Atccat
[2026-04-01 15:17:09.784] [info] Issue tile Concat on core 3, spad_id 1, accum_spad_id 1
[2026-04-01 15:17:09.784] [info] Layer layer0.attn.Atccat finish at 120001
[2026-04-01 15:17:09.784] [info] Total compute time 1
[2026-04-01 15:17:09.784] [info] executable layer count 1
[2026-04-01 15:17:09.784] [info] Start layer layer0.attn.proj
[2026-04-01 15:17:09.887] [info] HBM2-CH_0: BW utilization 8% (773 reads, 1 writes)
[2026-04-01 15:17:09.888] [info] Issue tile Gemm on core 3, spad_id 1, accum_spad_id 1
[2026-04-01 15:17:09.981] [info] HBM2-CH_0: BW utilization 4% (386 reads, 0 writes)
[2026-04-01 15:17:09.981] [info] Issue tile Gemm on core 3, spad_id 0, accum_spad_id 0
[2026-04-01 15:17:10.084] [info] HBM2-CH_0: BW utilization 4% (387 reads, 1 writes)
[2026-04-01 15:17:10.085] [info] Issue tile Gemm on core 3, spad_id 1, accum_spad_id 1
[2026-04-01 15:17:10.180] [info] HBM2-CH_0: BW utilization 4% (386 reads, 0 writes)
[2026-04-01 15:17:10.181] [info] Issue tile Gemm on core 3, spad_id 0, accum_spad_id 0
[2026-04-01 15:17:10.281] [info] HBM2-CH_0: BW utilization 4% (386 reads, 1 writes)
[2026-04-01 15:17:10.371] [info] HBM2-CH_0: BW utilization 0% (0 reads, 0 writes)
[2026-04-01 15:17:10.372] [info] Layer layer0.attn.proj finish at 168000
[2026-04-01 15:17:10.372] [info] Total compute time 47999
[2026-04-01 15:17:10.372] [info] executable layer count 1
[2026-04-01 15:17:10.372] [info] Start layer layer0.attn.ln
[2026-04-01 15:17:10.372] [info] Issue tile layer0.attn.ln on core 3, spad_id 1, accum_spad_id 1
[2026-04-01 15:17:10.467] [info] HBM2-CH_0: BW utilization 0% (6 reads, 3 writes)
[2026-04-01 15:17:10.467] [info] Layer layer0.attn.ln finish at 176000
[2026-04-01 15:17:10.467] [info] Total compute time 8000
[2026-04-01 15:17:10.467] [info] executable layer count 1
[2026-04-01 15:17:10.467] [info] Start layer layer0.ffn.fc1
[2026-04-01 15:17:10.467] [info] Issue tile Gemm on core 3, spad_id 1, accum_spad_id 1
[2026-04-01 15:17:10.696] [info] HBM2-CH_0: BW utilization 32% (3080 reads, 4 writes)
[2026-04-01 15:17:10.696] [info] Issue tile Gemm on core 3, spad_id 1, accum_spad_id 1
[2026-04-01 15:17:10.827] [info] HBM2-CH_0: BW utilization 16% (1540 reads, 2 writes)
[2026-04-01 15:17:10.828] [info] Issue tile Gemm on core 3, spad_id 0, accum_spad_id 0
[2026-04-01 15:17:10.970] [info] HBM2-CH_0: BW utilization 16% (1540 reads, 2 writes)
[2026-04-01 15:17:10.971] [info] Issue tile Gemm on core 3, spad_id 1, accum_spad_id 1
[2026-04-01 15:17:11.120] [info] HBM2-CH_0: BW utilization 16% (1540 reads, 2 writes)
[2026-04-01 15:17:11.121] [info] Issue tile Gemm on core 3, spad_id 0, accum_spad_id 0
[2026-04-01 15:17:11.269] [info] HBM2-CH_0: BW utilization 16% (1540 reads, 2 writes)
[2026-04-01 15:17:11.351] [info] HBM2-CH_0: BW utilization 0% (0 reads, 0 writes)
[2026-04-01 15:17:11.352] [info] Layer layer0.ffn.fc1 finish at 224000
[2026-04-01 15:17:11.352] [info] Total compute time 48000
[2026-04-01 15:17:11.352] [info] executable layer count 1
[2026-04-01 15:17:11.352] [info] Start layer layer0.ffn.act
[2026-04-01 15:17:11.352] [info] Issue tile layer0.ffn.act on core 3, spad_id 1, accum_spad_id 1
[2026-04-01 15:17:11.433] [info] HBM2-CH_0: BW utilization 0% (24 reads, 12 writes)
[2026-04-01 15:17:11.434] [info] Layer layer0.ffn.act finish at 232000
[2026-04-01 15:17:11.434] [info] Total compute time 8000
[2026-04-01 15:17:11.434] [info] executable layer count 1
[2026-04-01 15:17:11.434] [info] Start layer layer0.ffn.fc2
[2026-04-01 15:17:11.434] [info] Issue tile Gemm on core 3, spad_id 1, accum_spad_id 1
[2026-04-01 15:17:11.646] [info] HBM2-CH_0: BW utilization 32% (3097 reads, 0 writes)
[2026-04-01 15:17:11.647] [info] Issue tile Gemm on core 3, spad_id 1, accum_spad_id 1
[2026-04-01 15:17:11.783] [info] HBM2-CH_0: BW utilization 16% (1548 reads, 1 writes)
[2026-04-01 15:17:11.784] [info] Issue tile Gemm on core 3, spad_id 0, accum_spad_id 0
[2026-04-01 15:17:11.933] [info] HBM2-CH_0: BW utilization 16% (1549 reads, 1 writes)
[2026-04-01 15:17:11.934] [info] Issue tile Gemm on core 3, spad_id 1, accum_spad_id 1
[2026-04-01 15:17:12.075] [info] HBM2-CH_0: BW utilization 16% (1548 reads, 0 writes)
[2026-04-01 15:17:12.076] [info] Issue tile Gemm on core 3, spad_id 0, accum_spad_id 0
[2026-04-01 15:17:12.233] [info] HBM2-CH_0: BW utilization 16% (1548 reads, 1 writes)
[2026-04-01 15:17:12.322] [info] HBM2-CH_0: BW utilization 0% (0 reads, 0 writes)
[2026-04-01 15:17:12.323] [info] Layer layer0.ffn.fc2 finish at 280000
[2026-04-01 15:17:12.323] [info] Total compute time 48000
[2026-04-01 15:17:12.323] [info] executable layer count 1
[2026-04-01 15:17:12.323] [info] Start layer layer0.ffn.ln
[2026-04-01 15:17:12.323] [info] Issue tile layer0.ffn.ln on core 3, spad_id 1, accum_spad_id 1
[2026-04-01 15:17:12.411] [info] HBM2-CH_0: BW utilization 0% (7 reads, 4 writes)
[2026-04-01 15:17:12.412] [info] Layer layer0.ffn.ln finish at 288000
[2026-04-01 15:17:12.412] [info] Total compute time 8000
[2026-04-01 15:17:12.412] [info] Model[opt-125m] Request: 0 us, Start: 0 us, finish:288 us, Current Cycle:288000
[2026-04-01 15:17:12.412] [info] No total_seq_len!
[2026-04-01 15:17:12.414] [info] Total Memory Usage: 0.09 GB
[2026-04-01 15:17:12.414] [info] Weight Memory Usage: 0.09 GB
[2026-04-01 15:17:12.414] [info] KV Memory Usage: 0.00 GB
[2026-04-01 15:17:12.414] [info] Activation Memory Usage: 0.00 GB
[2026-04-01 15:17:12.414] [info] [GEMM] spad_size: 33554432 accum_size: 4194304
[2026-04-01 15:17:12.414] [info] [GEMM] required_sram_size: 983040 required_accum_size: 131072
[2026-04-01 15:17:12.414] [info] [GEMM] Used gemmini gemm mapping: Total N:1 C:768 M:2304, Outer N:1 C:1 M:5, Inner N:128 C:768 M:512
[2026-04-01 15:17:12.425] [info] [GemmWs] Keys K = 768, N = 1, M = 2304
[2026-04-01 15:17:12.425] [info] [GemmWS]: total 0.003541248 GFLOPs, 0.003549696 GB
[2026-04-01 15:17:12.425] [info] [GemmWS]: Theoretical time(ms): 0.005781263553217286 Compute time: 2.7017577508559043e-05 Memory time: 0.005781263553217286
[2026-04-01 15:17:12.425] [info] [Attention] total_spad_size_per_head: 896 B
[2026-04-01 15:17:12.425] [info] [Attention] total_acc_size_per_head: 6 B
[2026-04-01 15:17:12.425] [info] [Attention] q_len: 1, seq_len: 3, dk: 64, heads per tile 1
[2026-04-01 15:17:12.425] [info] [Attention] Spad size 16777216
[2026-04-01 15:17:12.425] [info] [Attention] Accum spad size 2097152
[2026-04-01 15:17:12.425] [info] Mapping info Total Loop: N12 C64 M3 S1 R1 Q1 P1 Tile Out Loop: N12 C1 M1 S1 R1 Q1 P1 Tile In Loop: N1 C64 M3 S1 R1 Q1 P1
[2026-04-01 15:17:12.426] [info] [Attention] QK 4.608e-06 GFLOPs
[2026-04-01 15:17:12.426] [info] [Attention] total 9.576e-06 GFLOPs, 1.2288e-05 GB
[2026-04-01 15:17:12.426] [info] [Attention] Theoretical time(ms): 2.0013029e-05 Compute time: 1.1425781e-07 Memory time: 2.0013029e-05
[2026-04-01 15:17:12.426] [info] [Attention] QK compute 0.0000ms Softmax compute 0.0000ms SV compute 0.0000ms
[2026-04-01 15:17:12.426] [info] [GEMM] spad_size: 33554432 accum_size: 4194304
[2026-04-01 15:17:12.426] [info] [GEMM] required_sram_size: 393216 required_accum_size: 32768
[2026-04-01 15:17:12.426] [info] [GEMM] Used gemmini gemm mapping: Total N:1 C:768 M:768, Outer N:1 C:1 M:6, Inner N:128 C:768 M:128
[2026-04-01 15:17:12.430] [info] [GemmWs] Keys K = 768, N = 1, M = 768
[2026-04-01 15:17:12.430] [info] [GemmWS]: total 0.0011804161 GFLOPs, 0.0011842559 GB
[2026-04-01 15:17:12.430] [info] [GemmWS]: Theoretical time(ms): 0.0019287556369818049 Compute time: 9.0058600576981e-06 Memory time: 0.0019287556369818049
[2026-04-01 15:17:12.430] [info] [SkipLayerNorm] tokens_per_tile: 1
[2026-04-01 15:17:12.430] [info] [GEMM] spad_size: 33554432 accum_size: 4194304
[2026-04-01 15:17:12.430] [info] [GEMM] required_sram_size: 983040 required_accum_size: 131072
[2026-04-01 15:17:12.430] [info] [GEMM] Used gemmini gemm mapping: Total N:1 C:768 M:3072, Outer N:1 C:1 M:6, Inner N:128 C:768 M:512
[2026-04-01 15:17:12.445] [info] [GemmWs] Keys K = 768, N = 1, M = 3072
[2026-04-01 15:17:12.445] [info] [GemmWS]: total 0.0047185924 GFLOPs, 0.004726272 GB
[2026-04-01 15:17:12.445] [info] [GemmWS]: Theoretical time(ms): 0.0076975111369392835 Compute time: 3.6000002978653356e-05 Memory time: 0.0076975111369392835
[2026-04-01 15:17:12.445] [info] [BiasAct] tokens_per_tile: 1
[2026-04-01 15:17:12.445] [info] [GEMM] spad_size: 33554432 accum_size: 4194304
[2026-04-01 15:17:12.445] [info] [GEMM] required_sram_size: 1572864 required_accum_size: 32768
[2026-04-01 15:17:12.445] [info] [GEMM] Used gemmini gemm mapping: Total N:1 C:3072 M:768, Outer N:1 C:1 M:6, Inner N:128 C:3072 M:128
[2026-04-01 15:17:12.464] [info] [GemmWs] Keys K = 3072, N = 1, M = 768
[2026-04-01 15:17:12.464] [info] [GemmWS]: total 0.0047193603 GFLOPs, 0.0047278083 GB
[2026-04-01 15:17:12.464] [info] [GemmWS]: Theoretical time(ms): 0.007700013156863861 Compute time: 3.60058614035097e-05 Memory time: 0.007700013156863861
[2026-04-01 15:17:12.464] [info] [SkipLayerNorm] tokens_per_tile: 1
[2026-04-01 15:17:12.464] [info]  Model initialization time: 0.049970 seconds
[2026-04-01 15:17:12.464] [info] Schedule model: opt-125m at 288002000 us
[2026-04-01 15:17:12.464] [info] MODEL opt-125m Scheduled, Total Request: 1
[2026-04-01 15:17:12.464] [info] executable layer count 1
[2026-04-01 15:17:12.464] [info] Start layer layer0.attn.QKVgen
[2026-04-01 15:17:12.684] [info] HBM2-CH_0: BW utilization 32% (3082 reads, 3 writes)
[2026-04-01 15:17:12.685] [info] Issue tile Gemm on core 3, spad_id 1, accum_spad_id 1
[2026-04-01 15:17:12.821] [info] HBM2-CH_0: BW utilization 16% (1540 reads, 2 writes)
[2026-04-01 15:17:12.822] [info] Issue tile Gemm on core 3, spad_id 0, accum_spad_id 0
[2026-04-01 15:17:12.971] [info] HBM2-CH_0: BW utilization 16% (1541 reads, 2 writes)
[2026-04-01 15:17:12.973] [info] Issue tile Gemm on core 3, spad_id 1, accum_spad_id 1
[2026-04-01 15:17:13.089] [info] HBM2-CH_0: BW utilization 8% (772 reads, 1 writes)
[2026-04-01 15:17:13.176] [info] HBM2-CH_0: BW utilization 0% (0 reads, 0 writes)
[2026-04-01 15:17:13.177] [info] Layer layer0.attn.QKVgen finish at 328000
[2026-04-01 15:17:13.177] [info] Total compute time 39999
[2026-04-01 15:17:13.177] [info] executable layer count 1
[2026-04-01 15:17:13.177] [info] Start layer layer0.attn.KVccat
[2026-04-01 15:17:13.177] [info] Issue tile KVCacheConcat on core 3, spad_id 1, accum_spad_id 1
[2026-04-01 15:17:13.177] [info] Layer layer0.attn.KVccat finish at 328001
[2026-04-01 15:17:13.177] [info] Total compute time 1
[2026-04-01 15:17:13.177] [info] executable layer count 1
[2026-04-01 15:17:13.177] [info] Start layer layer0.attn.Attention.0
[2026-04-01 15:17:13.262] [info] HBM2-CH_0: BW utilization 0% (4 reads, 0 writes)
[2026-04-01 15:17:13.263] [info] Issue tile layer0.attn.Attention.0 on core 3, spad_id 1, accum_spad_id 1
[2026-04-01 15:17:13.348] [info] HBM2-CH_0: BW utilization 0% (3 reads, 0 writes)
[2026-04-01 15:17:13.349] [info] Issue tile layer0.attn.Attention.0 on core 3, spad_id 0, accum_spad_id 0
[2026-04-01 15:17:13.434] [info] HBM2-CH_0: BW utilization 0% (2 reads, 1 writes)
[2026-04-01 15:17:13.436] [info] Issue tile layer0.attn.Attention.0 on core 3, spad_id 1, accum_spad_id 1
[2026-04-01 15:17:13.515] [info] HBM2-CH_0: BW utilization 0% (2 reads, 0 writes)
[2026-04-01 15:17:13.516] [info] Issue tile layer0.attn.Attention.0 on core 3, spad_id 0, accum_spad_id 0
[2026-04-01 15:17:13.596] [info] HBM2-CH_0: BW utilization 0% (2 reads, 0 writes)
[2026-04-01 15:17:13.598] [info] Issue tile layer0.attn.Attention.0 on core 3, spad_id 1, accum_spad_id 1
[2026-04-01 15:17:13.674] [info] HBM2-CH_0: BW utilization 0% (3 reads, 0 writes)
[2026-04-01 15:17:13.676] [info] Issue tile layer0.attn.Attention.0 on core 3, spad_id 0, accum_spad_id 0
[2026-04-01 15:17:13.752] [info] HBM2-CH_0: BW utilization 0% (2 reads, 1 writes)
[2026-04-01 15:17:13.753] [info] Issue tile layer0.attn.Attention.0 on core 3, spad_id 1, accum_spad_id 1
[2026-04-01 15:17:13.837] [info] HBM2-CH_0: BW utilization 0% (3 reads, 0 writes)
[2026-04-01 15:17:13.838] [info] Issue tile layer0.attn.Attention.0 on core 3, spad_id 0, accum_spad_id 0
[2026-04-01 15:17:13.928] [info] HBM2-CH_0: BW utilization 0% (2 reads, 0 writes)
[2026-04-01 15:17:13.929] [info] Issue tile layer0.attn.Attention.0 on core 3, spad_id 1, accum_spad_id 1
[2026-04-01 15:17:14.018] [info] HBM2-CH_0: BW utilization 0% (2 reads, 0 writes)
[2026-04-01 15:17:14.020] [info] Issue tile layer0.attn.Attention.0 on core 3, spad_id 0, accum_spad_id 0
[2026-04-01 15:17:14.108] [info] HBM2-CH_0: BW utilization 0% (2 reads, 0 writes)
[2026-04-01 15:17:14.198] [info] HBM2-CH_0: BW utilization 0% (0 reads, 0 writes)
[2026-04-01 15:17:14.200] [info] Layer layer0.attn.Attention.0 finish at 424000
[2026-04-01 15:17:14.200] [info] Total compute time 95999
[2026-04-01 15:17:14.200] [info] executable layer count 1
[2026-04-01 15:17:14.200] [info] Start layer layer0.attn.Atccat
[2026-04-01 15:17:14.200] [info] Issue tile Concat on core 3, spad_id 1, accum_spad_id 1
[2026-04-01 15:17:14.200] [info] Layer layer0.attn.Atccat finish at 424001
[2026-04-01 15:17:14.200] [info] Total compute time 1
[2026-04-01 15:17:14.200] [info] executable layer count 1
[2026-04-01 15:17:14.200] [info] Start layer layer0.attn.proj
[2026-04-01 15:17:14.315] [info] HBM2-CH_0: BW utilization 8% (775 reads, 1 writes)
[2026-04-01 15:17:14.317] [info] Issue tile Gemm on core 3, spad_id 1, accum_spad_id 1
[2026-04-01 15:17:14.405] [info] HBM2-CH_0: BW utilization 4% (387 reads, 0 writes)
[2026-04-01 15:17:14.407] [info] Issue tile Gemm on core 3, spad_id 0, accum_spad_id 0
[2026-04-01 15:17:14.495] [info] HBM2-CH_0: BW utilization 4% (388 reads, 1 writes)
[2026-04-01 15:17:14.497] [info] Issue tile Gemm on core 3, spad_id 1, accum_spad_id 1
[2026-04-01 15:17:14.589] [info] HBM2-CH_0: BW utilization 4% (387 reads, 0 writes)
[2026-04-01 15:17:14.591] [info] Issue tile Gemm on core 3, spad_id 0, accum_spad_id 0
[2026-04-01 15:17:14.680] [info] HBM2-CH_0: BW utilization 4% (387 reads, 1 writes)
[2026-04-01 15:17:14.769] [info] HBM2-CH_0: BW utilization 0% (0 reads, 0 writes)
[2026-04-01 15:17:14.771] [info] Layer layer0.attn.proj finish at 472000
[2026-04-01 15:17:14.771] [info] Total compute time 47999
[2026-04-01 15:17:14.771] [info] executable layer count 1
[2026-04-01 15:17:14.771] [info] Start layer layer0.attn.ln
[2026-04-01 15:17:14.771] [info] Issue tile layer0.attn.ln on core 3, spad_id 1, accum_spad_id 1
[2026-04-01 15:17:14.860] [info] HBM2-CH_0: BW utilization 0% (6 reads, 3 writes)
[2026-04-01 15:17:14.862] [info] Layer layer0.attn.ln finish at 480000
[2026-04-01 15:17:14.862] [info] Total compute time 8000
[2026-04-01 15:17:14.862] [info] executable layer count 1
[2026-04-01 15:17:14.862] [info] Start layer layer0.ffn.fc1
[2026-04-01 15:17:14.862] [info] Issue tile Gemm on core 3, spad_id 1, accum_spad_id 1
[2026-04-01 15:17:15.099] [info] HBM2-CH_0: BW utilization 32% (3078 reads, 3 writes)
[2026-04-01 15:17:15.102] [info] Issue tile Gemm on core 3, spad_id 1, accum_spad_id 1
[2026-04-01 15:17:15.254] [info] HBM2-CH_0: BW utilization 16% (1539 reads, 2 writes)
[2026-04-01 15:17:15.256] [info] Issue tile Gemm on core 3, spad_id 0, accum_spad_id 0
[2026-04-01 15:17:15.401] [info] HBM2-CH_0: BW utilization 16% (1539 reads, 2 writes)
[2026-04-01 15:17:15.404] [info] Issue tile Gemm on core 3, spad_id 1, accum_spad_id 1
[2026-04-01 15:17:15.553] [info] HBM2-CH_0: BW utilization 16% (1539 reads, 3 writes)
[2026-04-01 15:17:15.555] [info] Issue tile Gemm on core 3, spad_id 0, accum_spad_id 0
[2026-04-01 15:17:15.720] [info] HBM2-CH_0: BW utilization 16% (1539 reads, 2 writes)
[2026-04-01 15:17:15.810] [info] HBM2-CH_0: BW utilization 0% (0 reads, 0 writes)
[2026-04-01 15:17:15.812] [info] Layer layer0.ffn.fc1 finish at 528000
[2026-04-01 15:17:15.812] [info] Total compute time 48000
[2026-04-01 15:17:15.813] [info] executable layer count 1
[2026-04-01 15:17:15.813] [info] Start layer layer0.ffn.act
[2026-04-01 15:17:15.813] [info] Issue tile layer0.ffn.act on core 3, spad_id 1, accum_spad_id 1
[2026-04-01 15:17:15.899] [info] HBM2-CH_0: BW utilization 0% (24 reads, 12 writes)
[2026-04-01 15:17:15.902] [info] Layer layer0.ffn.act finish at 536000
[2026-04-01 15:17:15.902] [info] Total compute time 8000
[2026-04-01 15:17:15.902] [info] executable layer count 1
[2026-04-01 15:17:15.902] [info] Start layer layer0.ffn.fc2
[2026-04-01 15:17:15.902] [info] Issue tile Gemm on core 3, spad_id 1, accum_spad_id 1
[2026-04-01 15:17:16.112] [info] HBM2-CH_0: BW utilization 32% (3097 reads, 1 writes)
[2026-04-01 15:17:16.114] [info] Issue tile Gemm on core 3, spad_id 1, accum_spad_id 1
[2026-04-01 15:17:16.246] [info] HBM2-CH_0: BW utilization 16% (1548 reads, 1 writes)
[2026-04-01 15:17:16.248] [info] Issue tile Gemm on core 3, spad_id 0, accum_spad_id 0
[2026-04-01 15:17:16.388] [info] HBM2-CH_0: BW utilization 16% (1549 reads, 0 writes)
[2026-04-01 15:17:16.391] [info] Issue tile Gemm on core 3, spad_id 1, accum_spad_id 1
[2026-04-01 15:17:16.539] [info] HBM2-CH_0: BW utilization 16% (1548 reads, 1 writes)
[2026-04-01 15:17:16.542] [info] Issue tile Gemm on core 3, spad_id 0, accum_spad_id 0
[2026-04-01 15:17:16.692] [info] HBM2-CH_0: BW utilization 16% (1548 reads, 0 writes)
[2026-04-01 15:17:16.776] [info] HBM2-CH_0: BW utilization 0% (0 reads, 0 writes)
[2026-04-01 15:17:16.779] [info] Layer layer0.ffn.fc2 finish at 584000
[2026-04-01 15:17:16.779] [info] Total compute time 48000
[2026-04-01 15:17:16.779] [info] executable layer count 1
[2026-04-01 15:17:16.779] [info] Start layer layer0.ffn.ln
[2026-04-01 15:17:16.779] [info] Issue tile layer0.ffn.ln on core 3, spad_id 1, accum_spad_id 1
[2026-04-01 15:17:16.857] [info] HBM2-CH_0: BW utilization 0% (6 reads, 3 writes)
[2026-04-01 15:17:16.859] [info] Layer layer0.ffn.ln finish at 592000
[2026-04-01 15:17:16.859] [info] Total compute time 8000
[2026-04-01 15:17:16.859] [info] Model[opt-125m] Request: 288 us, Start: 288 us, finish:592 us, Current Cycle:592000
[2026-04-01 15:17:16.859] [info] No total_seq_len!
[2026-04-01 15:17:16.860] [info] Total Memory Usage: 0.09 GB
[2026-04-01 15:17:16.860] [info] Weight Memory Usage: 0.09 GB
[2026-04-01 15:17:16.860] [info] KV Memory Usage: 0.00 GB
[2026-04-01 15:17:16.860] [info] Activation Memory Usage: 0.00 GB
[2026-04-01 15:17:16.860] [info] [GEMM] spad_size: 33554432 accum_size: 4194304
[2026-04-01 15:17:16.860] [info] [GEMM] required_sram_size: 983040 required_accum_size: 131072
[2026-04-01 15:17:16.860] [info] [GEMM] Used gemmini gemm mapping: Total N:1 C:768 M:2304, Outer N:1 C:1 M:5, Inner N:128 C:768 M:512
[2026-04-01 15:17:16.871] [info] [GemmWs] Keys K = 768, N = 1, M = 2304
[2026-04-01 15:17:16.871] [info] [GemmWS]: total 0.003541248 GFLOPs, 0.003549696 GB
[2026-04-01 15:17:16.871] [info] [GemmWS]: Theoretical time(ms): 0.005781263553217286 Compute time: 2.7017577508559043e-05 Memory time: 0.005781263553217286
[2026-04-01 15:17:16.872] [info] [Attention] total_spad_size_per_head: 1152 B
[2026-04-01 15:17:16.872] [info] [Attention] total_acc_size_per_head: 8 B
[2026-04-01 15:17:16.872] [info] [Attention] q_len: 1, seq_len: 4, dk: 64, heads per tile 1
[2026-04-01 15:17:16.872] [info] [Attention] Spad size 16777216
[2026-04-01 15:17:16.872] [info] [Attention] Accum spad size 2097152
[2026-04-01 15:17:16.872] [info] Mapping info Total Loop: N12 C64 M4 S1 R1 Q1 P1 Tile Out Loop: N12 C1 M1 S1 R1 Q1 P1 Tile In Loop: N1 C64 M4 S1 R1 Q1 P1
[2026-04-01 15:17:16.872] [info] [Attention] QK 6.144e-06 GFLOPs
[2026-04-01 15:17:16.872] [info] [Attention] total 1.2768e-05 GFLOPs, 1.536e-05 GB
[2026-04-01 15:17:16.872] [info] [Attention] Theoretical time(ms): 2.5016287e-05 Compute time: 1.5234374e-07 Memory time: 2.5016287e-05
[2026-04-01 15:17:16.872] [info] [Attention] QK compute 0.0000ms Softmax compute 0.0000ms SV compute 0.0000ms
[2026-04-01 15:17:16.872] [info] [GEMM] spad_size: 33554432 accum_size: 4194304
[2026-04-01 15:17:16.872] [info] [GEMM] required_sram_size: 393216 required_accum_size: 32768
[2026-04-01 15:17:16.872] [info] [GEMM] Used gemmini gemm mapping: Total N:1 C:768 M:768, Outer N:1 C:1 M:6, Inner N:128 C:768 M:128
[2026-04-01 15:17:16.875] [info] [GemmWs] Keys K = 768, N = 1, M = 768
[2026-04-01 15:17:16.875] [info] [GemmWS]: total 0.0011804161 GFLOPs, 0.0011842559 GB
[2026-04-01 15:17:16.875] [info] [GemmWS]: Theoretical time(ms): 0.0019287556369818049 Compute time: 9.0058600576981e-06 Memory time: 0.0019287556369818049
[2026-04-01 15:17:16.875] [info] [SkipLayerNorm] tokens_per_tile: 1
[2026-04-01 15:17:16.876] [info] [GEMM] spad_size: 33554432 accum_size: 4194304
[2026-04-01 15:17:16.876] [info] [GEMM] required_sram_size: 983040 required_accum_size: 131072
[2026-04-01 15:17:16.876] [info] [GEMM] Used gemmini gemm mapping: Total N:1 C:768 M:3072, Outer N:1 C:1 M:6, Inner N:128 C:768 M:512
[2026-04-01 15:17:16.889] [info] [GemmWs] Keys K = 768, N = 1, M = 3072
[2026-04-01 15:17:16.889] [info] [GemmWS]: total 0.0047185924 GFLOPs, 0.004726272 GB
[2026-04-01 15:17:16.889] [info] [GemmWS]: Theoretical time(ms): 0.0076975111369392835 Compute time: 3.6000002978653356e-05 Memory time: 0.0076975111369392835
[2026-04-01 15:17:16.889] [info] [BiasAct] tokens_per_tile: 1
[2026-04-01 15:17:16.889] [info] [GEMM] spad_size: 33554432 accum_size: 4194304
[2026-04-01 15:17:16.889] [info] [GEMM] required_sram_size: 1572864 required_accum_size: 32768
[2026-04-01 15:17:16.889] [info] [GEMM] Used gemmini gemm mapping: Total N:1 C:3072 M:768, Outer N:1 C:1 M:6, Inner N:128 C:3072 M:128
[2026-04-01 15:17:16.905] [info] [GemmWs] Keys K = 3072, N = 1, M = 768
[2026-04-01 15:17:16.905] [info] [GemmWS]: total 0.0047193603 GFLOPs, 0.0047278083 GB
[2026-04-01 15:17:16.905] [info] [GemmWS]: Theoretical time(ms): 0.007700013156863861 Compute time: 3.60058614035097e-05 Memory time: 0.007700013156863861
[2026-04-01 15:17:16.905] [info] [SkipLayerNorm] tokens_per_tile: 1
[2026-04-01 15:17:16.905] [info]  Model initialization time: 0.044764 seconds
[2026-04-01 15:17:16.905] [info] Schedule model: opt-125m at 592002000 us
[2026-04-01 15:17:16.905] [info] MODEL opt-125m Scheduled, Total Request: 1
[2026-04-01 15:17:16.905] [info] executable layer count 1
[2026-04-01 15:17:16.905] [info] Start layer layer0.attn.QKVgen
[2026-04-01 15:17:17.107] [info] HBM2-CH_0: BW utilization 32% (3084 reads, 4 writes)
[2026-04-01 15:17:17.110] [info] Issue tile Gemm on core 3, spad_id 1, accum_spad_id 1
[2026-04-01 15:17:17.257] [info] HBM2-CH_0: BW utilization 16% (1541 reads, 2 writes)
[2026-04-01 15:17:17.259] [info] Issue tile Gemm on core 3, spad_id 0, accum_spad_id 0
[2026-04-01 15:17:17.402] [info] HBM2-CH_0: BW utilization 16% (1542 reads, 2 writes)
[2026-04-01 15:17:17.405] [info] Issue tile Gemm on core 3, spad_id 1, accum_spad_id 1
[2026-04-01 15:17:17.508] [info] HBM2-CH_0: BW utilization 8% (773 reads, 1 writes)
[2026-04-01 15:17:17.587] [info] HBM2-CH_0: BW utilization 0% (0 reads, 0 writes)
[2026-04-01 15:17:17.589] [info] Layer layer0.attn.QKVgen finish at 632000
[2026-04-01 15:17:17.589] [info] Total compute time 39999
[2026-04-01 15:17:17.589] [info] executable layer count 1
[2026-04-01 15:17:17.589] [info] Start layer layer0.attn.KVccat
[2026-04-01 15:17:17.589] [info] Issue tile KVCacheConcat on core 3, spad_id 1, accum_spad_id 1
[2026-04-01 15:17:17.589] [info] Layer layer0.attn.KVccat finish at 632001
[2026-04-01 15:17:17.589] [info] Total compute time 1
[2026-04-01 15:17:17.589] [info] executable layer count 1
[2026-04-01 15:17:17.589] [info] Start layer layer0.attn.Attention.0
[2026-04-01 15:17:17.670] [info] HBM2-CH_0: BW utilization 0% (5 reads, 1 writes)
[2026-04-01 15:17:17.673] [info] Issue tile layer0.attn.Attention.0 on core 3, spad_id 1, accum_spad_id 1
[2026-04-01 15:17:17.751] [info] HBM2-CH_0: BW utilization 0% (2 reads, 0 writes)
[2026-04-01 15:17:17.754] [info] Issue tile layer0.attn.Attention.0 on core 3, spad_id 0, accum_spad_id 0
[2026-04-01 15:17:17.829] [info] HBM2-CH_0: BW utilization 0% (2 reads, 0 writes)
[2026-04-01 15:17:17.832] [info] Issue tile layer0.attn.Attention.0 on core 3, spad_id 1, accum_spad_id 1
[2026-04-01 15:17:17.907] [info] HBM2-CH_0: BW utilization 0% (3 reads, 0 writes)
[2026-04-01 15:17:17.909] [info] Issue tile layer0.attn.Attention.0 on core 3, spad_id 0, accum_spad_id 0
[2026-04-01 15:17:17.985] [info] HBM2-CH_0: BW utilization 0% (2 reads, 1 writes)
[2026-04-01 15:17:17.988] [info] Issue tile layer0.attn.Attention.0 on core 3, spad_id 1, accum_spad_id 1
[2026-04-01 15:17:18.065] [info] HBM2-CH_0: BW utilization 0% (2 reads, 0 writes)
[2026-04-01 15:17:18.068] [info] Issue tile layer0.attn.Attention.0 on core 3, spad_id 0, accum_spad_id 0
[2026-04-01 15:17:18.143] [info] HBM2-CH_0: BW utilization 0% (2 reads, 0 writes)
[2026-04-01 15:17:18.146] [info] Issue tile layer0.attn.Attention.0 on core 3, spad_id 1, accum_spad_id 1
[2026-04-01 15:17:18.221] [info] HBM2-CH_0: BW utilization 0% (2 reads, 1 writes)
[2026-04-01 15:17:18.224] [info] Issue tile layer0.attn.Attention.0 on core 3, spad_id 0, accum_spad_id 0
[2026-04-01 15:17:18.299] [info] HBM2-CH_0: BW utilization 0% (3 reads, 0 writes)
[2026-04-01 15:17:18.301] [info] Issue tile layer0.attn.Attention.0 on core 3, spad_id 1, accum_spad_id 1
[2026-04-01 15:17:18.376] [info] HBM2-CH_0: BW utilization 0% (2 reads, 0 writes)
[2026-04-01 15:17:18.379] [info] Issue tile layer0.attn.Attention.0 on core 3, spad_id 0, accum_spad_id 0
[2026-04-01 15:17:18.454] [info] HBM2-CH_0: BW utilization 0% (2 reads, 0 writes)
[2026-04-01 15:17:18.533] [info] HBM2-CH_0: BW utilization 0% (0 reads, 0 writes)
[2026-04-01 15:17:18.536] [info] Layer layer0.attn.Attention.0 finish at 728000
[2026-04-01 15:17:18.536] [info] Total compute time 95999
[2026-04-01 15:17:18.536] [info] executable layer count 1
[2026-04-01 15:17:18.536] [info] Start layer layer0.attn.Atccat
[2026-04-01 15:17:18.536] [info] Issue tile Concat on core 3, spad_id 1, accum_spad_id 1
[2026-04-01 15:17:18.536] [info] Layer layer0.attn.Atccat finish at 728001
[2026-04-01 15:17:18.536] [info] Total compute time 1
[2026-04-01 15:17:18.536] [info] executable layer count 1
[2026-04-01 15:17:18.536] [info] Start layer layer0.attn.proj
[2026-04-01 15:17:18.640] [info] HBM2-CH_0: BW utilization 8% (773 reads, 1 writes)
[2026-04-01 15:17:18.643] [info] Issue tile Gemm on core 3, spad_id 1, accum_spad_id 1
[2026-04-01 15:17:18.734] [info] HBM2-CH_0: BW utilization 4% (386 reads, 1 writes)
[2026-04-01 15:17:18.737] [info] Issue tile Gemm on core 3, spad_id 0, accum_spad_id 0
[2026-04-01 15:17:18.830] [info] HBM2-CH_0: BW utilization 4% (387 reads, 0 writes)
[2026-04-01 15:17:18.833] [info] Issue tile Gemm on core 3, spad_id 1, accum_spad_id 1
[2026-04-01 15:17:18.920] [info] HBM2-CH_0: BW utilization 4% (386 reads, 1 writes)
[2026-04-01 15:17:18.923] [info] Issue tile Gemm on core 3, spad_id 0, accum_spad_id 0
[2026-04-01 15:17:19.019] [info] HBM2-CH_0: BW utilization 4% (386 reads, 0 writes)
[2026-04-01 15:17:19.116] [info] HBM2-CH_0: BW utilization 0% (0 reads, 0 writes)
[2026-04-01 15:17:19.119] [info] Layer layer0.attn.proj finish at 776000
[2026-04-01 15:17:19.119] [info] Total compute time 47999
[2026-04-01 15:17:19.119] [info] executable layer count 1
[2026-04-01 15:17:19.119] [info] Start layer layer0.attn.ln
[2026-04-01 15:17:19.119] [info] Issue tile layer0.attn.ln on core 3, spad_id 1, accum_spad_id 1
[2026-04-01 15:17:19.200] [info] HBM2-CH_0: BW utilization 0% (7 reads, 4 writes)
[2026-04-01 15:17:19.203] [info] Layer layer0.attn.ln finish at 784000
[2026-04-01 15:17:19.203] [info] Total compute time 8000
[2026-04-01 15:17:19.203] [info] executable layer count 1
[2026-04-01 15:17:19.203] [info] Start layer layer0.ffn.fc1
[2026-04-01 15:17:19.203] [info] Issue tile Gemm on core 3, spad_id 1, accum_spad_id 1
[2026-04-01 15:17:19.418] [info] HBM2-CH_0: BW utilization 32% (3078 reads, 4 writes)
[2026-04-01 15:17:19.422] [info] Issue tile Gemm on core 3, spad_id 1, accum_spad_id 1
[2026-04-01 15:17:19.577] [info] HBM2-CH_0: BW utilization 16% (1539 reads, 2 writes)
[2026-04-01 15:17:19.581] [info] Issue tile Gemm on core 3, spad_id 0, accum_spad_id 0
[2026-04-01 15:17:19.742] [info] HBM2-CH_0: BW utilization 16% (1539 reads, 2 writes)
[2026-04-01 15:17:19.746] [info] Issue tile Gemm on core 3, spad_id 1, accum_spad_id 1
[2026-04-01 15:17:19.896] [info] HBM2-CH_0: BW utilization 16% (1539 reads, 2 writes)
[2026-04-01 15:17:19.900] [info] Issue tile Gemm on core 3, spad_id 0, accum_spad_id 0
[2026-04-01 15:17:20.059] [info] HBM2-CH_0: BW utilization 16% (1539 reads, 2 writes)
[2026-04-01 15:17:20.157] [info] HBM2-CH_0: BW utilization 0% (0 reads, 0 writes)
[2026-04-01 15:17:20.161] [info] Layer layer0.ffn.fc1 finish at 832000
[2026-04-01 15:17:20.161] [info] Total compute time 48000
[2026-04-01 15:17:20.161] [info] executable layer count 1
[2026-04-01 15:17:20.161] [info] Start layer layer0.ffn.act
[2026-04-01 15:17:20.161] [info] Issue tile layer0.ffn.act on core 3, spad_id 1, accum_spad_id 1
[2026-04-01 15:17:20.254] [info] HBM2-CH_0: BW utilization 0% (24 reads, 12 writes)
[2026-04-01 15:17:20.258] [info] Layer layer0.ffn.act finish at 840000
[2026-04-01 15:17:20.258] [info] Total compute time 8000
[2026-04-01 15:17:20.258] [info] executable layer count 1
[2026-04-01 15:17:20.258] [info] Start layer layer0.ffn.fc2
[2026-04-01 15:17:20.258] [info] Issue tile Gemm on core 3, spad_id 1, accum_spad_id 1
[2026-04-01 15:17:20.501] [info] HBM2-CH_0: BW utilization 32% (3097 reads, 1 writes)
[2026-04-01 15:17:20.505] [info] Issue tile Gemm on core 3, spad_id 1, accum_spad_id 1
[2026-04-01 15:17:20.657] [info] HBM2-CH_0: BW utilization 16% (1548 reads, 0 writes)
[2026-04-01 15:17:20.661] [info] Issue tile Gemm on core 3, spad_id 0, accum_spad_id 0
[2026-04-01 15:17:20.815] [info] HBM2-CH_0: BW utilization 16% (1549 reads, 1 writes)
[2026-04-01 15:17:20.819] [info] Issue tile Gemm on core 3, spad_id 1, accum_spad_id 1
[2026-04-01 15:17:20.990] [info] HBM2-CH_0: BW utilization 16% (1548 reads, 0 writes)
[2026-04-01 15:17:20.995] [info] Issue tile Gemm on core 3, spad_id 0, accum_spad_id 0
[2026-04-01 15:17:21.160] [info] HBM2-CH_0: BW utilization 16% (1548 reads, 1 writes)
[2026-04-01 15:17:21.250] [info] HBM2-CH_0: BW utilization 0% (0 reads, 0 writes)
[2026-04-01 15:17:21.254] [info] Layer layer0.ffn.fc2 finish at 888000
[2026-04-01 15:17:21.254] [info] Total compute time 48000
[2026-04-01 15:17:21.254] [info] executable layer count 1
[2026-04-01 15:17:21.254] [info] Start layer layer0.ffn.ln
[2026-04-01 15:17:21.254] [info] Issue tile layer0.ffn.ln on core 3, spad_id 1, accum_spad_id 1
[2026-04-01 15:17:21.340] [info] HBM2-CH_0: BW utilization 0% (6 reads, 3 writes)
[2026-04-01 15:17:21.344] [info] Layer layer0.ffn.ln finish at 896000
[2026-04-01 15:17:21.344] [info] Total compute time 8000
[2026-04-01 15:17:21.344] [info] Model[opt-125m] Request: 592 us, Start: 592 us, finish:896 us, Current Cycle:896000
[2026-04-01 15:17:21.344] [info] No total_seq_len!
[2026-04-01 15:17:21.344] [info] Total Memory Usage: 0.09 GB
[2026-04-01 15:17:21.344] [info] Weight Memory Usage: 0.09 GB
[2026-04-01 15:17:21.344] [info] KV Memory Usage: 0.00 GB
[2026-04-01 15:17:21.344] [info] Activation Memory Usage: 0.00 GB
[2026-04-01 15:17:21.344] [info] [GEMM] spad_size: 33554432 accum_size: 4194304
[2026-04-01 15:17:21.344] [info] [GEMM] required_sram_size: 983040 required_accum_size: 131072
[2026-04-01 15:17:21.344] [info] [GEMM] Used gemmini gemm mapping: Total N:1 C:768 M:2304, Outer N:1 C:1 M:5, Inner N:128 C:768 M:512
[2026-04-01 15:17:21.357] [info] [GemmWs] Keys K = 768, N = 1, M = 2304
[2026-04-01 15:17:21.357] [info] [GemmWS]: total 0.003541248 GFLOPs, 0.003549696 GB
[2026-04-01 15:17:21.357] [info] [GemmWS]: Theoretical time(ms): 0.005781263553217286 Compute time: 2.7017577508559043e-05 Memory time: 0.005781263553217286
[2026-04-01 15:17:21.357] [info] [Attention] total_spad_size_per_head: 1408 B
[2026-04-01 15:17:21.357] [info] [Attention] total_acc_size_per_head: 10 B
[2026-04-01 15:17:21.357] [info] [Attention] q_len: 1, seq_len: 5, dk: 64, heads per tile 1
[2026-04-01 15:17:21.357] [info] [Attention] Spad size 16777216
[2026-04-01 15:17:21.357] [info] [Attention] Accum spad size 2097152
[2026-04-01 15:17:21.357] [info] Mapping info Total Loop: N12 C64 M5 S1 R1 Q1 P1 Tile Out Loop: N12 C1 M1 S1 R1 Q1 P1 Tile In Loop: N1 C64 M5 S1 R1 Q1 P1
[2026-04-01 15:17:21.358] [info] [Attention] QK 7.68e-06 GFLOPs
[2026-04-01 15:17:21.358] [info] [Attention] total 1.5959999e-05 GFLOPs, 1.8432e-05 GB
[2026-04-01 15:17:21.358] [info] [Attention] Theoretical time(ms): 3.0019542e-05 Compute time: 1.9042969e-07 Memory time: 3.0019542e-05
[2026-04-01 15:17:21.358] [info] [Attention] QK compute 0.0000ms Softmax compute 0.0000ms SV compute 0.0000ms
[2026-04-01 15:17:21.358] [info] [GEMM] spad_size: 33554432 accum_size: 4194304
[2026-04-01 15:17:21.358] [info] [GEMM] required_sram_size: 393216 required_accum_size: 32768
[2026-04-01 15:17:21.358] [info] [GEMM] Used gemmini gemm mapping: Total N:1 C:768 M:768, Outer N:1 C:1 M:6, Inner N:128 C:768 M:128
[2026-04-01 15:17:21.362] [info] [GemmWs] Keys K = 768, N = 1, M = 768
[2026-04-01 15:17:21.362] [info] [GemmWS]: total 0.0011804161 GFLOPs, 0.0011842559 GB
[2026-04-01 15:17:21.362] [info] [GemmWS]: Theoretical time(ms): 0.0019287556369818049 Compute time: 9.0058600576981e-06 Memory time: 0.0019287556369818049
[2026-04-01 15:17:21.362] [info] [SkipLayerNorm] tokens_per_tile: 1
[2026-04-01 15:17:21.362] [info] [GEMM] spad_size: 33554432 accum_size: 4194304
[2026-04-01 15:17:21.362] [info] [GEMM] required_sram_size: 983040 required_accum_size: 131072
[2026-04-01 15:17:21.362] [info] [GEMM] Used gemmini gemm mapping: Total N:1 C:768 M:3072, Outer N:1 C:1 M:6, Inner N:128 C:768 M:512
[2026-04-01 15:17:21.377] [info] [GemmWs] Keys K = 768, N = 1, M = 3072
[2026-04-01 15:17:21.377] [info] [GemmWS]: total 0.0047185924 GFLOPs, 0.004726272 GB
[2026-04-01 15:17:21.377] [info] [GemmWS]: Theoretical time(ms): 0.0076975111369392835 Compute time: 3.6000002978653356e-05 Memory time: 0.0076975111369392835
[2026-04-01 15:17:21.377] [info] [BiasAct] tokens_per_tile: 1
[2026-04-01 15:17:21.377] [info] [GEMM] spad_size: 33554432 accum_size: 4194304
[2026-04-01 15:17:21.377] [info] [GEMM] required_sram_size: 1572864 required_accum_size: 32768
[2026-04-01 15:17:21.377] [info] [GEMM] Used gemmini gemm mapping: Total N:1 C:3072 M:768, Outer N:1 C:1 M:6, Inner N:128 C:3072 M:128
[2026-04-01 15:17:21.395] [info] [GemmWs] Keys K = 3072, N = 1, M = 768
[2026-04-01 15:17:21.395] [info] [GemmWS]: total 0.0047193603 GFLOPs, 0.0047278083 GB
[2026-04-01 15:17:21.395] [info] [GemmWS]: Theoretical time(ms): 0.007700013156863861 Compute time: 3.60058614035097e-05 Memory time: 0.007700013156863861
[2026-04-01 15:17:21.395] [info] [SkipLayerNorm] tokens_per_tile: 1
[2026-04-01 15:17:21.395] [info]  Model initialization time: 0.051001 seconds
[2026-04-01 15:17:21.395] [info] Schedule model: opt-125m at 896002000 us
[2026-04-01 15:17:21.395] [info] MODEL opt-125m Scheduled, Total Request: 1
[2026-04-01 15:17:21.395] [info] executable layer count 1
[2026-04-01 15:17:21.395] [info] Start layer layer0.attn.QKVgen
[2026-04-01 15:17:21.614] [info] HBM2-CH_0: BW utilization 32% (3082 reads, 4 writes)
[2026-04-01 15:17:21.618] [info] Issue tile Gemm on core 3, spad_id 1, accum_spad_id 1
[2026-04-01 15:17:21.758] [info] HBM2-CH_0: BW utilization 16% (1540 reads, 2 writes)
[2026-04-01 15:17:21.763] [info] Issue tile Gemm on core 3, spad_id 0, accum_spad_id 0
[2026-04-01 15:17:21.917] [info] HBM2-CH_0: BW utilization 16% (1541 reads, 1 writes)
[2026-04-01 15:17:21.921] [info] Issue tile Gemm on core 3, spad_id 1, accum_spad_id 1
[2026-04-01 15:17:22.035] [info] HBM2-CH_0: BW utilization 8% (772 reads, 1 writes)
[2026-04-01 15:17:22.130] [info] HBM2-CH_0: BW utilization 0% (0 reads, 0 writes)
[2026-04-01 15:17:22.134] [info] Layer layer0.attn.QKVgen finish at 936000
[2026-04-01 15:17:22.134] [info] Total compute time 39999
[2026-04-01 15:17:22.134] [info] executable layer count 1
[2026-04-01 15:17:22.134] [info] Start layer layer0.attn.KVccat
[2026-04-01 15:17:22.134] [info] Issue tile KVCacheConcat on core 3, spad_id 1, accum_spad_id 1
[2026-04-01 15:17:22.134] [info] Layer layer0.attn.KVccat finish at 936001
[2026-04-01 15:17:22.134] [info] Total compute time 1
[2026-04-01 15:17:22.134] [info] executable layer count 1
[2026-04-01 15:17:22.134] [info] Start layer layer0.attn.Attention.0
[2026-04-01 15:17:22.230] [info] HBM2-CH_0: BW utilization 0% (6 reads, 1 writes)
[2026-04-01 15:17:22.235] [info] Issue tile layer0.attn.Attention.0 on core 3, spad_id 1, accum_spad_id 1
[2026-04-01 15:17:22.325] [info] HBM2-CH_0: BW utilization 0% (3 reads, 0 writes)
[2026-04-01 15:17:22.329] [info] Issue tile layer0.attn.Attention.0 on core 3, spad_id 0, accum_spad_id 0
[2026-04-01 15:17:22.419] [info] HBM2-CH_0: BW utilization 0% (4 reads, 0 writes)
[2026-04-01 15:17:22.424] [info] Issue tile layer0.attn.Attention.0 on core 3, spad_id 1, accum_spad_id 1
[2026-04-01 15:17:22.514] [info] HBM2-CH_0: BW utilization 0% (3 reads, 1 writes)
[2026-04-01 15:17:22.519] [info] Issue tile layer0.attn.Attention.0 on core 3, spad_id 0, accum_spad_id 0
[2026-04-01 15:17:22.607] [info] HBM2-CH_0: BW utilization 0% (3 reads, 0 writes)
[2026-04-01 15:17:22.611] [info] Issue tile layer0.attn.Attention.0 on core 3, spad_id 1, accum_spad_id 1
[2026-04-01 15:17:22.699] [info] HBM2-CH_0: BW utilization 0% (3 reads, 1 writes)
[2026-04-01 15:17:22.704] [info] Issue tile layer0.attn.Attention.0 on core 3, spad_id 0, accum_spad_id 0
[2026-04-01 15:17:22.791] [info] HBM2-CH_0: BW utilization 0% (4 reads, 0 writes)
[2026-04-01 15:17:22.796] [info] Issue tile layer0.attn.Attention.0 on core 3, spad_id 1, accum_spad_id 1
[2026-04-01 15:17:22.878] [info] HBM2-CH_0: BW utilization 0% (3 reads, 0 writes)
[2026-04-01 15:17:22.882] [info] Issue tile layer0.attn.Attention.0 on core 3, spad_id 0, accum_spad_id 0
[2026-04-01 15:17:22.964] [info] HBM2-CH_0: BW utilization 0% (3 reads, 0 writes)
[2026-04-01 15:17:22.969] [info] Issue tile layer0.attn.Attention.0 on core 3, spad_id 1, accum_spad_id 1
[2026-04-01 15:17:23.050] [info] HBM2-CH_0: BW utilization 0% (3 reads, 1 writes)
[2026-04-01 15:17:23.055] [info] Issue tile layer0.attn.Attention.0 on core 3, spad_id 0, accum_spad_id 0
[2026-04-01 15:17:23.136] [info] HBM2-CH_0: BW utilization 0% (4 reads, 0 writes)
[2026-04-01 15:17:23.222] [info] HBM2-CH_0: BW utilization 0% (0 reads, 0 writes)
[2026-04-01 15:17:23.227] [info] Layer layer0.attn.Attention.0 finish at 1032000
[2026-04-01 15:17:23.227] [info] Total compute time 95999
[2026-04-01 15:17:23.227] [info] executable layer count 1
[2026-04-01 15:17:23.227] [info] Start layer layer0.attn.Atccat
[2026-04-01 15:17:23.227] [info] Issue tile Concat on core 3, spad_id 1, accum_spad_id 1
[2026-04-01 15:17:23.227] [info] Layer layer0.attn.Atccat finish at 1032001
[2026-04-01 15:17:23.227] [info] Total compute time 1
[2026-04-01 15:17:23.227] [info] executable layer count 1
[2026-04-01 15:17:23.227] [info] Start layer layer0.attn.proj
[2026-04-01 15:17:23.331] [info] HBM2-CH_0: BW utilization 8% (775 reads, 1 writes)
[2026-04-01 15:17:23.335] [info] Issue tile Gemm on core 3, spad_id 1, accum_spad_id 1
[2026-04-01 15:17:23.423] [info] HBM2-CH_0: BW utilization 4% (387 reads, 1 writes)
[2026-04-01 15:17:23.427] [info] Issue tile Gemm on core 3, spad_id 0, accum_spad_id 0
[2026-04-01 15:17:23.515] [info] HBM2-CH_0: BW utilization 4% (388 reads, 0 writes)
[2026-04-01 15:17:23.519] [info] Issue tile Gemm on core 3, spad_id 1, accum_spad_id 1
[2026-04-01 15:17:23.607] [info] HBM2-CH_0: BW utilization 4% (387 reads, 1 writes)
[2026-04-01 15:17:23.611] [info] Issue tile Gemm on core 3, spad_id 0, accum_spad_id 0
[2026-04-01 15:17:23.699] [info] HBM2-CH_0: BW utilization 4% (387 reads, 1 writes)
[2026-04-01 15:17:23.784] [info] HBM2-CH_0: BW utilization 0% (0 reads, 0 writes)
[2026-04-01 15:17:23.789] [info] Layer layer0.attn.proj finish at 1080000
[2026-04-01 15:17:23.789] [info] Total compute time 47999
[2026-04-01 15:17:23.789] [info] executable layer count 1
[2026-04-01 15:17:23.789] [info] Start layer layer0.attn.ln
[2026-04-01 15:17:23.789] [info] Issue tile layer0.attn.ln on core 3, spad_id 1, accum_spad_id 1
[2026-04-01 15:17:23.866] [info] HBM2-CH_0: BW utilization 0% (7 reads, 3 writes)
[2026-04-01 15:17:23.870] [info] Layer layer0.attn.ln finish at 1088000
[2026-04-01 15:17:23.870] [info] Total compute time 8000
[2026-04-01 15:17:23.870] [info] executable layer count 1
[2026-04-01 15:17:23.870] [info] Start layer layer0.ffn.fc1
[2026-04-01 15:17:23.870] [info] Issue tile Gemm on core 3, spad_id 1, accum_spad_id 1
[2026-04-01 15:17:24.071] [info] HBM2-CH_0: BW utilization 32% (3078 reads, 3 writes)
[2026-04-01 15:17:24.076] [info] Issue tile Gemm on core 3, spad_id 1, accum_spad_id 1
[2026-04-01 15:17:24.216] [info] HBM2-CH_0: BW utilization 16% (1539 reads, 2 writes)
[2026-04-01 15:17:24.220] [info] Issue tile Gemm on core 3, spad_id 0, accum_spad_id 0
[2026-04-01 15:17:24.373] [info] HBM2-CH_0: BW utilization 16% (1539 reads, 2 writes)
[2026-04-01 15:17:24.378] [info] Issue tile Gemm on core 3, spad_id 1, accum_spad_id 1
[2026-04-01 15:17:24.524] [info] HBM2-CH_0: BW utilization 16% (1539 reads, 2 writes)
[2026-04-01 15:17:24.529] [info] Issue tile Gemm on core 3, spad_id 0, accum_spad_id 0
[2026-04-01 15:17:24.679] [info] HBM2-CH_0: BW utilization 16% (1539 reads, 3 writes)
[2026-04-01 15:17:24.769] [info] HBM2-CH_0: BW utilization 0% (0 reads, 0 writes)
[2026-04-01 15:17:24.774] [info] Layer layer0.ffn.fc1 finish at 1136000
[2026-04-01 15:17:24.774] [info] Total compute time 48000
[2026-04-01 15:17:24.774] [info] executable layer count 1
[2026-04-01 15:17:24.774] [info] Start layer layer0.ffn.act
[2026-04-01 15:17:24.774] [info] Issue tile layer0.ffn.act on core 3, spad_id 1, accum_spad_id 1
[2026-04-01 15:17:24.860] [info] HBM2-CH_0: BW utilization 0% (24 reads, 12 writes)
[2026-04-01 15:17:24.866] [info] Layer layer0.ffn.act finish at 1144000
[2026-04-01 15:17:24.866] [info] Total compute time 8000
[2026-04-01 15:17:24.866] [info] executable layer count 1
[2026-04-01 15:17:24.866] [info] Start layer layer0.ffn.fc2
[2026-04-01 15:17:24.866] [info] Issue tile Gemm on core 3, spad_id 1, accum_spad_id 1
[2026-04-01 15:17:25.092] [info] HBM2-CH_0: BW utilization 32% (3097 reads, 0 writes)
[2026-04-01 15:17:25.097] [info] Issue tile Gemm on core 3, spad_id 1, accum_spad_id 1
[2026-04-01 15:17:25.247] [info] HBM2-CH_0: BW utilization 16% (1548 reads, 1 writes)
[2026-04-01 15:17:25.253] [info] Issue tile Gemm on core 3, spad_id 0, accum_spad_id 0
[2026-04-01 15:17:25.403] [info] HBM2-CH_0: BW utilization 16% (1549 reads, 1 writes)
[2026-04-01 15:17:25.408] [info] Issue tile Gemm on core 3, spad_id 1, accum_spad_id 1
[2026-04-01 15:17:25.557] [info] HBM2-CH_0: BW utilization 16% (1548 reads, 0 writes)
[2026-04-01 15:17:25.563] [info] Issue tile Gemm on core 3, spad_id 0, accum_spad_id 0
[2026-04-01 15:17:25.713] [info] HBM2-CH_0: BW utilization 16% (1548 reads, 0 writes)
[2026-04-01 15:17:25.802] [info] HBM2-CH_0: BW utilization 0% (0 reads, 0 writes)
[2026-04-01 15:17:25.808] [info] Layer layer0.ffn.fc2 finish at 1192000
[2026-04-01 15:17:25.808] [info] Total compute time 48000
[2026-04-01 15:17:25.808] [info] executable layer count 1
[2026-04-01 15:17:25.808] [info] Start layer layer0.ffn.ln
[2026-04-01 15:17:25.808] [info] Issue tile layer0.ffn.ln on core 3, spad_id 1, accum_spad_id 1
[2026-04-01 15:17:25.898] [info] HBM2-CH_0: BW utilization 0% (5 reads, 3 writes)
[2026-04-01 15:17:25.904] [info] Layer layer0.ffn.ln finish at 1200000
[2026-04-01 15:17:25.904] [info] Total compute time 8000
[2026-04-01 15:17:25.904] [info] Model[opt-125m] Request: 896 us, Start: 896 us, finish:1200 us, Current Cycle:1200000
[2026-04-01 15:17:25.904] [info] No total_seq_len!
[2026-04-01 15:17:25.904] [info] Total Memory Usage: 0.09 GB
[2026-04-01 15:17:25.904] [info] Weight Memory Usage: 0.09 GB
[2026-04-01 15:17:25.904] [info] KV Memory Usage: 0.00 GB
[2026-04-01 15:17:25.904] [info] Activation Memory Usage: 0.00 GB
[2026-04-01 15:17:25.904] [info] [GEMM] spad_size: 33554432 accum_size: 4194304
[2026-04-01 15:17:25.904] [info] [GEMM] required_sram_size: 983040 required_accum_size: 131072
[2026-04-01 15:17:25.904] [info] [GEMM] Used gemmini gemm mapping: Total N:1 C:768 M:2304, Outer N:1 C:1 M:5, Inner N:128 C:768 M:512
[2026-04-01 15:17:25.916] [info] [GemmWs] Keys K = 768, N = 1, M = 2304
[2026-04-01 15:17:25.916] [info] [GemmWS]: total 0.003541248 GFLOPs, 0.003549696 GB
[2026-04-01 15:17:25.916] [info] [GemmWS]: Theoretical time(ms): 0.005781263553217286 Compute time: 2.7017577508559043e-05 Memory time: 0.005781263553217286
[2026-04-01 15:17:25.917] [info] [Attention] total_spad_size_per_head: 1664 B
[2026-04-01 15:17:25.917] [info] [Attention] total_acc_size_per_head: 12 B
[2026-04-01 15:17:25.917] [info] [Attention] q_len: 1, seq_len: 6, dk: 64, heads per tile 1
[2026-04-01 15:17:25.917] [info] [Attention] Spad size 16777216
[2026-04-01 15:17:25.917] [info] [Attention] Accum spad size 2097152
[2026-04-01 15:17:25.917] [info] Mapping info Total Loop: N12 C64 M6 S1 R1 Q1 P1 Tile Out Loop: N12 C1 M1 S1 R1 Q1 P1 Tile In Loop: N1 C64 M6 S1 R1 Q1 P1
[2026-04-01 15:17:25.917] [info] [Attention] QK 9.216e-06 GFLOPs
[2026-04-01 15:17:25.917] [info] [Attention] total 1.9152e-05 GFLOPs, 2.1504e-05 GB
[2026-04-01 15:17:25.917] [info] [Attention] Theoretical time(ms): 3.50228e-05 Compute time: 2.2851562e-07 Memory time: 3.50228e-05
[2026-04-01 15:17:25.917] [info] [Attention] QK compute 0.0000ms Softmax compute 0.0000ms SV compute 0.0000ms
[2026-04-01 15:17:25.917] [info] [GEMM] spad_size: 33554432 accum_size: 4194304
[2026-04-01 15:17:25.917] [info] [GEMM] required_sram_size: 393216 required_accum_size: 32768
[2026-04-01 15:17:25.917] [info] [GEMM] Used gemmini gemm mapping: Total N:1 C:768 M:768, Outer N:1 C:1 M:6, Inner N:128 C:768 M:128
[2026-04-01 15:17:25.921] [info] [GemmWs] Keys K = 768, N = 1, M = 768
[2026-04-01 15:17:25.921] [info] [GemmWS]: total 0.0011804161 GFLOPs, 0.0011842559 GB
[2026-04-01 15:17:25.921] [info] [GemmWS]: Theoretical time(ms): 0.0019287556369818049 Compute time: 9.0058600576981e-06 Memory time: 0.0019287556369818049
[2026-04-01 15:17:25.921] [info] [SkipLayerNorm] tokens_per_tile: 1
[2026-04-01 15:17:25.921] [info] [GEMM] spad_size: 33554432 accum_size: 4194304
[2026-04-01 15:17:25.921] [info] [GEMM] required_sram_size: 983040 required_accum_size: 131072
[2026-04-01 15:17:25.921] [info] [GEMM] Used gemmini gemm mapping: Total N:1 C:768 M:3072, Outer N:1 C:1 M:6, Inner N:128 C:768 M:512
[2026-04-01 15:17:25.937] [info] [GemmWs] Keys K = 768, N = 1, M = 3072
[2026-04-01 15:17:25.937] [info] [GemmWS]: total 0.0047185924 GFLOPs, 0.004726272 GB
[2026-04-01 15:17:25.937] [info] [GemmWS]: Theoretical time(ms): 0.0076975111369392835 Compute time: 3.6000002978653356e-05 Memory time: 0.0076975111369392835
[2026-04-01 15:17:25.937] [info] [BiasAct] tokens_per_tile: 1
[2026-04-01 15:17:25.937] [info] [GEMM] spad_size: 33554432 accum_size: 4194304
[2026-04-01 15:17:25.937] [info] [GEMM] required_sram_size: 1572864 required_accum_size: 32768
[2026-04-01 15:17:25.937] [info] [GEMM] Used gemmini gemm mapping: Total N:1 C:3072 M:768, Outer N:1 C:1 M:6, Inner N:128 C:3072 M:128
[2026-04-01 15:17:25.955] [info] [GemmWs] Keys K = 3072, N = 1, M = 768
[2026-04-01 15:17:25.955] [info] [GemmWS]: total 0.0047193603 GFLOPs, 0.0047278083 GB
[2026-04-01 15:17:25.955] [info] [GemmWS]: Theoretical time(ms): 0.007700013156863861 Compute time: 3.60058614035097e-05 Memory time: 0.007700013156863861
[2026-04-01 15:17:25.955] [info] [SkipLayerNorm] tokens_per_tile: 1
[2026-04-01 15:17:25.955] [info]  Model initialization time: 0.051142 seconds
[2026-04-01 15:17:25.955] [info] Schedule model: opt-125m at 1200002000 us
[2026-04-01 15:17:25.955] [info] MODEL opt-125m Scheduled, Total Request: 1
[2026-04-01 15:17:25.955] [info] executable layer count 1
[2026-04-01 15:17:25.955] [info] Start layer layer0.attn.QKVgen
[2026-04-01 15:17:26.180] [info] HBM2-CH_0: BW utilization 32% (3082 reads, 4 writes)
[2026-04-01 15:17:26.185] [info] Issue tile Gemm on core 3, spad_id 1, accum_spad_id 1
[2026-04-01 15:17:26.328] [info] HBM2-CH_0: BW utilization 16% (1540 reads, 2 writes)
[2026-04-01 15:17:26.334] [info] Issue tile Gemm on core 3, spad_id 0, accum_spad_id 0
[2026-04-01 15:17:26.496] [info] HBM2-CH_0: BW utilization 16% (1541 reads, 2 writes)
[2026-04-01 15:17:26.502] [info] Issue tile Gemm on core 3, spad_id 1, accum_spad_id 1
[2026-04-01 15:17:26.625] [info] HBM2-CH_0: BW utilization 8% (772 reads, 1 writes)
[2026-04-01 15:17:26.724] [info] HBM2-CH_0: BW utilization 0% (0 reads, 0 writes)
[2026-04-01 15:17:26.730] [info] Layer layer0.attn.QKVgen finish at 1240000
[2026-04-01 15:17:26.730] [info] Total compute time 39999
[2026-04-01 15:17:26.730] [info] executable layer count 1
[2026-04-01 15:17:26.730] [info] Start layer layer0.attn.KVccat
[2026-04-01 15:17:26.730] [info] Issue tile KVCacheConcat on core 3, spad_id 1, accum_spad_id 1
[2026-04-01 15:17:26.730] [info] Layer layer0.attn.KVccat finish at 1240001
[2026-04-01 15:17:26.730] [info] Total compute time 1
[2026-04-01 15:17:26.730] [info] executable layer count 1
[2026-04-01 15:17:26.730] [info] Start layer layer0.attn.Attention.0
[2026-04-01 15:17:26.821] [info] HBM2-CH_0: BW utilization 0% (7 reads, 0 writes)
[2026-04-01 15:17:26.827] [info] Issue tile layer0.attn.Attention.0 on core 3, spad_id 1, accum_spad_id 1
[2026-04-01 15:17:26.929] [info] HBM2-CH_0: BW utilization 0% (3 reads, 1 writes)
[2026-04-01 15:17:26.936] [info] Issue tile layer0.attn.Attention.0 on core 3, spad_id 0, accum_spad_id 0
[2026-04-01 15:17:27.029] [info] HBM2-CH_0: BW utilization 0% (3 reads, 0 writes)
[2026-04-01 15:17:27.035] [info] Issue tile layer0.attn.Attention.0 on core 3, spad_id 1, accum_spad_id 1
[2026-04-01 15:17:27.125] [info] HBM2-CH_0: BW utilization 0% (4 reads, 0 writes)
[2026-04-01 15:17:27.131] [info] Issue tile layer0.attn.Attention.0 on core 3, spad_id 0, accum_spad_id 0
[2026-04-01 15:17:27.219] [info] HBM2-CH_0: BW utilization 0% (3 reads, 0 writes)
[2026-04-01 15:17:27.226] [info] Issue tile layer0.attn.Attention.0 on core 3, spad_id 1, accum_spad_id 1
[2026-04-01 15:17:27.312] [info] HBM2-CH_0: BW utilization 0% (3 reads, 0 writes)
[2026-04-01 15:17:27.317] [info] Issue tile layer0.attn.Attention.0 on core 3, spad_id 0, accum_spad_id 0
[2026-04-01 15:17:27.401] [info] HBM2-CH_0: BW utilization 0% (3 reads, 1 writes)
[2026-04-01 15:17:27.407] [info] Issue tile layer0.attn.Attention.0 on core 3, spad_id 1, accum_spad_id 1
[2026-04-01 15:17:27.490] [info] HBM2-CH_0: BW utilization 0% (4 reads, 0 writes)
[2026-04-01 15:17:27.496] [info] Issue tile layer0.attn.Attention.0 on core 3, spad_id 0, accum_spad_id 0
[2026-04-01 15:17:27.581] [info] HBM2-CH_0: BW utilization 0% (3 reads, 0 writes)
[2026-04-01 15:17:27.586] [info] Issue tile layer0.attn.Attention.0 on core 3, spad_id 1, accum_spad_id 1
[2026-04-01 15:17:27.671] [info] HBM2-CH_0: BW utilization 0% (3 reads, 0 writes)
[2026-04-01 15:17:27.677] [info] Issue tile layer0.attn.Attention.0 on core 3, spad_id 0, accum_spad_id 0
[2026-04-01 15:17:27.761] [info] HBM2-CH_0: BW utilization 0% (3 reads, 1 writes)
[2026-04-01 15:17:27.849] [info] HBM2-CH_0: BW utilization 0% (0 reads, 0 writes)
[2026-04-01 15:17:27.855] [info] Layer layer0.attn.Attention.0 finish at 1336000
[2026-04-01 15:17:27.855] [info] Total compute time 95999
[2026-04-01 15:17:27.855] [info] executable layer count 1
[2026-04-01 15:17:27.855] [info] Start layer layer0.attn.Atccat
[2026-04-01 15:17:27.855] [info] Issue tile Concat on core 3, spad_id 1, accum_spad_id 1
[2026-04-01 15:17:27.855] [info] Layer layer0.attn.Atccat finish at 1336001
[2026-04-01 15:17:27.855] [info] Total compute time 1
[2026-04-01 15:17:27.855] [info] executable layer count 1
[2026-04-01 15:17:27.855] [info] Start layer layer0.attn.proj
[2026-04-01 15:17:27.969] [info] HBM2-CH_0: BW utilization 8% (775 reads, 1 writes)
[2026-04-01 15:17:27.974] [info] Issue tile Gemm on core 3, spad_id 1, accum_spad_id 1
[2026-04-01 15:17:28.069] [info] HBM2-CH_0: BW utilization 4% (387 reads, 0 writes)
[2026-04-01 15:17:28.075] [info] Issue tile Gemm on core 3, spad_id 0, accum_spad_id 0
[2026-04-01 15:17:28.171] [info] HBM2-CH_0: BW utilization 4% (388 reads, 1 writes)
[2026-04-01 15:17:28.177] [info] Issue tile Gemm on core 3, spad_id 1, accum_spad_id 1
[2026-04-01 15:17:28.275] [info] HBM2-CH_0: BW utilization 4% (387 reads, 0 writes)
[2026-04-01 15:17:28.281] [info] Issue tile Gemm on core 3, spad_id 0, accum_spad_id 0
[2026-04-01 15:17:28.380] [info] HBM2-CH_0: BW utilization 4% (387 reads, 1 writes)
[2026-04-01 15:17:28.470] [info] HBM2-CH_0: BW utilization 0% (0 reads, 0 writes)
[2026-04-01 15:17:28.476] [info] Layer layer0.attn.proj finish at 1384000
[2026-04-01 15:17:28.476] [info] Total compute time 47999
[2026-04-01 15:17:28.476] [info] executable layer count 1
[2026-04-01 15:17:28.476] [info] Start layer layer0.attn.ln
[2026-04-01 15:17:28.476] [info] Issue tile layer0.attn.ln on core 3, spad_id 1, accum_spad_id 1
[2026-04-01 15:17:28.560] [info] HBM2-CH_0: BW utilization 0% (6 reads, 3 writes)
[2026-04-01 15:17:28.566] [info] Layer layer0.attn.ln finish at 1392000
[2026-04-01 15:17:28.566] [info] Total compute time 8000
[2026-04-01 15:17:28.566] [info] executable layer count 1
[2026-04-01 15:17:28.566] [info] Start layer layer0.ffn.fc1
[2026-04-01 15:17:28.566] [info] Issue tile Gemm on core 3, spad_id 1, accum_spad_id 1
[2026-04-01 15:17:28.789] [info] HBM2-CH_0: BW utilization 32% (3080 reads, 4 writes)
[2026-04-01 15:17:28.795] [info] Issue tile Gemm on core 3, spad_id 1, accum_spad_id 1
[2026-04-01 15:17:28.941] [info] HBM2-CH_0: BW utilization 16% (1540 reads, 2 writes)
[2026-04-01 15:17:28.947] [info] Issue tile Gemm on core 3, spad_id 0, accum_spad_id 0
[2026-04-01 15:17:29.093] [info] HBM2-CH_0: BW utilization 16% (1540 reads, 2 writes)
[2026-04-01 15:17:29.099] [info] Issue tile Gemm on core 3, spad_id 1, accum_spad_id 1
[2026-04-01 15:17:29.246] [info] HBM2-CH_0: BW utilization 16% (1540 reads, 2 writes)
[2026-04-01 15:17:29.252] [info] Issue tile Gemm on core 3, spad_id 0, accum_spad_id 0
[2026-04-01 15:17:29.401] [info] HBM2-CH_0: BW utilization 16% (1540 reads, 2 writes)
[2026-04-01 15:17:29.493] [info] HBM2-CH_0: BW utilization 0% (0 reads, 0 writes)
[2026-04-01 15:17:29.500] [info] Layer layer0.ffn.fc1 finish at 1440000
[2026-04-01 15:17:29.500] [info] Total compute time 48000
[2026-04-01 15:17:29.500] [info] executable layer count 1
[2026-04-01 15:17:29.500] [info] Start layer layer0.ffn.act
[2026-04-01 15:17:29.500] [info] Issue tile layer0.ffn.act on core 3, spad_id 1, accum_spad_id 1
[2026-04-01 15:17:29.590] [info] HBM2-CH_0: BW utilization 0% (24 reads, 12 writes)
[2026-04-01 15:17:29.597] [info] Layer layer0.ffn.act finish at 1448000
[2026-04-01 15:17:29.597] [info] Total compute time 8000
[2026-04-01 15:17:29.597] [info] executable layer count 1
[2026-04-01 15:17:29.597] [info] Start layer layer0.ffn.fc2
[2026-04-01 15:17:29.597] [info] Issue tile Gemm on core 3, spad_id 1, accum_spad_id 1
[2026-04-01 15:17:29.838] [info] HBM2-CH_0: BW utilization 32% (3097 reads, 0 writes)
[2026-04-01 15:17:29.844] [info] Issue tile Gemm on core 3, spad_id 1, accum_spad_id 1
[2026-04-01 15:17:30.007] [info] HBM2-CH_0: BW utilization 16% (1548 reads, 1 writes)
[2026-04-01 15:17:30.015] [info] Issue tile Gemm on core 3, spad_id 0, accum_spad_id 0
[2026-04-01 15:17:30.175] [info] HBM2-CH_0: BW utilization 16% (1549 reads, 1 writes)
[2026-04-01 15:17:30.182] [info] Issue tile Gemm on core 3, spad_id 1, accum_spad_id 1
[2026-04-01 15:17:30.342] [info] HBM2-CH_0: BW utilization 16% (1548 reads, 0 writes)
[2026-04-01 15:17:30.350] [info] Issue tile Gemm on core 3, spad_id 0, accum_spad_id 0
[2026-04-01 15:17:30.509] [info] HBM2-CH_0: BW utilization 16% (1548 reads, 1 writes)
[2026-04-01 15:17:30.599] [info] HBM2-CH_0: BW utilization 0% (0 reads, 0 writes)
[2026-04-01 15:17:30.606] [info] Layer layer0.ffn.fc2 finish at 1496000
[2026-04-01 15:17:30.606] [info] Total compute time 48000
[2026-04-01 15:17:30.606] [info] executable layer count 1
[2026-04-01 15:17:30.606] [info] Start layer layer0.ffn.ln
[2026-04-01 15:17:30.606] [info] Issue tile layer0.ffn.ln on core 3, spad_id 1, accum_spad_id 1
[2026-04-01 15:17:30.694] [info] HBM2-CH_0: BW utilization 0% (7 reads, 4 writes)
[2026-04-01 15:17:30.701] [info] Layer layer0.ffn.ln finish at 1504000
[2026-04-01 15:17:30.701] [info] Total compute time 8000
[2026-04-01 15:17:30.701] [info] Model[opt-125m] Request: 1200 us, Start: 1200 us, finish:1504 us, Current Cycle:1504000
[2026-04-01 15:17:30.701] [info] No total_seq_len!
[2026-04-01 15:17:30.701] [info] Total Memory Usage: 0.09 GB
[2026-04-01 15:17:30.701] [info] Weight Memory Usage: 0.09 GB
[2026-04-01 15:17:30.701] [info] KV Memory Usage: 0.00 GB
[2026-04-01 15:17:30.701] [info] Activation Memory Usage: 0.00 GB
[2026-04-01 15:17:30.701] [info] [GEMM] spad_size: 33554432 accum_size: 4194304
[2026-04-01 15:17:30.701] [info] [GEMM] required_sram_size: 983040 required_accum_size: 131072
[2026-04-01 15:17:30.701] [info] [GEMM] Used gemmini gemm mapping: Total N:1 C:768 M:2304, Outer N:1 C:1 M:5, Inner N:128 C:768 M:512
[2026-04-01 15:17:30.716] [info] [GemmWs] Keys K = 768, N = 1, M = 2304
[2026-04-01 15:17:30.716] [info] [GemmWS]: total 0.003541248 GFLOPs, 0.003549696 GB
[2026-04-01 15:17:30.716] [info] [GemmWS]: Theoretical time(ms): 0.005781263553217286 Compute time: 2.7017577508559043e-05 Memory time: 0.005781263553217286
[2026-04-01 15:17:30.716] [info] [Attention] total_spad_size_per_head: 1920 B
[2026-04-01 15:17:30.716] [info] [Attention] total_acc_size_per_head: 14 B
[2026-04-01 15:17:30.716] [info] [Attention] q_len: 1, seq_len: 7, dk: 64, heads per tile 1
[2026-04-01 15:17:30.716] [info] [Attention] Spad size 16777216
[2026-04-01 15:17:30.716] [info] [Attention] Accum spad size 2097152
[2026-04-01 15:17:30.716] [info] Mapping info Total Loop: N12 C64 M7 S1 R1 Q1 P1 Tile Out Loop: N12 C1 M1 S1 R1 Q1 P1 Tile In Loop: N1 C64 M7 S1 R1 Q1 P1
[2026-04-01 15:17:30.716] [info] [Attention] QK 1.0752e-05 GFLOPs
[2026-04-01 15:17:30.716] [info] [Attention] total 2.2344e-05 GFLOPs, 2.4576e-05 GB
[2026-04-01 15:17:30.716] [info] [Attention] Theoretical time(ms): 4.0026058e-05 Compute time: 2.6660155e-07 Memory time: 4.0026058e-05
[2026-04-01 15:17:30.716] [info] [Attention] QK compute 0.0000ms Softmax compute 0.0000ms SV compute 0.0000ms
[2026-04-01 15:17:30.716] [info] [GEMM] spad_size: 33554432 accum_size: 4194304
[2026-04-01 15:17:30.716] [info] [GEMM] required_sram_size: 393216 required_accum_size: 32768
[2026-04-01 15:17:30.716] [info] [GEMM] Used gemmini gemm mapping: Total N:1 C:768 M:768, Outer N:1 C:1 M:6, Inner N:128 C:768 M:128
[2026-04-01 15:17:30.721] [info] [GemmWs] Keys K = 768, N = 1, M = 768
[2026-04-01 15:17:30.721] [info] [GemmWS]: total 0.0011804161 GFLOPs, 0.0011842559 GB
[2026-04-01 15:17:30.721] [info] [GemmWS]: Theoretical time(ms): 0.0019287556369818049 Compute time: 9.0058600576981e-06 Memory time: 0.0019287556369818049
[2026-04-01 15:17:30.721] [info] [SkipLayerNorm] tokens_per_tile: 1
[2026-04-01 15:17:30.721] [info] [GEMM] spad_size: 33554432 accum_size: 4194304
[2026-04-01 15:17:30.721] [info] [GEMM] required_sram_size: 983040 required_accum_size: 131072
[2026-04-01 15:17:30.721] [info] [GEMM] Used gemmini gemm mapping: Total N:1 C:768 M:3072, Outer N:1 C:1 M:6, Inner N:128 C:768 M:512
[2026-04-01 15:17:30.738] [info] [GemmWs] Keys K = 768, N = 1, M = 3072
[2026-04-01 15:17:30.738] [info] [GemmWS]: total 0.0047185924 GFLOPs, 0.004726272 GB
[2026-04-01 15:17:30.738] [info] [GemmWS]: Theoretical time(ms): 0.0076975111369392835 Compute time: 3.6000002978653356e-05 Memory time: 0.0076975111369392835
[2026-04-01 15:17:30.738] [info] [BiasAct] tokens_per_tile: 1
[2026-04-01 15:17:30.738] [info] [GEMM] spad_size: 33554432 accum_size: 4194304
[2026-04-01 15:17:30.738] [info] [GEMM] required_sram_size: 1572864 required_accum_size: 32768
[2026-04-01 15:17:30.738] [info] [GEMM] Used gemmini gemm mapping: Total N:1 C:3072 M:768, Outer N:1 C:1 M:6, Inner N:128 C:3072 M:128
[2026-04-01 15:17:30.758] [info] [GemmWs] Keys K = 3072, N = 1, M = 768
[2026-04-01 15:17:30.758] [info] [GemmWS]: total 0.0047193603 GFLOPs, 0.0047278083 GB
[2026-04-01 15:17:30.758] [info] [GemmWS]: Theoretical time(ms): 0.007700013156863861 Compute time: 3.60058614035097e-05 Memory time: 0.007700013156863861
[2026-04-01 15:17:30.758] [info] [SkipLayerNorm] tokens_per_tile: 1
[2026-04-01 15:17:30.758] [info]  Model initialization time: 0.057170 seconds
[2026-04-01 15:17:30.758] [info] Schedule model: opt-125m at 1504002000 us
[2026-04-01 15:17:30.758] [info] MODEL opt-125m Scheduled, Total Request: 1
[2026-04-01 15:17:30.758] [info] executable layer count 1
[2026-04-01 15:17:30.758] [info] Start layer layer0.attn.QKVgen
[2026-04-01 15:17:31.018] [info] HBM2-CH_0: BW utilization 32% (3082 reads, 3 writes)
[2026-04-01 15:17:31.024] [info] Issue tile Gemm on core 3, spad_id 1, accum_spad_id 1
[2026-04-01 15:17:31.166] [info] HBM2-CH_0: BW utilization 16% (1540 reads, 2 writes)
[2026-04-01 15:17:31.173] [info] Issue tile Gemm on core 3, spad_id 0, accum_spad_id 0
[2026-04-01 15:17:31.334] [info] HBM2-CH_0: BW utilization 16% (1541 reads, 2 writes)
[2026-04-01 15:17:31.342] [info] Issue tile Gemm on core 3, spad_id 1, accum_spad_id 1
[2026-04-01 15:17:31.468] [info] HBM2-CH_0: BW utilization 8% (772 reads, 1 writes)
[2026-04-01 15:17:31.564] [info] HBM2-CH_0: BW utilization 0% (0 reads, 0 writes)
[2026-04-01 15:17:31.572] [info] Layer layer0.attn.QKVgen finish at 1544000
[2026-04-01 15:17:31.572] [info] Total compute time 39999
[2026-04-01 15:17:31.572] [info] executable layer count 1
[2026-04-01 15:17:31.572] [info] Start layer layer0.attn.KVccat
[2026-04-01 15:17:31.572] [info] Issue tile KVCacheConcat on core 3, spad_id 1, accum_spad_id 1
[2026-04-01 15:17:31.572] [info] Layer layer0.attn.KVccat finish at 1544001
[2026-04-01 15:17:31.572] [info] Total compute time 1
[2026-04-01 15:17:31.572] [info] executable layer count 1
[2026-04-01 15:17:31.572] [info] Start layer layer0.attn.Attention.0
[2026-04-01 15:17:31.656] [info] HBM2-CH_0: BW utilization 0% (9 reads, 0 writes)
[2026-04-01 15:17:31.663] [info] Issue tile layer0.attn.Attention.0 on core 3, spad_id 1, accum_spad_id 1
[2026-04-01 15:17:31.748] [info] HBM2-CH_0: BW utilization 0% (4 reads, 1 writes)
[2026-04-01 15:17:31.756] [info] Issue tile layer0.attn.Attention.0 on core 3, spad_id 0, accum_spad_id 0
[2026-04-01 15:17:31.847] [info] HBM2-CH_0: BW utilization 0% (4 reads, 0 writes)
[2026-04-01 15:17:31.854] [info] Issue tile layer0.attn.Attention.0 on core 3, spad_id 1, accum_spad_id 1
[2026-04-01 15:17:31.946] [info] HBM2-CH_0: BW utilization 0% (4 reads, 0 writes)
[2026-04-01 15:17:31.953] [info] Issue tile layer0.attn.Attention.0 on core 3, spad_id 0, accum_spad_id 0
[2026-04-01 15:17:32.042] [info] HBM2-CH_0: BW utilization 0% (5 reads, 0 writes)
[2026-04-01 15:17:32.049] [info] Issue tile layer0.attn.Attention.0 on core 3, spad_id 1, accum_spad_id 1
[2026-04-01 15:17:32.129] [info] HBM2-CH_0: BW utilization 0% (4 reads, 1 writes)
[2026-04-01 15:17:32.135] [info] Issue tile layer0.attn.Attention.0 on core 3, spad_id 0, accum_spad_id 0
[2026-04-01 15:17:32.213] [info] HBM2-CH_0: BW utilization 0% (4 reads, 0 writes)
[2026-04-01 15:17:32.220] [info] Issue tile layer0.attn.Attention.0 on core 3, spad_id 1, accum_spad_id 1
[2026-04-01 15:17:32.304] [info] HBM2-CH_0: BW utilization 0% (5 reads, 0 writes)
[2026-04-01 15:17:32.311] [info] Issue tile layer0.attn.Attention.0 on core 3, spad_id 0, accum_spad_id 0
[2026-04-01 15:17:32.397] [info] HBM2-CH_0: BW utilization 0% (4 reads, 0 writes)
[2026-04-01 15:17:32.404] [info] Issue tile layer0.attn.Attention.0 on core 3, spad_id 1, accum_spad_id 1
[2026-04-01 15:17:32.488] [info] HBM2-CH_0: BW utilization 0% (4 reads, 0 writes)
[2026-04-01 15:17:32.495] [info] Issue tile layer0.attn.Attention.0 on core 3, spad_id 0, accum_spad_id 0
[2026-04-01 15:17:32.571] [info] HBM2-CH_0: BW utilization 0% (4 reads, 1 writes)
[2026-04-01 15:17:32.653] [info] HBM2-CH_0: BW utilization 0% (0 reads, 0 writes)
[2026-04-01 15:17:32.659] [info] Layer layer0.attn.Attention.0 finish at 1640000
[2026-04-01 15:17:32.659] [info] Total compute time 95999
[2026-04-01 15:17:32.659] [info] executable layer count 1
[2026-04-01 15:17:32.659] [info] Start layer layer0.attn.Atccat
[2026-04-01 15:17:32.659] [info] Issue tile Concat on core 3, spad_id 1, accum_spad_id 1
[2026-04-01 15:17:32.659] [info] Layer layer0.attn.Atccat finish at 1640001
[2026-04-01 15:17:32.659] [info] Total compute time 1
[2026-04-01 15:17:32.659] [info] executable layer count 1
[2026-04-01 15:17:32.659] [info] Start layer layer0.attn.proj
[2026-04-01 15:17:32.767] [info] HBM2-CH_0: BW utilization 8% (775 reads, 1 writes)
[2026-04-01 15:17:32.774] [info] Issue tile Gemm on core 3, spad_id 1, accum_spad_id 1
[2026-04-01 15:17:32.875] [info] HBM2-CH_0: BW utilization 4% (387 reads, 1 writes)
[2026-04-01 15:17:32.883] [info] Issue tile Gemm on core 3, spad_id 0, accum_spad_id 0
[2026-04-01 15:17:32.982] [info] HBM2-CH_0: BW utilization 4% (388 reads, 1 writes)
[2026-04-01 15:17:32.989] [info] Issue tile Gemm on core 3, spad_id 1, accum_spad_id 1
[2026-04-01 15:17:33.079] [info] HBM2-CH_0: BW utilization 4% (387 reads, 0 writes)
[2026-04-01 15:17:33.086] [info] Issue tile Gemm on core 3, spad_id 0, accum_spad_id 0
[2026-04-01 15:17:33.174] [info] HBM2-CH_0: BW utilization 4% (387 reads, 1 writes)
[2026-04-01 15:17:33.263] [info] HBM2-CH_0: BW utilization 0% (0 reads, 0 writes)
[2026-04-01 15:17:33.270] [info] Layer layer0.attn.proj finish at 1688000
[2026-04-01 15:17:33.270] [info] Total compute time 47999
[2026-04-01 15:17:33.270] [info] executable layer count 1
[2026-04-01 15:17:33.270] [info] Start layer layer0.attn.ln
[2026-04-01 15:17:33.270] [info] Issue tile layer0.attn.ln on core 3, spad_id 1, accum_spad_id 1
[2026-04-01 15:17:33.353] [info] HBM2-CH_0: BW utilization 0% (7 reads, 3 writes)
[2026-04-01 15:17:33.361] [info] Layer layer0.attn.ln finish at 1696000
[2026-04-01 15:17:33.361] [info] Total compute time 8000
[2026-04-01 15:17:33.361] [info] executable layer count 1
[2026-04-01 15:17:33.361] [info] Start layer layer0.ffn.fc1
[2026-04-01 15:17:33.361] [info] Issue tile Gemm on core 3, spad_id 1, accum_spad_id 1
[2026-04-01 15:17:33.604] [info] HBM2-CH_0: BW utilization 32% (3078 reads, 4 writes)
[2026-04-01 15:17:33.611] [info] Issue tile Gemm on core 3, spad_id 1, accum_spad_id 1
[2026-04-01 15:17:33.755] [info] HBM2-CH_0: BW utilization 16% (1539 reads, 2 writes)
[2026-04-01 15:17:33.763] [info] Issue tile Gemm on core 3, spad_id 0, accum_spad_id 0
[2026-04-01 15:17:33.910] [info] HBM2-CH_0: BW utilization 16% (1539 reads, 3 writes)
[2026-04-01 15:17:33.918] [info] Issue tile Gemm on core 3, spad_id 1, accum_spad_id 1
[2026-04-01 15:17:34.088] [info] HBM2-CH_0: BW utilization 16% (1539 reads, 2 writes)
[2026-04-01 15:17:34.096] [info] Issue tile Gemm on core 3, spad_id 0, accum_spad_id 0
[2026-04-01 15:17:34.254] [info] HBM2-CH_0: BW utilization 16% (1539 reads, 2 writes)
[2026-04-01 15:17:34.344] [info] HBM2-CH_0: BW utilization 0% (0 reads, 0 writes)
[2026-04-01 15:17:34.352] [info] Layer layer0.ffn.fc1 finish at 1744000
[2026-04-01 15:17:34.352] [info] Total compute time 48000
[2026-04-01 15:17:34.352] [info] executable layer count 1
[2026-04-01 15:17:34.352] [info] Start layer layer0.ffn.act
[2026-04-01 15:17:34.352] [info] Issue tile layer0.ffn.act on core 3, spad_id 1, accum_spad_id 1
[2026-04-01 15:17:34.439] [info] HBM2-CH_0: BW utilization 0% (25 reads, 12 writes)
[2026-04-01 15:17:34.448] [info] Layer layer0.ffn.act finish at 1752000
[2026-04-01 15:17:34.448] [info] Total compute time 8000
[2026-04-01 15:17:34.448] [info] executable layer count 1
[2026-04-01 15:17:34.448] [info] Start layer layer0.ffn.fc2
[2026-04-01 15:17:34.448] [info] Issue tile Gemm on core 3, spad_id 1, accum_spad_id 1
[2026-04-01 15:17:34.689] [info] HBM2-CH_0: BW utilization 32% (3097 reads, 0 writes)
[2026-04-01 15:17:34.696] [info] Issue tile Gemm on core 3, spad_id 1, accum_spad_id 1
[2026-04-01 15:17:34.844] [info] HBM2-CH_0: BW utilization 16% (1548 reads, 1 writes)
[2026-04-01 15:17:34.852] [info] Issue tile Gemm on core 3, spad_id 0, accum_spad_id 0
[2026-04-01 15:17:35.001] [info] HBM2-CH_0: BW utilization 16% (1549 reads, 0 writes)
[2026-04-01 15:17:35.009] [info] Issue tile Gemm on core 3, spad_id 1, accum_spad_id 1
[2026-04-01 15:17:35.178] [info] HBM2-CH_0: BW utilization 16% (1548 reads, 1 writes)
[2026-04-01 15:17:35.186] [info] Issue tile Gemm on core 3, spad_id 0, accum_spad_id 0
[2026-04-01 15:17:35.335] [info] HBM2-CH_0: BW utilization 16% (1548 reads, 0 writes)
[2026-04-01 15:17:35.425] [info] HBM2-CH_0: BW utilization 0% (0 reads, 0 writes)
[2026-04-01 15:17:35.433] [info] Layer layer0.ffn.fc2 finish at 1800000
[2026-04-01 15:17:35.433] [info] Total compute time 48000
[2026-04-01 15:17:35.433] [info] executable layer count 1
[2026-04-01 15:17:35.433] [info] Start layer layer0.ffn.ln
[2026-04-01 15:17:35.433] [info] Issue tile layer0.ffn.ln on core 3, spad_id 1, accum_spad_id 1
[2026-04-01 15:17:35.518] [info] HBM2-CH_0: BW utilization 0% (5 reads, 3 writes)
[2026-04-01 15:17:35.526] [info] Layer layer0.ffn.ln finish at 1808000
[2026-04-01 15:17:35.526] [info] Total compute time 8000
[2026-04-01 15:17:35.526] [info] Model[opt-125m] Request: 1504 us, Start: 1504 us, finish:1808 us, Current Cycle:1808000
[2026-04-01 15:17:35.526] [info] No total_seq_len!
[2026-04-01 15:17:35.526] [info] Total Memory Usage: 0.09 GB
[2026-04-01 15:17:35.526] [info] Weight Memory Usage: 0.09 GB
[2026-04-01 15:17:35.526] [info] KV Memory Usage: 0.00 GB
[2026-04-01 15:17:35.526] [info] Activation Memory Usage: 0.00 GB
[2026-04-01 15:17:35.526] [info] [GEMM] spad_size: 33554432 accum_size: 4194304
[2026-04-01 15:17:35.526] [info] [GEMM] required_sram_size: 983040 required_accum_size: 131072
[2026-04-01 15:17:35.526] [info] [GEMM] Used gemmini gemm mapping: Total N:1 C:768 M:2304, Outer N:1 C:1 M:5, Inner N:128 C:768 M:512
[2026-04-01 15:17:35.539] [info] [GemmWs] Keys K = 768, N = 1, M = 2304
[2026-04-01 15:17:35.539] [info] [GemmWS]: total 0.003541248 GFLOPs, 0.003549696 GB
[2026-04-01 15:17:35.539] [info] [GemmWS]: Theoretical time(ms): 0.005781263553217286 Compute time: 2.7017577508559043e-05 Memory time: 0.005781263553217286
[2026-04-01 15:17:35.539] [info] [Attention] total_spad_size_per_head: 2176 B
[2026-04-01 15:17:35.539] [info] [Attention] total_acc_size_per_head: 16 B
[2026-04-01 15:17:35.539] [info] [Attention] q_len: 1, seq_len: 8, dk: 64, heads per tile 1
[2026-04-01 15:17:35.539] [info] [Attention] Spad size 16777216
[2026-04-01 15:17:35.539] [info] [Attention] Accum spad size 2097152
[2026-04-01 15:17:35.539] [info] Mapping info Total Loop: N12 C64 M8 S1 R1 Q1 P1 Tile Out Loop: N12 C1 M1 S1 R1 Q1 P1 Tile In Loop: N1 C64 M8 S1 R1 Q1 P1
[2026-04-01 15:17:35.540] [info] [Attention] QK 1.2288e-05 GFLOPs
[2026-04-01 15:17:35.540] [info] [Attention] total 2.5536e-05 GFLOPs, 2.7648e-05 GB
[2026-04-01 15:17:35.540] [info] [Attention] Theoretical time(ms): 4.5029316e-05 Compute time: 3.046875e-07 Memory time: 4.5029316e-05
[2026-04-01 15:17:35.540] [info] [Attention] QK compute 0.0000ms Softmax compute 0.0000ms SV compute 0.0000ms
[2026-04-01 15:17:35.540] [info] [GEMM] spad_size: 33554432 accum_size: 4194304
[2026-04-01 15:17:35.540] [info] [GEMM] required_sram_size: 393216 required_accum_size: 32768
[2026-04-01 15:17:35.540] [info] [GEMM] Used gemmini gemm mapping: Total N:1 C:768 M:768, Outer N:1 C:1 M:6, Inner N:128 C:768 M:128
[2026-04-01 15:17:35.544] [info] [GemmWs] Keys K = 768, N = 1, M = 768
[2026-04-01 15:17:35.544] [info] [GemmWS]: total 0.0011804161 GFLOPs, 0.0011842559 GB
[2026-04-01 15:17:35.544] [info] [GemmWS]: Theoretical time(ms): 0.0019287556369818049 Compute time: 9.0058600576981e-06 Memory time: 0.0019287556369818049
[2026-04-01 15:17:35.544] [info] [SkipLayerNorm] tokens_per_tile: 1
[2026-04-01 15:17:35.544] [info] [GEMM] spad_size: 33554432 accum_size: 4194304
[2026-04-01 15:17:35.544] [info] [GEMM] required_sram_size: 983040 required_accum_size: 131072
[2026-04-01 15:17:35.544] [info] [GEMM] Used gemmini gemm mapping: Total N:1 C:768 M:3072, Outer N:1 C:1 M:6, Inner N:128 C:768 M:512
[2026-04-01 15:17:35.560] [info] [GemmWs] Keys K = 768, N = 1, M = 3072
[2026-04-01 15:17:35.560] [info] [GemmWS]: total 0.0047185924 GFLOPs, 0.004726272 GB
[2026-04-01 15:17:35.560] [info] [GemmWS]: Theoretical time(ms): 0.0076975111369392835 Compute time: 3.6000002978653356e-05 Memory time: 0.0076975111369392835
[2026-04-01 15:17:35.560] [info] [BiasAct] tokens_per_tile: 1
[2026-04-01 15:17:35.560] [info] [GEMM] spad_size: 33554432 accum_size: 4194304
[2026-04-01 15:17:35.560] [info] [GEMM] required_sram_size: 1572864 required_accum_size: 32768
[2026-04-01 15:17:35.560] [info] [GEMM] Used gemmini gemm mapping: Total N:1 C:3072 M:768, Outer N:1 C:1 M:6, Inner N:128 C:3072 M:128
[2026-04-01 15:17:35.578] [info] [GemmWs] Keys K = 3072, N = 1, M = 768
[2026-04-01 15:17:35.578] [info] [GemmWS]: total 0.0047193603 GFLOPs, 0.0047278083 GB
[2026-04-01 15:17:35.578] [info] [GemmWS]: Theoretical time(ms): 0.007700013156863861 Compute time: 3.60058614035097e-05 Memory time: 0.007700013156863861
[2026-04-01 15:17:35.578] [info] [SkipLayerNorm] tokens_per_tile: 1
[2026-04-01 15:17:35.578] [info]  Model initialization time: 0.052014 seconds
[2026-04-01 15:17:35.578] [info] Schedule model: opt-125m at 1808002000 us
[2026-04-01 15:17:35.578] [info] MODEL opt-125m Scheduled, Total Request: 1
[2026-04-01 15:17:35.578] [info] executable layer count 1
[2026-04-01 15:17:35.578] [info] Start layer layer0.attn.QKVgen
[2026-04-01 15:17:35.810] [info] HBM2-CH_0: BW utilization 32% (3082 reads, 4 writes)
[2026-04-01 15:17:35.817] [info] Issue tile Gemm on core 3, spad_id 1, accum_spad_id 1
[2026-04-01 15:17:35.956] [info] HBM2-CH_0: BW utilization 16% (1540 reads, 2 writes)
[2026-04-01 15:17:35.965] [info] Issue tile Gemm on core 3, spad_id 0, accum_spad_id 0
[2026-04-01 15:17:36.154] [info] HBM2-CH_0: BW utilization 16% (1541 reads, 2 writes)
[2026-04-01 15:17:36.162] [info] Issue tile Gemm on core 3, spad_id 1, accum_spad_id 1
[2026-04-01 15:17:36.280] [info] HBM2-CH_0: BW utilization 8% (772 reads, 1 writes)
[2026-04-01 15:17:36.375] [info] HBM2-CH_0: BW utilization 0% (0 reads, 0 writes)
[2026-04-01 15:17:36.384] [info] Layer layer0.attn.QKVgen finish at 1848000
[2026-04-01 15:17:36.384] [info] Total compute time 39999
[2026-04-01 15:17:36.384] [info] executable layer count 1
[2026-04-01 15:17:36.384] [info] Start layer layer0.attn.KVccat
[2026-04-01 15:17:36.384] [info] Issue tile KVCacheConcat on core 3, spad_id 1, accum_spad_id 1
[2026-04-01 15:17:36.384] [info] Layer layer0.attn.KVccat finish at 1848001
[2026-04-01 15:17:36.384] [info] Total compute time 1
[2026-04-01 15:17:36.384] [info] executable layer count 1
[2026-04-01 15:17:36.384] [info] Start layer layer0.attn.Attention.0
[2026-04-01 15:17:36.472] [info] HBM2-CH_0: BW utilization 0% (9 reads, 1 writes)
[2026-04-01 15:17:36.481] [info] Issue tile layer0.attn.Attention.0 on core 3, spad_id 1, accum_spad_id 1
[2026-04-01 15:17:36.568] [info] HBM2-CH_0: BW utilization 0% (4 reads, 0 writes)
[2026-04-01 15:17:36.576] [info] Issue tile layer0.attn.Attention.0 on core 3, spad_id 0, accum_spad_id 0
[2026-04-01 15:17:36.660] [info] HBM2-CH_0: BW utilization 0% (4 reads, 0 writes)
[2026-04-01 15:17:36.669] [info] Issue tile layer0.attn.Attention.0 on core 3, spad_id 1, accum_spad_id 1
[2026-04-01 15:17:36.756] [info] HBM2-CH_0: BW utilization 0% (5 reads, 0 writes)
[2026-04-01 15:17:36.765] [info] Issue tile layer0.attn.Attention.0 on core 3, spad_id 0, accum_spad_id 0
[2026-04-01 15:17:36.855] [info] HBM2-CH_0: BW utilization 0% (4 reads, 1 writes)
[2026-04-01 15:17:36.866] [info] Issue tile layer0.attn.Attention.0 on core 3, spad_id 1, accum_spad_id 1
[2026-04-01 15:17:36.951] [info] HBM2-CH_0: BW utilization 0% (5 reads, 0 writes)
[2026-04-01 15:17:36.959] [info] Issue tile layer0.attn.Attention.0 on core 3, spad_id 0, accum_spad_id 0
[2026-04-01 15:17:37.055] [info] HBM2-CH_0: BW utilization 0% (4 reads, 0 writes)
[2026-04-01 15:17:37.063] [info] Issue tile layer0.attn.Attention.0 on core 3, spad_id 1, accum_spad_id 1
[2026-04-01 15:17:37.158] [info] HBM2-CH_0: BW utilization 0% (4 reads, 0 writes)
[2026-04-01 15:17:37.166] [info] Issue tile layer0.attn.Attention.0 on core 3, spad_id 0, accum_spad_id 0
[2026-04-01 15:17:37.240] [info] HBM2-CH_0: BW utilization 0% (4 reads, 1 writes)
[2026-04-01 15:17:37.248] [info] Issue tile layer0.attn.Attention.0 on core 3, spad_id 1, accum_spad_id 1
[2026-04-01 15:17:37.324] [info] HBM2-CH_0: BW utilization 0% (5 reads, 0 writes)
[2026-04-01 15:17:37.332] [info] Issue tile layer0.attn.Attention.0 on core 3, spad_id 0, accum_spad_id 0
[2026-04-01 15:17:37.406] [info] HBM2-CH_0: BW utilization 0% (4 reads, 0 writes)
[2026-04-01 15:17:37.488] [info] HBM2-CH_0: BW utilization 0% (0 reads, 0 writes)
[2026-04-01 15:17:37.496] [info] Layer layer0.attn.Attention.0 finish at 1944000
[2026-04-01 15:17:37.496] [info] Total compute time 95999
[2026-04-01 15:17:37.496] [info] executable layer count 1
[2026-04-01 15:17:37.496] [info] Start layer layer0.attn.Atccat
[2026-04-01 15:17:37.496] [info] Issue tile Concat on core 3, spad_id 1, accum_spad_id 1
[2026-04-01 15:17:37.496] [info] Layer layer0.attn.Atccat finish at 1944001
[2026-04-01 15:17:37.496] [info] Total compute time 1
[2026-04-01 15:17:37.496] [info] executable layer count 1
[2026-04-01 15:17:37.496] [info] Start layer layer0.attn.proj
[2026-04-01 15:17:37.594] [info] HBM2-CH_0: BW utilization 8% (773 reads, 1 writes)
[2026-04-01 15:17:37.602] [info] Issue tile Gemm on core 3, spad_id 1, accum_spad_id 1
[2026-04-01 15:17:37.688] [info] HBM2-CH_0: BW utilization 4% (386 reads, 0 writes)
[2026-04-01 15:17:37.695] [info] Issue tile Gemm on core 3, spad_id 0, accum_spad_id 0
[2026-04-01 15:17:37.779] [info] HBM2-CH_0: BW utilization 4% (387 reads, 1 writes)
[2026-04-01 15:17:37.787] [info] Issue tile Gemm on core 3, spad_id 1, accum_spad_id 1
[2026-04-01 15:17:37.872] [info] HBM2-CH_0: BW utilization 4% (386 reads, 0 writes)
[2026-04-01 15:17:37.880] [info] Issue tile Gemm on core 3, spad_id 0, accum_spad_id 0
[2026-04-01 15:17:37.966] [info] HBM2-CH_0: BW utilization 4% (386 reads, 1 writes)
[2026-04-01 15:17:38.049] [info] HBM2-CH_0: BW utilization 0% (0 reads, 0 writes)
[2026-04-01 15:17:38.057] [info] Layer layer0.attn.proj finish at 1992000
[2026-04-01 15:17:38.057] [info] Total compute time 47999
[2026-04-01 15:17:38.057] [info] executable layer count 1
[2026-04-01 15:17:38.057] [info] Start layer layer0.attn.ln
[2026-04-01 15:17:38.057] [info] Issue tile layer0.attn.ln on core 3, spad_id 1, accum_spad_id 1
[2026-04-01 15:17:38.132] [info] HBM2-CH_0: BW utilization 0% (6 reads, 3 writes)
[2026-04-01 15:17:38.140] [info] Layer layer0.attn.ln finish at 2000000
[2026-04-01 15:17:38.140] [info] Total compute time 8000
[2026-04-01 15:17:38.140] [info] executable layer count 1
[2026-04-01 15:17:38.140] [info] Start layer layer0.ffn.fc1
[2026-04-01 15:17:38.140] [info] Issue tile Gemm on core 3, spad_id 1, accum_spad_id 1
[2026-04-01 15:17:38.343] [info] HBM2-CH_0: BW utilization 32% (3078 reads, 4 writes)
[2026-04-01 15:17:38.351] [info] Issue tile Gemm on core 3, spad_id 1, accum_spad_id 1
[2026-04-01 15:17:38.486] [info] HBM2-CH_0: BW utilization 16% (1539 reads, 2 writes)
[2026-04-01 15:17:38.496] [info] Issue tile Gemm on core 3, spad_id 0, accum_spad_id 0
[2026-04-01 15:17:38.645] [info] HBM2-CH_0: BW utilization 16% (1539 reads, 2 writes)
[2026-04-01 15:17:38.654] [info] Issue tile Gemm on core 3, spad_id 1, accum_spad_id 1
[2026-04-01 15:17:38.805] [info] HBM2-CH_0: BW utilization 16% (1539 reads, 2 writes)
[2026-04-01 15:17:38.815] [info] Issue tile Gemm on core 3, spad_id 0, accum_spad_id 0
[2026-04-01 15:17:38.966] [info] HBM2-CH_0: BW utilization 16% (1539 reads, 2 writes)
[2026-04-01 15:17:39.060] [info] HBM2-CH_0: BW utilization 0% (0 reads, 0 writes)
[2026-04-01 15:17:39.070] [info] Layer layer0.ffn.fc1 finish at 2048000
[2026-04-01 15:17:39.070] [info] Total compute time 48000
[2026-04-01 15:17:39.070] [info] executable layer count 1
[2026-04-01 15:17:39.070] [info] Start layer layer0.ffn.act
[2026-04-01 15:17:39.070] [info] Issue tile layer0.ffn.act on core 3, spad_id 1, accum_spad_id 1
[2026-04-01 15:17:39.155] [info] HBM2-CH_0: BW utilization 0% (24 reads, 12 writes)
[2026-04-01 15:17:39.164] [info] Layer layer0.ffn.act finish at 2056000
[2026-04-01 15:17:39.164] [info] Total compute time 8000
[2026-04-01 15:17:39.164] [info] executable layer count 1
[2026-04-01 15:17:39.164] [info] Start layer layer0.ffn.fc2
[2026-04-01 15:17:39.164] [info] Issue tile Gemm on core 3, spad_id 1, accum_spad_id 1
[2026-04-01 15:17:39.392] [info] HBM2-CH_0: BW utilization 32% (3097 reads, 1 writes)
[2026-04-01 15:17:39.401] [info] Issue tile Gemm on core 3, spad_id 1, accum_spad_id 1
[2026-04-01 15:17:39.545] [info] HBM2-CH_0: BW utilization 16% (1548 reads, 1 writes)
[2026-04-01 15:17:39.554] [info] Issue tile Gemm on core 3, spad_id 0, accum_spad_id 0
[2026-04-01 15:17:39.702] [info] HBM2-CH_0: BW utilization 16% (1549 reads, 0 writes)
[2026-04-01 15:17:39.712] [info] Issue tile Gemm on core 3, spad_id 1, accum_spad_id 1
[2026-04-01 15:17:39.868] [info] HBM2-CH_0: BW utilization 16% (1548 reads, 1 writes)
[2026-04-01 15:17:39.878] [info] Issue tile Gemm on core 3, spad_id 0, accum_spad_id 0
[2026-04-01 15:17:40.037] [info] HBM2-CH_0: BW utilization 16% (1548 reads, 0 writes)
[2026-04-01 15:17:40.134] [info] HBM2-CH_0: BW utilization 0% (0 reads, 0 writes)
[2026-04-01 15:17:40.144] [info] Layer layer0.ffn.fc2 finish at 2104000
[2026-04-01 15:17:40.144] [info] Total compute time 48000
[2026-04-01 15:17:40.144] [info] executable layer count 1
[2026-04-01 15:17:40.144] [info] Start layer layer0.ffn.ln
[2026-04-01 15:17:40.144] [info] Issue tile layer0.ffn.ln on core 3, spad_id 1, accum_spad_id 1
[2026-04-01 15:17:40.233] [info] HBM2-CH_0: BW utilization 0% (6 reads, 3 writes)
[2026-04-01 15:17:40.243] [info] Layer layer0.ffn.ln finish at 2112000
[2026-04-01 15:17:40.243] [info] Total compute time 8000
[2026-04-01 15:17:40.243] [info] Model[opt-125m] Request: 1808 us, Start: 1808 us, finish:2112 us, Current Cycle:2112000
[2026-04-01 15:17:40.243] [info] No total_seq_len!
[2026-04-01 15:17:40.243] [info] Total Memory Usage: 0.09 GB
[2026-04-01 15:17:40.243] [info] Weight Memory Usage: 0.09 GB
[2026-04-01 15:17:40.243] [info] KV Memory Usage: 0.00 GB
[2026-04-01 15:17:40.243] [info] Activation Memory Usage: 0.00 GB
[2026-04-01 15:17:40.243] [info] [GEMM] spad_size: 33554432 accum_size: 4194304
[2026-04-01 15:17:40.243] [info] [GEMM] required_sram_size: 983040 required_accum_size: 131072
[2026-04-01 15:17:40.243] [info] [GEMM] Used gemmini gemm mapping: Total N:1 C:768 M:2304, Outer N:1 C:1 M:5, Inner N:128 C:768 M:512
[2026-04-01 15:17:40.257] [info] [GemmWs] Keys K = 768, N = 1, M = 2304
[2026-04-01 15:17:40.257] [info] [GemmWS]: total 0.003541248 GFLOPs, 0.003549696 GB
[2026-04-01 15:17:40.257] [info] [GemmWS]: Theoretical time(ms): 0.005781263553217286 Compute time: 2.7017577508559043e-05 Memory time: 0.005781263553217286
[2026-04-01 15:17:40.257] [info] [Attention] total_spad_size_per_head: 2432 B
[2026-04-01 15:17:40.257] [info] [Attention] total_acc_size_per_head: 18 B
[2026-04-01 15:17:40.257] [info] [Attention] q_len: 1, seq_len: 9, dk: 64, heads per tile 1
[2026-04-01 15:17:40.257] [info] [Attention] Spad size 16777216
[2026-04-01 15:17:40.257] [info] [Attention] Accum spad size 2097152
[2026-04-01 15:17:40.257] [info] Mapping info Total Loop: N12 C64 M9 S1 R1 Q1 P1 Tile Out Loop: N12 C1 M1 S1 R1 Q1 P1 Tile In Loop: N1 C64 M9 S1 R1 Q1 P1
[2026-04-01 15:17:40.257] [info] [Attention] QK 1.3824e-05 GFLOPs
[2026-04-01 15:17:40.258] [info] [Attention] total 2.8728002e-05 GFLOPs, 3.072e-05 GB
[2026-04-01 15:17:40.258] [info] [Attention] Theoretical time(ms): 5.0032573e-05 Compute time: 3.4277343e-07 Memory time: 5.0032573e-05
[2026-04-01 15:17:40.258] [info] [Attention] QK compute 0.0000ms Softmax compute 0.0000ms SV compute 0.0000ms
[2026-04-01 15:17:40.258] [info] [GEMM] spad_size: 33554432 accum_size: 4194304
[2026-04-01 15:17:40.258] [info] [GEMM] required_sram_size: 393216 required_accum_size: 32768
[2026-04-01 15:17:40.258] [info] [GEMM] Used gemmini gemm mapping: Total N:1 C:768 M:768, Outer N:1 C:1 M:6, Inner N:128 C:768 M:128
[2026-04-01 15:17:40.262] [info] [GemmWs] Keys K = 768, N = 1, M = 768
[2026-04-01 15:17:40.262] [info] [GemmWS]: total 0.0011804161 GFLOPs, 0.0011842559 GB
[2026-04-01 15:17:40.262] [info] [GemmWS]: Theoretical time(ms): 0.0019287556369818049 Compute time: 9.0058600576981e-06 Memory time: 0.0019287556369818049
[2026-04-01 15:17:40.262] [info] [SkipLayerNorm] tokens_per_tile: 1
[2026-04-01 15:17:40.262] [info] [GEMM] spad_size: 33554432 accum_size: 4194304
[2026-04-01 15:17:40.262] [info] [GEMM] required_sram_size: 983040 required_accum_size: 131072
[2026-04-01 15:17:40.262] [info] [GEMM] Used gemmini gemm mapping: Total N:1 C:768 M:3072, Outer N:1 C:1 M:6, Inner N:128 C:768 M:512
[2026-04-01 15:17:40.278] [info] [GemmWs] Keys K = 768, N = 1, M = 3072
[2026-04-01 15:17:40.278] [info] [GemmWS]: total 0.0047185924 GFLOPs, 0.004726272 GB
[2026-04-01 15:17:40.278] [info] [GemmWS]: Theoretical time(ms): 0.0076975111369392835 Compute time: 3.6000002978653356e-05 Memory time: 0.0076975111369392835
[2026-04-01 15:17:40.278] [info] [BiasAct] tokens_per_tile: 1
[2026-04-01 15:17:40.279] [info] [GEMM] spad_size: 33554432 accum_size: 4194304
[2026-04-01 15:17:40.279] [info] [GEMM] required_sram_size: 1572864 required_accum_size: 32768
[2026-04-01 15:17:40.279] [info] [GEMM] Used gemmini gemm mapping: Total N:1 C:3072 M:768, Outer N:1 C:1 M:6, Inner N:128 C:3072 M:128
[2026-04-01 15:17:40.297] [info] [GemmWs] Keys K = 3072, N = 1, M = 768
[2026-04-01 15:17:40.297] [info] [GemmWS]: total 0.0047193603 GFLOPs, 0.0047278083 GB
[2026-04-01 15:17:40.297] [info] [GemmWS]: Theoretical time(ms): 0.007700013156863861 Compute time: 3.60058614035097e-05 Memory time: 0.007700013156863861
[2026-04-01 15:17:40.297] [info] [SkipLayerNorm] tokens_per_tile: 1
[2026-04-01 15:17:40.297] [info]  Model initialization time: 0.053778 seconds
[2026-04-01 15:17:40.297] [info] Schedule model: opt-125m at 2112002000 us
[2026-04-01 15:17:40.297] [info] MODEL opt-125m Scheduled, Total Request: 1
[2026-04-01 15:17:40.297] [info] executable layer count 1
[2026-04-01 15:17:40.297] [info] Start layer layer0.attn.QKVgen
[2026-04-01 15:17:40.516] [info] HBM2-CH_0: BW utilization 32% (3082 reads, 4 writes)
[2026-04-01 15:17:40.525] [info] Issue tile Gemm on core 3, spad_id 1, accum_spad_id 1
[2026-04-01 15:17:40.658] [info] HBM2-CH_0: BW utilization 16% (1540 reads, 1 writes)
[2026-04-01 15:17:40.667] [info] Issue tile Gemm on core 3, spad_id 0, accum_spad_id 0
[2026-04-01 15:17:40.822] [info] HBM2-CH_0: BW utilization 16% (1541 reads, 2 writes)
[2026-04-01 15:17:40.833] [info] Issue tile Gemm on core 3, spad_id 1, accum_spad_id 1
[2026-04-01 15:17:40.956] [info] HBM2-CH_0: BW utilization 8% (772 reads, 1 writes)
[2026-04-01 15:17:41.054] [info] HBM2-CH_0: BW utilization 0% (0 reads, 0 writes)
[2026-04-01 15:17:41.064] [info] Layer layer0.attn.QKVgen finish at 2152000
[2026-04-01 15:17:41.064] [info] Total compute time 39999
[2026-04-01 15:17:41.064] [info] executable layer count 1
[2026-04-01 15:17:41.064] [info] Start layer layer0.attn.KVccat
[2026-04-01 15:17:41.064] [info] Issue tile KVCacheConcat on core 3, spad_id 1, accum_spad_id 1
[2026-04-01 15:17:41.064] [info] Layer layer0.attn.KVccat finish at 2152001
[2026-04-01 15:17:41.064] [info] Total compute time 1
[2026-04-01 15:17:41.064] [info] executable layer count 1
[2026-04-01 15:17:41.064] [info] Start layer layer0.attn.Attention.0
[2026-04-01 15:17:41.150] [info] HBM2-CH_0: BW utilization 0% (10 reads, 0 writes)
[2026-04-01 15:17:41.161] [info] Issue tile layer0.attn.Attention.0 on core 3, spad_id 1, accum_spad_id 1
[2026-04-01 15:17:41.247] [info] HBM2-CH_0: BW utilization 0% (6 reads, 0 writes)
[2026-04-01 15:17:41.257] [info] Issue tile layer0.attn.Attention.0 on core 3, spad_id 0, accum_spad_id 0
[2026-04-01 15:17:41.343] [info] HBM2-CH_0: BW utilization 0% (5 reads, 1 writes)
[2026-04-01 15:17:41.354] [info] Issue tile layer0.attn.Attention.0 on core 3, spad_id 1, accum_spad_id 1
[2026-04-01 15:17:41.440] [info] HBM2-CH_0: BW utilization 0% (5 reads, 0 writes)
[2026-04-01 15:17:41.450] [info] Issue tile layer0.attn.Attention.0 on core 3, spad_id 0, accum_spad_id 0
[2026-04-01 15:17:41.535] [info] HBM2-CH_0: BW utilization 0% (5 reads, 0 writes)
[2026-04-01 15:17:41.546] [info] Issue tile layer0.attn.Attention.0 on core 3, spad_id 1, accum_spad_id 1
[2026-04-01 15:17:41.626] [info] HBM2-CH_0: BW utilization 0% (5 reads, 1 writes)
[2026-04-01 15:17:41.636] [info] Issue tile layer0.attn.Attention.0 on core 3, spad_id 0, accum_spad_id 0
[2026-04-01 15:17:41.709] [info] HBM2-CH_0: BW utilization 0% (6 reads, 0 writes)
[2026-04-01 15:17:41.718] [info] Issue tile layer0.attn.Attention.0 on core 3, spad_id 1, accum_spad_id 1
[2026-04-01 15:17:41.792] [info] HBM2-CH_0: BW utilization 0% (5 reads, 0 writes)
[2026-04-01 15:17:41.801] [info] Issue tile layer0.attn.Attention.0 on core 3, spad_id 0, accum_spad_id 0
[2026-04-01 15:17:41.874] [info] HBM2-CH_0: BW utilization 0% (5 reads, 0 writes)
[2026-04-01 15:17:41.883] [info] Issue tile layer0.attn.Attention.0 on core 3, spad_id 1, accum_spad_id 1
[2026-04-01 15:17:41.956] [info] HBM2-CH_0: BW utilization 0% (5 reads, 1 writes)
[2026-04-01 15:17:41.965] [info] Issue tile layer0.attn.Attention.0 on core 3, spad_id 0, accum_spad_id 0
[2026-04-01 15:17:42.037] [info] HBM2-CH_0: BW utilization 0% (6 reads, 0 writes)
[2026-04-01 15:17:42.123] [info] HBM2-CH_0: BW utilization 0% (0 reads, 0 writes)
[2026-04-01 15:17:42.132] [info] Layer layer0.attn.Attention.0 finish at 2248000
[2026-04-01 15:17:42.132] [info] Total compute time 95999
[2026-04-01 15:17:42.132] [info] executable layer count 1
[2026-04-01 15:17:42.132] [info] Start layer layer0.attn.Atccat
[2026-04-01 15:17:42.132] [info] Issue tile Concat on core 3, spad_id 1, accum_spad_id 1
[2026-04-01 15:17:42.132] [info] Layer layer0.attn.Atccat finish at 2248001
[2026-04-01 15:17:42.132] [info] Total compute time 1
[2026-04-01 15:17:42.132] [info] executable layer count 1
[2026-04-01 15:17:42.132] [info] Start layer layer0.attn.proj
[2026-04-01 15:17:42.229] [info] HBM2-CH_0: BW utilization 8% (775 reads, 0 writes)
[2026-04-01 15:17:42.239] [info] Issue tile Gemm on core 3, spad_id 1, accum_spad_id 1
[2026-04-01 15:17:42.326] [info] HBM2-CH_0: BW utilization 4% (387 reads, 1 writes)
[2026-04-01 15:17:42.335] [info] Issue tile Gemm on core 3, spad_id 0, accum_spad_id 0
[2026-04-01 15:17:42.421] [info] HBM2-CH_0: BW utilization 4% (388 reads, 0 writes)
[2026-04-01 15:17:42.430] [info] Issue tile Gemm on core 3, spad_id 1, accum_spad_id 1
[2026-04-01 15:17:42.515] [info] HBM2-CH_0: BW utilization 4% (387 reads, 1 writes)
[2026-04-01 15:17:42.524] [info] Issue tile Gemm on core 3, spad_id 0, accum_spad_id 0
[2026-04-01 15:17:42.609] [info] HBM2-CH_0: BW utilization 4% (387 reads, 0 writes)
[2026-04-01 15:17:42.692] [info] HBM2-CH_0: BW utilization 0% (0 reads, 0 writes)
[2026-04-01 15:17:42.702] [info] Layer layer0.attn.proj finish at 2296000
[2026-04-01 15:17:42.702] [info] Total compute time 47999
[2026-04-01 15:17:42.702] [info] executable layer count 1
[2026-04-01 15:17:42.702] [info] Start layer layer0.attn.ln
[2026-04-01 15:17:42.702] [info] Issue tile layer0.attn.ln on core 3, spad_id 1, accum_spad_id 1
[2026-04-01 15:17:42.775] [info] HBM2-CH_0: BW utilization 0% (5 reads, 3 writes)
[2026-04-01 15:17:42.785] [info] Layer layer0.attn.ln finish at 2304000
[2026-04-01 15:17:42.785] [info] Total compute time 8000
[2026-04-01 15:17:42.785] [info] executable layer count 1
[2026-04-01 15:17:42.785] [info] Start layer layer0.ffn.fc1
[2026-04-01 15:17:42.785] [info] Issue tile Gemm on core 3, spad_id 1, accum_spad_id 1
[2026-04-01 15:17:42.986] [info] HBM2-CH_0: BW utilization 32% (3078 reads, 3 writes)
[2026-04-01 15:17:42.995] [info] Issue tile Gemm on core 3, spad_id 1, accum_spad_id 1
[2026-04-01 15:17:43.131] [info] HBM2-CH_0: BW utilization 16% (1539 reads, 2 writes)
[2026-04-01 15:17:43.141] [info] Issue tile Gemm on core 3, spad_id 0, accum_spad_id 0
[2026-04-01 15:17:43.281] [info] HBM2-CH_0: BW utilization 16% (1539 reads, 2 writes)
[2026-04-01 15:17:43.291] [info] Issue tile Gemm on core 3, spad_id 1, accum_spad_id 1
[2026-04-01 15:17:43.434] [info] HBM2-CH_0: BW utilization 16% (1539 reads, 3 writes)
[2026-04-01 15:17:43.445] [info] Issue tile Gemm on core 3, spad_id 0, accum_spad_id 0
[2026-04-01 15:17:43.597] [info] HBM2-CH_0: BW utilization 16% (1539 reads, 2 writes)
[2026-04-01 15:17:43.691] [info] HBM2-CH_0: BW utilization 0% (0 reads, 0 writes)
[2026-04-01 15:17:43.702] [info] Layer layer0.ffn.fc1 finish at 2352000
[2026-04-01 15:17:43.702] [info] Total compute time 48000
[2026-04-01 15:17:43.702] [info] executable layer count 1
[2026-04-01 15:17:43.702] [info] Start layer layer0.ffn.act
[2026-04-01 15:17:43.702] [info] Issue tile layer0.ffn.act on core 3, spad_id 1, accum_spad_id 1
[2026-04-01 15:17:43.790] [info] HBM2-CH_0: BW utilization 0% (24 reads, 12 writes)
[2026-04-01 15:17:43.802] [info] Layer layer0.ffn.act finish at 2360000
[2026-04-01 15:17:43.802] [info] Total compute time 8000
[2026-04-01 15:17:43.802] [info] executable layer count 1
[2026-04-01 15:17:43.802] [info] Start layer layer0.ffn.fc2
[2026-04-01 15:17:43.802] [info] Issue tile Gemm on core 3, spad_id 1, accum_spad_id 1
[2026-04-01 15:17:44.050] [info] HBM2-CH_0: BW utilization 32% (3097 reads, 1 writes)
[2026-04-01 15:17:44.062] [info] Issue tile Gemm on core 3, spad_id 1, accum_spad_id 1
[2026-04-01 15:17:44.212] [info] HBM2-CH_0: BW utilization 16% (1548 reads, 1 writes)
[2026-04-01 15:17:44.223] [info] Issue tile Gemm on core 3, spad_id 0, accum_spad_id 0
[2026-04-01 15:17:44.368] [info] HBM2-CH_0: BW utilization 16% (1549 reads, 1 writes)
[2026-04-01 15:17:44.380] [info] Issue tile Gemm on core 3, spad_id 1, accum_spad_id 1
[2026-04-01 15:17:44.547] [info] HBM2-CH_0: BW utilization 16% (1548 reads, 0 writes)
[2026-04-01 15:17:44.559] [info] Issue tile Gemm on core 3, spad_id 0, accum_spad_id 0
[2026-04-01 15:17:44.713] [info] HBM2-CH_0: BW utilization 16% (1548 reads, 1 writes)
[2026-04-01 15:17:44.804] [info] HBM2-CH_0: BW utilization 0% (0 reads, 0 writes)
[2026-04-01 15:17:44.815] [info] Layer layer0.ffn.fc2 finish at 2408000
[2026-04-01 15:17:44.815] [info] Total compute time 48000
[2026-04-01 15:17:44.815] [info] executable layer count 1
[2026-04-01 15:17:44.815] [info] Start layer layer0.ffn.ln
[2026-04-01 15:17:44.815] [info] Issue tile layer0.ffn.ln on core 3, spad_id 1, accum_spad_id 1
[2026-04-01 15:17:44.894] [info] HBM2-CH_0: BW utilization 0% (7 reads, 3 writes)
[2026-04-01 15:17:44.905] [info] Layer layer0.ffn.ln finish at 2416000
[2026-04-01 15:17:44.905] [info] Total compute time 8000
[2026-04-01 15:17:44.905] [info] Model[opt-125m] Request: 2112 us, Start: 2112 us, finish:2416 us, Current Cycle:2416000
[2026-04-01 15:17:44.905] [info] No total_seq_len!
[2026-04-01 15:17:44.905] [info] Total Memory Usage: 0.09 GB
[2026-04-01 15:17:44.905] [info] Weight Memory Usage: 0.09 GB
[2026-04-01 15:17:44.905] [info] KV Memory Usage: 0.00 GB
[2026-04-01 15:17:44.905] [info] Activation Memory Usage: 0.00 GB
[2026-04-01 15:17:44.905] [info] [GEMM] spad_size: 33554432 accum_size: 4194304
[2026-04-01 15:17:44.905] [info] [GEMM] required_sram_size: 983040 required_accum_size: 131072
[2026-04-01 15:17:44.905] [info] [GEMM] Used gemmini gemm mapping: Total N:1 C:768 M:2304, Outer N:1 C:1 M:5, Inner N:128 C:768 M:512
[2026-04-01 15:17:44.918] [info] [GemmWs] Keys K = 768, N = 1, M = 2304
[2026-04-01 15:17:44.918] [info] [GemmWS]: total 0.003541248 GFLOPs, 0.003549696 GB
[2026-04-01 15:17:44.918] [info] [GemmWS]: Theoretical time(ms): 0.005781263553217286 Compute time: 2.7017577508559043e-05 Memory time: 0.005781263553217286
[2026-04-01 15:17:44.918] [info] [Attention] total_spad_size_per_head: 2688 B
[2026-04-01 15:17:44.918] [info] [Attention] total_acc_size_per_head: 20 B
[2026-04-01 15:17:44.918] [info] [Attention] q_len: 1, seq_len: 10, dk: 64, heads per tile 1
[2026-04-01 15:17:44.918] [info] [Attention] Spad size 16777216
[2026-04-01 15:17:44.918] [info] [Attention] Accum spad size 2097152
[2026-04-01 15:17:44.918] [info] Mapping info Total Loop: N12 C64 M10 S1 R1 Q1 P1 Tile Out Loop: N12 C1 M1 S1 R1 Q1 P1 Tile In Loop: N1 C64 M10 S1 R1 Q1 P1
[2026-04-01 15:17:44.919] [info] [Attention] QK 1.536e-05 GFLOPs
[2026-04-01 15:17:44.919] [info] [Attention] total 3.1919997e-05 GFLOPs, 3.3792e-05 GB
[2026-04-01 15:17:44.919] [info] [Attention] Theoretical time(ms): 5.503583e-05 Compute time: 3.8085938e-07 Memory time: 5.503583e-05
[2026-04-01 15:17:44.919] [info] [Attention] QK compute 0.0000ms Softmax compute 0.0000ms SV compute 0.0000ms
[2026-04-01 15:17:44.919] [info] [GEMM] spad_size: 33554432 accum_size: 4194304
[2026-04-01 15:17:44.919] [info] [GEMM] required_sram_size: 393216 required_accum_size: 32768
[2026-04-01 15:17:44.919] [info] [GEMM] Used gemmini gemm mapping: Total N:1 C:768 M:768, Outer N:1 C:1 M:6, Inner N:128 C:768 M:128
[2026-04-01 15:17:44.923] [info] [GemmWs] Keys K = 768, N = 1, M = 768
[2026-04-01 15:17:44.923] [info] [GemmWS]: total 0.0011804161 GFLOPs, 0.0011842559 GB
[2026-04-01 15:17:44.923] [info] [GemmWS]: Theoretical time(ms): 0.0019287556369818049 Compute time: 9.0058600576981e-06 Memory time: 0.0019287556369818049
[2026-04-01 15:17:44.923] [info] [SkipLayerNorm] tokens_per_tile: 1
[2026-04-01 15:17:44.923] [info] [GEMM] spad_size: 33554432 accum_size: 4194304
[2026-04-01 15:17:44.923] [info] [GEMM] required_sram_size: 983040 required_accum_size: 131072
[2026-04-01 15:17:44.923] [info] [GEMM] Used gemmini gemm mapping: Total N:1 C:768 M:3072, Outer N:1 C:1 M:6, Inner N:128 C:768 M:512
[2026-04-01 15:17:44.939] [info] [GemmWs] Keys K = 768, N = 1, M = 3072
[2026-04-01 15:17:44.939] [info] [GemmWS]: total 0.0047185924 GFLOPs, 0.004726272 GB
[2026-04-01 15:17:44.939] [info] [GemmWS]: Theoretical time(ms): 0.0076975111369392835 Compute time: 3.6000002978653356e-05 Memory time: 0.0076975111369392835
[2026-04-01 15:17:44.939] [info] [BiasAct] tokens_per_tile: 1
[2026-04-01 15:17:44.939] [info] [GEMM] spad_size: 33554432 accum_size: 4194304
[2026-04-01 15:17:44.939] [info] [GEMM] required_sram_size: 1572864 required_accum_size: 32768
[2026-04-01 15:17:44.939] [info] [GEMM] Used gemmini gemm mapping: Total N:1 C:3072 M:768, Outer N:1 C:1 M:6, Inner N:128 C:3072 M:128
[2026-04-01 15:17:44.957] [info] [GemmWs] Keys K = 3072, N = 1, M = 768
[2026-04-01 15:17:44.957] [info] [GemmWS]: total 0.0047193603 GFLOPs, 0.0047278083 GB
[2026-04-01 15:17:44.957] [info] [GemmWS]: Theoretical time(ms): 0.007700013156863861 Compute time: 3.60058614035097e-05 Memory time: 0.007700013156863861
[2026-04-01 15:17:44.957] [info] [SkipLayerNorm] tokens_per_tile: 1
[2026-04-01 15:17:44.957] [info]  Model initialization time: 0.052050 seconds
[2026-04-01 15:17:44.957] [info] Schedule model: opt-125m at 2416002000 us
[2026-04-01 15:17:44.957] [info] MODEL opt-125m Scheduled, Total Request: 1
[2026-04-01 15:17:44.957] [info] executable layer count 1
[2026-04-01 15:17:44.957] [info] Start layer layer0.attn.QKVgen
[2026-04-01 15:17:45.179] [info] HBM2-CH_0: BW utilization 32% (3084 reads, 4 writes)
[2026-04-01 15:17:45.189] [info] Issue tile Gemm on core 3, spad_id 1, accum_spad_id 1
[2026-04-01 15:17:45.333] [info] HBM2-CH_0: BW utilization 16% (1541 reads, 2 writes)
[2026-04-01 15:17:45.345] [info] Issue tile Gemm on core 3, spad_id 0, accum_spad_id 0
[2026-04-01 15:17:45.493] [info] HBM2-CH_0: BW utilization 16% (1542 reads, 2 writes)
[2026-04-01 15:17:45.505] [info] Issue tile Gemm on core 3, spad_id 1, accum_spad_id 1
[2026-04-01 15:17:45.617] [info] HBM2-CH_0: BW utilization 8% (773 reads, 1 writes)
[2026-04-01 15:17:45.710] [info] HBM2-CH_0: BW utilization 0% (0 reads, 0 writes)
[2026-04-01 15:17:45.721] [info] Layer layer0.attn.QKVgen finish at 2456000
[2026-04-01 15:17:45.721] [info] Total compute time 39999
[2026-04-01 15:17:45.721] [info] executable layer count 1
[2026-04-01 15:17:45.721] [info] Start layer layer0.attn.KVccat
[2026-04-01 15:17:45.721] [info] Issue tile KVCacheConcat on core 3, spad_id 1, accum_spad_id 1
[2026-04-01 15:17:45.721] [info] Layer layer0.attn.KVccat finish at 2456001
[2026-04-01 15:17:45.721] [info] Total compute time 1
[2026-04-01 15:17:45.721] [info] executable layer count 1
[2026-04-01 15:17:45.721] [info] Start layer layer0.attn.Attention.0
[2026-04-01 15:17:45.803] [info] HBM2-CH_0: BW utilization 0% (11 reads, 0 writes)
[2026-04-01 15:17:45.815] [info] Issue tile layer0.attn.Attention.0 on core 3, spad_id 1, accum_spad_id 1
[2026-04-01 15:17:45.896] [info] HBM2-CH_0: BW utilization 0% (5 reads, 1 writes)
[2026-04-01 15:17:45.907] [info] Issue tile layer0.attn.Attention.0 on core 3, spad_id 0, accum_spad_id 0
[2026-04-01 15:17:45.986] [info] HBM2-CH_0: BW utilization 0% (5 reads, 0 writes)
[2026-04-01 15:17:45.998] [info] Issue tile layer0.attn.Attention.0 on core 3, spad_id 1, accum_spad_id 1
[2026-04-01 15:17:46.080] [info] HBM2-CH_0: BW utilization 0% (5 reads, 1 writes)
[2026-04-01 15:17:46.091] [info] Issue tile layer0.attn.Attention.0 on core 3, spad_id 0, accum_spad_id 0
[2026-04-01 15:17:46.191] [info] HBM2-CH_0: BW utilization 0% (6 reads, 0 writes)
[2026-04-01 15:17:46.208] [info] Issue tile layer0.attn.Attention.0 on core 3, spad_id 1, accum_spad_id 1
[2026-04-01 15:17:46.303] [info] HBM2-CH_0: BW utilization 0% (5 reads, 0 writes)
[2026-04-01 15:17:46.313] [info] Issue tile layer0.attn.Attention.0 on core 3, spad_id 0, accum_spad_id 0
[2026-04-01 15:17:46.397] [info] HBM2-CH_0: BW utilization 0% (5 reads, 0 writes)
[2026-04-01 15:17:46.407] [info] Issue tile layer0.attn.Attention.0 on core 3, spad_id 1, accum_spad_id 1
[2026-04-01 15:17:46.480] [info] HBM2-CH_0: BW utilization 0% (5 reads, 1 writes)
[2026-04-01 15:17:46.491] [info] Issue tile layer0.attn.Attention.0 on core 3, spad_id 0, accum_spad_id 0
[2026-04-01 15:17:46.563] [info] HBM2-CH_0: BW utilization 0% (6 reads, 0 writes)
[2026-04-01 15:17:46.573] [info] Issue tile layer0.attn.Attention.0 on core 3, spad_id 1, accum_spad_id 1
[2026-04-01 15:17:46.648] [info] HBM2-CH_0: BW utilization 0% (5 reads, 0 writes)
[2026-04-01 15:17:46.659] [info] Issue tile layer0.attn.Attention.0 on core 3, spad_id 0, accum_spad_id 0
[2026-04-01 15:17:46.732] [info] HBM2-CH_0: BW utilization 0% (5 reads, 0 writes)
[2026-04-01 15:17:46.816] [info] HBM2-CH_0: BW utilization 0% (0 reads, 0 writes)
[2026-04-01 15:17:46.827] [info] Layer layer0.attn.Attention.0 finish at 2552000
[2026-04-01 15:17:46.827] [info] Total compute time 95999
[2026-04-01 15:17:46.827] [info] executable layer count 1
[2026-04-01 15:17:46.827] [info] Start layer layer0.attn.Atccat
[2026-04-01 15:17:46.827] [info] Issue tile Concat on core 3, spad_id 1, accum_spad_id 1
[2026-04-01 15:17:46.827] [info] Layer layer0.attn.Atccat finish at 2552001
[2026-04-01 15:17:46.827] [info] Total compute time 1
[2026-04-01 15:17:46.827] [info] executable layer count 1
[2026-04-01 15:17:46.827] [info] Start layer layer0.attn.proj
[2026-04-01 15:17:46.929] [info] HBM2-CH_0: BW utilization 8% (775 reads, 1 writes)
[2026-04-01 15:17:46.940] [info] Issue tile Gemm on core 3, spad_id 1, accum_spad_id 1
[2026-04-01 15:17:47.053] [info] HBM2-CH_0: BW utilization 4% (387 reads, 1 writes)
[2026-04-01 15:17:47.065] [info] Issue tile Gemm on core 3, spad_id 0, accum_spad_id 0
[2026-04-01 15:17:47.159] [info] HBM2-CH_0: BW utilization 4% (388 reads, 0 writes)
[2026-04-01 15:17:47.171] [info] Issue tile Gemm on core 3, spad_id 1, accum_spad_id 1
[2026-04-01 15:17:47.265] [info] HBM2-CH_0: BW utilization 4% (387 reads, 0 writes)
[2026-04-01 15:17:47.276] [info] Issue tile Gemm on core 3, spad_id 0, accum_spad_id 0
[2026-04-01 15:17:47.370] [info] HBM2-CH_0: BW utilization 4% (387 reads, 1 writes)
[2026-04-01 15:17:47.460] [info] HBM2-CH_0: BW utilization 0% (0 reads, 0 writes)
[2026-04-01 15:17:47.472] [info] Layer layer0.attn.proj finish at 2600000
[2026-04-01 15:17:47.472] [info] Total compute time 47999
[2026-04-01 15:17:47.472] [info] executable layer count 1
[2026-04-01 15:17:47.472] [info] Start layer layer0.attn.ln
[2026-04-01 15:17:47.472] [info] Issue tile layer0.attn.ln on core 3, spad_id 1, accum_spad_id 1
[2026-04-01 15:17:47.551] [info] HBM2-CH_0: BW utilization 0% (7 reads, 4 writes)
[2026-04-01 15:17:47.562] [info] Layer layer0.attn.ln finish at 2608000
[2026-04-01 15:17:47.562] [info] Total compute time 8000
[2026-04-01 15:17:47.562] [info] executable layer count 1
[2026-04-01 15:17:47.562] [info] Start layer layer0.ffn.fc1
[2026-04-01 15:17:47.562] [info] Issue tile Gemm on core 3, spad_id 1, accum_spad_id 1
[2026-04-01 15:17:47.781] [info] HBM2-CH_0: BW utilization 32% (3080 reads, 3 writes)
[2026-04-01 15:17:47.792] [info] Issue tile Gemm on core 3, spad_id 1, accum_spad_id 1
[2026-04-01 15:17:47.945] [info] HBM2-CH_0: BW utilization 16% (1540 reads, 3 writes)
[2026-04-01 15:17:47.958] [info] Issue tile Gemm on core 3, spad_id 0, accum_spad_id 0
[2026-04-01 15:17:48.112] [info] HBM2-CH_0: BW utilization 16% (1540 reads, 2 writes)
[2026-04-01 15:17:48.125] [info] Issue tile Gemm on core 3, spad_id 1, accum_spad_id 1
[2026-04-01 15:17:48.286] [info] HBM2-CH_0: BW utilization 16% (1540 reads, 2 writes)
[2026-04-01 15:17:48.299] [info] Issue tile Gemm on core 3, spad_id 0, accum_spad_id 0
[2026-04-01 15:17:48.464] [info] HBM2-CH_0: BW utilization 16% (1540 reads, 2 writes)
[2026-04-01 15:17:48.557] [info] HBM2-CH_0: BW utilization 0% (0 reads, 0 writes)
[2026-04-01 15:17:48.569] [info] Layer layer0.ffn.fc1 finish at 2656000
[2026-04-01 15:17:48.569] [info] Total compute time 48000
[2026-04-01 15:17:48.569] [info] executable layer count 1
[2026-04-01 15:17:48.569] [info] Start layer layer0.ffn.act
[2026-04-01 15:17:48.569] [info] Issue tile layer0.ffn.act on core 3, spad_id 1, accum_spad_id 1
[2026-04-01 15:17:48.651] [info] HBM2-CH_0: BW utilization 0% (24 reads, 11 writes)
[2026-04-01 15:17:48.664] [info] Layer layer0.ffn.act finish at 2664000
[2026-04-01 15:17:48.664] [info] Total compute time 8000
[2026-04-01 15:17:48.664] [info] executable layer count 1
[2026-04-01 15:17:48.664] [info] Start layer layer0.ffn.fc2
[2026-04-01 15:17:48.664] [info] Issue tile Gemm on core 3, spad_id 1, accum_spad_id 1
[2026-04-01 15:17:48.954] [info] HBM2-CH_0: BW utilization 32% (3095 reads, 0 writes)
[2026-04-01 15:17:48.968] [info] Issue tile Gemm on core 3, spad_id 1, accum_spad_id 1
[2026-04-01 15:17:49.140] [info] HBM2-CH_0: BW utilization 16% (1547 reads, 1 writes)
[2026-04-01 15:17:49.155] [info] Issue tile Gemm on core 3, spad_id 0, accum_spad_id 0
[2026-04-01 15:17:49.328] [info] HBM2-CH_0: BW utilization 16% (1548 reads, 1 writes)
[2026-04-01 15:17:49.342] [info] Issue tile Gemm on core 3, spad_id 1, accum_spad_id 1
[2026-04-01 15:17:49.511] [info] HBM2-CH_0: BW utilization 16% (1547 reads, 1 writes)
[2026-04-01 15:17:49.526] [info] Issue tile Gemm on core 3, spad_id 0, accum_spad_id 0
[2026-04-01 15:17:49.693] [info] HBM2-CH_0: BW utilization 16% (1547 reads, 0 writes)
[2026-04-01 15:17:49.798] [info] HBM2-CH_0: BW utilization 0% (0 reads, 0 writes)
[2026-04-01 15:17:49.813] [info] Layer layer0.ffn.fc2 finish at 2712000
[2026-04-01 15:17:49.813] [info] Total compute time 48000
[2026-04-01 15:17:49.813] [info] executable layer count 1
[2026-04-01 15:17:49.813] [info] Start layer layer0.ffn.ln
[2026-04-01 15:17:49.813] [info] Issue tile layer0.ffn.ln on core 3, spad_id 1, accum_spad_id 1
[2026-04-01 15:17:49.904] [info] HBM2-CH_0: BW utilization 0% (7 reads, 4 writes)
[2026-04-01 15:17:49.918] [info] Layer layer0.ffn.ln finish at 2720000
[2026-04-01 15:17:49.918] [info] Total compute time 8000
[2026-04-01 15:17:49.918] [info] Model[opt-125m] Request: 2416 us, Start: 2416 us, finish:2720 us, Current Cycle:2720000
[2026-04-01 15:17:49.918] [info] No total_seq_len!
[2026-04-01 15:17:49.918] [info] Total Memory Usage: 0.09 GB
[2026-04-01 15:17:49.918] [info] Weight Memory Usage: 0.09 GB
[2026-04-01 15:17:49.918] [info] KV Memory Usage: 0.00 GB
[2026-04-01 15:17:49.918] [info] Activation Memory Usage: 0.00 GB
[2026-04-01 15:17:49.919] [info] [GEMM] spad_size: 33554432 accum_size: 4194304
[2026-04-01 15:17:49.919] [info] [GEMM] required_sram_size: 983040 required_accum_size: 131072
[2026-04-01 15:17:49.919] [info] [GEMM] Used gemmini gemm mapping: Total N:1 C:768 M:2304, Outer N:1 C:1 M:5, Inner N:128 C:768 M:512
[2026-04-01 15:17:49.933] [info] [GemmWs] Keys K = 768, N = 1, M = 2304
[2026-04-01 15:17:49.933] [info] [GemmWS]: total 0.003541248 GFLOPs, 0.003549696 GB
[2026-04-01 15:17:49.933] [info] [GemmWS]: Theoretical time(ms): 0.005781263553217286 Compute time: 2.7017577508559043e-05 Memory time: 0.005781263553217286
[2026-04-01 15:17:49.933] [info] [Attention] total_spad_size_per_head: 2944 B
[2026-04-01 15:17:49.933] [info] [Attention] total_acc_size_per_head: 22 B
[2026-04-01 15:17:49.933] [info] [Attention] q_len: 1, seq_len: 11, dk: 64, heads per tile 1
[2026-04-01 15:17:49.933] [info] [Attention] Spad size 16777216
[2026-04-01 15:17:49.933] [info] [Attention] Accum spad size 2097152
[2026-04-01 15:17:49.933] [info] Mapping info Total Loop: N12 C64 M11 S1 R1 Q1 P1 Tile Out Loop: N12 C1 M1 S1 R1 Q1 P1 Tile In Loop: N1 C64 M11 S1 R1 Q1 P1
[2026-04-01 15:17:49.934] [info] [Attention] QK 1.6896e-05 GFLOPs
[2026-04-01 15:17:49.934] [info] [Attention] total 3.5112e-05 GFLOPs, 3.6864e-05 GB
[2026-04-01 15:17:49.934] [info] [Attention] Theoretical time(ms): 6.0039085e-05 Compute time: 4.1894532e-07 Memory time: 6.0039085e-05
[2026-04-01 15:17:49.934] [info] [Attention] QK compute 0.0000ms Softmax compute 0.0000ms SV compute 0.0000ms
[2026-04-01 15:17:49.934] [info] [GEMM] spad_size: 33554432 accum_size: 4194304
[2026-04-01 15:17:49.934] [info] [GEMM] required_sram_size: 393216 required_accum_size: 32768
[2026-04-01 15:17:49.934] [info] [GEMM] Used gemmini gemm mapping: Total N:1 C:768 M:768, Outer N:1 C:1 M:6, Inner N:128 C:768 M:128
[2026-04-01 15:17:49.938] [info] [GemmWs] Keys K = 768, N = 1, M = 768
[2026-04-01 15:17:49.938] [info] [GemmWS]: total 0.0011804161 GFLOPs, 0.0011842559 GB
[2026-04-01 15:17:49.938] [info] [GemmWS]: Theoretical time(ms): 0.0019287556369818049 Compute time: 9.0058600576981e-06 Memory time: 0.0019287556369818049
[2026-04-01 15:17:49.938] [info] [SkipLayerNorm] tokens_per_tile: 1
[2026-04-01 15:17:49.938] [info] [GEMM] spad_size: 33554432 accum_size: 4194304
[2026-04-01 15:17:49.938] [info] [GEMM] required_sram_size: 983040 required_accum_size: 131072
[2026-04-01 15:17:49.938] [info] [GEMM] Used gemmini gemm mapping: Total N:1 C:768 M:3072, Outer N:1 C:1 M:6, Inner N:128 C:768 M:512
[2026-04-01 15:17:49.957] [info] [GemmWs] Keys K = 768, N = 1, M = 3072
[2026-04-01 15:17:49.957] [info] [GemmWS]: total 0.0047185924 GFLOPs, 0.004726272 GB
[2026-04-01 15:17:49.957] [info] [GemmWS]: Theoretical time(ms): 0.0076975111369392835 Compute time: 3.6000002978653356e-05 Memory time: 0.0076975111369392835
[2026-04-01 15:17:49.957] [info] [BiasAct] tokens_per_tile: 1
[2026-04-01 15:17:49.957] [info] [GEMM] spad_size: 33554432 accum_size: 4194304
[2026-04-01 15:17:49.957] [info] [GEMM] required_sram_size: 1572864 required_accum_size: 32768
[2026-04-01 15:17:49.957] [info] [GEMM] Used gemmini gemm mapping: Total N:1 C:3072 M:768, Outer N:1 C:1 M:6, Inner N:128 C:3072 M:128
[2026-04-01 15:17:49.977] [info] [GemmWs] Keys K = 3072, N = 1, M = 768
[2026-04-01 15:17:49.977] [info] [GemmWS]: total 0.0047193603 GFLOPs, 0.0047278083 GB
[2026-04-01 15:17:49.977] [info] [GemmWS]: Theoretical time(ms): 0.007700013156863861 Compute time: 3.60058614035097e-05 Memory time: 0.007700013156863861
[2026-04-01 15:17:49.977] [info] [SkipLayerNorm] tokens_per_tile: 1
[2026-04-01 15:17:49.977] [info]  Model initialization time: 0.058675 seconds
[2026-04-01 15:17:49.977] [info] Schedule model: opt-125m at 2720002000 us
[2026-04-01 15:17:49.977] [info] MODEL opt-125m Scheduled, Total Request: 1
[2026-04-01 15:17:49.977] [info] executable layer count 1
[2026-04-01 15:17:49.977] [info] Start layer layer0.attn.QKVgen
[2026-04-01 15:17:50.212] [info] HBM2-CH_0: BW utilization 32% (3082 reads, 4 writes)
[2026-04-01 15:17:50.224] [info] Issue tile Gemm on core 3, spad_id 1, accum_spad_id 1
[2026-04-01 15:17:50.363] [info] HBM2-CH_0: BW utilization 16% (1540 reads, 2 writes)
[2026-04-01 15:17:50.375] [info] Issue tile Gemm on core 3, spad_id 0, accum_spad_id 0
[2026-04-01 15:17:50.523] [info] HBM2-CH_0: BW utilization 16% (1541 reads, 3 writes)
[2026-04-01 15:17:50.535] [info] Issue tile Gemm on core 3, spad_id 1, accum_spad_id 1
[2026-04-01 15:17:50.646] [info] HBM2-CH_0: BW utilization 8% (772 reads, 1 writes)
[2026-04-01 15:17:50.740] [info] HBM2-CH_0: BW utilization 0% (0 reads, 0 writes)
[2026-04-01 15:17:50.754] [info] Layer layer0.attn.QKVgen finish at 2760000
[2026-04-01 15:17:50.754] [info] Total compute time 39999
[2026-04-01 15:17:50.754] [info] executable layer count 1
[2026-04-01 15:17:50.754] [info] Start layer layer0.attn.KVccat
[2026-04-01 15:17:50.754] [info] Issue tile KVCacheConcat on core 3, spad_id 1, accum_spad_id 1
[2026-04-01 15:17:50.754] [info] Layer layer0.attn.KVccat finish at 2760001
[2026-04-01 15:17:50.754] [info] Total compute time 1
[2026-04-01 15:17:50.754] [info] executable layer count 1
[2026-04-01 15:17:50.754] [info] Start layer layer0.attn.Attention.0
[2026-04-01 15:17:50.836] [info] HBM2-CH_0: BW utilization 0% (11 reads, 0 writes)
[2026-04-01 15:17:50.849] [info] Issue tile layer0.attn.Attention.0 on core 3, spad_id 1, accum_spad_id 1
[2026-04-01 15:17:50.932] [info] HBM2-CH_0: BW utilization 0% (5 reads, 1 writes)
[2026-04-01 15:17:50.945] [info] Issue tile layer0.attn.Attention.0 on core 3, spad_id 0, accum_spad_id 0
[2026-04-01 15:17:51.034] [info] HBM2-CH_0: BW utilization 0% (5 reads, 0 writes)
[2026-04-01 15:17:51.059] [info] Issue tile layer0.attn.Attention.0 on core 3, spad_id 1, accum_spad_id 1
[2026-04-01 15:17:51.154] [info] HBM2-CH_0: BW utilization 0% (6 reads, 0 writes)
[2026-04-01 15:17:51.169] [info] Issue tile layer0.attn.Attention.0 on core 3, spad_id 0, accum_spad_id 0
[2026-04-01 15:17:51.263] [info] HBM2-CH_0: BW utilization 0% (5 reads, 0 writes)
[2026-04-01 15:17:51.276] [info] Issue tile layer0.attn.Attention.0 on core 3, spad_id 1, accum_spad_id 1
[2026-04-01 15:17:51.376] [info] HBM2-CH_0: BW utilization 0% (5 reads, 1 writes)
[2026-04-01 15:17:51.389] [info] Issue tile layer0.attn.Attention.0 on core 3, spad_id 0, accum_spad_id 0
[2026-04-01 15:17:51.475] [info] HBM2-CH_0: BW utilization 0% (5 reads, 0 writes)
[2026-04-01 15:17:51.487] [info] Issue tile layer0.attn.Attention.0 on core 3, spad_id 1, accum_spad_id 1
[2026-04-01 15:17:51.564] [info] HBM2-CH_0: BW utilization 0% (5 reads, 0 writes)
[2026-04-01 15:17:51.575] [info] Issue tile layer0.attn.Attention.0 on core 3, spad_id 0, accum_spad_id 0
[2026-04-01 15:17:51.654] [info] HBM2-CH_0: BW utilization 0% (6 reads, 0 writes)
[2026-04-01 15:17:51.665] [info] Issue tile layer0.attn.Attention.0 on core 3, spad_id 1, accum_spad_id 1
[2026-04-01 15:17:51.736] [info] HBM2-CH_0: BW utilization 0% (5 reads, 0 writes)
[2026-04-01 15:17:51.747] [info] Issue tile layer0.attn.Attention.0 on core 3, spad_id 0, accum_spad_id 0
[2026-04-01 15:17:51.817] [info] HBM2-CH_0: BW utilization 0% (5 reads, 0 writes)
[2026-04-01 15:17:51.899] [info] HBM2-CH_0: BW utilization 0% (0 reads, 0 writes)
[2026-04-01 15:17:51.910] [info] Layer layer0.attn.Attention.0 finish at 2856000
[2026-04-01 15:17:51.910] [info] Total compute time 95999
[2026-04-01 15:17:51.910] [info] executable layer count 1
[2026-04-01 15:17:51.910] [info] Start layer layer0.attn.Atccat
[2026-04-01 15:17:51.910] [info] Issue tile Concat on core 3, spad_id 1, accum_spad_id 1
[2026-04-01 15:17:51.910] [info] Layer layer0.attn.Atccat finish at 2856001
[2026-04-01 15:17:51.910] [info] Total compute time 1
[2026-04-01 15:17:51.910] [info] executable layer count 1
[2026-04-01 15:17:51.910] [info] Start layer layer0.attn.proj
[2026-04-01 15:17:52.004] [info] HBM2-CH_0: BW utilization 8% (775 reads, 1 writes)
[2026-04-01 15:17:52.015] [info] Issue tile Gemm on core 3, spad_id 1, accum_spad_id 1
[2026-04-01 15:17:52.097] [info] HBM2-CH_0: BW utilization 4% (387 reads, 1 writes)
[2026-04-01 15:17:52.108] [info] Issue tile Gemm on core 3, spad_id 0, accum_spad_id 0
[2026-04-01 15:17:52.189] [info] HBM2-CH_0: BW utilization 4% (388 reads, 0 writes)
[2026-04-01 15:17:52.201] [info] Issue tile Gemm on core 3, spad_id 1, accum_spad_id 1
[2026-04-01 15:17:52.282] [info] HBM2-CH_0: BW utilization 4% (387 reads, 1 writes)
[2026-04-01 15:17:52.294] [info] Issue tile Gemm on core 3, spad_id 0, accum_spad_id 0
[2026-04-01 15:17:52.376] [info] HBM2-CH_0: BW utilization 4% (387 reads, 0 writes)
[2026-04-01 15:17:52.482] [info] HBM2-CH_0: BW utilization 0% (0 reads, 0 writes)
[2026-04-01 15:17:52.496] [info] Layer layer0.attn.proj finish at 2904000
[2026-04-01 15:17:52.496] [info] Total compute time 47999
[2026-04-01 15:17:52.496] [info] executable layer count 1
[2026-04-01 15:17:52.496] [info] Start layer layer0.attn.ln
[2026-04-01 15:17:52.496] [info] Issue tile layer0.attn.ln on core 3, spad_id 1, accum_spad_id 1
[2026-04-01 15:17:52.572] [info] HBM2-CH_0: BW utilization 0% (6 reads, 3 writes)
[2026-04-01 15:17:52.584] [info] Layer layer0.attn.ln finish at 2912000
[2026-04-01 15:17:52.584] [info] Total compute time 8000
[2026-04-01 15:17:52.584] [info] executable layer count 1
[2026-04-01 15:17:52.584] [info] Start layer layer0.ffn.fc1
[2026-04-01 15:17:52.584] [info] Issue tile Gemm on core 3, spad_id 1, accum_spad_id 1
[2026-04-01 15:17:52.793] [info] HBM2-CH_0: BW utilization 32% (3078 reads, 3 writes)
[2026-04-01 15:17:52.805] [info] Issue tile Gemm on core 3, spad_id 1, accum_spad_id 1
[2026-04-01 15:17:52.947] [info] HBM2-CH_0: BW utilization 16% (1539 reads, 3 writes)
[2026-04-01 15:17:52.960] [info] Issue tile Gemm on core 3, spad_id 0, accum_spad_id 0
[2026-04-01 15:17:53.108] [info] HBM2-CH_0: BW utilization 16% (1539 reads, 2 writes)
[2026-04-01 15:17:53.122] [info] Issue tile Gemm on core 3, spad_id 1, accum_spad_id 1
[2026-04-01 15:17:53.268] [info] HBM2-CH_0: BW utilization 16% (1539 reads, 2 writes)
[2026-04-01 15:17:53.282] [info] Issue tile Gemm on core 3, spad_id 0, accum_spad_id 0
[2026-04-01 15:17:53.432] [info] HBM2-CH_0: BW utilization 16% (1539 reads, 2 writes)
[2026-04-01 15:17:53.528] [info] HBM2-CH_0: BW utilization 0% (0 reads, 0 writes)
[2026-04-01 15:17:53.542] [info] Layer layer0.ffn.fc1 finish at 2960000
[2026-04-01 15:17:53.542] [info] Total compute time 48000
[2026-04-01 15:17:53.542] [info] executable layer count 1
[2026-04-01 15:17:53.542] [info] Start layer layer0.ffn.act
[2026-04-01 15:17:53.542] [info] Issue tile layer0.ffn.act on core 3, spad_id 1, accum_spad_id 1
[2026-04-01 15:17:53.625] [info] HBM2-CH_0: BW utilization 0% (24 reads, 12 writes)
[2026-04-01 15:17:53.639] [info] Layer layer0.ffn.act finish at 2968000
[2026-04-01 15:17:53.639] [info] Total compute time 8000
[2026-04-01 15:17:53.639] [info] executable layer count 1
[2026-04-01 15:17:53.639] [info] Start layer layer0.ffn.fc2
[2026-04-01 15:17:53.639] [info] Issue tile Gemm on core 3, spad_id 1, accum_spad_id 1
[2026-04-01 15:17:53.874] [info] HBM2-CH_0: BW utilization 32% (3097 reads, 0 writes)
[2026-04-01 15:17:53.888] [info] Issue tile Gemm on core 3, spad_id 1, accum_spad_id 1
[2026-04-01 15:17:54.033] [info] HBM2-CH_0: BW utilization 16% (1548 reads, 1 writes)
[2026-04-01 15:17:54.047] [info] Issue tile Gemm on core 3, spad_id 0, accum_spad_id 0
[2026-04-01 15:17:54.194] [info] HBM2-CH_0: BW utilization 16% (1549 reads, 1 writes)
[2026-04-01 15:17:54.208] [info] Issue tile Gemm on core 3, spad_id 1, accum_spad_id 1
[2026-04-01 15:17:54.356] [info] HBM2-CH_0: BW utilization 16% (1548 reads, 0 writes)
[2026-04-01 15:17:54.370] [info] Issue tile Gemm on core 3, spad_id 0, accum_spad_id 0
[2026-04-01 15:17:54.516] [info] HBM2-CH_0: BW utilization 16% (1548 reads, 1 writes)
[2026-04-01 15:17:54.612] [info] HBM2-CH_0: BW utilization 0% (0 reads, 0 writes)
[2026-04-01 15:17:54.627] [info] Layer layer0.ffn.fc2 finish at 3016000
[2026-04-01 15:17:54.627] [info] Total compute time 48000
[2026-04-01 15:17:54.627] [info] executable layer count 1
[2026-04-01 15:17:54.627] [info] Start layer layer0.ffn.ln
[2026-04-01 15:17:54.627] [info] Issue tile layer0.ffn.ln on core 3, spad_id 1, accum_spad_id 1
[2026-04-01 15:17:54.715] [info] HBM2-CH_0: BW utilization 0% (6 reads, 3 writes)
[2026-04-01 15:17:54.732] [info] Layer layer0.ffn.ln finish at 3024000
[2026-04-01 15:17:54.732] [info] Total compute time 8000
[2026-04-01 15:17:54.732] [info] Model[opt-125m] Request: 2720 us, Start: 2720 us, finish:3024 us, Current Cycle:3024000
[2026-04-01 15:17:54.732] [info] No total_seq_len!
[2026-04-01 15:17:54.732] [info] Total Memory Usage: 0.09 GB
[2026-04-01 15:17:54.732] [info] Weight Memory Usage: 0.09 GB
[2026-04-01 15:17:54.732] [info] KV Memory Usage: 0.00 GB
[2026-04-01 15:17:54.732] [info] Activation Memory Usage: 0.00 GB
[2026-04-01 15:17:54.732] [info] [GEMM] spad_size: 33554432 accum_size: 4194304
[2026-04-01 15:17:54.732] [info] [GEMM] required_sram_size: 983040 required_accum_size: 131072
[2026-04-01 15:17:54.732] [info] [GEMM] Used gemmini gemm mapping: Total N:1 C:768 M:2304, Outer N:1 C:1 M:5, Inner N:128 C:768 M:512
[2026-04-01 15:17:54.747] [info] [GemmWs] Keys K = 768, N = 1, M = 2304
[2026-04-01 15:17:54.747] [info] [GemmWS]: total 0.003541248 GFLOPs, 0.003549696 GB
[2026-04-01 15:17:54.747] [info] [GemmWS]: Theoretical time(ms): 0.005781263553217286 Compute time: 2.7017577508559043e-05 Memory time: 0.005781263553217286
[2026-04-01 15:17:54.747] [info] [Attention] total_spad_size_per_head: 3200 B
[2026-04-01 15:17:54.747] [info] [Attention] total_acc_size_per_head: 24 B
[2026-04-01 15:17:54.747] [info] [Attention] q_len: 1, seq_len: 12, dk: 64, heads per tile 1
[2026-04-01 15:17:54.747] [info] [Attention] Spad size 16777216
[2026-04-01 15:17:54.747] [info] [Attention] Accum spad size 2097152
[2026-04-01 15:17:54.747] [info] Mapping info Total Loop: N12 C64 M12 S1 R1 Q1 P1 Tile Out Loop: N12 C1 M1 S1 R1 Q1 P1 Tile In Loop: N1 C64 M12 S1 R1 Q1 P1
[2026-04-01 15:17:54.748] [info] [Attention] QK 1.8432e-05 GFLOPs
[2026-04-01 15:17:54.748] [info] [Attention] total 3.8304e-05 GFLOPs, 3.9936e-05 GB
[2026-04-01 15:17:54.748] [info] [Attention] Theoretical time(ms): 6.5042346e-05 Compute time: 4.5703123e-07 Memory time: 6.5042346e-05
[2026-04-01 15:17:54.748] [info] [Attention] QK compute 0.0000ms Softmax compute 0.0000ms SV compute 0.0000ms
[2026-04-01 15:17:54.748] [info] [GEMM] spad_size: 33554432 accum_size: 4194304
[2026-04-01 15:17:54.748] [info] [GEMM] required_sram_size: 393216 required_accum_size: 32768
[2026-04-01 15:17:54.748] [info] [GEMM] Used gemmini gemm mapping: Total N:1 C:768 M:768, Outer N:1 C:1 M:6, Inner N:128 C:768 M:128
[2026-04-01 15:17:54.753] [info] [GemmWs] Keys K = 768, N = 1, M = 768
[2026-04-01 15:17:54.753] [info] [GemmWS]: total 0.0011804161 GFLOPs, 0.0011842559 GB
[2026-04-01 15:17:54.753] [info] [GemmWS]: Theoretical time(ms): 0.0019287556369818049 Compute time: 9.0058600576981e-06 Memory time: 0.0019287556369818049
[2026-04-01 15:17:54.753] [info] [SkipLayerNorm] tokens_per_tile: 1
[2026-04-01 15:17:54.753] [info] [GEMM] spad_size: 33554432 accum_size: 4194304
[2026-04-01 15:17:54.753] [info] [GEMM] required_sram_size: 983040 required_accum_size: 131072
[2026-04-01 15:17:54.753] [info] [GEMM] Used gemmini gemm mapping: Total N:1 C:768 M:3072, Outer N:1 C:1 M:6, Inner N:128 C:768 M:512
[2026-04-01 15:17:54.771] [info] [GemmWs] Keys K = 768, N = 1, M = 3072
[2026-04-01 15:17:54.771] [info] [GemmWS]: total 0.0047185924 GFLOPs, 0.004726272 GB
[2026-04-01 15:17:54.771] [info] [GemmWS]: Theoretical time(ms): 0.0076975111369392835 Compute time: 3.6000002978653356e-05 Memory time: 0.0076975111369392835
[2026-04-01 15:17:54.771] [info] [BiasAct] tokens_per_tile: 1
[2026-04-01 15:17:54.772] [info] [GEMM] spad_size: 33554432 accum_size: 4194304
[2026-04-01 15:17:54.772] [info] [GEMM] required_sram_size: 1572864 required_accum_size: 32768
[2026-04-01 15:17:54.772] [info] [GEMM] Used gemmini gemm mapping: Total N:1 C:3072 M:768, Outer N:1 C:1 M:6, Inner N:128 C:3072 M:128
[2026-04-01 15:17:54.792] [info] [GemmWs] Keys K = 3072, N = 1, M = 768
[2026-04-01 15:17:54.792] [info] [GemmWS]: total 0.0047193603 GFLOPs, 0.0047278083 GB
[2026-04-01 15:17:54.792] [info] [GemmWS]: Theoretical time(ms): 0.007700013156863861 Compute time: 3.60058614035097e-05 Memory time: 0.007700013156863861
[2026-04-01 15:17:54.792] [info] [SkipLayerNorm] tokens_per_tile: 1
[2026-04-01 15:17:54.792] [info]  Model initialization time: 0.060040 seconds
[2026-04-01 15:17:54.792] [info] Schedule model: opt-125m at 3024002000 us
[2026-04-01 15:17:54.792] [info] MODEL opt-125m Scheduled, Total Request: 1
[2026-04-01 15:17:54.792] [info] executable layer count 1
[2026-04-01 15:17:54.792] [info] Start layer layer0.attn.QKVgen
[2026-04-01 15:17:55.022] [info] HBM2-CH_0: BW utilization 32% (3084 reads, 3 writes)
[2026-04-01 15:17:55.035] [info] Issue tile Gemm on core 3, spad_id 1, accum_spad_id 1
[2026-04-01 15:17:55.167] [info] HBM2-CH_0: BW utilization 16% (1541 reads, 3 writes)
[2026-04-01 15:17:55.181] [info] Issue tile Gemm on core 3, spad_id 0, accum_spad_id 0
[2026-04-01 15:17:55.330] [info] HBM2-CH_0: BW utilization 16% (1542 reads, 2 writes)
[2026-04-01 15:17:55.344] [info] Issue tile Gemm on core 3, spad_id 1, accum_spad_id 1
[2026-04-01 15:17:55.454] [info] HBM2-CH_0: BW utilization 8% (773 reads, 1 writes)
[2026-04-01 15:17:55.549] [info] HBM2-CH_0: BW utilization 0% (0 reads, 0 writes)
[2026-04-01 15:17:55.563] [info] Layer layer0.attn.QKVgen finish at 3064000
[2026-04-01 15:17:55.563] [info] Total compute time 39999
[2026-04-01 15:17:55.563] [info] executable layer count 1
[2026-04-01 15:17:55.563] [info] Start layer layer0.attn.KVccat
[2026-04-01 15:17:55.563] [info] Issue tile KVCacheConcat on core 3, spad_id 1, accum_spad_id 1
[2026-04-01 15:17:55.563] [info] Layer layer0.attn.KVccat finish at 3064001
[2026-04-01 15:17:55.563] [info] Total compute time 1
[2026-04-01 15:17:55.564] [info] executable layer count 1
[2026-04-01 15:17:55.564] [info] Start layer layer0.attn.Attention.0
[2026-04-01 15:17:55.644] [info] HBM2-CH_0: BW utilization 0% (12 reads, 1 writes)
[2026-04-01 15:17:55.658] [info] Issue tile layer0.attn.Attention.0 on core 3, spad_id 1, accum_spad_id 1
[2026-04-01 15:17:55.737] [info] HBM2-CH_0: BW utilization 0% (7 reads, 0 writes)
[2026-04-01 15:17:55.752] [info] Issue tile layer0.attn.Attention.0 on core 3, spad_id 0, accum_spad_id 0
[2026-04-01 15:17:55.832] [info] HBM2-CH_0: BW utilization 0% (6 reads, 0 writes)
[2026-04-01 15:17:55.847] [info] Issue tile layer0.attn.Attention.0 on core 3, spad_id 1, accum_spad_id 1
[2026-04-01 15:17:55.928] [info] HBM2-CH_0: BW utilization 0% (6 reads, 1 writes)
[2026-04-01 15:17:55.943] [info] Issue tile layer0.attn.Attention.0 on core 3, spad_id 0, accum_spad_id 0
[2026-04-01 15:17:56.024] [info] HBM2-CH_0: BW utilization 0% (6 reads, 0 writes)
[2026-04-01 15:17:56.039] [info] Issue tile layer0.attn.Attention.0 on core 3, spad_id 1, accum_spad_id 1
[2026-04-01 15:17:56.120] [info] HBM2-CH_0: BW utilization 0% (6 reads, 0 writes)
[2026-04-01 15:17:56.135] [info] Issue tile layer0.attn.Attention.0 on core 3, spad_id 0, accum_spad_id 0
[2026-04-01 15:17:56.213] [info] HBM2-CH_0: BW utilization 0% (7 reads, 0 writes)
[2026-04-01 15:17:56.227] [info] Issue tile layer0.attn.Attention.0 on core 3, spad_id 1, accum_spad_id 1
[2026-04-01 15:17:56.325] [info] HBM2-CH_0: BW utilization 0% (6 reads, 0 writes)
[2026-04-01 15:17:56.340] [info] Issue tile layer0.attn.Attention.0 on core 3, spad_id 0, accum_spad_id 0
[2026-04-01 15:17:56.415] [info] HBM2-CH_0: BW utilization 0% (6 reads, 1 writes)
[2026-04-01 15:17:56.429] [info] Issue tile layer0.attn.Attention.0 on core 3, spad_id 1, accum_spad_id 1
[2026-04-01 15:17:56.500] [info] HBM2-CH_0: BW utilization 0% (6 reads, 0 writes)
[2026-04-01 15:17:56.513] [info] Issue tile layer0.attn.Attention.0 on core 3, spad_id 0, accum_spad_id 0
[2026-04-01 15:17:56.585] [info] HBM2-CH_0: BW utilization 0% (7 reads, 0 writes)
[2026-04-01 15:17:56.671] [info] HBM2-CH_0: BW utilization 0% (0 reads, 0 writes)
[2026-04-01 15:17:56.684] [info] Layer layer0.attn.Attention.0 finish at 3160000
[2026-04-01 15:17:56.684] [info] Total compute time 95999
[2026-04-01 15:17:56.684] [info] executable layer count 1
[2026-04-01 15:17:56.684] [info] Start layer layer0.attn.Atccat
[2026-04-01 15:17:56.684] [info] Issue tile Concat on core 3, spad_id 1, accum_spad_id 1
[2026-04-01 15:17:56.684] [info] Layer layer0.attn.Atccat finish at 3160001
[2026-04-01 15:17:56.684] [info] Total compute time 1
[2026-04-01 15:17:56.684] [info] executable layer count 1
[2026-04-01 15:17:56.684] [info] Start layer layer0.attn.proj
[2026-04-01 15:17:56.778] [info] HBM2-CH_0: BW utilization 8% (773 reads, 1 writes)
[2026-04-01 15:17:56.791] [info] Issue tile Gemm on core 3, spad_id 1, accum_spad_id 1
[2026-04-01 15:17:56.874] [info] HBM2-CH_0: BW utilization 4% (386 reads, 0 writes)
[2026-04-01 15:17:56.886] [info] Issue tile Gemm on core 3, spad_id 0, accum_spad_id 0
[2026-04-01 15:17:56.969] [info] HBM2-CH_0: BW utilization 4% (387 reads, 1 writes)
[2026-04-01 15:17:56.982] [info] Issue tile Gemm on core 3, spad_id 1, accum_spad_id 1
[2026-04-01 15:17:57.064] [info] HBM2-CH_0: BW utilization 4% (386 reads, 0 writes)
[2026-04-01 15:17:57.078] [info] Issue tile Gemm on core 3, spad_id 0, accum_spad_id 0
[2026-04-01 15:17:57.159] [info] HBM2-CH_0: BW utilization 4% (386 reads, 1 writes)
[2026-04-01 15:17:57.243] [info] HBM2-CH_0: BW utilization 0% (0 reads, 0 writes)
[2026-04-01 15:17:57.256] [info] Layer layer0.attn.proj finish at 3208000
[2026-04-01 15:17:57.256] [info] Total compute time 47999
[2026-04-01 15:17:57.256] [info] executable layer count 1
[2026-04-01 15:17:57.256] [info] Start layer layer0.attn.ln
[2026-04-01 15:17:57.256] [info] Issue tile layer0.attn.ln on core 3, spad_id 1, accum_spad_id 1
[2026-04-01 15:17:57.327] [info] HBM2-CH_0: BW utilization 0% (7 reads, 4 writes)
[2026-04-01 15:17:57.340] [info] Layer layer0.attn.ln finish at 3216000
[2026-04-01 15:17:57.340] [info] Total compute time 8000
[2026-04-01 15:17:57.340] [info] executable layer count 1
[2026-04-01 15:17:57.340] [info] Start layer layer0.ffn.fc1
[2026-04-01 15:17:57.340] [info] Issue tile Gemm on core 3, spad_id 1, accum_spad_id 1
[2026-04-01 15:17:57.537] [info] HBM2-CH_0: BW utilization 32% (3080 reads, 3 writes)
[2026-04-01 15:17:57.550] [info] Issue tile Gemm on core 3, spad_id 1, accum_spad_id 1
[2026-04-01 15:17:57.691] [info] HBM2-CH_0: BW utilization 16% (1540 reads, 3 writes)
[2026-04-01 15:17:57.706] [info] Issue tile Gemm on core 3, spad_id 0, accum_spad_id 0
[2026-04-01 15:17:57.853] [info] HBM2-CH_0: BW utilization 16% (1540 reads, 2 writes)
[2026-04-01 15:17:57.870] [info] Issue tile Gemm on core 3, spad_id 1, accum_spad_id 1
[2026-04-01 15:17:58.016] [info] HBM2-CH_0: BW utilization 16% (1540 reads, 2 writes)
[2026-04-01 15:17:58.032] [info] Issue tile Gemm on core 3, spad_id 0, accum_spad_id 0
[2026-04-01 15:17:58.183] [info] HBM2-CH_0: BW utilization 16% (1540 reads, 2 writes)
[2026-04-01 15:17:58.282] [info] HBM2-CH_0: BW utilization 0% (0 reads, 0 writes)
[2026-04-01 15:17:58.298] [info] Layer layer0.ffn.fc1 finish at 3264000
[2026-04-01 15:17:58.298] [info] Total compute time 48000
[2026-04-01 15:17:58.298] [info] executable layer count 1
[2026-04-01 15:17:58.298] [info] Start layer layer0.ffn.act
[2026-04-01 15:17:58.298] [info] Issue tile layer0.ffn.act on core 3, spad_id 1, accum_spad_id 1
[2026-04-01 15:17:58.385] [info] HBM2-CH_0: BW utilization 0% (24 reads, 12 writes)
[2026-04-01 15:17:58.402] [info] Layer layer0.ffn.act finish at 3272000
[2026-04-01 15:17:58.402] [info] Total compute time 8000
[2026-04-01 15:17:58.402] [info] executable layer count 1
[2026-04-01 15:17:58.402] [info] Start layer layer0.ffn.fc2
[2026-04-01 15:17:58.402] [info] Issue tile Gemm on core 3, spad_id 1, accum_spad_id 1
[2026-04-01 15:17:58.683] [info] HBM2-CH_0: BW utilization 32% (3097 reads, 1 writes)
[2026-04-01 15:17:58.699] [info] Issue tile Gemm on core 3, spad_id 1, accum_spad_id 1
[2026-04-01 15:17:58.861] [info] HBM2-CH_0: BW utilization 16% (1548 reads, 1 writes)
[2026-04-01 15:17:58.878] [info] Issue tile Gemm on core 3, spad_id 0, accum_spad_id 0
[2026-04-01 15:17:59.044] [info] HBM2-CH_0: BW utilization 16% (1549 reads, 0 writes)
[2026-04-01 15:17:59.061] [info] Issue tile Gemm on core 3, spad_id 1, accum_spad_id 1
[2026-04-01 15:17:59.227] [info] HBM2-CH_0: BW utilization 16% (1548 reads, 1 writes)
[2026-04-01 15:17:59.244] [info] Issue tile Gemm on core 3, spad_id 0, accum_spad_id 0
[2026-04-01 15:17:59.417] [info] HBM2-CH_0: BW utilization 16% (1548 reads, 0 writes)
[2026-04-01 15:17:59.521] [info] HBM2-CH_0: BW utilization 0% (0 reads, 0 writes)
[2026-04-01 15:17:59.538] [info] Layer layer0.ffn.fc2 finish at 3320000
[2026-04-01 15:17:59.538] [info] Total compute time 48000
[2026-04-01 15:17:59.538] [info] executable layer count 1
[2026-04-01 15:17:59.538] [info] Start layer layer0.ffn.ln
[2026-04-01 15:17:59.538] [info] Issue tile layer0.ffn.ln on core 3, spad_id 1, accum_spad_id 1
[2026-04-01 15:17:59.626] [info] HBM2-CH_0: BW utilization 0% (7 reads, 4 writes)
[2026-04-01 15:17:59.645] [info] Layer layer0.ffn.ln finish at 3328000
[2026-04-01 15:17:59.645] [info] Total compute time 8000
[2026-04-01 15:17:59.645] [info] Model[opt-125m] Request: 3024 us, Start: 3024 us, finish:3328 us, Current Cycle:3328000
[2026-04-01 15:17:59.645] [info] No total_seq_len!
[2026-04-01 15:17:59.645] [info] Total Memory Usage: 0.09 GB
[2026-04-01 15:17:59.645] [info] Weight Memory Usage: 0.09 GB
[2026-04-01 15:17:59.645] [info] KV Memory Usage: 0.00 GB
[2026-04-01 15:17:59.645] [info] Activation Memory Usage: 0.00 GB
[2026-04-01 15:17:59.645] [info] [GEMM] spad_size: 33554432 accum_size: 4194304
[2026-04-01 15:17:59.645] [info] [GEMM] required_sram_size: 983040 required_accum_size: 131072
[2026-04-01 15:17:59.645] [info] [GEMM] Used gemmini gemm mapping: Total N:1 C:768 M:2304, Outer N:1 C:1 M:5, Inner N:128 C:768 M:512
[2026-04-01 15:17:59.668] [info] [GemmWs] Keys K = 768, N = 1, M = 2304
[2026-04-01 15:17:59.668] [info] [GemmWS]: total 0.003541248 GFLOPs, 0.003549696 GB
[2026-04-01 15:17:59.668] [info] [GemmWS]: Theoretical time(ms): 0.005781263553217286 Compute time: 2.7017577508559043e-05 Memory time: 0.005781263553217286
[2026-04-01 15:17:59.668] [info] [Attention] total_spad_size_per_head: 3456 B
[2026-04-01 15:17:59.668] [info] [Attention] total_acc_size_per_head: 26 B
[2026-04-01 15:17:59.668] [info] [Attention] q_len: 1, seq_len: 13, dk: 64, heads per tile 1
[2026-04-01 15:17:59.668] [info] [Attention] Spad size 16777216
[2026-04-01 15:17:59.668] [info] [Attention] Accum spad size 2097152
[2026-04-01 15:17:59.668] [info] Mapping info Total Loop: N12 C64 M13 S1 R1 Q1 P1 Tile Out Loop: N12 C1 M1 S1 R1 Q1 P1 Tile In Loop: N1 C64 M13 S1 R1 Q1 P1
[2026-04-01 15:17:59.669] [info] [Attention] QK 1.9968e-05 GFLOPs
[2026-04-01 15:17:59.669] [info] [Attention] total 4.1496e-05 GFLOPs, 4.3008e-05 GB
[2026-04-01 15:17:59.669] [info] [Attention] Theoretical time(ms): 7.00456e-05 Compute time: 4.9511715e-07 Memory time: 7.00456e-05
[2026-04-01 15:17:59.669] [info] [Attention] QK compute 0.0000ms Softmax compute 0.0000ms SV compute 0.0000ms
[2026-04-01 15:17:59.669] [info] [GEMM] spad_size: 33554432 accum_size: 4194304
[2026-04-01 15:17:59.669] [info] [GEMM] required_sram_size: 393216 required_accum_size: 32768
[2026-04-01 15:17:59.669] [info] [GEMM] Used gemmini gemm mapping: Total N:1 C:768 M:768, Outer N:1 C:1 M:6, Inner N:128 C:768 M:128
[2026-04-01 15:17:59.677] [info] [GemmWs] Keys K = 768, N = 1, M = 768
[2026-04-01 15:17:59.677] [info] [GemmWS]: total 0.0011804161 GFLOPs, 0.0011842559 GB
[2026-04-01 15:17:59.677] [info] [GemmWS]: Theoretical time(ms): 0.0019287556369818049 Compute time: 9.0058600576981e-06 Memory time: 0.0019287556369818049
[2026-04-01 15:17:59.677] [info] [SkipLayerNorm] tokens_per_tile: 1
[2026-04-01 15:17:59.677] [info] [GEMM] spad_size: 33554432 accum_size: 4194304
[2026-04-01 15:17:59.677] [info] [GEMM] required_sram_size: 983040 required_accum_size: 131072
[2026-04-01 15:17:59.677] [info] [GEMM] Used gemmini gemm mapping: Total N:1 C:768 M:3072, Outer N:1 C:1 M:6, Inner N:128 C:768 M:512
[2026-04-01 15:17:59.695] [info] [GemmWs] Keys K = 768, N = 1, M = 3072
[2026-04-01 15:17:59.695] [info] [GemmWS]: total 0.0047185924 GFLOPs, 0.004726272 GB
[2026-04-01 15:17:59.695] [info] [GemmWS]: Theoretical time(ms): 0.0076975111369392835 Compute time: 3.6000002978653356e-05 Memory time: 0.0076975111369392835
[2026-04-01 15:17:59.695] [info] [BiasAct] tokens_per_tile: 1
[2026-04-01 15:17:59.695] [info] [GEMM] spad_size: 33554432 accum_size: 4194304
[2026-04-01 15:17:59.695] [info] [GEMM] required_sram_size: 1572864 required_accum_size: 32768
[2026-04-01 15:17:59.695] [info] [GEMM] Used gemmini gemm mapping: Total N:1 C:3072 M:768, Outer N:1 C:1 M:6, Inner N:128 C:3072 M:128
[2026-04-01 15:17:59.715] [info] [GemmWs] Keys K = 3072, N = 1, M = 768
[2026-04-01 15:17:59.715] [info] [GemmWS]: total 0.0047193603 GFLOPs, 0.0047278083 GB
[2026-04-01 15:17:59.715] [info] [GemmWS]: Theoretical time(ms): 0.007700013156863861 Compute time: 3.60058614035097e-05 Memory time: 0.007700013156863861
[2026-04-01 15:17:59.715] [info] [SkipLayerNorm] tokens_per_tile: 1
[2026-04-01 15:17:59.715] [info]  Model initialization time: 0.069758 seconds
[2026-04-01 15:17:59.715] [info] Schedule model: opt-125m at 3328002000 us
[2026-04-01 15:17:59.715] [info] MODEL opt-125m Scheduled, Total Request: 1
[2026-04-01 15:17:59.715] [info] executable layer count 1
[2026-04-01 15:17:59.715] [info] Start layer layer0.attn.QKVgen
[2026-04-01 15:17:59.941] [info] HBM2-CH_0: BW utilization 32% (3082 reads, 3 writes)
[2026-04-01 15:17:59.956] [info] Issue tile Gemm on core 3, spad_id 1, accum_spad_id 1
[2026-04-01 15:18:00.097] [info] HBM2-CH_0: BW utilization 16% (1540 reads, 2 writes)
[2026-04-01 15:18:00.114] [info] Issue tile Gemm on core 3, spad_id 0, accum_spad_id 0
[2026-04-01 15:18:00.277] [info] HBM2-CH_0: BW utilization 16% (1541 reads, 2 writes)
[2026-04-01 15:18:00.295] [info] Issue tile Gemm on core 3, spad_id 1, accum_spad_id 1
[2026-04-01 15:18:00.417] [info] HBM2-CH_0: BW utilization 8% (772 reads, 1 writes)
[2026-04-01 15:18:00.522] [info] HBM2-CH_0: BW utilization 0% (0 reads, 0 writes)
[2026-04-01 15:18:00.539] [info] Layer layer0.attn.QKVgen finish at 3368000
[2026-04-01 15:18:00.539] [info] Total compute time 39999
[2026-04-01 15:18:00.539] [info] executable layer count 1
[2026-04-01 15:18:00.539] [info] Start layer layer0.attn.KVccat
[2026-04-01 15:18:00.539] [info] Issue tile KVCacheConcat on core 3, spad_id 1, accum_spad_id 1
[2026-04-01 15:18:00.539] [info] Layer layer0.attn.KVccat finish at 3368001
[2026-04-01 15:18:00.539] [info] Total compute time 1
[2026-04-01 15:18:00.539] [info] executable layer count 1
[2026-04-01 15:18:00.539] [info] Start layer layer0.attn.Attention.0
[2026-04-01 15:18:00.627] [info] HBM2-CH_0: BW utilization 0% (12 reads, 0 writes)
[2026-04-01 15:18:00.645] [info] Issue tile layer0.attn.Attention.0 on core 3, spad_id 1, accum_spad_id 1
[2026-04-01 15:18:00.742] [info] HBM2-CH_0: BW utilization 0% (6 reads, 1 writes)
[2026-04-01 15:18:00.759] [info] Issue tile layer0.attn.Attention.0 on core 3, spad_id 0, accum_spad_id 0
[2026-04-01 15:18:00.849] [info] HBM2-CH_0: BW utilization 0% (7 reads, 0 writes)
[2026-04-01 15:18:00.867] [info] Issue tile layer0.attn.Attention.0 on core 3, spad_id 1, accum_spad_id 1
[2026-04-01 15:18:00.955] [info] HBM2-CH_0: BW utilization 0% (6 reads, 0 writes)
[2026-04-01 15:18:00.973] [info] Issue tile layer0.attn.Attention.0 on core 3, spad_id 0, accum_spad_id 0
[2026-04-01 15:18:01.062] [info] HBM2-CH_0: BW utilization 0% (7 reads, 0 writes)
[2026-04-01 15:18:01.080] [info] Issue tile layer0.attn.Attention.0 on core 3, spad_id 1, accum_spad_id 1
[2026-04-01 15:18:01.163] [info] HBM2-CH_0: BW utilization 0% (6 reads, 0 writes)
[2026-04-01 15:18:01.180] [info] Issue tile layer0.attn.Attention.0 on core 3, spad_id 0, accum_spad_id 0
[2026-04-01 15:18:01.257] [info] HBM2-CH_0: BW utilization 0% (6 reads, 1 writes)
[2026-04-01 15:18:01.273] [info] Issue tile layer0.attn.Attention.0 on core 3, spad_id 1, accum_spad_id 1
[2026-04-01 15:18:01.348] [info] HBM2-CH_0: BW utilization 0% (6 reads, 0 writes)
[2026-04-01 15:18:01.363] [info] Issue tile layer0.attn.Attention.0 on core 3, spad_id 0, accum_spad_id 0
[2026-04-01 15:18:01.437] [info] HBM2-CH_0: BW utilization 0% (7 reads, 0 writes)
[2026-04-01 15:18:01.452] [info] Issue tile layer0.attn.Attention.0 on core 3, spad_id 1, accum_spad_id 1
[2026-04-01 15:18:01.528] [info] HBM2-CH_0: BW utilization 0% (6 reads, 0 writes)
[2026-04-01 15:18:01.545] [info] Issue tile layer0.attn.Attention.0 on core 3, spad_id 0, accum_spad_id 0
[2026-04-01 15:18:01.627] [info] HBM2-CH_0: BW utilization 0% (6 reads, 1 writes)
[2026-04-01 15:18:01.730] [info] HBM2-CH_0: BW utilization 0% (0 reads, 0 writes)
[2026-04-01 15:18:01.746] [info] Layer layer0.attn.Attention.0 finish at 3464000
[2026-04-01 15:18:01.746] [info] Total compute time 95999
[2026-04-01 15:18:01.746] [info] executable layer count 1
[2026-04-01 15:18:01.746] [info] Start layer layer0.attn.Atccat
[2026-04-01 15:18:01.746] [info] Issue tile Concat on core 3, spad_id 1, accum_spad_id 1
[2026-04-01 15:18:01.746] [info] Layer layer0.attn.Atccat finish at 3464001
[2026-04-01 15:18:01.746] [info] Total compute time 1
[2026-04-01 15:18:01.746] [info] executable layer count 1
[2026-04-01 15:18:01.746] [info] Start layer layer0.attn.proj
[2026-04-01 15:18:01.853] [info] HBM2-CH_0: BW utilization 8% (775 reads, 1 writes)
[2026-04-01 15:18:01.868] [info] Issue tile Gemm on core 3, spad_id 1, accum_spad_id 1
[2026-04-01 15:18:01.954] [info] HBM2-CH_0: BW utilization 4% (387 reads, 1 writes)
[2026-04-01 15:18:01.969] [info] Issue tile Gemm on core 3, spad_id 0, accum_spad_id 0
[2026-04-01 15:18:02.054] [info] HBM2-CH_0: BW utilization 4% (388 reads, 0 writes)
[2026-04-01 15:18:02.069] [info] Issue tile Gemm on core 3, spad_id 1, accum_spad_id 1
[2026-04-01 15:18:02.154] [info] HBM2-CH_0: BW utilization 4% (387 reads, 1 writes)
[2026-04-01 15:18:02.171] [info] Issue tile Gemm on core 3, spad_id 0, accum_spad_id 0
[2026-04-01 15:18:02.256] [info] HBM2-CH_0: BW utilization 4% (387 reads, 0 writes)
[2026-04-01 15:18:02.340] [info] HBM2-CH_0: BW utilization 0% (0 reads, 0 writes)
[2026-04-01 15:18:02.354] [info] Layer layer0.attn.proj finish at 3512000
[2026-04-01 15:18:02.354] [info] Total compute time 47999
[2026-04-01 15:18:02.354] [info] executable layer count 1
[2026-04-01 15:18:02.354] [info] Start layer layer0.attn.ln
[2026-04-01 15:18:02.354] [info] Issue tile layer0.attn.ln on core 3, spad_id 1, accum_spad_id 1
[2026-04-01 15:18:02.424] [info] HBM2-CH_0: BW utilization 0% (6 reads, 3 writes)
[2026-04-01 15:18:02.438] [info] Layer layer0.attn.ln finish at 3520000
[2026-04-01 15:18:02.438] [info] Total compute time 8000
[2026-04-01 15:18:02.438] [info] executable layer count 1
[2026-04-01 15:18:02.438] [info] Start layer layer0.ffn.fc1
[2026-04-01 15:18:02.438] [info] Issue tile Gemm on core 3, spad_id 1, accum_spad_id 1
[2026-04-01 15:18:02.634] [info] HBM2-CH_0: BW utilization 32% (3078 reads, 3 writes)
[2026-04-01 15:18:02.648] [info] Issue tile Gemm on core 3, spad_id 1, accum_spad_id 1
[2026-04-01 15:18:02.780] [info] HBM2-CH_0: BW utilization 16% (1539 reads, 2 writes)
[2026-04-01 15:18:02.796] [info] Issue tile Gemm on core 3, spad_id 0, accum_spad_id 0
[2026-04-01 15:18:02.932] [info] HBM2-CH_0: BW utilization 16% (1539 reads, 3 writes)
[2026-04-01 15:18:02.959] [info] Issue tile Gemm on core 3, spad_id 1, accum_spad_id 1
[2026-04-01 15:18:03.123] [info] HBM2-CH_0: BW utilization 16% (1539 reads, 2 writes)
[2026-04-01 15:18:03.140] [info] Issue tile Gemm on core 3, spad_id 0, accum_spad_id 0
[2026-04-01 15:18:03.285] [info] HBM2-CH_0: BW utilization 16% (1539 reads, 2 writes)
[2026-04-01 15:18:03.382] [info] HBM2-CH_0: BW utilization 0% (0 reads, 0 writes)
[2026-04-01 15:18:03.399] [info] Layer layer0.ffn.fc1 finish at 3568000
[2026-04-01 15:18:03.399] [info] Total compute time 48000
[2026-04-01 15:18:03.399] [info] executable layer count 1
[2026-04-01 15:18:03.399] [info] Start layer layer0.ffn.act
[2026-04-01 15:18:03.399] [info] Issue tile layer0.ffn.act on core 3, spad_id 1, accum_spad_id 1
[2026-04-01 15:18:03.480] [info] HBM2-CH_0: BW utilization 0% (24 reads, 12 writes)
[2026-04-01 15:18:03.496] [info] Layer layer0.ffn.act finish at 3576000
[2026-04-01 15:18:03.496] [info] Total compute time 8000
[2026-04-01 15:18:03.496] [info] executable layer count 1
[2026-04-01 15:18:03.496] [info] Start layer layer0.ffn.fc2
[2026-04-01 15:18:03.496] [info] Issue tile Gemm on core 3, spad_id 1, accum_spad_id 1
[2026-04-01 15:18:03.726] [info] HBM2-CH_0: BW utilization 32% (3097 reads, 0 writes)
[2026-04-01 15:18:03.743] [info] Issue tile Gemm on core 3, spad_id 1, accum_spad_id 1
[2026-04-01 15:18:03.886] [info] HBM2-CH_0: BW utilization 16% (1548 reads, 1 writes)
[2026-04-01 15:18:03.903] [info] Issue tile Gemm on core 3, spad_id 0, accum_spad_id 0
[2026-04-01 15:18:04.048] [info] HBM2-CH_0: BW utilization 16% (1549 reads, 1 writes)
[2026-04-01 15:18:04.066] [info] Issue tile Gemm on core 3, spad_id 1, accum_spad_id 1
[2026-04-01 15:18:04.212] [info] HBM2-CH_0: BW utilization 16% (1548 reads, 0 writes)
[2026-04-01 15:18:04.229] [info] Issue tile Gemm on core 3, spad_id 0, accum_spad_id 0
[2026-04-01 15:18:04.373] [info] HBM2-CH_0: BW utilization 16% (1548 reads, 1 writes)
[2026-04-01 15:18:04.467] [info] HBM2-CH_0: BW utilization 0% (0 reads, 0 writes)
[2026-04-01 15:18:04.484] [info] Layer layer0.ffn.fc2 finish at 3624000
[2026-04-01 15:18:04.484] [info] Total compute time 48000
[2026-04-01 15:18:04.484] [info] executable layer count 1
[2026-04-01 15:18:04.484] [info] Start layer layer0.ffn.ln
[2026-04-01 15:18:04.484] [info] Issue tile layer0.ffn.ln on core 3, spad_id 1, accum_spad_id 1
[2026-04-01 15:18:04.562] [info] HBM2-CH_0: BW utilization 0% (6 reads, 3 writes)
[2026-04-01 15:18:04.579] [info] Layer layer0.ffn.ln finish at 3632000
[2026-04-01 15:18:04.579] [info] Total compute time 8000
[2026-04-01 15:18:04.579] [info] Model[opt-125m] Request: 3328 us, Start: 3328 us, finish:3632 us, Current Cycle:3632000
[2026-04-01 15:18:04.579] [info] No total_seq_len!
[2026-04-01 15:18:04.579] [info] Total Memory Usage: 0.09 GB
[2026-04-01 15:18:04.579] [info] Weight Memory Usage: 0.09 GB
[2026-04-01 15:18:04.579] [info] KV Memory Usage: 0.00 GB
[2026-04-01 15:18:04.579] [info] Activation Memory Usage: 0.00 GB
[2026-04-01 15:18:04.580] [info] [GEMM] spad_size: 33554432 accum_size: 4194304
[2026-04-01 15:18:04.580] [info] [GEMM] required_sram_size: 983040 required_accum_size: 131072
[2026-04-01 15:18:04.580] [info] [GEMM] Used gemmini gemm mapping: Total N:1 C:768 M:2304, Outer N:1 C:1 M:5, Inner N:128 C:768 M:512
[2026-04-01 15:18:04.593] [info] [GemmWs] Keys K = 768, N = 1, M = 2304
[2026-04-01 15:18:04.593] [info] [GemmWS]: total 0.003541248 GFLOPs, 0.003549696 GB
[2026-04-01 15:18:04.593] [info] [GemmWS]: Theoretical time(ms): 0.005781263553217286 Compute time: 2.7017577508559043e-05 Memory time: 0.005781263553217286
[2026-04-01 15:18:04.593] [info] [Attention] total_spad_size_per_head: 3712 B
[2026-04-01 15:18:04.593] [info] [Attention] total_acc_size_per_head: 28 B
[2026-04-01 15:18:04.593] [info] [Attention] q_len: 1, seq_len: 14, dk: 64, heads per tile 1
[2026-04-01 15:18:04.593] [info] [Attention] Spad size 16777216
[2026-04-01 15:18:04.593] [info] [Attention] Accum spad size 2097152
[2026-04-01 15:18:04.593] [info] Mapping info Total Loop: N12 C64 M14 S1 R1 Q1 P1 Tile Out Loop: N12 C1 M1 S1 R1 Q1 P1 Tile In Loop: N1 C64 M14 S1 R1 Q1 P1
[2026-04-01 15:18:04.594] [info] [Attention] QK 2.1504e-05 GFLOPs
[2026-04-01 15:18:04.594] [info] [Attention] total 4.4688e-05 GFLOPs, 4.608e-05 GB
[2026-04-01 15:18:04.594] [info] [Attention] Theoretical time(ms): 7.504886e-05 Compute time: 5.332031e-07 Memory time: 7.504886e-05
[2026-04-01 15:18:04.594] [info] [Attention] QK compute 0.0000ms Softmax compute 0.0000ms SV compute 0.0000ms
[2026-04-01 15:18:04.594] [info] [GEMM] spad_size: 33554432 accum_size: 4194304
[2026-04-01 15:18:04.594] [info] [GEMM] required_sram_size: 393216 required_accum_size: 32768
[2026-04-01 15:18:04.594] [info] [GEMM] Used gemmini gemm mapping: Total N:1 C:768 M:768, Outer N:1 C:1 M:6, Inner N:128 C:768 M:128
[2026-04-01 15:18:04.598] [info] [GemmWs] Keys K = 768, N = 1, M = 768
[2026-04-01 15:18:04.598] [info] [GemmWS]: total 0.0011804161 GFLOPs, 0.0011842559 GB
[2026-04-01 15:18:04.598] [info] [GemmWS]: Theoretical time(ms): 0.0019287556369818049 Compute time: 9.0058600576981e-06 Memory time: 0.0019287556369818049
[2026-04-01 15:18:04.598] [info] [SkipLayerNorm] tokens_per_tile: 1
[2026-04-01 15:18:04.598] [info] [GEMM] spad_size: 33554432 accum_size: 4194304
[2026-04-01 15:18:04.598] [info] [GEMM] required_sram_size: 983040 required_accum_size: 131072
[2026-04-01 15:18:04.598] [info] [GEMM] Used gemmini gemm mapping: Total N:1 C:768 M:3072, Outer N:1 C:1 M:6, Inner N:128 C:768 M:512
[2026-04-01 15:18:04.614] [info] [GemmWs] Keys K = 768, N = 1, M = 3072
[2026-04-01 15:18:04.615] [info] [GemmWS]: total 0.0047185924 GFLOPs, 0.004726272 GB
[2026-04-01 15:18:04.615] [info] [GemmWS]: Theoretical time(ms): 0.0076975111369392835 Compute time: 3.6000002978653356e-05 Memory time: 0.0076975111369392835
[2026-04-01 15:18:04.615] [info] [BiasAct] tokens_per_tile: 1
[2026-04-01 15:18:04.615] [info] [GEMM] spad_size: 33554432 accum_size: 4194304
[2026-04-01 15:18:04.615] [info] [GEMM] required_sram_size: 1572864 required_accum_size: 32768
[2026-04-01 15:18:04.615] [info] [GEMM] Used gemmini gemm mapping: Total N:1 C:3072 M:768, Outer N:1 C:1 M:6, Inner N:128 C:3072 M:128
[2026-04-01 15:18:04.634] [info] [GemmWs] Keys K = 3072, N = 1, M = 768
[2026-04-01 15:18:04.634] [info] [GemmWS]: total 0.0047193603 GFLOPs, 0.0047278083 GB
[2026-04-01 15:18:04.634] [info] [GemmWS]: Theoretical time(ms): 0.007700013156863861 Compute time: 3.60058614035097e-05 Memory time: 0.007700013156863861
[2026-04-01 15:18:04.634] [info] [SkipLayerNorm] tokens_per_tile: 1
[2026-04-01 15:18:04.634] [info]  Model initialization time: 0.054202 seconds
[2026-04-01 15:18:04.634] [info] Schedule model: opt-125m at 3632002000 us
[2026-04-01 15:18:04.634] [info] MODEL opt-125m Scheduled, Total Request: 1
[2026-04-01 15:18:04.634] [info] executable layer count 1
[2026-04-01 15:18:04.634] [info] Start layer layer0.attn.QKVgen
[2026-04-01 15:18:04.874] [info] HBM2-CH_0: BW utilization 32% (3082 reads, 4 writes)
[2026-04-01 15:18:04.891] [info] Issue tile Gemm on core 3, spad_id 1, accum_spad_id 1
[2026-04-01 15:18:05.027] [info] HBM2-CH_0: BW utilization 16% (1540 reads, 2 writes)
[2026-04-01 15:18:05.043] [info] Issue tile Gemm on core 3, spad_id 0, accum_spad_id 0
[2026-04-01 15:18:05.180] [info] HBM2-CH_0: BW utilization 16% (1541 reads, 2 writes)
[2026-04-01 15:18:05.197] [info] Issue tile Gemm on core 3, spad_id 1, accum_spad_id 1
[2026-04-01 15:18:05.304] [info] HBM2-CH_0: BW utilization 8% (772 reads, 1 writes)
[2026-04-01 15:18:05.396] [info] HBM2-CH_0: BW utilization 0% (0 reads, 0 writes)
[2026-04-01 15:18:05.413] [info] Layer layer0.attn.QKVgen finish at 3672000
[2026-04-01 15:18:05.413] [info] Total compute time 39999
[2026-04-01 15:18:05.413] [info] executable layer count 1
[2026-04-01 15:18:05.413] [info] Start layer layer0.attn.KVccat
[2026-04-01 15:18:05.413] [info] Issue tile KVCacheConcat on core 3, spad_id 1, accum_spad_id 1
[2026-04-01 15:18:05.413] [info] Layer layer0.attn.KVccat finish at 3672001
[2026-04-01 15:18:05.413] [info] Total compute time 1
[2026-04-01 15:18:05.413] [info] executable layer count 1
[2026-04-01 15:18:05.413] [info] Start layer layer0.attn.Attention.0
[2026-04-01 15:18:05.490] [info] HBM2-CH_0: BW utilization 0% (15 reads, 1 writes)
[2026-04-01 15:18:05.507] [info] Issue tile layer0.attn.Attention.0 on core 3, spad_id 1, accum_spad_id 1
[2026-04-01 15:18:05.584] [info] HBM2-CH_0: BW utilization 0% (7 reads, 0 writes)
[2026-04-01 15:18:05.602] [info] Issue tile layer0.attn.Attention.0 on core 3, spad_id 0, accum_spad_id 0
[2026-04-01 15:18:05.680] [info] HBM2-CH_0: BW utilization 0% (7 reads, 0 writes)
[2026-04-01 15:18:05.697] [info] Issue tile layer0.attn.Attention.0 on core 3, spad_id 1, accum_spad_id 1
[2026-04-01 15:18:05.775] [info] HBM2-CH_0: BW utilization 0% (8 reads, 0 writes)
[2026-04-01 15:18:05.793] [info] Issue tile layer0.attn.Attention.0 on core 3, spad_id 0, accum_spad_id 0
[2026-04-01 15:18:05.870] [info] HBM2-CH_0: BW utilization 0% (7 reads, 1 writes)
[2026-04-01 15:18:05.887] [info] Issue tile layer0.attn.Attention.0 on core 3, spad_id 1, accum_spad_id 1
[2026-04-01 15:18:05.965] [info] HBM2-CH_0: BW utilization 0% (7 reads, 0 writes)
[2026-04-01 15:18:05.983] [info] Issue tile layer0.attn.Attention.0 on core 3, spad_id 0, accum_spad_id 0
[2026-04-01 15:18:06.059] [info] HBM2-CH_0: BW utilization 0% (7 reads, 0 writes)
[2026-04-01 15:18:06.076] [info] Issue tile layer0.attn.Attention.0 on core 3, spad_id 1, accum_spad_id 1
[2026-04-01 15:18:06.152] [info] HBM2-CH_0: BW utilization 0% (8 reads, 0 writes)
[2026-04-01 15:18:06.170] [info] Issue tile layer0.attn.Attention.0 on core 3, spad_id 0, accum_spad_id 0
[2026-04-01 15:18:06.246] [info] HBM2-CH_0: BW utilization 0% (7 reads, 1 writes)
[2026-04-01 15:18:06.262] [info] Issue tile layer0.attn.Attention.0 on core 3, spad_id 1, accum_spad_id 1
[2026-04-01 15:18:06.334] [info] HBM2-CH_0: BW utilization 0% (8 reads, 0 writes)
[2026-04-01 15:18:06.350] [info] Issue tile layer0.attn.Attention.0 on core 3, spad_id 0, accum_spad_id 0
[2026-04-01 15:18:06.419] [info] HBM2-CH_0: BW utilization 0% (7 reads, 0 writes)
[2026-04-01 15:18:06.502] [info] HBM2-CH_0: BW utilization 0% (0 reads, 0 writes)
[2026-04-01 15:18:06.517] [info] Layer layer0.attn.Attention.0 finish at 3768000
[2026-04-01 15:18:06.517] [info] Total compute time 95999
[2026-04-01 15:18:06.517] [info] executable layer count 1
[2026-04-01 15:18:06.517] [info] Start layer layer0.attn.Atccat
[2026-04-01 15:18:06.517] [info] Issue tile Concat on core 3, spad_id 1, accum_spad_id 1
[2026-04-01 15:18:06.517] [info] Layer layer0.attn.Atccat finish at 3768001
[2026-04-01 15:18:06.517] [info] Total compute time 1
[2026-04-01 15:18:06.517] [info] executable layer count 1
[2026-04-01 15:18:06.517] [info] Start layer layer0.attn.proj
[2026-04-01 15:18:06.609] [info] HBM2-CH_0: BW utilization 8% (775 reads, 1 writes)
[2026-04-01 15:18:06.624] [info] Issue tile Gemm on core 3, spad_id 1, accum_spad_id 1
[2026-04-01 15:18:06.704] [info] HBM2-CH_0: BW utilization 4% (387 reads, 0 writes)
[2026-04-01 15:18:06.719] [info] Issue tile Gemm on core 3, spad_id 0, accum_spad_id 0
[2026-04-01 15:18:06.799] [info] HBM2-CH_0: BW utilization 4% (388 reads, 1 writes)
[2026-04-01 15:18:06.814] [info] Issue tile Gemm on core 3, spad_id 1, accum_spad_id 1
[2026-04-01 15:18:06.898] [info] HBM2-CH_0: BW utilization 4% (387 reads, 0 writes)
[2026-04-01 15:18:06.914] [info] Issue tile Gemm on core 3, spad_id 0, accum_spad_id 0
[2026-04-01 15:18:07.000] [info] HBM2-CH_0: BW utilization 4% (387 reads, 1 writes)
[2026-04-01 15:18:07.090] [info] HBM2-CH_0: BW utilization 0% (0 reads, 0 writes)
[2026-04-01 15:18:07.109] [info] Layer layer0.attn.proj finish at 3816000
[2026-04-01 15:18:07.109] [info] Total compute time 47999
[2026-04-01 15:18:07.109] [info] executable layer count 1
[2026-04-01 15:18:07.109] [info] Start layer layer0.attn.ln
[2026-04-01 15:18:07.109] [info] Issue tile layer0.attn.ln on core 3, spad_id 1, accum_spad_id 1
[2026-04-01 15:18:07.184] [info] HBM2-CH_0: BW utilization 0% (6 reads, 3 writes)
[2026-04-01 15:18:07.203] [info] Layer layer0.attn.ln finish at 3824000
[2026-04-01 15:18:07.203] [info] Total compute time 8000
[2026-04-01 15:18:07.203] [info] executable layer count 1
[2026-04-01 15:18:07.203] [info] Start layer layer0.ffn.fc1
[2026-04-01 15:18:07.203] [info] Issue tile Gemm on core 3, spad_id 1, accum_spad_id 1
[2026-04-01 15:18:07.429] [info] HBM2-CH_0: BW utilization 32% (3078 reads, 4 writes)
[2026-04-01 15:18:07.446] [info] Issue tile Gemm on core 3, spad_id 1, accum_spad_id 1
[2026-04-01 15:18:07.586] [info] HBM2-CH_0: BW utilization 16% (1539 reads, 2 writes)
[2026-04-01 15:18:07.603] [info] Issue tile Gemm on core 3, spad_id 0, accum_spad_id 0
[2026-04-01 15:18:07.745] [info] HBM2-CH_0: BW utilization 16% (1539 reads, 2 writes)
[2026-04-01 15:18:07.764] [info] Issue tile Gemm on core 3, spad_id 1, accum_spad_id 1
[2026-04-01 15:18:07.917] [info] HBM2-CH_0: BW utilization 16% (1539 reads, 2 writes)
[2026-04-01 15:18:07.936] [info] Issue tile Gemm on core 3, spad_id 0, accum_spad_id 0
[2026-04-01 15:18:08.079] [info] HBM2-CH_0: BW utilization 16% (1539 reads, 2 writes)
[2026-04-01 15:18:08.180] [info] HBM2-CH_0: BW utilization 0% (0 reads, 0 writes)
[2026-04-01 15:18:08.199] [info] Layer layer0.ffn.fc1 finish at 3872000
[2026-04-01 15:18:08.199] [info] Total compute time 48000
[2026-04-01 15:18:08.199] [info] executable layer count 1
[2026-04-01 15:18:08.199] [info] Start layer layer0.ffn.act
[2026-04-01 15:18:08.199] [info] Issue tile layer0.ffn.act on core 3, spad_id 1, accum_spad_id 1
[2026-04-01 15:18:08.284] [info] HBM2-CH_0: BW utilization 0% (24 reads, 11 writes)
[2026-04-01 15:18:08.304] [info] Layer layer0.ffn.act finish at 3880000
[2026-04-01 15:18:08.304] [info] Total compute time 8000
[2026-04-01 15:18:08.304] [info] executable layer count 1
[2026-04-01 15:18:08.304] [info] Start layer layer0.ffn.fc2
[2026-04-01 15:18:08.304] [info] Issue tile Gemm on core 3, spad_id 1, accum_spad_id 1
[2026-04-01 15:18:08.557] [info] HBM2-CH_0: BW utilization 32% (3095 reads, 1 writes)
[2026-04-01 15:18:08.575] [info] Issue tile Gemm on core 3, spad_id 1, accum_spad_id 1
[2026-04-01 15:18:08.728] [info] HBM2-CH_0: BW utilization 16% (1547 reads, 1 writes)
[2026-04-01 15:18:08.749] [info] Issue tile Gemm on core 3, spad_id 0, accum_spad_id 0
[2026-04-01 15:18:08.906] [info] HBM2-CH_0: BW utilization 16% (1548 reads, 0 writes)
[2026-04-01 15:18:08.926] [info] Issue tile Gemm on core 3, spad_id 1, accum_spad_id 1
[2026-04-01 15:18:09.084] [info] HBM2-CH_0: BW utilization 16% (1547 reads, 1 writes)
[2026-04-01 15:18:09.105] [info] Issue tile Gemm on core 3, spad_id 0, accum_spad_id 0
[2026-04-01 15:18:09.261] [info] HBM2-CH_0: BW utilization 16% (1547 reads, 0 writes)
[2026-04-01 15:18:09.367] [info] HBM2-CH_0: BW utilization 0% (0 reads, 0 writes)
[2026-04-01 15:18:09.387] [info] Layer layer0.ffn.fc2 finish at 3928000
[2026-04-01 15:18:09.387] [info] Total compute time 48000
[2026-04-01 15:18:09.387] [info] executable layer count 1
[2026-04-01 15:18:09.387] [info] Start layer layer0.ffn.ln
[2026-04-01 15:18:09.387] [info] Issue tile layer0.ffn.ln on core 3, spad_id 1, accum_spad_id 1
[2026-04-01 15:18:09.473] [info] HBM2-CH_0: BW utilization 0% (6 reads, 3 writes)
[2026-04-01 15:18:09.494] [info] Layer layer0.ffn.ln finish at 3936000
[2026-04-01 15:18:09.494] [info] Total compute time 8000
[2026-04-01 15:18:09.494] [info] Model[opt-125m] Request: 3632 us, Start: 3632 us, finish:3936 us, Current Cycle:3936000
[2026-04-01 15:18:09.494] [info] No total_seq_len!
[2026-04-01 15:18:09.494] [info] Total Memory Usage: 0.09 GB
[2026-04-01 15:18:09.494] [info] Weight Memory Usage: 0.09 GB
[2026-04-01 15:18:09.494] [info] KV Memory Usage: 0.00 GB
[2026-04-01 15:18:09.494] [info] Activation Memory Usage: 0.00 GB
[2026-04-01 15:18:09.494] [info] [GEMM] spad_size: 33554432 accum_size: 4194304
[2026-04-01 15:18:09.494] [info] [GEMM] required_sram_size: 983040 required_accum_size: 131072
[2026-04-01 15:18:09.494] [info] [GEMM] Used gemmini gemm mapping: Total N:1 C:768 M:2304, Outer N:1 C:1 M:5, Inner N:128 C:768 M:512
[2026-04-01 15:18:09.509] [info] [GemmWs] Keys K = 768, N = 1, M = 2304
[2026-04-01 15:18:09.509] [info] [GemmWS]: total 0.003541248 GFLOPs, 0.003549696 GB
[2026-04-01 15:18:09.509] [info] [GemmWS]: Theoretical time(ms): 0.005781263553217286 Compute time: 2.7017577508559043e-05 Memory time: 0.005781263553217286
[2026-04-01 15:18:09.509] [info] [Attention] total_spad_size_per_head: 3968 B
[2026-04-01 15:18:09.509] [info] [Attention] total_acc_size_per_head: 30 B
[2026-04-01 15:18:09.509] [info] [Attention] q_len: 1, seq_len: 15, dk: 64, heads per tile 1
[2026-04-01 15:18:09.509] [info] [Attention] Spad size 16777216
[2026-04-01 15:18:09.509] [info] [Attention] Accum spad size 2097152
[2026-04-01 15:18:09.509] [info] Mapping info Total Loop: N12 C64 M15 S1 R1 Q1 P1 Tile Out Loop: N12 C1 M1 S1 R1 Q1 P1 Tile In Loop: N1 C64 M15 S1 R1 Q1 P1
[2026-04-01 15:18:09.510] [info] [Attention] QK 2.304e-05 GFLOPs
[2026-04-01 15:18:09.510] [info] [Attention] total 4.788e-05 GFLOPs, 4.9152e-05 GB
[2026-04-01 15:18:09.510] [info] [Attention] Theoretical time(ms): 8.0052116e-05 Compute time: 5.7128904e-07 Memory time: 8.0052116e-05
[2026-04-01 15:18:09.510] [info] [Attention] QK compute 0.0000ms Softmax compute 0.0000ms SV compute 0.0000ms
[2026-04-01 15:18:09.510] [info] [GEMM] spad_size: 33554432 accum_size: 4194304
[2026-04-01 15:18:09.510] [info] [GEMM] required_sram_size: 393216 required_accum_size: 32768
[2026-04-01 15:18:09.510] [info] [GEMM] Used gemmini gemm mapping: Total N:1 C:768 M:768, Outer N:1 C:1 M:6, Inner N:128 C:768 M:128
[2026-04-01 15:18:09.515] [info] [GemmWs] Keys K = 768, N = 1, M = 768
[2026-04-01 15:18:09.515] [info] [GemmWS]: total 0.0011804161 GFLOPs, 0.0011842559 GB
[2026-04-01 15:18:09.515] [info] [GemmWS]: Theoretical time(ms): 0.0019287556369818049 Compute time: 9.0058600576981e-06 Memory time: 0.0019287556369818049
[2026-04-01 15:18:09.515] [info] [SkipLayerNorm] tokens_per_tile: 1
[2026-04-01 15:18:09.515] [info] [GEMM] spad_size: 33554432 accum_size: 4194304
[2026-04-01 15:18:09.515] [info] [GEMM] required_sram_size: 983040 required_accum_size: 131072
[2026-04-01 15:18:09.515] [info] [GEMM] Used gemmini gemm mapping: Total N:1 C:768 M:3072, Outer N:1 C:1 M:6, Inner N:128 C:768 M:512
[2026-04-01 15:18:09.534] [info] [GemmWs] Keys K = 768, N = 1, M = 3072
[2026-04-01 15:18:09.534] [info] [GemmWS]: total 0.0047185924 GFLOPs, 0.004726272 GB
[2026-04-01 15:18:09.534] [info] [GemmWS]: Theoretical time(ms): 0.0076975111369392835 Compute time: 3.6000002978653356e-05 Memory time: 0.0076975111369392835
[2026-04-01 15:18:09.534] [info] [BiasAct] tokens_per_tile: 1
[2026-04-01 15:18:09.534] [info] [GEMM] spad_size: 33554432 accum_size: 4194304
[2026-04-01 15:18:09.534] [info] [GEMM] required_sram_size: 1572864 required_accum_size: 32768
[2026-04-01 15:18:09.534] [info] [GEMM] Used gemmini gemm mapping: Total N:1 C:3072 M:768, Outer N:1 C:1 M:6, Inner N:128 C:3072 M:128
[2026-04-01 15:18:09.554] [info] [GemmWs] Keys K = 3072, N = 1, M = 768
[2026-04-01 15:18:09.554] [info] [GemmWS]: total 0.0047193603 GFLOPs, 0.0047278083 GB
[2026-04-01 15:18:09.554] [info] [GemmWS]: Theoretical time(ms): 0.007700013156863861 Compute time: 3.60058614035097e-05 Memory time: 0.007700013156863861
[2026-04-01 15:18:09.554] [info] [SkipLayerNorm] tokens_per_tile: 1
[2026-04-01 15:18:09.554] [info]  Model initialization time: 0.059537 seconds
[2026-04-01 15:18:09.554] [info] Schedule model: opt-125m at 3936002000 us
[2026-04-01 15:18:09.554] [info] MODEL opt-125m Scheduled, Total Request: 1
[2026-04-01 15:18:09.554] [info] executable layer count 1
[2026-04-01 15:18:09.554] [info] Start layer layer0.attn.QKVgen
[2026-04-01 15:18:09.783] [info] HBM2-CH_0: BW utilization 32% (3082 reads, 4 writes)
[2026-04-01 15:18:09.801] [info] Issue tile Gemm on core 3, spad_id 1, accum_spad_id 1
[2026-04-01 15:18:09.946] [info] HBM2-CH_0: BW utilization 16% (1540 reads, 3 writes)
[2026-04-01 15:18:09.963] [info] Issue tile Gemm on core 3, spad_id 0, accum_spad_id 0
[2026-04-01 15:18:10.105] [info] HBM2-CH_0: BW utilization 16% (1541 reads, 2 writes)
[2026-04-01 15:18:10.124] [info] Issue tile Gemm on core 3, spad_id 1, accum_spad_id 1
[2026-04-01 15:18:10.236] [info] HBM2-CH_0: BW utilization 8% (772 reads, 1 writes)
[2026-04-01 15:18:10.349] [info] HBM2-CH_0: BW utilization 0% (0 reads, 0 writes)
[2026-04-01 15:18:10.371] [info] Layer layer0.attn.QKVgen finish at 3976000
[2026-04-01 15:18:10.371] [info] Total compute time 39999
[2026-04-01 15:18:10.371] [info] executable layer count 1
[2026-04-01 15:18:10.371] [info] Start layer layer0.attn.KVccat
[2026-04-01 15:18:10.371] [info] Issue tile KVCacheConcat on core 3, spad_id 1, accum_spad_id 1
[2026-04-01 15:18:10.371] [info] Layer layer0.attn.KVccat finish at 3976001
[2026-04-01 15:18:10.371] [info] Total compute time 1
[2026-04-01 15:18:10.371] [info] executable layer count 1
[2026-04-01 15:18:10.371] [info] Start layer layer0.attn.Attention.0
[2026-04-01 15:18:10.456] [info] HBM2-CH_0: BW utilization 0% (15 reads, 0 writes)
[2026-04-01 15:18:10.477] [info] Issue tile layer0.attn.Attention.0 on core 3, spad_id 1, accum_spad_id 1
[2026-04-01 15:18:10.560] [info] HBM2-CH_0: BW utilization 0% (7 reads, 0 writes)
[2026-04-01 15:18:10.580] [info] Issue tile layer0.attn.Attention.0 on core 3, spad_id 0, accum_spad_id 0
[2026-04-01 15:18:10.661] [info] HBM2-CH_0: BW utilization 0% (7 reads, 0 writes)
[2026-04-01 15:18:10.680] [info] Issue tile layer0.attn.Attention.0 on core 3, spad_id 1, accum_spad_id 1
[2026-04-01 15:18:10.760] [info] HBM2-CH_0: BW utilization 0% (7 reads, 1 writes)
[2026-04-01 15:18:10.780] [info] Issue tile layer0.attn.Attention.0 on core 3, spad_id 0, accum_spad_id 0
[2026-04-01 15:18:10.858] [info] HBM2-CH_0: BW utilization 0% (8 reads, 0 writes)
[2026-04-01 15:18:10.877] [info] Issue tile layer0.attn.Attention.0 on core 3, spad_id 1, accum_spad_id 1
[2026-04-01 15:18:10.954] [info] HBM2-CH_0: BW utilization 0% (7 reads, 0 writes)
[2026-04-01 15:18:10.972] [info] Issue tile layer0.attn.Attention.0 on core 3, spad_id 0, accum_spad_id 0
[2026-04-01 15:18:11.044] [info] HBM2-CH_0: BW utilization 0% (7 reads, 0 writes)
[2026-04-01 15:18:11.061] [info] Issue tile layer0.attn.Attention.0 on core 3, spad_id 1, accum_spad_id 1
[2026-04-01 15:18:11.130] [info] HBM2-CH_0: BW utilization 0% (8 reads, 1 writes)
[2026-04-01 15:18:11.147] [info] Issue tile layer0.attn.Attention.0 on core 3, spad_id 0, accum_spad_id 0
[2026-04-01 15:18:11.215] [info] HBM2-CH_0: BW utilization 0% (7 reads, 0 writes)
[2026-04-01 15:18:11.231] [info] Issue tile layer0.attn.Attention.0 on core 3, spad_id 1, accum_spad_id 1
[2026-04-01 15:18:11.298] [info] HBM2-CH_0: BW utilization 0% (7 reads, 0 writes)
[2026-04-01 15:18:11.314] [info] Issue tile layer0.attn.Attention.0 on core 3, spad_id 0, accum_spad_id 0
[2026-04-01 15:18:11.383] [info] HBM2-CH_0: BW utilization 0% (7 reads, 0 writes)
[2026-04-01 15:18:11.474] [info] HBM2-CH_0: BW utilization 0% (0 reads, 0 writes)
[2026-04-01 15:18:11.492] [info] Layer layer0.attn.Attention.0 finish at 4072000
[2026-04-01 15:18:11.492] [info] Total compute time 95999
[2026-04-01 15:18:11.492] [info] executable layer count 1
[2026-04-01 15:18:11.492] [info] Start layer layer0.attn.Atccat
[2026-04-01 15:18:11.492] [info] Issue tile Concat on core 3, spad_id 1, accum_spad_id 1
[2026-04-01 15:18:11.492] [info] Layer layer0.attn.Atccat finish at 4072001
[2026-04-01 15:18:11.492] [info] Total compute time 1
[2026-04-01 15:18:11.492] [info] executable layer count 1
[2026-04-01 15:18:11.492] [info] Start layer layer0.attn.proj
[2026-04-01 15:18:11.588] [info] HBM2-CH_0: BW utilization 8% (775 reads, 1 writes)
[2026-04-01 15:18:11.605] [info] Issue tile Gemm on core 3, spad_id 1, accum_spad_id 1
[2026-04-01 15:18:11.684] [info] HBM2-CH_0: BW utilization 4% (387 reads, 1 writes)
[2026-04-01 15:18:11.700] [info] Issue tile Gemm on core 3, spad_id 0, accum_spad_id 0
[2026-04-01 15:18:11.782] [info] HBM2-CH_0: BW utilization 4% (388 reads, 1 writes)
[2026-04-01 15:18:11.800] [info] Issue tile Gemm on core 3, spad_id 1, accum_spad_id 1
[2026-04-01 15:18:11.889] [info] HBM2-CH_0: BW utilization 4% (387 reads, 0 writes)
[2026-04-01 15:18:11.908] [info] Issue tile Gemm on core 3, spad_id 0, accum_spad_id 0
[2026-04-01 15:18:11.998] [info] HBM2-CH_0: BW utilization 4% (387 reads, 1 writes)
[2026-04-01 15:18:12.084] [info] HBM2-CH_0: BW utilization 0% (0 reads, 0 writes)
[2026-04-01 15:18:12.101] [info] Layer layer0.attn.proj finish at 4120000
[2026-04-01 15:18:12.101] [info] Total compute time 47999
[2026-04-01 15:18:12.101] [info] executable layer count 1
[2026-04-01 15:18:12.101] [info] Start layer layer0.attn.ln
[2026-04-01 15:18:12.101] [info] Issue tile layer0.attn.ln on core 3, spad_id 1, accum_spad_id 1
[2026-04-01 15:18:12.169] [info] HBM2-CH_0: BW utilization 0% (7 reads, 3 writes)
[2026-04-01 15:18:12.186] [info] Layer layer0.attn.ln finish at 4128000
[2026-04-01 15:18:12.186] [info] Total compute time 8000
[2026-04-01 15:18:12.186] [info] executable layer count 1
[2026-04-01 15:18:12.186] [info] Start layer layer0.ffn.fc1
[2026-04-01 15:18:12.186] [info] Issue tile Gemm on core 3, spad_id 1, accum_spad_id 1
[2026-04-01 15:18:12.386] [info] HBM2-CH_0: BW utilization 32% (3078 reads, 3 writes)
[2026-04-01 15:18:12.402] [info] Issue tile Gemm on core 3, spad_id 1, accum_spad_id 1
[2026-04-01 15:18:12.537] [info] HBM2-CH_0: BW utilization 16% (1539 reads, 2 writes)
[2026-04-01 15:18:12.556] [info] Issue tile Gemm on core 3, spad_id 0, accum_spad_id 0
[2026-04-01 15:18:12.689] [info] HBM2-CH_0: BW utilization 16% (1539 reads, 3 writes)
[2026-04-01 15:18:12.708] [info] Issue tile Gemm on core 3, spad_id 1, accum_spad_id 1
[2026-04-01 15:18:12.863] [info] HBM2-CH_0: BW utilization 16% (1539 reads, 2 writes)
[2026-04-01 15:18:12.883] [info] Issue tile Gemm on core 3, spad_id 0, accum_spad_id 0
[2026-04-01 15:18:13.026] [info] HBM2-CH_0: BW utilization 16% (1539 reads, 1 writes)
[2026-04-01 15:18:13.127] [info] HBM2-CH_0: BW utilization 0% (0 reads, 0 writes)
[2026-04-01 15:18:13.148] [info] Layer layer0.ffn.fc1 finish at 4176000
[2026-04-01 15:18:13.148] [info] Total compute time 48000
[2026-04-01 15:18:13.148] [info] executable layer count 1
[2026-04-01 15:18:13.148] [info] Start layer layer0.ffn.act
[2026-04-01 15:18:13.148] [info] Issue tile layer0.ffn.act on core 3, spad_id 1, accum_spad_id 1
[2026-04-01 15:18:13.234] [info] HBM2-CH_0: BW utilization 0% (23 reads, 12 writes)
[2026-04-01 15:18:13.256] [info] Layer layer0.ffn.act finish at 4184000
[2026-04-01 15:18:13.256] [info] Total compute time 8000
[2026-04-01 15:18:13.256] [info] executable layer count 1
[2026-04-01 15:18:13.256] [info] Start layer layer0.ffn.fc2
[2026-04-01 15:18:13.256] [info] Issue tile Gemm on core 3, spad_id 1, accum_spad_id 1
[2026-04-01 15:18:13.509] [info] HBM2-CH_0: BW utilization 32% (3097 reads, 0 writes)
[2026-04-01 15:18:13.530] [info] Issue tile Gemm on core 3, spad_id 1, accum_spad_id 1
[2026-04-01 15:18:13.684] [info] HBM2-CH_0: BW utilization 16% (1548 reads, 1 writes)
[2026-04-01 15:18:13.705] [info] Issue tile Gemm on core 3, spad_id 0, accum_spad_id 0
[2026-04-01 15:18:13.860] [info] HBM2-CH_0: BW utilization 16% (1549 reads, 0 writes)
[2026-04-01 15:18:13.881] [info] Issue tile Gemm on core 3, spad_id 1, accum_spad_id 1
[2026-04-01 15:18:14.037] [info] HBM2-CH_0: BW utilization 16% (1548 reads, 1 writes)
[2026-04-01 15:18:14.059] [info] Issue tile Gemm on core 3, spad_id 0, accum_spad_id 0
[2026-04-01 15:18:14.211] [info] HBM2-CH_0: BW utilization 16% (1548 reads, 0 writes)
[2026-04-01 15:18:14.308] [info] HBM2-CH_0: BW utilization 0% (0 reads, 0 writes)
[2026-04-01 15:18:14.328] [info] Layer layer0.ffn.fc2 finish at 4232000
[2026-04-01 15:18:14.328] [info] Total compute time 48000
[2026-04-01 15:18:14.328] [info] executable layer count 1
[2026-04-01 15:18:14.328] [info] Start layer layer0.ffn.ln
[2026-04-01 15:18:14.328] [info] Issue tile layer0.ffn.ln on core 3, spad_id 1, accum_spad_id 1
[2026-04-01 15:18:14.407] [info] HBM2-CH_0: BW utilization 0% (5 reads, 3 writes)
[2026-04-01 15:18:14.429] [info] Layer layer0.ffn.ln finish at 4240000
[2026-04-01 15:18:14.429] [info] Total compute time 8000
[2026-04-01 15:18:14.429] [info] Model[opt-125m] Request: 3936 us, Start: 3936 us, finish:4240 us, Current Cycle:4240000
[2026-04-01 15:18:14.429] [info] No total_seq_len!
[2026-04-01 15:18:14.429] [info] Total Memory Usage: 0.09 GB
[2026-04-01 15:18:14.429] [info] Weight Memory Usage: 0.09 GB
[2026-04-01 15:18:14.429] [info] KV Memory Usage: 0.00 GB
[2026-04-01 15:18:14.429] [info] Activation Memory Usage: 0.00 GB
[2026-04-01 15:18:14.429] [info] [GEMM] spad_size: 33554432 accum_size: 4194304
[2026-04-01 15:18:14.429] [info] [GEMM] required_sram_size: 983040 required_accum_size: 131072
[2026-04-01 15:18:14.429] [info] [GEMM] Used gemmini gemm mapping: Total N:1 C:768 M:2304, Outer N:1 C:1 M:5, Inner N:128 C:768 M:512
[2026-04-01 15:18:14.442] [info] [GemmWs] Keys K = 768, N = 1, M = 2304
[2026-04-01 15:18:14.442] [info] [GemmWS]: total 0.003541248 GFLOPs, 0.003549696 GB
[2026-04-01 15:18:14.442] [info] [GemmWS]: Theoretical time(ms): 0.005781263553217286 Compute time: 2.7017577508559043e-05 Memory time: 0.005781263553217286
[2026-04-01 15:18:14.443] [info] [Attention] total_spad_size_per_head: 4224 B
[2026-04-01 15:18:14.443] [info] [Attention] total_acc_size_per_head: 32 B
[2026-04-01 15:18:14.443] [info] [Attention] q_len: 1, seq_len: 16, dk: 64, heads per tile 1
[2026-04-01 15:18:14.443] [info] [Attention] Spad size 16777216
[2026-04-01 15:18:14.443] [info] [Attention] Accum spad size 2097152
[2026-04-01 15:18:14.443] [info] Mapping info Total Loop: N12 C64 M16 S1 R1 Q1 P1 Tile Out Loop: N12 C1 M1 S1 R1 Q1 P1 Tile In Loop: N1 C64 M16 S1 R1 Q1 P1
[2026-04-01 15:18:14.443] [info] [Attention] QK 2.4576e-05 GFLOPs
[2026-04-01 15:18:14.443] [info] [Attention] total 5.1072e-05 GFLOPs, 5.2224e-05 GB
[2026-04-01 15:18:14.443] [info] [Attention] Theoretical time(ms): 8.505538e-05 Compute time: 6.09375e-07 Memory time: 8.505538e-05
[2026-04-01 15:18:14.443] [info] [Attention] QK compute 0.0000ms Softmax compute 0.0000ms SV compute 0.0000ms
[2026-04-01 15:18:14.443] [info] [GEMM] spad_size: 33554432 accum_size: 4194304
[2026-04-01 15:18:14.443] [info] [GEMM] required_sram_size: 393216 required_accum_size: 32768
[2026-04-01 15:18:14.443] [info] [GEMM] Used gemmini gemm mapping: Total N:1 C:768 M:768, Outer N:1 C:1 M:6, Inner N:128 C:768 M:128
[2026-04-01 15:18:14.448] [info] [GemmWs] Keys K = 768, N = 1, M = 768
[2026-04-01 15:18:14.448] [info] [GemmWS]: total 0.0011804161 GFLOPs, 0.0011842559 GB
[2026-04-01 15:18:14.448] [info] [GemmWS]: Theoretical time(ms): 0.0019287556369818049 Compute time: 9.0058600576981e-06 Memory time: 0.0019287556369818049
[2026-04-01 15:18:14.448] [info] [SkipLayerNorm] tokens_per_tile: 1
[2026-04-01 15:18:14.448] [info] [GEMM] spad_size: 33554432 accum_size: 4194304
[2026-04-01 15:18:14.448] [info] [GEMM] required_sram_size: 983040 required_accum_size: 131072
[2026-04-01 15:18:14.448] [info] [GEMM] Used gemmini gemm mapping: Total N:1 C:768 M:3072, Outer N:1 C:1 M:6, Inner N:128 C:768 M:512
[2026-04-01 15:18:14.465] [info] [GemmWs] Keys K = 768, N = 1, M = 3072
[2026-04-01 15:18:14.465] [info] [GemmWS]: total 0.0047185924 GFLOPs, 0.004726272 GB
[2026-04-01 15:18:14.465] [info] [GemmWS]: Theoretical time(ms): 0.0076975111369392835 Compute time: 3.6000002978653356e-05 Memory time: 0.0076975111369392835
[2026-04-01 15:18:14.465] [info] [BiasAct] tokens_per_tile: 1
[2026-04-01 15:18:14.465] [info] [GEMM] spad_size: 33554432 accum_size: 4194304
[2026-04-01 15:18:14.465] [info] [GEMM] required_sram_size: 1572864 required_accum_size: 32768
[2026-04-01 15:18:14.465] [info] [GEMM] Used gemmini gemm mapping: Total N:1 C:3072 M:768, Outer N:1 C:1 M:6, Inner N:128 C:3072 M:128
[2026-04-01 15:18:14.488] [info] [GemmWs] Keys K = 3072, N = 1, M = 768
[2026-04-01 15:18:14.488] [info] [GemmWS]: total 0.0047193603 GFLOPs, 0.0047278083 GB
[2026-04-01 15:18:14.488] [info] [GemmWS]: Theoretical time(ms): 0.007700013156863861 Compute time: 3.60058614035097e-05 Memory time: 0.007700013156863861
[2026-04-01 15:18:14.488] [info] [SkipLayerNorm] tokens_per_tile: 1
[2026-04-01 15:18:14.488] [info]  Model initialization time: 0.059245 seconds
[2026-04-01 15:18:14.488] [info] Schedule model: opt-125m at 4240002000 us
[2026-04-01 15:18:14.488] [info] MODEL opt-125m Scheduled, Total Request: 1
[2026-04-01 15:18:14.488] [info] executable layer count 1
[2026-04-01 15:18:14.488] [info] Start layer layer0.attn.QKVgen
[2026-04-01 15:18:14.743] [info] HBM2-CH_0: BW utilization 32% (3084 reads, 3 writes)
[2026-04-01 15:18:14.764] [info] Issue tile Gemm on core 3, spad_id 1, accum_spad_id 1
[2026-04-01 15:18:14.909] [info] HBM2-CH_0: BW utilization 16% (1541 reads, 3 writes)
[2026-04-01 15:18:14.928] [info] Issue tile Gemm on core 3, spad_id 0, accum_spad_id 0
[2026-04-01 15:18:15.079] [info] HBM2-CH_0: BW utilization 16% (1542 reads, 2 writes)
[2026-04-01 15:18:15.098] [info] Issue tile Gemm on core 3, spad_id 1, accum_spad_id 1
[2026-04-01 15:18:15.200] [info] HBM2-CH_0: BW utilization 8% (773 reads, 1 writes)
[2026-04-01 15:18:15.284] [info] HBM2-CH_0: BW utilization 0% (0 reads, 0 writes)
[2026-04-01 15:18:15.301] [info] Layer layer0.attn.QKVgen finish at 4280000
[2026-04-01 15:18:15.301] [info] Total compute time 39999
[2026-04-01 15:18:15.301] [info] executable layer count 1
[2026-04-01 15:18:15.301] [info] Start layer layer0.attn.KVccat
[2026-04-01 15:18:15.301] [info] Issue tile KVCacheConcat on core 3, spad_id 1, accum_spad_id 1
[2026-04-01 15:18:15.301] [info] Layer layer0.attn.KVccat finish at 4280001
[2026-04-01 15:18:15.301] [info] Total compute time 1
[2026-04-01 15:18:15.301] [info] executable layer count 1
[2026-04-01 15:18:15.301] [info] Start layer layer0.attn.Attention.0
[2026-04-01 15:18:15.367] [info] HBM2-CH_0: BW utilization 0% (16 reads, 1 writes)
[2026-04-01 15:18:15.385] [info] Issue tile layer0.attn.Attention.0 on core 3, spad_id 1, accum_spad_id 1
[2026-04-01 15:18:15.452] [info] HBM2-CH_0: BW utilization 0% (9 reads, 0 writes)
[2026-04-01 15:18:15.470] [info] Issue tile layer0.attn.Attention.0 on core 3, spad_id 0, accum_spad_id 0
[2026-04-01 15:18:15.541] [info] HBM2-CH_0: BW utilization 0% (8 reads, 0 writes)
[2026-04-01 15:18:15.560] [info] Issue tile layer0.attn.Attention.0 on core 3, spad_id 1, accum_spad_id 1
[2026-04-01 15:18:15.629] [info] HBM2-CH_0: BW utilization 0% (8 reads, 0 writes)
[2026-04-01 15:18:15.648] [info] Issue tile layer0.attn.Attention.0 on core 3, spad_id 0, accum_spad_id 0
[2026-04-01 15:18:15.715] [info] HBM2-CH_0: BW utilization 0% (8 reads, 1 writes)
[2026-04-01 15:18:15.732] [info] Issue tile layer0.attn.Attention.0 on core 3, spad_id 1, accum_spad_id 1
[2026-04-01 15:18:15.798] [info] HBM2-CH_0: BW utilization 0% (9 reads, 0 writes)
[2026-04-01 15:18:15.816] [info] Issue tile layer0.attn.Attention.0 on core 3, spad_id 0, accum_spad_id 0
[2026-04-01 15:18:15.883] [info] HBM2-CH_0: BW utilization 0% (8 reads, 0 writes)
[2026-04-01 15:18:15.901] [info] Issue tile layer0.attn.Attention.0 on core 3, spad_id 1, accum_spad_id 1
[2026-04-01 15:18:15.968] [info] HBM2-CH_0: BW utilization 0% (8 reads, 0 writes)
[2026-04-01 15:18:15.986] [info] Issue tile layer0.attn.Attention.0 on core 3, spad_id 0, accum_spad_id 0
[2026-04-01 15:18:16.056] [info] HBM2-CH_0: BW utilization 0% (8 reads, 0 writes)
[2026-04-01 15:18:16.077] [info] Issue tile layer0.attn.Attention.0 on core 3, spad_id 1, accum_spad_id 1
[2026-04-01 15:18:16.143] [info] HBM2-CH_0: BW utilization 0% (9 reads, 0 writes)
[2026-04-01 15:18:16.162] [info] Issue tile layer0.attn.Attention.0 on core 3, spad_id 0, accum_spad_id 0
[2026-04-01 15:18:16.228] [info] HBM2-CH_0: BW utilization 0% (8 reads, 1 writes)
[2026-04-01 15:18:16.315] [info] HBM2-CH_0: BW utilization 0% (0 reads, 0 writes)
[2026-04-01 15:18:16.333] [info] Layer layer0.attn.Attention.0 finish at 4376000
[2026-04-01 15:18:16.333] [info] Total compute time 95999
[2026-04-01 15:18:16.333] [info] executable layer count 1
[2026-04-01 15:18:16.333] [info] Start layer layer0.attn.Atccat
[2026-04-01 15:18:16.333] [info] Issue tile Concat on core 3, spad_id 1, accum_spad_id 1
[2026-04-01 15:18:16.333] [info] Layer layer0.attn.Atccat finish at 4376001
[2026-04-01 15:18:16.333] [info] Total compute time 1
[2026-04-01 15:18:16.333] [info] executable layer count 1
[2026-04-01 15:18:16.333] [info] Start layer layer0.attn.proj
[2026-04-01 15:18:16.427] [info] HBM2-CH_0: BW utilization 8% (775 reads, 1 writes)
[2026-04-01 15:18:16.446] [info] Issue tile Gemm on core 3, spad_id 1, accum_spad_id 1
[2026-04-01 15:18:16.526] [info] HBM2-CH_0: BW utilization 4% (387 reads, 0 writes)
[2026-04-01 15:18:16.545] [info] Issue tile Gemm on core 3, spad_id 0, accum_spad_id 0
[2026-04-01 15:18:16.625] [info] HBM2-CH_0: BW utilization 4% (388 reads, 1 writes)
[2026-04-01 15:18:16.645] [info] Issue tile Gemm on core 3, spad_id 1, accum_spad_id 1
[2026-04-01 15:18:16.725] [info] HBM2-CH_0: BW utilization 4% (387 reads, 0 writes)
[2026-04-01 15:18:16.745] [info] Issue tile Gemm on core 3, spad_id 0, accum_spad_id 0
[2026-04-01 15:18:16.823] [info] HBM2-CH_0: BW utilization 4% (387 reads, 1 writes)
[2026-04-01 15:18:16.905] [info] HBM2-CH_0: BW utilization 0% (0 reads, 0 writes)
[2026-04-01 15:18:16.923] [info] Layer layer0.attn.proj finish at 4424000
[2026-04-01 15:18:16.923] [info] Total compute time 47999
[2026-04-01 15:18:16.923] [info] executable layer count 1
[2026-04-01 15:18:16.923] [info] Start layer layer0.attn.ln
[2026-04-01 15:18:16.923] [info] Issue tile layer0.attn.ln on core 3, spad_id 1, accum_spad_id 1
[2026-04-01 15:18:16.991] [info] HBM2-CH_0: BW utilization 0% (7 reads, 4 writes)
[2026-04-01 15:18:17.011] [info] Layer layer0.attn.ln finish at 4432000
[2026-04-01 15:18:17.011] [info] Total compute time 8000
[2026-04-01 15:18:17.011] [info] executable layer count 1
[2026-04-01 15:18:17.011] [info] Start layer layer0.ffn.fc1
[2026-04-01 15:18:17.011] [info] Issue tile Gemm on core 3, spad_id 1, accum_spad_id 1
[2026-04-01 15:18:17.218] [info] HBM2-CH_0: BW utilization 32% (3078 reads, 4 writes)
[2026-04-01 15:18:17.237] [info] Issue tile Gemm on core 3, spad_id 1, accum_spad_id 1
[2026-04-01 15:18:17.374] [info] HBM2-CH_0: BW utilization 16% (1539 reads, 2 writes)
[2026-04-01 15:18:17.393] [info] Issue tile Gemm on core 3, spad_id 0, accum_spad_id 0
[2026-04-01 15:18:17.514] [info] HBM2-CH_0: BW utilization 16% (1539 reads, 2 writes)
[2026-04-01 15:18:17.532] [info] Issue tile Gemm on core 3, spad_id 1, accum_spad_id 1
[2026-04-01 15:18:17.652] [info] HBM2-CH_0: BW utilization 16% (1539 reads, 2 writes)
[2026-04-01 15:18:17.670] [info] Issue tile Gemm on core 3, spad_id 0, accum_spad_id 0
[2026-04-01 15:18:17.790] [info] HBM2-CH_0: BW utilization 16% (1539 reads, 2 writes)
[2026-04-01 15:18:17.872] [info] HBM2-CH_0: BW utilization 0% (0 reads, 0 writes)
[2026-04-01 15:18:17.890] [info] Layer layer0.ffn.fc1 finish at 4480000
[2026-04-01 15:18:17.890] [info] Total compute time 48000
[2026-04-01 15:18:17.890] [info] executable layer count 1
[2026-04-01 15:18:17.890] [info] Start layer layer0.ffn.act
[2026-04-01 15:18:17.890] [info] Issue tile layer0.ffn.act on core 3, spad_id 1, accum_spad_id 1
[2026-04-01 15:18:17.955] [info] HBM2-CH_0: BW utilization 0% (24 reads, 13 writes)
[2026-04-01 15:18:17.973] [info] Layer layer0.ffn.act finish at 4488000
[2026-04-01 15:18:17.973] [info] Total compute time 8000
[2026-04-01 15:18:17.973] [info] executable layer count 1
[2026-04-01 15:18:17.973] [info] Start layer layer0.ffn.fc2
[2026-04-01 15:18:17.973] [info] Issue tile Gemm on core 3, spad_id 1, accum_spad_id 1
[2026-04-01 15:18:18.172] [info] HBM2-CH_0: BW utilization 32% (3099 reads, 1 writes)
[2026-04-01 15:18:18.190] [info] Issue tile Gemm on core 3, spad_id 1, accum_spad_id 1
[2026-04-01 15:18:18.314] [info] HBM2-CH_0: BW utilization 16% (1549 reads, 1 writes)
[2026-04-01 15:18:18.335] [info] Issue tile Gemm on core 3, spad_id 0, accum_spad_id 0
[2026-04-01 15:18:18.463] [info] HBM2-CH_0: BW utilization 16% (1550 reads, 0 writes)
[2026-04-01 15:18:18.481] [info] Issue tile Gemm on core 3, spad_id 1, accum_spad_id 1
[2026-04-01 15:18:18.609] [info] HBM2-CH_0: BW utilization 16% (1549 reads, 1 writes)
[2026-04-01 15:18:18.629] [info] Issue tile Gemm on core 3, spad_id 0, accum_spad_id 0
[2026-04-01 15:18:18.769] [info] HBM2-CH_0: BW utilization 16% (1549 reads, 0 writes)
[2026-04-01 15:18:18.863] [info] HBM2-CH_0: BW utilization 0% (0 reads, 0 writes)
[2026-04-01 15:18:18.885] [info] Layer layer0.ffn.fc2 finish at 4536000
[2026-04-01 15:18:18.885] [info] Total compute time 48000
[2026-04-01 15:18:18.885] [info] executable layer count 1
[2026-04-01 15:18:18.885] [info] Start layer layer0.ffn.ln
[2026-04-01 15:18:18.885] [info] Issue tile layer0.ffn.ln on core 3, spad_id 1, accum_spad_id 1
[2026-04-01 15:18:18.957] [info] HBM2-CH_0: BW utilization 0% (6 reads, 3 writes)
[2026-04-01 15:18:18.979] [info] Layer layer0.ffn.ln finish at 4544000
[2026-04-01 15:18:18.979] [info] Total compute time 8000
[2026-04-01 15:18:18.979] [info] Model[opt-125m] Request: 4240 us, Start: 4240 us, finish:4544 us, Current Cycle:4544000
[2026-04-01 15:18:18.979] [info] No total_seq_len!
[2026-04-01 15:18:18.979] [info] Total Memory Usage: 0.09 GB
[2026-04-01 15:18:18.979] [info] Weight Memory Usage: 0.09 GB
[2026-04-01 15:18:18.979] [info] KV Memory Usage: 0.00 GB
[2026-04-01 15:18:18.979] [info] Activation Memory Usage: 0.00 GB
[2026-04-01 15:18:18.979] [info] [GEMM] spad_size: 33554432 accum_size: 4194304
[2026-04-01 15:18:18.979] [info] [GEMM] required_sram_size: 983040 required_accum_size: 131072
[2026-04-01 15:18:18.979] [info] [GEMM] Used gemmini gemm mapping: Total N:1 C:768 M:2304, Outer N:1 C:1 M:5, Inner N:128 C:768 M:512
[2026-04-01 15:18:18.992] [info] [GemmWs] Keys K = 768, N = 1, M = 2304
[2026-04-01 15:18:18.992] [info] [GemmWS]: total 0.003541248 GFLOPs, 0.003549696 GB
[2026-04-01 15:18:18.992] [info] [GemmWS]: Theoretical time(ms): 0.005781263553217286 Compute time: 2.7017577508559043e-05 Memory time: 0.005781263553217286
[2026-04-01 15:18:18.992] [info] [Attention] total_spad_size_per_head: 4480 B
[2026-04-01 15:18:18.992] [info] [Attention] total_acc_size_per_head: 34 B
[2026-04-01 15:18:18.992] [info] [Attention] q_len: 1, seq_len: 17, dk: 64, heads per tile 1
[2026-04-01 15:18:18.992] [info] [Attention] Spad size 16777216
[2026-04-01 15:18:18.992] [info] [Attention] Accum spad size 2097152
[2026-04-01 15:18:18.992] [info] Mapping info Total Loop: N12 C64 M17 S1 R1 Q1 P1 Tile Out Loop: N12 C1 M1 S1 R1 Q1 P1 Tile In Loop: N1 C64 M17 S1 R1 Q1 P1
[2026-04-01 15:18:18.993] [info] [Attention] QK 2.6112e-05 GFLOPs
[2026-04-01 15:18:18.993] [info] [Attention] total 5.4264e-05 GFLOPs, 5.5296e-05 GB
[2026-04-01 15:18:18.993] [info] [Attention] Theoretical time(ms): 9.005863e-05 Compute time: 6.474609e-07 Memory time: 9.005863e-05
[2026-04-01 15:18:18.993] [info] [Attention] QK compute 0.0000ms Softmax compute 0.0000ms SV compute 0.0000ms
[2026-04-01 15:18:18.993] [info] [GEMM] spad_size: 33554432 accum_size: 4194304
[2026-04-01 15:18:18.993] [info] [GEMM] required_sram_size: 393216 required_accum_size: 32768
[2026-04-01 15:18:18.993] [info] [GEMM] Used gemmini gemm mapping: Total N:1 C:768 M:768, Outer N:1 C:1 M:6, Inner N:128 C:768 M:128
[2026-04-01 15:18:18.997] [info] [GemmWs] Keys K = 768, N = 1, M = 768
[2026-04-01 15:18:18.997] [info] [GemmWS]: total 0.0011804161 GFLOPs, 0.0011842559 GB
[2026-04-01 15:18:18.997] [info] [GemmWS]: Theoretical time(ms): 0.0019287556369818049 Compute time: 9.0058600576981e-06 Memory time: 0.0019287556369818049
[2026-04-01 15:18:18.997] [info] [SkipLayerNorm] tokens_per_tile: 1
[2026-04-01 15:18:18.997] [info] [GEMM] spad_size: 33554432 accum_size: 4194304
[2026-04-01 15:18:18.997] [info] [GEMM] required_sram_size: 983040 required_accum_size: 131072
[2026-04-01 15:18:18.997] [info] [GEMM] Used gemmini gemm mapping: Total N:1 C:768 M:3072, Outer N:1 C:1 M:6, Inner N:128 C:768 M:512
[2026-04-01 15:18:19.013] [info] [GemmWs] Keys K = 768, N = 1, M = 3072
[2026-04-01 15:18:19.013] [info] [GemmWS]: total 0.0047185924 GFLOPs, 0.004726272 GB
[2026-04-01 15:18:19.013] [info] [GemmWS]: Theoretical time(ms): 0.0076975111369392835 Compute time: 3.6000002978653356e-05 Memory time: 0.0076975111369392835
[2026-04-01 15:18:19.013] [info] [BiasAct] tokens_per_tile: 1
[2026-04-01 15:18:19.013] [info] [GEMM] spad_size: 33554432 accum_size: 4194304
[2026-04-01 15:18:19.013] [info] [GEMM] required_sram_size: 1572864 required_accum_size: 32768
[2026-04-01 15:18:19.013] [info] [GEMM] Used gemmini gemm mapping: Total N:1 C:3072 M:768, Outer N:1 C:1 M:6, Inner N:128 C:3072 M:128
[2026-04-01 15:18:19.032] [info] [GemmWs] Keys K = 3072, N = 1, M = 768
[2026-04-01 15:18:19.032] [info] [GemmWS]: total 0.0047193603 GFLOPs, 0.0047278083 GB
[2026-04-01 15:18:19.032] [info] [GemmWS]: Theoretical time(ms): 0.007700013156863861 Compute time: 3.60058614035097e-05 Memory time: 0.007700013156863861
[2026-04-01 15:18:19.032] [info] [SkipLayerNorm] tokens_per_tile: 1
[2026-04-01 15:18:19.032] [info]  Model initialization time: 0.053144 seconds
[2026-04-01 15:18:19.032] [info] Schedule model: opt-125m at 4544002000 us
[2026-04-01 15:18:19.032] [info] MODEL opt-125m Scheduled, Total Request: 1
[2026-04-01 15:18:19.032] [info] executable layer count 1
[2026-04-01 15:18:19.032] [info] Start layer layer0.attn.QKVgen
[2026-04-01 15:18:19.253] [info] HBM2-CH_0: BW utilization 32% (3082 reads, 4 writes)
[2026-04-01 15:18:19.273] [info] Issue tile Gemm on core 3, spad_id 1, accum_spad_id 1
[2026-04-01 15:18:19.403] [info] HBM2-CH_0: BW utilization 16% (1540 reads, 2 writes)
[2026-04-01 15:18:19.423] [info] Issue tile Gemm on core 3, spad_id 0, accum_spad_id 0
[2026-04-01 15:18:19.558] [info] HBM2-CH_0: BW utilization 16% (1541 reads, 2 writes)
[2026-04-01 15:18:19.578] [info] Issue tile Gemm on core 3, spad_id 1, accum_spad_id 1
[2026-04-01 15:18:19.681] [info] HBM2-CH_0: BW utilization 8% (772 reads, 2 writes)
[2026-04-01 15:18:19.769] [info] HBM2-CH_0: BW utilization 0% (0 reads, 0 writes)
[2026-04-01 15:18:19.789] [info] Layer layer0.attn.QKVgen finish at 4584000
[2026-04-01 15:18:19.789] [info] Total compute time 39999
[2026-04-01 15:18:19.789] [info] executable layer count 1
[2026-04-01 15:18:19.789] [info] Start layer layer0.attn.KVccat
[2026-04-01 15:18:19.789] [info] Issue tile KVCacheConcat on core 3, spad_id 1, accum_spad_id 1
[2026-04-01 15:18:19.789] [info] Layer layer0.attn.KVccat finish at 4584001
[2026-04-01 15:18:19.789] [info] Total compute time 1
[2026-04-01 15:18:19.789] [info] executable layer count 1
[2026-04-01 15:18:19.789] [info] Start layer layer0.attn.Attention.0
[2026-04-01 15:18:19.857] [info] HBM2-CH_0: BW utilization 0% (17 reads, 0 writes)
[2026-04-01 15:18:19.877] [info] Issue tile layer0.attn.Attention.0 on core 3, spad_id 1, accum_spad_id 1
[2026-04-01 15:18:19.945] [info] HBM2-CH_0: BW utilization 0% (8 reads, 0 writes)
[2026-04-01 15:18:19.964] [info] Issue tile layer0.attn.Attention.0 on core 3, spad_id 0, accum_spad_id 0
[2026-04-01 15:18:20.031] [info] HBM2-CH_0: BW utilization 0% (8 reads, 1 writes)
[2026-04-01 15:18:20.050] [info] Issue tile layer0.attn.Attention.0 on core 3, spad_id 1, accum_spad_id 1
[2026-04-01 15:18:20.117] [info] HBM2-CH_0: BW utilization 0% (8 reads, 0 writes)
[2026-04-01 15:18:20.138] [info] Issue tile layer0.attn.Attention.0 on core 3, spad_id 0, accum_spad_id 0
[2026-04-01 15:18:20.209] [info] HBM2-CH_0: BW utilization 0% (9 reads, 0 writes)
[2026-04-01 15:18:20.230] [info] Issue tile layer0.attn.Attention.0 on core 3, spad_id 1, accum_spad_id 1
[2026-04-01 15:18:20.301] [info] HBM2-CH_0: BW utilization 0% (8 reads, 1 writes)
[2026-04-01 15:18:20.322] [info] Issue tile layer0.attn.Attention.0 on core 3, spad_id 0, accum_spad_id 0
[2026-04-01 15:18:20.391] [info] HBM2-CH_0: BW utilization 0% (8 reads, 0 writes)
[2026-04-01 15:18:20.412] [info] Issue tile layer0.attn.Attention.0 on core 3, spad_id 1, accum_spad_id 1
[2026-04-01 15:18:20.481] [info] HBM2-CH_0: BW utilization 0% (8 reads, 0 writes)
[2026-04-01 15:18:20.502] [info] Issue tile layer0.attn.Attention.0 on core 3, spad_id 0, accum_spad_id 0
[2026-04-01 15:18:20.572] [info] HBM2-CH_0: BW utilization 0% (9 reads, 0 writes)
[2026-04-01 15:18:20.593] [info] Issue tile layer0.attn.Attention.0 on core 3, spad_id 1, accum_spad_id 1
[2026-04-01 15:18:20.664] [info] HBM2-CH_0: BW utilization 0% (8 reads, 1 writes)
[2026-04-01 15:18:20.686] [info] Issue tile layer0.attn.Attention.0 on core 3, spad_id 0, accum_spad_id 0
[2026-04-01 15:18:20.758] [info] HBM2-CH_0: BW utilization 0% (8 reads, 0 writes)
[2026-04-01 15:18:20.853] [info] HBM2-CH_0: BW utilization 0% (0 reads, 0 writes)
[2026-04-01 15:18:20.874] [info] Layer layer0.attn.Attention.0 finish at 4680000
[2026-04-01 15:18:20.874] [info] Total compute time 95999
[2026-04-01 15:18:20.874] [info] executable layer count 1
[2026-04-01 15:18:20.874] [info] Start layer layer0.attn.Atccat
[2026-04-01 15:18:20.874] [info] Issue tile Concat on core 3, spad_id 1, accum_spad_id 1
[2026-04-01 15:18:20.874] [info] Layer layer0.attn.Atccat finish at 4680001
[2026-04-01 15:18:20.874] [info] Total compute time 1
[2026-04-01 15:18:20.874] [info] executable layer count 1
[2026-04-01 15:18:20.874] [info] Start layer layer0.attn.proj
[2026-04-01 15:18:20.974] [info] HBM2-CH_0: BW utilization 8% (775 reads, 1 writes)
[2026-04-01 15:18:20.994] [info] Issue tile Gemm on core 3, spad_id 1, accum_spad_id 1
[2026-04-01 15:18:21.073] [info] HBM2-CH_0: BW utilization 4% (387 reads, 1 writes)
[2026-04-01 15:18:21.093] [info] Issue tile Gemm on core 3, spad_id 0, accum_spad_id 0
[2026-04-01 15:18:21.176] [info] HBM2-CH_0: BW utilization 4% (388 reads, 0 writes)
[2026-04-01 15:18:21.199] [info] Issue tile Gemm on core 3, spad_id 1, accum_spad_id 1
[2026-04-01 15:18:21.281] [info] HBM2-CH_0: BW utilization 4% (387 reads, 1 writes)
[2026-04-01 15:18:21.301] [info] Issue tile Gemm on core 3, spad_id 0, accum_spad_id 0
[2026-04-01 15:18:21.380] [info] HBM2-CH_0: BW utilization 4% (387 reads, 0 writes)
[2026-04-01 15:18:21.467] [info] HBM2-CH_0: BW utilization 0% (0 reads, 0 writes)
[2026-04-01 15:18:21.487] [info] Layer layer0.attn.proj finish at 4728000
[2026-04-01 15:18:21.487] [info] Total compute time 47999
[2026-04-01 15:18:21.487] [info] executable layer count 1
[2026-04-01 15:18:21.487] [info] Start layer layer0.attn.ln
[2026-04-01 15:18:21.487] [info] Issue tile layer0.attn.ln on core 3, spad_id 1, accum_spad_id 1
[2026-04-01 15:18:21.553] [info] HBM2-CH_0: BW utilization 0% (6 reads, 3 writes)
[2026-04-01 15:18:21.574] [info] Layer layer0.attn.ln finish at 4736000
[2026-04-01 15:18:21.574] [info] Total compute time 8000
[2026-04-01 15:18:21.574] [info] executable layer count 1
[2026-04-01 15:18:21.574] [info] Start layer layer0.ffn.fc1
[2026-04-01 15:18:21.574] [info] Issue tile Gemm on core 3, spad_id 1, accum_spad_id 1
[2026-04-01 15:18:21.784] [info] HBM2-CH_0: BW utilization 32% (3078 reads, 3 writes)
[2026-04-01 15:18:21.805] [info] Issue tile Gemm on core 3, spad_id 1, accum_spad_id 1
[2026-04-01 15:18:21.937] [info] HBM2-CH_0: BW utilization 16% (1539 reads, 2 writes)
[2026-04-01 15:18:21.957] [info] Issue tile Gemm on core 3, spad_id 0, accum_spad_id 0
[2026-04-01 15:18:22.085] [info] HBM2-CH_0: BW utilization 16% (1539 reads, 2 writes)
[2026-04-01 15:18:22.105] [info] Issue tile Gemm on core 3, spad_id 1, accum_spad_id 1
[2026-04-01 15:18:22.235] [info] HBM2-CH_0: BW utilization 16% (1539 reads, 3 writes)
[2026-04-01 15:18:22.256] [info] Issue tile Gemm on core 3, spad_id 0, accum_spad_id 0
[2026-04-01 15:18:22.387] [info] HBM2-CH_0: BW utilization 16% (1539 reads, 2 writes)
[2026-04-01 15:18:22.478] [info] HBM2-CH_0: BW utilization 0% (0 reads, 0 writes)
[2026-04-01 15:18:22.500] [info] Layer layer0.ffn.fc1 finish at 4784000
[2026-04-01 15:18:22.500] [info] Total compute time 48000
[2026-04-01 15:18:22.500] [info] executable layer count 1
[2026-04-01 15:18:22.500] [info] Start layer layer0.ffn.act
[2026-04-01 15:18:22.500] [info] Issue tile layer0.ffn.act on core 3, spad_id 1, accum_spad_id 1
[2026-04-01 15:18:22.569] [info] HBM2-CH_0: BW utilization 0% (24 reads, 12 writes)
[2026-04-01 15:18:22.590] [info] Layer layer0.ffn.act finish at 4792000
[2026-04-01 15:18:22.590] [info] Total compute time 8000
[2026-04-01 15:18:22.590] [info] executable layer count 1
[2026-04-01 15:18:22.590] [info] Start layer layer0.ffn.fc2
[2026-04-01 15:18:22.590] [info] Issue tile Gemm on core 3, spad_id 1, accum_spad_id 1
[2026-04-01 15:18:22.802] [info] HBM2-CH_0: BW utilization 32% (3097 reads, 0 writes)
[2026-04-01 15:18:22.823] [info] Issue tile Gemm on core 3, spad_id 1, accum_spad_id 1
[2026-04-01 15:18:22.954] [info] HBM2-CH_0: BW utilization 16% (1548 reads, 1 writes)
[2026-04-01 15:18:22.974] [info] Issue tile Gemm on core 3, spad_id 0, accum_spad_id 0
[2026-04-01 15:18:23.101] [info] HBM2-CH_0: BW utilization 16% (1549 reads, 1 writes)
[2026-04-01 15:18:23.122] [info] Issue tile Gemm on core 3, spad_id 1, accum_spad_id 1
[2026-04-01 15:18:23.252] [info] HBM2-CH_0: BW utilization 16% (1548 reads, 0 writes)
[2026-04-01 15:18:23.272] [info] Issue tile Gemm on core 3, spad_id 0, accum_spad_id 0
[2026-04-01 15:18:23.408] [info] HBM2-CH_0: BW utilization 16% (1548 reads, 1 writes)
[2026-04-01 15:18:23.498] [info] HBM2-CH_0: BW utilization 0% (0 reads, 0 writes)
[2026-04-01 15:18:23.520] [info] Layer layer0.ffn.fc2 finish at 4840000
[2026-04-01 15:18:23.520] [info] Total compute time 48000
[2026-04-01 15:18:23.520] [info] executable layer count 1
[2026-04-01 15:18:23.520] [info] Start layer layer0.ffn.ln
[2026-04-01 15:18:23.520] [info] Issue tile layer0.ffn.ln on core 3, spad_id 1, accum_spad_id 1
[2026-04-01 15:18:23.590] [info] HBM2-CH_0: BW utilization 0% (6 reads, 3 writes)
[2026-04-01 15:18:23.612] [info] Layer layer0.ffn.ln finish at 4848000
[2026-04-01 15:18:23.612] [info] Total compute time 8000
[2026-04-01 15:18:23.612] [info] Model[opt-125m] Request: 4544 us, Start: 4544 us, finish:4848 us, Current Cycle:4848000
[2026-04-01 15:18:23.612] [info] Request 0 completed in 4848000 cycles
[2026-04-01 15:18:23.612] [info] No total_seq_len!
[2026-04-01 15:18:23.612] [info] Simulation Finished at 4848001 cycle 4848 us
[2026-04-01 15:18:23.612] [info] [ICNT] Core->ICNT request 0GB/Sec,0
[2026-04-01 15:18:23.612] [info] [ICNT] Core<-ICNT request 0GB/Sec,0
[2026-04-01 15:18:23.612] [info] [ICNT] ICNT->MEM request 0GB/Sec,0
[2026-04-01 15:18:23.612] [info] [ICNT] ICNT<-MEM request 0GB/Sec,0
[2026-04-01 15:18:23.612] [info] ===== SRAM stats =====
[2026-04-01 15:18:23.612] [info]   Hits           : 13306
[2026-04-01 15:18:23.612] [info]   Misses         : 19892
[2026-04-01 15:18:23.612] [info]   Hit rate       : 0.4008
[2026-04-01 15:18:23.612] [info]   Read hits      : 13306
[2026-04-01 15:18:23.612] [info]   Write hits     : 0
[2026-04-01 15:18:23.612] [info]   Prefetches     : 5
[2026-04-01 15:18:23.612] [info]   Bytes requested: 787968
[2026-04-01 15:18:23.612] [info]   Bytes received : 787968
[2026-04-01 15:18:23.612] [info] ===== Acc-SRAM stats =====
[2026-04-01 15:18:23.612] [info]   Hits           : 8
[2026-04-01 15:18:23.612] [info]   Misses         : 1145
[2026-04-01 15:18:23.612] [info]   Hit rate       : 0.0069
[2026-04-01 15:18:23.612] [info]   Read hits      : 0
[2026-04-01 15:18:23.612] [info]   Write hits     : 8
[2026-04-01 15:18:23.612] [info]   Prefetches     : 4
[2026-04-01 15:18:23.612] [info]   Bytes requested: 1024
[2026-04-01 15:18:23.612] [info]   Bytes received : 2048
[2026-04-01 15:18:23.612] [info] Core [0] : MatMul active cycle 24 Vector active cycle 0 
[2026-04-01 15:18:23.612] [info] Core [0] : Memory unit idle cycle 4846455 Systolic bubble cycle 0 Core idle cycle 4832001 
[2026-04-01 15:18:23.612] [info] Core [0] : Systolic Array Utilization(%) 0.07 (0.00% PE util), Vector Unit Utilization(%) 0.00, Total cycle: 4848001
[2026-04-01 15:18:23.612] [info] Core [0] Tile Stats | Issued: 1 Running: 0 Finished: 1
[2026-04-01 15:18:23.612] [info] ins executed [37] ins executed per tile 37.00
[2026-04-01 15:18:23.612] [info] Core [0] : Systolic Inst Issue Count : 24
[2026-04-01 15:18:23.612] [info] Core [0] : Systolic PRELOAD Issue Count : 24
[2026-04-01 15:18:23.612] [info] ===== SRAM stats =====
[2026-04-01 15:18:23.612] [info]   Hits           : 13292
[2026-04-01 15:18:23.612] [info]   Misses         : 19971
[2026-04-01 15:18:23.612] [info]   Hit rate       : 0.3996
[2026-04-01 15:18:23.612] [info]   Read hits      : 13292
[2026-04-01 15:18:23.612] [info]   Write hits     : 0
[2026-04-01 15:18:23.612] [info]   Prefetches     : 5
[2026-04-01 15:18:23.612] [info]   Bytes requested: 787968
[2026-04-01 15:18:23.612] [info]   Bytes received : 787968
[2026-04-01 15:18:23.612] [info] ===== Acc-SRAM stats =====
[2026-04-01 15:18:23.612] [info]   Hits           : 8
[2026-04-01 15:18:23.612] [info]   Misses         : 1145
[2026-04-01 15:18:23.612] [info]   Hit rate       : 0.0069
[2026-04-01 15:18:23.612] [info]   Read hits      : 0
[2026-04-01 15:18:23.612] [info]   Write hits     : 8
[2026-04-01 15:18:23.612] [info]   Prefetches     : 4
[2026-04-01 15:18:23.612] [info]   Bytes requested: 1024
[2026-04-01 15:18:23.612] [info]   Bytes received : 2048
[2026-04-01 15:18:23.612] [info] Core [1] : MatMul active cycle 24 Vector active cycle 0 
[2026-04-01 15:18:23.612] [info] Core [1] : Memory unit idle cycle 4846455 Systolic bubble cycle 0 Core idle cycle 4832001 
[2026-04-01 15:18:23.612] [info] Core [1] : Systolic Array Utilization(%) 0.07 (0.00% PE util), Vector Unit Utilization(%) 0.00, Total cycle: 4848001
[2026-04-01 15:18:23.612] [info] Core [1] Tile Stats | Issued: 1 Running: 0 Finished: 1
[2026-04-01 15:18:23.612] [info] ins executed [37] ins executed per tile 37.00
[2026-04-01 15:18:23.612] [info] Core [1] : Systolic Inst Issue Count : 24
[2026-04-01 15:18:23.612] [info] Core [1] : Systolic PRELOAD Issue Count : 24
[2026-04-01 15:18:23.612] [info] ===== SRAM stats =====
[2026-04-01 15:18:23.612] [info]   Hits           : 13220
[2026-04-01 15:18:23.612] [info]   Misses         : 19922
[2026-04-01 15:18:23.612] [info]   Hit rate       : 0.3989
[2026-04-01 15:18:23.612] [info]   Read hits      : 13220
[2026-04-01 15:18:23.612] [info]   Write hits     : 0
[2026-04-01 15:18:23.612] [info]   Prefetches     : 5
[2026-04-01 15:18:23.612] [info]   Bytes requested: 787968
[2026-04-01 15:18:23.612] [info]   Bytes received : 787968
[2026-04-01 15:18:23.612] [info] ===== Acc-SRAM stats =====
[2026-04-01 15:18:23.612] [info]   Hits           : 8
[2026-04-01 15:18:23.612] [info]   Misses         : 1145
[2026-04-01 15:18:23.612] [info]   Hit rate       : 0.0069
[2026-04-01 15:18:23.612] [info]   Read hits      : 0
[2026-04-01 15:18:23.612] [info]   Write hits     : 8
[2026-04-01 15:18:23.612] [info]   Prefetches     : 4
[2026-04-01 15:18:23.612] [info]   Bytes requested: 1024
[2026-04-01 15:18:23.612] [info]   Bytes received : 2048
[2026-04-01 15:18:23.612] [info] Core [2] : MatMul active cycle 24 Vector active cycle 0 
[2026-04-01 15:18:23.612] [info] Core [2] : Memory unit idle cycle 4846455 Systolic bubble cycle 0 Core idle cycle 4832001 
[2026-04-01 15:18:23.612] [info] Core [2] : Systolic Array Utilization(%) 0.07 (0.00% PE util), Vector Unit Utilization(%) 0.00, Total cycle: 4848001
[2026-04-01 15:18:23.612] [info] Core [2] Tile Stats | Issued: 1 Running: 0 Finished: 1
[2026-04-01 15:18:23.612] [info] ins executed [37] ins executed per tile 37.00
[2026-04-01 15:18:23.612] [info] Core [2] : Systolic Inst Issue Count : 24
[2026-04-01 15:18:23.612] [info] Core [2] : Systolic PRELOAD Issue Count : 24
[2026-04-01 15:18:23.612] [info] ===== SRAM stats =====
[2026-04-01 15:18:23.612] [info]   Hits           : 421126
[2026-04-01 15:18:23.612] [info]   Misses         : 1778435
[2026-04-01 15:18:23.612] [info]   Hit rate       : 0.1915
[2026-04-01 15:18:23.612] [info]   Read hits      : 421126
[2026-04-01 15:18:23.612] [info]   Write hits     : 0
[2026-04-01 15:18:23.612] [info]   Prefetches     : 1889
[2026-04-01 15:18:23.612] [info]   Bytes requested: 225919488
[2026-04-01 15:18:23.612] [info]   Bytes received : 226214400
[2026-04-01 15:18:23.612] [info] ===== Acc-SRAM stats =====
[2026-04-01 15:18:23.612] [info]   Hits           : 7272
[2026-04-01 15:18:23.612] [info]   Misses         : 1090475
[2026-04-01 15:18:23.612] [info]   Hit rate       : 0.0066
[2026-04-01 15:18:23.612] [info]   Read hits      : 0
[2026-04-01 15:18:23.612] [info]   Write hits     : 7272
[2026-04-01 15:18:23.612] [info]   Prefetches     : 1236
[2026-04-01 15:18:23.612] [info]   Bytes requested: 132864
[2026-04-01 15:18:23.612] [info]   Bytes received : 254208
[2026-04-01 15:18:23.612] [info] Core [3] : MatMul active cycle 6840 Vector active cycle 1952 
[2026-04-01 15:18:23.612] [info] Core [3] : Memory unit idle cycle 4404929 Systolic bubble cycle 4368 Core idle cycle 48 
[2026-04-01 15:18:23.612] [info] Core [3] : Systolic Array Utilization(%) 20.80 (0.14% PE util), Vector Unit Utilization(%) 0.04, Total cycle: 4848001
[2026-04-01 15:18:23.612] [info] Core [3] Tile Stats | Issued: 637 Running: 0 Finished: 637
[2026-04-01 15:18:23.612] [info] ins executed [12561] ins executed per tile 19.72
[2026-04-01 15:18:23.612] [info] Core [3] : Systolic Inst Issue Count : 7224
[2026-04-01 15:18:23.612] [info] Core [3] : Systolic PRELOAD Issue Count : 7224
Frontend:
  impl: GEM5

[2026-04-01 15:18:23.612] [info] Row hits: 416584, Row misses: 120, Row conflicts: 30142
MemorySystem:
  impl: GenericDRAM
  total_num_other_requests: 0
  total_num_write_requests: 771
  total_num_read_requests: 446075
  memory_system_cycles: 5819928
  DRAM:
    impl: HBM2
  AddrMapper:
    impl: RoBaRaCoCh
  Controller:
    impl: Generic
    id: Channel 0
    Scheduler:
      impl: FRFCFS
    RefreshManager:
      impl: AllBank



[2026-04-01 15:18:23.612] [info] HBM2-CH_0: avg BW utilization 7% (446075 reads, 771 writes)
Frontend:
  impl: GEM5

[2026-04-01 15:18:23.612] [info] Row hits: 416402, Row misses: 118, Row conflicts: 30370
MemorySystem:
  impl: GenericDRAM
  total_num_other_requests: 0
  total_num_write_requests: 765
  total_num_read_requests: 446125
  memory_system_cycles: 5819928
  DRAM:
    impl: HBM2
  AddrMapper:
    impl: RoBaRaCoCh
  Controller:
    impl: Generic
    id: Channel 0
    Scheduler:
      impl: FRFCFS
    RefreshManager:
      impl: AllBank



Frontend:
  impl: GEM5

[2026-04-01 15:18:23.612] [info] Row hits: 416397, Row misses: 124, Row conflicts: 30369
MemorySystem:
  impl: GenericDRAM
  total_num_other_requests: 0
  total_num_write_requests: 765
  total_num_read_requests: 446125
  memory_system_cycles: 5819928
  DRAM:
    impl: HBM2
  AddrMapper:
    impl: RoBaRaCoCh
  Controller:
    impl: Generic
    id: Channel 0
    Scheduler:
      impl: FRFCFS
    RefreshManager:
      impl: AllBank



Frontend:
  impl: GEM5

[2026-04-01 15:18:23.612] [info] Row hits: 416564, Row misses: 124, Row conflicts: 30158
MemorySystem:
  impl: GenericDRAM
  total_num_other_requests: 0
  total_num_write_requests: 771
  total_num_read_requests: 446075
  memory_system_cycles: 5819928
  DRAM:
    impl: HBM2
  AddrMapper:
    impl: RoBaRaCoCh
  Controller:
    impl: Generic
    id: Channel 0
    Scheduler:
      impl: FRFCFS
    RefreshManager:
      impl: AllBank



Frontend:
  impl: GEM5

[2026-04-01 15:18:23.612] [info] Row hits: 416399, Row misses: 141, Row conflicts: 30350
MemorySystem:
  impl: GenericDRAM
  total_num_other_requests: 0
  total_num_write_requests: 765
  total_num_read_requests: 446125
  memory_system_cycles: 5819928
  DRAM:
    impl: HBM2
  AddrMapper:
    impl: RoBaRaCoCh
  Controller:
    impl: Generic
    id: Channel 0
    Scheduler:
      impl: FRFCFS
    RefreshManager:
      impl: AllBank



Frontend:
  impl: GEM5

[2026-04-01 15:18:23.612] [info] Row hits: 416633, Row misses: 138, Row conflicts: 30075
MemorySystem:
  impl: GenericDRAM
  total_num_other_requests: 0
  total_num_write_requests: 771
  total_num_read_requests: 446075
  memory_system_cycles: 5819928
  DRAM:
    impl: HBM2
  AddrMapper:
    impl: RoBaRaCoCh
  Controller:
    impl: Generic
    id: Channel 0
    Scheduler:
      impl: FRFCFS
    RefreshManager:
      impl: AllBank



Frontend:
  impl: GEM5

[2026-04-01 15:18:23.612] [info] Row hits: 416613, Row misses: 148, Row conflicts: 30085
MemorySystem:
  impl: GenericDRAM
  total_num_other_requests: 0
  total_num_write_requests: 771
  total_num_read_requests: 446075
  memory_system_cycles: 5819928
  DRAM:
    impl: HBM2
  AddrMapper:
    impl: RoBaRaCoCh
  Controller:
    impl: Generic
    id: Channel 0
    Scheduler:
      impl: FRFCFS
    RefreshManager:
      impl: AllBank



Frontend:
  impl: GEM5

[2026-04-01 15:18:23.613] [info] Row hits: 416405, Row misses: 156, Row conflicts: 30329
MemorySystem:
  impl: GenericDRAM
  total_num_other_requests: 0
  total_num_write_requests: 765
  total_num_read_requests: 446125
  memory_system_cycles: 5819928
  DRAM:
    impl: HBM2
  AddrMapper:
    impl: RoBaRaCoCh
  Controller:
    impl: Generic
    id: Channel 0
    Scheduler:
      impl: FRFCFS
    RefreshManager:
      impl: AllBank



Frontend:
  impl: GEM5

[2026-04-01 15:18:23.613] [info] Row hits: 416403, Row misses: 133, Row conflicts: 30366
MemorySystem:
  impl: GenericDRAM
  total_num_other_requests: 0
  total_num_write_requests: 765
  total_num_read_requests: 446137
  memory_system_cycles: 5819928
  DRAM:
    impl: HBM2
  AddrMapper:
    impl: RoBaRaCoCh
  Controller:
    impl: Generic
    id: Channel 0
    Scheduler:
      impl: FRFCFS
    RefreshManager:
      impl: AllBank



Frontend:
  impl: GEM5

[2026-04-01 15:18:23.613] [info] Row hits: 416539, Row misses: 130, Row conflicts: 30189
MemorySystem:
  impl: GenericDRAM
  total_num_other_requests: 0
  total_num_write_requests: 771
  total_num_read_requests: 446087
  memory_system_cycles: 5819928
  DRAM:
    impl: HBM2
  AddrMapper:
    impl: RoBaRaCoCh
  Controller:
    impl: Generic
    id: Channel 0
    Scheduler:
      impl: FRFCFS
    RefreshManager:
      impl: AllBank



Frontend:
  impl: GEM5

[2026-04-01 15:18:23.613] [info] Row hits: 416560, Row misses: 138, Row conflicts: 30160
MemorySystem:
  impl: GenericDRAM
  total_num_other_requests: 0
  total_num_write_requests: 771
  total_num_read_requests: 446087
  memory_system_cycles: 5819928
  DRAM:
    impl: HBM2
  AddrMapper:
    impl: RoBaRaCoCh
  Controller:
    impl: Generic
    id: Channel 0
    Scheduler:
      impl: FRFCFS
    RefreshManager:
      impl: AllBank



Frontend:
  impl: GEM5

[2026-04-01 15:18:23.613] [info] Row hits: 416414, Row misses: 131, Row conflicts: 30357
MemorySystem:
  impl: GenericDRAM
  total_num_other_requests: 0
  total_num_write_requests: 765
  total_num_read_requests: 446137
  memory_system_cycles: 5819928
  DRAM:
    impl: HBM2
  AddrMapper:
    impl: RoBaRaCoCh
  Controller:
    impl: Generic
    id: Channel 0
    Scheduler:
      impl: FRFCFS
    RefreshManager:
      impl: AllBank



Frontend:
  impl: GEM5

[2026-04-01 15:18:23.613] [info] Row hits: 416586, Row misses: 132, Row conflicts: 30140
MemorySystem:
  impl: GenericDRAM
  total_num_other_requests: 0
  total_num_write_requests: 771
  total_num_read_requests: 446087
  memory_system_cycles: 5819928
  DRAM:
    impl: HBM2
  AddrMapper:
    impl: RoBaRaCoCh
  Controller:
    impl: Generic
    id: Channel 0
    Scheduler:
      impl: FRFCFS
    RefreshManager:
      impl: AllBank



Frontend:
  impl: GEM5

[2026-04-01 15:18:23.613] [info] Row hits: 416391, Row misses: 138, Row conflicts: 30373
MemorySystem:
  impl: GenericDRAM
  total_num_other_requests: 0
  total_num_write_requests: 765
  total_num_read_requests: 446137
  memory_system_cycles: 5819928
  DRAM:
    impl: HBM2
  AddrMapper:
    impl: RoBaRaCoCh
  Controller:
    impl: Generic
    id: Channel 0
    Scheduler:
      impl: FRFCFS
    RefreshManager:
      impl: AllBank



Frontend:
  impl: GEM5

[2026-04-01 15:18:23.613] [info] Row hits: 416400, Row misses: 119, Row conflicts: 30383
MemorySystem:
  impl: GenericDRAM
  total_num_other_requests: 0
  total_num_write_requests: 765
  total_num_read_requests: 446137
  memory_system_cycles: 5819928
  DRAM:
    impl: HBM2
  AddrMapper:
    impl: RoBaRaCoCh
  Controller:
    impl: Generic
    id: Channel 0
    Scheduler:
      impl: FRFCFS
    RefreshManager:
      impl: AllBank



Frontend:
  impl: GEM5

[2026-04-01 15:18:23.613] [info] Row hits: 416585, Row misses: 124, Row conflicts: 30149
MemorySystem:
  impl: GenericDRAM
  total_num_other_requests: 0
  total_num_write_requests: 771
  total_num_read_requests: 446087
  memory_system_cycles: 5819928
  DRAM:
    impl: HBM2
  AddrMapper:
    impl: RoBaRaCoCh
  Controller:
    impl: Generic
    id: Channel 0
    Scheduler:
      impl: FRFCFS
    RefreshManager:
      impl: AllBank



Object Size Histogram
2176 bytes : 1632  cumulative_bytes: 3551232
2048 bytes : 1536  cumulative_bytes: 6696960
1920 bytes : 1440  cumulative_bytes: 9461760
1792 bytes : 1344  cumulative_bytes: 11870208
1664 bytes : 1248  cumulative_bytes: 13946880
1408 bytes : 1056  cumulative_bytes: 15433728
1280 bytes : 960  cumulative_bytes: 16662528
256 bytes : 10752  cumulative_bytes: 19415040
196608 bytes : 4718592  cumulative_bytes: 927732350976
1536 bytes : 18816  cumulative_bytes: 927761252352
128 bytes : 1632  cumulative_bytes: 927761461248
6144 bytes : 27648  cumulative_bytes: 927931330560
1152 bytes : 864  cumulative_bytes: 927932325888
786432 bytes : 2359296  cumulative_bytes: 2783358197760
1024 bytes : 768  cumulative_bytes: 2783358984192
384 bytes : 288  cumulative_bytes: 2783359094784
512 bytes : 384  cumulative_bytes: 2783359291392
640 bytes : 480  cumulative_bytes: 2783359598592
768 bytes : 576  cumulative_bytes: 2783360040960
896 bytes : 672  cumulative_bytes: 2783360643072
[2026-04-01 15:18:23.613] [info] Simulation time: 75.579771 seconds
[2026-04-01 15:18:23.613] [info] no.of tiles :[75.428425177]
[2026-04-01 15:18:23.613] [info] Total tile: 640, simulated tile per seconds(TPS): 8.484865
