[2026-03-12 13:28:45.363] [info] CPU 0: Partition 0
[2026-03-12 13:28:45.363] [info] CPU 1: Partition 0
[2026-03-12 13:28:45.363] [info] CPU 2: Partition 0
[2026-03-12 13:28:45.363] [info] CPU 3: Partition 0
[2026-03-12 13:28:45.363] [info] Running in language mode
[2026-03-12 13:28:45.363] [info] Simulator Configuration:
[2026-03-12 13:28:45.363] [info] [Core 0] Systolic Array Throughput: 131072 GFLOPS, Spad size: 32768 KB, Accumulator size: 4096 KB
[2026-03-12 13:28:45.363] [info] [Core 1] Systolic Array Throughput: 131072 GFLOPS, Spad size: 32768 KB, Accumulator size: 4096 KB
[2026-03-12 13:28:45.363] [info] [Core 2] Systolic Array Throughput: 131072 GFLOPS, Spad size: 32768 KB, Accumulator size: 4096 KB
[2026-03-12 13:28:45.363] [info] [Core 3] Systolic Array Throughput: 131072 GFLOPS, Spad size: 32768 KB, Accumulator size: 4096 KB
[2026-03-12 13:28:45.363] [info] DRAM Bandwidth 614 GB/s
[2026-03-12 13:28:45.363] [info] Ramulator2 config: ./configs/../configs/ramulator2_configs/HBM2.yaml
[2026-03-12 13:28:45.371] [info] Initialize SimpleInterconnect
[2026-03-12 13:28:45.372] [info] ICNT print interval: 8000 cycles
[2026-03-12 13:28:45.372] [info] num cores : [4]
[2026-03-12 13:28:45.372] [info] Register Language Model: opt-125m
[2026-03-12 13:28:45.372] [info] Tensor Parallelsim 1, Pipeline Parallelism 1
[2026-03-12 13:28:45.372] [info] Weight size: 0.09 GB
[2026-03-12 13:28:45.372] [info] Simple Language scheduler selected
[2026-03-12 13:28:45.372] [info] num layer 1 num sim layer 1
[2026-03-12 13:28:45.372] [info] has_l2,[true]
[2026-03-12 13:28:45.372] [info] ======Start Simulation=====
[2026-03-12 13:28:45.372] [info] Total Memory Usage: 0.09 GB
[2026-03-12 13:28:45.372] [info] Weight Memory Usage: 0.09 GB
[2026-03-12 13:28:45.372] [info] KV Memory Usage: 0.00 GB
[2026-03-12 13:28:45.372] [info] Activation Memory Usage: 0.00 GB
[2026-03-12 13:28:45.372] [info] [GEMM] spad_size: 33554432 accum_size: 4194304
[2026-03-12 13:28:45.372] [info] [GEMM] required_sram_size: 983040 required_accum_size: 131072
[2026-03-12 13:28:45.372] [info] [GEMM] Used gemmini gemm mapping: Total N:100 C:768 M:2304, Outer N:1 C:1 M:5, Inner N:128 C:768 M:512
[2026-03-12 13:28:45.388] [info] [GemmWs] Keys K = 768, N = 100, M = 2304
[2026-03-12 13:28:45.388] [info] [GemmWS]: total 0.3541248 GFLOPs, 0.004157952 GB
[2026-03-12 13:28:45.388] [info] [GemmWS]: Theoretical time(ms): 0.006771908829250606 Compute time: 0.002701757921386161 Memory time: 0.006771908829250606
[2026-03-12 13:28:45.391] [info] [Attention] total_spad_size_per_head: 38400 B
[2026-03-12 13:28:45.391] [info] [Attention] total_acc_size_per_head: 20000 B
[2026-03-12 13:28:45.391] [info] [Attention] q_len: 100, seq_len: 100, dk: 64, heads per tile 1
[2026-03-12 13:28:45.391] [info] [Attention] Spad size 16777216
[2026-03-12 13:28:45.391] [info] [Attention] Accum spad size 2097152
[2026-03-12 13:28:45.391] [info] Mapping info Total Loop: N1200 C64 M100 S1 R1 Q1 P1 Tile Out Loop: N12 C1 M1 S1 R1 Q1 P1 Tile In Loop: N100 C64 M100 S1 R1 Q1 P1
[2026-03-12 13:28:45.403] [info] [Attention] QK 0.01536 GFLOPs
[2026-03-12 13:28:45.403] [info] [Attention] total 0.03192 GFLOPs, 0.0006144 GB
[2026-03-12 13:28:45.403] [info] [Attention] Theoretical time(ms): 0.0010006515 Compute time: 0.0003808594 Memory time: 0.0010006515
[2026-03-12 13:28:45.403] [info] [Attention] QK compute 0.0001ms Softmax compute 0.0001ms SV compute 0.0001ms
[2026-03-12 13:28:45.403] [info] [GEMM] spad_size: 33554432 accum_size: 4194304
[2026-03-12 13:28:45.403] [info] [GEMM] required_sram_size: 393216 required_accum_size: 32768
[2026-03-12 13:28:45.403] [info] [GEMM] Used gemmini gemm mapping: Total N:100 C:768 M:768, Outer N:1 C:1 M:6, Inner N:128 C:768 M:128
[2026-03-12 13:28:45.411] [info] [GemmWs] Keys K = 768, N = 100, M = 768
[2026-03-12 13:28:45.411] [info] [GemmWS]: total 0.118041605 GFLOPs, 0.001488384 GB
[2026-03-12 13:28:45.411] [info] [GemmWS]: Theoretical time(ms): 0.002424078047624789 Compute time: 0.000900585973795387 Memory time: 0.002424078047624789
[2026-03-12 13:28:45.411] [info] [SkipLayerNorm] tokens_per_tile: 13
[2026-03-12 13:28:45.411] [info] [GEMM] spad_size: 33554432 accum_size: 4194304
[2026-03-12 13:28:45.411] [info] [GEMM] required_sram_size: 983040 required_accum_size: 131072
[2026-03-12 13:28:45.411] [info] [GEMM] Used gemmini gemm mapping: Total N:100 C:768 M:3072, Outer N:1 C:1 M:6, Inner N:128 C:768 M:512
[2026-03-12 13:28:45.432] [info] [GemmWs] Keys K = 768, N = 100, M = 3072
[2026-03-12 13:28:45.432] [info] [GemmWS]: total 0.47185922 GFLOPs, 0.005486592 GB
[2026-03-12 13:28:45.432] [info] [GemmWS]: Theoretical time(ms): 0.008935818186728284 Compute time: 0.003600000127335079 Memory time: 0.008935818186728284
[2026-03-12 13:28:45.432] [info] [BiasAct] tokens_per_tile: 13
[2026-03-12 13:28:45.434] [info] [GEMM] spad_size: 33554432 accum_size: 4194304
[2026-03-12 13:28:45.434] [info] [GEMM] required_sram_size: 1572864 required_accum_size: 32768
[2026-03-12 13:28:45.434] [info] [GEMM] Used gemmini gemm mapping: Total N:100 C:3072 M:768, Outer N:1 C:1 M:6, Inner N:128 C:3072 M:128
[2026-03-12 13:28:45.468] [info] [GemmWs] Keys K = 3072, N = 100, M = 768
[2026-03-12 13:28:45.468] [info] [GemmWS]: total 0.47193602 GFLOPs, 0.0054881284 GB
[2026-03-12 13:28:45.468] [info] [GemmWS]: Theoretical time(ms): 0.008938320206652861 Compute time: 0.0036005860692966962 Memory time: 0.008938320206652861
[2026-03-12 13:28:45.468] [info] [SkipLayerNorm] tokens_per_tile: 13
[2026-03-12 13:28:45.468] [info]  Model initialization time: 0.096055 seconds
[2026-03-12 13:28:45.468] [info] Schedule model: opt-125m at 1000 us
[2026-03-12 13:28:45.468] [info] MODEL opt-125m Scheduled, Total Request: 1
[2026-03-12 13:28:45.468] [info] executable layer count 1
[2026-03-12 13:28:45.468] [info] Start layer layer0.attn.QKVgen
[2026-03-12 13:28:45.468] [info] HBM2-CH_0: BW utilization 0% (0 reads, 0 writes)
[2026-03-12 13:28:46.025] [info] Core [0] Tile Stats | Issued: 2 Running: 2 Finished: 0
[2026-03-12 13:28:46.025] [info] cycle: [8000]
[2026-03-12 13:28:46.025] [info] Core [1] Tile Stats | Issued: 1 Running: 1 Finished: 0
[2026-03-12 13:28:46.025] [info] cycle: [8000]
[2026-03-12 13:28:46.025] [info] Core [2] Tile Stats | Issued: 1 Running: 1 Finished: 0
[2026-03-12 13:28:46.025] [info] cycle: [8000]
[2026-03-12 13:28:46.025] [info] Core [3] Tile Stats | Issued: 1 Running: 1 Finished: 0
[2026-03-12 13:28:46.025] [info] cycle: [8000]
[2026-03-12 13:28:46.025] [info] [ICNT] Core->ICNT request 538GB/Sec,134736
[2026-03-12 13:28:46.025] [info] [ICNT] Core<-ICNT request 404GB/Sec,101170
[2026-03-12 13:28:46.025] [info] [ICNT] ICNT->MEM request 0GB/Sec,0
[2026-03-12 13:28:46.025] [info] [ICNT] ICNT<-MEM request 0GB/Sec,0
[2026-03-12 13:28:46.461] [info] Layer layer0.attn.QKVgen finish at 14346
[2026-03-12 13:28:46.461] [info] Total compute time 14346
[2026-03-12 13:28:46.461] [info] executable layer count 1
[2026-03-12 13:28:46.461] [info] Start layer layer0.attn.KVccat
[2026-03-12 13:28:46.461] [info] Layer layer0.attn.KVccat finish at 14347
[2026-03-12 13:28:46.461] [info] Total compute time 1
[2026-03-12 13:28:46.461] [info] executable layer count 1
[2026-03-12 13:28:46.461] [info] Start layer layer0.attn.Attention.0
[2026-03-12 13:28:46.526] [info] Core [0] Tile Stats | Issued: 4 Running: 2 Finished: 2
[2026-03-12 13:28:46.526] [info] cycle: [16000]
[2026-03-12 13:28:46.526] [info] Core [1] Tile Stats | Issued: 4 Running: 2 Finished: 2
[2026-03-12 13:28:46.526] [info] cycle: [16000]
[2026-03-12 13:28:46.526] [info] Core [2] Tile Stats | Issued: 3 Running: 2 Finished: 1
[2026-03-12 13:28:46.526] [info] cycle: [16000]
[2026-03-12 13:28:46.526] [info] Core [3] Tile Stats | Issued: 3 Running: 2 Finished: 1
[2026-03-12 13:28:46.526] [info] cycle: [16000]
[2026-03-12 13:28:46.526] [info] [ICNT] Core->ICNT request 96GB/Sec,24000
[2026-03-12 13:28:46.526] [info] [ICNT] Core<-ICNT request 230GB/Sec,57566
[2026-03-12 13:28:46.526] [info] [ICNT] ICNT->MEM request 0GB/Sec,0
[2026-03-12 13:28:46.526] [info] [ICNT] ICNT<-MEM request 0GB/Sec,0
[2026-03-12 13:28:46.595] [info] Layer layer0.attn.Attention.0 finish at 18175
[2026-03-12 13:28:46.595] [info] Total compute time 3828
[2026-03-12 13:28:46.595] [info] executable layer count 1
[2026-03-12 13:28:46.595] [info] Start layer layer0.attn.Atccat
[2026-03-12 13:28:46.595] [info] Layer layer0.attn.Atccat finish at 18176
[2026-03-12 13:28:46.595] [info] Total compute time 1
[2026-03-12 13:28:46.595] [info] executable layer count 1
[2026-03-12 13:28:46.595] [info] Start layer layer0.attn.proj
[2026-03-12 13:28:46.810] [info] Core [0] Tile Stats | Issued: 6 Running: 1 Finished: 5
[2026-03-12 13:28:46.810] [info] cycle: [24000]
[2026-03-12 13:28:46.810] [info] Core [1] Tile Stats | Issued: 6 Running: 0 Finished: 6
[2026-03-12 13:28:46.810] [info] cycle: [24000]
[2026-03-12 13:28:46.810] [info] Core [2] Tile Stats | Issued: 7 Running: 1 Finished: 6
[2026-03-12 13:28:46.810] [info] cycle: [24000]
[2026-03-12 13:28:46.810] [info] Core [3] Tile Stats | Issued: 6 Running: 1 Finished: 5
[2026-03-12 13:28:46.810] [info] cycle: [24000]
[2026-03-12 13:28:46.810] [info] [ICNT] Core->ICNT request 310GB/Sec,77712
[2026-03-12 13:28:46.810] [info] [ICNT] Core<-ICNT request 310GB/Sec,77712
[2026-03-12 13:28:46.810] [info] [ICNT] ICNT->MEM request 0GB/Sec,0
[2026-03-12 13:28:46.810] [info] [ICNT] ICNT<-MEM request 0GB/Sec,0
[2026-03-12 13:28:46.811] [info] Layer layer0.attn.proj finish at 24047
[2026-03-12 13:28:46.811] [info] Total compute time 5871
[2026-03-12 13:28:46.811] [info] executable layer count 1
[2026-03-12 13:28:46.811] [info] Start layer layer0.attn.ln
[2026-03-12 13:28:46.896] [info] Layer layer0.attn.ln finish at 25420
[2026-03-12 13:28:46.896] [info] Total compute time 1373
[2026-03-12 13:28:46.896] [info] executable layer count 1
[2026-03-12 13:28:46.896] [info] Start layer layer0.ffn.fc1
[2026-03-12 13:28:47.442] [info] Core [0] Tile Stats | Issued: 9 Running: 2 Finished: 7
[2026-03-12 13:28:47.442] [info] cycle: [32000]
[2026-03-12 13:28:47.442] [info] Core [1] Tile Stats | Issued: 11 Running: 2 Finished: 9
[2026-03-12 13:28:47.442] [info] cycle: [32000]
[2026-03-12 13:28:47.442] [info] Core [2] Tile Stats | Issued: 10 Running: 1 Finished: 9
[2026-03-12 13:28:47.442] [info] cycle: [32000]
[2026-03-12 13:28:47.442] [info] Core [3] Tile Stats | Issued: 9 Running: 1 Finished: 8
[2026-03-12 13:28:47.442] [info] cycle: [32000]
[2026-03-12 13:28:47.442] [info] [ICNT] Core->ICNT request 772GB/Sec,193056
[2026-03-12 13:28:47.442] [info] [ICNT] Core<-ICNT request 420GB/Sec,105034
[2026-03-12 13:28:47.442] [info] [ICNT] ICNT->MEM request 0GB/Sec,0
[2026-03-12 13:28:47.442] [info] [ICNT] ICNT<-MEM request 0GB/Sec,0
[2026-03-12 13:28:48.081] [info] Core [0] Tile Stats | Issued: 9 Running: 1 Finished: 8
[2026-03-12 13:28:48.081] [info] cycle: [40000]
[2026-03-12 13:28:48.081] [info] Core [1] Tile Stats | Issued: 11 Running: 1 Finished: 10
[2026-03-12 13:28:48.081] [info] cycle: [40000]
[2026-03-12 13:28:48.081] [info] Core [2] Tile Stats | Issued: 10 Running: 0 Finished: 10
[2026-03-12 13:28:48.081] [info] cycle: [40000]
[2026-03-12 13:28:48.081] [info] Core [3] Tile Stats | Issued: 9 Running: 0 Finished: 9
[2026-03-12 13:28:48.081] [info] cycle: [40000]
[2026-03-12 13:28:48.081] [info] [ICNT] Core->ICNT request 51GB/Sec,12800
[2026-03-12 13:28:48.081] [info] [ICNT] Core<-ICNT request 381GB/Sec,95493
[2026-03-12 13:28:48.081] [info] [ICNT] ICNT->MEM request 0GB/Sec,0
[2026-03-12 13:28:48.081] [info] [ICNT] ICNT<-MEM request 0GB/Sec,0
[2026-03-12 13:28:48.291] [info] Layer layer0.ffn.fc1 finish at 42903
[2026-03-12 13:28:48.291] [info] Total compute time 17483
[2026-03-12 13:28:48.291] [info] executable layer count 1
[2026-03-12 13:28:48.291] [info] Start layer layer0.ffn.act
[2026-03-12 13:28:48.597] [info] Layer layer0.ffn.act finish at 46725
[2026-03-12 13:28:48.597] [info] Total compute time 3822
[2026-03-12 13:28:48.597] [info] executable layer count 1
[2026-03-12 13:28:48.597] [info] Start layer layer0.ffn.fc2
[2026-03-12 13:28:48.702] [info] Core [0] Tile Stats | Issued: 12 Running: 1 Finished: 11
[2026-03-12 13:28:48.703] [info] cycle: [48000]
[2026-03-12 13:28:48.703] [info] Core [1] Tile Stats | Issued: 14 Running: 2 Finished: 12
[2026-03-12 13:28:48.703] [info] cycle: [48000]
[2026-03-12 13:28:48.703] [info] Core [2] Tile Stats | Issued: 14 Running: 1 Finished: 13
[2026-03-12 13:28:48.703] [info] cycle: [48000]
[2026-03-12 13:28:48.703] [info] Core [3] Tile Stats | Issued: 13 Running: 2 Finished: 11
[2026-03-12 13:28:48.703] [info] cycle: [48000]
[2026-03-12 13:28:48.703] [info] [ICNT] Core->ICNT request 504GB/Sec,126120
[2026-03-12 13:28:48.703] [info] [ICNT] Core<-ICNT request 262GB/Sec,65647
[2026-03-12 13:28:48.703] [info] [ICNT] ICNT->MEM request 0GB/Sec,0
[2026-03-12 13:28:48.703] [info] [ICNT] ICNT<-MEM request 0GB/Sec,0
[2026-03-12 13:28:49.397] [info] Core [0] Tile Stats | Issued: 12 Running: 1 Finished: 11
[2026-03-12 13:28:49.397] [info] cycle: [56000]
[2026-03-12 13:28:49.397] [info] Core [1] Tile Stats | Issued: 14 Running: 2 Finished: 12
[2026-03-12 13:28:49.397] [info] cycle: [56000]
[2026-03-12 13:28:49.397] [info] Core [2] Tile Stats | Issued: 14 Running: 1 Finished: 13
[2026-03-12 13:28:49.397] [info] cycle: [56000]
[2026-03-12 13:28:49.397] [info] Core [3] Tile Stats | Issued: 13 Running: 2 Finished: 11
[2026-03-12 13:28:49.397] [info] cycle: [56000]
[2026-03-12 13:28:49.397] [info] [ICNT] Core->ICNT request 731GB/Sec,182920
[2026-03-12 13:28:49.397] [info] [ICNT] Core<-ICNT request 480GB/Sec,120210
[2026-03-12 13:28:49.397] [info] [ICNT] ICNT->MEM request 0GB/Sec,0
[2026-03-12 13:28:49.397] [info] [ICNT] ICNT<-MEM request 0GB/Sec,0
[2026-03-12 13:28:49.965] [info] Core [0] Tile Stats | Issued: 12 Running: 0 Finished: 12
[2026-03-12 13:28:49.965] [info] cycle: [64000]
[2026-03-12 13:28:49.965] [info] Core [1] Tile Stats | Issued: 14 Running: 1 Finished: 13
[2026-03-12 13:28:49.965] [info] cycle: [64000]
[2026-03-12 13:28:49.965] [info] Core [2] Tile Stats | Issued: 14 Running: 0 Finished: 14
[2026-03-12 13:28:49.965] [info] cycle: [64000]
[2026-03-12 13:28:49.965] [info] Core [3] Tile Stats | Issued: 13 Running: 1 Finished: 12
[2026-03-12 13:28:49.965] [info] cycle: [64000]
[2026-03-12 13:28:49.965] [info] [ICNT] Core->ICNT request 12GB/Sec,3200
[2026-03-12 13:28:49.965] [info] [ICNT] Core<-ICNT request 494GB/Sec,123634
[2026-03-12 13:28:49.965] [info] [ICNT] ICNT->MEM request 0GB/Sec,0
[2026-03-12 13:28:49.965] [info] [ICNT] ICNT<-MEM request 0GB/Sec,0
[2026-03-12 13:28:50.044] [info] Layer layer0.ffn.fc2 finish at 68338
[2026-03-12 13:28:50.044] [info] Total compute time 21613
[2026-03-12 13:28:50.044] [info] executable layer count 1
[2026-03-12 13:28:50.044] [info] Start layer layer0.ffn.ln
[2026-03-12 13:28:50.122] [info] Layer layer0.ffn.ln finish at 69587
[2026-03-12 13:28:50.122] [info] Total compute time 1249
[2026-03-12 13:28:50.122] [info] Model[opt-125m] Request: 0 us, Start: 0 us, finish:69 us, Current Cycle:69587
[2026-03-12 13:28:50.122] [info] Request 0 completed in 69587 cycles
[2026-03-12 13:28:50.122] [info] No total_seq_len!
[2026-03-12 13:28:50.126] [info] Simulation Finished at 69735 cycle 69 us
Frontend:
  impl: GEM5

[2026-03-12 13:28:50.127] [info] Row hits: 45106, Row misses: 467, Row conflicts: 7189
MemorySystem:
  impl: GenericDRAM
  total_num_other_requests: 0
  total_num_write_requests: 9603
  total_num_read_requests: 43321
  memory_system_cycles: 83715
  DRAM:
    impl: HBM2
  AddrMapper:
    impl: RoBaRaCoCh
  Controller:
    impl: Generic
    id: Channel 0
    Scheduler:
      impl: FRFCFS
    RefreshManager:
      impl: AllBank



[2026-03-12 13:28:50.127] [info] HBM2-CH_0: avg BW utilization 63% (43321 reads, 9603 writes)
Frontend:
  impl: GEM5

[2026-03-12 13:28:50.127] [info] Row hits: 44823, Row misses: 378, Row conflicts: 7492
MemorySystem:
  impl: GenericDRAM
  total_num_other_requests: 0
  total_num_write_requests: 9595
  total_num_read_requests: 43282
  memory_system_cycles: 83715
  DRAM:
    impl: HBM2
  AddrMapper:
    impl: RoBaRaCoCh
  Controller:
    impl: Generic
    id: Channel 0
    Scheduler:
      impl: FRFCFS
    RefreshManager:
      impl: AllBank



Frontend:
  impl: GEM5

[2026-03-12 13:28:50.127] [info] Row hits: 44916, Row misses: 366, Row conflicts: 7429
MemorySystem:
  impl: GenericDRAM
  total_num_other_requests: 0
  total_num_write_requests: 9594
  total_num_read_requests: 43295
  memory_system_cycles: 83715
  DRAM:
    impl: HBM2
  AddrMapper:
    impl: RoBaRaCoCh
  Controller:
    impl: Generic
    id: Channel 0
    Scheduler:
      impl: FRFCFS
    RefreshManager:
      impl: AllBank



Frontend:
  impl: GEM5

[2026-03-12 13:28:50.127] [info] Row hits: 45164, Row misses: 484, Row conflicts: 7130
MemorySystem:
  impl: GenericDRAM
  total_num_other_requests: 0
  total_num_write_requests: 9602
  total_num_read_requests: 43345
  memory_system_cycles: 83715
  DRAM:
    impl: HBM2
  AddrMapper:
    impl: RoBaRaCoCh
  Controller:
    impl: Generic
    id: Channel 0
    Scheduler:
      impl: FRFCFS
    RefreshManager:
      impl: AllBank



Frontend:
  impl: GEM5

[2026-03-12 13:28:50.127] [info] Row hits: 45305, Row misses: 357, Row conflicts: 7049
MemorySystem:
  impl: GenericDRAM
  total_num_other_requests: 0
  total_num_write_requests: 9594
  total_num_read_requests: 43301
  memory_system_cycles: 83715
  DRAM:
    impl: HBM2
  AddrMapper:
    impl: RoBaRaCoCh
  Controller:
    impl: Generic
    id: Channel 0
    Scheduler:
      impl: FRFCFS
    RefreshManager:
      impl: AllBank



Frontend:
  impl: GEM5

[2026-03-12 13:28:50.127] [info] Row hits: 45255, Row misses: 436, Row conflicts: 7064
MemorySystem:
  impl: GenericDRAM
  total_num_other_requests: 0
  total_num_write_requests: 9602
  total_num_read_requests: 43336
  memory_system_cycles: 83715
  DRAM:
    impl: HBM2
  AddrMapper:
    impl: RoBaRaCoCh
  Controller:
    impl: Generic
    id: Channel 0
    Scheduler:
      impl: FRFCFS
    RefreshManager:
      impl: AllBank



Frontend:
  impl: GEM5

[2026-03-12 13:28:50.127] [info] Row hits: 45164, Row misses: 407, Row conflicts: 7178
MemorySystem:
  impl: GenericDRAM
  total_num_other_requests: 0
  total_num_write_requests: 9603
  total_num_read_requests: 43322
  memory_system_cycles: 83715
  DRAM:
    impl: HBM2
  AddrMapper:
    impl: RoBaRaCoCh
  Controller:
    impl: Generic
    id: Channel 0
    Scheduler:
      impl: FRFCFS
    RefreshManager:
      impl: AllBank



Frontend:
  impl: GEM5

[2026-03-12 13:28:50.127] [info] Row hits: 44983, Row misses: 409, Row conflicts: 7324
MemorySystem:
  impl: GenericDRAM
  total_num_other_requests: 0
  total_num_write_requests: 9594
  total_num_read_requests: 43298
  memory_system_cycles: 83715
  DRAM:
    impl: HBM2
  AddrMapper:
    impl: RoBaRaCoCh
  Controller:
    impl: Generic
    id: Channel 0
    Scheduler:
      impl: FRFCFS
    RefreshManager:
      impl: AllBank



Frontend:
  impl: GEM5

[2026-03-12 13:28:50.127] [info] Row hits: 44832, Row misses: 425, Row conflicts: 7460
MemorySystem:
  impl: GenericDRAM
  total_num_other_requests: 0
  total_num_write_requests: 9593
  total_num_read_requests: 43298
  memory_system_cycles: 83715
  DRAM:
    impl: HBM2
  AddrMapper:
    impl: RoBaRaCoCh
  Controller:
    impl: Generic
    id: Channel 0
    Scheduler:
      impl: FRFCFS
    RefreshManager:
      impl: AllBank



Frontend:
  impl: GEM5

[2026-03-12 13:28:50.127] [info] Row hits: 45311, Row misses: 486, Row conflicts: 6958
MemorySystem:
  impl: GenericDRAM
  total_num_other_requests: 0
  total_num_write_requests: 9602
  total_num_read_requests: 43319
  memory_system_cycles: 83715
  DRAM:
    impl: HBM2
  AddrMapper:
    impl: RoBaRaCoCh
  Controller:
    impl: Generic
    id: Channel 0
    Scheduler:
      impl: FRFCFS
    RefreshManager:
      impl: AllBank



Frontend:
  impl: GEM5

[2026-03-12 13:28:50.127] [info] Row hits: 45420, Row misses: 352, Row conflicts: 7002
MemorySystem:
  impl: GenericDRAM
  total_num_other_requests: 0
  total_num_write_requests: 9603
  total_num_read_requests: 43335
  memory_system_cycles: 83715
  DRAM:
    impl: HBM2
  AddrMapper:
    impl: RoBaRaCoCh
  Controller:
    impl: Generic
    id: Channel 0
    Scheduler:
      impl: FRFCFS
    RefreshManager:
      impl: AllBank



Frontend:
  impl: GEM5

[2026-03-12 13:28:50.127] [info] Row hits: 44889, Row misses: 387, Row conflicts: 7417
MemorySystem:
  impl: GenericDRAM
  total_num_other_requests: 0
  total_num_write_requests: 9594
  total_num_read_requests: 43283
  memory_system_cycles: 83715
  DRAM:
    impl: HBM2
  AddrMapper:
    impl: RoBaRaCoCh
  Controller:
    impl: Generic
    id: Channel 0
    Scheduler:
      impl: FRFCFS
    RefreshManager:
      impl: AllBank



Frontend:
  impl: GEM5

[2026-03-12 13:28:50.127] [info] Row hits: 45390, Row misses: 381, Row conflicts: 7019
MemorySystem:
  impl: GenericDRAM
  total_num_other_requests: 0
  total_num_write_requests: 9602
  total_num_read_requests: 43333
  memory_system_cycles: 83715
  DRAM:
    impl: HBM2
  AddrMapper:
    impl: RoBaRaCoCh
  Controller:
    impl: Generic
    id: Channel 0
    Scheduler:
      impl: FRFCFS
    RefreshManager:
      impl: AllBank



Frontend:
  impl: GEM5

[2026-03-12 13:28:50.127] [info] Row hits: 44843, Row misses: 397, Row conflicts: 7473
MemorySystem:
  impl: GenericDRAM
  total_num_other_requests: 0
  total_num_write_requests: 9594
  total_num_read_requests: 43295
  memory_system_cycles: 83715
  DRAM:
    impl: HBM2
  AddrMapper:
    impl: RoBaRaCoCh
  Controller:
    impl: Generic
    id: Channel 0
    Scheduler:
      impl: FRFCFS
    RefreshManager:
      impl: AllBank



Frontend:
  impl: GEM5

[2026-03-12 13:28:50.127] [info] Row hits: 44934, Row misses: 354, Row conflicts: 7419
MemorySystem:
  impl: GenericDRAM
  total_num_other_requests: 0
  total_num_write_requests: 9594
  total_num_read_requests: 43294
  memory_system_cycles: 83715
  DRAM:
    impl: HBM2
  AddrMapper:
    impl: RoBaRaCoCh
  Controller:
    impl: Generic
    id: Channel 0
    Scheduler:
      impl: FRFCFS
    RefreshManager:
      impl: AllBank



Frontend:
  impl: GEM5

[2026-03-12 13:28:50.127] [info] Row hits: 45357, Row misses: 407, Row conflicts: 7020
MemorySystem:
  impl: GenericDRAM
  total_num_other_requests: 0
  total_num_write_requests: 9602
  total_num_read_requests: 43332
  memory_system_cycles: 83715
  DRAM:
    impl: HBM2
  AddrMapper:
    impl: RoBaRaCoCh
  Controller:
    impl: Generic
    id: Channel 0
    Scheduler:
      impl: FRFCFS
    RefreshManager:
      impl: AllBank



[2026-03-12 13:28:50.127] [info] ===== L2 BANK 0 =====
[2026-03-12 13:28:50.127] [info] Total cycles: 83715
[2026-03-12 13:28:50.127] [info] Hits:55 Misses:48123 HitRate:0.0011
[2026-03-12 13:28:50.127] [info] ReadHits:55 WriteHits:0
[2026-03-12 13:28:50.127] [info] Evictions:48086 Writebacks:4801
[2026-03-12 13:28:50.127] [info] ===== L2 BANK 1 =====
[2026-03-12 13:28:50.127] [info] Total cycles: 83715
[2026-03-12 13:28:50.127] [info] Hits:60 Misses:48080 HitRate:0.0012
[2026-03-12 13:28:50.127] [info] ReadHits:60 WriteHits:0
[2026-03-12 13:28:50.127] [info] Evictions:48043 Writebacks:4797
[2026-03-12 13:28:50.127] [info] ===== L2 BANK 2 =====
[2026-03-12 13:28:50.127] [info] Total cycles: 83715
[2026-03-12 13:28:50.127] [info] Hits:47 Misses:48093 HitRate:0.0010
[2026-03-12 13:28:50.127] [info] ReadHits:47 WriteHits:0
[2026-03-12 13:28:50.127] [info] Evictions:48056 Writebacks:4796
[2026-03-12 13:28:50.127] [info] ===== L2 BANK 3 =====
[2026-03-12 13:28:50.127] [info] Total cycles: 83715
[2026-03-12 13:28:50.127] [info] Hits:31 Misses:48147 HitRate:0.0006
[2026-03-12 13:28:50.127] [info] ReadHits:31 WriteHits:0
[2026-03-12 13:28:50.127] [info] Evictions:48110 Writebacks:4800
[2026-03-12 13:28:50.127] [info] ===== L2 BANK 4 =====
[2026-03-12 13:28:50.127] [info] Total cycles: 83715
[2026-03-12 13:28:50.127] [info] Hits:41 Misses:48099 HitRate:0.0009
[2026-03-12 13:28:50.127] [info] ReadHits:41 WriteHits:0
[2026-03-12 13:28:50.127] [info] Evictions:48062 Writebacks:4796
[2026-03-12 13:28:50.127] [info] ===== L2 BANK 5 =====
[2026-03-12 13:28:50.127] [info] Total cycles: 83715
[2026-03-12 13:28:50.127] [info] Hits:40 Misses:48138 HitRate:0.0008
[2026-03-12 13:28:50.127] [info] ReadHits:40 WriteHits:0
[2026-03-12 13:28:50.127] [info] Evictions:48090 Writebacks:4800
[2026-03-12 13:28:50.127] [info] ===== L2 BANK 6 =====
[2026-03-12 13:28:50.127] [info] Total cycles: 83715
[2026-03-12 13:28:50.127] [info] Hits:54 Misses:48124 HitRate:0.0011
[2026-03-12 13:28:50.127] [info] ReadHits:54 WriteHits:0
[2026-03-12 13:28:50.127] [info] Evictions:48075 Writebacks:4801
[2026-03-12 13:28:50.127] [info] ===== L2 BANK 7 =====
[2026-03-12 13:28:50.127] [info] Total cycles: 83715
[2026-03-12 13:28:50.127] [info] Hits:44 Misses:48096 HitRate:0.0009
[2026-03-12 13:28:50.127] [info] ReadHits:44 WriteHits:0
[2026-03-12 13:28:50.127] [info] Evictions:48070 Writebacks:4796
[2026-03-12 13:28:50.127] [info] ===== L2 BANK 8 =====
[2026-03-12 13:28:50.127] [info] Total cycles: 83715
[2026-03-12 13:28:50.127] [info] Hits:44 Misses:48096 HitRate:0.0009
[2026-03-12 13:28:50.127] [info] ReadHits:44 WriteHits:0
[2026-03-12 13:28:50.127] [info] Evictions:48070 Writebacks:4795
[2026-03-12 13:28:50.127] [info] ===== L2 BANK 9 =====
[2026-03-12 13:28:50.127] [info] Total cycles: 83715
[2026-03-12 13:28:50.127] [info] Hits:57 Misses:48121 HitRate:0.0012
[2026-03-12 13:28:50.127] [info] ReadHits:57 WriteHits:0
[2026-03-12 13:28:50.127] [info] Evictions:48073 Writebacks:4800
[2026-03-12 13:28:50.127] [info] ===== L2 BANK 10 =====
[2026-03-12 13:28:50.127] [info] Total cycles: 83715
[2026-03-12 13:28:50.127] [info] Hits:41 Misses:48137 HitRate:0.0009
[2026-03-12 13:28:50.127] [info] ReadHits:41 WriteHits:0
[2026-03-12 13:28:50.127] [info] Evictions:48089 Writebacks:4801
[2026-03-12 13:28:50.127] [info] ===== L2 BANK 11 =====
[2026-03-12 13:28:50.127] [info] Total cycles: 83715
[2026-03-12 13:28:50.127] [info] Hits:59 Misses:48081 HitRate:0.0012
[2026-03-12 13:28:50.127] [info] ReadHits:59 WriteHits:0
[2026-03-12 13:28:50.127] [info] Evictions:48044 Writebacks:4796
[2026-03-12 13:28:50.127] [info] ===== L2 BANK 12 =====
[2026-03-12 13:28:50.127] [info] Total cycles: 83715
[2026-03-12 13:28:50.127] [info] Hits:43 Misses:48135 HitRate:0.0009
[2026-03-12 13:28:50.127] [info] ReadHits:43 WriteHits:0
[2026-03-12 13:28:50.127] [info] Evictions:48098 Writebacks:4800
[2026-03-12 13:28:50.127] [info] ===== L2 BANK 13 =====
[2026-03-12 13:28:50.127] [info] Total cycles: 83715
[2026-03-12 13:28:50.127] [info] Hits:47 Misses:48093 HitRate:0.0010
[2026-03-12 13:28:50.127] [info] ReadHits:47 WriteHits:0
[2026-03-12 13:28:50.127] [info] Evictions:48056 Writebacks:4796
[2026-03-12 13:28:50.127] [info] ===== L2 BANK 14 =====
[2026-03-12 13:28:50.127] [info] Total cycles: 83715
[2026-03-12 13:28:50.127] [info] Hits:48 Misses:48092 HitRate:0.0010
[2026-03-12 13:28:50.127] [info] ReadHits:48 WriteHits:0
[2026-03-12 13:28:50.127] [info] Evictions:48055 Writebacks:4796
[2026-03-12 13:28:50.127] [info] ===== L2 BANK 15 =====
[2026-03-12 13:28:50.127] [info] Total cycles: 83715
[2026-03-12 13:28:50.127] [info] Hits:44 Misses:48134 HitRate:0.0009
[2026-03-12 13:28:50.127] [info] ReadHits:44 WriteHits:0
[2026-03-12 13:28:50.127] [info] Evictions:48108 Writebacks:4800
[2026-03-12 13:28:50.135] [info] Register Language Model: llama3-8b
[2026-03-12 13:28:50.135] [info] Tensor Parallelsim 1, Pipeline Parallelism 1
[2026-03-12 13:28:50.135] [info] Weight size: 13.98 GB
[2026-03-12 13:28:50.135] [info] Simple Language scheduler selected
[2026-03-12 13:28:50.135] [info] num layer 32 num sim layer 1
[2026-03-12 13:28:50.135] [info] has_l2,[true]
[2026-03-12 13:28:50.135] [info] ======Start Simulation=====
[2026-03-12 13:28:50.135] [info] Total Memory Usage: 13.99 GB
[2026-03-12 13:28:50.135] [info] Weight Memory Usage: 13.98 GB
[2026-03-12 13:28:50.135] [info] KV Memory Usage: 0.00 GB
[2026-03-12 13:28:50.135] [info] Activation Memory Usage: 0.01 GB
[2026-03-12 13:28:50.135] [info] [GEMM] spad_size: 33554432 accum_size: 4194304
[2026-03-12 13:28:50.135] [info] [GEMM] required_sram_size: 5242880 required_accum_size: 131072
[2026-03-12 13:28:50.135] [info] [GEMM] Used gemmini gemm mapping: Total N:100 C:4096 M:6144, Outer N:1 C:1 M:12, Inner N:128 C:4096 M:512
[2026-03-12 13:28:50.457] [info] [GemmWs] Keys K = 4096, N = 100, M = 6144
[2026-03-12 13:28:50.457] [info] [GemmWS]: total 5.033779 GFLOPs, 0.05239194 GB
[2026-03-12 13:28:50.457] [info] [GemmWS]: Theoretical time(ms): 0.08532888750778511 Compute time: 0.03840468707494438 Memory time: 0.08532888750778511
[2026-03-12 13:28:50.464] [info] [Attention] total_spad_size_per_head: 153600 B
[2026-03-12 13:28:50.464] [info] [Attention] total_acc_size_per_head: 20000 B
[2026-03-12 13:28:50.464] [info] [Attention] q_len: 100, seq_len: 100, dk: 128, heads per tile 4
[2026-03-12 13:28:50.464] [info] [Attention] Spad size 16777216
[2026-03-12 13:28:50.464] [info] [Attention] Accum spad size 2097152
[2026-03-12 13:28:50.464] [info] Mapping info Total Loop: N3200 C128 M100 S1 R1 Q1 P1 Tile Out Loop: N8 C1 M1 S1 R1 Q1 P1 Tile In Loop: N400 C128 M100 S1 R1 Q1 P1
[2026-03-12 13:28:50.525] [info] [Attention] QK 0.08192 GFLOPs
[2026-03-12 13:28:50.525] [info] [Attention] total 0.16703999 GFLOPs, 0.002048 GB
[2026-03-12 13:28:50.525] [info] [Attention] Theoretical time(ms): 0.003335505 Compute time: 0.001640625 Memory time: 0.003335505
[2026-03-12 13:28:50.525] [info] [Attention] QK compute 0.0006ms Softmax compute 0.0004ms SV compute 0.0006ms
[2026-03-12 13:28:50.525] [info] [GEMM] spad_size: 33554432 accum_size: 4194304
[2026-03-12 13:28:50.525] [info] [GEMM] required_sram_size: 4194304 required_accum_size: 98304
[2026-03-12 13:28:50.525] [info] [GEMM] Used gemmini gemm mapping: Total N:100 C:4096 M:4096, Outer N:1 C:1 M:11, Inner N:128 C:4096 M:384
[2026-03-12 13:28:50.725] [info] [GemmWs] Keys K = 4096, N = 100, M = 4096
[2026-03-12 13:28:50.725] [info] [GemmWS]: total 3.355853 GFLOPs, 0.035201024 GB
[2026-03-12 13:28:50.725] [info] [GemmWS]: Theoretical time(ms): 0.057330657000420615 Compute time: 0.02560312714194879 Memory time: 0.057330657000420615
[2026-03-12 13:28:50.725] [info] [SkipLayerNorm] tokens_per_tile: 13
[2026-03-12 13:28:50.732] [info] [GEMM] spad_size: 33554432 accum_size: 4194304
[2026-03-12 13:28:50.732] [info] [GEMM] required_sram_size: 5242880 required_accum_size: 131072
[2026-03-12 13:28:50.732] [info] [GEMM] Used gemmini gemm mapping: Total N:100 C:4096 M:28672, Outer N:1 C:1 M:56, Inner N:128 C:4096 M:512
[2026-03-12 13:28:52.038] [info] [GemmWs] Keys K = 4096, N = 100, M = 28672
[2026-03-12 13:28:52.038] [info] [GemmWS]: total 23.488104 GFLOPs, 0.24143462 GB
[2026-03-12 13:28:52.038] [info] [GemmWS]: Theoretical time(ms): 0.39321600343100727 Compute time: 0.17920001118909568 Memory time: 0.39321600343100727
[2026-03-12 13:28:52.038] [info] [BiasAct] tokens_per_tile: 13
[2026-03-12 13:28:52.080] [info] [GEMM] spad_size: 33554432 accum_size: 4194304
[2026-03-12 13:28:52.080] [info] [GEMM] required_sram_size: 4849664 required_accum_size: 98304
[2026-03-12 13:28:52.080] [info] [GEMM] Used gemmini gemm mapping: Total N:100 C:14336 M:4096, Outer N:1 C:4 M:11, Inner N:128 C:4736 M:384
[2026-03-12 13:28:52.760] [info] [GemmWs] Keys K = 14336, N = 100, M = 4096
[2026-03-12 13:28:52.760] [info] [GemmWS]: total 11.744461 GFLOPs, 0.12113511 GB
[2026-03-12 13:28:52.760] [info] [GemmWS]: Theoretical time(ms): 0.19728844927158207 Compute time: 0.08960312698036432 Memory time: 0.19728844927158207
[2026-03-12 13:28:52.760] [info] [SkipLayerNorm] tokens_per_tile: 13
[2026-03-12 13:28:52.767] [info]  Model initialization time: 2.631831 seconds
[2026-03-12 13:28:52.767] [info] Schedule model: llama3-8b at 69736000 us
[2026-03-12 13:28:52.767] [info] MODEL llama3-8b Scheduled, Total Request: 1
[2026-03-12 13:28:52.767] [info] executable layer count 1
[2026-03-12 13:28:52.767] [info] Start layer layer0.attn.QKVgen
[2026-03-12 13:28:52.972] [info] Core [0] Tile Stats | Issued: 17 Running: 2 Finished: 15
[2026-03-12 13:28:52.972] [info] cycle: [72000]
[2026-03-12 13:28:52.972] [info] Core [1] Tile Stats | Issued: 17 Running: 2 Finished: 15
[2026-03-12 13:28:52.972] [info] cycle: [72000]
[2026-03-12 13:28:52.972] [info] Core [2] Tile Stats | Issued: 18 Running: 2 Finished: 16
[2026-03-12 13:28:52.972] [info] cycle: [72000]
[2026-03-12 13:28:52.972] [info] Core [3] Tile Stats | Issued: 17 Running: 2 Finished: 15
[2026-03-12 13:28:52.972] [info] cycle: [72000]
[2026-03-12 13:28:52.972] [info] [ICNT] Core->ICNT request 643GB/Sec,160864
[2026-03-12 13:28:52.972] [info] [ICNT] Core<-ICNT request 199GB/Sec,49820
[2026-03-12 13:28:52.972] [info] [ICNT] ICNT->MEM request 0GB/Sec,0
[2026-03-12 13:28:52.972] [info] [ICNT] ICNT<-MEM request 0GB/Sec,0
[2026-03-12 13:28:53.585] [info] Core [0] Tile Stats | Issued: 17 Running: 2 Finished: 15
[2026-03-12 13:28:53.585] [info] cycle: [80000]
[2026-03-12 13:28:53.585] [info] Core [1] Tile Stats | Issued: 17 Running: 2 Finished: 15
[2026-03-12 13:28:53.585] [info] cycle: [80000]
[2026-03-12 13:28:53.585] [info] Core [2] Tile Stats | Issued: 18 Running: 2 Finished: 16
[2026-03-12 13:28:53.585] [info] cycle: [80000]
[2026-03-12 13:28:53.585] [info] Core [3] Tile Stats | Issued: 17 Running: 2 Finished: 15
[2026-03-12 13:28:53.585] [info] cycle: [80000]
[2026-03-12 13:28:53.585] [info] [ICNT] Core->ICNT request 2048GB/Sec,512000
[2026-03-12 13:28:53.585] [info] [ICNT] Core<-ICNT request 375GB/Sec,93810
[2026-03-12 13:28:53.585] [info] [ICNT] ICNT->MEM request 0GB/Sec,0
[2026-03-12 13:28:53.585] [info] [ICNT] ICNT<-MEM request 0GB/Sec,0
[2026-03-12 13:28:54.066] [info] Core [0] Tile Stats | Issued: 17 Running: 2 Finished: 15
[2026-03-12 13:28:54.066] [info] cycle: [88000]
[2026-03-12 13:28:54.066] [info] Core [1] Tile Stats | Issued: 17 Running: 2 Finished: 15
[2026-03-12 13:28:54.066] [info] cycle: [88000]
[2026-03-12 13:28:54.066] [info] Core [2] Tile Stats | Issued: 18 Running: 2 Finished: 16
[2026-03-12 13:28:54.066] [info] cycle: [88000]
[2026-03-12 13:28:54.066] [info] Core [3] Tile Stats | Issued: 17 Running: 2 Finished: 15
[2026-03-12 13:28:54.066] [info] cycle: [88000]
[2026-03-12 13:28:54.066] [info] [ICNT] Core->ICNT request 2048GB/Sec,512000
[2026-03-12 13:28:54.066] [info] [ICNT] Core<-ICNT request 493GB/Sec,123303
[2026-03-12 13:28:54.066] [info] [ICNT] ICNT->MEM request 0GB/Sec,0
[2026-03-12 13:28:54.066] [info] [ICNT] ICNT<-MEM request 0GB/Sec,0
[2026-03-12 13:28:54.734] [info] Core [0] Tile Stats | Issued: 17 Running: 2 Finished: 15
[2026-03-12 13:28:54.734] [info] cycle: [96000]
[2026-03-12 13:28:54.734] [info] Core [1] Tile Stats | Issued: 17 Running: 2 Finished: 15
[2026-03-12 13:28:54.734] [info] cycle: [96000]
[2026-03-12 13:28:54.734] [info] Core [2] Tile Stats | Issued: 18 Running: 2 Finished: 16
[2026-03-12 13:28:54.734] [info] cycle: [96000]
[2026-03-12 13:28:54.734] [info] Core [3] Tile Stats | Issued: 17 Running: 2 Finished: 15
[2026-03-12 13:28:54.734] [info] cycle: [96000]
[2026-03-12 13:28:54.734] [info] [ICNT] Core->ICNT request 339GB/Sec,84768
[2026-03-12 13:28:54.734] [info] [ICNT] Core<-ICNT request 375GB/Sec,93808
[2026-03-12 13:28:54.734] [info] [ICNT] ICNT->MEM request 0GB/Sec,0
[2026-03-12 13:28:54.734] [info] [ICNT] ICNT<-MEM request 0GB/Sec,0
[2026-03-12 13:28:55.358] [info] Core [0] Tile Stats | Issued: 17 Running: 2 Finished: 15
[2026-03-12 13:28:55.358] [info] cycle: [104000]
[2026-03-12 13:28:55.358] [info] Core [1] Tile Stats | Issued: 17 Running: 2 Finished: 15
[2026-03-12 13:28:55.358] [info] cycle: [104000]
[2026-03-12 13:28:55.358] [info] Core [2] Tile Stats | Issued: 18 Running: 2 Finished: 16
[2026-03-12 13:28:55.358] [info] cycle: [104000]
[2026-03-12 13:28:55.358] [info] Core [3] Tile Stats | Issued: 17 Running: 2 Finished: 15
[2026-03-12 13:28:55.358] [info] cycle: [104000]
[2026-03-12 13:28:55.358] [info] [ICNT] Core->ICNT request 0GB/Sec,0
[2026-03-12 13:28:55.358] [info] [ICNT] Core<-ICNT request 373GB/Sec,93281
[2026-03-12 13:28:55.358] [info] [ICNT] ICNT->MEM request 0GB/Sec,0
[2026-03-12 13:28:55.358] [info] [ICNT] ICNT<-MEM request 0GB/Sec,0
[2026-03-12 13:28:56.020] [info] Core [0] Tile Stats | Issued: 17 Running: 2 Finished: 15
[2026-03-12 13:28:56.021] [info] cycle: [112000]
[2026-03-12 13:28:56.021] [info] Core [1] Tile Stats | Issued: 17 Running: 2 Finished: 15
[2026-03-12 13:28:56.021] [info] cycle: [112000]
[2026-03-12 13:28:56.021] [info] Core [2] Tile Stats | Issued: 18 Running: 2 Finished: 16
[2026-03-12 13:28:56.021] [info] cycle: [112000]
[2026-03-12 13:28:56.021] [info] Core [3] Tile Stats | Issued: 17 Running: 2 Finished: 15
[2026-03-12 13:28:56.021] [info] cycle: [112000]
[2026-03-12 13:28:56.021] [info] [ICNT] Core->ICNT request 0GB/Sec,0
[2026-03-12 13:28:56.021] [info] [ICNT] Core<-ICNT request 372GB/Sec,93246
[2026-03-12 13:28:56.021] [info] [ICNT] ICNT->MEM request 0GB/Sec,0
[2026-03-12 13:28:56.021] [info] [ICNT] ICNT<-MEM request 0GB/Sec,0
[2026-03-12 13:28:56.716] [info] Core [0] Tile Stats | Issued: 17 Running: 2 Finished: 15
[2026-03-12 13:28:56.716] [info] cycle: [120000]
[2026-03-12 13:28:56.716] [info] Core [1] Tile Stats | Issued: 17 Running: 2 Finished: 15
[2026-03-12 13:28:56.716] [info] cycle: [120000]
[2026-03-12 13:28:56.716] [info] Core [2] Tile Stats | Issued: 18 Running: 2 Finished: 16
[2026-03-12 13:28:56.716] [info] cycle: [120000]
[2026-03-12 13:28:56.716] [info] Core [3] Tile Stats | Issued: 17 Running: 2 Finished: 15
[2026-03-12 13:28:56.716] [info] cycle: [120000]
[2026-03-12 13:28:56.716] [info] [ICNT] Core->ICNT request 0GB/Sec,0
[2026-03-12 13:28:56.716] [info] [ICNT] Core<-ICNT request 370GB/Sec,92735
[2026-03-12 13:28:56.716] [info] [ICNT] ICNT->MEM request 0GB/Sec,0
[2026-03-12 13:28:56.716] [info] [ICNT] ICNT<-MEM request 0GB/Sec,0
[2026-03-12 13:28:57.420] [info] Core [0] Tile Stats | Issued: 18 Running: 2 Finished: 16
[2026-03-12 13:28:57.420] [info] cycle: [128000]
[2026-03-12 13:28:57.420] [info] Core [1] Tile Stats | Issued: 18 Running: 2 Finished: 16
[2026-03-12 13:28:57.420] [info] cycle: [128000]
[2026-03-12 13:28:57.420] [info] Core [2] Tile Stats | Issued: 19 Running: 2 Finished: 17
[2026-03-12 13:28:57.420] [info] cycle: [128000]
[2026-03-12 13:28:57.420] [info] Core [3] Tile Stats | Issued: 18 Running: 2 Finished: 16
[2026-03-12 13:28:57.420] [info] cycle: [128000]
[2026-03-12 13:28:57.420] [info] [ICNT] Core->ICNT request 388GB/Sec,97024
[2026-03-12 13:28:57.420] [info] [ICNT] Core<-ICNT request 371GB/Sec,92845
[2026-03-12 13:28:57.420] [info] [ICNT] ICNT->MEM request 0GB/Sec,0
[2026-03-12 13:28:57.420] [info] [ICNT] ICNT<-MEM request 0GB/Sec,0
[2026-03-12 13:28:58.024] [info] Core [0] Tile Stats | Issued: 18 Running: 2 Finished: 16
[2026-03-12 13:28:58.024] [info] cycle: [136000]
[2026-03-12 13:28:58.024] [info] Core [1] Tile Stats | Issued: 18 Running: 2 Finished: 16
[2026-03-12 13:28:58.024] [info] cycle: [136000]
[2026-03-12 13:28:58.024] [info] Core [2] Tile Stats | Issued: 19 Running: 2 Finished: 17
[2026-03-12 13:28:58.024] [info] cycle: [136000]
[2026-03-12 13:28:58.024] [info] Core [3] Tile Stats | Issued: 18 Running: 2 Finished: 16
[2026-03-12 13:28:58.024] [info] cycle: [136000]
[2026-03-12 13:28:58.024] [info] [ICNT] Core->ICNT request 2048GB/Sec,512000
[2026-03-12 13:28:58.024] [info] [ICNT] Core<-ICNT request 439GB/Sec,109788
[2026-03-12 13:28:58.024] [info] [ICNT] ICNT->MEM request 0GB/Sec,0
[2026-03-12 13:28:58.024] [info] [ICNT] ICNT<-MEM request 0GB/Sec,0
[2026-03-12 13:28:58.563] [info] Core [0] Tile Stats | Issued: 18 Running: 2 Finished: 16
[2026-03-12 13:28:58.563] [info] cycle: [144000]
[2026-03-12 13:28:58.563] [info] Core [1] Tile Stats | Issued: 18 Running: 2 Finished: 16
[2026-03-12 13:28:58.563] [info] cycle: [144000]
[2026-03-12 13:28:58.563] [info] Core [2] Tile Stats | Issued: 19 Running: 2 Finished: 17
[2026-03-12 13:28:58.563] [info] cycle: [144000]
[2026-03-12 13:28:58.563] [info] Core [3] Tile Stats | Issued: 18 Running: 2 Finished: 16
[2026-03-12 13:28:58.563] [info] cycle: [144000]
[2026-03-12 13:28:58.563] [info] [ICNT] Core->ICNT request 122GB/Sec,30592
[2026-03-12 13:28:58.563] [info] [ICNT] Core<-ICNT request 421GB/Sec,105402
[2026-03-12 13:28:58.563] [info] [ICNT] ICNT->MEM request 0GB/Sec,0
[2026-03-12 13:28:58.563] [info] [ICNT] ICNT<-MEM request 0GB/Sec,0
[2026-03-12 13:28:59.228] [info] Core [0] Tile Stats | Issued: 18 Running: 2 Finished: 16
[2026-03-12 13:28:59.228] [info] cycle: [152000]
[2026-03-12 13:28:59.228] [info] Core [1] Tile Stats | Issued: 18 Running: 2 Finished: 16
[2026-03-12 13:28:59.228] [info] cycle: [152000]
[2026-03-12 13:28:59.228] [info] Core [2] Tile Stats | Issued: 19 Running: 2 Finished: 17
[2026-03-12 13:28:59.228] [info] cycle: [152000]
[2026-03-12 13:28:59.228] [info] Core [3] Tile Stats | Issued: 18 Running: 2 Finished: 16
[2026-03-12 13:28:59.228] [info] cycle: [152000]
[2026-03-12 13:28:59.228] [info] [ICNT] Core->ICNT request 0GB/Sec,0
[2026-03-12 13:28:59.228] [info] [ICNT] Core<-ICNT request 359GB/Sec,89812
[2026-03-12 13:28:59.228] [info] [ICNT] ICNT->MEM request 0GB/Sec,0
[2026-03-12 13:28:59.228] [info] [ICNT] ICNT<-MEM request 0GB/Sec,0
[2026-03-12 13:28:59.903] [info] Core [0] Tile Stats | Issued: 18 Running: 2 Finished: 16
[2026-03-12 13:28:59.903] [info] cycle: [160000]
[2026-03-12 13:28:59.903] [info] Core [1] Tile Stats | Issued: 18 Running: 2 Finished: 16
[2026-03-12 13:28:59.903] [info] cycle: [160000]
[2026-03-12 13:28:59.903] [info] Core [2] Tile Stats | Issued: 19 Running: 2 Finished: 17
[2026-03-12 13:28:59.903] [info] cycle: [160000]
[2026-03-12 13:28:59.903] [info] Core [3] Tile Stats | Issued: 18 Running: 2 Finished: 16
[2026-03-12 13:28:59.903] [info] cycle: [160000]
[2026-03-12 13:28:59.903] [info] [ICNT] Core->ICNT request 0GB/Sec,0
[2026-03-12 13:28:59.903] [info] [ICNT] Core<-ICNT request 369GB/Sec,92422
[2026-03-12 13:28:59.903] [info] [ICNT] ICNT->MEM request 0GB/Sec,0
[2026-03-12 13:28:59.903] [info] [ICNT] ICNT<-MEM request 0GB/Sec,0
[2026-03-12 13:29:00.579] [info] Core [0] Tile Stats | Issued: 18 Running: 2 Finished: 16
[2026-03-12 13:29:00.579] [info] cycle: [168000]
[2026-03-12 13:29:00.579] [info] Core [1] Tile Stats | Issued: 18 Running: 2 Finished: 16
[2026-03-12 13:29:00.579] [info] cycle: [168000]
[2026-03-12 13:29:00.579] [info] Core [2] Tile Stats | Issued: 19 Running: 2 Finished: 17
[2026-03-12 13:29:00.579] [info] cycle: [168000]
[2026-03-12 13:29:00.579] [info] Core [3] Tile Stats | Issued: 18 Running: 2 Finished: 16
[2026-03-12 13:29:00.579] [info] cycle: [168000]
[2026-03-12 13:29:00.579] [info] [ICNT] Core->ICNT request 0GB/Sec,0
[2026-03-12 13:29:00.579] [info] [ICNT] Core<-ICNT request 363GB/Sec,90774
[2026-03-12 13:29:00.579] [info] [ICNT] ICNT->MEM request 0GB/Sec,0
[2026-03-12 13:29:00.579] [info] [ICNT] ICNT<-MEM request 0GB/Sec,0
[2026-03-12 13:29:01.244] [info] Core [0] Tile Stats | Issued: 18 Running: 2 Finished: 16
[2026-03-12 13:29:01.244] [info] cycle: [176000]
[2026-03-12 13:29:01.244] [info] Core [1] Tile Stats | Issued: 18 Running: 2 Finished: 16
[2026-03-12 13:29:01.244] [info] cycle: [176000]
[2026-03-12 13:29:01.244] [info] Core [2] Tile Stats | Issued: 19 Running: 2 Finished: 17
[2026-03-12 13:29:01.244] [info] cycle: [176000]
[2026-03-12 13:29:01.244] [info] Core [3] Tile Stats | Issued: 18 Running: 2 Finished: 16
[2026-03-12 13:29:01.244] [info] cycle: [176000]
[2026-03-12 13:29:01.244] [info] [ICNT] Core->ICNT request 0GB/Sec,0
[2026-03-12 13:29:01.244] [info] [ICNT] Core<-ICNT request 327GB/Sec,81886
[2026-03-12 13:29:01.244] [info] [ICNT] ICNT->MEM request 0GB/Sec,0
[2026-03-12 13:29:01.244] [info] [ICNT] ICNT<-MEM request 0GB/Sec,0
[2026-03-12 13:29:01.970] [info] Core [0] Tile Stats | Issued: 18 Running: 1 Finished: 17
[2026-03-12 13:29:01.970] [info] cycle: [184000]
[2026-03-12 13:29:01.970] [info] Core [1] Tile Stats | Issued: 18 Running: 1 Finished: 17
[2026-03-12 13:29:01.970] [info] cycle: [184000]
[2026-03-12 13:29:01.970] [info] Core [2] Tile Stats | Issued: 19 Running: 1 Finished: 18
[2026-03-12 13:29:01.970] [info] cycle: [184000]
[2026-03-12 13:29:01.970] [info] Core [3] Tile Stats | Issued: 18 Running: 1 Finished: 17
[2026-03-12 13:29:01.970] [info] cycle: [184000]
[2026-03-12 13:29:01.970] [info] [ICNT] Core->ICNT request 51GB/Sec,12800
[2026-03-12 13:29:01.970] [info] [ICNT] Core<-ICNT request 294GB/Sec,73595
[2026-03-12 13:29:01.970] [info] [ICNT] ICNT->MEM request 0GB/Sec,0
[2026-03-12 13:29:01.970] [info] [ICNT] ICNT<-MEM request 0GB/Sec,0
[2026-03-12 13:29:02.580] [info] Core [0] Tile Stats | Issued: 18 Running: 1 Finished: 17
[2026-03-12 13:29:02.580] [info] cycle: [192000]
[2026-03-12 13:29:02.580] [info] Core [1] Tile Stats | Issued: 18 Running: 1 Finished: 17
[2026-03-12 13:29:02.580] [info] cycle: [192000]
[2026-03-12 13:29:02.580] [info] Core [2] Tile Stats | Issued: 19 Running: 1 Finished: 18
[2026-03-12 13:29:02.580] [info] cycle: [192000]
[2026-03-12 13:29:02.580] [info] Core [3] Tile Stats | Issued: 18 Running: 1 Finished: 17
[2026-03-12 13:29:02.580] [info] cycle: [192000]
[2026-03-12 13:29:02.580] [info] [ICNT] Core->ICNT request 0GB/Sec,0
[2026-03-12 13:29:02.580] [info] [ICNT] Core<-ICNT request 412GB/Sec,103181
[2026-03-12 13:29:02.580] [info] [ICNT] ICNT->MEM request 0GB/Sec,0
[2026-03-12 13:29:02.580] [info] [ICNT] ICNT<-MEM request 0GB/Sec,0
[2026-03-12 13:29:03.149] [info] Core [0] Tile Stats | Issued: 18 Running: 1 Finished: 17
[2026-03-12 13:29:03.149] [info] cycle: [200000]
[2026-03-12 13:29:03.149] [info] Core [1] Tile Stats | Issued: 18 Running: 1 Finished: 17
[2026-03-12 13:29:03.149] [info] cycle: [200000]
[2026-03-12 13:29:03.149] [info] Core [2] Tile Stats | Issued: 19 Running: 1 Finished: 18
[2026-03-12 13:29:03.149] [info] cycle: [200000]
[2026-03-12 13:29:03.149] [info] Core [3] Tile Stats | Issued: 18 Running: 1 Finished: 17
[2026-03-12 13:29:03.149] [info] cycle: [200000]
[2026-03-12 13:29:03.149] [info] [ICNT] Core->ICNT request 0GB/Sec,0
[2026-03-12 13:29:03.149] [info] [ICNT] Core<-ICNT request 424GB/Sec,106149
[2026-03-12 13:29:03.149] [info] [ICNT] ICNT->MEM request 0GB/Sec,0
[2026-03-12 13:29:03.149] [info] [ICNT] ICNT<-MEM request 0GB/Sec,0
[2026-03-12 13:29:03.832] [info] Core [0] Tile Stats | Issued: 18 Running: 1 Finished: 17
[2026-03-12 13:29:03.832] [info] cycle: [208000]
[2026-03-12 13:29:03.832] [info] Core [1] Tile Stats | Issued: 18 Running: 1 Finished: 17
[2026-03-12 13:29:03.832] [info] cycle: [208000]
[2026-03-12 13:29:03.832] [info] Core [2] Tile Stats | Issued: 19 Running: 1 Finished: 18
[2026-03-12 13:29:03.832] [info] cycle: [208000]
[2026-03-12 13:29:03.832] [info] Core [3] Tile Stats | Issued: 18 Running: 1 Finished: 17
[2026-03-12 13:29:03.832] [info] cycle: [208000]
[2026-03-12 13:29:03.832] [info] [ICNT] Core->ICNT request 0GB/Sec,0
[2026-03-12 13:29:03.832] [info] [ICNT] Core<-ICNT request 349GB/Sec,87273
[2026-03-12 13:29:03.832] [info] [ICNT] ICNT->MEM request 0GB/Sec,0
[2026-03-12 13:29:03.832] [info] [ICNT] ICNT<-MEM request 0GB/Sec,0
[2026-03-12 13:29:04.517] [info] Core [0] Tile Stats | Issued: 18 Running: 1 Finished: 17
[2026-03-12 13:29:04.517] [info] cycle: [216000]
[2026-03-12 13:29:04.517] [info] Core [1] Tile Stats | Issued: 18 Running: 1 Finished: 17
[2026-03-12 13:29:04.517] [info] cycle: [216000]
[2026-03-12 13:29:04.517] [info] Core [2] Tile Stats | Issued: 19 Running: 1 Finished: 18
[2026-03-12 13:29:04.517] [info] cycle: [216000]
[2026-03-12 13:29:04.517] [info] Core [3] Tile Stats | Issued: 18 Running: 1 Finished: 17
[2026-03-12 13:29:04.517] [info] cycle: [216000]
[2026-03-12 13:29:04.517] [info] [ICNT] Core->ICNT request 0GB/Sec,0
[2026-03-12 13:29:04.517] [info] [ICNT] Core<-ICNT request 338GB/Sec,84525
[2026-03-12 13:29:04.517] [info] [ICNT] ICNT->MEM request 0GB/Sec,0
[2026-03-12 13:29:04.517] [info] [ICNT] ICNT<-MEM request 0GB/Sec,0
[2026-03-12 13:29:05.202] [info] Core [0] Tile Stats | Issued: 18 Running: 1 Finished: 17
[2026-03-12 13:29:05.202] [info] cycle: [224000]
[2026-03-12 13:29:05.202] [info] Core [1] Tile Stats | Issued: 18 Running: 1 Finished: 17
[2026-03-12 13:29:05.202] [info] cycle: [224000]
[2026-03-12 13:29:05.202] [info] Core [2] Tile Stats | Issued: 19 Running: 1 Finished: 18
[2026-03-12 13:29:05.202] [info] cycle: [224000]
[2026-03-12 13:29:05.202] [info] Core [3] Tile Stats | Issued: 18 Running: 1 Finished: 17
[2026-03-12 13:29:05.202] [info] cycle: [224000]
[2026-03-12 13:29:05.202] [info] [ICNT] Core->ICNT request 0GB/Sec,0
[2026-03-12 13:29:05.202] [info] [ICNT] Core<-ICNT request 352GB/Sec,88105
[2026-03-12 13:29:05.202] [info] [ICNT] ICNT->MEM request 0GB/Sec,0
[2026-03-12 13:29:05.202] [info] [ICNT] ICNT<-MEM request 0GB/Sec,0
[2026-03-12 13:29:05.836] [info] Core [0] Tile Stats | Issued: 18 Running: 1 Finished: 17
[2026-03-12 13:29:05.836] [info] cycle: [232000]
[2026-03-12 13:29:05.836] [info] Core [1] Tile Stats | Issued: 18 Running: 1 Finished: 17
[2026-03-12 13:29:05.836] [info] cycle: [232000]
[2026-03-12 13:29:05.836] [info] Core [2] Tile Stats | Issued: 19 Running: 1 Finished: 18
[2026-03-12 13:29:05.836] [info] cycle: [232000]
[2026-03-12 13:29:05.836] [info] Core [3] Tile Stats | Issued: 18 Running: 1 Finished: 17
[2026-03-12 13:29:05.836] [info] cycle: [232000]
[2026-03-12 13:29:05.836] [info] [ICNT] Core->ICNT request 0GB/Sec,0
[2026-03-12 13:29:05.836] [info] [ICNT] Core<-ICNT request 287GB/Sec,71787
[2026-03-12 13:29:05.836] [info] [ICNT] ICNT->MEM request 0GB/Sec,0
[2026-03-12 13:29:05.836] [info] [ICNT] ICNT<-MEM request 0GB/Sec,0
[2026-03-12 13:29:06.195] [info] Core [0] Tile Stats | Issued: 18 Running: 1 Finished: 17
[2026-03-12 13:29:06.195] [info] cycle: [240000]
[2026-03-12 13:29:06.195] [info] Core [1] Tile Stats | Issued: 18 Running: 1 Finished: 17
[2026-03-12 13:29:06.195] [info] cycle: [240000]
[2026-03-12 13:29:06.195] [info] Core [2] Tile Stats | Issued: 19 Running: 1 Finished: 18
[2026-03-12 13:29:06.195] [info] cycle: [240000]
[2026-03-12 13:29:06.195] [info] Core [3] Tile Stats | Issued: 18 Running: 1 Finished: 17
[2026-03-12 13:29:06.195] [info] cycle: [240000]
[2026-03-12 13:29:06.195] [info] [ICNT] Core->ICNT request 38GB/Sec,9600
[2026-03-12 13:29:06.195] [info] [ICNT] Core<-ICNT request 88GB/Sec,22179
[2026-03-12 13:29:06.195] [info] [ICNT] ICNT->MEM request 0GB/Sec,0
[2026-03-12 13:29:06.195] [info] [ICNT] ICNT<-MEM request 0GB/Sec,0
[2026-03-12 13:29:06.215] [info] Layer layer0.attn.QKVgen finish at 241523
[2026-03-12 13:29:06.215] [info] Total compute time 171788
[2026-03-12 13:29:06.215] [info] executable layer count 1
[2026-03-12 13:29:06.215] [info] Start layer layer0.attn.KVccat
[2026-03-12 13:29:06.215] [info] Layer layer0.attn.KVccat finish at 241525
[2026-03-12 13:29:06.215] [info] Total compute time 2
[2026-03-12 13:29:06.215] [info] executable layer count 1
[2026-03-12 13:29:06.215] [info] Start layer layer0.attn.Attention.0
[2026-03-12 13:29:06.565] [info] Layer layer0.attn.Attention.0 finish at 246674
[2026-03-12 13:29:06.565] [info] Total compute time 5149
[2026-03-12 13:29:06.565] [info] executable layer count 1
[2026-03-12 13:29:06.565] [info] Start layer layer0.attn.Atccat
[2026-03-12 13:29:06.565] [info] Layer layer0.attn.Atccat finish at 246676
[2026-03-12 13:29:06.565] [info] Total compute time 2
[2026-03-12 13:29:06.565] [info] executable layer count 1
[2026-03-12 13:29:06.565] [info] Start layer layer0.attn.proj
[2026-03-12 13:29:06.680] [info] Core [0] Tile Stats | Issued: 22 Running: 2 Finished: 20
[2026-03-12 13:29:06.680] [info] cycle: [248000]
[2026-03-12 13:29:06.680] [info] Core [1] Tile Stats | Issued: 24 Running: 2 Finished: 22
[2026-03-12 13:29:06.680] [info] cycle: [248000]
[2026-03-12 13:29:06.680] [info] Core [2] Tile Stats | Issued: 23 Running: 2 Finished: 21
[2026-03-12 13:29:06.680] [info] cycle: [248000]
[2026-03-12 13:29:06.680] [info] Core [3] Tile Stats | Issued: 22 Running: 2 Finished: 20
[2026-03-12 13:29:06.680] [info] cycle: [248000]
[2026-03-12 13:29:06.680] [info] [ICNT] Core->ICNT request 603GB/Sec,150976
[2026-03-12 13:29:06.680] [info] [ICNT] Core<-ICNT request 256GB/Sec,64012
[2026-03-12 13:29:06.680] [info] [ICNT] ICNT->MEM request 0GB/Sec,0
[2026-03-12 13:29:06.680] [info] [ICNT] ICNT<-MEM request 0GB/Sec,0
[2026-03-12 13:29:07.295] [info] Core [0] Tile Stats | Issued: 22 Running: 2 Finished: 20
[2026-03-12 13:29:07.295] [info] cycle: [256000]
[2026-03-12 13:29:07.295] [info] Core [1] Tile Stats | Issued: 24 Running: 2 Finished: 22
[2026-03-12 13:29:07.295] [info] cycle: [256000]
[2026-03-12 13:29:07.295] [info] Core [2] Tile Stats | Issued: 23 Running: 2 Finished: 21
[2026-03-12 13:29:07.295] [info] cycle: [256000]
[2026-03-12 13:29:07.295] [info] Core [3] Tile Stats | Issued: 22 Running: 2 Finished: 20
[2026-03-12 13:29:07.295] [info] cycle: [256000]
[2026-03-12 13:29:07.295] [info] [ICNT] Core->ICNT request 2048GB/Sec,512000
[2026-03-12 13:29:07.295] [info] [ICNT] Core<-ICNT request 337GB/Sec,84286
[2026-03-12 13:29:07.295] [info] [ICNT] ICNT->MEM request 0GB/Sec,0
[2026-03-12 13:29:07.295] [info] [ICNT] ICNT<-MEM request 0GB/Sec,0
[2026-03-12 13:29:07.861] [info] Core [0] Tile Stats | Issued: 22 Running: 2 Finished: 20
[2026-03-12 13:29:07.861] [info] cycle: [264000]
[2026-03-12 13:29:07.861] [info] Core [1] Tile Stats | Issued: 24 Running: 2 Finished: 22
[2026-03-12 13:29:07.861] [info] cycle: [264000]
[2026-03-12 13:29:07.861] [info] Core [2] Tile Stats | Issued: 23 Running: 2 Finished: 21
[2026-03-12 13:29:07.861] [info] cycle: [264000]
[2026-03-12 13:29:07.861] [info] Core [3] Tile Stats | Issued: 22 Running: 2 Finished: 20
[2026-03-12 13:29:07.861] [info] cycle: [264000]
[2026-03-12 13:29:07.861] [info] [ICNT] Core->ICNT request 1582GB/Sec,395648
[2026-03-12 13:29:07.861] [info] [ICNT] Core<-ICNT request 409GB/Sec,102407
[2026-03-12 13:29:07.861] [info] [ICNT] ICNT->MEM request 0GB/Sec,0
[2026-03-12 13:29:07.861] [info] [ICNT] ICNT<-MEM request 0GB/Sec,0
[2026-03-12 13:29:08.354] [info] Core [0] Tile Stats | Issued: 22 Running: 2 Finished: 20
[2026-03-12 13:29:08.354] [info] cycle: [272000]
[2026-03-12 13:29:08.354] [info] Core [1] Tile Stats | Issued: 24 Running: 2 Finished: 22
[2026-03-12 13:29:08.354] [info] cycle: [272000]
[2026-03-12 13:29:08.354] [info] Core [2] Tile Stats | Issued: 23 Running: 2 Finished: 21
[2026-03-12 13:29:08.354] [info] cycle: [272000]
[2026-03-12 13:29:08.354] [info] Core [3] Tile Stats | Issued: 22 Running: 2 Finished: 20
[2026-03-12 13:29:08.354] [info] cycle: [272000]
[2026-03-12 13:29:08.354] [info] [ICNT] Core->ICNT request 0GB/Sec,0
[2026-03-12 13:29:08.354] [info] [ICNT] Core<-ICNT request 468GB/Sec,117097
[2026-03-12 13:29:08.354] [info] [ICNT] ICNT->MEM request 0GB/Sec,0
[2026-03-12 13:29:08.354] [info] [ICNT] ICNT<-MEM request 0GB/Sec,0
[2026-03-12 13:29:09.000] [info] Core [0] Tile Stats | Issued: 22 Running: 2 Finished: 20
[2026-03-12 13:29:09.000] [info] cycle: [280000]
[2026-03-12 13:29:09.000] [info] Core [1] Tile Stats | Issued: 24 Running: 2 Finished: 22
[2026-03-12 13:29:09.000] [info] cycle: [280000]
[2026-03-12 13:29:09.000] [info] Core [2] Tile Stats | Issued: 23 Running: 2 Finished: 21
[2026-03-12 13:29:09.000] [info] cycle: [280000]
[2026-03-12 13:29:09.000] [info] Core [3] Tile Stats | Issued: 22 Running: 2 Finished: 20
[2026-03-12 13:29:09.000] [info] cycle: [280000]
[2026-03-12 13:29:09.000] [info] [ICNT] Core->ICNT request 0GB/Sec,0
[2026-03-12 13:29:09.000] [info] [ICNT] Core<-ICNT request 407GB/Sec,101890
[2026-03-12 13:29:09.000] [info] [ICNT] ICNT->MEM request 0GB/Sec,0
[2026-03-12 13:29:09.000] [info] [ICNT] ICNT<-MEM request 0GB/Sec,0
[2026-03-12 13:29:09.618] [info] Core [0] Tile Stats | Issued: 22 Running: 2 Finished: 20
[2026-03-12 13:29:09.618] [info] cycle: [288000]
[2026-03-12 13:29:09.618] [info] Core [1] Tile Stats | Issued: 24 Running: 2 Finished: 22
[2026-03-12 13:29:09.618] [info] cycle: [288000]
[2026-03-12 13:29:09.618] [info] Core [2] Tile Stats | Issued: 23 Running: 2 Finished: 21
[2026-03-12 13:29:09.618] [info] cycle: [288000]
[2026-03-12 13:29:09.618] [info] Core [3] Tile Stats | Issued: 22 Running: 2 Finished: 20
[2026-03-12 13:29:09.618] [info] cycle: [288000]
[2026-03-12 13:29:09.618] [info] [ICNT] Core->ICNT request 0GB/Sec,0
[2026-03-12 13:29:09.618] [info] [ICNT] Core<-ICNT request 398GB/Sec,99648
[2026-03-12 13:29:09.618] [info] [ICNT] ICNT->MEM request 0GB/Sec,0
[2026-03-12 13:29:09.618] [info] [ICNT] ICNT<-MEM request 0GB/Sec,0
[2026-03-12 13:29:10.322] [info] Core [0] Tile Stats | Issued: 22 Running: 1 Finished: 21
[2026-03-12 13:29:10.322] [info] cycle: [296000]
[2026-03-12 13:29:10.322] [info] Core [1] Tile Stats | Issued: 25 Running: 2 Finished: 23
[2026-03-12 13:29:10.322] [info] cycle: [296000]
[2026-03-12 13:29:10.322] [info] Core [2] Tile Stats | Issued: 24 Running: 2 Finished: 22
[2026-03-12 13:29:10.322] [info] cycle: [296000]
[2026-03-12 13:29:10.322] [info] Core [3] Tile Stats | Issued: 23 Running: 2 Finished: 21
[2026-03-12 13:29:10.322] [info] cycle: [296000]
[2026-03-12 13:29:10.322] [info] [ICNT] Core->ICNT request 580GB/Sec,145136
[2026-03-12 13:29:10.322] [info] [ICNT] Core<-ICNT request 410GB/Sec,102745
[2026-03-12 13:29:10.322] [info] [ICNT] ICNT->MEM request 0GB/Sec,0
[2026-03-12 13:29:10.322] [info] [ICNT] ICNT<-MEM request 0GB/Sec,0
[2026-03-12 13:29:10.791] [info] Core [0] Tile Stats | Issued: 22 Running: 1 Finished: 21
[2026-03-12 13:29:10.791] [info] cycle: [304000]
[2026-03-12 13:29:10.791] [info] Core [1] Tile Stats | Issued: 25 Running: 2 Finished: 23
[2026-03-12 13:29:10.791] [info] cycle: [304000]
[2026-03-12 13:29:10.791] [info] Core [2] Tile Stats | Issued: 24 Running: 2 Finished: 22
[2026-03-12 13:29:10.791] [info] cycle: [304000]
[2026-03-12 13:29:10.791] [info] Core [3] Tile Stats | Issued: 23 Running: 2 Finished: 21
[2026-03-12 13:29:10.791] [info] cycle: [304000]
[2026-03-12 13:29:10.791] [info] [ICNT] Core->ICNT request 813GB/Sec,203472
[2026-03-12 13:29:10.791] [info] [ICNT] Core<-ICNT request 490GB/Sec,122568
[2026-03-12 13:29:10.791] [info] [ICNT] ICNT->MEM request 0GB/Sec,0
[2026-03-12 13:29:10.791] [info] [ICNT] ICNT<-MEM request 0GB/Sec,0
[2026-03-12 13:29:11.471] [info] Core [0] Tile Stats | Issued: 22 Running: 1 Finished: 21
[2026-03-12 13:29:11.471] [info] cycle: [312000]
[2026-03-12 13:29:11.471] [info] Core [1] Tile Stats | Issued: 25 Running: 2 Finished: 23
[2026-03-12 13:29:11.471] [info] cycle: [312000]
[2026-03-12 13:29:11.471] [info] Core [2] Tile Stats | Issued: 24 Running: 2 Finished: 22
[2026-03-12 13:29:11.471] [info] cycle: [312000]
[2026-03-12 13:29:11.471] [info] Core [3] Tile Stats | Issued: 23 Running: 2 Finished: 21
[2026-03-12 13:29:11.471] [info] cycle: [312000]
[2026-03-12 13:29:11.471] [info] [ICNT] Core->ICNT request 0GB/Sec,0
[2026-03-12 13:29:11.471] [info] [ICNT] Core<-ICNT request 453GB/Sec,113429
[2026-03-12 13:29:11.471] [info] [ICNT] ICNT->MEM request 0GB/Sec,0
[2026-03-12 13:29:11.471] [info] [ICNT] ICNT<-MEM request 0GB/Sec,0
[2026-03-12 13:29:12.146] [info] Core [0] Tile Stats | Issued: 22 Running: 1 Finished: 21
[2026-03-12 13:29:12.146] [info] cycle: [320000]
[2026-03-12 13:29:12.146] [info] Core [1] Tile Stats | Issued: 25 Running: 2 Finished: 23
[2026-03-12 13:29:12.146] [info] cycle: [320000]
[2026-03-12 13:29:12.146] [info] Core [2] Tile Stats | Issued: 24 Running: 2 Finished: 22
[2026-03-12 13:29:12.146] [info] cycle: [320000]
[2026-03-12 13:29:12.146] [info] Core [3] Tile Stats | Issued: 23 Running: 2 Finished: 21
[2026-03-12 13:29:12.146] [info] cycle: [320000]
[2026-03-12 13:29:12.146] [info] [ICNT] Core->ICNT request 0GB/Sec,0
[2026-03-12 13:29:12.146] [info] [ICNT] Core<-ICNT request 434GB/Sec,108618
[2026-03-12 13:29:12.146] [info] [ICNT] ICNT->MEM request 0GB/Sec,0
[2026-03-12 13:29:12.146] [info] [ICNT] ICNT<-MEM request 0GB/Sec,0
[2026-03-12 13:29:12.783] [info] Core [0] Tile Stats | Issued: 22 Running: 1 Finished: 21
[2026-03-12 13:29:12.783] [info] cycle: [328000]
[2026-03-12 13:29:12.783] [info] Core [1] Tile Stats | Issued: 25 Running: 2 Finished: 23
[2026-03-12 13:29:12.783] [info] cycle: [328000]
[2026-03-12 13:29:12.783] [info] Core [2] Tile Stats | Issued: 24 Running: 2 Finished: 22
[2026-03-12 13:29:12.783] [info] cycle: [328000]
[2026-03-12 13:29:12.783] [info] Core [3] Tile Stats | Issued: 23 Running: 2 Finished: 21
[2026-03-12 13:29:12.783] [info] cycle: [328000]
[2026-03-12 13:29:12.783] [info] [ICNT] Core->ICNT request 25GB/Sec,6400
[2026-03-12 13:29:12.783] [info] [ICNT] Core<-ICNT request 353GB/Sec,88265
[2026-03-12 13:29:12.783] [info] [ICNT] ICNT->MEM request 0GB/Sec,0
[2026-03-12 13:29:12.783] [info] [ICNT] ICNT<-MEM request 0GB/Sec,0
[2026-03-12 13:29:13.413] [info] Core [0] Tile Stats | Issued: 22 Running: 0 Finished: 22
[2026-03-12 13:29:13.413] [info] cycle: [336000]
[2026-03-12 13:29:13.413] [info] Core [1] Tile Stats | Issued: 25 Running: 1 Finished: 24
[2026-03-12 13:29:13.413] [info] cycle: [336000]
[2026-03-12 13:29:13.413] [info] Core [2] Tile Stats | Issued: 24 Running: 1 Finished: 23
[2026-03-12 13:29:13.413] [info] cycle: [336000]
[2026-03-12 13:29:13.413] [info] Core [3] Tile Stats | Issued: 23 Running: 1 Finished: 22
[2026-03-12 13:29:13.413] [info] cycle: [336000]
[2026-03-12 13:29:13.413] [info] [ICNT] Core->ICNT request 12GB/Sec,3200
[2026-03-12 13:29:13.413] [info] [ICNT] Core<-ICNT request 451GB/Sec,112773
[2026-03-12 13:29:13.413] [info] [ICNT] ICNT->MEM request 0GB/Sec,0
[2026-03-12 13:29:13.413] [info] [ICNT] ICNT<-MEM request 0GB/Sec,0
[2026-03-12 13:29:14.048] [info] Core [0] Tile Stats | Issued: 22 Running: 0 Finished: 22
[2026-03-12 13:29:14.048] [info] cycle: [344000]
[2026-03-12 13:29:14.048] [info] Core [1] Tile Stats | Issued: 25 Running: 1 Finished: 24
[2026-03-12 13:29:14.048] [info] cycle: [344000]
[2026-03-12 13:29:14.048] [info] Core [2] Tile Stats | Issued: 24 Running: 1 Finished: 23
[2026-03-12 13:29:14.048] [info] cycle: [344000]
[2026-03-12 13:29:14.048] [info] Core [3] Tile Stats | Issued: 23 Running: 1 Finished: 22
[2026-03-12 13:29:14.048] [info] cycle: [344000]
[2026-03-12 13:29:14.048] [info] [ICNT] Core->ICNT request 0GB/Sec,0
[2026-03-12 13:29:14.048] [info] [ICNT] Core<-ICNT request 441GB/Sec,110431
[2026-03-12 13:29:14.048] [info] [ICNT] ICNT->MEM request 0GB/Sec,0
[2026-03-12 13:29:14.048] [info] [ICNT] ICNT<-MEM request 0GB/Sec,0
[2026-03-12 13:29:14.709] [info] Core [0] Tile Stats | Issued: 22 Running: 0 Finished: 22
[2026-03-12 13:29:14.709] [info] cycle: [352000]
[2026-03-12 13:29:14.709] [info] Core [1] Tile Stats | Issued: 25 Running: 1 Finished: 24
[2026-03-12 13:29:14.709] [info] cycle: [352000]
[2026-03-12 13:29:14.709] [info] Core [2] Tile Stats | Issued: 24 Running: 1 Finished: 23
[2026-03-12 13:29:14.709] [info] cycle: [352000]
[2026-03-12 13:29:14.709] [info] Core [3] Tile Stats | Issued: 23 Running: 1 Finished: 22
[2026-03-12 13:29:14.709] [info] cycle: [352000]
[2026-03-12 13:29:14.709] [info] [ICNT] Core->ICNT request 3GB/Sec,800
[2026-03-12 13:29:14.709] [info] [ICNT] Core<-ICNT request 351GB/Sec,87877
[2026-03-12 13:29:14.709] [info] [ICNT] ICNT->MEM request 0GB/Sec,0
[2026-03-12 13:29:14.709] [info] [ICNT] ICNT<-MEM request 0GB/Sec,0
[2026-03-12 13:29:14.871] [info] Layer layer0.attn.proj finish at 359088
[2026-03-12 13:29:14.871] [info] Total compute time 112412
[2026-03-12 13:29:14.871] [info] executable layer count 1
[2026-03-12 13:29:14.871] [info] Start layer layer0.attn.ln
[2026-03-12 13:29:14.933] [info] Core [0] Tile Stats | Issued: 24 Running: 2 Finished: 22
[2026-03-12 13:29:14.933] [info] cycle: [360000]
[2026-03-12 13:29:14.933] [info] Core [1] Tile Stats | Issued: 27 Running: 2 Finished: 25
[2026-03-12 13:29:14.933] [info] cycle: [360000]
[2026-03-12 13:29:14.933] [info] Core [2] Tile Stats | Issued: 25 Running: 1 Finished: 24
[2026-03-12 13:29:14.933] [info] cycle: [360000]
[2026-03-12 13:29:14.933] [info] Core [3] Tile Stats | Issued: 25 Running: 2 Finished: 23
[2026-03-12 13:29:14.933] [info] cycle: [360000]
[2026-03-12 13:29:14.933] [info] [ICNT] Core->ICNT request 200GB/Sec,50144
[2026-03-12 13:29:14.933] [info] [ICNT] Core<-ICNT request 60GB/Sec,15006
[2026-03-12 13:29:14.933] [info] [ICNT] ICNT->MEM request 0GB/Sec,0
[2026-03-12 13:29:14.933] [info] [ICNT] ICNT<-MEM request 0GB/Sec,0
[2026-03-12 13:29:15.348] [info] Layer layer0.attn.ln finish at 365759
[2026-03-12 13:29:15.348] [info] Total compute time 6671
[2026-03-12 13:29:15.348] [info] executable layer count 1
[2026-03-12 13:29:15.348] [info] Start layer layer0.ffn.fc1
[2026-03-12 13:29:15.525] [info] Core [0] Tile Stats | Issued: 27 Running: 2 Finished: 25
[2026-03-12 13:29:15.525] [info] cycle: [368000]
[2026-03-12 13:29:15.525] [info] Core [1] Tile Stats | Issued: 29 Running: 2 Finished: 27
[2026-03-12 13:29:15.525] [info] cycle: [368000]
[2026-03-12 13:29:15.525] [info] Core [2] Tile Stats | Issued: 27 Running: 2 Finished: 25
[2026-03-12 13:29:15.525] [info] cycle: [368000]
[2026-03-12 13:29:15.525] [info] Core [3] Tile Stats | Issued: 27 Running: 2 Finished: 25
[2026-03-12 13:29:15.525] [info] cycle: [368000]
[2026-03-12 13:29:15.525] [info] [ICNT] Core->ICNT request 689GB/Sec,172320
[2026-03-12 13:29:15.525] [info] [ICNT] Core<-ICNT request 371GB/Sec,92776
[2026-03-12 13:29:15.525] [info] [ICNT] ICNT->MEM request 0GB/Sec,0
[2026-03-12 13:29:15.525] [info] [ICNT] ICNT<-MEM request 0GB/Sec,0
[2026-03-12 13:29:16.198] [info] Core [0] Tile Stats | Issued: 27 Running: 2 Finished: 25
[2026-03-12 13:29:16.198] [info] cycle: [376000]
[2026-03-12 13:29:16.198] [info] Core [1] Tile Stats | Issued: 29 Running: 2 Finished: 27
[2026-03-12 13:29:16.198] [info] cycle: [376000]
[2026-03-12 13:29:16.198] [info] Core [2] Tile Stats | Issued: 27 Running: 2 Finished: 25
[2026-03-12 13:29:16.198] [info] cycle: [376000]
[2026-03-12 13:29:16.198] [info] Core [3] Tile Stats | Issued: 27 Running: 2 Finished: 25
[2026-03-12 13:29:16.198] [info] cycle: [376000]
[2026-03-12 13:29:16.198] [info] [ICNT] Core->ICNT request 2048GB/Sec,512000
[2026-03-12 13:29:16.198] [info] [ICNT] Core<-ICNT request 475GB/Sec,118954
[2026-03-12 13:29:16.198] [info] [ICNT] ICNT->MEM request 0GB/Sec,0
[2026-03-12 13:29:16.198] [info] [ICNT] ICNT<-MEM request 0GB/Sec,0
[2026-03-12 13:29:16.711] [info] Core [0] Tile Stats | Issued: 27 Running: 2 Finished: 25
[2026-03-12 13:29:16.711] [info] cycle: [384000]
[2026-03-12 13:29:16.711] [info] Core [1] Tile Stats | Issued: 29 Running: 2 Finished: 27
[2026-03-12 13:29:16.711] [info] cycle: [384000]
[2026-03-12 13:29:16.711] [info] Core [2] Tile Stats | Issued: 27 Running: 2 Finished: 25
[2026-03-12 13:29:16.711] [info] cycle: [384000]
[2026-03-12 13:29:16.711] [info] Core [3] Tile Stats | Issued: 27 Running: 2 Finished: 25
[2026-03-12 13:29:16.711] [info] cycle: [384000]
[2026-03-12 13:29:16.711] [info] [ICNT] Core->ICNT request 2048GB/Sec,512000
[2026-03-12 13:29:16.711] [info] [ICNT] Core<-ICNT request 510GB/Sec,127567
[2026-03-12 13:29:16.711] [info] [ICNT] ICNT->MEM request 0GB/Sec,0
[2026-03-12 13:29:16.711] [info] [ICNT] ICNT<-MEM request 0GB/Sec,0
[2026-03-12 13:29:17.356] [info] Core [0] Tile Stats | Issued: 27 Running: 2 Finished: 25
[2026-03-12 13:29:17.356] [info] cycle: [392000]
[2026-03-12 13:29:17.356] [info] Core [1] Tile Stats | Issued: 29 Running: 2 Finished: 27
[2026-03-12 13:29:17.356] [info] cycle: [392000]
[2026-03-12 13:29:17.356] [info] Core [2] Tile Stats | Issued: 27 Running: 2 Finished: 25
[2026-03-12 13:29:17.356] [info] cycle: [392000]
[2026-03-12 13:29:17.356] [info] Core [3] Tile Stats | Issued: 27 Running: 2 Finished: 25
[2026-03-12 13:29:17.356] [info] cycle: [392000]
[2026-03-12 13:29:17.356] [info] [ICNT] Core->ICNT request 357GB/Sec,89312
[2026-03-12 13:29:17.356] [info] [ICNT] Core<-ICNT request 452GB/Sec,113088
[2026-03-12 13:29:17.356] [info] [ICNT] ICNT->MEM request 0GB/Sec,0
[2026-03-12 13:29:17.356] [info] [ICNT] ICNT<-MEM request 0GB/Sec,0
[2026-03-12 13:29:18.000] [info] Core [0] Tile Stats | Issued: 27 Running: 2 Finished: 25
[2026-03-12 13:29:18.000] [info] cycle: [400000]
[2026-03-12 13:29:18.000] [info] Core [1] Tile Stats | Issued: 29 Running: 2 Finished: 27
[2026-03-12 13:29:18.000] [info] cycle: [400000]
[2026-03-12 13:29:18.000] [info] Core [2] Tile Stats | Issued: 27 Running: 2 Finished: 25
[2026-03-12 13:29:18.000] [info] cycle: [400000]
[2026-03-12 13:29:18.000] [info] Core [3] Tile Stats | Issued: 27 Running: 2 Finished: 25
[2026-03-12 13:29:18.000] [info] cycle: [400000]
[2026-03-12 13:29:18.000] [info] [ICNT] Core->ICNT request 0GB/Sec,0
[2026-03-12 13:29:18.000] [info] [ICNT] Core<-ICNT request 451GB/Sec,112839
[2026-03-12 13:29:18.000] [info] [ICNT] ICNT->MEM request 0GB/Sec,0
[2026-03-12 13:29:18.000] [info] [ICNT] ICNT<-MEM request 0GB/Sec,0
[2026-03-12 13:29:18.637] [info] Core [0] Tile Stats | Issued: 27 Running: 2 Finished: 25
[2026-03-12 13:29:18.637] [info] cycle: [408000]
[2026-03-12 13:29:18.637] [info] Core [1] Tile Stats | Issued: 29 Running: 2 Finished: 27
[2026-03-12 13:29:18.637] [info] cycle: [408000]
[2026-03-12 13:29:18.637] [info] Core [2] Tile Stats | Issued: 27 Running: 2 Finished: 25
[2026-03-12 13:29:18.637] [info] cycle: [408000]
[2026-03-12 13:29:18.637] [info] Core [3] Tile Stats | Issued: 27 Running: 2 Finished: 25
[2026-03-12 13:29:18.637] [info] cycle: [408000]
[2026-03-12 13:29:18.637] [info] [ICNT] Core->ICNT request 0GB/Sec,0
[2026-03-12 13:29:18.637] [info] [ICNT] Core<-ICNT request 451GB/Sec,112831
[2026-03-12 13:29:18.637] [info] [ICNT] ICNT->MEM request 0GB/Sec,0
[2026-03-12 13:29:18.637] [info] [ICNT] ICNT<-MEM request 0GB/Sec,0
[2026-03-12 13:29:19.294] [info] Core [0] Tile Stats | Issued: 28 Running: 2 Finished: 26
[2026-03-12 13:29:19.294] [info] cycle: [416000]
[2026-03-12 13:29:19.294] [info] Core [1] Tile Stats | Issued: 30 Running: 2 Finished: 28
[2026-03-12 13:29:19.294] [info] cycle: [416000]
[2026-03-12 13:29:19.294] [info] Core [2] Tile Stats | Issued: 28 Running: 2 Finished: 26
[2026-03-12 13:29:19.294] [info] cycle: [416000]
[2026-03-12 13:29:19.294] [info] Core [3] Tile Stats | Issued: 28 Running: 2 Finished: 26
[2026-03-12 13:29:19.294] [info] cycle: [416000]
[2026-03-12 13:29:19.294] [info] [ICNT] Core->ICNT request 381GB/Sec,95344
[2026-03-12 13:29:19.294] [info] [ICNT] Core<-ICNT request 451GB/Sec,112845
[2026-03-12 13:29:19.294] [info] [ICNT] ICNT->MEM request 0GB/Sec,0
[2026-03-12 13:29:19.294] [info] [ICNT] ICNT<-MEM request 0GB/Sec,0
[2026-03-12 13:29:19.824] [info] Core [0] Tile Stats | Issued: 28 Running: 2 Finished: 26
[2026-03-12 13:29:19.824] [info] cycle: [424000]
[2026-03-12 13:29:19.824] [info] Core [1] Tile Stats | Issued: 30 Running: 2 Finished: 28
[2026-03-12 13:29:19.824] [info] cycle: [424000]
[2026-03-12 13:29:19.824] [info] Core [2] Tile Stats | Issued: 28 Running: 2 Finished: 26
[2026-03-12 13:29:19.824] [info] cycle: [424000]
[2026-03-12 13:29:19.824] [info] Core [3] Tile Stats | Issued: 28 Running: 2 Finished: 26
[2026-03-12 13:29:19.824] [info] cycle: [424000]
[2026-03-12 13:29:19.824] [info] [ICNT] Core->ICNT request 2048GB/Sec,512000
[2026-03-12 13:29:19.824] [info] [ICNT] Core<-ICNT request 489GB/Sec,122324
[2026-03-12 13:29:19.824] [info] [ICNT] ICNT->MEM request 0GB/Sec,0
[2026-03-12 13:29:19.824] [info] [ICNT] ICNT<-MEM request 0GB/Sec,0
[2026-03-12 13:29:20.470] [info] Core [0] Tile Stats | Issued: 28 Running: 2 Finished: 26
[2026-03-12 13:29:20.470] [info] cycle: [432000]
[2026-03-12 13:29:20.470] [info] Core [1] Tile Stats | Issued: 30 Running: 2 Finished: 28
[2026-03-12 13:29:20.470] [info] cycle: [432000]
[2026-03-12 13:29:20.470] [info] Core [2] Tile Stats | Issued: 28 Running: 2 Finished: 26
[2026-03-12 13:29:20.470] [info] cycle: [432000]
[2026-03-12 13:29:20.470] [info] Core [3] Tile Stats | Issued: 28 Running: 2 Finished: 26
[2026-03-12 13:29:20.470] [info] cycle: [432000]
[2026-03-12 13:29:20.470] [info] [ICNT] Core->ICNT request 128GB/Sec,32144
[2026-03-12 13:29:20.470] [info] [ICNT] Core<-ICNT request 440GB/Sec,110089
[2026-03-12 13:29:20.470] [info] [ICNT] ICNT->MEM request 0GB/Sec,0
[2026-03-12 13:29:20.470] [info] [ICNT] ICNT<-MEM request 0GB/Sec,0
[2026-03-12 13:29:21.138] [info] Core [0] Tile Stats | Issued: 28 Running: 2 Finished: 26
[2026-03-12 13:29:21.138] [info] cycle: [440000]
[2026-03-12 13:29:21.138] [info] Core [1] Tile Stats | Issued: 30 Running: 2 Finished: 28
[2026-03-12 13:29:21.138] [info] cycle: [440000]
[2026-03-12 13:29:21.138] [info] Core [2] Tile Stats | Issued: 28 Running: 2 Finished: 26
[2026-03-12 13:29:21.138] [info] cycle: [440000]
[2026-03-12 13:29:21.138] [info] Core [3] Tile Stats | Issued: 28 Running: 2 Finished: 26
[2026-03-12 13:29:21.138] [info] cycle: [440000]
[2026-03-12 13:29:21.138] [info] [ICNT] Core->ICNT request 0GB/Sec,0
[2026-03-12 13:29:21.138] [info] [ICNT] Core<-ICNT request 413GB/Sec,103487
[2026-03-12 13:29:21.138] [info] [ICNT] ICNT->MEM request 0GB/Sec,0
[2026-03-12 13:29:21.138] [info] [ICNT] ICNT<-MEM request 0GB/Sec,0
[2026-03-12 13:29:21.819] [info] Core [0] Tile Stats | Issued: 28 Running: 2 Finished: 26
[2026-03-12 13:29:21.819] [info] cycle: [448000]
[2026-03-12 13:29:21.819] [info] Core [1] Tile Stats | Issued: 30 Running: 2 Finished: 28
[2026-03-12 13:29:21.819] [info] cycle: [448000]
[2026-03-12 13:29:21.819] [info] Core [2] Tile Stats | Issued: 28 Running: 2 Finished: 26
[2026-03-12 13:29:21.819] [info] cycle: [448000]
[2026-03-12 13:29:21.819] [info] Core [3] Tile Stats | Issued: 28 Running: 2 Finished: 26
[2026-03-12 13:29:21.819] [info] cycle: [448000]
[2026-03-12 13:29:21.819] [info] [ICNT] Core->ICNT request 0GB/Sec,0
[2026-03-12 13:29:21.819] [info] [ICNT] Core<-ICNT request 414GB/Sec,103524
[2026-03-12 13:29:21.819] [info] [ICNT] ICNT->MEM request 0GB/Sec,0
[2026-03-12 13:29:21.819] [info] [ICNT] ICNT<-MEM request 0GB/Sec,0
[2026-03-12 13:29:22.481] [info] Core [0] Tile Stats | Issued: 28 Running: 2 Finished: 26
[2026-03-12 13:29:22.481] [info] cycle: [456000]
[2026-03-12 13:29:22.481] [info] Core [1] Tile Stats | Issued: 30 Running: 2 Finished: 28
[2026-03-12 13:29:22.481] [info] cycle: [456000]
[2026-03-12 13:29:22.481] [info] Core [2] Tile Stats | Issued: 28 Running: 2 Finished: 26
[2026-03-12 13:29:22.481] [info] cycle: [456000]
[2026-03-12 13:29:22.481] [info] Core [3] Tile Stats | Issued: 28 Running: 2 Finished: 26
[2026-03-12 13:29:22.481] [info] cycle: [456000]
[2026-03-12 13:29:22.481] [info] [ICNT] Core->ICNT request 0GB/Sec,0
[2026-03-12 13:29:22.481] [info] [ICNT] Core<-ICNT request 383GB/Sec,95988
[2026-03-12 13:29:22.481] [info] [ICNT] ICNT->MEM request 0GB/Sec,0
[2026-03-12 13:29:22.481] [info] [ICNT] ICNT<-MEM request 0GB/Sec,0
[2026-03-12 13:29:23.104] [info] Core [0] Tile Stats | Issued: 29 Running: 2 Finished: 27
[2026-03-12 13:29:23.104] [info] cycle: [464000]
[2026-03-12 13:29:23.104] [info] Core [1] Tile Stats | Issued: 31 Running: 2 Finished: 29
[2026-03-12 13:29:23.104] [info] cycle: [464000]
[2026-03-12 13:29:23.104] [info] Core [2] Tile Stats | Issued: 29 Running: 2 Finished: 27
[2026-03-12 13:29:23.104] [info] cycle: [464000]
[2026-03-12 13:29:23.104] [info] Core [3] Tile Stats | Issued: 29 Running: 2 Finished: 27
[2026-03-12 13:29:23.104] [info] cycle: [464000]
[2026-03-12 13:29:23.104] [info] [ICNT] Core->ICNT request 539GB/Sec,134864
[2026-03-12 13:29:23.104] [info] [ICNT] Core<-ICNT request 279GB/Sec,69928
[2026-03-12 13:29:23.104] [info] [ICNT] ICNT->MEM request 0GB/Sec,0
[2026-03-12 13:29:23.104] [info] [ICNT] ICNT<-MEM request 0GB/Sec,0
[2026-03-12 13:29:23.816] [info] Core [0] Tile Stats | Issued: 29 Running: 2 Finished: 27
[2026-03-12 13:29:23.816] [info] cycle: [472000]
[2026-03-12 13:29:23.816] [info] Core [1] Tile Stats | Issued: 31 Running: 2 Finished: 29
[2026-03-12 13:29:23.816] [info] cycle: [472000]
[2026-03-12 13:29:23.816] [info] Core [2] Tile Stats | Issued: 29 Running: 2 Finished: 27
[2026-03-12 13:29:23.816] [info] cycle: [472000]
[2026-03-12 13:29:23.816] [info] Core [3] Tile Stats | Issued: 29 Running: 2 Finished: 27
[2026-03-12 13:29:23.816] [info] cycle: [472000]
[2026-03-12 13:29:23.816] [info] [ICNT] Core->ICNT request 1962GB/Sec,490624
[2026-03-12 13:29:23.816] [info] [ICNT] Core<-ICNT request 396GB/Sec,99112
[2026-03-12 13:29:23.816] [info] [ICNT] ICNT->MEM request 0GB/Sec,0
[2026-03-12 13:29:23.816] [info] [ICNT] ICNT<-MEM request 0GB/Sec,0
[2026-03-12 13:29:24.325] [info] Core [0] Tile Stats | Issued: 29 Running: 2 Finished: 27
[2026-03-12 13:29:24.325] [info] cycle: [480000]
[2026-03-12 13:29:24.325] [info] Core [1] Tile Stats | Issued: 31 Running: 2 Finished: 29
[2026-03-12 13:29:24.325] [info] cycle: [480000]
[2026-03-12 13:29:24.325] [info] Core [2] Tile Stats | Issued: 29 Running: 2 Finished: 27
[2026-03-12 13:29:24.325] [info] cycle: [480000]
[2026-03-12 13:29:24.325] [info] Core [3] Tile Stats | Issued: 29 Running: 2 Finished: 27
[2026-03-12 13:29:24.325] [info] cycle: [480000]
[2026-03-12 13:29:24.325] [info] [ICNT] Core->ICNT request 56GB/Sec,14000
[2026-03-12 13:29:24.325] [info] [ICNT] Core<-ICNT request 464GB/Sec,116222
[2026-03-12 13:29:24.325] [info] [ICNT] ICNT->MEM request 0GB/Sec,0
[2026-03-12 13:29:24.325] [info] [ICNT] ICNT<-MEM request 0GB/Sec,0
[2026-03-12 13:29:25.020] [info] Core [0] Tile Stats | Issued: 29 Running: 2 Finished: 27
[2026-03-12 13:29:25.020] [info] cycle: [488000]
[2026-03-12 13:29:25.020] [info] Core [1] Tile Stats | Issued: 31 Running: 2 Finished: 29
[2026-03-12 13:29:25.020] [info] cycle: [488000]
[2026-03-12 13:29:25.020] [info] Core [2] Tile Stats | Issued: 29 Running: 2 Finished: 27
[2026-03-12 13:29:25.020] [info] cycle: [488000]
[2026-03-12 13:29:25.020] [info] Core [3] Tile Stats | Issued: 29 Running: 2 Finished: 27
[2026-03-12 13:29:25.020] [info] cycle: [488000]
[2026-03-12 13:29:25.020] [info] [ICNT] Core->ICNT request 0GB/Sec,0
[2026-03-12 13:29:25.020] [info] [ICNT] Core<-ICNT request 370GB/Sec,92502
[2026-03-12 13:29:25.020] [info] [ICNT] ICNT->MEM request 0GB/Sec,0
[2026-03-12 13:29:25.020] [info] [ICNT] ICNT<-MEM request 0GB/Sec,0
[2026-03-12 13:29:25.707] [info] Core [0] Tile Stats | Issued: 29 Running: 2 Finished: 27
[2026-03-12 13:29:25.707] [info] cycle: [496000]
[2026-03-12 13:29:25.707] [info] Core [1] Tile Stats | Issued: 31 Running: 2 Finished: 29
[2026-03-12 13:29:25.707] [info] cycle: [496000]
[2026-03-12 13:29:25.707] [info] Core [2] Tile Stats | Issued: 29 Running: 2 Finished: 27
[2026-03-12 13:29:25.707] [info] cycle: [496000]
[2026-03-12 13:29:25.707] [info] Core [3] Tile Stats | Issued: 29 Running: 2 Finished: 27
[2026-03-12 13:29:25.707] [info] cycle: [496000]
[2026-03-12 13:29:25.707] [info] [ICNT] Core->ICNT request 0GB/Sec,0
[2026-03-12 13:29:25.707] [info] [ICNT] Core<-ICNT request 369GB/Sec,92484
[2026-03-12 13:29:25.707] [info] [ICNT] ICNT->MEM request 0GB/Sec,0
[2026-03-12 13:29:25.707] [info] [ICNT] ICNT<-MEM request 0GB/Sec,0
[2026-03-12 13:29:26.401] [info] Core [0] Tile Stats | Issued: 29 Running: 2 Finished: 27
[2026-03-12 13:29:26.401] [info] cycle: [504000]
[2026-03-12 13:29:26.401] [info] Core [1] Tile Stats | Issued: 31 Running: 2 Finished: 29
[2026-03-12 13:29:26.401] [info] cycle: [504000]
[2026-03-12 13:29:26.401] [info] Core [2] Tile Stats | Issued: 29 Running: 2 Finished: 27
[2026-03-12 13:29:26.401] [info] cycle: [504000]
[2026-03-12 13:29:26.401] [info] Core [3] Tile Stats | Issued: 29 Running: 2 Finished: 27
[2026-03-12 13:29:26.401] [info] cycle: [504000]
[2026-03-12 13:29:26.401] [info] [ICNT] Core->ICNT request 0GB/Sec,0
[2026-03-12 13:29:26.401] [info] [ICNT] Core<-ICNT request 369GB/Sec,92480
[2026-03-12 13:29:26.401] [info] [ICNT] ICNT->MEM request 0GB/Sec,0
[2026-03-12 13:29:26.401] [info] [ICNT] ICNT<-MEM request 0GB/Sec,0
[2026-03-12 13:29:27.054] [info] Core [0] Tile Stats | Issued: 29 Running: 2 Finished: 27
[2026-03-12 13:29:27.054] [info] cycle: [512000]
[2026-03-12 13:29:27.054] [info] Core [1] Tile Stats | Issued: 31 Running: 2 Finished: 29
[2026-03-12 13:29:27.054] [info] cycle: [512000]
[2026-03-12 13:29:27.054] [info] Core [2] Tile Stats | Issued: 29 Running: 2 Finished: 27
[2026-03-12 13:29:27.054] [info] cycle: [512000]
[2026-03-12 13:29:27.054] [info] Core [3] Tile Stats | Issued: 29 Running: 2 Finished: 27
[2026-03-12 13:29:27.054] [info] cycle: [512000]
[2026-03-12 13:29:27.054] [info] [ICNT] Core->ICNT request 0GB/Sec,0
[2026-03-12 13:29:27.054] [info] [ICNT] Core<-ICNT request 333GB/Sec,83382
[2026-03-12 13:29:27.054] [info] [ICNT] ICNT->MEM request 0GB/Sec,0
[2026-03-12 13:29:27.054] [info] [ICNT] ICNT<-MEM request 0GB/Sec,0
[2026-03-12 13:29:27.718] [info] Core [0] Tile Stats | Issued: 29 Running: 2 Finished: 27
[2026-03-12 13:29:27.718] [info] cycle: [520000]
[2026-03-12 13:29:27.718] [info] Core [1] Tile Stats | Issued: 32 Running: 2 Finished: 30
[2026-03-12 13:29:27.718] [info] cycle: [520000]
[2026-03-12 13:29:27.718] [info] Core [2] Tile Stats | Issued: 30 Running: 2 Finished: 28
[2026-03-12 13:29:27.718] [info] cycle: [520000]
[2026-03-12 13:29:27.718] [info] Core [3] Tile Stats | Issued: 30 Running: 2 Finished: 28
[2026-03-12 13:29:27.718] [info] cycle: [520000]
[2026-03-12 13:29:27.718] [info] [ICNT] Core->ICNT request 182GB/Sec,45648
[2026-03-12 13:29:27.718] [info] [ICNT] Core<-ICNT request 307GB/Sec,76905
[2026-03-12 13:29:27.718] [info] [ICNT] ICNT->MEM request 0GB/Sec,0
[2026-03-12 13:29:27.718] [info] [ICNT] ICNT<-MEM request 0GB/Sec,0
[2026-03-12 13:29:28.376] [info] Core [0] Tile Stats | Issued: 30 Running: 2 Finished: 28
[2026-03-12 13:29:28.376] [info] cycle: [528000]
[2026-03-12 13:29:28.376] [info] Core [1] Tile Stats | Issued: 32 Running: 2 Finished: 30
[2026-03-12 13:29:28.376] [info] cycle: [528000]
[2026-03-12 13:29:28.376] [info] Core [2] Tile Stats | Issued: 30 Running: 2 Finished: 28
[2026-03-12 13:29:28.376] [info] cycle: [528000]
[2026-03-12 13:29:28.376] [info] Core [3] Tile Stats | Issued: 30 Running: 2 Finished: 28
[2026-03-12 13:29:28.376] [info] cycle: [528000]
[2026-03-12 13:29:28.376] [info] [ICNT] Core->ICNT request 2020GB/Sec,505216
[2026-03-12 13:29:28.376] [info] [ICNT] Core<-ICNT request 419GB/Sec,104762
[2026-03-12 13:29:28.376] [info] [ICNT] ICNT->MEM request 0GB/Sec,0
[2026-03-12 13:29:28.376] [info] [ICNT] ICNT<-MEM request 0GB/Sec,0
[2026-03-12 13:29:28.969] [info] Core [0] Tile Stats | Issued: 30 Running: 2 Finished: 28
[2026-03-12 13:29:28.969] [info] cycle: [536000]
[2026-03-12 13:29:28.969] [info] Core [1] Tile Stats | Issued: 32 Running: 2 Finished: 30
[2026-03-12 13:29:28.969] [info] cycle: [536000]
[2026-03-12 13:29:28.969] [info] Core [2] Tile Stats | Issued: 30 Running: 2 Finished: 28
[2026-03-12 13:29:28.969] [info] cycle: [536000]
[2026-03-12 13:29:28.969] [info] Core [3] Tile Stats | Issued: 30 Running: 2 Finished: 28
[2026-03-12 13:29:28.969] [info] cycle: [536000]
[2026-03-12 13:29:28.969] [info] [ICNT] Core->ICNT request 354GB/Sec,88624
[2026-03-12 13:29:28.969] [info] [ICNT] Core<-ICNT request 449GB/Sec,112271
[2026-03-12 13:29:28.969] [info] [ICNT] ICNT->MEM request 0GB/Sec,0
[2026-03-12 13:29:28.969] [info] [ICNT] ICNT<-MEM request 0GB/Sec,0
[2026-03-12 13:29:29.716] [info] Core [0] Tile Stats | Issued: 30 Running: 2 Finished: 28
[2026-03-12 13:29:29.716] [info] cycle: [544000]
[2026-03-12 13:29:29.716] [info] Core [1] Tile Stats | Issued: 32 Running: 2 Finished: 30
[2026-03-12 13:29:29.716] [info] cycle: [544000]
[2026-03-12 13:29:29.716] [info] Core [2] Tile Stats | Issued: 30 Running: 2 Finished: 28
[2026-03-12 13:29:29.716] [info] cycle: [544000]
[2026-03-12 13:29:29.716] [info] Core [3] Tile Stats | Issued: 30 Running: 2 Finished: 28
[2026-03-12 13:29:29.716] [info] cycle: [544000]
[2026-03-12 13:29:29.716] [info] [ICNT] Core->ICNT request 0GB/Sec,0
[2026-03-12 13:29:29.716] [info] [ICNT] Core<-ICNT request 377GB/Sec,94396
[2026-03-12 13:29:29.716] [info] [ICNT] ICNT->MEM request 0GB/Sec,0
[2026-03-12 13:29:29.716] [info] [ICNT] ICNT<-MEM request 0GB/Sec,0
[2026-03-12 13:29:30.459] [info] Core [0] Tile Stats | Issued: 30 Running: 2 Finished: 28
[2026-03-12 13:29:30.459] [info] cycle: [552000]
[2026-03-12 13:29:30.459] [info] Core [1] Tile Stats | Issued: 32 Running: 2 Finished: 30
[2026-03-12 13:29:30.459] [info] cycle: [552000]
[2026-03-12 13:29:30.459] [info] Core [2] Tile Stats | Issued: 30 Running: 2 Finished: 28
[2026-03-12 13:29:30.459] [info] cycle: [552000]
[2026-03-12 13:29:30.459] [info] Core [3] Tile Stats | Issued: 30 Running: 2 Finished: 28
[2026-03-12 13:29:30.459] [info] cycle: [552000]
[2026-03-12 13:29:30.459] [info] [ICNT] Core->ICNT request 0GB/Sec,0
[2026-03-12 13:29:30.459] [info] [ICNT] Core<-ICNT request 377GB/Sec,94358
[2026-03-12 13:29:30.459] [info] [ICNT] ICNT->MEM request 0GB/Sec,0
[2026-03-12 13:29:30.459] [info] [ICNT] ICNT<-MEM request 0GB/Sec,0
[2026-03-12 13:29:31.164] [info] Core [0] Tile Stats | Issued: 30 Running: 2 Finished: 28
[2026-03-12 13:29:31.164] [info] cycle: [560000]
[2026-03-12 13:29:31.164] [info] Core [1] Tile Stats | Issued: 32 Running: 2 Finished: 30
[2026-03-12 13:29:31.164] [info] cycle: [560000]
[2026-03-12 13:29:31.164] [info] Core [2] Tile Stats | Issued: 30 Running: 2 Finished: 28
[2026-03-12 13:29:31.164] [info] cycle: [560000]
[2026-03-12 13:29:31.164] [info] Core [3] Tile Stats | Issued: 30 Running: 2 Finished: 28
[2026-03-12 13:29:31.164] [info] cycle: [560000]
[2026-03-12 13:29:31.164] [info] [ICNT] Core->ICNT request 0GB/Sec,0
[2026-03-12 13:29:31.164] [info] [ICNT] Core<-ICNT request 374GB/Sec,93607
[2026-03-12 13:29:31.164] [info] [ICNT] ICNT->MEM request 0GB/Sec,0
[2026-03-12 13:29:31.164] [info] [ICNT] ICNT<-MEM request 0GB/Sec,0
[2026-03-12 13:29:31.854] [info] Core [0] Tile Stats | Issued: 30 Running: 2 Finished: 28
[2026-03-12 13:29:31.854] [info] cycle: [568000]
[2026-03-12 13:29:31.854] [info] Core [1] Tile Stats | Issued: 32 Running: 2 Finished: 30
[2026-03-12 13:29:31.854] [info] cycle: [568000]
[2026-03-12 13:29:31.854] [info] Core [2] Tile Stats | Issued: 30 Running: 2 Finished: 28
[2026-03-12 13:29:31.854] [info] cycle: [568000]
[2026-03-12 13:29:31.854] [info] Core [3] Tile Stats | Issued: 30 Running: 2 Finished: 28
[2026-03-12 13:29:31.854] [info] cycle: [568000]
[2026-03-12 13:29:31.854] [info] [ICNT] Core->ICNT request 0GB/Sec,0
[2026-03-12 13:29:31.854] [info] [ICNT] Core<-ICNT request 298GB/Sec,74587
[2026-03-12 13:29:31.854] [info] [ICNT] ICNT->MEM request 0GB/Sec,0
[2026-03-12 13:29:31.854] [info] [ICNT] ICNT<-MEM request 0GB/Sec,0
[2026-03-12 13:29:32.551] [info] Core [0] Tile Stats | Issued: 30 Running: 2 Finished: 28
[2026-03-12 13:29:32.551] [info] cycle: [576000]
[2026-03-12 13:29:32.551] [info] Core [1] Tile Stats | Issued: 33 Running: 2 Finished: 31
[2026-03-12 13:29:32.551] [info] cycle: [576000]
[2026-03-12 13:29:32.551] [info] Core [2] Tile Stats | Issued: 31 Running: 2 Finished: 29
[2026-03-12 13:29:32.551] [info] cycle: [576000]
[2026-03-12 13:29:32.551] [info] Core [3] Tile Stats | Issued: 31 Running: 2 Finished: 29
[2026-03-12 13:29:32.551] [info] cycle: [576000]
[2026-03-12 13:29:32.551] [info] [ICNT] Core->ICNT request 77GB/Sec,19264
[2026-03-12 13:29:32.551] [info] [ICNT] Core<-ICNT request 281GB/Sec,70268
[2026-03-12 13:29:32.551] [info] [ICNT] ICNT->MEM request 0GB/Sec,0
[2026-03-12 13:29:32.551] [info] [ICNT] ICNT<-MEM request 0GB/Sec,0
[2026-03-12 13:29:33.218] [info] Core [0] Tile Stats | Issued: 31 Running: 2 Finished: 29
[2026-03-12 13:29:33.218] [info] cycle: [584000]
[2026-03-12 13:29:33.218] [info] Core [1] Tile Stats | Issued: 33 Running: 2 Finished: 31
[2026-03-12 13:29:33.218] [info] cycle: [584000]
[2026-03-12 13:29:33.218] [info] Core [2] Tile Stats | Issued: 31 Running: 2 Finished: 29
[2026-03-12 13:29:33.218] [info] cycle: [584000]
[2026-03-12 13:29:33.218] [info] Core [3] Tile Stats | Issued: 31 Running: 2 Finished: 29
[2026-03-12 13:29:33.218] [info] cycle: [584000]
[2026-03-12 13:29:33.218] [info] [ICNT] Core->ICNT request 1969GB/Sec,492416
[2026-03-12 13:29:33.218] [info] [ICNT] Core<-ICNT request 393GB/Sec,98313
[2026-03-12 13:29:33.218] [info] [ICNT] ICNT->MEM request 0GB/Sec,0
[2026-03-12 13:29:33.218] [info] [ICNT] ICNT<-MEM request 0GB/Sec,0
[2026-03-12 13:29:33.910] [info] Core [0] Tile Stats | Issued: 31 Running: 2 Finished: 29
[2026-03-12 13:29:33.910] [info] cycle: [592000]
[2026-03-12 13:29:33.910] [info] Core [1] Tile Stats | Issued: 33 Running: 2 Finished: 31
[2026-03-12 13:29:33.910] [info] cycle: [592000]
[2026-03-12 13:29:33.910] [info] Core [2] Tile Stats | Issued: 31 Running: 2 Finished: 29
[2026-03-12 13:29:33.910] [info] cycle: [592000]
[2026-03-12 13:29:33.910] [info] Core [3] Tile Stats | Issued: 31 Running: 2 Finished: 29
[2026-03-12 13:29:33.910] [info] cycle: [592000]
[2026-03-12 13:29:33.910] [info] [ICNT] Core->ICNT request 511GB/Sec,127808
[2026-03-12 13:29:33.910] [info] [ICNT] Core<-ICNT request 419GB/Sec,104820
[2026-03-12 13:29:33.910] [info] [ICNT] ICNT->MEM request 0GB/Sec,0
[2026-03-12 13:29:33.910] [info] [ICNT] ICNT<-MEM request 0GB/Sec,0
[2026-03-12 13:29:34.632] [info] Core [0] Tile Stats | Issued: 31 Running: 2 Finished: 29
[2026-03-12 13:29:34.632] [info] cycle: [600000]
[2026-03-12 13:29:34.632] [info] Core [1] Tile Stats | Issued: 33 Running: 2 Finished: 31
[2026-03-12 13:29:34.632] [info] cycle: [600000]
[2026-03-12 13:29:34.632] [info] Core [2] Tile Stats | Issued: 31 Running: 2 Finished: 29
[2026-03-12 13:29:34.632] [info] cycle: [600000]
[2026-03-12 13:29:34.632] [info] Core [3] Tile Stats | Issued: 31 Running: 2 Finished: 29
[2026-03-12 13:29:34.632] [info] cycle: [600000]
[2026-03-12 13:29:34.632] [info] [ICNT] Core->ICNT request 0GB/Sec,0
[2026-03-12 13:29:34.632] [info] [ICNT] Core<-ICNT request 354GB/Sec,88674
[2026-03-12 13:29:34.632] [info] [ICNT] ICNT->MEM request 0GB/Sec,0
[2026-03-12 13:29:34.632] [info] [ICNT] ICNT<-MEM request 0GB/Sec,0
[2026-03-12 13:29:35.341] [info] Core [0] Tile Stats | Issued: 31 Running: 2 Finished: 29
[2026-03-12 13:29:35.341] [info] cycle: [608000]
[2026-03-12 13:29:35.341] [info] Core [1] Tile Stats | Issued: 33 Running: 2 Finished: 31
[2026-03-12 13:29:35.341] [info] cycle: [608000]
[2026-03-12 13:29:35.341] [info] Core [2] Tile Stats | Issued: 31 Running: 2 Finished: 29
[2026-03-12 13:29:35.341] [info] cycle: [608000]
[2026-03-12 13:29:35.341] [info] Core [3] Tile Stats | Issued: 31 Running: 2 Finished: 29
[2026-03-12 13:29:35.341] [info] cycle: [608000]
[2026-03-12 13:29:35.341] [info] [ICNT] Core->ICNT request 0GB/Sec,0
[2026-03-12 13:29:35.341] [info] [ICNT] Core<-ICNT request 348GB/Sec,87037
[2026-03-12 13:29:35.341] [info] [ICNT] ICNT->MEM request 0GB/Sec,0
[2026-03-12 13:29:35.341] [info] [ICNT] ICNT<-MEM request 0GB/Sec,0
[2026-03-12 13:29:36.074] [info] Core [0] Tile Stats | Issued: 31 Running: 2 Finished: 29
[2026-03-12 13:29:36.074] [info] cycle: [616000]
[2026-03-12 13:29:36.074] [info] Core [1] Tile Stats | Issued: 33 Running: 2 Finished: 31
[2026-03-12 13:29:36.074] [info] cycle: [616000]
[2026-03-12 13:29:36.074] [info] Core [2] Tile Stats | Issued: 31 Running: 2 Finished: 29
[2026-03-12 13:29:36.074] [info] cycle: [616000]
[2026-03-12 13:29:36.074] [info] Core [3] Tile Stats | Issued: 31 Running: 2 Finished: 29
[2026-03-12 13:29:36.074] [info] cycle: [616000]
[2026-03-12 13:29:36.074] [info] [ICNT] Core->ICNT request 0GB/Sec,0
[2026-03-12 13:29:36.074] [info] [ICNT] Core<-ICNT request 348GB/Sec,87068
[2026-03-12 13:29:36.074] [info] [ICNT] ICNT->MEM request 0GB/Sec,0
[2026-03-12 13:29:36.074] [info] [ICNT] ICNT<-MEM request 0GB/Sec,0
[2026-03-12 13:29:36.747] [info] Core [0] Tile Stats | Issued: 31 Running: 2 Finished: 29
[2026-03-12 13:29:36.747] [info] cycle: [624000]
[2026-03-12 13:29:36.747] [info] Core [1] Tile Stats | Issued: 33 Running: 2 Finished: 31
[2026-03-12 13:29:36.747] [info] cycle: [624000]
[2026-03-12 13:29:36.747] [info] Core [2] Tile Stats | Issued: 31 Running: 2 Finished: 29
[2026-03-12 13:29:36.747] [info] cycle: [624000]
[2026-03-12 13:29:36.747] [info] Core [3] Tile Stats | Issued: 31 Running: 2 Finished: 29
[2026-03-12 13:29:36.747] [info] cycle: [624000]
[2026-03-12 13:29:36.747] [info] [ICNT] Core->ICNT request 0GB/Sec,0
[2026-03-12 13:29:36.747] [info] [ICNT] Core<-ICNT request 336GB/Sec,84216
[2026-03-12 13:29:36.747] [info] [ICNT] ICNT->MEM request 0GB/Sec,0
[2026-03-12 13:29:36.747] [info] [ICNT] ICNT<-MEM request 0GB/Sec,0
[2026-03-12 13:29:37.427] [info] Core [0] Tile Stats | Issued: 31 Running: 2 Finished: 29
[2026-03-12 13:29:37.427] [info] cycle: [632000]
[2026-03-12 13:29:37.427] [info] Core [1] Tile Stats | Issued: 33 Running: 2 Finished: 31
[2026-03-12 13:29:37.427] [info] cycle: [632000]
[2026-03-12 13:29:37.427] [info] Core [2] Tile Stats | Issued: 31 Running: 2 Finished: 29
[2026-03-12 13:29:37.427] [info] cycle: [632000]
[2026-03-12 13:29:37.427] [info] Core [3] Tile Stats | Issued: 31 Running: 2 Finished: 29
[2026-03-12 13:29:37.427] [info] cycle: [632000]
[2026-03-12 13:29:37.427] [info] [ICNT] Core->ICNT request 28GB/Sec,7200
[2026-03-12 13:29:37.427] [info] [ICNT] Core<-ICNT request 383GB/Sec,95936
[2026-03-12 13:29:37.427] [info] [ICNT] ICNT->MEM request 0GB/Sec,0
[2026-03-12 13:29:37.427] [info] [ICNT] ICNT<-MEM request 0GB/Sec,0
[2026-03-12 13:29:38.104] [info] Core [0] Tile Stats | Issued: 32 Running: 2 Finished: 30
[2026-03-12 13:29:38.104] [info] cycle: [640000]
[2026-03-12 13:29:38.104] [info] Core [1] Tile Stats | Issued: 34 Running: 2 Finished: 32
[2026-03-12 13:29:38.104] [info] cycle: [640000]
[2026-03-12 13:29:38.104] [info] Core [2] Tile Stats | Issued: 32 Running: 2 Finished: 30
[2026-03-12 13:29:38.104] [info] cycle: [640000]
[2026-03-12 13:29:38.104] [info] Core [3] Tile Stats | Issued: 32 Running: 2 Finished: 30
[2026-03-12 13:29:38.104] [info] cycle: [640000]
[2026-03-12 13:29:38.104] [info] [ICNT] Core->ICNT request 945GB/Sec,236384
[2026-03-12 13:29:38.104] [info] [ICNT] Core<-ICNT request 466GB/Sec,116665
[2026-03-12 13:29:38.104] [info] [ICNT] ICNT->MEM request 0GB/Sec,0
[2026-03-12 13:29:38.104] [info] [ICNT] ICNT<-MEM request 0GB/Sec,0
[2026-03-12 13:29:38.805] [info] Core [0] Tile Stats | Issued: 32 Running: 2 Finished: 30
[2026-03-12 13:29:38.805] [info] cycle: [648000]
[2026-03-12 13:29:38.805] [info] Core [1] Tile Stats | Issued: 34 Running: 2 Finished: 32
[2026-03-12 13:29:38.805] [info] cycle: [648000]
[2026-03-12 13:29:38.805] [info] Core [2] Tile Stats | Issued: 32 Running: 2 Finished: 30
[2026-03-12 13:29:38.805] [info] cycle: [648000]
[2026-03-12 13:29:38.805] [info] Core [3] Tile Stats | Issued: 32 Running: 2 Finished: 30
[2026-03-12 13:29:38.805] [info] cycle: [648000]
[2026-03-12 13:29:38.805] [info] [ICNT] Core->ICNT request 1583GB/Sec,395904
[2026-03-12 13:29:38.805] [info] [ICNT] Core<-ICNT request 493GB/Sec,123367
[2026-03-12 13:29:38.805] [info] [ICNT] ICNT->MEM request 0GB/Sec,0
[2026-03-12 13:29:38.805] [info] [ICNT] ICNT<-MEM request 0GB/Sec,0
[2026-03-12 13:29:39.514] [info] Core [0] Tile Stats | Issued: 32 Running: 2 Finished: 30
[2026-03-12 13:29:39.514] [info] cycle: [656000]
[2026-03-12 13:29:39.514] [info] Core [1] Tile Stats | Issued: 34 Running: 2 Finished: 32
[2026-03-12 13:29:39.514] [info] cycle: [656000]
[2026-03-12 13:29:39.514] [info] Core [2] Tile Stats | Issued: 32 Running: 2 Finished: 30
[2026-03-12 13:29:39.514] [info] cycle: [656000]
[2026-03-12 13:29:39.514] [info] Core [3] Tile Stats | Issued: 32 Running: 2 Finished: 30
[2026-03-12 13:29:39.514] [info] cycle: [656000]
[2026-03-12 13:29:39.514] [info] [ICNT] Core->ICNT request 0GB/Sec,0
[2026-03-12 13:29:39.514] [info] [ICNT] Core<-ICNT request 481GB/Sec,120436
[2026-03-12 13:29:39.514] [info] [ICNT] ICNT->MEM request 0GB/Sec,0
[2026-03-12 13:29:39.514] [info] [ICNT] ICNT<-MEM request 0GB/Sec,0
[2026-03-12 13:29:40.252] [info] Core [0] Tile Stats | Issued: 32 Running: 2 Finished: 30
[2026-03-12 13:29:40.252] [info] cycle: [664000]
[2026-03-12 13:29:40.252] [info] Core [1] Tile Stats | Issued: 34 Running: 2 Finished: 32
[2026-03-12 13:29:40.252] [info] cycle: [664000]
[2026-03-12 13:29:40.252] [info] Core [2] Tile Stats | Issued: 32 Running: 2 Finished: 30
[2026-03-12 13:29:40.252] [info] cycle: [664000]
[2026-03-12 13:29:40.252] [info] Core [3] Tile Stats | Issued: 32 Running: 2 Finished: 30
[2026-03-12 13:29:40.252] [info] cycle: [664000]
[2026-03-12 13:29:40.252] [info] [ICNT] Core->ICNT request 0GB/Sec,0
[2026-03-12 13:29:40.252] [info] [ICNT] Core<-ICNT request 459GB/Sec,114933
[2026-03-12 13:29:40.252] [info] [ICNT] ICNT->MEM request 0GB/Sec,0
[2026-03-12 13:29:40.252] [info] [ICNT] ICNT<-MEM request 0GB/Sec,0
[2026-03-12 13:29:40.903] [info] Core [0] Tile Stats | Issued: 32 Running: 2 Finished: 30
[2026-03-12 13:29:40.903] [info] cycle: [672000]
[2026-03-12 13:29:40.903] [info] Core [1] Tile Stats | Issued: 34 Running: 2 Finished: 32
[2026-03-12 13:29:40.903] [info] cycle: [672000]
[2026-03-12 13:29:40.903] [info] Core [2] Tile Stats | Issued: 32 Running: 2 Finished: 30
[2026-03-12 13:29:40.903] [info] cycle: [672000]
[2026-03-12 13:29:40.903] [info] Core [3] Tile Stats | Issued: 32 Running: 2 Finished: 30
[2026-03-12 13:29:40.903] [info] cycle: [672000]
[2026-03-12 13:29:40.903] [info] [ICNT] Core->ICNT request 0GB/Sec,0
[2026-03-12 13:29:40.903] [info] [ICNT] Core<-ICNT request 381GB/Sec,95337
[2026-03-12 13:29:40.903] [info] [ICNT] ICNT->MEM request 0GB/Sec,0
[2026-03-12 13:29:40.903] [info] [ICNT] ICNT<-MEM request 0GB/Sec,0
[2026-03-12 13:29:41.558] [info] Core [0] Tile Stats | Issued: 32 Running: 2 Finished: 30
[2026-03-12 13:29:41.558] [info] cycle: [680000]
[2026-03-12 13:29:41.558] [info] Core [1] Tile Stats | Issued: 34 Running: 2 Finished: 32
[2026-03-12 13:29:41.558] [info] cycle: [680000]
[2026-03-12 13:29:41.558] [info] Core [2] Tile Stats | Issued: 33 Running: 2 Finished: 31
[2026-03-12 13:29:41.558] [info] cycle: [680000]
[2026-03-12 13:29:41.558] [info] Core [3] Tile Stats | Issued: 32 Running: 2 Finished: 30
[2026-03-12 13:29:41.558] [info] cycle: [680000]
[2026-03-12 13:29:41.558] [info] [ICNT] Core->ICNT request 79GB/Sec,19968
[2026-03-12 13:29:41.558] [info] [ICNT] Core<-ICNT request 386GB/Sec,96615
[2026-03-12 13:29:41.558] [info] [ICNT] ICNT->MEM request 0GB/Sec,0
[2026-03-12 13:29:41.558] [info] [ICNT] ICNT<-MEM request 0GB/Sec,0
[2026-03-12 13:29:42.251] [info] Core [0] Tile Stats | Issued: 33 Running: 2 Finished: 31
[2026-03-12 13:29:42.251] [info] cycle: [688000]
[2026-03-12 13:29:42.251] [info] Core [1] Tile Stats | Issued: 35 Running: 2 Finished: 33
[2026-03-12 13:29:42.251] [info] cycle: [688000]
[2026-03-12 13:29:42.251] [info] Core [2] Tile Stats | Issued: 33 Running: 2 Finished: 31
[2026-03-12 13:29:42.251] [info] cycle: [688000]
[2026-03-12 13:29:42.251] [info] Core [3] Tile Stats | Issued: 33 Running: 2 Finished: 31
[2026-03-12 13:29:42.251] [info] cycle: [688000]
[2026-03-12 13:29:42.251] [info] [ICNT] Core->ICNT request 1839GB/Sec,459984
[2026-03-12 13:29:42.251] [info] [ICNT] Core<-ICNT request 453GB/Sec,113309
[2026-03-12 13:29:42.251] [info] [ICNT] ICNT->MEM request 0GB/Sec,0
[2026-03-12 13:29:42.251] [info] [ICNT] ICNT<-MEM request 0GB/Sec,0
[2026-03-12 13:29:42.895] [info] Core [0] Tile Stats | Issued: 33 Running: 2 Finished: 31
[2026-03-12 13:29:42.895] [info] cycle: [696000]
[2026-03-12 13:29:42.895] [info] Core [1] Tile Stats | Issued: 35 Running: 2 Finished: 33
[2026-03-12 13:29:42.895] [info] cycle: [696000]
[2026-03-12 13:29:42.895] [info] Core [2] Tile Stats | Issued: 33 Running: 2 Finished: 31
[2026-03-12 13:29:42.895] [info] cycle: [696000]
[2026-03-12 13:29:42.895] [info] Core [3] Tile Stats | Issued: 33 Running: 2 Finished: 31
[2026-03-12 13:29:42.895] [info] cycle: [696000]
[2026-03-12 13:29:42.895] [info] [ICNT] Core->ICNT request 638GB/Sec,159536
[2026-03-12 13:29:42.895] [info] [ICNT] Core<-ICNT request 447GB/Sec,111822
[2026-03-12 13:29:42.895] [info] [ICNT] ICNT->MEM request 0GB/Sec,0
[2026-03-12 13:29:42.895] [info] [ICNT] ICNT<-MEM request 0GB/Sec,0
[2026-03-12 13:29:43.574] [info] Core [0] Tile Stats | Issued: 33 Running: 2 Finished: 31
[2026-03-12 13:29:43.574] [info] cycle: [704000]
[2026-03-12 13:29:43.574] [info] Core [1] Tile Stats | Issued: 35 Running: 2 Finished: 33
[2026-03-12 13:29:43.574] [info] cycle: [704000]
[2026-03-12 13:29:43.574] [info] Core [2] Tile Stats | Issued: 33 Running: 2 Finished: 31
[2026-03-12 13:29:43.574] [info] cycle: [704000]
[2026-03-12 13:29:43.574] [info] Core [3] Tile Stats | Issued: 33 Running: 2 Finished: 31
[2026-03-12 13:29:43.574] [info] cycle: [704000]
[2026-03-12 13:29:43.574] [info] [ICNT] Core->ICNT request 0GB/Sec,0
[2026-03-12 13:29:43.574] [info] [ICNT] Core<-ICNT request 421GB/Sec,105410
[2026-03-12 13:29:43.574] [info] [ICNT] ICNT->MEM request 0GB/Sec,0
[2026-03-12 13:29:43.575] [info] [ICNT] ICNT<-MEM request 0GB/Sec,0
[2026-03-12 13:29:44.259] [info] Core [0] Tile Stats | Issued: 33 Running: 2 Finished: 31
[2026-03-12 13:29:44.259] [info] cycle: [712000]
[2026-03-12 13:29:44.259] [info] Core [1] Tile Stats | Issued: 35 Running: 2 Finished: 33
[2026-03-12 13:29:44.259] [info] cycle: [712000]
[2026-03-12 13:29:44.259] [info] Core [2] Tile Stats | Issued: 33 Running: 2 Finished: 31
[2026-03-12 13:29:44.259] [info] cycle: [712000]
[2026-03-12 13:29:44.259] [info] Core [3] Tile Stats | Issued: 33 Running: 2 Finished: 31
[2026-03-12 13:29:44.259] [info] cycle: [712000]
[2026-03-12 13:29:44.259] [info] [ICNT] Core->ICNT request 0GB/Sec,0
[2026-03-12 13:29:44.259] [info] [ICNT] Core<-ICNT request 416GB/Sec,104069
[2026-03-12 13:29:44.259] [info] [ICNT] ICNT->MEM request 0GB/Sec,0
[2026-03-12 13:29:44.259] [info] [ICNT] ICNT<-MEM request 0GB/Sec,0
[2026-03-12 13:29:44.933] [info] Core [0] Tile Stats | Issued: 33 Running: 2 Finished: 31
[2026-03-12 13:29:44.933] [info] cycle: [720000]
[2026-03-12 13:29:44.933] [info] Core [1] Tile Stats | Issued: 35 Running: 2 Finished: 33
[2026-03-12 13:29:44.933] [info] cycle: [720000]
[2026-03-12 13:29:44.933] [info] Core [2] Tile Stats | Issued: 33 Running: 2 Finished: 31
[2026-03-12 13:29:44.933] [info] cycle: [720000]
[2026-03-12 13:29:44.933] [info] Core [3] Tile Stats | Issued: 33 Running: 2 Finished: 31
[2026-03-12 13:29:44.933] [info] cycle: [720000]
[2026-03-12 13:29:44.933] [info] [ICNT] Core->ICNT request 0GB/Sec,0
[2026-03-12 13:29:44.933] [info] [ICNT] Core<-ICNT request 383GB/Sec,95820
[2026-03-12 13:29:44.933] [info] [ICNT] ICNT->MEM request 0GB/Sec,0
[2026-03-12 13:29:44.933] [info] [ICNT] ICNT<-MEM request 0GB/Sec,0
[2026-03-12 13:29:45.606] [info] Core [0] Tile Stats | Issued: 33 Running: 2 Finished: 31
[2026-03-12 13:29:45.606] [info] cycle: [728000]
[2026-03-12 13:29:45.606] [info] Core [1] Tile Stats | Issued: 35 Running: 2 Finished: 33
[2026-03-12 13:29:45.606] [info] cycle: [728000]
[2026-03-12 13:29:45.606] [info] Core [2] Tile Stats | Issued: 33 Running: 2 Finished: 31
[2026-03-12 13:29:45.606] [info] cycle: [728000]
[2026-03-12 13:29:45.606] [info] Core [3] Tile Stats | Issued: 33 Running: 2 Finished: 31
[2026-03-12 13:29:45.606] [info] cycle: [728000]
[2026-03-12 13:29:45.606] [info] [ICNT] Core->ICNT request 38GB/Sec,9600
[2026-03-12 13:29:45.606] [info] [ICNT] Core<-ICNT request 411GB/Sec,102792
[2026-03-12 13:29:45.606] [info] [ICNT] ICNT->MEM request 0GB/Sec,0
[2026-03-12 13:29:45.606] [info] [ICNT] ICNT<-MEM request 0GB/Sec,0
[2026-03-12 13:29:46.314] [info] Core [0] Tile Stats | Issued: 34 Running: 2 Finished: 32
[2026-03-12 13:29:46.314] [info] cycle: [736000]
[2026-03-12 13:29:46.314] [info] Core [1] Tile Stats | Issued: 36 Running: 2 Finished: 34
[2026-03-12 13:29:46.314] [info] cycle: [736000]
[2026-03-12 13:29:46.314] [info] Core [2] Tile Stats | Issued: 34 Running: 2 Finished: 32
[2026-03-12 13:29:46.314] [info] cycle: [736000]
[2026-03-12 13:29:46.314] [info] Core [3] Tile Stats | Issued: 34 Running: 2 Finished: 32
[2026-03-12 13:29:46.314] [info] cycle: [736000]
[2026-03-12 13:29:46.314] [info] [ICNT] Core->ICNT request 1525GB/Sec,381360
[2026-03-12 13:29:46.314] [info] [ICNT] Core<-ICNT request 487GB/Sec,121915
[2026-03-12 13:29:46.314] [info] [ICNT] ICNT->MEM request 0GB/Sec,0
[2026-03-12 13:29:46.314] [info] [ICNT] ICNT<-MEM request 0GB/Sec,0
[2026-03-12 13:29:46.946] [info] Core [0] Tile Stats | Issued: 34 Running: 2 Finished: 32
[2026-03-12 13:29:46.946] [info] cycle: [744000]
[2026-03-12 13:29:46.946] [info] Core [1] Tile Stats | Issued: 36 Running: 2 Finished: 34
[2026-03-12 13:29:46.946] [info] cycle: [744000]
[2026-03-12 13:29:46.946] [info] Core [2] Tile Stats | Issued: 34 Running: 2 Finished: 32
[2026-03-12 13:29:46.946] [info] cycle: [744000]
[2026-03-12 13:29:46.946] [info] Core [3] Tile Stats | Issued: 34 Running: 2 Finished: 32
[2026-03-12 13:29:46.946] [info] cycle: [744000]
[2026-03-12 13:29:46.946] [info] [ICNT] Core->ICNT request 994GB/Sec,248528
[2026-03-12 13:29:46.946] [info] [ICNT] Core<-ICNT request 510GB/Sec,127554
[2026-03-12 13:29:46.946] [info] [ICNT] ICNT->MEM request 0GB/Sec,0
[2026-03-12 13:29:46.946] [info] [ICNT] ICNT<-MEM request 0GB/Sec,0
[2026-03-12 13:29:47.515] [info] Core [0] Tile Stats | Issued: 34 Running: 2 Finished: 32
[2026-03-12 13:29:47.515] [info] cycle: [752000]
[2026-03-12 13:29:47.515] [info] Core [1] Tile Stats | Issued: 36 Running: 2 Finished: 34
[2026-03-12 13:29:47.515] [info] cycle: [752000]
[2026-03-12 13:29:47.515] [info] Core [2] Tile Stats | Issued: 34 Running: 2 Finished: 32
[2026-03-12 13:29:47.515] [info] cycle: [752000]
[2026-03-12 13:29:47.515] [info] Core [3] Tile Stats | Issued: 34 Running: 2 Finished: 32
[2026-03-12 13:29:47.515] [info] cycle: [752000]
[2026-03-12 13:29:47.515] [info] [ICNT] Core->ICNT request 0GB/Sec,0
[2026-03-12 13:29:47.515] [info] [ICNT] Core<-ICNT request 504GB/Sec,126089
[2026-03-12 13:29:47.515] [info] [ICNT] ICNT->MEM request 0GB/Sec,0
[2026-03-12 13:29:47.515] [info] [ICNT] ICNT<-MEM request 0GB/Sec,0
[2026-03-12 13:29:48.143] [info] Core [0] Tile Stats | Issued: 34 Running: 2 Finished: 32
[2026-03-12 13:29:48.143] [info] cycle: [760000]
[2026-03-12 13:29:48.143] [info] Core [1] Tile Stats | Issued: 36 Running: 2 Finished: 34
[2026-03-12 13:29:48.143] [info] cycle: [760000]
[2026-03-12 13:29:48.143] [info] Core [2] Tile Stats | Issued: 34 Running: 2 Finished: 32
[2026-03-12 13:29:48.143] [info] cycle: [760000]
[2026-03-12 13:29:48.143] [info] Core [3] Tile Stats | Issued: 34 Running: 2 Finished: 32
[2026-03-12 13:29:48.143] [info] cycle: [760000]
[2026-03-12 13:29:48.143] [info] [ICNT] Core->ICNT request 0GB/Sec,0
[2026-03-12 13:29:48.143] [info] [ICNT] Core<-ICNT request 457GB/Sec,114266
[2026-03-12 13:29:48.143] [info] [ICNT] ICNT->MEM request 0GB/Sec,0
[2026-03-12 13:29:48.143] [info] [ICNT] ICNT<-MEM request 0GB/Sec,0
[2026-03-12 13:29:48.777] [info] Core [0] Tile Stats | Issued: 34 Running: 2 Finished: 32
[2026-03-12 13:29:48.777] [info] cycle: [768000]
[2026-03-12 13:29:48.777] [info] Core [1] Tile Stats | Issued: 36 Running: 2 Finished: 34
[2026-03-12 13:29:48.777] [info] cycle: [768000]
[2026-03-12 13:29:48.777] [info] Core [2] Tile Stats | Issued: 34 Running: 2 Finished: 32
[2026-03-12 13:29:48.777] [info] cycle: [768000]
[2026-03-12 13:29:48.777] [info] Core [3] Tile Stats | Issued: 34 Running: 2 Finished: 32
[2026-03-12 13:29:48.777] [info] cycle: [768000]
[2026-03-12 13:29:48.777] [info] [ICNT] Core->ICNT request 28GB/Sec,7200
[2026-03-12 13:29:48.777] [info] [ICNT] Core<-ICNT request 394GB/Sec,98743
[2026-03-12 13:29:48.777] [info] [ICNT] ICNT->MEM request 0GB/Sec,0
[2026-03-12 13:29:48.777] [info] [ICNT] ICNT<-MEM request 0GB/Sec,0
[2026-03-12 13:29:49.453] [info] Core [0] Tile Stats | Issued: 35 Running: 2 Finished: 33
[2026-03-12 13:29:49.453] [info] cycle: [776000]
[2026-03-12 13:29:49.453] [info] Core [1] Tile Stats | Issued: 37 Running: 2 Finished: 35
[2026-03-12 13:29:49.453] [info] cycle: [776000]
[2026-03-12 13:29:49.453] [info] Core [2] Tile Stats | Issued: 35 Running: 2 Finished: 33
[2026-03-12 13:29:49.453] [info] cycle: [776000]
[2026-03-12 13:29:49.453] [info] Core [3] Tile Stats | Issued: 35 Running: 2 Finished: 33
[2026-03-12 13:29:49.453] [info] cycle: [776000]
[2026-03-12 13:29:49.453] [info] [ICNT] Core->ICNT request 1091GB/Sec,272928
[2026-03-12 13:29:49.453] [info] [ICNT] Core<-ICNT request 428GB/Sec,107139
[2026-03-12 13:29:49.453] [info] [ICNT] ICNT->MEM request 0GB/Sec,0
[2026-03-12 13:29:49.453] [info] [ICNT] ICNT<-MEM request 0GB/Sec,0
[2026-03-12 13:29:50.158] [info] Core [0] Tile Stats | Issued: 35 Running: 2 Finished: 33
[2026-03-12 13:29:50.158] [info] cycle: [784000]
[2026-03-12 13:29:50.158] [info] Core [1] Tile Stats | Issued: 37 Running: 2 Finished: 35
[2026-03-12 13:29:50.158] [info] cycle: [784000]
[2026-03-12 13:29:50.158] [info] Core [2] Tile Stats | Issued: 35 Running: 2 Finished: 33
[2026-03-12 13:29:50.158] [info] cycle: [784000]
[2026-03-12 13:29:50.158] [info] Core [3] Tile Stats | Issued: 35 Running: 2 Finished: 33
[2026-03-12 13:29:50.158] [info] cycle: [784000]
[2026-03-12 13:29:50.158] [info] [ICNT] Core->ICNT request 1437GB/Sec,359360
[2026-03-12 13:29:50.158] [info] [ICNT] Core<-ICNT request 500GB/Sec,125064
[2026-03-12 13:29:50.158] [info] [ICNT] ICNT->MEM request 0GB/Sec,0
[2026-03-12 13:29:50.158] [info] [ICNT] ICNT<-MEM request 0GB/Sec,0
[2026-03-12 13:29:50.869] [info] Core [0] Tile Stats | Issued: 35 Running: 2 Finished: 33
[2026-03-12 13:29:50.869] [info] cycle: [792000]
[2026-03-12 13:29:50.869] [info] Core [1] Tile Stats | Issued: 37 Running: 2 Finished: 35
[2026-03-12 13:29:50.869] [info] cycle: [792000]
[2026-03-12 13:29:50.869] [info] Core [2] Tile Stats | Issued: 35 Running: 2 Finished: 33
[2026-03-12 13:29:50.869] [info] cycle: [792000]
[2026-03-12 13:29:50.869] [info] Core [3] Tile Stats | Issued: 35 Running: 2 Finished: 33
[2026-03-12 13:29:50.869] [info] cycle: [792000]
[2026-03-12 13:29:50.869] [info] [ICNT] Core->ICNT request 0GB/Sec,0
[2026-03-12 13:29:50.869] [info] [ICNT] Core<-ICNT request 491GB/Sec,122774
[2026-03-12 13:29:50.869] [info] [ICNT] ICNT->MEM request 0GB/Sec,0
[2026-03-12 13:29:50.869] [info] [ICNT] ICNT<-MEM request 0GB/Sec,0
[2026-03-12 13:29:51.602] [info] HBM2-CH_0: BW utilization 59% (548574 reads, 25562 writes)
[2026-03-12 13:29:51.628] [info] Core [0] Tile Stats | Issued: 35 Running: 2 Finished: 33
[2026-03-12 13:29:51.628] [info] cycle: [800000]
[2026-03-12 13:29:51.628] [info] Core [1] Tile Stats | Issued: 37 Running: 2 Finished: 35
[2026-03-12 13:29:51.628] [info] cycle: [800000]
[2026-03-12 13:29:51.628] [info] Core [2] Tile Stats | Issued: 35 Running: 2 Finished: 33
[2026-03-12 13:29:51.628] [info] cycle: [800000]
[2026-03-12 13:29:51.628] [info] Core [3] Tile Stats | Issued: 35 Running: 2 Finished: 33
[2026-03-12 13:29:51.628] [info] cycle: [800000]
[2026-03-12 13:29:51.628] [info] [ICNT] Core->ICNT request 0GB/Sec,0
[2026-03-12 13:29:51.628] [info] [ICNT] Core<-ICNT request 474GB/Sec,118539
[2026-03-12 13:29:51.628] [info] [ICNT] ICNT->MEM request 0GB/Sec,0
[2026-03-12 13:29:51.628] [info] [ICNT] ICNT<-MEM request 0GB/Sec,0
[2026-03-12 13:29:52.291] [info] Core [0] Tile Stats | Issued: 35 Running: 2 Finished: 33
[2026-03-12 13:29:52.291] [info] cycle: [808000]
[2026-03-12 13:29:52.291] [info] Core [1] Tile Stats | Issued: 37 Running: 2 Finished: 35
[2026-03-12 13:29:52.291] [info] cycle: [808000]
[2026-03-12 13:29:52.291] [info] Core [2] Tile Stats | Issued: 35 Running: 2 Finished: 33
[2026-03-12 13:29:52.291] [info] cycle: [808000]
[2026-03-12 13:29:52.291] [info] Core [3] Tile Stats | Issued: 35 Running: 2 Finished: 33
[2026-03-12 13:29:52.291] [info] cycle: [808000]
[2026-03-12 13:29:52.291] [info] [ICNT] Core->ICNT request 0GB/Sec,0
[2026-03-12 13:29:52.291] [info] [ICNT] Core<-ICNT request 424GB/Sec,106201
[2026-03-12 13:29:52.291] [info] [ICNT] ICNT->MEM request 0GB/Sec,0
[2026-03-12 13:29:52.291] [info] [ICNT] ICNT<-MEM request 0GB/Sec,0
[2026-03-12 13:29:52.950] [info] Core [0] Tile Stats | Issued: 35 Running: 2 Finished: 33
[2026-03-12 13:29:52.950] [info] cycle: [816000]
[2026-03-12 13:29:52.950] [info] Core [1] Tile Stats | Issued: 37 Running: 2 Finished: 35
[2026-03-12 13:29:52.950] [info] cycle: [816000]
[2026-03-12 13:29:52.950] [info] Core [2] Tile Stats | Issued: 35 Running: 2 Finished: 33
[2026-03-12 13:29:52.950] [info] cycle: [816000]
[2026-03-12 13:29:52.950] [info] Core [3] Tile Stats | Issued: 35 Running: 2 Finished: 33
[2026-03-12 13:29:52.950] [info] cycle: [816000]
[2026-03-12 13:29:52.950] [info] [ICNT] Core->ICNT request 38GB/Sec,9600
[2026-03-12 13:29:52.950] [info] [ICNT] Core<-ICNT request 420GB/Sec,105090
[2026-03-12 13:29:52.950] [info] [ICNT] ICNT->MEM request 0GB/Sec,0
[2026-03-12 13:29:52.950] [info] [ICNT] ICNT<-MEM request 0GB/Sec,0
[2026-03-12 13:29:53.618] [info] Core [0] Tile Stats | Issued: 36 Running: 2 Finished: 34
[2026-03-12 13:29:53.618] [info] cycle: [824000]
[2026-03-12 13:29:53.618] [info] Core [1] Tile Stats | Issued: 38 Running: 2 Finished: 36
[2026-03-12 13:29:53.618] [info] cycle: [824000]
[2026-03-12 13:29:53.618] [info] Core [2] Tile Stats | Issued: 36 Running: 2 Finished: 34
[2026-03-12 13:29:53.618] [info] cycle: [824000]
[2026-03-12 13:29:53.618] [info] Core [3] Tile Stats | Issued: 36 Running: 2 Finished: 34
[2026-03-12 13:29:53.618] [info] cycle: [824000]
[2026-03-12 13:29:53.618] [info] [ICNT] Core->ICNT request 1471GB/Sec,367904
[2026-03-12 13:29:53.618] [info] [ICNT] Core<-ICNT request 498GB/Sec,124571
[2026-03-12 13:29:53.618] [info] [ICNT] ICNT->MEM request 0GB/Sec,0
[2026-03-12 13:29:53.618] [info] [ICNT] ICNT<-MEM request 0GB/Sec,0
[2026-03-12 13:29:54.229] [info] Core [0] Tile Stats | Issued: 36 Running: 2 Finished: 34
[2026-03-12 13:29:54.229] [info] cycle: [832000]
[2026-03-12 13:29:54.229] [info] Core [1] Tile Stats | Issued: 38 Running: 2 Finished: 36
[2026-03-12 13:29:54.229] [info] cycle: [832000]
[2026-03-12 13:29:54.229] [info] Core [2] Tile Stats | Issued: 36 Running: 2 Finished: 34
[2026-03-12 13:29:54.229] [info] cycle: [832000]
[2026-03-12 13:29:54.229] [info] Core [3] Tile Stats | Issued: 36 Running: 2 Finished: 34
[2026-03-12 13:29:54.229] [info] cycle: [832000]
[2026-03-12 13:29:54.229] [info] [ICNT] Core->ICNT request 1047GB/Sec,261984
[2026-03-12 13:29:54.229] [info] [ICNT] Core<-ICNT request 508GB/Sec,127235
[2026-03-12 13:29:54.229] [info] [ICNT] ICNT->MEM request 0GB/Sec,0
[2026-03-12 13:29:54.229] [info] [ICNT] ICNT<-MEM request 0GB/Sec,0
[2026-03-12 13:29:54.914] [info] Core [0] Tile Stats | Issued: 36 Running: 2 Finished: 34
[2026-03-12 13:29:54.914] [info] cycle: [840000]
[2026-03-12 13:29:54.914] [info] Core [1] Tile Stats | Issued: 38 Running: 2 Finished: 36
[2026-03-12 13:29:54.914] [info] cycle: [840000]
[2026-03-12 13:29:54.914] [info] Core [2] Tile Stats | Issued: 36 Running: 2 Finished: 34
[2026-03-12 13:29:54.914] [info] cycle: [840000]
[2026-03-12 13:29:54.914] [info] Core [3] Tile Stats | Issued: 36 Running: 2 Finished: 34
[2026-03-12 13:29:54.914] [info] cycle: [840000]
[2026-03-12 13:29:54.915] [info] [ICNT] Core->ICNT request 0GB/Sec,0
[2026-03-12 13:29:54.915] [info] [ICNT] Core<-ICNT request 498GB/Sec,124578
[2026-03-12 13:29:54.915] [info] [ICNT] ICNT->MEM request 0GB/Sec,0
[2026-03-12 13:29:54.915] [info] [ICNT] ICNT<-MEM request 0GB/Sec,0
[2026-03-12 13:29:55.625] [info] Core [0] Tile Stats | Issued: 36 Running: 2 Finished: 34
[2026-03-12 13:29:55.625] [info] cycle: [848000]
[2026-03-12 13:29:55.625] [info] Core [1] Tile Stats | Issued: 38 Running: 2 Finished: 36
[2026-03-12 13:29:55.625] [info] cycle: [848000]
[2026-03-12 13:29:55.625] [info] Core [2] Tile Stats | Issued: 36 Running: 2 Finished: 34
[2026-03-12 13:29:55.625] [info] cycle: [848000]
[2026-03-12 13:29:55.625] [info] Core [3] Tile Stats | Issued: 36 Running: 2 Finished: 34
[2026-03-12 13:29:55.625] [info] cycle: [848000]
[2026-03-12 13:29:55.625] [info] [ICNT] Core->ICNT request 9GB/Sec,2400
[2026-03-12 13:29:55.625] [info] [ICNT] Core<-ICNT request 451GB/Sec,112779
[2026-03-12 13:29:55.625] [info] [ICNT] ICNT->MEM request 0GB/Sec,0
[2026-03-12 13:29:55.625] [info] [ICNT] ICNT<-MEM request 0GB/Sec,0
[2026-03-12 13:29:56.324] [info] Core [0] Tile Stats | Issued: 36 Running: 2 Finished: 34
[2026-03-12 13:29:56.325] [info] cycle: [856000]
[2026-03-12 13:29:56.325] [info] Core [1] Tile Stats | Issued: 38 Running: 2 Finished: 36
[2026-03-12 13:29:56.325] [info] cycle: [856000]
[2026-03-12 13:29:56.325] [info] Core [2] Tile Stats | Issued: 37 Running: 2 Finished: 35
[2026-03-12 13:29:56.325] [info] cycle: [856000]
[2026-03-12 13:29:56.325] [info] Core [3] Tile Stats | Issued: 36 Running: 2 Finished: 34
[2026-03-12 13:29:56.325] [info] cycle: [856000]
[2026-03-12 13:29:56.325] [info] [ICNT] Core->ICNT request 234GB/Sec,58528
[2026-03-12 13:29:56.325] [info] [ICNT] Core<-ICNT request 401GB/Sec,100415
[2026-03-12 13:29:56.325] [info] [ICNT] ICNT->MEM request 0GB/Sec,0
[2026-03-12 13:29:56.325] [info] [ICNT] ICNT<-MEM request 0GB/Sec,0
[2026-03-12 13:29:56.989] [info] Core [0] Tile Stats | Issued: 37 Running: 2 Finished: 35
[2026-03-12 13:29:56.989] [info] cycle: [864000]
[2026-03-12 13:29:56.989] [info] Core [1] Tile Stats | Issued: 39 Running: 2 Finished: 37
[2026-03-12 13:29:56.989] [info] cycle: [864000]
[2026-03-12 13:29:56.989] [info] Core [2] Tile Stats | Issued: 37 Running: 2 Finished: 35
[2026-03-12 13:29:56.989] [info] cycle: [864000]
[2026-03-12 13:29:56.989] [info] Core [3] Tile Stats | Issued: 37 Running: 2 Finished: 35
[2026-03-12 13:29:56.989] [info] cycle: [864000]
[2026-03-12 13:29:56.989] [info] [ICNT] Core->ICNT request 847GB/Sec,211952
[2026-03-12 13:29:56.989] [info] [ICNT] Core<-ICNT request 428GB/Sec,107036
[2026-03-12 13:29:56.989] [info] [ICNT] ICNT->MEM request 0GB/Sec,0
[2026-03-12 13:29:56.989] [info] [ICNT] ICNT<-MEM request 0GB/Sec,0
[2026-03-12 13:29:57.662] [info] Core [0] Tile Stats | Issued: 37 Running: 2 Finished: 35
[2026-03-12 13:29:57.662] [info] cycle: [872000]
[2026-03-12 13:29:57.662] [info] Core [1] Tile Stats | Issued: 39 Running: 2 Finished: 37
[2026-03-12 13:29:57.662] [info] cycle: [872000]
[2026-03-12 13:29:57.662] [info] Core [2] Tile Stats | Issued: 37 Running: 2 Finished: 35
[2026-03-12 13:29:57.662] [info] cycle: [872000]
[2026-03-12 13:29:57.662] [info] Core [3] Tile Stats | Issued: 37 Running: 2 Finished: 35
[2026-03-12 13:29:57.662] [info] cycle: [872000]
[2026-03-12 13:29:57.662] [info] [ICNT] Core->ICNT request 1408GB/Sec,352144
[2026-03-12 13:29:57.662] [info] [ICNT] Core<-ICNT request 506GB/Sec,126637
[2026-03-12 13:29:57.662] [info] [ICNT] ICNT->MEM request 0GB/Sec,0
[2026-03-12 13:29:57.662] [info] [ICNT] ICNT<-MEM request 0GB/Sec,0
[2026-03-12 13:29:58.327] [info] Core [0] Tile Stats | Issued: 37 Running: 2 Finished: 35
[2026-03-12 13:29:58.327] [info] cycle: [880000]
[2026-03-12 13:29:58.327] [info] Core [1] Tile Stats | Issued: 39 Running: 2 Finished: 37
[2026-03-12 13:29:58.327] [info] cycle: [880000]
[2026-03-12 13:29:58.327] [info] Core [2] Tile Stats | Issued: 37 Running: 2 Finished: 35
[2026-03-12 13:29:58.327] [info] cycle: [880000]
[2026-03-12 13:29:58.327] [info] Core [3] Tile Stats | Issued: 37 Running: 2 Finished: 35
[2026-03-12 13:29:58.327] [info] cycle: [880000]
[2026-03-12 13:29:58.327] [info] [ICNT] Core->ICNT request 57GB/Sec,14464
[2026-03-12 13:29:58.327] [info] [ICNT] Core<-ICNT request 509GB/Sec,127312
[2026-03-12 13:29:58.327] [info] [ICNT] ICNT->MEM request 0GB/Sec,0
[2026-03-12 13:29:58.327] [info] [ICNT] ICNT<-MEM request 0GB/Sec,0
[2026-03-12 13:29:58.960] [info] Core [0] Tile Stats | Issued: 37 Running: 2 Finished: 35
[2026-03-12 13:29:58.960] [info] cycle: [888000]
[2026-03-12 13:29:58.960] [info] Core [1] Tile Stats | Issued: 39 Running: 2 Finished: 37
[2026-03-12 13:29:58.960] [info] cycle: [888000]
[2026-03-12 13:29:58.960] [info] Core [2] Tile Stats | Issued: 37 Running: 2 Finished: 35
[2026-03-12 13:29:58.960] [info] cycle: [888000]
[2026-03-12 13:29:58.960] [info] Core [3] Tile Stats | Issued: 37 Running: 2 Finished: 35
[2026-03-12 13:29:58.960] [info] cycle: [888000]
[2026-03-12 13:29:58.960] [info] [ICNT] Core->ICNT request 0GB/Sec,0
[2026-03-12 13:29:58.960] [info] [ICNT] Core<-ICNT request 471GB/Sec,117997
[2026-03-12 13:29:58.960] [info] [ICNT] ICNT->MEM request 0GB/Sec,0
[2026-03-12 13:29:58.960] [info] [ICNT] ICNT<-MEM request 0GB/Sec,0
[2026-03-12 13:29:59.646] [info] Core [0] Tile Stats | Issued: 37 Running: 2 Finished: 35
[2026-03-12 13:29:59.646] [info] cycle: [896000]
[2026-03-12 13:29:59.646] [info] Core [1] Tile Stats | Issued: 39 Running: 2 Finished: 37
[2026-03-12 13:29:59.646] [info] cycle: [896000]
[2026-03-12 13:29:59.646] [info] Core [2] Tile Stats | Issued: 37 Running: 2 Finished: 35
[2026-03-12 13:29:59.646] [info] cycle: [896000]
[2026-03-12 13:29:59.646] [info] Core [3] Tile Stats | Issued: 37 Running: 2 Finished: 35
[2026-03-12 13:29:59.646] [info] cycle: [896000]
[2026-03-12 13:29:59.646] [info] [ICNT] Core->ICNT request 9GB/Sec,2400
[2026-03-12 13:29:59.646] [info] [ICNT] Core<-ICNT request 418GB/Sec,104603
[2026-03-12 13:29:59.646] [info] [ICNT] ICNT->MEM request 0GB/Sec,0
[2026-03-12 13:29:59.646] [info] [ICNT] ICNT<-MEM request 0GB/Sec,0
[2026-03-12 13:30:00.322] [info] Core [0] Tile Stats | Issued: 37 Running: 2 Finished: 35
[2026-03-12 13:30:00.322] [info] cycle: [904000]
[2026-03-12 13:30:00.322] [info] Core [1] Tile Stats | Issued: 39 Running: 2 Finished: 37
[2026-03-12 13:30:00.322] [info] cycle: [904000]
[2026-03-12 13:30:00.322] [info] Core [2] Tile Stats | Issued: 38 Running: 2 Finished: 36
[2026-03-12 13:30:00.322] [info] cycle: [904000]
[2026-03-12 13:30:00.322] [info] Core [3] Tile Stats | Issued: 37 Running: 2 Finished: 35
[2026-03-12 13:30:00.322] [info] cycle: [904000]
[2026-03-12 13:30:00.322] [info] [ICNT] Core->ICNT request 336GB/Sec,84096
[2026-03-12 13:30:00.322] [info] [ICNT] Core<-ICNT request 412GB/Sec,103140
[2026-03-12 13:30:00.322] [info] [ICNT] ICNT->MEM request 0GB/Sec,0
[2026-03-12 13:30:00.322] [info] [ICNT] ICNT<-MEM request 0GB/Sec,0
[2026-03-12 13:30:01.026] [info] Core [0] Tile Stats | Issued: 38 Running: 2 Finished: 36
[2026-03-12 13:30:01.026] [info] cycle: [912000]
[2026-03-12 13:30:01.026] [info] Core [1] Tile Stats | Issued: 40 Running: 2 Finished: 38
[2026-03-12 13:30:01.026] [info] cycle: [912000]
[2026-03-12 13:30:01.026] [info] Core [2] Tile Stats | Issued: 38 Running: 2 Finished: 36
[2026-03-12 13:30:01.026] [info] cycle: [912000]
[2026-03-12 13:30:01.026] [info] Core [3] Tile Stats | Issued: 38 Running: 2 Finished: 36
[2026-03-12 13:30:01.026] [info] cycle: [912000]
[2026-03-12 13:30:01.026] [info] [ICNT] Core->ICNT request 1263GB/Sec,315840
[2026-03-12 13:30:01.026] [info] [ICNT] Core<-ICNT request 461GB/Sec,115401
[2026-03-12 13:30:01.026] [info] [ICNT] ICNT->MEM request 0GB/Sec,0
[2026-03-12 13:30:01.026] [info] [ICNT] ICNT<-MEM request 0GB/Sec,0
[2026-03-12 13:30:01.736] [info] Core [0] Tile Stats | Issued: 38 Running: 2 Finished: 36
[2026-03-12 13:30:01.736] [info] cycle: [920000]
[2026-03-12 13:30:01.736] [info] Core [1] Tile Stats | Issued: 40 Running: 2 Finished: 38
[2026-03-12 13:30:01.736] [info] cycle: [920000]
[2026-03-12 13:30:01.736] [info] Core [2] Tile Stats | Issued: 38 Running: 2 Finished: 36
[2026-03-12 13:30:01.736] [info] cycle: [920000]
[2026-03-12 13:30:01.736] [info] Core [3] Tile Stats | Issued: 38 Running: 2 Finished: 36
[2026-03-12 13:30:01.736] [info] cycle: [920000]
[2026-03-12 13:30:01.736] [info] [ICNT] Core->ICNT request 948GB/Sec,237152
[2026-03-12 13:30:01.736] [info] [ICNT] Core<-ICNT request 491GB/Sec,122890
[2026-03-12 13:30:01.736] [info] [ICNT] ICNT->MEM request 0GB/Sec,0
[2026-03-12 13:30:01.736] [info] [ICNT] ICNT<-MEM request 0GB/Sec,0
[2026-03-12 13:30:02.445] [info] Core [0] Tile Stats | Issued: 38 Running: 2 Finished: 36
[2026-03-12 13:30:02.445] [info] cycle: [928000]
[2026-03-12 13:30:02.445] [info] Core [1] Tile Stats | Issued: 40 Running: 2 Finished: 38
[2026-03-12 13:30:02.445] [info] cycle: [928000]
[2026-03-12 13:30:02.445] [info] Core [2] Tile Stats | Issued: 38 Running: 2 Finished: 36
[2026-03-12 13:30:02.445] [info] cycle: [928000]
[2026-03-12 13:30:02.445] [info] Core [3] Tile Stats | Issued: 38 Running: 2 Finished: 36
[2026-03-12 13:30:02.445] [info] cycle: [928000]
[2026-03-12 13:30:02.445] [info] [ICNT] Core->ICNT request 0GB/Sec,0
[2026-03-12 13:30:02.445] [info] [ICNT] Core<-ICNT request 484GB/Sec,121173
[2026-03-12 13:30:02.445] [info] [ICNT] ICNT->MEM request 0GB/Sec,0
[2026-03-12 13:30:02.445] [info] [ICNT] ICNT<-MEM request 0GB/Sec,0
[2026-03-12 13:30:03.177] [info] Core [0] Tile Stats | Issued: 38 Running: 2 Finished: 36
[2026-03-12 13:30:03.177] [info] cycle: [936000]
[2026-03-12 13:30:03.177] [info] Core [1] Tile Stats | Issued: 40 Running: 2 Finished: 38
[2026-03-12 13:30:03.177] [info] cycle: [936000]
[2026-03-12 13:30:03.177] [info] Core [2] Tile Stats | Issued: 39 Running: 2 Finished: 37
[2026-03-12 13:30:03.177] [info] cycle: [936000]
[2026-03-12 13:30:03.177] [info] Core [3] Tile Stats | Issued: 38 Running: 2 Finished: 36
[2026-03-12 13:30:03.177] [info] cycle: [936000]
[2026-03-12 13:30:03.177] [info] [ICNT] Core->ICNT request 128GB/Sec,32064
[2026-03-12 13:30:03.177] [info] [ICNT] Core<-ICNT request 457GB/Sec,114290
[2026-03-12 13:30:03.177] [info] [ICNT] ICNT->MEM request 0GB/Sec,0
[2026-03-12 13:30:03.177] [info] [ICNT] ICNT<-MEM request 0GB/Sec,0
[2026-03-12 13:30:03.833] [info] Core [0] Tile Stats | Issued: 38 Running: 2 Finished: 36
[2026-03-12 13:30:03.833] [info] cycle: [944000]
[2026-03-12 13:30:03.833] [info] Core [1] Tile Stats | Issued: 40 Running: 2 Finished: 38
[2026-03-12 13:30:03.833] [info] cycle: [944000]
[2026-03-12 13:30:03.833] [info] Core [2] Tile Stats | Issued: 39 Running: 2 Finished: 37
[2026-03-12 13:30:03.833] [info] cycle: [944000]
[2026-03-12 13:30:03.833] [info] Core [3] Tile Stats | Issued: 38 Running: 2 Finished: 36
[2026-03-12 13:30:03.833] [info] cycle: [944000]
[2026-03-12 13:30:03.833] [info] [ICNT] Core->ICNT request 511GB/Sec,127808
[2026-03-12 13:30:03.833] [info] [ICNT] Core<-ICNT request 405GB/Sec,101324
[2026-03-12 13:30:03.833] [info] [ICNT] ICNT->MEM request 0GB/Sec,0
[2026-03-12 13:30:03.833] [info] [ICNT] ICNT<-MEM request 0GB/Sec,0
[2026-03-12 13:30:04.509] [info] Core [0] Tile Stats | Issued: 39 Running: 2 Finished: 37
[2026-03-12 13:30:04.509] [info] cycle: [952000]
[2026-03-12 13:30:04.509] [info] Core [1] Tile Stats | Issued: 41 Running: 2 Finished: 39
[2026-03-12 13:30:04.509] [info] cycle: [952000]
[2026-03-12 13:30:04.509] [info] Core [2] Tile Stats | Issued: 39 Running: 2 Finished: 37
[2026-03-12 13:30:04.509] [info] cycle: [952000]
[2026-03-12 13:30:04.509] [info] Core [3] Tile Stats | Issued: 39 Running: 2 Finished: 37
[2026-03-12 13:30:04.509] [info] cycle: [952000]
[2026-03-12 13:30:04.509] [info] [ICNT] Core->ICNT request 369GB/Sec,92384
[2026-03-12 13:30:04.509] [info] [ICNT] Core<-ICNT request 415GB/Sec,103981
[2026-03-12 13:30:04.509] [info] [ICNT] ICNT->MEM request 0GB/Sec,0
[2026-03-12 13:30:04.509] [info] [ICNT] ICNT<-MEM request 0GB/Sec,0
[2026-03-12 13:30:05.239] [info] Core [0] Tile Stats | Issued: 39 Running: 2 Finished: 37
[2026-03-12 13:30:05.239] [info] cycle: [960000]
[2026-03-12 13:30:05.239] [info] Core [1] Tile Stats | Issued: 41 Running: 2 Finished: 39
[2026-03-12 13:30:05.239] [info] cycle: [960000]
[2026-03-12 13:30:05.239] [info] Core [2] Tile Stats | Issued: 39 Running: 2 Finished: 37
[2026-03-12 13:30:05.239] [info] cycle: [960000]
[2026-03-12 13:30:05.239] [info] Core [3] Tile Stats | Issued: 39 Running: 2 Finished: 37
[2026-03-12 13:30:05.239] [info] cycle: [960000]
[2026-03-12 13:30:05.239] [info] [ICNT] Core->ICNT request 1501GB/Sec,375312
[2026-03-12 13:30:05.239] [info] [ICNT] Core<-ICNT request 481GB/Sec,120494
[2026-03-12 13:30:05.239] [info] [ICNT] ICNT->MEM request 0GB/Sec,0
[2026-03-12 13:30:05.239] [info] [ICNT] ICNT<-MEM request 0GB/Sec,0
[2026-03-12 13:30:05.977] [info] Core [0] Tile Stats | Issued: 39 Running: 2 Finished: 37
[2026-03-12 13:30:05.977] [info] cycle: [968000]
[2026-03-12 13:30:05.977] [info] Core [1] Tile Stats | Issued: 41 Running: 2 Finished: 39
[2026-03-12 13:30:05.977] [info] cycle: [968000]
[2026-03-12 13:30:05.977] [info] Core [2] Tile Stats | Issued: 39 Running: 2 Finished: 37
[2026-03-12 13:30:05.977] [info] cycle: [968000]
[2026-03-12 13:30:05.977] [info] Core [3] Tile Stats | Issued: 39 Running: 2 Finished: 37
[2026-03-12 13:30:05.977] [info] cycle: [968000]
[2026-03-12 13:30:05.977] [info] [ICNT] Core->ICNT request 47GB/Sec,11920
[2026-03-12 13:30:05.977] [info] [ICNT] Core<-ICNT request 492GB/Sec,123216
[2026-03-12 13:30:05.977] [info] [ICNT] ICNT->MEM request 0GB/Sec,0
[2026-03-12 13:30:05.977] [info] [ICNT] ICNT<-MEM request 0GB/Sec,0
[2026-03-12 13:30:06.686] [info] Core [0] Tile Stats | Issued: 39 Running: 2 Finished: 37
[2026-03-12 13:30:06.686] [info] cycle: [976000]
[2026-03-12 13:30:06.686] [info] Core [1] Tile Stats | Issued: 41 Running: 2 Finished: 39
[2026-03-12 13:30:06.686] [info] cycle: [976000]
[2026-03-12 13:30:06.686] [info] Core [2] Tile Stats | Issued: 39 Running: 1 Finished: 38
[2026-03-12 13:30:06.686] [info] cycle: [976000]
[2026-03-12 13:30:06.686] [info] Core [3] Tile Stats | Issued: 39 Running: 2 Finished: 37
[2026-03-12 13:30:06.686] [info] cycle: [976000]
[2026-03-12 13:30:06.686] [info] [ICNT] Core->ICNT request 12GB/Sec,3200
[2026-03-12 13:30:06.686] [info] [ICNT] Core<-ICNT request 445GB/Sec,111289
[2026-03-12 13:30:06.686] [info] [ICNT] ICNT->MEM request 0GB/Sec,0
[2026-03-12 13:30:06.686] [info] [ICNT] ICNT<-MEM request 0GB/Sec,0
[2026-03-12 13:30:07.367] [info] Core [0] Tile Stats | Issued: 39 Running: 2 Finished: 37
[2026-03-12 13:30:07.367] [info] cycle: [984000]
[2026-03-12 13:30:07.367] [info] Core [1] Tile Stats | Issued: 41 Running: 2 Finished: 39
[2026-03-12 13:30:07.367] [info] cycle: [984000]
[2026-03-12 13:30:07.367] [info] Core [2] Tile Stats | Issued: 39 Running: 1 Finished: 38
[2026-03-12 13:30:07.367] [info] cycle: [984000]
[2026-03-12 13:30:07.367] [info] Core [3] Tile Stats | Issued: 39 Running: 2 Finished: 37
[2026-03-12 13:30:07.367] [info] cycle: [984000]
[2026-03-12 13:30:07.367] [info] [ICNT] Core->ICNT request 0GB/Sec,0
[2026-03-12 13:30:07.367] [info] [ICNT] Core<-ICNT request 443GB/Sec,110787
[2026-03-12 13:30:07.367] [info] [ICNT] ICNT->MEM request 0GB/Sec,0
[2026-03-12 13:30:07.367] [info] [ICNT] ICNT<-MEM request 0GB/Sec,0
[2026-03-12 13:30:08.069] [info] Core [0] Tile Stats | Issued: 39 Running: 2 Finished: 37
[2026-03-12 13:30:08.069] [info] cycle: [992000]
[2026-03-12 13:30:08.069] [info] Core [1] Tile Stats | Issued: 41 Running: 2 Finished: 39
[2026-03-12 13:30:08.069] [info] cycle: [992000]
[2026-03-12 13:30:08.069] [info] Core [2] Tile Stats | Issued: 39 Running: 1 Finished: 38
[2026-03-12 13:30:08.069] [info] cycle: [992000]
[2026-03-12 13:30:08.069] [info] Core [3] Tile Stats | Issued: 39 Running: 2 Finished: 37
[2026-03-12 13:30:08.069] [info] cycle: [992000]
[2026-03-12 13:30:08.069] [info] [ICNT] Core->ICNT request 9GB/Sec,2400
[2026-03-12 13:30:08.069] [info] [ICNT] Core<-ICNT request 457GB/Sec,114484
[2026-03-12 13:30:08.069] [info] [ICNT] ICNT->MEM request 0GB/Sec,0
[2026-03-12 13:30:08.069] [info] [ICNT] ICNT<-MEM request 0GB/Sec,0
[2026-03-12 13:30:08.711] [info] Core [0] Tile Stats | Issued: 39 Running: 1 Finished: 38
[2026-03-12 13:30:08.711] [info] cycle: [1000000]
[2026-03-12 13:30:08.711] [info] Core [1] Tile Stats | Issued: 41 Running: 1 Finished: 40
[2026-03-12 13:30:08.711] [info] cycle: [1000000]
[2026-03-12 13:30:08.711] [info] Core [2] Tile Stats | Issued: 39 Running: 1 Finished: 38
[2026-03-12 13:30:08.711] [info] cycle: [1000000]
[2026-03-12 13:30:08.711] [info] Core [3] Tile Stats | Issued: 39 Running: 1 Finished: 38
[2026-03-12 13:30:08.711] [info] cycle: [1000000]
[2026-03-12 13:30:08.711] [info] [ICNT] Core->ICNT request 28GB/Sec,7200
[2026-03-12 13:30:08.711] [info] [ICNT] Core<-ICNT request 440GB/Sec,110208
[2026-03-12 13:30:08.711] [info] [ICNT] ICNT->MEM request 0GB/Sec,0
[2026-03-12 13:30:08.711] [info] [ICNT] ICNT<-MEM request 0GB/Sec,0
[2026-03-12 13:30:09.478] [info] Core [0] Tile Stats | Issued: 39 Running: 1 Finished: 38
[2026-03-12 13:30:09.478] [info] cycle: [1008000]
[2026-03-12 13:30:09.478] [info] Core [1] Tile Stats | Issued: 41 Running: 1 Finished: 40
[2026-03-12 13:30:09.478] [info] cycle: [1008000]
[2026-03-12 13:30:09.478] [info] Core [2] Tile Stats | Issued: 39 Running: 1 Finished: 38
[2026-03-12 13:30:09.478] [info] cycle: [1008000]
[2026-03-12 13:30:09.478] [info] Core [3] Tile Stats | Issued: 39 Running: 1 Finished: 38
[2026-03-12 13:30:09.478] [info] cycle: [1008000]
[2026-03-12 13:30:09.478] [info] [ICNT] Core->ICNT request 6GB/Sec,1600
[2026-03-12 13:30:09.478] [info] [ICNT] Core<-ICNT request 462GB/Sec,115669
[2026-03-12 13:30:09.478] [info] [ICNT] ICNT->MEM request 0GB/Sec,0
[2026-03-12 13:30:09.478] [info] [ICNT] ICNT<-MEM request 0GB/Sec,0
[2026-03-12 13:30:10.214] [info] Core [0] Tile Stats | Issued: 39 Running: 1 Finished: 38
[2026-03-12 13:30:10.214] [info] cycle: [1016000]
[2026-03-12 13:30:10.214] [info] Core [1] Tile Stats | Issued: 41 Running: 1 Finished: 40
[2026-03-12 13:30:10.214] [info] cycle: [1016000]
[2026-03-12 13:30:10.214] [info] Core [2] Tile Stats | Issued: 39 Running: 0 Finished: 39
[2026-03-12 13:30:10.214] [info] cycle: [1016000]
[2026-03-12 13:30:10.214] [info] Core [3] Tile Stats | Issued: 39 Running: 1 Finished: 38
[2026-03-12 13:30:10.214] [info] cycle: [1016000]
[2026-03-12 13:30:10.214] [info] [ICNT] Core->ICNT request 6GB/Sec,1600
[2026-03-12 13:30:10.214] [info] [ICNT] Core<-ICNT request 458GB/Sec,114537
[2026-03-12 13:30:10.214] [info] [ICNT] ICNT->MEM request 0GB/Sec,0
[2026-03-12 13:30:10.214] [info] [ICNT] ICNT<-MEM request 0GB/Sec,0
[2026-03-12 13:30:10.928] [info] Core [0] Tile Stats | Issued: 39 Running: 1 Finished: 38
[2026-03-12 13:30:10.928] [info] cycle: [1024000]
[2026-03-12 13:30:10.928] [info] Core [1] Tile Stats | Issued: 41 Running: 1 Finished: 40
[2026-03-12 13:30:10.928] [info] cycle: [1024000]
[2026-03-12 13:30:10.928] [info] Core [2] Tile Stats | Issued: 39 Running: 0 Finished: 39
[2026-03-12 13:30:10.928] [info] cycle: [1024000]
[2026-03-12 13:30:10.928] [info] Core [3] Tile Stats | Issued: 39 Running: 1 Finished: 38
[2026-03-12 13:30:10.928] [info] cycle: [1024000]
[2026-03-12 13:30:10.928] [info] [ICNT] Core->ICNT request 0GB/Sec,0
[2026-03-12 13:30:10.928] [info] [ICNT] Core<-ICNT request 422GB/Sec,105539
[2026-03-12 13:30:10.928] [info] [ICNT] ICNT->MEM request 0GB/Sec,0
[2026-03-12 13:30:10.928] [info] [ICNT] ICNT<-MEM request 0GB/Sec,0
[2026-03-12 13:30:11.533] [info] Core [0] Tile Stats | Issued: 39 Running: 1 Finished: 38
[2026-03-12 13:30:11.533] [info] cycle: [1032000]
[2026-03-12 13:30:11.533] [info] Core [1] Tile Stats | Issued: 41 Running: 1 Finished: 40
[2026-03-12 13:30:11.533] [info] cycle: [1032000]
[2026-03-12 13:30:11.533] [info] Core [2] Tile Stats | Issued: 39 Running: 0 Finished: 39
[2026-03-12 13:30:11.533] [info] cycle: [1032000]
[2026-03-12 13:30:11.533] [info] Core [3] Tile Stats | Issued: 39 Running: 1 Finished: 38
[2026-03-12 13:30:11.533] [info] cycle: [1032000]
[2026-03-12 13:30:11.533] [info] [ICNT] Core->ICNT request 0GB/Sec,0
[2026-03-12 13:30:11.533] [info] [ICNT] Core<-ICNT request 326GB/Sec,81666
[2026-03-12 13:30:11.533] [info] [ICNT] ICNT->MEM request 0GB/Sec,0
[2026-03-12 13:30:11.533] [info] [ICNT] ICNT<-MEM request 0GB/Sec,0
[2026-03-12 13:30:11.956] [info] Core [0] Tile Stats | Issued: 39 Running: 1 Finished: 38
[2026-03-12 13:30:11.956] [info] cycle: [1040000]
[2026-03-12 13:30:11.956] [info] Core [1] Tile Stats | Issued: 41 Running: 1 Finished: 40
[2026-03-12 13:30:11.956] [info] cycle: [1040000]
[2026-03-12 13:30:11.956] [info] Core [2] Tile Stats | Issued: 39 Running: 0 Finished: 39
[2026-03-12 13:30:11.956] [info] cycle: [1040000]
[2026-03-12 13:30:11.956] [info] Core [3] Tile Stats | Issued: 39 Running: 1 Finished: 38
[2026-03-12 13:30:11.956] [info] cycle: [1040000]
[2026-03-12 13:30:11.956] [info] [ICNT] Core->ICNT request 19GB/Sec,4800
[2026-03-12 13:30:11.956] [info] [ICNT] Core<-ICNT request 156GB/Sec,39158
[2026-03-12 13:30:11.956] [info] [ICNT] ICNT->MEM request 0GB/Sec,0
[2026-03-12 13:30:11.956] [info] [ICNT] ICNT<-MEM request 0GB/Sec,0
[2026-03-12 13:30:12.139] [info] Core [0] Tile Stats | Issued: 39 Running: 1 Finished: 38
[2026-03-12 13:30:12.139] [info] cycle: [1048000]
[2026-03-12 13:30:12.139] [info] Core [1] Tile Stats | Issued: 41 Running: 0 Finished: 41
[2026-03-12 13:30:12.139] [info] cycle: [1048000]
[2026-03-12 13:30:12.139] [info] Core [2] Tile Stats | Issued: 39 Running: 0 Finished: 39
[2026-03-12 13:30:12.139] [info] cycle: [1048000]
[2026-03-12 13:30:12.139] [info] Core [3] Tile Stats | Issued: 39 Running: 0 Finished: 39
[2026-03-12 13:30:12.139] [info] cycle: [1048000]
[2026-03-12 13:30:12.139] [info] [ICNT] Core->ICNT request 16GB/Sec,4000
[2026-03-12 13:30:12.139] [info] [ICNT] Core<-ICNT request 20GB/Sec,5014
[2026-03-12 13:30:12.139] [info] [ICNT] ICNT->MEM request 0GB/Sec,0
[2026-03-12 13:30:12.139] [info] [ICNT] ICNT<-MEM request 0GB/Sec,0
[2026-03-12 13:30:12.144] [info] Layer layer0.ffn.fc1 finish at 1048365
[2026-03-12 13:30:12.144] [info] Total compute time 682606
[2026-03-12 13:30:12.144] [info] executable layer count 1
[2026-03-12 13:30:12.144] [info] Start layer layer0.ffn.act
[2026-03-12 13:30:12.637] [info] Core [0] Tile Stats | Issued: 41 Running: 1 Finished: 40
[2026-03-12 13:30:12.637] [info] cycle: [1056000]
[2026-03-12 13:30:12.637] [info] Core [1] Tile Stats | Issued: 43 Running: 1 Finished: 42
[2026-03-12 13:30:12.637] [info] cycle: [1056000]
[2026-03-12 13:30:12.637] [info] Core [2] Tile Stats | Issued: 41 Running: 1 Finished: 40
[2026-03-12 13:30:12.637] [info] cycle: [1056000]
[2026-03-12 13:30:12.637] [info] Core [3] Tile Stats | Issued: 41 Running: 1 Finished: 40
[2026-03-12 13:30:12.637] [info] cycle: [1056000]
[2026-03-12 13:30:12.637] [info] [ICNT] Core->ICNT request 999GB/Sec,249952
[2026-03-12 13:30:12.637] [info] [ICNT] Core<-ICNT request 477GB/Sec,119417
[2026-03-12 13:30:12.637] [info] [ICNT] ICNT->MEM request 0GB/Sec,0
[2026-03-12 13:30:12.637] [info] [ICNT] ICNT<-MEM request 0GB/Sec,0
[2026-03-12 13:30:13.315] [info] Core [0] Tile Stats | Issued: 41 Running: 1 Finished: 40
[2026-03-12 13:30:13.315] [info] cycle: [1064000]
[2026-03-12 13:30:13.315] [info] Core [1] Tile Stats | Issued: 43 Running: 1 Finished: 42
[2026-03-12 13:30:13.315] [info] cycle: [1064000]
[2026-03-12 13:30:13.315] [info] Core [2] Tile Stats | Issued: 41 Running: 1 Finished: 40
[2026-03-12 13:30:13.315] [info] cycle: [1064000]
[2026-03-12 13:30:13.315] [info] Core [3] Tile Stats | Issued: 41 Running: 0 Finished: 41
[2026-03-12 13:30:13.315] [info] cycle: [1064000]
[2026-03-12 13:30:13.315] [info] [ICNT] Core->ICNT request 214GB/Sec,53696
[2026-03-12 13:30:13.315] [info] [ICNT] Core<-ICNT request 428GB/Sec,107035
[2026-03-12 13:30:13.315] [info] [ICNT] ICNT->MEM request 0GB/Sec,0
[2026-03-12 13:30:13.315] [info] [ICNT] ICNT<-MEM request 0GB/Sec,0
[2026-03-12 13:30:14.052] [info] Core [0] Tile Stats | Issued: 41 Running: 1 Finished: 40
[2026-03-12 13:30:14.052] [info] cycle: [1072000]
[2026-03-12 13:30:14.052] [info] Core [1] Tile Stats | Issued: 43 Running: 1 Finished: 42
[2026-03-12 13:30:14.052] [info] cycle: [1072000]
[2026-03-12 13:30:14.052] [info] Core [2] Tile Stats | Issued: 41 Running: 1 Finished: 40
[2026-03-12 13:30:14.052] [info] cycle: [1072000]
[2026-03-12 13:30:14.052] [info] Core [3] Tile Stats | Issued: 41 Running: 0 Finished: 41
[2026-03-12 13:30:14.052] [info] cycle: [1072000]
[2026-03-12 13:30:14.052] [info] [ICNT] Core->ICNT request 0GB/Sec,0
[2026-03-12 13:30:14.052] [info] [ICNT] Core<-ICNT request 305GB/Sec,76424
[2026-03-12 13:30:14.052] [info] [ICNT] ICNT->MEM request 0GB/Sec,0
[2026-03-12 13:30:14.052] [info] [ICNT] ICNT<-MEM request 0GB/Sec,0
[2026-03-12 13:30:14.417] [info] Layer layer0.ffn.act finish at 1077045
[2026-03-12 13:30:14.417] [info] Total compute time 28680
[2026-03-12 13:30:14.417] [info] executable layer count 1
[2026-03-12 13:30:14.417] [info] Start layer layer0.ffn.fc2
[2026-03-12 13:30:14.634] [info] Core [0] Tile Stats | Issued: 43 Running: 2 Finished: 41
[2026-03-12 13:30:14.634] [info] cycle: [1080000]
[2026-03-12 13:30:14.634] [info] Core [1] Tile Stats | Issued: 45 Running: 2 Finished: 43
[2026-03-12 13:30:14.634] [info] cycle: [1080000]
[2026-03-12 13:30:14.634] [info] Core [2] Tile Stats | Issued: 43 Running: 2 Finished: 41
[2026-03-12 13:30:14.634] [info] cycle: [1080000]
[2026-03-12 13:30:14.634] [info] Core [3] Tile Stats | Issued: 43 Running: 2 Finished: 41
[2026-03-12 13:30:14.634] [info] cycle: [1080000]
[2026-03-12 13:30:14.634] [info] [ICNT] Core->ICNT request 763GB/Sec,190768
[2026-03-12 13:30:14.634] [info] [ICNT] Core<-ICNT request 119GB/Sec,29817
[2026-03-12 13:30:14.634] [info] [ICNT] ICNT->MEM request 0GB/Sec,0
[2026-03-12 13:30:14.634] [info] [ICNT] ICNT<-MEM request 0GB/Sec,0
[2026-03-12 13:30:15.267] [info] Core [0] Tile Stats | Issued: 43 Running: 2 Finished: 41
[2026-03-12 13:30:15.267] [info] cycle: [1088000]
[2026-03-12 13:30:15.267] [info] Core [1] Tile Stats | Issued: 45 Running: 2 Finished: 43
[2026-03-12 13:30:15.267] [info] cycle: [1088000]
[2026-03-12 13:30:15.267] [info] Core [2] Tile Stats | Issued: 43 Running: 2 Finished: 41
[2026-03-12 13:30:15.267] [info] cycle: [1088000]
[2026-03-12 13:30:15.267] [info] Core [3] Tile Stats | Issued: 44 Running: 2 Finished: 42
[2026-03-12 13:30:15.267] [info] cycle: [1088000]
[2026-03-12 13:30:15.267] [info] [ICNT] Core->ICNT request 1941GB/Sec,485280
[2026-03-12 13:30:15.267] [info] [ICNT] Core<-ICNT request 373GB/Sec,93407
[2026-03-12 13:30:15.267] [info] [ICNT] ICNT->MEM request 0GB/Sec,0
[2026-03-12 13:30:15.267] [info] [ICNT] ICNT<-MEM request 0GB/Sec,0
[2026-03-12 13:30:15.968] [info] Core [0] Tile Stats | Issued: 43 Running: 2 Finished: 41
[2026-03-12 13:30:15.968] [info] cycle: [1096000]
[2026-03-12 13:30:15.968] [info] Core [1] Tile Stats | Issued: 45 Running: 2 Finished: 43
[2026-03-12 13:30:15.968] [info] cycle: [1096000]
[2026-03-12 13:30:15.968] [info] Core [2] Tile Stats | Issued: 43 Running: 2 Finished: 41
[2026-03-12 13:30:15.968] [info] cycle: [1096000]
[2026-03-12 13:30:15.968] [info] Core [3] Tile Stats | Issued: 44 Running: 2 Finished: 42
[2026-03-12 13:30:15.968] [info] cycle: [1096000]
[2026-03-12 13:30:15.968] [info] [ICNT] Core->ICNT request 1024GB/Sec,256000
[2026-03-12 13:30:15.968] [info] [ICNT] Core<-ICNT request 337GB/Sec,84376
[2026-03-12 13:30:15.968] [info] [ICNT] ICNT->MEM request 0GB/Sec,0
[2026-03-12 13:30:15.968] [info] [ICNT] ICNT<-MEM request 0GB/Sec,0
[2026-03-12 13:30:16.684] [info] Core [0] Tile Stats | Issued: 43 Running: 2 Finished: 41
[2026-03-12 13:30:16.684] [info] cycle: [1104000]
[2026-03-12 13:30:16.684] [info] Core [1] Tile Stats | Issued: 45 Running: 2 Finished: 43
[2026-03-12 13:30:16.684] [info] cycle: [1104000]
[2026-03-12 13:30:16.684] [info] Core [2] Tile Stats | Issued: 43 Running: 2 Finished: 41
[2026-03-12 13:30:16.684] [info] cycle: [1104000]
[2026-03-12 13:30:16.684] [info] Core [3] Tile Stats | Issued: 44 Running: 2 Finished: 42
[2026-03-12 13:30:16.684] [info] cycle: [1104000]
[2026-03-12 13:30:16.684] [info] [ICNT] Core->ICNT request 45GB/Sec,11488
[2026-03-12 13:30:16.684] [info] [ICNT] Core<-ICNT request 351GB/Sec,87799
[2026-03-12 13:30:16.684] [info] [ICNT] ICNT->MEM request 0GB/Sec,0
[2026-03-12 13:30:16.684] [info] [ICNT] ICNT<-MEM request 0GB/Sec,0
[2026-03-12 13:30:17.377] [info] Core [0] Tile Stats | Issued: 43 Running: 2 Finished: 41
[2026-03-12 13:30:17.377] [info] cycle: [1112000]
[2026-03-12 13:30:17.377] [info] Core [1] Tile Stats | Issued: 45 Running: 2 Finished: 43
[2026-03-12 13:30:17.377] [info] cycle: [1112000]
[2026-03-12 13:30:17.377] [info] Core [2] Tile Stats | Issued: 43 Running: 2 Finished: 41
[2026-03-12 13:30:17.377] [info] cycle: [1112000]
[2026-03-12 13:30:17.377] [info] Core [3] Tile Stats | Issued: 44 Running: 2 Finished: 42
[2026-03-12 13:30:17.377] [info] cycle: [1112000]
[2026-03-12 13:30:17.377] [info] [ICNT] Core->ICNT request 0GB/Sec,0
[2026-03-12 13:30:17.377] [info] [ICNT] Core<-ICNT request 343GB/Sec,85999
[2026-03-12 13:30:17.377] [info] [ICNT] ICNT->MEM request 0GB/Sec,0
[2026-03-12 13:30:17.377] [info] [ICNT] ICNT<-MEM request 0GB/Sec,0
[2026-03-12 13:30:18.069] [info] Core [0] Tile Stats | Issued: 43 Running: 2 Finished: 41
[2026-03-12 13:30:18.069] [info] cycle: [1120000]
[2026-03-12 13:30:18.069] [info] Core [1] Tile Stats | Issued: 45 Running: 2 Finished: 43
[2026-03-12 13:30:18.069] [info] cycle: [1120000]
[2026-03-12 13:30:18.069] [info] Core [2] Tile Stats | Issued: 43 Running: 2 Finished: 41
[2026-03-12 13:30:18.069] [info] cycle: [1120000]
[2026-03-12 13:30:18.069] [info] Core [3] Tile Stats | Issued: 44 Running: 2 Finished: 42
[2026-03-12 13:30:18.069] [info] cycle: [1120000]
[2026-03-12 13:30:18.069] [info] [ICNT] Core->ICNT request 0GB/Sec,0
[2026-03-12 13:30:18.069] [info] [ICNT] Core<-ICNT request 354GB/Sec,88681
[2026-03-12 13:30:18.069] [info] [ICNT] ICNT->MEM request 0GB/Sec,0
[2026-03-12 13:30:18.069] [info] [ICNT] ICNT<-MEM request 0GB/Sec,0
[2026-03-12 13:30:18.754] [info] Core [0] Tile Stats | Issued: 43 Running: 2 Finished: 41
[2026-03-12 13:30:18.754] [info] cycle: [1128000]
[2026-03-12 13:30:18.754] [info] Core [1] Tile Stats | Issued: 45 Running: 2 Finished: 43
[2026-03-12 13:30:18.754] [info] cycle: [1128000]
[2026-03-12 13:30:18.754] [info] Core [2] Tile Stats | Issued: 43 Running: 2 Finished: 41
[2026-03-12 13:30:18.754] [info] cycle: [1128000]
[2026-03-12 13:30:18.754] [info] Core [3] Tile Stats | Issued: 44 Running: 2 Finished: 42
[2026-03-12 13:30:18.754] [info] cycle: [1128000]
[2026-03-12 13:30:18.755] [info] [ICNT] Core->ICNT request 0GB/Sec,0
[2026-03-12 13:30:18.755] [info] [ICNT] Core<-ICNT request 358GB/Sec,89629
[2026-03-12 13:30:18.755] [info] [ICNT] ICNT->MEM request 0GB/Sec,0
[2026-03-12 13:30:18.755] [info] [ICNT] ICNT<-MEM request 0GB/Sec,0
[2026-03-12 13:30:19.408] [info] Core [0] Tile Stats | Issued: 43 Running: 2 Finished: 41
[2026-03-12 13:30:19.408] [info] cycle: [1136000]
[2026-03-12 13:30:19.408] [info] Core [1] Tile Stats | Issued: 45 Running: 2 Finished: 43
[2026-03-12 13:30:19.408] [info] cycle: [1136000]
[2026-03-12 13:30:19.408] [info] Core [2] Tile Stats | Issued: 43 Running: 2 Finished: 41
[2026-03-12 13:30:19.408] [info] cycle: [1136000]
[2026-03-12 13:30:19.408] [info] Core [3] Tile Stats | Issued: 44 Running: 2 Finished: 42
[2026-03-12 13:30:19.408] [info] cycle: [1136000]
[2026-03-12 13:30:19.408] [info] [ICNT] Core->ICNT request 0GB/Sec,0
[2026-03-12 13:30:19.408] [info] [ICNT] Core<-ICNT request 340GB/Sec,85247
[2026-03-12 13:30:19.408] [info] [ICNT] ICNT->MEM request 0GB/Sec,0
[2026-03-12 13:30:19.408] [info] [ICNT] ICNT<-MEM request 0GB/Sec,0
[2026-03-12 13:30:20.148] [info] Core [0] Tile Stats | Issued: 45 Running: 2 Finished: 43
[2026-03-12 13:30:20.148] [info] cycle: [1144000]
[2026-03-12 13:30:20.148] [info] Core [1] Tile Stats | Issued: 46 Running: 2 Finished: 44
[2026-03-12 13:30:20.148] [info] cycle: [1144000]
[2026-03-12 13:30:20.148] [info] Core [2] Tile Stats | Issued: 44 Running: 2 Finished: 42
[2026-03-12 13:30:20.148] [info] cycle: [1144000]
[2026-03-12 13:30:20.148] [info] Core [3] Tile Stats | Issued: 46 Running: 2 Finished: 44
[2026-03-12 13:30:20.148] [info] cycle: [1144000]
[2026-03-12 13:30:20.148] [info] [ICNT] Core->ICNT request 764GB/Sec,191000
[2026-03-12 13:30:20.148] [info] [ICNT] Core<-ICNT request 471GB/Sec,117821
[2026-03-12 13:30:20.148] [info] [ICNT] ICNT->MEM request 0GB/Sec,0
[2026-03-12 13:30:20.148] [info] [ICNT] ICNT<-MEM request 0GB/Sec,0
[2026-03-12 13:30:20.904] [info] Core [0] Tile Stats | Issued: 45 Running: 2 Finished: 43
[2026-03-12 13:30:20.904] [info] cycle: [1152000]
[2026-03-12 13:30:20.904] [info] Core [1] Tile Stats | Issued: 46 Running: 2 Finished: 44
[2026-03-12 13:30:20.904] [info] cycle: [1152000]
[2026-03-12 13:30:20.904] [info] Core [2] Tile Stats | Issued: 44 Running: 2 Finished: 42
[2026-03-12 13:30:20.904] [info] cycle: [1152000]
[2026-03-12 13:30:20.904] [info] Core [3] Tile Stats | Issued: 46 Running: 2 Finished: 44
[2026-03-12 13:30:20.904] [info] cycle: [1152000]
[2026-03-12 13:30:20.904] [info] [ICNT] Core->ICNT request 1578GB/Sec,394624
[2026-03-12 13:30:20.904] [info] [ICNT] Core<-ICNT request 443GB/Sec,110765
[2026-03-12 13:30:20.904] [info] [ICNT] ICNT->MEM request 0GB/Sec,0
[2026-03-12 13:30:20.904] [info] [ICNT] ICNT<-MEM request 0GB/Sec,0
[2026-03-12 13:30:21.634] [info] Core [0] Tile Stats | Issued: 45 Running: 2 Finished: 43
[2026-03-12 13:30:21.634] [info] cycle: [1160000]
[2026-03-12 13:30:21.634] [info] Core [1] Tile Stats | Issued: 46 Running: 2 Finished: 44
[2026-03-12 13:30:21.634] [info] cycle: [1160000]
[2026-03-12 13:30:21.634] [info] Core [2] Tile Stats | Issued: 44 Running: 2 Finished: 42
[2026-03-12 13:30:21.634] [info] cycle: [1160000]
[2026-03-12 13:30:21.634] [info] Core [3] Tile Stats | Issued: 46 Running: 2 Finished: 44
[2026-03-12 13:30:21.634] [info] cycle: [1160000]
[2026-03-12 13:30:21.634] [info] [ICNT] Core->ICNT request 0GB/Sec,0
[2026-03-12 13:30:21.634] [info] [ICNT] Core<-ICNT request 452GB/Sec,113029
[2026-03-12 13:30:21.634] [info] [ICNT] ICNT->MEM request 0GB/Sec,0
[2026-03-12 13:30:21.634] [info] [ICNT] ICNT<-MEM request 0GB/Sec,0
[2026-03-12 13:30:22.335] [info] Core [0] Tile Stats | Issued: 45 Running: 2 Finished: 43
[2026-03-12 13:30:22.335] [info] cycle: [1168000]
[2026-03-12 13:30:22.335] [info] Core [1] Tile Stats | Issued: 47 Running: 2 Finished: 45
[2026-03-12 13:30:22.335] [info] cycle: [1168000]
[2026-03-12 13:30:22.335] [info] Core [2] Tile Stats | Issued: 45 Running: 2 Finished: 43
[2026-03-12 13:30:22.335] [info] cycle: [1168000]
[2026-03-12 13:30:22.335] [info] Core [3] Tile Stats | Issued: 46 Running: 2 Finished: 44
[2026-03-12 13:30:22.335] [info] cycle: [1168000]
[2026-03-12 13:30:22.335] [info] [ICNT] Core->ICNT request 602GB/Sec,150616
[2026-03-12 13:30:22.335] [info] [ICNT] Core<-ICNT request 437GB/Sec,109444
[2026-03-12 13:30:22.335] [info] [ICNT] ICNT->MEM request 0GB/Sec,0
[2026-03-12 13:30:22.335] [info] [ICNT] ICNT<-MEM request 0GB/Sec,0
[2026-03-12 13:30:23.045] [info] Core [0] Tile Stats | Issued: 45 Running: 2 Finished: 43
[2026-03-12 13:30:23.045] [info] cycle: [1176000]
[2026-03-12 13:30:23.045] [info] Core [1] Tile Stats | Issued: 47 Running: 2 Finished: 45
[2026-03-12 13:30:23.045] [info] cycle: [1176000]
[2026-03-12 13:30:23.045] [info] Core [2] Tile Stats | Issued: 45 Running: 2 Finished: 43
[2026-03-12 13:30:23.045] [info] cycle: [1176000]
[2026-03-12 13:30:23.045] [info] Core [3] Tile Stats | Issued: 46 Running: 2 Finished: 44
[2026-03-12 13:30:23.045] [info] cycle: [1176000]
[2026-03-12 13:30:23.045] [info] [ICNT] Core->ICNT request 543GB/Sec,135936
[2026-03-12 13:30:23.045] [info] [ICNT] Core<-ICNT request 408GB/Sec,102151
[2026-03-12 13:30:23.045] [info] [ICNT] ICNT->MEM request 0GB/Sec,0
[2026-03-12 13:30:23.045] [info] [ICNT] ICNT<-MEM request 0GB/Sec,0
[2026-03-12 13:30:23.720] [info] Core [0] Tile Stats | Issued: 45 Running: 2 Finished: 43
[2026-03-12 13:30:23.720] [info] cycle: [1184000]
[2026-03-12 13:30:23.720] [info] Core [1] Tile Stats | Issued: 47 Running: 2 Finished: 45
[2026-03-12 13:30:23.720] [info] cycle: [1184000]
[2026-03-12 13:30:23.720] [info] Core [2] Tile Stats | Issued: 45 Running: 2 Finished: 43
[2026-03-12 13:30:23.720] [info] cycle: [1184000]
[2026-03-12 13:30:23.720] [info] Core [3] Tile Stats | Issued: 46 Running: 2 Finished: 44
[2026-03-12 13:30:23.720] [info] cycle: [1184000]
[2026-03-12 13:30:23.720] [info] [ICNT] Core->ICNT request 0GB/Sec,0
[2026-03-12 13:30:23.720] [info] [ICNT] Core<-ICNT request 386GB/Sec,96507
[2026-03-12 13:30:23.720] [info] [ICNT] ICNT->MEM request 0GB/Sec,0
[2026-03-12 13:30:23.720] [info] [ICNT] ICNT<-MEM request 0GB/Sec,0
[2026-03-12 13:30:24.460] [info] Core [0] Tile Stats | Issued: 45 Running: 2 Finished: 43
[2026-03-12 13:30:24.460] [info] cycle: [1192000]
[2026-03-12 13:30:24.460] [info] Core [1] Tile Stats | Issued: 47 Running: 2 Finished: 45
[2026-03-12 13:30:24.460] [info] cycle: [1192000]
[2026-03-12 13:30:24.460] [info] Core [2] Tile Stats | Issued: 45 Running: 2 Finished: 43
[2026-03-12 13:30:24.460] [info] cycle: [1192000]
[2026-03-12 13:30:24.460] [info] Core [3] Tile Stats | Issued: 48 Running: 2 Finished: 46
[2026-03-12 13:30:24.460] [info] cycle: [1192000]
[2026-03-12 13:30:24.460] [info] [ICNT] Core->ICNT request 396GB/Sec,99232
[2026-03-12 13:30:24.460] [info] [ICNT] Core<-ICNT request 457GB/Sec,114384
[2026-03-12 13:30:24.460] [info] [ICNT] ICNT->MEM request 0GB/Sec,0
[2026-03-12 13:30:24.460] [info] [ICNT] ICNT<-MEM request 0GB/Sec,0
[2026-03-12 13:30:25.187] [info] Core [0] Tile Stats | Issued: 45 Running: 2 Finished: 43
[2026-03-12 13:30:25.187] [info] cycle: [1200000]
[2026-03-12 13:30:25.187] [info] Core [1] Tile Stats | Issued: 47 Running: 2 Finished: 45
[2026-03-12 13:30:25.187] [info] cycle: [1200000]
[2026-03-12 13:30:25.187] [info] Core [2] Tile Stats | Issued: 45 Running: 2 Finished: 43
[2026-03-12 13:30:25.187] [info] cycle: [1200000]
[2026-03-12 13:30:25.187] [info] Core [3] Tile Stats | Issued: 48 Running: 2 Finished: 46
[2026-03-12 13:30:25.187] [info] cycle: [1200000]
[2026-03-12 13:30:25.187] [info] [ICNT] Core->ICNT request 201GB/Sec,50304
[2026-03-12 13:30:25.187] [info] [ICNT] Core<-ICNT request 422GB/Sec,105686
[2026-03-12 13:30:25.187] [info] [ICNT] ICNT->MEM request 0GB/Sec,0
[2026-03-12 13:30:25.187] [info] [ICNT] ICNT<-MEM request 0GB/Sec,0
[2026-03-12 13:30:25.898] [info] Core [0] Tile Stats | Issued: 47 Running: 2 Finished: 45
[2026-03-12 13:30:25.898] [info] cycle: [1208000]
[2026-03-12 13:30:25.898] [info] Core [1] Tile Stats | Issued: 48 Running: 2 Finished: 46
[2026-03-12 13:30:25.898] [info] cycle: [1208000]
[2026-03-12 13:30:25.898] [info] Core [2] Tile Stats | Issued: 46 Running: 2 Finished: 44
[2026-03-12 13:30:25.898] [info] cycle: [1208000]
[2026-03-12 13:30:25.898] [info] Core [3] Tile Stats | Issued: 48 Running: 2 Finished: 46
[2026-03-12 13:30:25.898] [info] cycle: [1208000]
[2026-03-12 13:30:25.898] [info] [ICNT] Core->ICNT request 184GB/Sec,46072
[2026-03-12 13:30:25.898] [info] [ICNT] Core<-ICNT request 382GB/Sec,95553
[2026-03-12 13:30:25.898] [info] [ICNT] ICNT->MEM request 0GB/Sec,0
[2026-03-12 13:30:25.898] [info] [ICNT] ICNT<-MEM request 0GB/Sec,0
[2026-03-12 13:30:26.678] [info] Core [0] Tile Stats | Issued: 47 Running: 2 Finished: 45
[2026-03-12 13:30:26.678] [info] cycle: [1216000]
[2026-03-12 13:30:26.678] [info] Core [1] Tile Stats | Issued: 48 Running: 2 Finished: 46
[2026-03-12 13:30:26.678] [info] cycle: [1216000]
[2026-03-12 13:30:26.678] [info] Core [2] Tile Stats | Issued: 46 Running: 2 Finished: 44
[2026-03-12 13:30:26.678] [info] cycle: [1216000]
[2026-03-12 13:30:26.678] [info] Core [3] Tile Stats | Issued: 48 Running: 2 Finished: 46
[2026-03-12 13:30:26.678] [info] cycle: [1216000]
[2026-03-12 13:30:26.678] [info] [ICNT] Core->ICNT request 1514GB/Sec,378704
[2026-03-12 13:30:26.678] [info] [ICNT] Core<-ICNT request 417GB/Sec,104300
[2026-03-12 13:30:26.678] [info] [ICNT] ICNT->MEM request 0GB/Sec,0
[2026-03-12 13:30:26.678] [info] [ICNT] ICNT<-MEM request 0GB/Sec,0
[2026-03-12 13:30:27.382] [info] Core [0] Tile Stats | Issued: 47 Running: 2 Finished: 45
[2026-03-12 13:30:27.382] [info] cycle: [1224000]
[2026-03-12 13:30:27.382] [info] Core [1] Tile Stats | Issued: 48 Running: 2 Finished: 46
[2026-03-12 13:30:27.382] [info] cycle: [1224000]
[2026-03-12 13:30:27.382] [info] Core [2] Tile Stats | Issued: 46 Running: 2 Finished: 44
[2026-03-12 13:30:27.382] [info] cycle: [1224000]
[2026-03-12 13:30:27.382] [info] Core [3] Tile Stats | Issued: 48 Running: 2 Finished: 46
[2026-03-12 13:30:27.382] [info] cycle: [1224000]
[2026-03-12 13:30:27.382] [info] [ICNT] Core->ICNT request 45GB/Sec,11312
[2026-03-12 13:30:27.382] [info] [ICNT] Core<-ICNT request 343GB/Sec,85807
[2026-03-12 13:30:27.382] [info] [ICNT] ICNT->MEM request 0GB/Sec,0
[2026-03-12 13:30:27.382] [info] [ICNT] ICNT<-MEM request 0GB/Sec,0
[2026-03-12 13:30:28.096] [info] Core [0] Tile Stats | Issued: 47 Running: 2 Finished: 45
[2026-03-12 13:30:28.096] [info] cycle: [1232000]
[2026-03-12 13:30:28.096] [info] Core [1] Tile Stats | Issued: 48 Running: 2 Finished: 46
[2026-03-12 13:30:28.096] [info] cycle: [1232000]
[2026-03-12 13:30:28.096] [info] Core [2] Tile Stats | Issued: 46 Running: 2 Finished: 44
[2026-03-12 13:30:28.096] [info] cycle: [1232000]
[2026-03-12 13:30:28.096] [info] Core [3] Tile Stats | Issued: 48 Running: 2 Finished: 46
[2026-03-12 13:30:28.096] [info] cycle: [1232000]
[2026-03-12 13:30:28.096] [info] [ICNT] Core->ICNT request 0GB/Sec,0
[2026-03-12 13:30:28.096] [info] [ICNT] Core<-ICNT request 378GB/Sec,94666
[2026-03-12 13:30:28.096] [info] [ICNT] ICNT->MEM request 0GB/Sec,0
[2026-03-12 13:30:28.096] [info] [ICNT] ICNT<-MEM request 0GB/Sec,0
[2026-03-12 13:30:28.802] [info] Core [0] Tile Stats | Issued: 47 Running: 2 Finished: 45
[2026-03-12 13:30:28.802] [info] cycle: [1240000]
[2026-03-12 13:30:28.802] [info] Core [1] Tile Stats | Issued: 49 Running: 2 Finished: 47
[2026-03-12 13:30:28.802] [info] cycle: [1240000]
[2026-03-12 13:30:28.802] [info] Core [2] Tile Stats | Issued: 47 Running: 2 Finished: 45
[2026-03-12 13:30:28.802] [info] cycle: [1240000]
[2026-03-12 13:30:28.802] [info] Core [3] Tile Stats | Issued: 48 Running: 2 Finished: 46
[2026-03-12 13:30:28.802] [info] cycle: [1240000]
[2026-03-12 13:30:28.802] [info] [ICNT] Core->ICNT request 496GB/Sec,124152
[2026-03-12 13:30:28.802] [info] [ICNT] Core<-ICNT request 399GB/Sec,99990
[2026-03-12 13:30:28.802] [info] [ICNT] ICNT->MEM request 0GB/Sec,0
[2026-03-12 13:30:28.802] [info] [ICNT] ICNT<-MEM request 0GB/Sec,0
[2026-03-12 13:30:29.523] [info] Core [0] Tile Stats | Issued: 47 Running: 2 Finished: 45
[2026-03-12 13:30:29.523] [info] cycle: [1248000]
[2026-03-12 13:30:29.523] [info] Core [1] Tile Stats | Issued: 49 Running: 2 Finished: 47
[2026-03-12 13:30:29.523] [info] cycle: [1248000]
[2026-03-12 13:30:29.523] [info] Core [2] Tile Stats | Issued: 47 Running: 2 Finished: 45
[2026-03-12 13:30:29.523] [info] cycle: [1248000]
[2026-03-12 13:30:29.523] [info] Core [3] Tile Stats | Issued: 50 Running: 2 Finished: 48
[2026-03-12 13:30:29.523] [info] cycle: [1248000]
[2026-03-12 13:30:29.523] [info] [ICNT] Core->ICNT request 709GB/Sec,177264
[2026-03-12 13:30:29.523] [info] [ICNT] Core<-ICNT request 381GB/Sec,95341
[2026-03-12 13:30:29.523] [info] [ICNT] ICNT->MEM request 0GB/Sec,0
[2026-03-12 13:30:29.523] [info] [ICNT] ICNT<-MEM request 0GB/Sec,0
[2026-03-12 13:30:30.245] [info] Core [0] Tile Stats | Issued: 47 Running: 2 Finished: 45
[2026-03-12 13:30:30.245] [info] cycle: [1256000]
[2026-03-12 13:30:30.245] [info] Core [1] Tile Stats | Issued: 49 Running: 2 Finished: 47
[2026-03-12 13:30:30.245] [info] cycle: [1256000]
[2026-03-12 13:30:30.245] [info] Core [2] Tile Stats | Issued: 47 Running: 2 Finished: 45
[2026-03-12 13:30:30.245] [info] cycle: [1256000]
[2026-03-12 13:30:30.245] [info] Core [3] Tile Stats | Issued: 50 Running: 2 Finished: 48
[2026-03-12 13:30:30.245] [info] cycle: [1256000]
[2026-03-12 13:30:30.245] [info] [ICNT] Core->ICNT request 512GB/Sec,128000
[2026-03-12 13:30:30.245] [info] [ICNT] Core<-ICNT request 376GB/Sec,94191
[2026-03-12 13:30:30.245] [info] [ICNT] ICNT->MEM request 0GB/Sec,0
[2026-03-12 13:30:30.245] [info] [ICNT] ICNT<-MEM request 0GB/Sec,0
[2026-03-12 13:30:30.939] [info] Core [0] Tile Stats | Issued: 47 Running: 2 Finished: 45
[2026-03-12 13:30:30.939] [info] cycle: [1264000]
[2026-03-12 13:30:30.939] [info] Core [1] Tile Stats | Issued: 49 Running: 2 Finished: 47
[2026-03-12 13:30:30.939] [info] cycle: [1264000]
[2026-03-12 13:30:30.939] [info] Core [2] Tile Stats | Issued: 47 Running: 2 Finished: 45
[2026-03-12 13:30:30.939] [info] cycle: [1264000]
[2026-03-12 13:30:30.939] [info] Core [3] Tile Stats | Issued: 50 Running: 2 Finished: 48
[2026-03-12 13:30:30.939] [info] cycle: [1264000]
[2026-03-12 13:30:30.939] [info] [ICNT] Core->ICNT request 26GB/Sec,6672
[2026-03-12 13:30:30.939] [info] [ICNT] Core<-ICNT request 332GB/Sec,83082
[2026-03-12 13:30:30.939] [info] [ICNT] ICNT->MEM request 0GB/Sec,0
[2026-03-12 13:30:30.939] [info] [ICNT] ICNT<-MEM request 0GB/Sec,0
[2026-03-12 13:30:31.677] [info] Core [0] Tile Stats | Issued: 47 Running: 2 Finished: 45
[2026-03-12 13:30:31.677] [info] cycle: [1272000]
[2026-03-12 13:30:31.677] [info] Core [1] Tile Stats | Issued: 49 Running: 2 Finished: 47
[2026-03-12 13:30:31.677] [info] cycle: [1272000]
[2026-03-12 13:30:31.677] [info] Core [2] Tile Stats | Issued: 47 Running: 2 Finished: 45
[2026-03-12 13:30:31.677] [info] cycle: [1272000]
[2026-03-12 13:30:31.677] [info] Core [3] Tile Stats | Issued: 50 Running: 2 Finished: 48
[2026-03-12 13:30:31.677] [info] cycle: [1272000]
[2026-03-12 13:30:31.677] [info] [ICNT] Core->ICNT request 0GB/Sec,0
[2026-03-12 13:30:31.677] [info] [ICNT] Core<-ICNT request 350GB/Sec,87575
[2026-03-12 13:30:31.677] [info] [ICNT] ICNT->MEM request 0GB/Sec,0
[2026-03-12 13:30:31.677] [info] [ICNT] ICNT<-MEM request 0GB/Sec,0
[2026-03-12 13:30:32.366] [info] Core [0] Tile Stats | Issued: 47 Running: 2 Finished: 45
[2026-03-12 13:30:32.366] [info] cycle: [1280000]
[2026-03-12 13:30:32.366] [info] Core [1] Tile Stats | Issued: 49 Running: 2 Finished: 47
[2026-03-12 13:30:32.366] [info] cycle: [1280000]
[2026-03-12 13:30:32.366] [info] Core [2] Tile Stats | Issued: 47 Running: 2 Finished: 45
[2026-03-12 13:30:32.366] [info] cycle: [1280000]
[2026-03-12 13:30:32.366] [info] Core [3] Tile Stats | Issued: 50 Running: 2 Finished: 48
[2026-03-12 13:30:32.366] [info] cycle: [1280000]
[2026-03-12 13:30:32.366] [info] [ICNT] Core->ICNT request 0GB/Sec,0
[2026-03-12 13:30:32.366] [info] [ICNT] Core<-ICNT request 361GB/Sec,90440
[2026-03-12 13:30:32.366] [info] [ICNT] ICNT->MEM request 0GB/Sec,0
[2026-03-12 13:30:32.366] [info] [ICNT] ICNT<-MEM request 0GB/Sec,0
[2026-03-12 13:30:33.160] [info] Core [0] Tile Stats | Issued: 49 Running: 2 Finished: 47
[2026-03-12 13:30:33.160] [info] cycle: [1288000]
[2026-03-12 13:30:33.160] [info] Core [1] Tile Stats | Issued: 50 Running: 2 Finished: 48
[2026-03-12 13:30:33.160] [info] cycle: [1288000]
[2026-03-12 13:30:33.160] [info] Core [2] Tile Stats | Issued: 48 Running: 2 Finished: 46
[2026-03-12 13:30:33.160] [info] cycle: [1288000]
[2026-03-12 13:30:33.160] [info] Core [3] Tile Stats | Issued: 50 Running: 2 Finished: 48
[2026-03-12 13:30:33.160] [info] cycle: [1288000]
[2026-03-12 13:30:33.160] [info] [ICNT] Core->ICNT request 1193GB/Sec,298360
[2026-03-12 13:30:33.160] [info] [ICNT] Core<-ICNT request 485GB/Sec,121329
[2026-03-12 13:30:33.160] [info] [ICNT] ICNT->MEM request 0GB/Sec,0
[2026-03-12 13:30:33.160] [info] [ICNT] ICNT<-MEM request 0GB/Sec,0
[2026-03-12 13:30:33.896] [info] Core [0] Tile Stats | Issued: 49 Running: 2 Finished: 47
[2026-03-12 13:30:33.896] [info] cycle: [1296000]
[2026-03-12 13:30:33.896] [info] Core [1] Tile Stats | Issued: 50 Running: 2 Finished: 48
[2026-03-12 13:30:33.896] [info] cycle: [1296000]
[2026-03-12 13:30:33.896] [info] Core [2] Tile Stats | Issued: 48 Running: 2 Finished: 46
[2026-03-12 13:30:33.896] [info] cycle: [1296000]
[2026-03-12 13:30:33.896] [info] Core [3] Tile Stats | Issued: 50 Running: 2 Finished: 48
[2026-03-12 13:30:33.896] [info] cycle: [1296000]
[2026-03-12 13:30:33.896] [info] [ICNT] Core->ICNT request 550GB/Sec,137728
[2026-03-12 13:30:33.896] [info] [ICNT] Core<-ICNT request 393GB/Sec,98435
[2026-03-12 13:30:33.896] [info] [ICNT] ICNT->MEM request 0GB/Sec,0
[2026-03-12 13:30:33.896] [info] [ICNT] ICNT<-MEM request 0GB/Sec,0
[2026-03-12 13:30:34.624] [info] Core [0] Tile Stats | Issued: 49 Running: 2 Finished: 47
[2026-03-12 13:30:34.624] [info] cycle: [1304000]
[2026-03-12 13:30:34.624] [info] Core [1] Tile Stats | Issued: 50 Running: 2 Finished: 48
[2026-03-12 13:30:34.624] [info] cycle: [1304000]
[2026-03-12 13:30:34.624] [info] Core [2] Tile Stats | Issued: 48 Running: 2 Finished: 46
[2026-03-12 13:30:34.624] [info] cycle: [1304000]
[2026-03-12 13:30:34.624] [info] Core [3] Tile Stats | Issued: 50 Running: 2 Finished: 48
[2026-03-12 13:30:34.624] [info] cycle: [1304000]
[2026-03-12 13:30:34.624] [info] [ICNT] Core->ICNT request 0GB/Sec,0
[2026-03-12 13:30:34.624] [info] [ICNT] Core<-ICNT request 410GB/Sec,102712
[2026-03-12 13:30:34.624] [info] [ICNT] ICNT->MEM request 0GB/Sec,0
[2026-03-12 13:30:34.624] [info] [ICNT] ICNT<-MEM request 0GB/Sec,0
[2026-03-12 13:30:35.330] [info] Core [0] Tile Stats | Issued: 49 Running: 2 Finished: 47
[2026-03-12 13:30:35.330] [info] cycle: [1312000]
[2026-03-12 13:30:35.330] [info] Core [1] Tile Stats | Issued: 51 Running: 2 Finished: 49
[2026-03-12 13:30:35.330] [info] cycle: [1312000]
[2026-03-12 13:30:35.330] [info] Core [2] Tile Stats | Issued: 49 Running: 2 Finished: 47
[2026-03-12 13:30:35.330] [info] cycle: [1312000]
[2026-03-12 13:30:35.330] [info] Core [3] Tile Stats | Issued: 50 Running: 2 Finished: 48
[2026-03-12 13:30:35.330] [info] cycle: [1312000]
[2026-03-12 13:30:35.330] [info] [ICNT] Core->ICNT request 371GB/Sec,92824
[2026-03-12 13:30:35.330] [info] [ICNT] Core<-ICNT request 415GB/Sec,103919
[2026-03-12 13:30:35.330] [info] [ICNT] ICNT->MEM request 0GB/Sec,0
[2026-03-12 13:30:35.330] [info] [ICNT] ICNT<-MEM request 0GB/Sec,0
[2026-03-12 13:30:36.074] [info] Core [0] Tile Stats | Issued: 49 Running: 2 Finished: 47
[2026-03-12 13:30:36.074] [info] cycle: [1320000]
[2026-03-12 13:30:36.074] [info] Core [1] Tile Stats | Issued: 51 Running: 2 Finished: 49
[2026-03-12 13:30:36.074] [info] cycle: [1320000]
[2026-03-12 13:30:36.074] [info] Core [2] Tile Stats | Issued: 49 Running: 2 Finished: 47
[2026-03-12 13:30:36.074] [info] cycle: [1320000]
[2026-03-12 13:30:36.074] [info] Core [3] Tile Stats | Issued: 52 Running: 2 Finished: 50
[2026-03-12 13:30:36.074] [info] cycle: [1320000]
[2026-03-12 13:30:36.074] [info] [ICNT] Core->ICNT request 812GB/Sec,203216
[2026-03-12 13:30:36.074] [info] [ICNT] Core<-ICNT request 408GB/Sec,102077
[2026-03-12 13:30:36.074] [info] [ICNT] ICNT->MEM request 0GB/Sec,0
[2026-03-12 13:30:36.074] [info] [ICNT] ICNT<-MEM request 0GB/Sec,0
[2026-03-12 13:30:36.863] [info] Core [0] Tile Stats | Issued: 49 Running: 2 Finished: 47
[2026-03-12 13:30:36.863] [info] cycle: [1328000]
[2026-03-12 13:30:36.863] [info] Core [1] Tile Stats | Issued: 51 Running: 2 Finished: 49
[2026-03-12 13:30:36.863] [info] cycle: [1328000]
[2026-03-12 13:30:36.863] [info] Core [2] Tile Stats | Issued: 49 Running: 2 Finished: 47
[2026-03-12 13:30:36.863] [info] cycle: [1328000]
[2026-03-12 13:30:36.863] [info] Core [3] Tile Stats | Issued: 52 Running: 2 Finished: 50
[2026-03-12 13:30:36.863] [info] cycle: [1328000]
[2026-03-12 13:30:36.863] [info] [ICNT] Core->ICNT request 512GB/Sec,128000
[2026-03-12 13:30:36.863] [info] [ICNT] Core<-ICNT request 396GB/Sec,99085
[2026-03-12 13:30:36.863] [info] [ICNT] ICNT->MEM request 0GB/Sec,0
[2026-03-12 13:30:36.863] [info] [ICNT] ICNT<-MEM request 0GB/Sec,0
[2026-03-12 13:30:37.650] [info] Core [0] Tile Stats | Issued: 49 Running: 2 Finished: 47
[2026-03-12 13:30:37.651] [info] cycle: [1336000]
[2026-03-12 13:30:37.651] [info] Core [1] Tile Stats | Issued: 51 Running: 2 Finished: 49
[2026-03-12 13:30:37.651] [info] cycle: [1336000]
[2026-03-12 13:30:37.651] [info] Core [2] Tile Stats | Issued: 49 Running: 2 Finished: 47
[2026-03-12 13:30:37.651] [info] cycle: [1336000]
[2026-03-12 13:30:37.651] [info] Core [3] Tile Stats | Issued: 52 Running: 2 Finished: 50
[2026-03-12 13:30:37.651] [info] cycle: [1336000]
[2026-03-12 13:30:37.651] [info] [ICNT] Core->ICNT request 44GB/Sec,11024
[2026-03-12 13:30:37.651] [info] [ICNT] Core<-ICNT request 378GB/Sec,94527
[2026-03-12 13:30:37.651] [info] [ICNT] ICNT->MEM request 0GB/Sec,0
[2026-03-12 13:30:37.651] [info] [ICNT] ICNT<-MEM request 0GB/Sec,0
[2026-03-12 13:30:38.500] [info] Core [0] Tile Stats | Issued: 49 Running: 2 Finished: 47
[2026-03-12 13:30:38.500] [info] cycle: [1344000]
[2026-03-12 13:30:38.500] [info] Core [1] Tile Stats | Issued: 51 Running: 2 Finished: 49
[2026-03-12 13:30:38.500] [info] cycle: [1344000]
[2026-03-12 13:30:38.500] [info] Core [2] Tile Stats | Issued: 49 Running: 2 Finished: 47
[2026-03-12 13:30:38.500] [info] cycle: [1344000]
[2026-03-12 13:30:38.500] [info] Core [3] Tile Stats | Issued: 52 Running: 2 Finished: 50
[2026-03-12 13:30:38.500] [info] cycle: [1344000]
[2026-03-12 13:30:38.500] [info] [ICNT] Core->ICNT request 0GB/Sec,0
[2026-03-12 13:30:38.500] [info] [ICNT] Core<-ICNT request 374GB/Sec,93518
[2026-03-12 13:30:38.500] [info] [ICNT] ICNT->MEM request 0GB/Sec,0
[2026-03-12 13:30:38.500] [info] [ICNT] ICNT<-MEM request 0GB/Sec,0
[2026-03-12 13:30:39.293] [info] Core [0] Tile Stats | Issued: 51 Running: 2 Finished: 49
[2026-03-12 13:30:39.293] [info] cycle: [1352000]
[2026-03-12 13:30:39.293] [info] Core [1] Tile Stats | Issued: 52 Running: 2 Finished: 50
[2026-03-12 13:30:39.293] [info] cycle: [1352000]
[2026-03-12 13:30:39.293] [info] Core [2] Tile Stats | Issued: 50 Running: 2 Finished: 48
[2026-03-12 13:30:39.293] [info] cycle: [1352000]
[2026-03-12 13:30:39.293] [info] Core [3] Tile Stats | Issued: 52 Running: 2 Finished: 50
[2026-03-12 13:30:39.293] [info] cycle: [1352000]
[2026-03-12 13:30:39.293] [info] [ICNT] Core->ICNT request 342GB/Sec,85736
[2026-03-12 13:30:39.293] [info] [ICNT] Core<-ICNT request 404GB/Sec,101014
[2026-03-12 13:30:39.293] [info] [ICNT] ICNT->MEM request 0GB/Sec,0
[2026-03-12 13:30:39.293] [info] [ICNT] ICNT<-MEM request 0GB/Sec,0
[2026-03-12 13:30:40.110] [info] Core [0] Tile Stats | Issued: 51 Running: 2 Finished: 49
[2026-03-12 13:30:40.110] [info] cycle: [1360000]
[2026-03-12 13:30:40.110] [info] Core [1] Tile Stats | Issued: 52 Running: 2 Finished: 50
[2026-03-12 13:30:40.110] [info] cycle: [1360000]
[2026-03-12 13:30:40.110] [info] Core [2] Tile Stats | Issued: 50 Running: 2 Finished: 48
[2026-03-12 13:30:40.110] [info] cycle: [1360000]
[2026-03-12 13:30:40.110] [info] Core [3] Tile Stats | Issued: 52 Running: 2 Finished: 50
[2026-03-12 13:30:40.110] [info] cycle: [1360000]
[2026-03-12 13:30:40.110] [info] [ICNT] Core->ICNT request 1334GB/Sec,333536
[2026-03-12 13:30:40.110] [info] [ICNT] Core<-ICNT request 431GB/Sec,107894
[2026-03-12 13:30:40.110] [info] [ICNT] ICNT->MEM request 0GB/Sec,0
[2026-03-12 13:30:40.110] [info] [ICNT] ICNT<-MEM request 0GB/Sec,0
[2026-03-12 13:30:40.888] [info] Core [0] Tile Stats | Issued: 51 Running: 2 Finished: 49
[2026-03-12 13:30:40.888] [info] cycle: [1368000]
[2026-03-12 13:30:40.888] [info] Core [1] Tile Stats | Issued: 52 Running: 2 Finished: 50
[2026-03-12 13:30:40.888] [info] cycle: [1368000]
[2026-03-12 13:30:40.888] [info] Core [2] Tile Stats | Issued: 50 Running: 2 Finished: 48
[2026-03-12 13:30:40.888] [info] cycle: [1368000]
[2026-03-12 13:30:40.888] [info] Core [3] Tile Stats | Issued: 52 Running: 2 Finished: 50
[2026-03-12 13:30:40.888] [info] cycle: [1368000]
[2026-03-12 13:30:40.888] [info] [ICNT] Core->ICNT request 67GB/Sec,16816
[2026-03-12 13:30:40.888] [info] [ICNT] Core<-ICNT request 369GB/Sec,92338
[2026-03-12 13:30:40.888] [info] [ICNT] ICNT->MEM request 0GB/Sec,0
[2026-03-12 13:30:40.888] [info] [ICNT] ICNT<-MEM request 0GB/Sec,0
[2026-03-12 13:30:41.748] [info] Core [0] Tile Stats | Issued: 51 Running: 2 Finished: 49
[2026-03-12 13:30:41.748] [info] cycle: [1376000]
[2026-03-12 13:30:41.748] [info] Core [1] Tile Stats | Issued: 52 Running: 2 Finished: 50
[2026-03-12 13:30:41.748] [info] cycle: [1376000]
[2026-03-12 13:30:41.748] [info] Core [2] Tile Stats | Issued: 50 Running: 2 Finished: 48
[2026-03-12 13:30:41.748] [info] cycle: [1376000]
[2026-03-12 13:30:41.748] [info] Core [3] Tile Stats | Issued: 52 Running: 2 Finished: 50
[2026-03-12 13:30:41.748] [info] cycle: [1376000]
[2026-03-12 13:30:41.748] [info] [ICNT] Core->ICNT request 0GB/Sec,0
[2026-03-12 13:30:41.748] [info] [ICNT] Core<-ICNT request 436GB/Sec,109035
[2026-03-12 13:30:41.748] [info] [ICNT] ICNT->MEM request 0GB/Sec,0
[2026-03-12 13:30:41.748] [info] [ICNT] ICNT<-MEM request 0GB/Sec,0
[2026-03-12 13:30:42.506] [info] Core [0] Tile Stats | Issued: 51 Running: 2 Finished: 49
[2026-03-12 13:30:42.506] [info] cycle: [1384000]
[2026-03-12 13:30:42.506] [info] Core [1] Tile Stats | Issued: 53 Running: 2 Finished: 51
[2026-03-12 13:30:42.506] [info] cycle: [1384000]
[2026-03-12 13:30:42.506] [info] Core [2] Tile Stats | Issued: 51 Running: 2 Finished: 49
[2026-03-12 13:30:42.506] [info] cycle: [1384000]
[2026-03-12 13:30:42.506] [info] Core [3] Tile Stats | Issued: 52 Running: 2 Finished: 50
[2026-03-12 13:30:42.506] [info] cycle: [1384000]
[2026-03-12 13:30:42.506] [info] [ICNT] Core->ICNT request 610GB/Sec,152520
[2026-03-12 13:30:42.506] [info] [ICNT] Core<-ICNT request 419GB/Sec,104773
[2026-03-12 13:30:42.506] [info] [ICNT] ICNT->MEM request 0GB/Sec,0
[2026-03-12 13:30:42.506] [info] [ICNT] ICNT<-MEM request 0GB/Sec,0
[2026-03-12 13:30:43.376] [info] Core [0] Tile Stats | Issued: 51 Running: 2 Finished: 49
[2026-03-12 13:30:43.376] [info] cycle: [1392000]
[2026-03-12 13:30:43.376] [info] Core [1] Tile Stats | Issued: 53 Running: 2 Finished: 51
[2026-03-12 13:30:43.376] [info] cycle: [1392000]
[2026-03-12 13:30:43.376] [info] Core [2] Tile Stats | Issued: 51 Running: 2 Finished: 49
[2026-03-12 13:30:43.376] [info] cycle: [1392000]
[2026-03-12 13:30:43.376] [info] Core [3] Tile Stats | Issued: 52 Running: 0 Finished: 52
[2026-03-12 13:30:43.376] [info] cycle: [1392000]
[2026-03-12 13:30:43.376] [info] [ICNT] Core->ICNT request 542GB/Sec,135632
[2026-03-12 13:30:43.376] [info] [ICNT] Core<-ICNT request 368GB/Sec,92095
[2026-03-12 13:30:43.376] [info] [ICNT] ICNT->MEM request 0GB/Sec,0
[2026-03-12 13:30:43.376] [info] [ICNT] ICNT<-MEM request 0GB/Sec,0
[2026-03-12 13:30:44.162] [info] Core [0] Tile Stats | Issued: 51 Running: 2 Finished: 49
[2026-03-12 13:30:44.162] [info] cycle: [1400000]
[2026-03-12 13:30:44.162] [info] Core [1] Tile Stats | Issued: 53 Running: 2 Finished: 51
[2026-03-12 13:30:44.162] [info] cycle: [1400000]
[2026-03-12 13:30:44.162] [info] Core [2] Tile Stats | Issued: 51 Running: 2 Finished: 49
[2026-03-12 13:30:44.162] [info] cycle: [1400000]
[2026-03-12 13:30:44.162] [info] Core [3] Tile Stats | Issued: 52 Running: 0 Finished: 52
[2026-03-12 13:30:44.162] [info] cycle: [1400000]
[2026-03-12 13:30:44.162] [info] [ICNT] Core->ICNT request 0GB/Sec,0
[2026-03-12 13:30:44.162] [info] [ICNT] Core<-ICNT request 364GB/Sec,91221
[2026-03-12 13:30:44.162] [info] [ICNT] ICNT->MEM request 0GB/Sec,0
[2026-03-12 13:30:44.162] [info] [ICNT] ICNT<-MEM request 0GB/Sec,0
[2026-03-12 13:30:44.975] [info] Core [0] Tile Stats | Issued: 51 Running: 2 Finished: 49
[2026-03-12 13:30:44.975] [info] cycle: [1408000]
[2026-03-12 13:30:44.975] [info] Core [1] Tile Stats | Issued: 53 Running: 2 Finished: 51
[2026-03-12 13:30:44.975] [info] cycle: [1408000]
[2026-03-12 13:30:44.975] [info] Core [2] Tile Stats | Issued: 51 Running: 2 Finished: 49
[2026-03-12 13:30:44.975] [info] cycle: [1408000]
[2026-03-12 13:30:44.975] [info] Core [3] Tile Stats | Issued: 52 Running: 0 Finished: 52
[2026-03-12 13:30:44.975] [info] cycle: [1408000]
[2026-03-12 13:30:44.975] [info] [ICNT] Core->ICNT request 0GB/Sec,0
[2026-03-12 13:30:44.975] [info] [ICNT] Core<-ICNT request 359GB/Sec,89886
[2026-03-12 13:30:44.975] [info] [ICNT] ICNT->MEM request 0GB/Sec,0
[2026-03-12 13:30:44.975] [info] [ICNT] ICNT<-MEM request 0GB/Sec,0
[2026-03-12 13:30:45.775] [info] Core [0] Tile Stats | Issued: 51 Running: 2 Finished: 49
[2026-03-12 13:30:45.775] [info] cycle: [1416000]
[2026-03-12 13:30:45.775] [info] Core [1] Tile Stats | Issued: 53 Running: 2 Finished: 51
[2026-03-12 13:30:45.775] [info] cycle: [1416000]
[2026-03-12 13:30:45.775] [info] Core [2] Tile Stats | Issued: 52 Running: 2 Finished: 50
[2026-03-12 13:30:45.775] [info] cycle: [1416000]
[2026-03-12 13:30:45.775] [info] Core [3] Tile Stats | Issued: 52 Running: 0 Finished: 52
[2026-03-12 13:30:45.775] [info] cycle: [1416000]
[2026-03-12 13:30:45.775] [info] [ICNT] Core->ICNT request 205GB/Sec,51320
[2026-03-12 13:30:45.775] [info] [ICNT] Core<-ICNT request 342GB/Sec,85533
[2026-03-12 13:30:45.775] [info] [ICNT] ICNT->MEM request 0GB/Sec,0
[2026-03-12 13:30:45.775] [info] [ICNT] ICNT<-MEM request 0GB/Sec,0
[2026-03-12 13:30:46.543] [info] Core [0] Tile Stats | Issued: 52 Running: 1 Finished: 51
[2026-03-12 13:30:46.543] [info] cycle: [1424000]
[2026-03-12 13:30:46.543] [info] Core [1] Tile Stats | Issued: 54 Running: 2 Finished: 52
[2026-03-12 13:30:46.543] [info] cycle: [1424000]
[2026-03-12 13:30:46.543] [info] Core [2] Tile Stats | Issued: 52 Running: 2 Finished: 50
[2026-03-12 13:30:46.543] [info] cycle: [1424000]
[2026-03-12 13:30:46.543] [info] Core [3] Tile Stats | Issued: 52 Running: 0 Finished: 52
[2026-03-12 13:30:46.543] [info] cycle: [1424000]
[2026-03-12 13:30:46.543] [info] [ICNT] Core->ICNT request 321GB/Sec,80280
[2026-03-12 13:30:46.543] [info] [ICNT] Core<-ICNT request 396GB/Sec,99084
[2026-03-12 13:30:46.543] [info] [ICNT] ICNT->MEM request 0GB/Sec,0
[2026-03-12 13:30:46.543] [info] [ICNT] ICNT<-MEM request 0GB/Sec,0
[2026-03-12 13:30:47.303] [info] Core [0] Tile Stats | Issued: 52 Running: 1 Finished: 51
[2026-03-12 13:30:47.303] [info] cycle: [1432000]
[2026-03-12 13:30:47.303] [info] Core [1] Tile Stats | Issued: 54 Running: 2 Finished: 52
[2026-03-12 13:30:47.303] [info] cycle: [1432000]
[2026-03-12 13:30:47.303] [info] Core [2] Tile Stats | Issued: 52 Running: 2 Finished: 50
[2026-03-12 13:30:47.303] [info] cycle: [1432000]
[2026-03-12 13:30:47.303] [info] Core [3] Tile Stats | Issued: 52 Running: 0 Finished: 52
[2026-03-12 13:30:47.303] [info] cycle: [1432000]
[2026-03-12 13:30:47.303] [info] [ICNT] Core->ICNT request 747GB/Sec,186944
[2026-03-12 13:30:47.303] [info] [ICNT] Core<-ICNT request 371GB/Sec,92944
[2026-03-12 13:30:47.303] [info] [ICNT] ICNT->MEM request 0GB/Sec,0
[2026-03-12 13:30:47.303] [info] [ICNT] ICNT<-MEM request 0GB/Sec,0
[2026-03-12 13:30:48.108] [info] Core [0] Tile Stats | Issued: 52 Running: 1 Finished: 51
[2026-03-12 13:30:48.108] [info] cycle: [1440000]
[2026-03-12 13:30:48.108] [info] Core [1] Tile Stats | Issued: 54 Running: 2 Finished: 52
[2026-03-12 13:30:48.108] [info] cycle: [1440000]
[2026-03-12 13:30:48.108] [info] Core [2] Tile Stats | Issued: 52 Running: 2 Finished: 50
[2026-03-12 13:30:48.108] [info] cycle: [1440000]
[2026-03-12 13:30:48.108] [info] Core [3] Tile Stats | Issued: 52 Running: 0 Finished: 52
[2026-03-12 13:30:48.108] [info] cycle: [1440000]
[2026-03-12 13:30:48.108] [info] [ICNT] Core->ICNT request 0GB/Sec,0
[2026-03-12 13:30:48.108] [info] [ICNT] Core<-ICNT request 366GB/Sec,91713
[2026-03-12 13:30:48.108] [info] [ICNT] ICNT->MEM request 0GB/Sec,0
[2026-03-12 13:30:48.108] [info] [ICNT] ICNT<-MEM request 0GB/Sec,0
[2026-03-12 13:30:48.827] [info] Core [0] Tile Stats | Issued: 52 Running: 1 Finished: 51
[2026-03-12 13:30:48.827] [info] cycle: [1448000]
[2026-03-12 13:30:48.827] [info] Core [1] Tile Stats | Issued: 54 Running: 1 Finished: 53
[2026-03-12 13:30:48.827] [info] cycle: [1448000]
[2026-03-12 13:30:48.827] [info] Core [2] Tile Stats | Issued: 52 Running: 1 Finished: 51
[2026-03-12 13:30:48.827] [info] cycle: [1448000]
[2026-03-12 13:30:48.827] [info] Core [3] Tile Stats | Issued: 52 Running: 0 Finished: 52
[2026-03-12 13:30:48.827] [info] cycle: [1448000]
[2026-03-12 13:30:48.827] [info] [ICNT] Core->ICNT request 0GB/Sec,0
[2026-03-12 13:30:48.827] [info] [ICNT] Core<-ICNT request 494GB/Sec,123687
[2026-03-12 13:30:48.827] [info] [ICNT] ICNT->MEM request 0GB/Sec,0
[2026-03-12 13:30:48.827] [info] [ICNT] ICNT<-MEM request 0GB/Sec,0
[2026-03-12 13:30:49.617] [info] Core [0] Tile Stats | Issued: 52 Running: 1 Finished: 51
[2026-03-12 13:30:49.617] [info] cycle: [1456000]
[2026-03-12 13:30:49.617] [info] Core [1] Tile Stats | Issued: 54 Running: 1 Finished: 53
[2026-03-12 13:30:49.617] [info] cycle: [1456000]
[2026-03-12 13:30:49.617] [info] Core [2] Tile Stats | Issued: 52 Running: 1 Finished: 51
[2026-03-12 13:30:49.617] [info] cycle: [1456000]
[2026-03-12 13:30:49.617] [info] Core [3] Tile Stats | Issued: 52 Running: 0 Finished: 52
[2026-03-12 13:30:49.617] [info] cycle: [1456000]
[2026-03-12 13:30:49.617] [info] [ICNT] Core->ICNT request 0GB/Sec,0
[2026-03-12 13:30:49.617] [info] [ICNT] Core<-ICNT request 457GB/Sec,114295
[2026-03-12 13:30:49.617] [info] [ICNT] ICNT->MEM request 0GB/Sec,0
[2026-03-12 13:30:49.617] [info] [ICNT] ICNT<-MEM request 0GB/Sec,0
[2026-03-12 13:30:50.444] [info] Core [0] Tile Stats | Issued: 52 Running: 1 Finished: 51
[2026-03-12 13:30:50.444] [info] cycle: [1464000]
[2026-03-12 13:30:50.444] [info] Core [1] Tile Stats | Issued: 54 Running: 1 Finished: 53
[2026-03-12 13:30:50.444] [info] cycle: [1464000]
[2026-03-12 13:30:50.444] [info] Core [2] Tile Stats | Issued: 52 Running: 0 Finished: 52
[2026-03-12 13:30:50.444] [info] cycle: [1464000]
[2026-03-12 13:30:50.444] [info] Core [3] Tile Stats | Issued: 52 Running: 0 Finished: 52
[2026-03-12 13:30:50.444] [info] cycle: [1464000]
[2026-03-12 13:30:50.444] [info] [ICNT] Core->ICNT request 0GB/Sec,0
[2026-03-12 13:30:50.444] [info] [ICNT] Core<-ICNT request 374GB/Sec,93722
[2026-03-12 13:30:50.444] [info] [ICNT] ICNT->MEM request 0GB/Sec,0
[2026-03-12 13:30:50.444] [info] [ICNT] ICNT<-MEM request 0GB/Sec,0
[2026-03-12 13:30:50.524] [info] Layer layer0.ffn.fc2 finish at 1469750
[2026-03-12 13:30:50.524] [info] Total compute time 392705
[2026-03-12 13:30:50.524] [info] executable layer count 1
[2026-03-12 13:30:50.524] [info] Start layer layer0.ffn.ln
[2026-03-12 13:30:50.653] [info] Core [0] Tile Stats | Issued: 54 Running: 1 Finished: 53
[2026-03-12 13:30:50.653] [info] cycle: [1472000]
[2026-03-12 13:30:50.653] [info] Core [1] Tile Stats | Issued: 56 Running: 1 Finished: 55
[2026-03-12 13:30:50.653] [info] cycle: [1472000]
[2026-03-12 13:30:50.653] [info] Core [2] Tile Stats | Issued: 54 Running: 1 Finished: 53
[2026-03-12 13:30:50.653] [info] cycle: [1472000]
[2026-03-12 13:30:50.653] [info] Core [3] Tile Stats | Issued: 54 Running: 1 Finished: 53
[2026-03-12 13:30:50.653] [info] cycle: [1472000]
[2026-03-12 13:30:50.653] [info] [ICNT] Core->ICNT request 258GB/Sec,64512
[2026-03-12 13:30:50.653] [info] [ICNT] Core<-ICNT request 147GB/Sec,36802
[2026-03-12 13:30:50.653] [info] [ICNT] ICNT->MEM request 0GB/Sec,0
[2026-03-12 13:30:50.653] [info] [ICNT] ICNT<-MEM request 0GB/Sec,0
[2026-03-12 13:30:50.896] [info] Layer layer0.ffn.ln finish at 1474996
[2026-03-12 13:30:50.896] [info] Total compute time 5246
[2026-03-12 13:30:50.896] [info] Model[llama3-8b] Request: 69 us, Start: 69 us, finish:1474 us, Current Cycle:1474996
[2026-03-12 13:30:50.896] [info] Request 0 completed in 1405261 cycles
[2026-03-12 13:30:50.896] [info] No total_seq_len!
[2026-03-12 13:30:50.974] [info] Simulation Finished at 1476021 cycle 1476 us
Frontend:
  impl: GEM5

[2026-03-12 13:30:50.974] [info] Row hits: 929110, Row misses: 8292, Row conflicts: 241677
MemorySystem:
  impl: GenericDRAM
  total_num_other_requests: 0
  total_num_write_requests: 75172
  total_num_read_requests: 1104174
  memory_system_cycles: 1771933
  DRAM:
    impl: HBM2
  AddrMapper:
    impl: RoBaRaCoCh
  Controller:
    impl: Generic
    id: Channel 0
    Scheduler:
      impl: FRFCFS
    RefreshManager:
      impl: AllBank



[2026-03-12 13:30:50.974] [info] HBM2-CH_0: avg BW utilization 66% (1104174 reads, 75108 writes)
Frontend:
  impl: GEM5

[2026-03-12 13:30:50.974] [info] Row hits: 927903, Row misses: 8152, Row conflicts: 242994
MemorySystem:
  impl: GenericDRAM
  total_num_other_requests: 0
  total_num_write_requests: 75164
  total_num_read_requests: 1104183
  memory_system_cycles: 1771933
  DRAM:
    impl: HBM2
  AddrMapper:
    impl: RoBaRaCoCh
  Controller:
    impl: Generic
    id: Channel 0
    Scheduler:
      impl: FRFCFS
    RefreshManager:
      impl: AllBank



Frontend:
  impl: GEM5

[2026-03-12 13:30:50.974] [info] Row hits: 927933, Row misses: 8415, Row conflicts: 242708
MemorySystem:
  impl: GenericDRAM
  total_num_other_requests: 0
  total_num_write_requests: 75164
  total_num_read_requests: 1104184
  memory_system_cycles: 1771933
  DRAM:
    impl: HBM2
  AddrMapper:
    impl: RoBaRaCoCh
  Controller:
    impl: Generic
    id: Channel 0
    Scheduler:
      impl: FRFCFS
    RefreshManager:
      impl: AllBank



Frontend:
  impl: GEM5

[2026-03-12 13:30:50.974] [info] Row hits: 928627, Row misses: 9197, Row conflicts: 241336
MemorySystem:
  impl: GenericDRAM
  total_num_other_requests: 0
  total_num_write_requests: 75172
  total_num_read_requests: 1104265
  memory_system_cycles: 1771933
  DRAM:
    impl: HBM2
  AddrMapper:
    impl: RoBaRaCoCh
  Controller:
    impl: Generic
    id: Channel 0
    Scheduler:
      impl: FRFCFS
    RefreshManager:
      impl: AllBank



Frontend:
  impl: GEM5

[2026-03-12 13:30:50.974] [info] Row hits: 930248, Row misses: 7419, Row conflicts: 241394
MemorySystem:
  impl: GenericDRAM
  total_num_other_requests: 0
  total_num_write_requests: 75166
  total_num_read_requests: 1104192
  memory_system_cycles: 1771933
  DRAM:
    impl: HBM2
  AddrMapper:
    impl: RoBaRaCoCh
  Controller:
    impl: Generic
    id: Channel 0
    Scheduler:
      impl: FRFCFS
    RefreshManager:
      impl: AllBank



Frontend:
  impl: GEM5

[2026-03-12 13:30:50.974] [info] Row hits: 927308, Row misses: 8414, Row conflicts: 243336
MemorySystem:
  impl: GenericDRAM
  total_num_other_requests: 0
  total_num_write_requests: 75170
  total_num_read_requests: 1104177
  memory_system_cycles: 1771933
  DRAM:
    impl: HBM2
  AddrMapper:
    impl: RoBaRaCoCh
  Controller:
    impl: Generic
    id: Channel 0
    Scheduler:
      impl: FRFCFS
    RefreshManager:
      impl: AllBank



Frontend:
  impl: GEM5

[2026-03-12 13:30:50.974] [info] Row hits: 929325, Row misses: 8752, Row conflicts: 241026
MemorySystem:
  impl: GenericDRAM
  total_num_other_requests: 0
  total_num_write_requests: 75171
  total_num_read_requests: 1104219
  memory_system_cycles: 1771933
  DRAM:
    impl: HBM2
  AddrMapper:
    impl: RoBaRaCoCh
  Controller:
    impl: Generic
    id: Channel 0
    Scheduler:
      impl: FRFCFS
    RefreshManager:
      impl: AllBank



Frontend:
  impl: GEM5

[2026-03-12 13:30:50.974] [info] Row hits: 931413, Row misses: 7531, Row conflicts: 240123
MemorySystem:
  impl: GenericDRAM
  total_num_other_requests: 0
  total_num_write_requests: 75165
  total_num_read_requests: 1104193
  memory_system_cycles: 1771933
  DRAM:
    impl: HBM2
  AddrMapper:
    impl: RoBaRaCoCh
  Controller:
    impl: Generic
    id: Channel 0
    Scheduler:
      impl: FRFCFS
    RefreshManager:
      impl: AllBank



Frontend:
  impl: GEM5

[2026-03-12 13:30:50.974] [info] Row hits: 931273, Row misses: 7485, Row conflicts: 240308
MemorySystem:
  impl: GenericDRAM
  total_num_other_requests: 0
  total_num_write_requests: 75164
  total_num_read_requests: 1104188
  memory_system_cycles: 1771933
  DRAM:
    impl: HBM2
  AddrMapper:
    impl: RoBaRaCoCh
  Controller:
    impl: Generic
    id: Channel 0
    Scheduler:
      impl: FRFCFS
    RefreshManager:
      impl: AllBank



Frontend:
  impl: GEM5

[2026-03-12 13:30:50.974] [info] Row hits: 927902, Row misses: 8728, Row conflicts: 242526
MemorySystem:
  impl: GenericDRAM
  total_num_other_requests: 0
  total_num_write_requests: 75174
  total_num_read_requests: 1104247
  memory_system_cycles: 1771933
  DRAM:
    impl: HBM2
  AddrMapper:
    impl: RoBaRaCoCh
  Controller:
    impl: Generic
    id: Channel 0
    Scheduler:
      impl: FRFCFS
    RefreshManager:
      impl: AllBank



Frontend:
  impl: GEM5

[2026-03-12 13:30:50.974] [info] Row hits: 929116, Row misses: 7882, Row conflicts: 242165
MemorySystem:
  impl: GenericDRAM
  total_num_other_requests: 0
  total_num_write_requests: 75173
  total_num_read_requests: 1104259
  memory_system_cycles: 1771933
  DRAM:
    impl: HBM2
  AddrMapper:
    impl: RoBaRaCoCh
  Controller:
    impl: Generic
    id: Channel 0
    Scheduler:
      impl: FRFCFS
    RefreshManager:
      impl: AllBank



Frontend:
  impl: GEM5

[2026-03-12 13:30:50.974] [info] Row hits: 931496, Row misses: 7315, Row conflicts: 240232
MemorySystem:
  impl: GenericDRAM
  total_num_other_requests: 0
  total_num_write_requests: 75166
  total_num_read_requests: 1104175
  memory_system_cycles: 1771933
  DRAM:
    impl: HBM2
  AddrMapper:
    impl: RoBaRaCoCh
  Controller:
    impl: Generic
    id: Channel 0
    Scheduler:
      impl: FRFCFS
    RefreshManager:
      impl: AllBank



Frontend:
  impl: GEM5

[2026-03-12 13:30:50.975] [info] Row hits: 926496, Row misses: 7994, Row conflicts: 244680
MemorySystem:
  impl: GenericDRAM
  total_num_other_requests: 0
  total_num_write_requests: 75173
  total_num_read_requests: 1104246
  memory_system_cycles: 1771933
  DRAM:
    impl: HBM2
  AddrMapper:
    impl: RoBaRaCoCh
  Controller:
    impl: Generic
    id: Channel 0
    Scheduler:
      impl: FRFCFS
    RefreshManager:
      impl: AllBank



Frontend:
  impl: GEM5

[2026-03-12 13:30:50.975] [info] Row hits: 928056, Row misses: 6702, Row conflicts: 244289
MemorySystem:
  impl: GenericDRAM
  total_num_other_requests: 0
  total_num_write_requests: 75157
  total_num_read_requests: 1104181
  memory_system_cycles: 1771933
  DRAM:
    impl: HBM2
  AddrMapper:
    impl: RoBaRaCoCh
  Controller:
    impl: Generic
    id: Channel 0
    Scheduler:
      impl: FRFCFS
    RefreshManager:
      impl: AllBank



Frontend:
  impl: GEM5

[2026-03-12 13:30:50.975] [info] Row hits: 932098, Row misses: 7023, Row conflicts: 239896
MemorySystem:
  impl: GenericDRAM
  total_num_other_requests: 0
  total_num_write_requests: 75166
  total_num_read_requests: 1104146
  memory_system_cycles: 1771933
  DRAM:
    impl: HBM2
  AddrMapper:
    impl: RoBaRaCoCh
  Controller:
    impl: Generic
    id: Channel 0
    Scheduler:
      impl: FRFCFS
    RefreshManager:
      impl: AllBank



Frontend:
  impl: GEM5

[2026-03-12 13:30:50.975] [info] Row hits: 927545, Row misses: 7933, Row conflicts: 243650
MemorySystem:
  impl: GenericDRAM
  total_num_other_requests: 0
  total_num_write_requests: 75173
  total_num_read_requests: 1104206
  memory_system_cycles: 1771933
  DRAM:
    impl: HBM2
  AddrMapper:
    impl: RoBaRaCoCh
  Controller:
    impl: Generic
    id: Channel 0
    Scheduler:
      impl: FRFCFS
    RefreshManager:
      impl: AllBank



[2026-03-12 13:30:50.975] [info] ===== L2 BANK 0 =====
[2026-03-12 13:30:50.975] [info] Total cycles: 1771933
[2026-03-12 13:30:50.975] [info] Hits:138 Misses:1141776 HitRate:0.0001
[2026-03-12 13:30:50.975] [info] ReadHits:138 WriteHits:0
[2026-03-12 13:30:50.975] [info] Evictions:914411 Writebacks:37601
[2026-03-12 13:30:50.975] [info] ===== L2 BANK 1 =====
[2026-03-12 13:30:50.975] [info] Total cycles: 1771933
[2026-03-12 13:30:50.975] [info] Hits:63 Misses:1141781 HitRate:0.0001
[2026-03-12 13:30:50.975] [info] ReadHits:63 WriteHits:0
[2026-03-12 13:30:50.975] [info] Evictions:914416 Writebacks:37597
[2026-03-12 13:30:50.975] [info] ===== L2 BANK 2 =====
[2026-03-12 13:30:50.975] [info] Total cycles: 1771933
[2026-03-12 13:30:50.975] [info] Hits:62 Misses:1141782 HitRate:0.0001
[2026-03-12 13:30:50.975] [info] ReadHits:62 WriteHits:0
[2026-03-12 13:30:50.975] [info] Evictions:914418 Writebacks:37597
[2026-03-12 13:30:50.975] [info] ===== L2 BANK 3 =====
[2026-03-12 13:30:50.975] [info] Total cycles: 1771933
[2026-03-12 13:30:50.975] [info] Hits:47 Misses:1141867 HitRate:0.0000
[2026-03-12 13:30:50.975] [info] ReadHits:47 WriteHits:0
[2026-03-12 13:30:50.975] [info] Evictions:914503 Writebacks:37601
[2026-03-12 13:30:50.975] [info] ===== L2 BANK 4 =====
[2026-03-12 13:30:50.975] [info] Total cycles: 1771933
[2026-03-12 13:30:50.975] [info] Hits:54 Misses:1141790 HitRate:0.0000
[2026-03-12 13:30:50.975] [info] ReadHits:54 WriteHits:0
[2026-03-12 13:30:50.975] [info] Evictions:914426 Writebacks:37597
[2026-03-12 13:30:50.975] [info] ===== L2 BANK 5 =====
[2026-03-12 13:30:50.975] [info] Total cycles: 1771933
[2026-03-12 13:30:50.975] [info] Hits:135 Misses:1141779 HitRate:0.0001
[2026-03-12 13:30:50.975] [info] ReadHits:135 WriteHits:0
[2026-03-12 13:30:50.975] [info] Evictions:914404 Writebacks:37601
[2026-03-12 13:30:50.975] [info] ===== L2 BANK 6 =====
[2026-03-12 13:30:50.975] [info] Total cycles: 1771933
[2026-03-12 13:30:50.975] [info] Hits:93 Misses:1141821 HitRate:0.0001
[2026-03-12 13:30:50.975] [info] ReadHits:93 WriteHits:0
[2026-03-12 13:30:50.975] [info] Evictions:914444 Writebacks:37601
[2026-03-12 13:30:50.975] [info] ===== L2 BANK 7 =====
[2026-03-12 13:30:50.975] [info] Total cycles: 1771933
[2026-03-12 13:30:50.975] [info] Hits:53 Misses:1141791 HitRate:0.0000
[2026-03-12 13:30:50.975] [info] ReadHits:53 WriteHits:0
[2026-03-12 13:30:50.975] [info] Evictions:914438 Writebacks:37597
[2026-03-12 13:30:50.975] [info] ===== L2 BANK 8 =====
[2026-03-12 13:30:50.975] [info] Total cycles: 1771933
[2026-03-12 13:30:50.975] [info] Hits:58 Misses:1141786 HitRate:0.0001
[2026-03-12 13:30:50.975] [info] ReadHits:58 WriteHits:0
[2026-03-12 13:30:50.975] [info] Evictions:914434 Writebacks:37597
[2026-03-12 13:30:50.975] [info] ===== L2 BANK 9 =====
[2026-03-12 13:30:50.975] [info] Total cycles: 1771933
[2026-03-12 13:30:50.975] [info] Hits:65 Misses:1141849 HitRate:0.0001
[2026-03-12 13:30:50.975] [info] ReadHits:65 WriteHits:0
[2026-03-12 13:30:50.975] [info] Evictions:914474 Writebacks:37601
[2026-03-12 13:30:50.975] [info] ===== L2 BANK 10 =====
[2026-03-12 13:30:50.975] [info] Total cycles: 1771933
[2026-03-12 13:30:50.975] [info] Hits:53 Misses:1141861 HitRate:0.0000
[2026-03-12 13:30:50.975] [info] ReadHits:53 WriteHits:0
[2026-03-12 13:30:50.975] [info] Evictions:914485 Writebacks:37601
[2026-03-12 13:30:50.975] [info] ===== L2 BANK 11 =====
[2026-03-12 13:30:50.975] [info] Total cycles: 1771933
[2026-03-12 13:30:50.975] [info] Hits:71 Misses:1141773 HitRate:0.0001
[2026-03-12 13:30:50.975] [info] ReadHits:71 WriteHits:0
[2026-03-12 13:30:50.975] [info] Evictions:914409 Writebacks:37597
[2026-03-12 13:30:50.975] [info] ===== L2 BANK 12 =====
[2026-03-12 13:30:50.975] [info] Total cycles: 1771933
[2026-03-12 13:30:50.975] [info] Hits:66 Misses:1141848 HitRate:0.0001
[2026-03-12 13:30:50.975] [info] ReadHits:66 WriteHits:0
[2026-03-12 13:30:50.975] [info] Evictions:914484 Writebacks:37601
[2026-03-12 13:30:50.975] [info] ===== L2 BANK 13 =====
[2026-03-12 13:30:50.975] [info] Total cycles: 1771933
[2026-03-12 13:30:50.975] [info] Hits:65 Misses:1141779 HitRate:0.0001
[2026-03-12 13:30:50.975] [info] ReadHits:65 WriteHits:0
[2026-03-12 13:30:50.975] [info] Evictions:914415 Writebacks:37597
[2026-03-12 13:30:50.975] [info] ===== L2 BANK 14 =====
[2026-03-12 13:30:50.975] [info] Total cycles: 1771933
[2026-03-12 13:30:50.975] [info] Hits:100 Misses:1141744 HitRate:0.0001
[2026-03-12 13:30:50.975] [info] ReadHits:100 WriteHits:0
[2026-03-12 13:30:50.975] [info] Evictions:914380 Writebacks:37597
[2026-03-12 13:30:50.975] [info] ===== L2 BANK 15 =====
[2026-03-12 13:30:50.975] [info] Total cycles: 1771933
[2026-03-12 13:30:50.975] [info] Hits:106 Misses:1141808 HitRate:0.0001
[2026-03-12 13:30:50.975] [info] ReadHits:106 WriteHits:0
[2026-03-12 13:30:50.975] [info] Evictions:914455 Writebacks:37601
[2026-03-12 13:30:50.975] [info] Register Language Model: opt-66b
[2026-03-12 13:30:50.975] [info] Tensor Parallelsim 1, Pipeline Parallelism 1
[2026-03-12 13:30:50.975] [info] Weight size: 122.38 GB
[2026-03-12 13:30:50.975] [info] Simple Language scheduler selected
[2026-03-12 13:30:50.975] [info] num layer 64 num sim layer 1
[2026-03-12 13:30:50.975] [info] has_l2,[true]
[2026-03-12 13:30:50.975] [info] ======Start Simulation=====
[2026-03-12 13:30:50.975] [info] Total Memory Usage: 122.38 GB
[2026-03-12 13:30:50.975] [info] Weight Memory Usage: 122.38 GB
[2026-03-12 13:30:50.975] [info] KV Memory Usage: 0.00 GB
[2026-03-12 13:30:50.975] [info] Activation Memory Usage: 0.01 GB
[2026-03-12 13:30:50.975] [warning] Memory Usage exceeds the memory size limit 122.384125 GB/16 GB
[2026-03-12 13:30:50.975] [info] [GEMM] spad_size: 33554432 accum_size: 4194304
[2026-03-12 13:30:50.975] [info] [GEMM] required_sram_size: 5898240 required_accum_size: 131072
[2026-03-12 13:30:50.975] [info] [GEMM] Used gemmini gemm mapping: Total N:100 C:9216 M:27648, Outer N:1 C:2 M:54, Inner N:128 C:4608 M:512
[2026-03-12 13:30:53.724] [info] [GemmWs] Keys K = 9216, N = 100, M = 27648
[2026-03-12 13:30:53.724] [info] [GemmWS]: total 50.963562 GFLOPs, 0.517036 GB
[2026-03-12 13:30:53.724] [info] [GemmWS]: Theoretical time(ms): 0.8420781814493239 Compute time: 0.3888211213052273 Memory time: 0.8420781814493239
[2026-03-12 13:30:53.763] [info] [Attention] total_spad_size_per_head: 76800 B
[2026-03-12 13:30:53.763] [info] [Attention] total_acc_size_per_head: 20000 B
[2026-03-12 13:30:53.763] [info] [Attention] q_len: 100, seq_len: 100, dk: 128, heads per tile 1
[2026-03-12 13:30:53.763] [info] [Attention] Spad size 16777216
[2026-03-12 13:30:53.763] [info] [Attention] Accum spad size 2097152
[2026-03-12 13:30:53.763] [info] Mapping info Total Loop: N7200 C128 M100 S1 R1 Q1 P1 Tile Out Loop: N72 C1 M1 S1 R1 Q1 P1 Tile In Loop: N100 C128 M100 S1 R1 Q1 P1
[2026-03-12 13:30:53.948] [info] [Attention] QK 0.18432 GFLOPs
[2026-03-12 13:30:53.949] [info] [Attention] total 0.37584 GFLOPs, 0.0073728 GB
[2026-03-12 13:30:53.949] [info] [Attention] Theoretical time(ms): 0.012007818 Compute time: 0.0036914065 Memory time: 0.012007818
[2026-03-12 13:30:53.949] [info] [Attention] QK compute 0.0014ms Softmax compute 0.0009ms SV compute 0.0014ms
[2026-03-12 13:30:53.949] [info] [GEMM] spad_size: 33554432 accum_size: 4194304
[2026-03-12 13:30:53.949] [info] [GEMM] required_sram_size: 5898240 required_accum_size: 131072
[2026-03-12 13:30:53.949] [info] [GEMM] Used gemmini gemm mapping: Total N:100 C:9216 M:9216, Outer N:1 C:2 M:18, Inner N:128 C:4608 M:512
[2026-03-12 13:30:54.865] [info] [GemmWs] Keys K = 9216, N = 100, M = 9216
[2026-03-12 13:30:54.866] [info] [GemmWS]: total 16.987852 GFLOPs, 0.17357415 GB
[2026-03-12 13:30:54.866] [info] [GemmWS]: Theoretical time(ms): 0.28269406175240874 Compute time: 0.12960702588316053 Memory time: 0.28269406175240874
[2026-03-12 13:30:54.866] [info] [SkipLayerNorm] tokens_per_tile: 13
[2026-03-12 13:30:54.888] [info] [GEMM] spad_size: 33554432 accum_size: 4194304
[2026-03-12 13:30:54.888] [info] [GEMM] required_sram_size: 5898240 required_accum_size: 131072
[2026-03-12 13:30:54.888] [info] [GEMM] Used gemmini gemm mapping: Total N:100 C:9216 M:36864, Outer N:1 C:2 M:72, Inner N:128 C:4608 M:512
[2026-03-12 13:30:58.609] [info] [GemmWs] Keys K = 9216, N = 100, M = 36864
[2026-03-12 13:30:58.609] [info] [GemmWS]: total 67.94772 GFLOPs, 0.6886932 GB
[2026-03-12 13:30:58.609] [info] [GemmWS]: Theoretical time(ms): 1.121650217100978 Compute time: 0.5183999892324209 Memory time: 1.121650217100978
[2026-03-12 13:30:58.609] [info] [BiasAct] tokens_per_tile: 13
[2026-03-12 13:30:58.658] [info] [GEMM] spad_size: 33554432 accum_size: 4194304
[2026-03-12 13:30:58.658] [info] [GEMM] required_sram_size: 7864320 required_accum_size: 131072
[2026-03-12 13:30:58.658] [info] [GEMM] Used gemmini gemm mapping: Total N:100 C:36864 M:9216, Outer N:1 C:6 M:18, Inner N:128 C:6144 M:512
[2026-03-12 13:31:02.213] [info] [GemmWs] Keys K = 36864, N = 100, M = 9216
[2026-03-12 13:31:02.213] [info] [GemmWS]: total 67.94865 GFLOPs, 0.68871164 GB
[2026-03-12 13:31:02.213] [info] [GemmWS]: Theoretical time(ms): 1.1216802522540092 Compute time: 0.5184070323593915 Memory time: 1.1216802522540092
[2026-03-12 13:31:02.213] [info] [SkipLayerNorm] tokens_per_tile: 13
[2026-03-12 13:31:02.232] [info]  Model initialization time: 11.256325 seconds
[2026-03-12 13:31:02.232] [info] Schedule model: opt-66b at 1476022000 us
[2026-03-12 13:31:02.232] [info] MODEL opt-66b Scheduled, Total Request: 1
[2026-03-12 13:31:02.232] [info] executable layer count 1
[2026-03-12 13:31:02.232] [info] Start layer layer0.attn.QKVgen
[2026-03-12 13:31:02.592] [info] Core [0] Tile Stats | Issued: 56 Running: 2 Finished: 54
[2026-03-12 13:31:02.592] [info] cycle: [1480000]
[2026-03-12 13:31:02.592] [info] Core [1] Tile Stats | Issued: 58 Running: 2 Finished: 56
[2026-03-12 13:31:02.592] [info] cycle: [1480000]
[2026-03-12 13:31:02.592] [info] Core [2] Tile Stats | Issued: 56 Running: 2 Finished: 54
[2026-03-12 13:31:02.592] [info] cycle: [1480000]
[2026-03-12 13:31:02.592] [info] Core [3] Tile Stats | Issued: 56 Running: 2 Finished: 54
[2026-03-12 13:31:02.592] [info] cycle: [1480000]
[2026-03-12 13:31:02.592] [info] [ICNT] Core->ICNT request 1067GB/Sec,266864
[2026-03-12 13:31:02.592] [info] [ICNT] Core<-ICNT request 356GB/Sec,89187
[2026-03-12 13:31:02.592] [info] [ICNT] ICNT->MEM request 0GB/Sec,0
[2026-03-12 13:31:02.592] [info] [ICNT] ICNT<-MEM request 0GB/Sec,0
[2026-03-12 13:31:03.310] [info] Core [0] Tile Stats | Issued: 56 Running: 2 Finished: 54
[2026-03-12 13:31:03.310] [info] cycle: [1488000]
[2026-03-12 13:31:03.310] [info] Core [1] Tile Stats | Issued: 58 Running: 2 Finished: 56
[2026-03-12 13:31:03.310] [info] cycle: [1488000]
[2026-03-12 13:31:03.310] [info] Core [2] Tile Stats | Issued: 56 Running: 2 Finished: 54
[2026-03-12 13:31:03.310] [info] cycle: [1488000]
[2026-03-12 13:31:03.310] [info] Core [3] Tile Stats | Issued: 56 Running: 2 Finished: 54
[2026-03-12 13:31:03.310] [info] cycle: [1488000]
[2026-03-12 13:31:03.310] [info] [ICNT] Core->ICNT request 2048GB/Sec,512000
[2026-03-12 13:31:03.310] [info] [ICNT] Core<-ICNT request 380GB/Sec,95144
[2026-03-12 13:31:03.310] [info] [ICNT] ICNT->MEM request 0GB/Sec,0
[2026-03-12 13:31:03.310] [info] [ICNT] ICNT<-MEM request 0GB/Sec,0
[2026-03-12 13:31:03.784] [info] Core [0] Tile Stats | Issued: 56 Running: 2 Finished: 54
[2026-03-12 13:31:03.784] [info] cycle: [1496000]
[2026-03-12 13:31:03.784] [info] Core [1] Tile Stats | Issued: 58 Running: 2 Finished: 56
[2026-03-12 13:31:03.784] [info] cycle: [1496000]
[2026-03-12 13:31:03.784] [info] Core [2] Tile Stats | Issued: 56 Running: 2 Finished: 54
[2026-03-12 13:31:03.784] [info] cycle: [1496000]
[2026-03-12 13:31:03.784] [info] Core [3] Tile Stats | Issued: 56 Running: 2 Finished: 54
[2026-03-12 13:31:03.784] [info] cycle: [1496000]
[2026-03-12 13:31:03.784] [info] [ICNT] Core->ICNT request 2048GB/Sec,512000
[2026-03-12 13:31:03.784] [info] [ICNT] Core<-ICNT request 508GB/Sec,127156
[2026-03-12 13:31:03.784] [info] [ICNT] ICNT->MEM request 0GB/Sec,0
[2026-03-12 13:31:03.784] [info] [ICNT] ICNT<-MEM request 0GB/Sec,0
[2026-03-12 13:31:04.452] [info] Core [0] Tile Stats | Issued: 56 Running: 2 Finished: 54
[2026-03-12 13:31:04.452] [info] cycle: [1504000]
[2026-03-12 13:31:04.452] [info] Core [1] Tile Stats | Issued: 58 Running: 2 Finished: 56
[2026-03-12 13:31:04.452] [info] cycle: [1504000]
[2026-03-12 13:31:04.452] [info] Core [2] Tile Stats | Issued: 56 Running: 2 Finished: 54
[2026-03-12 13:31:04.452] [info] cycle: [1504000]
[2026-03-12 13:31:04.452] [info] Core [3] Tile Stats | Issued: 56 Running: 2 Finished: 54
[2026-03-12 13:31:04.452] [info] cycle: [1504000]
[2026-03-12 13:31:04.452] [info] [ICNT] Core->ICNT request 526GB/Sec,131600
[2026-03-12 13:31:04.452] [info] [ICNT] Core<-ICNT request 341GB/Sec,85441
[2026-03-12 13:31:04.452] [info] [ICNT] ICNT->MEM request 0GB/Sec,0
[2026-03-12 13:31:04.452] [info] [ICNT] ICNT<-MEM request 0GB/Sec,0
[2026-03-12 13:31:05.106] [info] Core [0] Tile Stats | Issued: 56 Running: 2 Finished: 54
[2026-03-12 13:31:05.106] [info] cycle: [1512000]
[2026-03-12 13:31:05.106] [info] Core [1] Tile Stats | Issued: 58 Running: 2 Finished: 56
[2026-03-12 13:31:05.106] [info] cycle: [1512000]
[2026-03-12 13:31:05.106] [info] Core [2] Tile Stats | Issued: 56 Running: 2 Finished: 54
[2026-03-12 13:31:05.106] [info] cycle: [1512000]
[2026-03-12 13:31:05.106] [info] Core [3] Tile Stats | Issued: 56 Running: 2 Finished: 54
[2026-03-12 13:31:05.106] [info] cycle: [1512000]
[2026-03-12 13:31:05.106] [info] [ICNT] Core->ICNT request 0GB/Sec,0
[2026-03-12 13:31:05.106] [info] [ICNT] Core<-ICNT request 339GB/Sec,84966
[2026-03-12 13:31:05.106] [info] [ICNT] ICNT->MEM request 0GB/Sec,0
[2026-03-12 13:31:05.106] [info] [ICNT] ICNT<-MEM request 0GB/Sec,0
[2026-03-12 13:31:05.774] [info] Core [0] Tile Stats | Issued: 56 Running: 2 Finished: 54
[2026-03-12 13:31:05.774] [info] cycle: [1520000]
[2026-03-12 13:31:05.774] [info] Core [1] Tile Stats | Issued: 58 Running: 2 Finished: 56
[2026-03-12 13:31:05.774] [info] cycle: [1520000]
[2026-03-12 13:31:05.774] [info] Core [2] Tile Stats | Issued: 56 Running: 2 Finished: 54
[2026-03-12 13:31:05.774] [info] cycle: [1520000]
[2026-03-12 13:31:05.774] [info] Core [3] Tile Stats | Issued: 56 Running: 2 Finished: 54
[2026-03-12 13:31:05.774] [info] cycle: [1520000]
[2026-03-12 13:31:05.774] [info] [ICNT] Core->ICNT request 0GB/Sec,0
[2026-03-12 13:31:05.774] [info] [ICNT] Core<-ICNT request 340GB/Sec,85247
[2026-03-12 13:31:05.774] [info] [ICNT] ICNT->MEM request 0GB/Sec,0
[2026-03-12 13:31:05.774] [info] [ICNT] ICNT<-MEM request 0GB/Sec,0
[2026-03-12 13:31:06.445] [info] Core [0] Tile Stats | Issued: 56 Running: 2 Finished: 54
[2026-03-12 13:31:06.445] [info] cycle: [1528000]
[2026-03-12 13:31:06.445] [info] Core [1] Tile Stats | Issued: 58 Running: 2 Finished: 56
[2026-03-12 13:31:06.445] [info] cycle: [1528000]
[2026-03-12 13:31:06.445] [info] Core [2] Tile Stats | Issued: 56 Running: 2 Finished: 54
[2026-03-12 13:31:06.445] [info] cycle: [1528000]
[2026-03-12 13:31:06.445] [info] Core [3] Tile Stats | Issued: 56 Running: 2 Finished: 54
[2026-03-12 13:31:06.445] [info] cycle: [1528000]
[2026-03-12 13:31:06.445] [info] [ICNT] Core->ICNT request 0GB/Sec,0
[2026-03-12 13:31:06.445] [info] [ICNT] Core<-ICNT request 338GB/Sec,84593
[2026-03-12 13:31:06.445] [info] [ICNT] ICNT->MEM request 0GB/Sec,0
[2026-03-12 13:31:06.445] [info] [ICNT] ICNT<-MEM request 0GB/Sec,0
[2026-03-12 13:31:07.127] [info] Core [0] Tile Stats | Issued: 56 Running: 2 Finished: 54
[2026-03-12 13:31:07.127] [info] cycle: [1536000]
[2026-03-12 13:31:07.127] [info] Core [1] Tile Stats | Issued: 58 Running: 2 Finished: 56
[2026-03-12 13:31:07.127] [info] cycle: [1536000]
[2026-03-12 13:31:07.127] [info] Core [2] Tile Stats | Issued: 56 Running: 2 Finished: 54
[2026-03-12 13:31:07.127] [info] cycle: [1536000]
[2026-03-12 13:31:07.127] [info] Core [3] Tile Stats | Issued: 56 Running: 2 Finished: 54
[2026-03-12 13:31:07.127] [info] cycle: [1536000]
[2026-03-12 13:31:07.127] [info] [ICNT] Core->ICNT request 0GB/Sec,0
[2026-03-12 13:31:07.127] [info] [ICNT] Core<-ICNT request 334GB/Sec,83741
[2026-03-12 13:31:07.127] [info] [ICNT] ICNT->MEM request 0GB/Sec,0
[2026-03-12 13:31:07.127] [info] [ICNT] ICNT<-MEM request 0GB/Sec,0
[2026-03-12 13:31:07.822] [info] Core [0] Tile Stats | Issued: 57 Running: 2 Finished: 55
[2026-03-12 13:31:07.822] [info] cycle: [1544000]
[2026-03-12 13:31:07.822] [info] Core [1] Tile Stats | Issued: 59 Running: 2 Finished: 57
[2026-03-12 13:31:07.822] [info] cycle: [1544000]
[2026-03-12 13:31:07.822] [info] Core [2] Tile Stats | Issued: 57 Running: 2 Finished: 55
[2026-03-12 13:31:07.822] [info] cycle: [1544000]
[2026-03-12 13:31:07.822] [info] Core [3] Tile Stats | Issued: 57 Running: 2 Finished: 55
[2026-03-12 13:31:07.822] [info] cycle: [1544000]
[2026-03-12 13:31:07.822] [info] [ICNT] Core->ICNT request 61GB/Sec,15424
[2026-03-12 13:31:07.822] [info] [ICNT] Core<-ICNT request 341GB/Sec,85486
[2026-03-12 13:31:07.822] [info] [ICNT] ICNT->MEM request 0GB/Sec,0
[2026-03-12 13:31:07.822] [info] [ICNT] ICNT<-MEM request 0GB/Sec,0
[2026-03-12 13:31:08.531] [info] Core [0] Tile Stats | Issued: 57 Running: 2 Finished: 55
[2026-03-12 13:31:08.531] [info] cycle: [1552000]
[2026-03-12 13:31:08.531] [info] Core [1] Tile Stats | Issued: 59 Running: 2 Finished: 57
[2026-03-12 13:31:08.531] [info] cycle: [1552000]
[2026-03-12 13:31:08.531] [info] Core [2] Tile Stats | Issued: 57 Running: 2 Finished: 55
[2026-03-12 13:31:08.531] [info] cycle: [1552000]
[2026-03-12 13:31:08.531] [info] Core [3] Tile Stats | Issued: 57 Running: 2 Finished: 55
[2026-03-12 13:31:08.531] [info] cycle: [1552000]
[2026-03-12 13:31:08.531] [info] [ICNT] Core->ICNT request 2048GB/Sec,512000
[2026-03-12 13:31:08.531] [info] [ICNT] Core<-ICNT request 361GB/Sec,90279
[2026-03-12 13:31:08.532] [info] [ICNT] ICNT->MEM request 0GB/Sec,0
[2026-03-12 13:31:08.532] [info] [ICNT] ICNT<-MEM request 0GB/Sec,0
[2026-03-12 13:31:09.077] [info] Core [0] Tile Stats | Issued: 57 Running: 2 Finished: 55
[2026-03-12 13:31:09.077] [info] cycle: [1560000]
[2026-03-12 13:31:09.077] [info] Core [1] Tile Stats | Issued: 59 Running: 2 Finished: 57
[2026-03-12 13:31:09.077] [info] cycle: [1560000]
[2026-03-12 13:31:09.077] [info] Core [2] Tile Stats | Issued: 57 Running: 2 Finished: 55
[2026-03-12 13:31:09.077] [info] cycle: [1560000]
[2026-03-12 13:31:09.077] [info] Core [3] Tile Stats | Issued: 57 Running: 2 Finished: 55
[2026-03-12 13:31:09.077] [info] cycle: [1560000]
[2026-03-12 13:31:09.077] [info] [ICNT] Core->ICNT request 736GB/Sec,184064
[2026-03-12 13:31:09.077] [info] [ICNT] Core<-ICNT request 476GB/Sec,119043
[2026-03-12 13:31:09.077] [info] [ICNT] ICNT->MEM request 0GB/Sec,0
[2026-03-12 13:31:09.077] [info] [ICNT] ICNT<-MEM request 0GB/Sec,0
[2026-03-12 13:31:09.739] [info] Core [0] Tile Stats | Issued: 57 Running: 2 Finished: 55
[2026-03-12 13:31:09.739] [info] cycle: [1568000]
[2026-03-12 13:31:09.739] [info] Core [1] Tile Stats | Issued: 59 Running: 2 Finished: 57
[2026-03-12 13:31:09.739] [info] cycle: [1568000]
[2026-03-12 13:31:09.739] [info] Core [2] Tile Stats | Issued: 57 Running: 2 Finished: 55
[2026-03-12 13:31:09.739] [info] cycle: [1568000]
[2026-03-12 13:31:09.739] [info] Core [3] Tile Stats | Issued: 57 Running: 2 Finished: 55
[2026-03-12 13:31:09.739] [info] cycle: [1568000]
[2026-03-12 13:31:09.739] [info] [ICNT] Core->ICNT request 0GB/Sec,0
[2026-03-12 13:31:09.739] [info] [ICNT] Core<-ICNT request 315GB/Sec,78937
[2026-03-12 13:31:09.739] [info] [ICNT] ICNT->MEM request 0GB/Sec,0
[2026-03-12 13:31:09.739] [info] [ICNT] ICNT<-MEM request 0GB/Sec,0
[2026-03-12 13:31:10.443] [info] Core [0] Tile Stats | Issued: 57 Running: 2 Finished: 55
[2026-03-12 13:31:10.443] [info] cycle: [1576000]
[2026-03-12 13:31:10.443] [info] Core [1] Tile Stats | Issued: 59 Running: 2 Finished: 57
[2026-03-12 13:31:10.443] [info] cycle: [1576000]
[2026-03-12 13:31:10.443] [info] Core [2] Tile Stats | Issued: 57 Running: 2 Finished: 55
[2026-03-12 13:31:10.443] [info] cycle: [1576000]
[2026-03-12 13:31:10.443] [info] Core [3] Tile Stats | Issued: 57 Running: 2 Finished: 55
[2026-03-12 13:31:10.443] [info] cycle: [1576000]
[2026-03-12 13:31:10.443] [info] [ICNT] Core->ICNT request 0GB/Sec,0
[2026-03-12 13:31:10.443] [info] [ICNT] Core<-ICNT request 318GB/Sec,79502
[2026-03-12 13:31:10.443] [info] [ICNT] ICNT->MEM request 0GB/Sec,0
[2026-03-12 13:31:10.443] [info] [ICNT] ICNT<-MEM request 0GB/Sec,0
[2026-03-12 13:31:11.090] [info] Core [0] Tile Stats | Issued: 57 Running: 2 Finished: 55
[2026-03-12 13:31:11.090] [info] cycle: [1584000]
[2026-03-12 13:31:11.090] [info] Core [1] Tile Stats | Issued: 59 Running: 2 Finished: 57
[2026-03-12 13:31:11.090] [info] cycle: [1584000]
[2026-03-12 13:31:11.090] [info] Core [2] Tile Stats | Issued: 57 Running: 2 Finished: 55
[2026-03-12 13:31:11.090] [info] cycle: [1584000]
[2026-03-12 13:31:11.090] [info] Core [3] Tile Stats | Issued: 57 Running: 2 Finished: 55
[2026-03-12 13:31:11.090] [info] cycle: [1584000]
[2026-03-12 13:31:11.090] [info] [ICNT] Core->ICNT request 0GB/Sec,0
[2026-03-12 13:31:11.090] [info] [ICNT] Core<-ICNT request 320GB/Sec,80039
[2026-03-12 13:31:11.090] [info] [ICNT] ICNT->MEM request 0GB/Sec,0
[2026-03-12 13:31:11.090] [info] [ICNT] ICNT<-MEM request 0GB/Sec,0
[2026-03-12 13:31:11.762] [info] Core [0] Tile Stats | Issued: 57 Running: 2 Finished: 55
[2026-03-12 13:31:11.762] [info] cycle: [1592000]
[2026-03-12 13:31:11.762] [info] Core [1] Tile Stats | Issued: 59 Running: 2 Finished: 57
[2026-03-12 13:31:11.762] [info] cycle: [1592000]
[2026-03-12 13:31:11.762] [info] Core [2] Tile Stats | Issued: 57 Running: 2 Finished: 55
[2026-03-12 13:31:11.762] [info] cycle: [1592000]
[2026-03-12 13:31:11.762] [info] Core [3] Tile Stats | Issued: 57 Running: 2 Finished: 55
[2026-03-12 13:31:11.762] [info] cycle: [1592000]
[2026-03-12 13:31:11.762] [info] [ICNT] Core->ICNT request 0GB/Sec,0
[2026-03-12 13:31:11.762] [info] [ICNT] Core<-ICNT request 317GB/Sec,79276
[2026-03-12 13:31:11.762] [info] [ICNT] ICNT->MEM request 0GB/Sec,0
[2026-03-12 13:31:11.762] [info] [ICNT] ICNT<-MEM request 0GB/Sec,0
[2026-03-12 13:31:12.365] [info] HBM2-CH_0: BW utilization 8% (85599 reads, 83 writes)
[2026-03-12 13:31:12.424] [info] Core [0] Tile Stats | Issued: 57 Running: 2 Finished: 55
[2026-03-12 13:31:12.424] [info] cycle: [1600000]
[2026-03-12 13:31:12.424] [info] Core [1] Tile Stats | Issued: 59 Running: 2 Finished: 57
[2026-03-12 13:31:12.424] [info] cycle: [1600000]
[2026-03-12 13:31:12.424] [info] Core [2] Tile Stats | Issued: 57 Running: 2 Finished: 55
[2026-03-12 13:31:12.424] [info] cycle: [1600000]
[2026-03-12 13:31:12.424] [info] Core [3] Tile Stats | Issued: 57 Running: 2 Finished: 55
[2026-03-12 13:31:12.424] [info] cycle: [1600000]
[2026-03-12 13:31:12.424] [info] [ICNT] Core->ICNT request 0GB/Sec,0
[2026-03-12 13:31:12.424] [info] [ICNT] Core<-ICNT request 314GB/Sec,78644
[2026-03-12 13:31:12.424] [info] [ICNT] ICNT->MEM request 0GB/Sec,0
[2026-03-12 13:31:12.424] [info] [ICNT] ICNT<-MEM request 0GB/Sec,0
[2026-03-12 13:31:13.056] [info] Core [0] Tile Stats | Issued: 57 Running: 2 Finished: 55
[2026-03-12 13:31:13.056] [info] cycle: [1608000]
[2026-03-12 13:31:13.056] [info] Core [1] Tile Stats | Issued: 59 Running: 2 Finished: 57
[2026-03-12 13:31:13.056] [info] cycle: [1608000]
[2026-03-12 13:31:13.056] [info] Core [2] Tile Stats | Issued: 57 Running: 2 Finished: 55
[2026-03-12 13:31:13.056] [info] cycle: [1608000]
[2026-03-12 13:31:13.056] [info] Core [3] Tile Stats | Issued: 57 Running: 2 Finished: 55
[2026-03-12 13:31:13.056] [info] cycle: [1608000]
[2026-03-12 13:31:13.056] [info] [ICNT] Core->ICNT request 19GB/Sec,4800
[2026-03-12 13:31:13.056] [info] [ICNT] Core<-ICNT request 264GB/Sec,66249
[2026-03-12 13:31:13.056] [info] [ICNT] ICNT->MEM request 0GB/Sec,0
[2026-03-12 13:31:13.056] [info] [ICNT] ICNT<-MEM request 0GB/Sec,0
[2026-03-12 13:31:13.796] [info] Core [0] Tile Stats | Issued: 58 Running: 2 Finished: 56
[2026-03-12 13:31:13.796] [info] cycle: [1616000]
[2026-03-12 13:31:13.796] [info] Core [1] Tile Stats | Issued: 60 Running: 2 Finished: 58
[2026-03-12 13:31:13.796] [info] cycle: [1616000]
[2026-03-12 13:31:13.796] [info] Core [2] Tile Stats | Issued: 58 Running: 2 Finished: 56
[2026-03-12 13:31:13.796] [info] cycle: [1616000]
[2026-03-12 13:31:13.796] [info] Core [3] Tile Stats | Issued: 58 Running: 2 Finished: 56
[2026-03-12 13:31:13.796] [info] cycle: [1616000]
[2026-03-12 13:31:13.796] [info] [ICNT] Core->ICNT request 1042GB/Sec,260688
[2026-03-12 13:31:13.796] [info] [ICNT] Core<-ICNT request 292GB/Sec,73150
[2026-03-12 13:31:13.796] [info] [ICNT] ICNT->MEM request 0GB/Sec,0
[2026-03-12 13:31:13.796] [info] [ICNT] ICNT<-MEM request 0GB/Sec,0
[2026-03-12 13:31:14.570] [info] Core [0] Tile Stats | Issued: 58 Running: 2 Finished: 56
[2026-03-12 13:31:14.570] [info] cycle: [1624000]
[2026-03-12 13:31:14.570] [info] Core [1] Tile Stats | Issued: 60 Running: 2 Finished: 58
[2026-03-12 13:31:14.570] [info] cycle: [1624000]
[2026-03-12 13:31:14.570] [info] Core [2] Tile Stats | Issued: 58 Running: 2 Finished: 56
[2026-03-12 13:31:14.570] [info] cycle: [1624000]
[2026-03-12 13:31:14.570] [info] Core [3] Tile Stats | Issued: 58 Running: 2 Finished: 56
[2026-03-12 13:31:14.570] [info] cycle: [1624000]
[2026-03-12 13:31:14.570] [info] [ICNT] Core->ICNT request 1784GB/Sec,446000
[2026-03-12 13:31:14.570] [info] [ICNT] Core<-ICNT request 340GB/Sec,85147
[2026-03-12 13:31:14.570] [info] [ICNT] ICNT->MEM request 0GB/Sec,0
[2026-03-12 13:31:14.570] [info] [ICNT] ICNT<-MEM request 0GB/Sec,0
[2026-03-12 13:31:15.299] [info] Core [0] Tile Stats | Issued: 58 Running: 2 Finished: 56
[2026-03-12 13:31:15.299] [info] cycle: [1632000]
[2026-03-12 13:31:15.299] [info] Core [1] Tile Stats | Issued: 60 Running: 2 Finished: 58
[2026-03-12 13:31:15.299] [info] cycle: [1632000]
[2026-03-12 13:31:15.299] [info] Core [2] Tile Stats | Issued: 58 Running: 2 Finished: 56
[2026-03-12 13:31:15.299] [info] cycle: [1632000]
[2026-03-12 13:31:15.299] [info] Core [3] Tile Stats | Issued: 58 Running: 2 Finished: 56
[2026-03-12 13:31:15.299] [info] cycle: [1632000]
[2026-03-12 13:31:15.299] [info] [ICNT] Core->ICNT request 0GB/Sec,0
[2026-03-12 13:31:15.299] [info] [ICNT] Core<-ICNT request 361GB/Sec,90358
[2026-03-12 13:31:15.299] [info] [ICNT] ICNT->MEM request 0GB/Sec,0
[2026-03-12 13:31:15.299] [info] [ICNT] ICNT<-MEM request 0GB/Sec,0
[2026-03-12 13:31:15.988] [info] Core [0] Tile Stats | Issued: 58 Running: 2 Finished: 56
[2026-03-12 13:31:15.989] [info] cycle: [1640000]
[2026-03-12 13:31:15.989] [info] Core [1] Tile Stats | Issued: 60 Running: 2 Finished: 58
[2026-03-12 13:31:15.989] [info] cycle: [1640000]
[2026-03-12 13:31:15.989] [info] Core [2] Tile Stats | Issued: 58 Running: 2 Finished: 56
[2026-03-12 13:31:15.989] [info] cycle: [1640000]
[2026-03-12 13:31:15.989] [info] Core [3] Tile Stats | Issued: 58 Running: 2 Finished: 56
[2026-03-12 13:31:15.989] [info] cycle: [1640000]
[2026-03-12 13:31:15.989] [info] [ICNT] Core->ICNT request 0GB/Sec,0
[2026-03-12 13:31:15.989] [info] [ICNT] Core<-ICNT request 296GB/Sec,74103
[2026-03-12 13:31:15.989] [info] [ICNT] ICNT->MEM request 0GB/Sec,0
[2026-03-12 13:31:15.989] [info] [ICNT] ICNT<-MEM request 0GB/Sec,0
[2026-03-12 13:31:16.677] [info] Core [0] Tile Stats | Issued: 58 Running: 2 Finished: 56
[2026-03-12 13:31:16.677] [info] cycle: [1648000]
[2026-03-12 13:31:16.677] [info] Core [1] Tile Stats | Issued: 60 Running: 2 Finished: 58
[2026-03-12 13:31:16.677] [info] cycle: [1648000]
[2026-03-12 13:31:16.677] [info] Core [2] Tile Stats | Issued: 58 Running: 2 Finished: 56
[2026-03-12 13:31:16.677] [info] cycle: [1648000]
[2026-03-12 13:31:16.677] [info] Core [3] Tile Stats | Issued: 58 Running: 2 Finished: 56
[2026-03-12 13:31:16.677] [info] cycle: [1648000]
[2026-03-12 13:31:16.677] [info] [ICNT] Core->ICNT request 0GB/Sec,0
[2026-03-12 13:31:16.677] [info] [ICNT] Core<-ICNT request 293GB/Sec,73327
[2026-03-12 13:31:16.677] [info] [ICNT] ICNT->MEM request 0GB/Sec,0
[2026-03-12 13:31:16.677] [info] [ICNT] ICNT<-MEM request 0GB/Sec,0
[2026-03-12 13:31:17.369] [info] Core [0] Tile Stats | Issued: 58 Running: 2 Finished: 56
[2026-03-12 13:31:17.369] [info] cycle: [1656000]
[2026-03-12 13:31:17.369] [info] Core [1] Tile Stats | Issued: 60 Running: 2 Finished: 58
[2026-03-12 13:31:17.369] [info] cycle: [1656000]
[2026-03-12 13:31:17.369] [info] Core [2] Tile Stats | Issued: 58 Running: 2 Finished: 56
[2026-03-12 13:31:17.369] [info] cycle: [1656000]
[2026-03-12 13:31:17.369] [info] Core [3] Tile Stats | Issued: 58 Running: 2 Finished: 56
[2026-03-12 13:31:17.369] [info] cycle: [1656000]
[2026-03-12 13:31:17.369] [info] [ICNT] Core->ICNT request 0GB/Sec,0
[2026-03-12 13:31:17.369] [info] [ICNT] Core<-ICNT request 292GB/Sec,73078
[2026-03-12 13:31:17.369] [info] [ICNT] ICNT->MEM request 0GB/Sec,0
[2026-03-12 13:31:17.369] [info] [ICNT] ICNT<-MEM request 0GB/Sec,0
[2026-03-12 13:31:18.080] [info] Core [0] Tile Stats | Issued: 58 Running: 2 Finished: 56
[2026-03-12 13:31:18.080] [info] cycle: [1664000]
[2026-03-12 13:31:18.080] [info] Core [1] Tile Stats | Issued: 60 Running: 2 Finished: 58
[2026-03-12 13:31:18.080] [info] cycle: [1664000]
[2026-03-12 13:31:18.080] [info] Core [2] Tile Stats | Issued: 58 Running: 2 Finished: 56
[2026-03-12 13:31:18.080] [info] cycle: [1664000]
[2026-03-12 13:31:18.080] [info] Core [3] Tile Stats | Issued: 58 Running: 2 Finished: 56
[2026-03-12 13:31:18.080] [info] cycle: [1664000]
[2026-03-12 13:31:18.080] [info] [ICNT] Core->ICNT request 0GB/Sec,0
[2026-03-12 13:31:18.080] [info] [ICNT] Core<-ICNT request 292GB/Sec,73147
[2026-03-12 13:31:18.080] [info] [ICNT] ICNT->MEM request 0GB/Sec,0
[2026-03-12 13:31:18.080] [info] [ICNT] ICNT<-MEM request 0GB/Sec,0
[2026-03-12 13:31:18.793] [info] Core [0] Tile Stats | Issued: 58 Running: 2 Finished: 56
[2026-03-12 13:31:18.793] [info] cycle: [1672000]
[2026-03-12 13:31:18.793] [info] Core [1] Tile Stats | Issued: 60 Running: 2 Finished: 58
[2026-03-12 13:31:18.793] [info] cycle: [1672000]
[2026-03-12 13:31:18.793] [info] Core [2] Tile Stats | Issued: 58 Running: 2 Finished: 56
[2026-03-12 13:31:18.793] [info] cycle: [1672000]
[2026-03-12 13:31:18.793] [info] Core [3] Tile Stats | Issued: 58 Running: 2 Finished: 56
[2026-03-12 13:31:18.793] [info] cycle: [1672000]
[2026-03-12 13:31:18.793] [info] [ICNT] Core->ICNT request 0GB/Sec,0
[2026-03-12 13:31:18.793] [info] [ICNT] Core<-ICNT request 293GB/Sec,73446
[2026-03-12 13:31:18.793] [info] [ICNT] ICNT->MEM request 0GB/Sec,0
[2026-03-12 13:31:18.793] [info] [ICNT] ICNT<-MEM request 0GB/Sec,0
[2026-03-12 13:31:19.471] [info] Core [0] Tile Stats | Issued: 58 Running: 2 Finished: 56
[2026-03-12 13:31:19.471] [info] cycle: [1680000]
[2026-03-12 13:31:19.471] [info] Core [1] Tile Stats | Issued: 60 Running: 2 Finished: 58
[2026-03-12 13:31:19.471] [info] cycle: [1680000]
[2026-03-12 13:31:19.471] [info] Core [2] Tile Stats | Issued: 58 Running: 2 Finished: 56
[2026-03-12 13:31:19.471] [info] cycle: [1680000]
[2026-03-12 13:31:19.471] [info] Core [3] Tile Stats | Issued: 58 Running: 2 Finished: 56
[2026-03-12 13:31:19.471] [info] cycle: [1680000]
[2026-03-12 13:31:19.471] [info] [ICNT] Core->ICNT request 0GB/Sec,0
[2026-03-12 13:31:19.471] [info] [ICNT] Core<-ICNT request 292GB/Sec,73136
[2026-03-12 13:31:19.471] [info] [ICNT] ICNT->MEM request 0GB/Sec,0
[2026-03-12 13:31:19.471] [info] [ICNT] ICNT<-MEM request 0GB/Sec,0
[2026-03-12 13:31:20.220] [info] Core [0] Tile Stats | Issued: 58 Running: 2 Finished: 56
[2026-03-12 13:31:20.220] [info] cycle: [1688000]
[2026-03-12 13:31:20.220] [info] Core [1] Tile Stats | Issued: 60 Running: 2 Finished: 58
[2026-03-12 13:31:20.220] [info] cycle: [1688000]
[2026-03-12 13:31:20.220] [info] Core [2] Tile Stats | Issued: 58 Running: 2 Finished: 56
[2026-03-12 13:31:20.220] [info] cycle: [1688000]
[2026-03-12 13:31:20.220] [info] Core [3] Tile Stats | Issued: 58 Running: 2 Finished: 56
[2026-03-12 13:31:20.220] [info] cycle: [1688000]
[2026-03-12 13:31:20.220] [info] [ICNT] Core->ICNT request 19GB/Sec,4800
[2026-03-12 13:31:20.220] [info] [ICNT] Core<-ICNT request 401GB/Sec,100275
[2026-03-12 13:31:20.220] [info] [ICNT] ICNT->MEM request 0GB/Sec,0
[2026-03-12 13:31:20.220] [info] [ICNT] ICNT<-MEM request 0GB/Sec,0
[2026-03-12 13:31:20.911] [info] Core [0] Tile Stats | Issued: 59 Running: 2 Finished: 57
[2026-03-12 13:31:20.911] [info] cycle: [1696000]
[2026-03-12 13:31:20.911] [info] Core [1] Tile Stats | Issued: 61 Running: 2 Finished: 59
[2026-03-12 13:31:20.911] [info] cycle: [1696000]
[2026-03-12 13:31:20.911] [info] Core [2] Tile Stats | Issued: 59 Running: 2 Finished: 57
[2026-03-12 13:31:20.911] [info] cycle: [1696000]
[2026-03-12 13:31:20.911] [info] Core [3] Tile Stats | Issued: 59 Running: 2 Finished: 57
[2026-03-12 13:31:20.911] [info] cycle: [1696000]
[2026-03-12 13:31:20.911] [info] [ICNT] Core->ICNT request 1909GB/Sec,477344
[2026-03-12 13:31:20.911] [info] [ICNT] Core<-ICNT request 490GB/Sec,122587
[2026-03-12 13:31:20.911] [info] [ICNT] ICNT->MEM request 0GB/Sec,0
[2026-03-12 13:31:20.911] [info] [ICNT] ICNT<-MEM request 0GB/Sec,0
[2026-03-12 13:31:21.557] [info] Core [0] Tile Stats | Issued: 59 Running: 2 Finished: 57
[2026-03-12 13:31:21.557] [info] cycle: [1704000]
[2026-03-12 13:31:21.557] [info] Core [1] Tile Stats | Issued: 61 Running: 2 Finished: 59
[2026-03-12 13:31:21.557] [info] cycle: [1704000]
[2026-03-12 13:31:21.557] [info] Core [2] Tile Stats | Issued: 59 Running: 2 Finished: 57
[2026-03-12 13:31:21.557] [info] cycle: [1704000]
[2026-03-12 13:31:21.557] [info] Core [3] Tile Stats | Issued: 59 Running: 2 Finished: 57
[2026-03-12 13:31:21.557] [info] cycle: [1704000]
[2026-03-12 13:31:21.557] [info] [ICNT] Core->ICNT request 917GB/Sec,229344
[2026-03-12 13:31:21.557] [info] [ICNT] Core<-ICNT request 441GB/Sec,110295
[2026-03-12 13:31:21.557] [info] [ICNT] ICNT->MEM request 0GB/Sec,0
[2026-03-12 13:31:21.557] [info] [ICNT] ICNT<-MEM request 0GB/Sec,0
[2026-03-12 13:31:22.308] [info] Core [0] Tile Stats | Issued: 59 Running: 2 Finished: 57
[2026-03-12 13:31:22.308] [info] cycle: [1712000]
[2026-03-12 13:31:22.308] [info] Core [1] Tile Stats | Issued: 61 Running: 2 Finished: 59
[2026-03-12 13:31:22.308] [info] cycle: [1712000]
[2026-03-12 13:31:22.308] [info] Core [2] Tile Stats | Issued: 59 Running: 2 Finished: 57
[2026-03-12 13:31:22.308] [info] cycle: [1712000]
[2026-03-12 13:31:22.308] [info] Core [3] Tile Stats | Issued: 59 Running: 2 Finished: 57
[2026-03-12 13:31:22.308] [info] cycle: [1712000]
[2026-03-12 13:31:22.308] [info] [ICNT] Core->ICNT request 0GB/Sec,0
[2026-03-12 13:31:22.308] [info] [ICNT] Core<-ICNT request 386GB/Sec,96547
[2026-03-12 13:31:22.308] [info] [ICNT] ICNT->MEM request 0GB/Sec,0
[2026-03-12 13:31:22.308] [info] [ICNT] ICNT<-MEM request 0GB/Sec,0
[2026-03-12 13:31:23.061] [info] Core [0] Tile Stats | Issued: 59 Running: 2 Finished: 57
[2026-03-12 13:31:23.062] [info] cycle: [1720000]
[2026-03-12 13:31:23.062] [info] Core [1] Tile Stats | Issued: 61 Running: 2 Finished: 59
[2026-03-12 13:31:23.062] [info] cycle: [1720000]
[2026-03-12 13:31:23.062] [info] Core [2] Tile Stats | Issued: 59 Running: 2 Finished: 57
[2026-03-12 13:31:23.062] [info] cycle: [1720000]
[2026-03-12 13:31:23.062] [info] Core [3] Tile Stats | Issued: 59 Running: 2 Finished: 57
[2026-03-12 13:31:23.062] [info] cycle: [1720000]
[2026-03-12 13:31:23.062] [info] [ICNT] Core->ICNT request 0GB/Sec,0
[2026-03-12 13:31:23.062] [info] [ICNT] Core<-ICNT request 384GB/Sec,96203
[2026-03-12 13:31:23.062] [info] [ICNT] ICNT->MEM request 0GB/Sec,0
[2026-03-12 13:31:23.062] [info] [ICNT] ICNT<-MEM request 0GB/Sec,0
[2026-03-12 13:31:23.811] [info] Core [0] Tile Stats | Issued: 59 Running: 2 Finished: 57
[2026-03-12 13:31:23.811] [info] cycle: [1728000]
[2026-03-12 13:31:23.811] [info] Core [1] Tile Stats | Issued: 61 Running: 2 Finished: 59
[2026-03-12 13:31:23.811] [info] cycle: [1728000]
[2026-03-12 13:31:23.811] [info] Core [2] Tile Stats | Issued: 59 Running: 2 Finished: 57
[2026-03-12 13:31:23.811] [info] cycle: [1728000]
[2026-03-12 13:31:23.811] [info] Core [3] Tile Stats | Issued: 59 Running: 2 Finished: 57
[2026-03-12 13:31:23.811] [info] cycle: [1728000]
[2026-03-12 13:31:23.811] [info] [ICNT] Core->ICNT request 0GB/Sec,0
[2026-03-12 13:31:23.811] [info] [ICNT] Core<-ICNT request 380GB/Sec,95051
[2026-03-12 13:31:23.811] [info] [ICNT] ICNT->MEM request 0GB/Sec,0
[2026-03-12 13:31:23.811] [info] [ICNT] ICNT<-MEM request 0GB/Sec,0
[2026-03-12 13:31:24.574] [info] Core [0] Tile Stats | Issued: 59 Running: 2 Finished: 57
[2026-03-12 13:31:24.574] [info] cycle: [1736000]
[2026-03-12 13:31:24.574] [info] Core [1] Tile Stats | Issued: 61 Running: 2 Finished: 59
[2026-03-12 13:31:24.574] [info] cycle: [1736000]
[2026-03-12 13:31:24.574] [info] Core [2] Tile Stats | Issued: 59 Running: 2 Finished: 57
[2026-03-12 13:31:24.574] [info] cycle: [1736000]
[2026-03-12 13:31:24.574] [info] Core [3] Tile Stats | Issued: 59 Running: 2 Finished: 57
[2026-03-12 13:31:24.574] [info] cycle: [1736000]
[2026-03-12 13:31:24.575] [info] [ICNT] Core->ICNT request 0GB/Sec,0
[2026-03-12 13:31:24.575] [info] [ICNT] Core<-ICNT request 345GB/Sec,86315
[2026-03-12 13:31:24.575] [info] [ICNT] ICNT->MEM request 0GB/Sec,0
[2026-03-12 13:31:24.575] [info] [ICNT] ICNT<-MEM request 0GB/Sec,0
[2026-03-12 13:31:25.315] [info] Core [0] Tile Stats | Issued: 59 Running: 2 Finished: 57
[2026-03-12 13:31:25.315] [info] cycle: [1744000]
[2026-03-12 13:31:25.315] [info] Core [1] Tile Stats | Issued: 61 Running: 2 Finished: 59
[2026-03-12 13:31:25.315] [info] cycle: [1744000]
[2026-03-12 13:31:25.315] [info] Core [2] Tile Stats | Issued: 59 Running: 2 Finished: 57
[2026-03-12 13:31:25.315] [info] cycle: [1744000]
[2026-03-12 13:31:25.315] [info] Core [3] Tile Stats | Issued: 59 Running: 2 Finished: 57
[2026-03-12 13:31:25.315] [info] cycle: [1744000]
[2026-03-12 13:31:25.315] [info] [ICNT] Core->ICNT request 19GB/Sec,4800
[2026-03-12 13:31:25.315] [info] [ICNT] Core<-ICNT request 338GB/Sec,84649
[2026-03-12 13:31:25.315] [info] [ICNT] ICNT->MEM request 0GB/Sec,0
[2026-03-12 13:31:25.315] [info] [ICNT] ICNT<-MEM request 0GB/Sec,0
[2026-03-12 13:31:26.098] [info] Core [0] Tile Stats | Issued: 60 Running: 2 Finished: 58
[2026-03-12 13:31:26.098] [info] cycle: [1752000]
[2026-03-12 13:31:26.098] [info] Core [1] Tile Stats | Issued: 62 Running: 2 Finished: 60
[2026-03-12 13:31:26.098] [info] cycle: [1752000]
[2026-03-12 13:31:26.098] [info] Core [2] Tile Stats | Issued: 60 Running: 2 Finished: 58
[2026-03-12 13:31:26.098] [info] cycle: [1752000]
[2026-03-12 13:31:26.098] [info] Core [3] Tile Stats | Issued: 60 Running: 2 Finished: 58
[2026-03-12 13:31:26.098] [info] cycle: [1752000]
[2026-03-12 13:31:26.098] [info] [ICNT] Core->ICNT request 1332GB/Sec,333152
[2026-03-12 13:31:26.098] [info] [ICNT] Core<-ICNT request 376GB/Sec,94003
[2026-03-12 13:31:26.098] [info] [ICNT] ICNT->MEM request 0GB/Sec,0
[2026-03-12 13:31:26.098] [info] [ICNT] ICNT<-MEM request 0GB/Sec,0
[2026-03-12 13:31:26.854] [info] Core [0] Tile Stats | Issued: 60 Running: 2 Finished: 58
[2026-03-12 13:31:26.854] [info] cycle: [1760000]
[2026-03-12 13:31:26.854] [info] Core [1] Tile Stats | Issued: 62 Running: 2 Finished: 60
[2026-03-12 13:31:26.854] [info] cycle: [1760000]
[2026-03-12 13:31:26.854] [info] Core [2] Tile Stats | Issued: 60 Running: 2 Finished: 58
[2026-03-12 13:31:26.854] [info] cycle: [1760000]
[2026-03-12 13:31:26.854] [info] Core [3] Tile Stats | Issued: 60 Running: 2 Finished: 58
[2026-03-12 13:31:26.854] [info] cycle: [1760000]
[2026-03-12 13:31:26.854] [info] [ICNT] Core->ICNT request 1494GB/Sec,373536
[2026-03-12 13:31:26.854] [info] [ICNT] Core<-ICNT request 369GB/Sec,92454
[2026-03-12 13:31:26.854] [info] [ICNT] ICNT->MEM request 0GB/Sec,0
[2026-03-12 13:31:26.854] [info] [ICNT] ICNT<-MEM request 0GB/Sec,0
[2026-03-12 13:31:27.613] [info] Core [0] Tile Stats | Issued: 60 Running: 2 Finished: 58
[2026-03-12 13:31:27.613] [info] cycle: [1768000]
[2026-03-12 13:31:27.613] [info] Core [1] Tile Stats | Issued: 62 Running: 2 Finished: 60
[2026-03-12 13:31:27.613] [info] cycle: [1768000]
[2026-03-12 13:31:27.613] [info] Core [2] Tile Stats | Issued: 60 Running: 2 Finished: 58
[2026-03-12 13:31:27.613] [info] cycle: [1768000]
[2026-03-12 13:31:27.613] [info] Core [3] Tile Stats | Issued: 60 Running: 2 Finished: 58
[2026-03-12 13:31:27.613] [info] cycle: [1768000]
[2026-03-12 13:31:27.613] [info] [ICNT] Core->ICNT request 0GB/Sec,0
[2026-03-12 13:31:27.613] [info] [ICNT] Core<-ICNT request 346GB/Sec,86739
[2026-03-12 13:31:27.613] [info] [ICNT] ICNT->MEM request 0GB/Sec,0
[2026-03-12 13:31:27.613] [info] [ICNT] ICNT<-MEM request 0GB/Sec,0
[2026-03-12 13:31:28.353] [info] Core [0] Tile Stats | Issued: 60 Running: 2 Finished: 58
[2026-03-12 13:31:28.353] [info] cycle: [1776000]
[2026-03-12 13:31:28.353] [info] Core [1] Tile Stats | Issued: 62 Running: 2 Finished: 60
[2026-03-12 13:31:28.353] [info] cycle: [1776000]
[2026-03-12 13:31:28.353] [info] Core [2] Tile Stats | Issued: 60 Running: 2 Finished: 58
[2026-03-12 13:31:28.353] [info] cycle: [1776000]
[2026-03-12 13:31:28.353] [info] Core [3] Tile Stats | Issued: 60 Running: 2 Finished: 58
[2026-03-12 13:31:28.353] [info] cycle: [1776000]
[2026-03-12 13:31:28.353] [info] [ICNT] Core->ICNT request 0GB/Sec,0
[2026-03-12 13:31:28.353] [info] [ICNT] Core<-ICNT request 318GB/Sec,79541
[2026-03-12 13:31:28.353] [info] [ICNT] ICNT->MEM request 0GB/Sec,0
[2026-03-12 13:31:28.353] [info] [ICNT] ICNT<-MEM request 0GB/Sec,0
[2026-03-12 13:31:29.070] [info] Core [0] Tile Stats | Issued: 60 Running: 2 Finished: 58
[2026-03-12 13:31:29.070] [info] cycle: [1784000]
[2026-03-12 13:31:29.070] [info] Core [1] Tile Stats | Issued: 62 Running: 2 Finished: 60
[2026-03-12 13:31:29.070] [info] cycle: [1784000]
[2026-03-12 13:31:29.070] [info] Core [2] Tile Stats | Issued: 60 Running: 2 Finished: 58
[2026-03-12 13:31:29.070] [info] cycle: [1784000]
[2026-03-12 13:31:29.070] [info] Core [3] Tile Stats | Issued: 60 Running: 2 Finished: 58
[2026-03-12 13:31:29.070] [info] cycle: [1784000]
[2026-03-12 13:31:29.070] [info] [ICNT] Core->ICNT request 0GB/Sec,0
[2026-03-12 13:31:29.070] [info] [ICNT] Core<-ICNT request 316GB/Sec,79100
[2026-03-12 13:31:29.070] [info] [ICNT] ICNT->MEM request 0GB/Sec,0
[2026-03-12 13:31:29.070] [info] [ICNT] ICNT<-MEM request 0GB/Sec,0
[2026-03-12 13:31:29.768] [info] Core [0] Tile Stats | Issued: 60 Running: 2 Finished: 58
[2026-03-12 13:31:29.768] [info] cycle: [1792000]
[2026-03-12 13:31:29.768] [info] Core [1] Tile Stats | Issued: 62 Running: 2 Finished: 60
[2026-03-12 13:31:29.768] [info] cycle: [1792000]
[2026-03-12 13:31:29.768] [info] Core [2] Tile Stats | Issued: 60 Running: 2 Finished: 58
[2026-03-12 13:31:29.768] [info] cycle: [1792000]
[2026-03-12 13:31:29.768] [info] Core [3] Tile Stats | Issued: 60 Running: 2 Finished: 58
[2026-03-12 13:31:29.768] [info] cycle: [1792000]
[2026-03-12 13:31:29.768] [info] [ICNT] Core->ICNT request 0GB/Sec,0
[2026-03-12 13:31:29.768] [info] [ICNT] Core<-ICNT request 315GB/Sec,78806
[2026-03-12 13:31:29.768] [info] [ICNT] ICNT->MEM request 0GB/Sec,0
[2026-03-12 13:31:29.768] [info] [ICNT] ICNT<-MEM request 0GB/Sec,0
[2026-03-12 13:31:30.481] [info] Core [0] Tile Stats | Issued: 60 Running: 2 Finished: 58
[2026-03-12 13:31:30.481] [info] cycle: [1800000]
[2026-03-12 13:31:30.481] [info] Core [1] Tile Stats | Issued: 62 Running: 2 Finished: 60
[2026-03-12 13:31:30.481] [info] cycle: [1800000]
[2026-03-12 13:31:30.481] [info] Core [2] Tile Stats | Issued: 60 Running: 2 Finished: 58
[2026-03-12 13:31:30.481] [info] cycle: [1800000]
[2026-03-12 13:31:30.481] [info] Core [3] Tile Stats | Issued: 60 Running: 2 Finished: 58
[2026-03-12 13:31:30.481] [info] cycle: [1800000]
[2026-03-12 13:31:30.481] [info] [ICNT] Core->ICNT request 0GB/Sec,0
[2026-03-12 13:31:30.481] [info] [ICNT] Core<-ICNT request 309GB/Sec,77289
[2026-03-12 13:31:30.481] [info] [ICNT] ICNT->MEM request 0GB/Sec,0
[2026-03-12 13:31:30.481] [info] [ICNT] ICNT<-MEM request 0GB/Sec,0
[2026-03-12 13:31:31.243] [info] Core [0] Tile Stats | Issued: 60 Running: 2 Finished: 58
[2026-03-12 13:31:31.243] [info] cycle: [1808000]
[2026-03-12 13:31:31.243] [info] Core [1] Tile Stats | Issued: 62 Running: 2 Finished: 60
[2026-03-12 13:31:31.243] [info] cycle: [1808000]
[2026-03-12 13:31:31.243] [info] Core [2] Tile Stats | Issued: 60 Running: 2 Finished: 58
[2026-03-12 13:31:31.243] [info] cycle: [1808000]
[2026-03-12 13:31:31.243] [info] Core [3] Tile Stats | Issued: 60 Running: 2 Finished: 58
[2026-03-12 13:31:31.243] [info] cycle: [1808000]
[2026-03-12 13:31:31.243] [info] [ICNT] Core->ICNT request 0GB/Sec,0
[2026-03-12 13:31:31.243] [info] [ICNT] Core<-ICNT request 328GB/Sec,82193
[2026-03-12 13:31:31.243] [info] [ICNT] ICNT->MEM request 0GB/Sec,0
[2026-03-12 13:31:31.243] [info] [ICNT] ICNT<-MEM request 0GB/Sec,0
[2026-03-12 13:31:31.972] [info] Core [0] Tile Stats | Issued: 60 Running: 2 Finished: 58
[2026-03-12 13:31:31.972] [info] cycle: [1816000]
[2026-03-12 13:31:31.972] [info] Core [1] Tile Stats | Issued: 62 Running: 2 Finished: 60
[2026-03-12 13:31:31.972] [info] cycle: [1816000]
[2026-03-12 13:31:31.972] [info] Core [2] Tile Stats | Issued: 61 Running: 2 Finished: 59
[2026-03-12 13:31:31.972] [info] cycle: [1816000]
[2026-03-12 13:31:31.972] [info] Core [3] Tile Stats | Issued: 61 Running: 2 Finished: 59
[2026-03-12 13:31:31.972] [info] cycle: [1816000]
[2026-03-12 13:31:31.972] [info] [ICNT] Core->ICNT request 218GB/Sec,54736
[2026-03-12 13:31:31.972] [info] [ICNT] Core<-ICNT request 359GB/Sec,89776
[2026-03-12 13:31:31.972] [info] [ICNT] ICNT->MEM request 0GB/Sec,0
[2026-03-12 13:31:31.972] [info] [ICNT] ICNT<-MEM request 0GB/Sec,0
[2026-03-12 13:31:32.768] [info] Core [0] Tile Stats | Issued: 61 Running: 2 Finished: 59
[2026-03-12 13:31:32.768] [info] cycle: [1824000]
[2026-03-12 13:31:32.768] [info] Core [1] Tile Stats | Issued: 63 Running: 2 Finished: 61
[2026-03-12 13:31:32.768] [info] cycle: [1824000]
[2026-03-12 13:31:32.768] [info] Core [2] Tile Stats | Issued: 61 Running: 2 Finished: 59
[2026-03-12 13:31:32.768] [info] cycle: [1824000]
[2026-03-12 13:31:32.768] [info] Core [3] Tile Stats | Issued: 61 Running: 2 Finished: 59
[2026-03-12 13:31:32.768] [info] cycle: [1824000]
[2026-03-12 13:31:32.768] [info] [ICNT] Core->ICNT request 1985GB/Sec,496464
[2026-03-12 13:31:32.768] [info] [ICNT] Core<-ICNT request 383GB/Sec,95798
[2026-03-12 13:31:32.768] [info] [ICNT] ICNT->MEM request 0GB/Sec,0
[2026-03-12 13:31:32.768] [info] [ICNT] ICNT<-MEM request 0GB/Sec,0
[2026-03-12 13:31:33.568] [info] Core [0] Tile Stats | Issued: 61 Running: 2 Finished: 59
[2026-03-12 13:31:33.568] [info] cycle: [1832000]
[2026-03-12 13:31:33.568] [info] Core [1] Tile Stats | Issued: 63 Running: 2 Finished: 61
[2026-03-12 13:31:33.568] [info] cycle: [1832000]
[2026-03-12 13:31:33.568] [info] Core [2] Tile Stats | Issued: 61 Running: 2 Finished: 59
[2026-03-12 13:31:33.568] [info] cycle: [1832000]
[2026-03-12 13:31:33.568] [info] Core [3] Tile Stats | Issued: 61 Running: 2 Finished: 59
[2026-03-12 13:31:33.568] [info] cycle: [1832000]
[2026-03-12 13:31:33.568] [info] [ICNT] Core->ICNT request 641GB/Sec,160288
[2026-03-12 13:31:33.568] [info] [ICNT] Core<-ICNT request 391GB/Sec,97803
[2026-03-12 13:31:33.568] [info] [ICNT] ICNT->MEM request 0GB/Sec,0
[2026-03-12 13:31:33.568] [info] [ICNT] ICNT<-MEM request 0GB/Sec,0
[2026-03-12 13:31:34.359] [info] Core [0] Tile Stats | Issued: 61 Running: 2 Finished: 59
[2026-03-12 13:31:34.359] [info] cycle: [1840000]
[2026-03-12 13:31:34.359] [info] Core [1] Tile Stats | Issued: 63 Running: 2 Finished: 61
[2026-03-12 13:31:34.359] [info] cycle: [1840000]
[2026-03-12 13:31:34.359] [info] Core [2] Tile Stats | Issued: 61 Running: 2 Finished: 59
[2026-03-12 13:31:34.359] [info] cycle: [1840000]
[2026-03-12 13:31:34.359] [info] Core [3] Tile Stats | Issued: 61 Running: 2 Finished: 59
[2026-03-12 13:31:34.359] [info] cycle: [1840000]
[2026-03-12 13:31:34.359] [info] [ICNT] Core->ICNT request 0GB/Sec,0
[2026-03-12 13:31:34.359] [info] [ICNT] Core<-ICNT request 341GB/Sec,85441
[2026-03-12 13:31:34.359] [info] [ICNT] ICNT->MEM request 0GB/Sec,0
[2026-03-12 13:31:34.359] [info] [ICNT] ICNT<-MEM request 0GB/Sec,0
[2026-03-12 13:31:35.195] [info] Core [0] Tile Stats | Issued: 61 Running: 2 Finished: 59
[2026-03-12 13:31:35.195] [info] cycle: [1848000]
[2026-03-12 13:31:35.195] [info] Core [1] Tile Stats | Issued: 63 Running: 2 Finished: 61
[2026-03-12 13:31:35.195] [info] cycle: [1848000]
[2026-03-12 13:31:35.195] [info] Core [2] Tile Stats | Issued: 61 Running: 2 Finished: 59
[2026-03-12 13:31:35.195] [info] cycle: [1848000]
[2026-03-12 13:31:35.195] [info] Core [3] Tile Stats | Issued: 61 Running: 2 Finished: 59
[2026-03-12 13:31:35.195] [info] cycle: [1848000]
[2026-03-12 13:31:35.195] [info] [ICNT] Core->ICNT request 0GB/Sec,0
[2026-03-12 13:31:35.195] [info] [ICNT] Core<-ICNT request 329GB/Sec,82291
[2026-03-12 13:31:35.195] [info] [ICNT] ICNT->MEM request 0GB/Sec,0
[2026-03-12 13:31:35.195] [info] [ICNT] ICNT<-MEM request 0GB/Sec,0
[2026-03-12 13:31:36.442] [info] Core [0] Tile Stats | Issued: 61 Running: 2 Finished: 59
[2026-03-12 13:31:36.442] [info] cycle: [1856000]
[2026-03-12 13:31:36.442] [info] Core [1] Tile Stats | Issued: 63 Running: 2 Finished: 61
[2026-03-12 13:31:36.442] [info] cycle: [1856000]
[2026-03-12 13:31:36.442] [info] Core [2] Tile Stats | Issued: 61 Running: 2 Finished: 59
[2026-03-12 13:31:36.442] [info] cycle: [1856000]
[2026-03-12 13:31:36.442] [info] Core [3] Tile Stats | Issued: 61 Running: 2 Finished: 59
[2026-03-12 13:31:36.442] [info] cycle: [1856000]
[2026-03-12 13:31:36.442] [info] [ICNT] Core->ICNT request 0GB/Sec,0
[2026-03-12 13:31:36.442] [info] [ICNT] Core<-ICNT request 331GB/Sec,82774
[2026-03-12 13:31:36.442] [info] [ICNT] ICNT->MEM request 0GB/Sec,0
[2026-03-12 13:31:36.442] [info] [ICNT] ICNT<-MEM request 0GB/Sec,0
[2026-03-12 13:31:37.479] [info] Core [0] Tile Stats | Issued: 61 Running: 2 Finished: 59
[2026-03-12 13:31:37.479] [info] cycle: [1864000]
[2026-03-12 13:31:37.479] [info] Core [1] Tile Stats | Issued: 63 Running: 2 Finished: 61
[2026-03-12 13:31:37.479] [info] cycle: [1864000]
[2026-03-12 13:31:37.479] [info] Core [2] Tile Stats | Issued: 61 Running: 2 Finished: 59
[2026-03-12 13:31:37.479] [info] cycle: [1864000]
[2026-03-12 13:31:37.479] [info] Core [3] Tile Stats | Issued: 61 Running: 2 Finished: 59
[2026-03-12 13:31:37.479] [info] cycle: [1864000]
[2026-03-12 13:31:37.479] [info] [ICNT] Core->ICNT request 0GB/Sec,0
[2026-03-12 13:31:37.479] [info] [ICNT] Core<-ICNT request 336GB/Sec,84216
[2026-03-12 13:31:37.479] [info] [ICNT] ICNT->MEM request 0GB/Sec,0
[2026-03-12 13:31:37.479] [info] [ICNT] ICNT<-MEM request 0GB/Sec,0
[2026-03-12 13:31:38.281] [info] Core [0] Tile Stats | Issued: 61 Running: 2 Finished: 59
[2026-03-12 13:31:38.281] [info] cycle: [1872000]
[2026-03-12 13:31:38.281] [info] Core [1] Tile Stats | Issued: 63 Running: 2 Finished: 61
[2026-03-12 13:31:38.281] [info] cycle: [1872000]
[2026-03-12 13:31:38.281] [info] Core [2] Tile Stats | Issued: 61 Running: 2 Finished: 59
[2026-03-12 13:31:38.281] [info] cycle: [1872000]
[2026-03-12 13:31:38.281] [info] Core [3] Tile Stats | Issued: 61 Running: 2 Finished: 59
[2026-03-12 13:31:38.281] [info] cycle: [1872000]
[2026-03-12 13:31:38.281] [info] [ICNT] Core->ICNT request 0GB/Sec,0
[2026-03-12 13:31:38.281] [info] [ICNT] Core<-ICNT request 330GB/Sec,82701
[2026-03-12 13:31:38.281] [info] [ICNT] ICNT->MEM request 0GB/Sec,0
[2026-03-12 13:31:38.281] [info] [ICNT] ICNT<-MEM request 0GB/Sec,0
[2026-03-12 13:31:39.150] [info] Core [0] Tile Stats | Issued: 61 Running: 2 Finished: 59
[2026-03-12 13:31:39.150] [info] cycle: [1880000]
[2026-03-12 13:31:39.150] [info] Core [1] Tile Stats | Issued: 63 Running: 2 Finished: 61
[2026-03-12 13:31:39.150] [info] cycle: [1880000]
[2026-03-12 13:31:39.150] [info] Core [2] Tile Stats | Issued: 61 Running: 2 Finished: 59
[2026-03-12 13:31:39.150] [info] cycle: [1880000]
[2026-03-12 13:31:39.150] [info] Core [3] Tile Stats | Issued: 62 Running: 2 Finished: 60
[2026-03-12 13:31:39.150] [info] cycle: [1880000]
[2026-03-12 13:31:39.150] [info] [ICNT] Core->ICNT request 139GB/Sec,34824
[2026-03-12 13:31:39.150] [info] [ICNT] Core<-ICNT request 358GB/Sec,89568
[2026-03-12 13:31:39.150] [info] [ICNT] ICNT->MEM request 0GB/Sec,0
[2026-03-12 13:31:39.150] [info] [ICNT] ICNT<-MEM request 0GB/Sec,0
[2026-03-12 13:31:40.052] [info] Core [0] Tile Stats | Issued: 62 Running: 2 Finished: 60
[2026-03-12 13:31:40.052] [info] cycle: [1888000]
[2026-03-12 13:31:40.052] [info] Core [1] Tile Stats | Issued: 64 Running: 2 Finished: 62
[2026-03-12 13:31:40.052] [info] cycle: [1888000]
[2026-03-12 13:31:40.052] [info] Core [2] Tile Stats | Issued: 62 Running: 2 Finished: 60
[2026-03-12 13:31:40.052] [info] cycle: [1888000]
[2026-03-12 13:31:40.052] [info] Core [3] Tile Stats | Issued: 62 Running: 2 Finished: 60
[2026-03-12 13:31:40.052] [info] cycle: [1888000]
[2026-03-12 13:31:40.052] [info] [ICNT] Core->ICNT request 1623GB/Sec,405880
[2026-03-12 13:31:40.052] [info] [ICNT] Core<-ICNT request 373GB/Sec,93251
[2026-03-12 13:31:40.052] [info] [ICNT] ICNT->MEM request 0GB/Sec,0
[2026-03-12 13:31:40.052] [info] [ICNT] ICNT<-MEM request 0GB/Sec,0
[2026-03-12 13:31:40.889] [info] Core [0] Tile Stats | Issued: 62 Running: 2 Finished: 60
[2026-03-12 13:31:40.889] [info] cycle: [1896000]
[2026-03-12 13:31:40.889] [info] Core [1] Tile Stats | Issued: 64 Running: 2 Finished: 62
[2026-03-12 13:31:40.889] [info] cycle: [1896000]
[2026-03-12 13:31:40.889] [info] Core [2] Tile Stats | Issued: 62 Running: 2 Finished: 60
[2026-03-12 13:31:40.889] [info] cycle: [1896000]
[2026-03-12 13:31:40.889] [info] Core [3] Tile Stats | Issued: 62 Running: 2 Finished: 60
[2026-03-12 13:31:40.889] [info] cycle: [1896000]
[2026-03-12 13:31:40.889] [info] [ICNT] Core->ICNT request 1083GB/Sec,270784
[2026-03-12 13:31:40.889] [info] [ICNT] Core<-ICNT request 360GB/Sec,90126
[2026-03-12 13:31:40.889] [info] [ICNT] ICNT->MEM request 0GB/Sec,0
[2026-03-12 13:31:40.889] [info] [ICNT] ICNT<-MEM request 0GB/Sec,0
[2026-03-12 13:31:41.715] [info] Core [0] Tile Stats | Issued: 62 Running: 2 Finished: 60
[2026-03-12 13:31:41.715] [info] cycle: [1904000]
[2026-03-12 13:31:41.715] [info] Core [1] Tile Stats | Issued: 64 Running: 2 Finished: 62
[2026-03-12 13:31:41.715] [info] cycle: [1904000]
[2026-03-12 13:31:41.715] [info] Core [2] Tile Stats | Issued: 62 Running: 2 Finished: 60
[2026-03-12 13:31:41.715] [info] cycle: [1904000]
[2026-03-12 13:31:41.715] [info] Core [3] Tile Stats | Issued: 62 Running: 2 Finished: 60
[2026-03-12 13:31:41.715] [info] cycle: [1904000]
[2026-03-12 13:31:41.715] [info] [ICNT] Core->ICNT request 0GB/Sec,0
[2026-03-12 13:31:41.715] [info] [ICNT] Core<-ICNT request 359GB/Sec,89964
[2026-03-12 13:31:41.715] [info] [ICNT] ICNT->MEM request 0GB/Sec,0
[2026-03-12 13:31:41.715] [info] [ICNT] ICNT<-MEM request 0GB/Sec,0
[2026-03-12 13:31:42.647] [info] Core [0] Tile Stats | Issued: 62 Running: 2 Finished: 60
[2026-03-12 13:31:42.647] [info] cycle: [1912000]
[2026-03-12 13:31:42.647] [info] Core [1] Tile Stats | Issued: 64 Running: 2 Finished: 62
[2026-03-12 13:31:42.647] [info] cycle: [1912000]
[2026-03-12 13:31:42.647] [info] Core [2] Tile Stats | Issued: 62 Running: 2 Finished: 60
[2026-03-12 13:31:42.647] [info] cycle: [1912000]
[2026-03-12 13:31:42.647] [info] Core [3] Tile Stats | Issued: 62 Running: 2 Finished: 60
[2026-03-12 13:31:42.647] [info] cycle: [1912000]
[2026-03-12 13:31:42.647] [info] [ICNT] Core->ICNT request 0GB/Sec,0
[2026-03-12 13:31:42.647] [info] [ICNT] Core<-ICNT request 323GB/Sec,80966
[2026-03-12 13:31:42.647] [info] [ICNT] ICNT->MEM request 0GB/Sec,0
[2026-03-12 13:31:42.647] [info] [ICNT] ICNT<-MEM request 0GB/Sec,0
[2026-03-12 13:31:43.657] [info] Core [0] Tile Stats | Issued: 62 Running: 2 Finished: 60
[2026-03-12 13:31:43.657] [info] cycle: [1920000]
[2026-03-12 13:31:43.657] [info] Core [1] Tile Stats | Issued: 64 Running: 2 Finished: 62
[2026-03-12 13:31:43.657] [info] cycle: [1920000]
[2026-03-12 13:31:43.657] [info] Core [2] Tile Stats | Issued: 62 Running: 2 Finished: 60
[2026-03-12 13:31:43.657] [info] cycle: [1920000]
[2026-03-12 13:31:43.657] [info] Core [3] Tile Stats | Issued: 62 Running: 2 Finished: 60
[2026-03-12 13:31:43.657] [info] cycle: [1920000]
[2026-03-12 13:31:43.657] [info] [ICNT] Core->ICNT request 0GB/Sec,0
[2026-03-12 13:31:43.657] [info] [ICNT] Core<-ICNT request 321GB/Sec,80445
[2026-03-12 13:31:43.657] [info] [ICNT] ICNT->MEM request 0GB/Sec,0
[2026-03-12 13:31:43.657] [info] [ICNT] ICNT<-MEM request 0GB/Sec,0
[2026-03-12 13:31:44.470] [info] Core [0] Tile Stats | Issued: 62 Running: 2 Finished: 60
[2026-03-12 13:31:44.470] [info] cycle: [1928000]
[2026-03-12 13:31:44.470] [info] Core [1] Tile Stats | Issued: 64 Running: 2 Finished: 62
[2026-03-12 13:31:44.470] [info] cycle: [1928000]
[2026-03-12 13:31:44.470] [info] Core [2] Tile Stats | Issued: 62 Running: 2 Finished: 60
[2026-03-12 13:31:44.470] [info] cycle: [1928000]
[2026-03-12 13:31:44.470] [info] Core [3] Tile Stats | Issued: 62 Running: 2 Finished: 60
[2026-03-12 13:31:44.470] [info] cycle: [1928000]
[2026-03-12 13:31:44.470] [info] [ICNT] Core->ICNT request 0GB/Sec,0
[2026-03-12 13:31:44.470] [info] [ICNT] Core<-ICNT request 323GB/Sec,80819
[2026-03-12 13:31:44.470] [info] [ICNT] ICNT->MEM request 0GB/Sec,0
[2026-03-12 13:31:44.470] [info] [ICNT] ICNT<-MEM request 0GB/Sec,0
[2026-03-12 13:31:45.280] [info] Core [0] Tile Stats | Issued: 62 Running: 2 Finished: 60
[2026-03-12 13:31:45.281] [info] cycle: [1936000]
[2026-03-12 13:31:45.281] [info] Core [1] Tile Stats | Issued: 64 Running: 2 Finished: 62
[2026-03-12 13:31:45.281] [info] cycle: [1936000]
[2026-03-12 13:31:45.281] [info] Core [2] Tile Stats | Issued: 62 Running: 2 Finished: 60
[2026-03-12 13:31:45.281] [info] cycle: [1936000]
[2026-03-12 13:31:45.281] [info] Core [3] Tile Stats | Issued: 62 Running: 2 Finished: 60
[2026-03-12 13:31:45.281] [info] cycle: [1936000]
[2026-03-12 13:31:45.281] [info] [ICNT] Core->ICNT request 0GB/Sec,0
[2026-03-12 13:31:45.281] [info] [ICNT] Core<-ICNT request 355GB/Sec,88975
[2026-03-12 13:31:45.281] [info] [ICNT] ICNT->MEM request 0GB/Sec,0
[2026-03-12 13:31:45.281] [info] [ICNT] ICNT<-MEM request 0GB/Sec,0
[2026-03-12 13:31:46.092] [info] Core [0] Tile Stats | Issued: 62 Running: 2 Finished: 60
[2026-03-12 13:31:46.092] [info] cycle: [1944000]
[2026-03-12 13:31:46.092] [info] Core [1] Tile Stats | Issued: 64 Running: 2 Finished: 62
[2026-03-12 13:31:46.092] [info] cycle: [1944000]
[2026-03-12 13:31:46.092] [info] Core [2] Tile Stats | Issued: 62 Running: 2 Finished: 60
[2026-03-12 13:31:46.092] [info] cycle: [1944000]
[2026-03-12 13:31:46.092] [info] Core [3] Tile Stats | Issued: 63 Running: 2 Finished: 61
[2026-03-12 13:31:46.092] [info] cycle: [1944000]
[2026-03-12 13:31:46.092] [info] [ICNT] Core->ICNT request 141GB/Sec,35480
[2026-03-12 13:31:46.092] [info] [ICNT] Core<-ICNT request 338GB/Sec,84637
[2026-03-12 13:31:46.092] [info] [ICNT] ICNT->MEM request 0GB/Sec,0
[2026-03-12 13:31:46.092] [info] [ICNT] ICNT<-MEM request 0GB/Sec,0
[2026-03-12 13:31:46.891] [info] Core [0] Tile Stats | Issued: 63 Running: 2 Finished: 61
[2026-03-12 13:31:46.891] [info] cycle: [1952000]
[2026-03-12 13:31:46.891] [info] Core [1] Tile Stats | Issued: 65 Running: 2 Finished: 63
[2026-03-12 13:31:46.891] [info] cycle: [1952000]
[2026-03-12 13:31:46.891] [info] Core [2] Tile Stats | Issued: 63 Running: 2 Finished: 61
[2026-03-12 13:31:46.891] [info] cycle: [1952000]
[2026-03-12 13:31:46.891] [info] Core [3] Tile Stats | Issued: 63 Running: 2 Finished: 61
[2026-03-12 13:31:46.891] [info] cycle: [1952000]
[2026-03-12 13:31:46.891] [info] [ICNT] Core->ICNT request 1392GB/Sec,348120
[2026-03-12 13:31:46.891] [info] [ICNT] Core<-ICNT request 430GB/Sec,107610
[2026-03-12 13:31:46.891] [info] [ICNT] ICNT->MEM request 0GB/Sec,0
[2026-03-12 13:31:46.891] [info] [ICNT] ICNT<-MEM request 0GB/Sec,0
[2026-03-12 13:31:47.643] [info] Core [0] Tile Stats | Issued: 63 Running: 2 Finished: 61
[2026-03-12 13:31:47.643] [info] cycle: [1960000]
[2026-03-12 13:31:47.643] [info] Core [1] Tile Stats | Issued: 65 Running: 2 Finished: 63
[2026-03-12 13:31:47.643] [info] cycle: [1960000]
[2026-03-12 13:31:47.643] [info] Core [2] Tile Stats | Issued: 63 Running: 2 Finished: 61
[2026-03-12 13:31:47.643] [info] cycle: [1960000]
[2026-03-12 13:31:47.643] [info] Core [3] Tile Stats | Issued: 63 Running: 2 Finished: 61
[2026-03-12 13:31:47.643] [info] cycle: [1960000]
[2026-03-12 13:31:47.643] [info] [ICNT] Core->ICNT request 1311GB/Sec,327888
[2026-03-12 13:31:47.643] [info] [ICNT] Core<-ICNT request 351GB/Sec,87944
[2026-03-12 13:31:47.643] [info] [ICNT] ICNT->MEM request 0GB/Sec,0
[2026-03-12 13:31:47.643] [info] [ICNT] ICNT<-MEM request 0GB/Sec,0
[2026-03-12 13:31:48.385] [info] Core [0] Tile Stats | Issued: 63 Running: 2 Finished: 61
[2026-03-12 13:31:48.385] [info] cycle: [1968000]
[2026-03-12 13:31:48.385] [info] Core [1] Tile Stats | Issued: 65 Running: 2 Finished: 63
[2026-03-12 13:31:48.385] [info] cycle: [1968000]
[2026-03-12 13:31:48.385] [info] Core [2] Tile Stats | Issued: 63 Running: 2 Finished: 61
[2026-03-12 13:31:48.385] [info] cycle: [1968000]
[2026-03-12 13:31:48.385] [info] Core [3] Tile Stats | Issued: 63 Running: 2 Finished: 61
[2026-03-12 13:31:48.385] [info] cycle: [1968000]
[2026-03-12 13:31:48.385] [info] [ICNT] Core->ICNT request 0GB/Sec,0
[2026-03-12 13:31:48.385] [info] [ICNT] Core<-ICNT request 406GB/Sec,101672
[2026-03-12 13:31:48.385] [info] [ICNT] ICNT->MEM request 0GB/Sec,0
[2026-03-12 13:31:48.385] [info] [ICNT] ICNT<-MEM request 0GB/Sec,0
[2026-03-12 13:31:49.156] [info] Core [0] Tile Stats | Issued: 63 Running: 2 Finished: 61
[2026-03-12 13:31:49.156] [info] cycle: [1976000]
[2026-03-12 13:31:49.156] [info] Core [1] Tile Stats | Issued: 65 Running: 2 Finished: 63
[2026-03-12 13:31:49.156] [info] cycle: [1976000]
[2026-03-12 13:31:49.156] [info] Core [2] Tile Stats | Issued: 63 Running: 2 Finished: 61
[2026-03-12 13:31:49.156] [info] cycle: [1976000]
[2026-03-12 13:31:49.156] [info] Core [3] Tile Stats | Issued: 63 Running: 2 Finished: 61
[2026-03-12 13:31:49.156] [info] cycle: [1976000]
[2026-03-12 13:31:49.156] [info] [ICNT] Core->ICNT request 0GB/Sec,0
[2026-03-12 13:31:49.156] [info] [ICNT] Core<-ICNT request 349GB/Sec,87293
[2026-03-12 13:31:49.156] [info] [ICNT] ICNT->MEM request 0GB/Sec,0
[2026-03-12 13:31:49.156] [info] [ICNT] ICNT<-MEM request 0GB/Sec,0
[2026-03-12 13:31:49.890] [info] Core [0] Tile Stats | Issued: 63 Running: 2 Finished: 61
[2026-03-12 13:31:49.890] [info] cycle: [1984000]
[2026-03-12 13:31:49.890] [info] Core [1] Tile Stats | Issued: 65 Running: 2 Finished: 63
[2026-03-12 13:31:49.890] [info] cycle: [1984000]
[2026-03-12 13:31:49.890] [info] Core [2] Tile Stats | Issued: 63 Running: 2 Finished: 61
[2026-03-12 13:31:49.890] [info] cycle: [1984000]
[2026-03-12 13:31:49.890] [info] Core [3] Tile Stats | Issued: 63 Running: 2 Finished: 61
[2026-03-12 13:31:49.890] [info] cycle: [1984000]
[2026-03-12 13:31:49.890] [info] [ICNT] Core->ICNT request 0GB/Sec,0
[2026-03-12 13:31:49.890] [info] [ICNT] Core<-ICNT request 341GB/Sec,85416
[2026-03-12 13:31:49.890] [info] [ICNT] ICNT->MEM request 0GB/Sec,0
[2026-03-12 13:31:49.890] [info] [ICNT] ICNT<-MEM request 0GB/Sec,0
[2026-03-12 13:31:50.625] [info] Core [0] Tile Stats | Issued: 63 Running: 2 Finished: 61
[2026-03-12 13:31:50.625] [info] cycle: [1992000]
[2026-03-12 13:31:50.625] [info] Core [1] Tile Stats | Issued: 65 Running: 2 Finished: 63
[2026-03-12 13:31:50.625] [info] cycle: [1992000]
[2026-03-12 13:31:50.625] [info] Core [2] Tile Stats | Issued: 63 Running: 2 Finished: 61
[2026-03-12 13:31:50.625] [info] cycle: [1992000]
[2026-03-12 13:31:50.625] [info] Core [3] Tile Stats | Issued: 63 Running: 2 Finished: 61
[2026-03-12 13:31:50.625] [info] cycle: [1992000]
[2026-03-12 13:31:50.626] [info] [ICNT] Core->ICNT request 0GB/Sec,0
[2026-03-12 13:31:50.626] [info] [ICNT] Core<-ICNT request 350GB/Sec,87693
[2026-03-12 13:31:50.626] [info] [ICNT] ICNT->MEM request 0GB/Sec,0
[2026-03-12 13:31:50.626] [info] [ICNT] ICNT<-MEM request 0GB/Sec,0
[2026-03-12 13:31:51.364] [info] Core [0] Tile Stats | Issued: 63 Running: 2 Finished: 61
[2026-03-12 13:31:51.364] [info] cycle: [2000000]
[2026-03-12 13:31:51.364] [info] Core [1] Tile Stats | Issued: 65 Running: 2 Finished: 63
[2026-03-12 13:31:51.364] [info] cycle: [2000000]
[2026-03-12 13:31:51.364] [info] Core [2] Tile Stats | Issued: 63 Running: 2 Finished: 61
[2026-03-12 13:31:51.364] [info] cycle: [2000000]
[2026-03-12 13:31:51.364] [info] Core [3] Tile Stats | Issued: 64 Running: 2 Finished: 62
[2026-03-12 13:31:51.364] [info] cycle: [2000000]
[2026-03-12 13:31:51.364] [info] [ICNT] Core->ICNT request 508GB/Sec,127016
[2026-03-12 13:31:51.364] [info] [ICNT] Core<-ICNT request 351GB/Sec,87923
[2026-03-12 13:31:51.364] [info] [ICNT] ICNT->MEM request 0GB/Sec,0
[2026-03-12 13:31:51.364] [info] [ICNT] ICNT<-MEM request 0GB/Sec,0
[2026-03-12 13:31:52.114] [info] Core [0] Tile Stats | Issued: 63 Running: 2 Finished: 61
[2026-03-12 13:31:52.114] [info] cycle: [2008000]
[2026-03-12 13:31:52.114] [info] Core [1] Tile Stats | Issued: 65 Running: 2 Finished: 63
[2026-03-12 13:31:52.114] [info] cycle: [2008000]
[2026-03-12 13:31:52.114] [info] Core [2] Tile Stats | Issued: 63 Running: 2 Finished: 61
[2026-03-12 13:31:52.114] [info] cycle: [2008000]
[2026-03-12 13:31:52.114] [info] Core [3] Tile Stats | Issued: 64 Running: 2 Finished: 62
[2026-03-12 13:31:52.114] [info] cycle: [2008000]
[2026-03-12 13:31:52.114] [info] [ICNT] Core->ICNT request 216GB/Sec,54072
[2026-03-12 13:31:52.114] [info] [ICNT] Core<-ICNT request 358GB/Sec,89664
[2026-03-12 13:31:52.114] [info] [ICNT] ICNT->MEM request 0GB/Sec,0
[2026-03-12 13:31:52.114] [info] [ICNT] ICNT<-MEM request 0GB/Sec,0
[2026-03-12 13:31:52.901] [info] Core [0] Tile Stats | Issued: 64 Running: 2 Finished: 62
[2026-03-12 13:31:52.901] [info] cycle: [2016000]
[2026-03-12 13:31:52.901] [info] Core [1] Tile Stats | Issued: 66 Running: 2 Finished: 64
[2026-03-12 13:31:52.901] [info] cycle: [2016000]
[2026-03-12 13:31:52.901] [info] Core [2] Tile Stats | Issued: 64 Running: 2 Finished: 62
[2026-03-12 13:31:52.901] [info] cycle: [2016000]
[2026-03-12 13:31:52.901] [info] Core [3] Tile Stats | Issued: 64 Running: 2 Finished: 62
[2026-03-12 13:31:52.901] [info] cycle: [2016000]
[2026-03-12 13:31:52.901] [info] [ICNT] Core->ICNT request 971GB/Sec,242920
[2026-03-12 13:31:52.901] [info] [ICNT] Core<-ICNT request 394GB/Sec,98586
[2026-03-12 13:31:52.901] [info] [ICNT] ICNT->MEM request 0GB/Sec,0
[2026-03-12 13:31:52.901] [info] [ICNT] ICNT<-MEM request 0GB/Sec,0
[2026-03-12 13:31:53.661] [info] Core [0] Tile Stats | Issued: 64 Running: 2 Finished: 62
[2026-03-12 13:31:53.661] [info] cycle: [2024000]
[2026-03-12 13:31:53.661] [info] Core [1] Tile Stats | Issued: 66 Running: 2 Finished: 64
[2026-03-12 13:31:53.661] [info] cycle: [2024000]
[2026-03-12 13:31:53.661] [info] Core [2] Tile Stats | Issued: 64 Running: 2 Finished: 62
[2026-03-12 13:31:53.661] [info] cycle: [2024000]
[2026-03-12 13:31:53.661] [info] Core [3] Tile Stats | Issued: 64 Running: 2 Finished: 62
[2026-03-12 13:31:53.661] [info] cycle: [2024000]
[2026-03-12 13:31:53.661] [info] [ICNT] Core->ICNT request 1149GB/Sec,287480
[2026-03-12 13:31:53.661] [info] [ICNT] Core<-ICNT request 363GB/Sec,90933
[2026-03-12 13:31:53.661] [info] [ICNT] ICNT->MEM request 0GB/Sec,0
[2026-03-12 13:31:53.661] [info] [ICNT] ICNT<-MEM request 0GB/Sec,0
[2026-03-12 13:31:54.389] [info] Core [0] Tile Stats | Issued: 64 Running: 2 Finished: 62
[2026-03-12 13:31:54.389] [info] cycle: [2032000]
[2026-03-12 13:31:54.389] [info] Core [1] Tile Stats | Issued: 66 Running: 2 Finished: 64
[2026-03-12 13:31:54.389] [info] cycle: [2032000]
[2026-03-12 13:31:54.389] [info] Core [2] Tile Stats | Issued: 64 Running: 2 Finished: 62
[2026-03-12 13:31:54.389] [info] cycle: [2032000]
[2026-03-12 13:31:54.389] [info] Core [3] Tile Stats | Issued: 64 Running: 2 Finished: 62
[2026-03-12 13:31:54.389] [info] cycle: [2032000]
[2026-03-12 13:31:54.389] [info] [ICNT] Core->ICNT request 0GB/Sec,0
[2026-03-12 13:31:54.389] [info] [ICNT] Core<-ICNT request 361GB/Sec,90493
[2026-03-12 13:31:54.389] [info] [ICNT] ICNT->MEM request 0GB/Sec,0
[2026-03-12 13:31:54.389] [info] [ICNT] ICNT<-MEM request 0GB/Sec,0
[2026-03-12 13:31:55.121] [info] Core [0] Tile Stats | Issued: 64 Running: 2 Finished: 62
[2026-03-12 13:31:55.121] [info] cycle: [2040000]
[2026-03-12 13:31:55.121] [info] Core [1] Tile Stats | Issued: 66 Running: 2 Finished: 64
[2026-03-12 13:31:55.121] [info] cycle: [2040000]
[2026-03-12 13:31:55.121] [info] Core [2] Tile Stats | Issued: 64 Running: 2 Finished: 62
[2026-03-12 13:31:55.121] [info] cycle: [2040000]
[2026-03-12 13:31:55.121] [info] Core [3] Tile Stats | Issued: 64 Running: 2 Finished: 62
[2026-03-12 13:31:55.121] [info] cycle: [2040000]
[2026-03-12 13:31:55.121] [info] [ICNT] Core->ICNT request 0GB/Sec,0
[2026-03-12 13:31:55.121] [info] [ICNT] Core<-ICNT request 342GB/Sec,85558
[2026-03-12 13:31:55.121] [info] [ICNT] ICNT->MEM request 0GB/Sec,0
[2026-03-12 13:31:55.121] [info] [ICNT] ICNT<-MEM request 0GB/Sec,0
[2026-03-12 13:31:55.869] [info] Core [0] Tile Stats | Issued: 64 Running: 2 Finished: 62
[2026-03-12 13:31:55.869] [info] cycle: [2048000]
[2026-03-12 13:31:55.869] [info] Core [1] Tile Stats | Issued: 66 Running: 2 Finished: 64
[2026-03-12 13:31:55.869] [info] cycle: [2048000]
[2026-03-12 13:31:55.869] [info] Core [2] Tile Stats | Issued: 64 Running: 2 Finished: 62
[2026-03-12 13:31:55.869] [info] cycle: [2048000]
[2026-03-12 13:31:55.869] [info] Core [3] Tile Stats | Issued: 64 Running: 2 Finished: 62
[2026-03-12 13:31:55.869] [info] cycle: [2048000]
[2026-03-12 13:31:55.869] [info] [ICNT] Core->ICNT request 0GB/Sec,0
[2026-03-12 13:31:55.869] [info] [ICNT] Core<-ICNT request 317GB/Sec,79405
[2026-03-12 13:31:55.869] [info] [ICNT] ICNT->MEM request 0GB/Sec,0
[2026-03-12 13:31:55.869] [info] [ICNT] ICNT<-MEM request 0GB/Sec,0
[2026-03-12 13:31:56.580] [info] Core [0] Tile Stats | Issued: 64 Running: 2 Finished: 62
[2026-03-12 13:31:56.580] [info] cycle: [2056000]
[2026-03-12 13:31:56.580] [info] Core [1] Tile Stats | Issued: 66 Running: 2 Finished: 64
[2026-03-12 13:31:56.580] [info] cycle: [2056000]
[2026-03-12 13:31:56.580] [info] Core [2] Tile Stats | Issued: 64 Running: 2 Finished: 62
[2026-03-12 13:31:56.580] [info] cycle: [2056000]
[2026-03-12 13:31:56.580] [info] Core [3] Tile Stats | Issued: 64 Running: 2 Finished: 62
[2026-03-12 13:31:56.580] [info] cycle: [2056000]
[2026-03-12 13:31:56.581] [info] [ICNT] Core->ICNT request 0GB/Sec,0
[2026-03-12 13:31:56.581] [info] [ICNT] Core<-ICNT request 363GB/Sec,90973
[2026-03-12 13:31:56.581] [info] [ICNT] ICNT->MEM request 0GB/Sec,0
[2026-03-12 13:31:56.581] [info] [ICNT] ICNT<-MEM request 0GB/Sec,0
[2026-03-12 13:31:57.291] [info] Core [0] Tile Stats | Issued: 64 Running: 2 Finished: 62
[2026-03-12 13:31:57.291] [info] cycle: [2064000]
[2026-03-12 13:31:57.291] [info] Core [1] Tile Stats | Issued: 66 Running: 2 Finished: 64
[2026-03-12 13:31:57.291] [info] cycle: [2064000]
[2026-03-12 13:31:57.291] [info] Core [2] Tile Stats | Issued: 64 Running: 2 Finished: 62
[2026-03-12 13:31:57.291] [info] cycle: [2064000]
[2026-03-12 13:31:57.291] [info] Core [3] Tile Stats | Issued: 65 Running: 2 Finished: 63
[2026-03-12 13:31:57.291] [info] cycle: [2064000]
[2026-03-12 13:31:57.291] [info] [ICNT] Core->ICNT request 362GB/Sec,90584
[2026-03-12 13:31:57.291] [info] [ICNT] Core<-ICNT request 386GB/Sec,96681
[2026-03-12 13:31:57.291] [info] [ICNT] ICNT->MEM request 0GB/Sec,0
[2026-03-12 13:31:57.291] [info] [ICNT] ICNT<-MEM request 0GB/Sec,0
[2026-03-12 13:31:58.026] [info] Core [0] Tile Stats | Issued: 64 Running: 2 Finished: 62
[2026-03-12 13:31:58.026] [info] cycle: [2072000]
[2026-03-12 13:31:58.026] [info] Core [1] Tile Stats | Issued: 66 Running: 2 Finished: 64
[2026-03-12 13:31:58.026] [info] cycle: [2072000]
[2026-03-12 13:31:58.026] [info] Core [2] Tile Stats | Issued: 65 Running: 2 Finished: 63
[2026-03-12 13:31:58.026] [info] cycle: [2072000]
[2026-03-12 13:31:58.026] [info] Core [3] Tile Stats | Issued: 65 Running: 2 Finished: 63
[2026-03-12 13:31:58.026] [info] cycle: [2072000]
[2026-03-12 13:31:58.026] [info] [ICNT] Core->ICNT request 404GB/Sec,101152
[2026-03-12 13:31:58.026] [info] [ICNT] Core<-ICNT request 327GB/Sec,81961
[2026-03-12 13:31:58.026] [info] [ICNT] ICNT->MEM request 0GB/Sec,0
[2026-03-12 13:31:58.026] [info] [ICNT] ICNT<-MEM request 0GB/Sec,0
[2026-03-12 13:31:58.734] [info] Core [0] Tile Stats | Issued: 65 Running: 2 Finished: 63
[2026-03-12 13:31:58.734] [info] cycle: [2080000]
[2026-03-12 13:31:58.734] [info] Core [1] Tile Stats | Issued: 67 Running: 2 Finished: 65
[2026-03-12 13:31:58.734] [info] cycle: [2080000]
[2026-03-12 13:31:58.734] [info] Core [2] Tile Stats | Issued: 65 Running: 2 Finished: 63
[2026-03-12 13:31:58.734] [info] cycle: [2080000]
[2026-03-12 13:31:58.734] [info] Core [3] Tile Stats | Issued: 65 Running: 2 Finished: 63
[2026-03-12 13:31:58.734] [info] cycle: [2080000]
[2026-03-12 13:31:58.734] [info] [ICNT] Core->ICNT request 908GB/Sec,227072
[2026-03-12 13:31:58.734] [info] [ICNT] Core<-ICNT request 481GB/Sec,120256
[2026-03-12 13:31:58.734] [info] [ICNT] ICNT->MEM request 0GB/Sec,0
[2026-03-12 13:31:58.734] [info] [ICNT] ICNT<-MEM request 0GB/Sec,0
[2026-03-12 13:31:59.475] [info] Core [0] Tile Stats | Issued: 65 Running: 2 Finished: 63
[2026-03-12 13:31:59.475] [info] cycle: [2088000]
[2026-03-12 13:31:59.475] [info] Core [1] Tile Stats | Issued: 67 Running: 2 Finished: 65
[2026-03-12 13:31:59.475] [info] cycle: [2088000]
[2026-03-12 13:31:59.475] [info] Core [2] Tile Stats | Issued: 65 Running: 2 Finished: 63
[2026-03-12 13:31:59.475] [info] cycle: [2088000]
[2026-03-12 13:31:59.475] [info] Core [3] Tile Stats | Issued: 65 Running: 2 Finished: 63
[2026-03-12 13:31:59.475] [info] cycle: [2088000]
[2026-03-12 13:31:59.475] [info] [ICNT] Core->ICNT request 1161GB/Sec,290392
[2026-03-12 13:31:59.475] [info] [ICNT] Core<-ICNT request 359GB/Sec,89920
[2026-03-12 13:31:59.475] [info] [ICNT] ICNT->MEM request 0GB/Sec,0
[2026-03-12 13:31:59.475] [info] [ICNT] ICNT<-MEM request 0GB/Sec,0
[2026-03-12 13:32:00.232] [info] Core [0] Tile Stats | Issued: 65 Running: 2 Finished: 63
[2026-03-12 13:32:00.232] [info] cycle: [2096000]
[2026-03-12 13:32:00.232] [info] Core [1] Tile Stats | Issued: 67 Running: 2 Finished: 65
[2026-03-12 13:32:00.232] [info] cycle: [2096000]
[2026-03-12 13:32:00.232] [info] Core [2] Tile Stats | Issued: 65 Running: 2 Finished: 63
[2026-03-12 13:32:00.232] [info] cycle: [2096000]
[2026-03-12 13:32:00.232] [info] Core [3] Tile Stats | Issued: 66 Running: 2 Finished: 64
[2026-03-12 13:32:00.232] [info] cycle: [2096000]
[2026-03-12 13:32:00.232] [info] [ICNT] Core->ICNT request 69GB/Sec,17256
[2026-03-12 13:32:00.232] [info] [ICNT] Core<-ICNT request 380GB/Sec,95181
[2026-03-12 13:32:00.232] [info] [ICNT] ICNT->MEM request 0GB/Sec,0
[2026-03-12 13:32:00.232] [info] [ICNT] ICNT<-MEM request 0GB/Sec,0
[2026-03-12 13:32:00.902] [info] Core [0] Tile Stats | Issued: 65 Running: 2 Finished: 63
[2026-03-12 13:32:00.902] [info] cycle: [2104000]
[2026-03-12 13:32:00.902] [info] Core [1] Tile Stats | Issued: 67 Running: 2 Finished: 65
[2026-03-12 13:32:00.902] [info] cycle: [2104000]
[2026-03-12 13:32:00.902] [info] Core [2] Tile Stats | Issued: 65 Running: 2 Finished: 63
[2026-03-12 13:32:00.902] [info] cycle: [2104000]
[2026-03-12 13:32:00.902] [info] Core [3] Tile Stats | Issued: 66 Running: 2 Finished: 64
[2026-03-12 13:32:00.902] [info] cycle: [2104000]
[2026-03-12 13:32:00.902] [info] [ICNT] Core->ICNT request 512GB/Sec,128000
[2026-03-12 13:32:00.902] [info] [ICNT] Core<-ICNT request 385GB/Sec,96254
[2026-03-12 13:32:00.902] [info] [ICNT] ICNT->MEM request 0GB/Sec,0
[2026-03-12 13:32:00.902] [info] [ICNT] ICNT<-MEM request 0GB/Sec,0
[2026-03-12 13:32:01.597] [info] Core [0] Tile Stats | Issued: 65 Running: 2 Finished: 63
[2026-03-12 13:32:01.597] [info] cycle: [2112000]
[2026-03-12 13:32:01.597] [info] Core [1] Tile Stats | Issued: 67 Running: 2 Finished: 65
[2026-03-12 13:32:01.597] [info] cycle: [2112000]
[2026-03-12 13:32:01.597] [info] Core [2] Tile Stats | Issued: 65 Running: 2 Finished: 63
[2026-03-12 13:32:01.597] [info] cycle: [2112000]
[2026-03-12 13:32:01.597] [info] Core [3] Tile Stats | Issued: 66 Running: 2 Finished: 64
[2026-03-12 13:32:01.597] [info] cycle: [2112000]
[2026-03-12 13:32:01.597] [info] [ICNT] Core->ICNT request 133GB/Sec,33320
[2026-03-12 13:32:01.597] [info] [ICNT] Core<-ICNT request 365GB/Sec,91370
[2026-03-12 13:32:01.597] [info] [ICNT] ICNT->MEM request 0GB/Sec,0
[2026-03-12 13:32:01.597] [info] [ICNT] ICNT<-MEM request 0GB/Sec,0
[2026-03-12 13:32:02.295] [info] Core [0] Tile Stats | Issued: 65 Running: 2 Finished: 63
[2026-03-12 13:32:02.295] [info] cycle: [2120000]
[2026-03-12 13:32:02.295] [info] Core [1] Tile Stats | Issued: 67 Running: 2 Finished: 65
[2026-03-12 13:32:02.295] [info] cycle: [2120000]
[2026-03-12 13:32:02.295] [info] Core [2] Tile Stats | Issued: 65 Running: 2 Finished: 63
[2026-03-12 13:32:02.295] [info] cycle: [2120000]
[2026-03-12 13:32:02.295] [info] Core [3] Tile Stats | Issued: 66 Running: 2 Finished: 64
[2026-03-12 13:32:02.295] [info] cycle: [2120000]
[2026-03-12 13:32:02.295] [info] [ICNT] Core->ICNT request 0GB/Sec,0
[2026-03-12 13:32:02.295] [info] [ICNT] Core<-ICNT request 411GB/Sec,102857
[2026-03-12 13:32:02.295] [info] [ICNT] ICNT->MEM request 0GB/Sec,0
[2026-03-12 13:32:02.295] [info] [ICNT] ICNT<-MEM request 0GB/Sec,0
[2026-03-12 13:32:03.007] [info] Core [0] Tile Stats | Issued: 65 Running: 2 Finished: 63
[2026-03-12 13:32:03.007] [info] cycle: [2128000]
[2026-03-12 13:32:03.007] [info] Core [1] Tile Stats | Issued: 67 Running: 2 Finished: 65
[2026-03-12 13:32:03.007] [info] cycle: [2128000]
[2026-03-12 13:32:03.007] [info] Core [2] Tile Stats | Issued: 65 Running: 2 Finished: 63
[2026-03-12 13:32:03.007] [info] cycle: [2128000]
[2026-03-12 13:32:03.007] [info] Core [3] Tile Stats | Issued: 66 Running: 2 Finished: 64
[2026-03-12 13:32:03.007] [info] cycle: [2128000]
[2026-03-12 13:32:03.007] [info] [ICNT] Core->ICNT request 0GB/Sec,0
[2026-03-12 13:32:03.007] [info] [ICNT] Core<-ICNT request 373GB/Sec,93288
[2026-03-12 13:32:03.007] [info] [ICNT] ICNT->MEM request 0GB/Sec,0
[2026-03-12 13:32:03.007] [info] [ICNT] ICNT<-MEM request 0GB/Sec,0
[2026-03-12 13:32:03.690] [info] Core [0] Tile Stats | Issued: 65 Running: 2 Finished: 63
[2026-03-12 13:32:03.690] [info] cycle: [2136000]
[2026-03-12 13:32:03.690] [info] Core [1] Tile Stats | Issued: 67 Running: 2 Finished: 65
[2026-03-12 13:32:03.690] [info] cycle: [2136000]
[2026-03-12 13:32:03.690] [info] Core [2] Tile Stats | Issued: 65 Running: 2 Finished: 63
[2026-03-12 13:32:03.690] [info] cycle: [2136000]
[2026-03-12 13:32:03.690] [info] Core [3] Tile Stats | Issued: 66 Running: 2 Finished: 64
[2026-03-12 13:32:03.690] [info] cycle: [2136000]
[2026-03-12 13:32:03.690] [info] [ICNT] Core->ICNT request 19GB/Sec,4800
[2026-03-12 13:32:03.690] [info] [ICNT] Core<-ICNT request 375GB/Sec,93850
[2026-03-12 13:32:03.690] [info] [ICNT] ICNT->MEM request 0GB/Sec,0
[2026-03-12 13:32:03.690] [info] [ICNT] ICNT<-MEM request 0GB/Sec,0
[2026-03-12 13:32:04.416] [info] Core [0] Tile Stats | Issued: 66 Running: 2 Finished: 64
[2026-03-12 13:32:04.416] [info] cycle: [2144000]
[2026-03-12 13:32:04.416] [info] Core [1] Tile Stats | Issued: 68 Running: 2 Finished: 66
[2026-03-12 13:32:04.416] [info] cycle: [2144000]
[2026-03-12 13:32:04.416] [info] Core [2] Tile Stats | Issued: 66 Running: 2 Finished: 64
[2026-03-12 13:32:04.416] [info] cycle: [2144000]
[2026-03-12 13:32:04.416] [info] Core [3] Tile Stats | Issued: 66 Running: 2 Finished: 64
[2026-03-12 13:32:04.416] [info] cycle: [2144000]
[2026-03-12 13:32:04.416] [info] [ICNT] Core->ICNT request 1208GB/Sec,302056
[2026-03-12 13:32:04.416] [info] [ICNT] Core<-ICNT request 447GB/Sec,111999
[2026-03-12 13:32:04.416] [info] [ICNT] ICNT->MEM request 0GB/Sec,0
[2026-03-12 13:32:04.416] [info] [ICNT] ICNT<-MEM request 0GB/Sec,0
[2026-03-12 13:32:05.117] [info] Core [0] Tile Stats | Issued: 66 Running: 2 Finished: 64
[2026-03-12 13:32:05.117] [info] cycle: [2152000]
[2026-03-12 13:32:05.117] [info] Core [1] Tile Stats | Issued: 68 Running: 2 Finished: 66
[2026-03-12 13:32:05.117] [info] cycle: [2152000]
[2026-03-12 13:32:05.117] [info] Core [2] Tile Stats | Issued: 66 Running: 2 Finished: 64
[2026-03-12 13:32:05.117] [info] cycle: [2152000]
[2026-03-12 13:32:05.117] [info] Core [3] Tile Stats | Issued: 66 Running: 2 Finished: 64
[2026-03-12 13:32:05.117] [info] cycle: [2152000]
[2026-03-12 13:32:05.117] [info] [ICNT] Core->ICNT request 913GB/Sec,228344
[2026-03-12 13:32:05.117] [info] [ICNT] Core<-ICNT request 365GB/Sec,91334
[2026-03-12 13:32:05.117] [info] [ICNT] ICNT->MEM request 0GB/Sec,0
[2026-03-12 13:32:05.117] [info] [ICNT] ICNT<-MEM request 0GB/Sec,0
[2026-03-12 13:32:05.831] [info] Core [0] Tile Stats | Issued: 66 Running: 2 Finished: 64
[2026-03-12 13:32:05.831] [info] cycle: [2160000]
[2026-03-12 13:32:05.831] [info] Core [1] Tile Stats | Issued: 68 Running: 2 Finished: 66
[2026-03-12 13:32:05.831] [info] cycle: [2160000]
[2026-03-12 13:32:05.831] [info] Core [2] Tile Stats | Issued: 66 Running: 2 Finished: 64
[2026-03-12 13:32:05.831] [info] cycle: [2160000]
[2026-03-12 13:32:05.831] [info] Core [3] Tile Stats | Issued: 67 Running: 2 Finished: 65
[2026-03-12 13:32:05.831] [info] cycle: [2160000]
[2026-03-12 13:32:05.831] [info] [ICNT] Core->ICNT request 267GB/Sec,66792
[2026-03-12 13:32:05.831] [info] [ICNT] Core<-ICNT request 327GB/Sec,81801
[2026-03-12 13:32:05.831] [info] [ICNT] ICNT->MEM request 0GB/Sec,0
[2026-03-12 13:32:05.831] [info] [ICNT] ICNT<-MEM request 0GB/Sec,0
[2026-03-12 13:32:06.556] [info] Core [0] Tile Stats | Issued: 66 Running: 2 Finished: 64
[2026-03-12 13:32:06.556] [info] cycle: [2168000]
[2026-03-12 13:32:06.556] [info] Core [1] Tile Stats | Issued: 68 Running: 2 Finished: 66
[2026-03-12 13:32:06.556] [info] cycle: [2168000]
[2026-03-12 13:32:06.556] [info] Core [2] Tile Stats | Issued: 66 Running: 2 Finished: 64
[2026-03-12 13:32:06.556] [info] cycle: [2168000]
[2026-03-12 13:32:06.556] [info] Core [3] Tile Stats | Issued: 67 Running: 2 Finished: 65
[2026-03-12 13:32:06.556] [info] cycle: [2168000]
[2026-03-12 13:32:06.556] [info] [ICNT] Core->ICNT request 437GB/Sec,109496
[2026-03-12 13:32:06.556] [info] [ICNT] Core<-ICNT request 378GB/Sec,94515
[2026-03-12 13:32:06.556] [info] [ICNT] ICNT->MEM request 0GB/Sec,0
[2026-03-12 13:32:06.556] [info] [ICNT] ICNT<-MEM request 0GB/Sec,0
[2026-03-12 13:32:07.236] [info] Core [0] Tile Stats | Issued: 66 Running: 2 Finished: 64
[2026-03-12 13:32:07.236] [info] cycle: [2176000]
[2026-03-12 13:32:07.236] [info] Core [1] Tile Stats | Issued: 68 Running: 2 Finished: 66
[2026-03-12 13:32:07.236] [info] cycle: [2176000]
[2026-03-12 13:32:07.236] [info] Core [2] Tile Stats | Issued: 66 Running: 2 Finished: 64
[2026-03-12 13:32:07.236] [info] cycle: [2176000]
[2026-03-12 13:32:07.236] [info] Core [3] Tile Stats | Issued: 67 Running: 2 Finished: 65
[2026-03-12 13:32:07.236] [info] cycle: [2176000]
[2026-03-12 13:32:07.236] [info] [ICNT] Core->ICNT request 0GB/Sec,0
[2026-03-12 13:32:07.236] [info] [ICNT] Core<-ICNT request 312GB/Sec,78041
[2026-03-12 13:32:07.236] [info] [ICNT] ICNT->MEM request 0GB/Sec,0
[2026-03-12 13:32:07.236] [info] [ICNT] ICNT<-MEM request 0GB/Sec,0
[2026-03-12 13:32:07.935] [info] Core [0] Tile Stats | Issued: 66 Running: 2 Finished: 64
[2026-03-12 13:32:07.935] [info] cycle: [2184000]
[2026-03-12 13:32:07.935] [info] Core [1] Tile Stats | Issued: 68 Running: 2 Finished: 66
[2026-03-12 13:32:07.935] [info] cycle: [2184000]
[2026-03-12 13:32:07.935] [info] Core [2] Tile Stats | Issued: 67 Running: 2 Finished: 65
[2026-03-12 13:32:07.935] [info] cycle: [2184000]
[2026-03-12 13:32:07.935] [info] Core [3] Tile Stats | Issued: 67 Running: 2 Finished: 65
[2026-03-12 13:32:07.935] [info] cycle: [2184000]
[2026-03-12 13:32:07.935] [info] [ICNT] Core->ICNT request 239GB/Sec,59768
[2026-03-12 13:32:07.935] [info] [ICNT] Core<-ICNT request 382GB/Sec,95583
[2026-03-12 13:32:07.935] [info] [ICNT] ICNT->MEM request 0GB/Sec,0
[2026-03-12 13:32:07.935] [info] [ICNT] ICNT<-MEM request 0GB/Sec,0
[2026-03-12 13:32:08.617] [info] Core [0] Tile Stats | Issued: 66 Running: 2 Finished: 64
[2026-03-12 13:32:08.617] [info] cycle: [2192000]
[2026-03-12 13:32:08.617] [info] Core [1] Tile Stats | Issued: 68 Running: 2 Finished: 66
[2026-03-12 13:32:08.617] [info] cycle: [2192000]
[2026-03-12 13:32:08.617] [info] Core [2] Tile Stats | Issued: 67 Running: 2 Finished: 65
[2026-03-12 13:32:08.617] [info] cycle: [2192000]
[2026-03-12 13:32:08.617] [info] Core [3] Tile Stats | Issued: 67 Running: 2 Finished: 65
[2026-03-12 13:32:08.617] [info] cycle: [2192000]
[2026-03-12 13:32:08.617] [info] [ICNT] Core->ICNT request 466GB/Sec,116520
[2026-03-12 13:32:08.617] [info] [ICNT] Core<-ICNT request 306GB/Sec,76734
[2026-03-12 13:32:08.617] [info] [ICNT] ICNT->MEM request 0GB/Sec,0
[2026-03-12 13:32:08.617] [info] [ICNT] ICNT<-MEM request 0GB/Sec,0
[2026-03-12 13:32:09.327] [info] Core [0] Tile Stats | Issued: 66 Running: 2 Finished: 64
[2026-03-12 13:32:09.327] [info] cycle: [2200000]
[2026-03-12 13:32:09.327] [info] Core [1] Tile Stats | Issued: 68 Running: 2 Finished: 66
[2026-03-12 13:32:09.327] [info] cycle: [2200000]
[2026-03-12 13:32:09.327] [info] Core [2] Tile Stats | Issued: 67 Running: 2 Finished: 65
[2026-03-12 13:32:09.327] [info] cycle: [2200000]
[2026-03-12 13:32:09.327] [info] Core [3] Tile Stats | Issued: 67 Running: 2 Finished: 65
[2026-03-12 13:32:09.327] [info] cycle: [2200000]
[2026-03-12 13:32:09.327] [info] [ICNT] Core->ICNT request 0GB/Sec,0
[2026-03-12 13:32:09.327] [info] [ICNT] Core<-ICNT request 347GB/Sec,86983
[2026-03-12 13:32:09.327] [info] [ICNT] ICNT->MEM request 0GB/Sec,0
[2026-03-12 13:32:09.327] [info] [ICNT] ICNT<-MEM request 0GB/Sec,0
[2026-03-12 13:32:10.086] [info] Core [0] Tile Stats | Issued: 67 Running: 2 Finished: 65
[2026-03-12 13:32:10.086] [info] cycle: [2208000]
[2026-03-12 13:32:10.086] [info] Core [1] Tile Stats | Issued: 69 Running: 2 Finished: 67
[2026-03-12 13:32:10.086] [info] cycle: [2208000]
[2026-03-12 13:32:10.086] [info] Core [2] Tile Stats | Issued: 67 Running: 2 Finished: 65
[2026-03-12 13:32:10.086] [info] cycle: [2208000]
[2026-03-12 13:32:10.086] [info] Core [3] Tile Stats | Issued: 67 Running: 2 Finished: 65
[2026-03-12 13:32:10.086] [info] cycle: [2208000]
[2026-03-12 13:32:10.086] [info] [ICNT] Core->ICNT request 176GB/Sec,44064
[2026-03-12 13:32:10.086] [info] [ICNT] Core<-ICNT request 408GB/Sec,102128
[2026-03-12 13:32:10.086] [info] [ICNT] ICNT->MEM request 0GB/Sec,0
[2026-03-12 13:32:10.086] [info] [ICNT] ICNT<-MEM request 0GB/Sec,0
[2026-03-12 13:32:10.774] [info] Core [0] Tile Stats | Issued: 67 Running: 2 Finished: 65
[2026-03-12 13:32:10.774] [info] cycle: [2216000]
[2026-03-12 13:32:10.774] [info] Core [1] Tile Stats | Issued: 69 Running: 2 Finished: 67
[2026-03-12 13:32:10.774] [info] cycle: [2216000]
[2026-03-12 13:32:10.774] [info] Core [2] Tile Stats | Issued: 67 Running: 2 Finished: 65
[2026-03-12 13:32:10.774] [info] cycle: [2216000]
[2026-03-12 13:32:10.774] [info] Core [3] Tile Stats | Issued: 67 Running: 2 Finished: 65
[2026-03-12 13:32:10.774] [info] cycle: [2216000]
[2026-03-12 13:32:10.774] [info] [ICNT] Core->ICNT request 1024GB/Sec,256000
[2026-03-12 13:32:10.774] [info] [ICNT] Core<-ICNT request 325GB/Sec,81390
[2026-03-12 13:32:10.774] [info] [ICNT] ICNT->MEM request 0GB/Sec,0
[2026-03-12 13:32:10.774] [info] [ICNT] ICNT<-MEM request 0GB/Sec,0
[2026-03-12 13:32:11.495] [info] Core [0] Tile Stats | Issued: 67 Running: 2 Finished: 65
[2026-03-12 13:32:11.495] [info] cycle: [2224000]
[2026-03-12 13:32:11.495] [info] Core [1] Tile Stats | Issued: 69 Running: 2 Finished: 67
[2026-03-12 13:32:11.495] [info] cycle: [2224000]
[2026-03-12 13:32:11.495] [info] Core [2] Tile Stats | Issued: 67 Running: 2 Finished: 65
[2026-03-12 13:32:11.495] [info] cycle: [2224000]
[2026-03-12 13:32:11.495] [info] Core [3] Tile Stats | Issued: 68 Running: 2 Finished: 66
[2026-03-12 13:32:11.495] [info] cycle: [2224000]
[2026-03-12 13:32:11.495] [info] [ICNT] Core->ICNT request 648GB/Sec,162104
[2026-03-12 13:32:11.495] [info] [ICNT] Core<-ICNT request 363GB/Sec,90892
[2026-03-12 13:32:11.495] [info] [ICNT] ICNT->MEM request 0GB/Sec,0
[2026-03-12 13:32:11.495] [info] [ICNT] ICNT<-MEM request 0GB/Sec,0
[2026-03-12 13:32:12.199] [info] Core [0] Tile Stats | Issued: 67 Running: 2 Finished: 65
[2026-03-12 13:32:12.199] [info] cycle: [2232000]
[2026-03-12 13:32:12.199] [info] Core [1] Tile Stats | Issued: 69 Running: 2 Finished: 67
[2026-03-12 13:32:12.199] [info] cycle: [2232000]
[2026-03-12 13:32:12.199] [info] Core [2] Tile Stats | Issued: 67 Running: 2 Finished: 65
[2026-03-12 13:32:12.199] [info] cycle: [2232000]
[2026-03-12 13:32:12.199] [info] Core [3] Tile Stats | Issued: 68 Running: 2 Finished: 66
[2026-03-12 13:32:12.199] [info] cycle: [2232000]
[2026-03-12 13:32:12.199] [info] [ICNT] Core->ICNT request 292GB/Sec,73032
[2026-03-12 13:32:12.199] [info] [ICNT] Core<-ICNT request 337GB/Sec,84295
[2026-03-12 13:32:12.199] [info] [ICNT] ICNT->MEM request 0GB/Sec,0
[2026-03-12 13:32:12.199] [info] [ICNT] ICNT<-MEM request 0GB/Sec,0
[2026-03-12 13:32:12.902] [info] Core [0] Tile Stats | Issued: 67 Running: 2 Finished: 65
[2026-03-12 13:32:12.902] [info] cycle: [2240000]
[2026-03-12 13:32:12.902] [info] Core [1] Tile Stats | Issued: 69 Running: 2 Finished: 67
[2026-03-12 13:32:12.902] [info] cycle: [2240000]
[2026-03-12 13:32:12.902] [info] Core [2] Tile Stats | Issued: 67 Running: 2 Finished: 65
[2026-03-12 13:32:12.902] [info] cycle: [2240000]
[2026-03-12 13:32:12.902] [info] Core [3] Tile Stats | Issued: 68 Running: 2 Finished: 66
[2026-03-12 13:32:12.902] [info] cycle: [2240000]
[2026-03-12 13:32:12.902] [info] [ICNT] Core->ICNT request 0GB/Sec,0
[2026-03-12 13:32:12.902] [info] [ICNT] Core<-ICNT request 333GB/Sec,83395
[2026-03-12 13:32:12.902] [info] [ICNT] ICNT->MEM request 0GB/Sec,0
[2026-03-12 13:32:12.902] [info] [ICNT] ICNT<-MEM request 0GB/Sec,0
[2026-03-12 13:32:13.684] [info] Core [0] Tile Stats | Issued: 67 Running: 2 Finished: 65
[2026-03-12 13:32:13.684] [info] cycle: [2248000]
[2026-03-12 13:32:13.684] [info] Core [1] Tile Stats | Issued: 69 Running: 2 Finished: 67
[2026-03-12 13:32:13.684] [info] cycle: [2248000]
[2026-03-12 13:32:13.684] [info] Core [2] Tile Stats | Issued: 67 Running: 2 Finished: 65
[2026-03-12 13:32:13.684] [info] cycle: [2248000]
[2026-03-12 13:32:13.684] [info] Core [3] Tile Stats | Issued: 68 Running: 2 Finished: 66
[2026-03-12 13:32:13.684] [info] cycle: [2248000]
[2026-03-12 13:32:13.684] [info] [ICNT] Core->ICNT request 0GB/Sec,0
[2026-03-12 13:32:13.684] [info] [ICNT] Core<-ICNT request 398GB/Sec,99731
[2026-03-12 13:32:13.684] [info] [ICNT] ICNT->MEM request 0GB/Sec,0
[2026-03-12 13:32:13.684] [info] [ICNT] ICNT<-MEM request 0GB/Sec,0
[2026-03-12 13:32:14.451] [info] Core [0] Tile Stats | Issued: 67 Running: 2 Finished: 65
[2026-03-12 13:32:14.451] [info] cycle: [2256000]
[2026-03-12 13:32:14.451] [info] Core [1] Tile Stats | Issued: 69 Running: 2 Finished: 67
[2026-03-12 13:32:14.451] [info] cycle: [2256000]
[2026-03-12 13:32:14.451] [info] Core [2] Tile Stats | Issued: 67 Running: 2 Finished: 65
[2026-03-12 13:32:14.451] [info] cycle: [2256000]
[2026-03-12 13:32:14.451] [info] Core [3] Tile Stats | Issued: 68 Running: 2 Finished: 66
[2026-03-12 13:32:14.451] [info] cycle: [2256000]
[2026-03-12 13:32:14.451] [info] [ICNT] Core->ICNT request 0GB/Sec,0
[2026-03-12 13:32:14.451] [info] [ICNT] Core<-ICNT request 406GB/Sec,101548
[2026-03-12 13:32:14.451] [info] [ICNT] ICNT->MEM request 0GB/Sec,0
[2026-03-12 13:32:14.451] [info] [ICNT] ICNT<-MEM request 0GB/Sec,0
[2026-03-12 13:32:15.201] [info] Core [0] Tile Stats | Issued: 67 Running: 2 Finished: 65
[2026-03-12 13:32:15.201] [info] cycle: [2264000]
[2026-03-12 13:32:15.201] [info] Core [1] Tile Stats | Issued: 69 Running: 2 Finished: 67
[2026-03-12 13:32:15.201] [info] cycle: [2264000]
[2026-03-12 13:32:15.201] [info] Core [2] Tile Stats | Issued: 67 Running: 2 Finished: 65
[2026-03-12 13:32:15.201] [info] cycle: [2264000]
[2026-03-12 13:32:15.201] [info] Core [3] Tile Stats | Issued: 68 Running: 2 Finished: 66
[2026-03-12 13:32:15.201] [info] cycle: [2264000]
[2026-03-12 13:32:15.201] [info] [ICNT] Core->ICNT request 0GB/Sec,0
[2026-03-12 13:32:15.201] [info] [ICNT] Core<-ICNT request 314GB/Sec,78729
[2026-03-12 13:32:15.201] [info] [ICNT] ICNT->MEM request 0GB/Sec,0
[2026-03-12 13:32:15.201] [info] [ICNT] ICNT<-MEM request 0GB/Sec,0
[2026-03-12 13:32:16.121] [info] Core [0] Tile Stats | Issued: 67 Running: 2 Finished: 65
[2026-03-12 13:32:16.121] [info] cycle: [2272000]
[2026-03-12 13:32:16.121] [info] Core [1] Tile Stats | Issued: 69 Running: 2 Finished: 67
[2026-03-12 13:32:16.121] [info] cycle: [2272000]
[2026-03-12 13:32:16.121] [info] Core [2] Tile Stats | Issued: 67 Running: 2 Finished: 65
[2026-03-12 13:32:16.121] [info] cycle: [2272000]
[2026-03-12 13:32:16.121] [info] Core [3] Tile Stats | Issued: 68 Running: 2 Finished: 66
[2026-03-12 13:32:16.121] [info] cycle: [2272000]
[2026-03-12 13:32:16.121] [info] [ICNT] Core->ICNT request 19GB/Sec,4800
[2026-03-12 13:32:16.121] [info] [ICNT] Core<-ICNT request 416GB/Sec,104113
[2026-03-12 13:32:16.121] [info] [ICNT] ICNT->MEM request 0GB/Sec,0
[2026-03-12 13:32:16.121] [info] [ICNT] ICNT<-MEM request 0GB/Sec,0
[2026-03-12 13:32:17.061] [info] Core [0] Tile Stats | Issued: 68 Running: 2 Finished: 66
[2026-03-12 13:32:17.061] [info] cycle: [2280000]
[2026-03-12 13:32:17.061] [info] Core [1] Tile Stats | Issued: 70 Running: 2 Finished: 68
[2026-03-12 13:32:17.061] [info] cycle: [2280000]
[2026-03-12 13:32:17.061] [info] Core [2] Tile Stats | Issued: 68 Running: 2 Finished: 66
[2026-03-12 13:32:17.061] [info] cycle: [2280000]
[2026-03-12 13:32:17.061] [info] Core [3] Tile Stats | Issued: 68 Running: 2 Finished: 66
[2026-03-12 13:32:17.061] [info] cycle: [2280000]
[2026-03-12 13:32:17.061] [info] [ICNT] Core->ICNT request 1125GB/Sec,281336
[2026-03-12 13:32:17.061] [info] [ICNT] Core<-ICNT request 416GB/Sec,104085
[2026-03-12 13:32:17.061] [info] [ICNT] ICNT->MEM request 0GB/Sec,0
[2026-03-12 13:32:17.061] [info] [ICNT] ICNT<-MEM request 0GB/Sec,0
[2026-03-12 13:32:17.808] [info] Core [0] Tile Stats | Issued: 68 Running: 2 Finished: 66
[2026-03-12 13:32:17.808] [info] cycle: [2288000]
[2026-03-12 13:32:17.808] [info] Core [1] Tile Stats | Issued: 70 Running: 2 Finished: 68
[2026-03-12 13:32:17.808] [info] cycle: [2288000]
[2026-03-12 13:32:17.808] [info] Core [2] Tile Stats | Issued: 68 Running: 2 Finished: 66
[2026-03-12 13:32:17.808] [info] cycle: [2288000]
[2026-03-12 13:32:17.808] [info] Core [3] Tile Stats | Issued: 69 Running: 2 Finished: 67
[2026-03-12 13:32:17.808] [info] cycle: [2288000]
[2026-03-12 13:32:17.808] [info] [ICNT] Core->ICNT request 1182GB/Sec,295616
[2026-03-12 13:32:17.808] [info] [ICNT] Core<-ICNT request 391GB/Sec,97964
[2026-03-12 13:32:17.808] [info] [ICNT] ICNT->MEM request 0GB/Sec,0
[2026-03-12 13:32:17.808] [info] [ICNT] ICNT<-MEM request 0GB/Sec,0
[2026-03-12 13:32:18.512] [info] Core [0] Tile Stats | Issued: 68 Running: 2 Finished: 66
[2026-03-12 13:32:18.512] [info] cycle: [2296000]
[2026-03-12 13:32:18.512] [info] Core [1] Tile Stats | Issued: 70 Running: 2 Finished: 68
[2026-03-12 13:32:18.512] [info] cycle: [2296000]
[2026-03-12 13:32:18.512] [info] Core [2] Tile Stats | Issued: 68 Running: 2 Finished: 66
[2026-03-12 13:32:18.512] [info] cycle: [2296000]
[2026-03-12 13:32:18.512] [info] Core [3] Tile Stats | Issued: 69 Running: 2 Finished: 67
[2026-03-12 13:32:18.512] [info] cycle: [2296000]
[2026-03-12 13:32:18.512] [info] [ICNT] Core->ICNT request 512GB/Sec,128000
[2026-03-12 13:32:18.512] [info] [ICNT] Core<-ICNT request 346GB/Sec,86691
[2026-03-12 13:32:18.512] [info] [ICNT] ICNT->MEM request 0GB/Sec,0
[2026-03-12 13:32:18.512] [info] [ICNT] ICNT<-MEM request 0GB/Sec,0
[2026-03-12 13:32:19.258] [info] Core [0] Tile Stats | Issued: 68 Running: 2 Finished: 66
[2026-03-12 13:32:19.258] [info] cycle: [2304000]
[2026-03-12 13:32:19.258] [info] Core [1] Tile Stats | Issued: 70 Running: 2 Finished: 68
[2026-03-12 13:32:19.258] [info] cycle: [2304000]
[2026-03-12 13:32:19.258] [info] Core [2] Tile Stats | Issued: 69 Running: 2 Finished: 67
[2026-03-12 13:32:19.258] [info] cycle: [2304000]
[2026-03-12 13:32:19.258] [info] Core [3] Tile Stats | Issued: 69 Running: 2 Finished: 67
[2026-03-12 13:32:19.258] [info] cycle: [2304000]
[2026-03-12 13:32:19.258] [info] [ICNT] Core->ICNT request 338GB/Sec,84736
[2026-03-12 13:32:19.258] [info] [ICNT] Core<-ICNT request 406GB/Sec,101744
[2026-03-12 13:32:19.258] [info] [ICNT] ICNT->MEM request 0GB/Sec,0
[2026-03-12 13:32:19.258] [info] [ICNT] ICNT<-MEM request 0GB/Sec,0
[2026-03-12 13:32:19.980] [info] Core [0] Tile Stats | Issued: 68 Running: 2 Finished: 66
[2026-03-12 13:32:19.980] [info] cycle: [2312000]
[2026-03-12 13:32:19.980] [info] Core [1] Tile Stats | Issued: 70 Running: 2 Finished: 68
[2026-03-12 13:32:19.980] [info] cycle: [2312000]
[2026-03-12 13:32:19.980] [info] Core [2] Tile Stats | Issued: 69 Running: 2 Finished: 67
[2026-03-12 13:32:19.980] [info] cycle: [2312000]
[2026-03-12 13:32:19.980] [info] Core [3] Tile Stats | Issued: 69 Running: 2 Finished: 67
[2026-03-12 13:32:19.980] [info] cycle: [2312000]
[2026-03-12 13:32:19.980] [info] [ICNT] Core->ICNT request 373GB/Sec,93288
[2026-03-12 13:32:19.980] [info] [ICNT] Core<-ICNT request 336GB/Sec,84050
[2026-03-12 13:32:19.980] [info] [ICNT] ICNT->MEM request 0GB/Sec,0
[2026-03-12 13:32:19.980] [info] [ICNT] ICNT<-MEM request 0GB/Sec,0
[2026-03-12 13:32:20.716] [info] Core [0] Tile Stats | Issued: 68 Running: 2 Finished: 66
[2026-03-12 13:32:20.716] [info] cycle: [2320000]
[2026-03-12 13:32:20.716] [info] Core [1] Tile Stats | Issued: 70 Running: 2 Finished: 68
[2026-03-12 13:32:20.716] [info] cycle: [2320000]
[2026-03-12 13:32:20.716] [info] Core [2] Tile Stats | Issued: 69 Running: 2 Finished: 67
[2026-03-12 13:32:20.716] [info] cycle: [2320000]
[2026-03-12 13:32:20.716] [info] Core [3] Tile Stats | Issued: 69 Running: 2 Finished: 67
[2026-03-12 13:32:20.716] [info] cycle: [2320000]
[2026-03-12 13:32:20.716] [info] [ICNT] Core->ICNT request 0GB/Sec,0
[2026-03-12 13:32:20.716] [info] [ICNT] Core<-ICNT request 358GB/Sec,89694
[2026-03-12 13:32:20.716] [info] [ICNT] ICNT->MEM request 0GB/Sec,0
[2026-03-12 13:32:20.716] [info] [ICNT] ICNT<-MEM request 0GB/Sec,0
[2026-03-12 13:32:21.422] [info] Core [0] Tile Stats | Issued: 68 Running: 2 Finished: 66
[2026-03-12 13:32:21.422] [info] cycle: [2328000]
[2026-03-12 13:32:21.422] [info] Core [1] Tile Stats | Issued: 70 Running: 2 Finished: 68
[2026-03-12 13:32:21.422] [info] cycle: [2328000]
[2026-03-12 13:32:21.422] [info] Core [2] Tile Stats | Issued: 69 Running: 2 Finished: 67
[2026-03-12 13:32:21.422] [info] cycle: [2328000]
[2026-03-12 13:32:21.422] [info] Core [3] Tile Stats | Issued: 69 Running: 2 Finished: 67
[2026-03-12 13:32:21.422] [info] cycle: [2328000]
[2026-03-12 13:32:21.422] [info] [ICNT] Core->ICNT request 0GB/Sec,0
[2026-03-12 13:32:21.422] [info] [ICNT] Core<-ICNT request 353GB/Sec,88382
[2026-03-12 13:32:21.422] [info] [ICNT] ICNT->MEM request 0GB/Sec,0
[2026-03-12 13:32:21.422] [info] [ICNT] ICNT<-MEM request 0GB/Sec,0
[2026-03-12 13:32:22.165] [info] Core [0] Tile Stats | Issued: 69 Running: 2 Finished: 67
[2026-03-12 13:32:22.165] [info] cycle: [2336000]
[2026-03-12 13:32:22.165] [info] Core [1] Tile Stats | Issued: 71 Running: 2 Finished: 69
[2026-03-12 13:32:22.165] [info] cycle: [2336000]
[2026-03-12 13:32:22.165] [info] Core [2] Tile Stats | Issued: 69 Running: 2 Finished: 67
[2026-03-12 13:32:22.165] [info] cycle: [2336000]
[2026-03-12 13:32:22.165] [info] Core [3] Tile Stats | Issued: 69 Running: 2 Finished: 67
[2026-03-12 13:32:22.165] [info] cycle: [2336000]
[2026-03-12 13:32:22.165] [info] [ICNT] Core->ICNT request 216GB/Sec,54144
[2026-03-12 13:32:22.165] [info] [ICNT] Core<-ICNT request 385GB/Sec,96280
[2026-03-12 13:32:22.165] [info] [ICNT] ICNT->MEM request 0GB/Sec,0
[2026-03-12 13:32:22.165] [info] [ICNT] ICNT<-MEM request 0GB/Sec,0
[2026-03-12 13:32:22.932] [info] Core [0] Tile Stats | Issued: 69 Running: 2 Finished: 67
[2026-03-12 13:32:22.933] [info] cycle: [2344000]
[2026-03-12 13:32:22.933] [info] Core [1] Tile Stats | Issued: 71 Running: 2 Finished: 69
[2026-03-12 13:32:22.933] [info] cycle: [2344000]
[2026-03-12 13:32:22.933] [info] Core [2] Tile Stats | Issued: 69 Running: 2 Finished: 67
[2026-03-12 13:32:22.933] [info] cycle: [2344000]
[2026-03-12 13:32:22.933] [info] Core [3] Tile Stats | Issued: 69 Running: 2 Finished: 67
[2026-03-12 13:32:22.933] [info] cycle: [2344000]
[2026-03-12 13:32:22.933] [info] [ICNT] Core->ICNT request 1024GB/Sec,256000
[2026-03-12 13:32:22.933] [info] [ICNT] Core<-ICNT request 331GB/Sec,82759
[2026-03-12 13:32:22.933] [info] [ICNT] ICNT->MEM request 0GB/Sec,0
[2026-03-12 13:32:22.933] [info] [ICNT] ICNT<-MEM request 0GB/Sec,0
[2026-03-12 13:32:23.749] [info] Core [0] Tile Stats | Issued: 69 Running: 2 Finished: 67
[2026-03-12 13:32:23.749] [info] cycle: [2352000]
[2026-03-12 13:32:23.749] [info] Core [1] Tile Stats | Issued: 71 Running: 2 Finished: 69
[2026-03-12 13:32:23.749] [info] cycle: [2352000]
[2026-03-12 13:32:23.749] [info] Core [2] Tile Stats | Issued: 69 Running: 2 Finished: 67
[2026-03-12 13:32:23.749] [info] cycle: [2352000]
[2026-03-12 13:32:23.749] [info] Core [3] Tile Stats | Issued: 70 Running: 2 Finished: 68
[2026-03-12 13:32:23.749] [info] cycle: [2352000]
[2026-03-12 13:32:23.749] [info] [ICNT] Core->ICNT request 680GB/Sec,170008
[2026-03-12 13:32:23.749] [info] [ICNT] Core<-ICNT request 372GB/Sec,93018
[2026-03-12 13:32:23.749] [info] [ICNT] ICNT->MEM request 0GB/Sec,0
[2026-03-12 13:32:23.749] [info] [ICNT] ICNT<-MEM request 0GB/Sec,0
[2026-03-12 13:32:24.450] [info] Core [0] Tile Stats | Issued: 69 Running: 2 Finished: 67
[2026-03-12 13:32:24.450] [info] cycle: [2360000]
[2026-03-12 13:32:24.450] [info] Core [1] Tile Stats | Issued: 71 Running: 2 Finished: 69
[2026-03-12 13:32:24.450] [info] cycle: [2360000]
[2026-03-12 13:32:24.450] [info] Core [2] Tile Stats | Issued: 69 Running: 2 Finished: 67
[2026-03-12 13:32:24.450] [info] cycle: [2360000]
[2026-03-12 13:32:24.450] [info] Core [3] Tile Stats | Issued: 70 Running: 2 Finished: 68
[2026-03-12 13:32:24.450] [info] cycle: [2360000]
[2026-03-12 13:32:24.450] [info] [ICNT] Core->ICNT request 220GB/Sec,55048
[2026-03-12 13:32:24.450] [info] [ICNT] Core<-ICNT request 346GB/Sec,86749
[2026-03-12 13:32:24.450] [info] [ICNT] ICNT->MEM request 0GB/Sec,0
[2026-03-12 13:32:24.450] [info] [ICNT] ICNT<-MEM request 0GB/Sec,0
[2026-03-12 13:32:25.175] [info] Core [0] Tile Stats | Issued: 69 Running: 2 Finished: 67
[2026-03-12 13:32:25.175] [info] cycle: [2368000]
[2026-03-12 13:32:25.175] [info] Core [1] Tile Stats | Issued: 71 Running: 2 Finished: 69
[2026-03-12 13:32:25.175] [info] cycle: [2368000]
[2026-03-12 13:32:25.175] [info] Core [2] Tile Stats | Issued: 69 Running: 2 Finished: 67
[2026-03-12 13:32:25.176] [info] cycle: [2368000]
[2026-03-12 13:32:25.176] [info] Core [3] Tile Stats | Issued: 70 Running: 2 Finished: 68
[2026-03-12 13:32:25.176] [info] cycle: [2368000]
[2026-03-12 13:32:25.176] [info] [ICNT] Core->ICNT request 0GB/Sec,0
[2026-03-12 13:32:25.176] [info] [ICNT] Core<-ICNT request 343GB/Sec,85781
[2026-03-12 13:32:25.176] [info] [ICNT] ICNT->MEM request 0GB/Sec,0
[2026-03-12 13:32:25.176] [info] [ICNT] ICNT<-MEM request 0GB/Sec,0
[2026-03-12 13:32:25.916] [info] Core [0] Tile Stats | Issued: 69 Running: 2 Finished: 67
[2026-03-12 13:32:25.916] [info] cycle: [2376000]
[2026-03-12 13:32:25.916] [info] Core [1] Tile Stats | Issued: 71 Running: 2 Finished: 69
[2026-03-12 13:32:25.916] [info] cycle: [2376000]
[2026-03-12 13:32:25.916] [info] Core [2] Tile Stats | Issued: 69 Running: 2 Finished: 67
[2026-03-12 13:32:25.916] [info] cycle: [2376000]
[2026-03-12 13:32:25.916] [info] Core [3] Tile Stats | Issued: 70 Running: 2 Finished: 68
[2026-03-12 13:32:25.916] [info] cycle: [2376000]
[2026-03-12 13:32:25.916] [info] [ICNT] Core->ICNT request 0GB/Sec,0
[2026-03-12 13:32:25.916] [info] [ICNT] Core<-ICNT request 380GB/Sec,95191
[2026-03-12 13:32:25.916] [info] [ICNT] ICNT->MEM request 0GB/Sec,0
[2026-03-12 13:32:25.916] [info] [ICNT] ICNT<-MEM request 0GB/Sec,0
[2026-03-12 13:32:26.645] [info] Core [0] Tile Stats | Issued: 69 Running: 2 Finished: 67
[2026-03-12 13:32:26.645] [info] cycle: [2384000]
[2026-03-12 13:32:26.645] [info] Core [1] Tile Stats | Issued: 71 Running: 2 Finished: 69
[2026-03-12 13:32:26.645] [info] cycle: [2384000]
[2026-03-12 13:32:26.645] [info] Core [2] Tile Stats | Issued: 69 Running: 2 Finished: 67
[2026-03-12 13:32:26.645] [info] cycle: [2384000]
[2026-03-12 13:32:26.645] [info] Core [3] Tile Stats | Issued: 70 Running: 2 Finished: 68
[2026-03-12 13:32:26.645] [info] cycle: [2384000]
[2026-03-12 13:32:26.645] [info] [ICNT] Core->ICNT request 0GB/Sec,0
[2026-03-12 13:32:26.645] [info] [ICNT] Core<-ICNT request 371GB/Sec,92945
[2026-03-12 13:32:26.645] [info] [ICNT] ICNT->MEM request 0GB/Sec,0
[2026-03-12 13:32:26.645] [info] [ICNT] ICNT<-MEM request 0GB/Sec,0
[2026-03-12 13:32:27.379] [info] Core [0] Tile Stats | Issued: 69 Running: 2 Finished: 67
[2026-03-12 13:32:27.379] [info] cycle: [2392000]
[2026-03-12 13:32:27.379] [info] Core [1] Tile Stats | Issued: 71 Running: 2 Finished: 69
[2026-03-12 13:32:27.379] [info] cycle: [2392000]
[2026-03-12 13:32:27.379] [info] Core [2] Tile Stats | Issued: 69 Running: 2 Finished: 67
[2026-03-12 13:32:27.379] [info] cycle: [2392000]
[2026-03-12 13:32:27.379] [info] Core [3] Tile Stats | Issued: 70 Running: 2 Finished: 68
[2026-03-12 13:32:27.379] [info] cycle: [2392000]
[2026-03-12 13:32:27.379] [info] [ICNT] Core->ICNT request 0GB/Sec,0
[2026-03-12 13:32:27.379] [info] [ICNT] Core<-ICNT request 346GB/Sec,86692
[2026-03-12 13:32:27.379] [info] [ICNT] ICNT->MEM request 0GB/Sec,0
[2026-03-12 13:32:27.379] [info] [ICNT] ICNT<-MEM request 0GB/Sec,0
[2026-03-12 13:32:28.022] [info] HBM2-CH_0: BW utilization 57% (541644 reads, 9598 writes)
[2026-03-12 13:32:28.113] [info] Core [0] Tile Stats | Issued: 69 Running: 2 Finished: 67
[2026-03-12 13:32:28.113] [info] cycle: [2400000]
[2026-03-12 13:32:28.113] [info] Core [1] Tile Stats | Issued: 71 Running: 2 Finished: 69
[2026-03-12 13:32:28.113] [info] cycle: [2400000]
[2026-03-12 13:32:28.113] [info] Core [2] Tile Stats | Issued: 70 Running: 2 Finished: 68
[2026-03-12 13:32:28.113] [info] cycle: [2400000]
[2026-03-12 13:32:28.113] [info] Core [3] Tile Stats | Issued: 70 Running: 2 Finished: 68
[2026-03-12 13:32:28.113] [info] cycle: [2400000]
[2026-03-12 13:32:28.113] [info] [ICNT] Core->ICNT request 303GB/Sec,75800
[2026-03-12 13:32:28.113] [info] [ICNT] Core<-ICNT request 365GB/Sec,91278
[2026-03-12 13:32:28.113] [info] [ICNT] ICNT->MEM request 0GB/Sec,0
[2026-03-12 13:32:28.113] [info] [ICNT] ICNT<-MEM request 0GB/Sec,0
[2026-03-12 13:32:28.860] [info] Core [0] Tile Stats | Issued: 70 Running: 2 Finished: 68
[2026-03-12 13:32:28.860] [info] cycle: [2408000]
[2026-03-12 13:32:28.860] [info] Core [1] Tile Stats | Issued: 72 Running: 2 Finished: 70
[2026-03-12 13:32:28.860] [info] cycle: [2408000]
[2026-03-12 13:32:28.860] [info] Core [2] Tile Stats | Issued: 70 Running: 2 Finished: 68
[2026-03-12 13:32:28.860] [info] cycle: [2408000]
[2026-03-12 13:32:28.860] [info] Core [3] Tile Stats | Issued: 70 Running: 2 Finished: 68
[2026-03-12 13:32:28.860] [info] cycle: [2408000]
[2026-03-12 13:32:28.860] [info] [ICNT] Core->ICNT request 1065GB/Sec,266312
[2026-03-12 13:32:28.860] [info] [ICNT] Core<-ICNT request 382GB/Sec,95702
[2026-03-12 13:32:28.860] [info] [ICNT] ICNT->MEM request 0GB/Sec,0
[2026-03-12 13:32:28.860] [info] [ICNT] ICNT<-MEM request 0GB/Sec,0
[2026-03-12 13:32:29.610] [info] Core [0] Tile Stats | Issued: 70 Running: 2 Finished: 68
[2026-03-12 13:32:29.610] [info] cycle: [2416000]
[2026-03-12 13:32:29.610] [info] Core [1] Tile Stats | Issued: 72 Running: 2 Finished: 70
[2026-03-12 13:32:29.610] [info] cycle: [2416000]
[2026-03-12 13:32:29.610] [info] Core [2] Tile Stats | Issued: 70 Running: 2 Finished: 68
[2026-03-12 13:32:29.610] [info] cycle: [2416000]
[2026-03-12 13:32:29.610] [info] Core [3] Tile Stats | Issued: 71 Running: 2 Finished: 69
[2026-03-12 13:32:29.610] [info] cycle: [2416000]
[2026-03-12 13:32:29.610] [info] [ICNT] Core->ICNT request 1047GB/Sec,261992
[2026-03-12 13:32:29.610] [info] [ICNT] Core<-ICNT request 357GB/Sec,89462
[2026-03-12 13:32:29.610] [info] [ICNT] ICNT->MEM request 0GB/Sec,0
[2026-03-12 13:32:29.610] [info] [ICNT] ICNT<-MEM request 0GB/Sec,0
[2026-03-12 13:32:30.318] [info] Core [0] Tile Stats | Issued: 70 Running: 2 Finished: 68
[2026-03-12 13:32:30.318] [info] cycle: [2424000]
[2026-03-12 13:32:30.318] [info] Core [1] Tile Stats | Issued: 72 Running: 2 Finished: 70
[2026-03-12 13:32:30.318] [info] cycle: [2424000]
[2026-03-12 13:32:30.318] [info] Core [2] Tile Stats | Issued: 70 Running: 2 Finished: 68
[2026-03-12 13:32:30.318] [info] cycle: [2424000]
[2026-03-12 13:32:30.318] [info] Core [3] Tile Stats | Issued: 71 Running: 2 Finished: 69
[2026-03-12 13:32:30.318] [info] cycle: [2424000]
[2026-03-12 13:32:30.318] [info] [ICNT] Core->ICNT request 429GB/Sec,107384
[2026-03-12 13:32:30.318] [info] [ICNT] Core<-ICNT request 374GB/Sec,93746
[2026-03-12 13:32:30.318] [info] [ICNT] ICNT->MEM request 0GB/Sec,0
[2026-03-12 13:32:30.318] [info] [ICNT] ICNT<-MEM request 0GB/Sec,0
[2026-03-12 13:32:31.040] [info] Core [0] Tile Stats | Issued: 70 Running: 2 Finished: 68
[2026-03-12 13:32:31.040] [info] cycle: [2432000]
[2026-03-12 13:32:31.040] [info] Core [1] Tile Stats | Issued: 72 Running: 2 Finished: 70
[2026-03-12 13:32:31.040] [info] cycle: [2432000]
[2026-03-12 13:32:31.040] [info] Core [2] Tile Stats | Issued: 71 Running: 2 Finished: 69
[2026-03-12 13:32:31.040] [info] cycle: [2432000]
[2026-03-12 13:32:31.040] [info] Core [3] Tile Stats | Issued: 71 Running: 2 Finished: 69
[2026-03-12 13:32:31.040] [info] cycle: [2432000]
[2026-03-12 13:32:31.040] [info] [ICNT] Core->ICNT request 489GB/Sec,122392
[2026-03-12 13:32:31.040] [info] [ICNT] Core<-ICNT request 403GB/Sec,100912
[2026-03-12 13:32:31.040] [info] [ICNT] ICNT->MEM request 0GB/Sec,0
[2026-03-12 13:32:31.040] [info] [ICNT] ICNT<-MEM request 0GB/Sec,0
[2026-03-12 13:32:31.755] [info] Core [0] Tile Stats | Issued: 70 Running: 2 Finished: 68
[2026-03-12 13:32:31.755] [info] cycle: [2440000]
[2026-03-12 13:32:31.755] [info] Core [1] Tile Stats | Issued: 72 Running: 2 Finished: 70
[2026-03-12 13:32:31.755] [info] cycle: [2440000]
[2026-03-12 13:32:31.755] [info] Core [2] Tile Stats | Issued: 71 Running: 2 Finished: 69
[2026-03-12 13:32:31.755] [info] cycle: [2440000]
[2026-03-12 13:32:31.755] [info] Core [3] Tile Stats | Issued: 71 Running: 2 Finished: 69
[2026-03-12 13:32:31.755] [info] cycle: [2440000]
[2026-03-12 13:32:31.755] [info] [ICNT] Core->ICNT request 215GB/Sec,53896
[2026-03-12 13:32:31.755] [info] [ICNT] Core<-ICNT request 361GB/Sec,90329
[2026-03-12 13:32:31.755] [info] [ICNT] ICNT->MEM request 0GB/Sec,0
[2026-03-12 13:32:31.755] [info] [ICNT] ICNT<-MEM request 0GB/Sec,0
[2026-03-12 13:32:32.459] [info] Core [0] Tile Stats | Issued: 70 Running: 2 Finished: 68
[2026-03-12 13:32:32.459] [info] cycle: [2448000]
[2026-03-12 13:32:32.459] [info] Core [1] Tile Stats | Issued: 72 Running: 2 Finished: 70
[2026-03-12 13:32:32.459] [info] cycle: [2448000]
[2026-03-12 13:32:32.459] [info] Core [2] Tile Stats | Issued: 71 Running: 2 Finished: 69
[2026-03-12 13:32:32.459] [info] cycle: [2448000]
[2026-03-12 13:32:32.459] [info] Core [3] Tile Stats | Issued: 71 Running: 2 Finished: 69
[2026-03-12 13:32:32.459] [info] cycle: [2448000]
[2026-03-12 13:32:32.459] [info] [ICNT] Core->ICNT request 0GB/Sec,0
[2026-03-12 13:32:32.459] [info] [ICNT] Core<-ICNT request 337GB/Sec,84454
[2026-03-12 13:32:32.459] [info] [ICNT] ICNT->MEM request 0GB/Sec,0
[2026-03-12 13:32:32.459] [info] [ICNT] ICNT<-MEM request 0GB/Sec,0
[2026-03-12 13:32:33.193] [info] Core [0] Tile Stats | Issued: 70 Running: 2 Finished: 68
[2026-03-12 13:32:33.193] [info] cycle: [2456000]
[2026-03-12 13:32:33.193] [info] Core [1] Tile Stats | Issued: 72 Running: 2 Finished: 70
[2026-03-12 13:32:33.193] [info] cycle: [2456000]
[2026-03-12 13:32:33.193] [info] Core [2] Tile Stats | Issued: 71 Running: 2 Finished: 69
[2026-03-12 13:32:33.193] [info] cycle: [2456000]
[2026-03-12 13:32:33.193] [info] Core [3] Tile Stats | Issued: 71 Running: 2 Finished: 69
[2026-03-12 13:32:33.193] [info] cycle: [2456000]
[2026-03-12 13:32:33.193] [info] [ICNT] Core->ICNT request 0GB/Sec,0
[2026-03-12 13:32:33.193] [info] [ICNT] Core<-ICNT request 374GB/Sec,93576
[2026-03-12 13:32:33.193] [info] [ICNT] ICNT->MEM request 0GB/Sec,0
[2026-03-12 13:32:33.193] [info] [ICNT] ICNT<-MEM request 0GB/Sec,0
[2026-03-12 13:32:33.936] [info] Core [0] Tile Stats | Issued: 71 Running: 2 Finished: 69
[2026-03-12 13:32:33.936] [info] cycle: [2464000]
[2026-03-12 13:32:33.936] [info] Core [1] Tile Stats | Issued: 73 Running: 2 Finished: 71
[2026-03-12 13:32:33.936] [info] cycle: [2464000]
[2026-03-12 13:32:33.936] [info] Core [2] Tile Stats | Issued: 71 Running: 2 Finished: 69
[2026-03-12 13:32:33.936] [info] cycle: [2464000]
[2026-03-12 13:32:33.936] [info] Core [3] Tile Stats | Issued: 71 Running: 2 Finished: 69
[2026-03-12 13:32:33.936] [info] cycle: [2464000]
[2026-03-12 13:32:33.936] [info] [ICNT] Core->ICNT request 201GB/Sec,50432
[2026-03-12 13:32:33.936] [info] [ICNT] Core<-ICNT request 411GB/Sec,102906
[2026-03-12 13:32:33.936] [info] [ICNT] ICNT->MEM request 0GB/Sec,0
[2026-03-12 13:32:33.936] [info] [ICNT] ICNT<-MEM request 0GB/Sec,0
[2026-03-12 13:32:34.651] [info] Core [0] Tile Stats | Issued: 71 Running: 2 Finished: 69
[2026-03-12 13:32:34.651] [info] cycle: [2472000]
[2026-03-12 13:32:34.651] [info] Core [1] Tile Stats | Issued: 73 Running: 2 Finished: 71
[2026-03-12 13:32:34.651] [info] cycle: [2472000]
[2026-03-12 13:32:34.651] [info] Core [2] Tile Stats | Issued: 71 Running: 2 Finished: 69
[2026-03-12 13:32:34.651] [info] cycle: [2472000]
[2026-03-12 13:32:34.651] [info] Core [3] Tile Stats | Issued: 71 Running: 2 Finished: 69
[2026-03-12 13:32:34.651] [info] cycle: [2472000]
[2026-03-12 13:32:34.651] [info] [ICNT] Core->ICNT request 1024GB/Sec,256000
[2026-03-12 13:32:34.651] [info] [ICNT] Core<-ICNT request 367GB/Sec,91945
[2026-03-12 13:32:34.651] [info] [ICNT] ICNT->MEM request 0GB/Sec,0
[2026-03-12 13:32:34.651] [info] [ICNT] ICNT<-MEM request 0GB/Sec,0
[2026-03-12 13:32:35.393] [info] Core [0] Tile Stats | Issued: 71 Running: 2 Finished: 69
[2026-03-12 13:32:35.393] [info] cycle: [2480000]
[2026-03-12 13:32:35.393] [info] Core [1] Tile Stats | Issued: 73 Running: 2 Finished: 71
[2026-03-12 13:32:35.393] [info] cycle: [2480000]
[2026-03-12 13:32:35.393] [info] Core [2] Tile Stats | Issued: 71 Running: 2 Finished: 69
[2026-03-12 13:32:35.393] [info] cycle: [2480000]
[2026-03-12 13:32:35.393] [info] Core [3] Tile Stats | Issued: 72 Running: 2 Finished: 70
[2026-03-12 13:32:35.393] [info] cycle: [2480000]
[2026-03-12 13:32:35.393] [info] [ICNT] Core->ICNT request 714GB/Sec,178568
[2026-03-12 13:32:35.393] [info] [ICNT] Core<-ICNT request 331GB/Sec,82842
[2026-03-12 13:32:35.393] [info] [ICNT] ICNT->MEM request 0GB/Sec,0
[2026-03-12 13:32:35.393] [info] [ICNT] ICNT<-MEM request 0GB/Sec,0
[2026-03-12 13:32:36.108] [info] Core [0] Tile Stats | Issued: 71 Running: 2 Finished: 69
[2026-03-12 13:32:36.108] [info] cycle: [2488000]
[2026-03-12 13:32:36.108] [info] Core [1] Tile Stats | Issued: 73 Running: 2 Finished: 71
[2026-03-12 13:32:36.108] [info] cycle: [2488000]
[2026-03-12 13:32:36.108] [info] Core [2] Tile Stats | Issued: 71 Running: 2 Finished: 69
[2026-03-12 13:32:36.108] [info] cycle: [2488000]
[2026-03-12 13:32:36.108] [info] Core [3] Tile Stats | Issued: 72 Running: 2 Finished: 70
[2026-03-12 13:32:36.108] [info] cycle: [2488000]
[2026-03-12 13:32:36.108] [info] [ICNT] Core->ICNT request 200GB/Sec,50200
[2026-03-12 13:32:36.108] [info] [ICNT] Core<-ICNT request 381GB/Sec,95407
[2026-03-12 13:32:36.108] [info] [ICNT] ICNT->MEM request 0GB/Sec,0
[2026-03-12 13:32:36.108] [info] [ICNT] ICNT<-MEM request 0GB/Sec,0
[2026-03-12 13:32:36.838] [info] Core [0] Tile Stats | Issued: 71 Running: 2 Finished: 69
[2026-03-12 13:32:36.838] [info] cycle: [2496000]
[2026-03-12 13:32:36.838] [info] Core [1] Tile Stats | Issued: 73 Running: 2 Finished: 71
[2026-03-12 13:32:36.838] [info] cycle: [2496000]
[2026-03-12 13:32:36.838] [info] Core [2] Tile Stats | Issued: 72 Running: 2 Finished: 70
[2026-03-12 13:32:36.838] [info] cycle: [2496000]
[2026-03-12 13:32:36.838] [info] Core [3] Tile Stats | Issued: 72 Running: 2 Finished: 70
[2026-03-12 13:32:36.838] [info] cycle: [2496000]
[2026-03-12 13:32:36.838] [info] [ICNT] Core->ICNT request 100GB/Sec,25144
[2026-03-12 13:32:36.838] [info] [ICNT] Core<-ICNT request 354GB/Sec,88738
[2026-03-12 13:32:36.838] [info] [ICNT] ICNT->MEM request 0GB/Sec,0
[2026-03-12 13:32:36.838] [info] [ICNT] ICNT<-MEM request 0GB/Sec,0
[2026-03-12 13:32:37.564] [info] Core [0] Tile Stats | Issued: 71 Running: 2 Finished: 69
[2026-03-12 13:32:37.564] [info] cycle: [2504000]
[2026-03-12 13:32:37.564] [info] Core [1] Tile Stats | Issued: 73 Running: 2 Finished: 71
[2026-03-12 13:32:37.564] [info] cycle: [2504000]
[2026-03-12 13:32:37.564] [info] Core [2] Tile Stats | Issued: 72 Running: 2 Finished: 70
[2026-03-12 13:32:37.564] [info] cycle: [2504000]
[2026-03-12 13:32:37.564] [info] Core [3] Tile Stats | Issued: 72 Running: 2 Finished: 70
[2026-03-12 13:32:37.564] [info] cycle: [2504000]
[2026-03-12 13:32:37.564] [info] [ICNT] Core->ICNT request 512GB/Sec,128000
[2026-03-12 13:32:37.564] [info] [ICNT] Core<-ICNT request 379GB/Sec,94807
[2026-03-12 13:32:37.564] [info] [ICNT] ICNT->MEM request 0GB/Sec,0
[2026-03-12 13:32:37.564] [info] [ICNT] ICNT<-MEM request 0GB/Sec,0
[2026-03-12 13:32:38.249] [info] Core [0] Tile Stats | Issued: 71 Running: 2 Finished: 69
[2026-03-12 13:32:38.249] [info] cycle: [2512000]
[2026-03-12 13:32:38.249] [info] Core [1] Tile Stats | Issued: 73 Running: 2 Finished: 71
[2026-03-12 13:32:38.249] [info] cycle: [2512000]
[2026-03-12 13:32:38.249] [info] Core [2] Tile Stats | Issued: 72 Running: 2 Finished: 70
[2026-03-12 13:32:38.249] [info] cycle: [2512000]
[2026-03-12 13:32:38.249] [info] Core [3] Tile Stats | Issued: 72 Running: 2 Finished: 70
[2026-03-12 13:32:38.249] [info] cycle: [2512000]
[2026-03-12 13:32:38.249] [info] [ICNT] Core->ICNT request 92GB/Sec,23144
[2026-03-12 13:32:38.249] [info] [ICNT] Core<-ICNT request 315GB/Sec,78799
[2026-03-12 13:32:38.249] [info] [ICNT] ICNT->MEM request 0GB/Sec,0
[2026-03-12 13:32:38.249] [info] [ICNT] ICNT<-MEM request 0GB/Sec,0
[2026-03-12 13:32:38.990] [info] Core [0] Tile Stats | Issued: 71 Running: 2 Finished: 69
[2026-03-12 13:32:38.990] [info] cycle: [2520000]
[2026-03-12 13:32:38.990] [info] Core [1] Tile Stats | Issued: 73 Running: 2 Finished: 71
[2026-03-12 13:32:38.990] [info] cycle: [2520000]
[2026-03-12 13:32:38.990] [info] Core [2] Tile Stats | Issued: 72 Running: 2 Finished: 70
[2026-03-12 13:32:38.990] [info] cycle: [2520000]
[2026-03-12 13:32:38.990] [info] Core [3] Tile Stats | Issued: 72 Running: 2 Finished: 70
[2026-03-12 13:32:38.990] [info] cycle: [2520000]
[2026-03-12 13:32:38.990] [info] [ICNT] Core->ICNT request 0GB/Sec,0
[2026-03-12 13:32:38.990] [info] [ICNT] Core<-ICNT request 368GB/Sec,92057
[2026-03-12 13:32:38.990] [info] [ICNT] ICNT->MEM request 0GB/Sec,0
[2026-03-12 13:32:38.990] [info] [ICNT] ICNT<-MEM request 0GB/Sec,0
[2026-03-12 13:32:39.675] [info] Core [0] Tile Stats | Issued: 71 Running: 2 Finished: 69
[2026-03-12 13:32:39.675] [info] cycle: [2528000]
[2026-03-12 13:32:39.675] [info] Core [1] Tile Stats | Issued: 73 Running: 2 Finished: 71
[2026-03-12 13:32:39.675] [info] cycle: [2528000]
[2026-03-12 13:32:39.675] [info] Core [2] Tile Stats | Issued: 72 Running: 2 Finished: 70
[2026-03-12 13:32:39.675] [info] cycle: [2528000]
[2026-03-12 13:32:39.675] [info] Core [3] Tile Stats | Issued: 72 Running: 2 Finished: 70
[2026-03-12 13:32:39.675] [info] cycle: [2528000]
[2026-03-12 13:32:39.675] [info] [ICNT] Core->ICNT request 0GB/Sec,0
[2026-03-12 13:32:39.675] [info] [ICNT] Core<-ICNT request 331GB/Sec,82821
[2026-03-12 13:32:39.675] [info] [ICNT] ICNT->MEM request 0GB/Sec,0
[2026-03-12 13:32:39.675] [info] [ICNT] ICNT<-MEM request 0GB/Sec,0
[2026-03-12 13:32:40.421] [info] Core [0] Tile Stats | Issued: 72 Running: 2 Finished: 70
[2026-03-12 13:32:40.421] [info] cycle: [2536000]
[2026-03-12 13:32:40.421] [info] Core [1] Tile Stats | Issued: 74 Running: 2 Finished: 72
[2026-03-12 13:32:40.421] [info] cycle: [2536000]
[2026-03-12 13:32:40.421] [info] Core [2] Tile Stats | Issued: 72 Running: 2 Finished: 70
[2026-03-12 13:32:40.421] [info] cycle: [2536000]
[2026-03-12 13:32:40.421] [info] Core [3] Tile Stats | Issued: 72 Running: 2 Finished: 70
[2026-03-12 13:32:40.421] [info] cycle: [2536000]
[2026-03-12 13:32:40.421] [info] [ICNT] Core->ICNT request 76GB/Sec,19248
[2026-03-12 13:32:40.421] [info] [ICNT] Core<-ICNT request 363GB/Sec,90971
[2026-03-12 13:32:40.421] [info] [ICNT] ICNT->MEM request 0GB/Sec,0
[2026-03-12 13:32:40.421] [info] [ICNT] ICNT<-MEM request 0GB/Sec,0
[2026-03-12 13:32:41.145] [info] Core [0] Tile Stats | Issued: 72 Running: 2 Finished: 70
[2026-03-12 13:32:41.145] [info] cycle: [2544000]
[2026-03-12 13:32:41.145] [info] Core [1] Tile Stats | Issued: 74 Running: 2 Finished: 72
[2026-03-12 13:32:41.145] [info] cycle: [2544000]
[2026-03-12 13:32:41.145] [info] Core [2] Tile Stats | Issued: 72 Running: 2 Finished: 70
[2026-03-12 13:32:41.145] [info] cycle: [2544000]
[2026-03-12 13:32:41.145] [info] Core [3] Tile Stats | Issued: 73 Running: 2 Finished: 71
[2026-03-12 13:32:41.145] [info] cycle: [2544000]
[2026-03-12 13:32:41.145] [info] [ICNT] Core->ICNT request 1104GB/Sec,276072
[2026-03-12 13:32:41.145] [info] [ICNT] Core<-ICNT request 363GB/Sec,90751
[2026-03-12 13:32:41.145] [info] [ICNT] ICNT->MEM request 0GB/Sec,0
[2026-03-12 13:32:41.145] [info] [ICNT] ICNT<-MEM request 0GB/Sec,0
[2026-03-12 13:32:41.923] [info] Core [0] Tile Stats | Issued: 72 Running: 2 Finished: 70
[2026-03-12 13:32:41.923] [info] cycle: [2552000]
[2026-03-12 13:32:41.923] [info] Core [1] Tile Stats | Issued: 74 Running: 2 Finished: 72
[2026-03-12 13:32:41.923] [info] cycle: [2552000]
[2026-03-12 13:32:41.923] [info] Core [2] Tile Stats | Issued: 73 Running: 2 Finished: 71
[2026-03-12 13:32:41.923] [info] cycle: [2552000]
[2026-03-12 13:32:41.923] [info] Core [3] Tile Stats | Issued: 73 Running: 2 Finished: 71
[2026-03-12 13:32:41.923] [info] cycle: [2552000]
[2026-03-12 13:32:41.923] [info] [ICNT] Core->ICNT request 964GB/Sec,241080
[2026-03-12 13:32:41.923] [info] [ICNT] Core<-ICNT request 411GB/Sec,102915
[2026-03-12 13:32:41.923] [info] [ICNT] ICNT->MEM request 0GB/Sec,0
[2026-03-12 13:32:41.923] [info] [ICNT] ICNT<-MEM request 0GB/Sec,0
[2026-03-12 13:32:42.673] [info] Core [0] Tile Stats | Issued: 72 Running: 2 Finished: 70
[2026-03-12 13:32:42.673] [info] cycle: [2560000]
[2026-03-12 13:32:42.673] [info] Core [1] Tile Stats | Issued: 74 Running: 2 Finished: 72
[2026-03-12 13:32:42.673] [info] cycle: [2560000]
[2026-03-12 13:32:42.673] [info] Core [2] Tile Stats | Issued: 73 Running: 2 Finished: 71
[2026-03-12 13:32:42.673] [info] cycle: [2560000]
[2026-03-12 13:32:42.673] [info] Core [3] Tile Stats | Issued: 73 Running: 2 Finished: 71
[2026-03-12 13:32:42.673] [info] cycle: [2560000]
[2026-03-12 13:32:42.673] [info] [ICNT] Core->ICNT request 624GB/Sec,156216
[2026-03-12 13:32:42.673] [info] [ICNT] Core<-ICNT request 414GB/Sec,103731
[2026-03-12 13:32:42.673] [info] [ICNT] ICNT->MEM request 0GB/Sec,0
[2026-03-12 13:32:42.673] [info] [ICNT] ICNT<-MEM request 0GB/Sec,0
[2026-03-12 13:32:43.403] [info] Core [0] Tile Stats | Issued: 72 Running: 2 Finished: 70
[2026-03-12 13:32:43.403] [info] cycle: [2568000]
[2026-03-12 13:32:43.403] [info] Core [1] Tile Stats | Issued: 74 Running: 2 Finished: 72
[2026-03-12 13:32:43.403] [info] cycle: [2568000]
[2026-03-12 13:32:43.403] [info] Core [2] Tile Stats | Issued: 73 Running: 2 Finished: 71
[2026-03-12 13:32:43.403] [info] cycle: [2568000]
[2026-03-12 13:32:43.403] [info] Core [3] Tile Stats | Issued: 73 Running: 2 Finished: 71
[2026-03-12 13:32:43.403] [info] cycle: [2568000]
[2026-03-12 13:32:43.403] [info] [ICNT] Core->ICNT request 75GB/Sec,18872
[2026-03-12 13:32:43.403] [info] [ICNT] Core<-ICNT request 339GB/Sec,84903
[2026-03-12 13:32:43.403] [info] [ICNT] ICNT->MEM request 0GB/Sec,0
[2026-03-12 13:32:43.403] [info] [ICNT] ICNT<-MEM request 0GB/Sec,0
[2026-03-12 13:32:44.142] [info] Core [0] Tile Stats | Issued: 72 Running: 2 Finished: 70
[2026-03-12 13:32:44.142] [info] cycle: [2576000]
[2026-03-12 13:32:44.142] [info] Core [1] Tile Stats | Issued: 74 Running: 2 Finished: 72
[2026-03-12 13:32:44.142] [info] cycle: [2576000]
[2026-03-12 13:32:44.142] [info] Core [2] Tile Stats | Issued: 73 Running: 2 Finished: 71
[2026-03-12 13:32:44.142] [info] cycle: [2576000]
[2026-03-12 13:32:44.142] [info] Core [3] Tile Stats | Issued: 73 Running: 2 Finished: 71
[2026-03-12 13:32:44.142] [info] cycle: [2576000]
[2026-03-12 13:32:44.142] [info] [ICNT] Core->ICNT request 0GB/Sec,0
[2026-03-12 13:32:44.142] [info] [ICNT] Core<-ICNT request 375GB/Sec,93950
[2026-03-12 13:32:44.142] [info] [ICNT] ICNT->MEM request 0GB/Sec,0
[2026-03-12 13:32:44.142] [info] [ICNT] ICNT<-MEM request 0GB/Sec,0
[2026-03-12 13:32:44.852] [info] Core [0] Tile Stats | Issued: 72 Running: 2 Finished: 70
[2026-03-12 13:32:44.852] [info] cycle: [2584000]
[2026-03-12 13:32:44.852] [info] Core [1] Tile Stats | Issued: 74 Running: 2 Finished: 72
[2026-03-12 13:32:44.852] [info] cycle: [2584000]
[2026-03-12 13:32:44.852] [info] Core [2] Tile Stats | Issued: 73 Running: 2 Finished: 71
[2026-03-12 13:32:44.852] [info] cycle: [2584000]
[2026-03-12 13:32:44.852] [info] Core [3] Tile Stats | Issued: 73 Running: 2 Finished: 71
[2026-03-12 13:32:44.852] [info] cycle: [2584000]
[2026-03-12 13:32:44.852] [info] [ICNT] Core->ICNT request 0GB/Sec,0
[2026-03-12 13:32:44.852] [info] [ICNT] Core<-ICNT request 335GB/Sec,83913
[2026-03-12 13:32:44.852] [info] [ICNT] ICNT->MEM request 0GB/Sec,0
[2026-03-12 13:32:44.852] [info] [ICNT] ICNT<-MEM request 0GB/Sec,0
[2026-03-12 13:32:45.675] [info] Core [0] Tile Stats | Issued: 73 Running: 2 Finished: 71
[2026-03-12 13:32:45.675] [info] cycle: [2592000]
[2026-03-12 13:32:45.675] [info] Core [1] Tile Stats | Issued: 75 Running: 2 Finished: 73
[2026-03-12 13:32:45.675] [info] cycle: [2592000]
[2026-03-12 13:32:45.675] [info] Core [2] Tile Stats | Issued: 73 Running: 2 Finished: 71
[2026-03-12 13:32:45.675] [info] cycle: [2592000]
[2026-03-12 13:32:45.675] [info] Core [3] Tile Stats | Issued: 73 Running: 2 Finished: 71
[2026-03-12 13:32:45.675] [info] cycle: [2592000]
[2026-03-12 13:32:45.675] [info] [ICNT] Core->ICNT request 182GB/Sec,45728
[2026-03-12 13:32:45.675] [info] [ICNT] Core<-ICNT request 399GB/Sec,99824
[2026-03-12 13:32:45.675] [info] [ICNT] ICNT->MEM request 0GB/Sec,0
[2026-03-12 13:32:45.675] [info] [ICNT] ICNT<-MEM request 0GB/Sec,0
[2026-03-12 13:32:46.448] [info] Core [0] Tile Stats | Issued: 73 Running: 2 Finished: 71
[2026-03-12 13:32:46.448] [info] cycle: [2600000]
[2026-03-12 13:32:46.448] [info] Core [1] Tile Stats | Issued: 75 Running: 2 Finished: 73
[2026-03-12 13:32:46.448] [info] cycle: [2600000]
[2026-03-12 13:32:46.448] [info] Core [2] Tile Stats | Issued: 73 Running: 2 Finished: 71
[2026-03-12 13:32:46.448] [info] cycle: [2600000]
[2026-03-12 13:32:46.448] [info] Core [3] Tile Stats | Issued: 73 Running: 2 Finished: 71
[2026-03-12 13:32:46.448] [info] cycle: [2600000]
[2026-03-12 13:32:46.448] [info] [ICNT] Core->ICNT request 1024GB/Sec,256000
[2026-03-12 13:32:46.448] [info] [ICNT] Core<-ICNT request 420GB/Sec,105171
[2026-03-12 13:32:46.448] [info] [ICNT] ICNT->MEM request 0GB/Sec,0
[2026-03-12 13:32:46.448] [info] [ICNT] ICNT<-MEM request 0GB/Sec,0
[2026-03-12 13:32:47.193] [info] Core [0] Tile Stats | Issued: 73 Running: 2 Finished: 71
[2026-03-12 13:32:47.193] [info] cycle: [2608000]
[2026-03-12 13:32:47.193] [info] Core [1] Tile Stats | Issued: 75 Running: 2 Finished: 73
[2026-03-12 13:32:47.193] [info] cycle: [2608000]
[2026-03-12 13:32:47.193] [info] Core [2] Tile Stats | Issued: 73 Running: 2 Finished: 71
[2026-03-12 13:32:47.193] [info] cycle: [2608000]
[2026-03-12 13:32:47.193] [info] Core [3] Tile Stats | Issued: 74 Running: 2 Finished: 72
[2026-03-12 13:32:47.193] [info] cycle: [2608000]
[2026-03-12 13:32:47.193] [info] [ICNT] Core->ICNT request 739GB/Sec,184984
[2026-03-12 13:32:47.193] [info] [ICNT] Core<-ICNT request 331GB/Sec,82850
[2026-03-12 13:32:47.193] [info] [ICNT] ICNT->MEM request 0GB/Sec,0
[2026-03-12 13:32:47.193] [info] [ICNT] ICNT<-MEM request 0GB/Sec,0
[2026-03-12 13:32:47.953] [info] Core [0] Tile Stats | Issued: 73 Running: 2 Finished: 71
[2026-03-12 13:32:47.953] [info] cycle: [2616000]
[2026-03-12 13:32:47.953] [info] Core [1] Tile Stats | Issued: 75 Running: 2 Finished: 73
[2026-03-12 13:32:47.953] [info] cycle: [2616000]
[2026-03-12 13:32:47.953] [info] Core [2] Tile Stats | Issued: 74 Running: 2 Finished: 72
[2026-03-12 13:32:47.953] [info] cycle: [2616000]
[2026-03-12 13:32:47.953] [info] Core [3] Tile Stats | Issued: 74 Running: 2 Finished: 72
[2026-03-12 13:32:47.953] [info] cycle: [2616000]
[2026-03-12 13:32:47.953] [info] [ICNT] Core->ICNT request 295GB/Sec,73840
[2026-03-12 13:32:47.953] [info] [ICNT] Core<-ICNT request 400GB/Sec,100134
[2026-03-12 13:32:47.953] [info] [ICNT] ICNT->MEM request 0GB/Sec,0
[2026-03-12 13:32:47.953] [info] [ICNT] ICNT<-MEM request 0GB/Sec,0
[2026-03-12 13:32:48.719] [info] Core [0] Tile Stats | Issued: 73 Running: 2 Finished: 71
[2026-03-12 13:32:48.719] [info] cycle: [2624000]
[2026-03-12 13:32:48.719] [info] Core [1] Tile Stats | Issued: 75 Running: 2 Finished: 73
[2026-03-12 13:32:48.719] [info] cycle: [2624000]
[2026-03-12 13:32:48.719] [info] Core [2] Tile Stats | Issued: 74 Running: 2 Finished: 72
[2026-03-12 13:32:48.719] [info] cycle: [2624000]
[2026-03-12 13:32:48.719] [info] Core [3] Tile Stats | Issued: 74 Running: 2 Finished: 72
[2026-03-12 13:32:48.719] [info] cycle: [2624000]
[2026-03-12 13:32:48.719] [info] [ICNT] Core->ICNT request 512GB/Sec,128000
[2026-03-12 13:32:48.719] [info] [ICNT] Core<-ICNT request 390GB/Sec,97652
[2026-03-12 13:32:48.719] [info] [ICNT] ICNT->MEM request 0GB/Sec,0
[2026-03-12 13:32:48.719] [info] [ICNT] ICNT<-MEM request 0GB/Sec,0
[2026-03-12 13:32:49.437] [info] Core [0] Tile Stats | Issued: 73 Running: 2 Finished: 71
[2026-03-12 13:32:49.437] [info] cycle: [2632000]
[2026-03-12 13:32:49.437] [info] Core [1] Tile Stats | Issued: 75 Running: 2 Finished: 73
[2026-03-12 13:32:49.437] [info] cycle: [2632000]
[2026-03-12 13:32:49.437] [info] Core [2] Tile Stats | Issued: 74 Running: 2 Finished: 72
[2026-03-12 13:32:49.437] [info] cycle: [2632000]
[2026-03-12 13:32:49.437] [info] Core [3] Tile Stats | Issued: 74 Running: 2 Finished: 72
[2026-03-12 13:32:49.437] [info] cycle: [2632000]
[2026-03-12 13:32:49.437] [info] [ICNT] Core->ICNT request 91GB/Sec,22936
[2026-03-12 13:32:49.437] [info] [ICNT] Core<-ICNT request 353GB/Sec,88484
[2026-03-12 13:32:49.437] [info] [ICNT] ICNT->MEM request 0GB/Sec,0
[2026-03-12 13:32:49.437] [info] [ICNT] ICNT<-MEM request 0GB/Sec,0
[2026-03-12 13:32:50.174] [info] Core [0] Tile Stats | Issued: 73 Running: 2 Finished: 71
[2026-03-12 13:32:50.174] [info] cycle: [2640000]
[2026-03-12 13:32:50.174] [info] Core [1] Tile Stats | Issued: 75 Running: 2 Finished: 73
[2026-03-12 13:32:50.174] [info] cycle: [2640000]
[2026-03-12 13:32:50.174] [info] Core [2] Tile Stats | Issued: 74 Running: 2 Finished: 72
[2026-03-12 13:32:50.174] [info] cycle: [2640000]
[2026-03-12 13:32:50.174] [info] Core [3] Tile Stats | Issued: 74 Running: 2 Finished: 72
[2026-03-12 13:32:50.174] [info] cycle: [2640000]
[2026-03-12 13:32:50.174] [info] [ICNT] Core->ICNT request 0GB/Sec,0
[2026-03-12 13:32:50.174] [info] [ICNT] Core<-ICNT request 383GB/Sec,95824
[2026-03-12 13:32:50.174] [info] [ICNT] ICNT->MEM request 0GB/Sec,0
[2026-03-12 13:32:50.174] [info] [ICNT] ICNT<-MEM request 0GB/Sec,0
[2026-03-12 13:32:50.962] [info] Core [0] Tile Stats | Issued: 73 Running: 2 Finished: 71
[2026-03-12 13:32:50.962] [info] cycle: [2648000]
[2026-03-12 13:32:50.962] [info] Core [1] Tile Stats | Issued: 75 Running: 2 Finished: 73
[2026-03-12 13:32:50.962] [info] cycle: [2648000]
[2026-03-12 13:32:50.962] [info] Core [2] Tile Stats | Issued: 74 Running: 2 Finished: 72
[2026-03-12 13:32:50.962] [info] cycle: [2648000]
[2026-03-12 13:32:50.962] [info] Core [3] Tile Stats | Issued: 74 Running: 2 Finished: 72
[2026-03-12 13:32:50.962] [info] cycle: [2648000]
[2026-03-12 13:32:50.962] [info] [ICNT] Core->ICNT request 0GB/Sec,0
[2026-03-12 13:32:50.962] [info] [ICNT] Core<-ICNT request 335GB/Sec,83815
[2026-03-12 13:32:50.962] [info] [ICNT] ICNT->MEM request 0GB/Sec,0
[2026-03-12 13:32:50.962] [info] [ICNT] ICNT<-MEM request 0GB/Sec,0
[2026-03-12 13:32:51.731] [info] Core [0] Tile Stats | Issued: 73 Running: 2 Finished: 71
[2026-03-12 13:32:51.731] [info] cycle: [2656000]
[2026-03-12 13:32:51.731] [info] Core [1] Tile Stats | Issued: 75 Running: 2 Finished: 73
[2026-03-12 13:32:51.731] [info] cycle: [2656000]
[2026-03-12 13:32:51.731] [info] Core [2] Tile Stats | Issued: 74 Running: 2 Finished: 72
[2026-03-12 13:32:51.731] [info] cycle: [2656000]
[2026-03-12 13:32:51.731] [info] Core [3] Tile Stats | Issued: 74 Running: 2 Finished: 72
[2026-03-12 13:32:51.731] [info] cycle: [2656000]
[2026-03-12 13:32:51.731] [info] [ICNT] Core->ICNT request 19GB/Sec,4800
[2026-03-12 13:32:51.731] [info] [ICNT] Core<-ICNT request 359GB/Sec,89902
[2026-03-12 13:32:51.731] [info] [ICNT] ICNT->MEM request 0GB/Sec,0
[2026-03-12 13:32:51.731] [info] [ICNT] ICNT<-MEM request 0GB/Sec,0
[2026-03-12 13:32:52.510] [info] Core [0] Tile Stats | Issued: 74 Running: 2 Finished: 72
[2026-03-12 13:32:52.510] [info] cycle: [2664000]
[2026-03-12 13:32:52.510] [info] Core [1] Tile Stats | Issued: 76 Running: 2 Finished: 74
[2026-03-12 13:32:52.510] [info] cycle: [2664000]
[2026-03-12 13:32:52.510] [info] Core [2] Tile Stats | Issued: 74 Running: 2 Finished: 72
[2026-03-12 13:32:52.510] [info] cycle: [2664000]
[2026-03-12 13:32:52.510] [info] Core [3] Tile Stats | Issued: 74 Running: 2 Finished: 72
[2026-03-12 13:32:52.510] [info] cycle: [2664000]
[2026-03-12 13:32:52.510] [info] [ICNT] Core->ICNT request 496GB/Sec,124016
[2026-03-12 13:32:52.510] [info] [ICNT] Core<-ICNT request 382GB/Sec,95679
[2026-03-12 13:32:52.510] [info] [ICNT] ICNT->MEM request 0GB/Sec,0
[2026-03-12 13:32:52.510] [info] [ICNT] ICNT<-MEM request 0GB/Sec,0
[2026-03-12 13:32:53.245] [info] Core [0] Tile Stats | Issued: 74 Running: 2 Finished: 72
[2026-03-12 13:32:53.245] [info] cycle: [2672000]
[2026-03-12 13:32:53.245] [info] Core [1] Tile Stats | Issued: 76 Running: 2 Finished: 74
[2026-03-12 13:32:53.245] [info] cycle: [2672000]
[2026-03-12 13:32:53.245] [info] Core [2] Tile Stats | Issued: 74 Running: 2 Finished: 72
[2026-03-12 13:32:53.245] [info] cycle: [2672000]
[2026-03-12 13:32:53.245] [info] Core [3] Tile Stats | Issued: 75 Running: 2 Finished: 73
[2026-03-12 13:32:53.245] [info] cycle: [2672000]
[2026-03-12 13:32:53.245] [info] [ICNT] Core->ICNT request 1112GB/Sec,278088
[2026-03-12 13:32:53.245] [info] [ICNT] Core<-ICNT request 384GB/Sec,96121
[2026-03-12 13:32:53.245] [info] [ICNT] ICNT->MEM request 0GB/Sec,0
[2026-03-12 13:32:53.245] [info] [ICNT] ICNT<-MEM request 0GB/Sec,0
[2026-03-12 13:32:54.059] [info] Core [0] Tile Stats | Issued: 74 Running: 2 Finished: 72
[2026-03-12 13:32:54.059] [info] cycle: [2680000]
[2026-03-12 13:32:54.059] [info] Core [1] Tile Stats | Issued: 76 Running: 2 Finished: 74
[2026-03-12 13:32:54.059] [info] cycle: [2680000]
[2026-03-12 13:32:54.059] [info] Core [2] Tile Stats | Issued: 75 Running: 2 Finished: 73
[2026-03-12 13:32:54.059] [info] cycle: [2680000]
[2026-03-12 13:32:54.059] [info] Core [3] Tile Stats | Issued: 75 Running: 2 Finished: 73
[2026-03-12 13:32:54.059] [info] cycle: [2680000]
[2026-03-12 13:32:54.059] [info] [ICNT] Core->ICNT request 909GB/Sec,227304
[2026-03-12 13:32:54.059] [info] [ICNT] Core<-ICNT request 448GB/Sec,112163
[2026-03-12 13:32:54.059] [info] [ICNT] ICNT->MEM request 0GB/Sec,0
[2026-03-12 13:32:54.059] [info] [ICNT] ICNT<-MEM request 0GB/Sec,0
[2026-03-12 13:32:54.797] [info] Core [0] Tile Stats | Issued: 74 Running: 2 Finished: 72
[2026-03-12 13:32:54.797] [info] cycle: [2688000]
[2026-03-12 13:32:54.797] [info] Core [1] Tile Stats | Issued: 76 Running: 2 Finished: 74
[2026-03-12 13:32:54.797] [info] cycle: [2688000]
[2026-03-12 13:32:54.797] [info] Core [2] Tile Stats | Issued: 75 Running: 2 Finished: 73
[2026-03-12 13:32:54.797] [info] cycle: [2688000]
[2026-03-12 13:32:54.797] [info] Core [3] Tile Stats | Issued: 75 Running: 2 Finished: 73
[2026-03-12 13:32:54.797] [info] cycle: [2688000]
[2026-03-12 13:32:54.797] [info] [ICNT] Core->ICNT request 309GB/Sec,77280
[2026-03-12 13:32:54.797] [info] [ICNT] Core<-ICNT request 345GB/Sec,86354
[2026-03-12 13:32:54.797] [info] [ICNT] ICNT->MEM request 0GB/Sec,0
[2026-03-12 13:32:54.797] [info] [ICNT] ICNT<-MEM request 0GB/Sec,0
[2026-03-12 13:32:55.577] [info] Core [0] Tile Stats | Issued: 74 Running: 2 Finished: 72
[2026-03-12 13:32:55.577] [info] cycle: [2696000]
[2026-03-12 13:32:55.577] [info] Core [1] Tile Stats | Issued: 76 Running: 2 Finished: 74
[2026-03-12 13:32:55.577] [info] cycle: [2696000]
[2026-03-12 13:32:55.577] [info] Core [2] Tile Stats | Issued: 75 Running: 2 Finished: 73
[2026-03-12 13:32:55.577] [info] cycle: [2696000]
[2026-03-12 13:32:55.577] [info] Core [3] Tile Stats | Issued: 75 Running: 2 Finished: 73
[2026-03-12 13:32:55.577] [info] cycle: [2696000]
[2026-03-12 13:32:55.577] [info] [ICNT] Core->ICNT request 0GB/Sec,0
[2026-03-12 13:32:55.577] [info] [ICNT] Core<-ICNT request 394GB/Sec,98669
[2026-03-12 13:32:55.577] [info] [ICNT] ICNT->MEM request 0GB/Sec,0
[2026-03-12 13:32:55.577] [info] [ICNT] ICNT<-MEM request 0GB/Sec,0
[2026-03-12 13:32:56.290] [info] Core [0] Tile Stats | Issued: 74 Running: 2 Finished: 72
[2026-03-12 13:32:56.290] [info] cycle: [2704000]
[2026-03-12 13:32:56.290] [info] Core [1] Tile Stats | Issued: 76 Running: 2 Finished: 74
[2026-03-12 13:32:56.290] [info] cycle: [2704000]
[2026-03-12 13:32:56.290] [info] Core [2] Tile Stats | Issued: 75 Running: 2 Finished: 73
[2026-03-12 13:32:56.290] [info] cycle: [2704000]
[2026-03-12 13:32:56.290] [info] Core [3] Tile Stats | Issued: 75 Running: 2 Finished: 73
[2026-03-12 13:32:56.290] [info] cycle: [2704000]
[2026-03-12 13:32:56.290] [info] [ICNT] Core->ICNT request 0GB/Sec,0
[2026-03-12 13:32:56.290] [info] [ICNT] Core<-ICNT request 343GB/Sec,85883
[2026-03-12 13:32:56.290] [info] [ICNT] ICNT->MEM request 0GB/Sec,0
[2026-03-12 13:32:56.290] [info] [ICNT] ICNT<-MEM request 0GB/Sec,0
[2026-03-12 13:32:57.073] [info] Core [0] Tile Stats | Issued: 74 Running: 2 Finished: 72
[2026-03-12 13:32:57.073] [info] cycle: [2712000]
[2026-03-12 13:32:57.073] [info] Core [1] Tile Stats | Issued: 76 Running: 2 Finished: 74
[2026-03-12 13:32:57.073] [info] cycle: [2712000]
[2026-03-12 13:32:57.073] [info] Core [2] Tile Stats | Issued: 75 Running: 2 Finished: 73
[2026-03-12 13:32:57.073] [info] cycle: [2712000]
[2026-03-12 13:32:57.073] [info] Core [3] Tile Stats | Issued: 75 Running: 2 Finished: 73
[2026-03-12 13:32:57.073] [info] cycle: [2712000]
[2026-03-12 13:32:57.073] [info] [ICNT] Core->ICNT request 19GB/Sec,4800
[2026-03-12 13:32:57.073] [info] [ICNT] Core<-ICNT request 365GB/Sec,91391
[2026-03-12 13:32:57.073] [info] [ICNT] ICNT->MEM request 0GB/Sec,0
[2026-03-12 13:32:57.073] [info] [ICNT] ICNT<-MEM request 0GB/Sec,0
[2026-03-12 13:32:57.844] [info] Core [0] Tile Stats | Issued: 75 Running: 2 Finished: 73
[2026-03-12 13:32:57.845] [info] cycle: [2720000]
[2026-03-12 13:32:57.845] [info] Core [1] Tile Stats | Issued: 77 Running: 2 Finished: 75
[2026-03-12 13:32:57.845] [info] cycle: [2720000]
[2026-03-12 13:32:57.845] [info] Core [2] Tile Stats | Issued: 75 Running: 2 Finished: 73
[2026-03-12 13:32:57.845] [info] cycle: [2720000]
[2026-03-12 13:32:57.845] [info] Core [3] Tile Stats | Issued: 75 Running: 2 Finished: 73
[2026-03-12 13:32:57.845] [info] cycle: [2720000]
[2026-03-12 13:32:57.845] [info] [ICNT] Core->ICNT request 701GB/Sec,175424
[2026-03-12 13:32:57.845] [info] [ICNT] Core<-ICNT request 375GB/Sec,93802
[2026-03-12 13:32:57.845] [info] [ICNT] ICNT->MEM request 0GB/Sec,0
[2026-03-12 13:32:57.845] [info] [ICNT] ICNT<-MEM request 0GB/Sec,0
[2026-03-12 13:32:58.601] [info] Core [0] Tile Stats | Issued: 75 Running: 2 Finished: 73
[2026-03-12 13:32:58.601] [info] cycle: [2728000]
[2026-03-12 13:32:58.601] [info] Core [1] Tile Stats | Issued: 77 Running: 2 Finished: 75
[2026-03-12 13:32:58.601] [info] cycle: [2728000]
[2026-03-12 13:32:58.601] [info] Core [2] Tile Stats | Issued: 75 Running: 2 Finished: 73
[2026-03-12 13:32:58.601] [info] cycle: [2728000]
[2026-03-12 13:32:58.601] [info] Core [3] Tile Stats | Issued: 76 Running: 2 Finished: 74
[2026-03-12 13:32:58.601] [info] cycle: [2728000]
[2026-03-12 13:32:58.601] [info] [ICNT] Core->ICNT request 827GB/Sec,206792
[2026-03-12 13:32:58.601] [info] [ICNT] Core<-ICNT request 369GB/Sec,92453
[2026-03-12 13:32:58.601] [info] [ICNT] ICNT->MEM request 0GB/Sec,0
[2026-03-12 13:32:58.601] [info] [ICNT] ICNT<-MEM request 0GB/Sec,0
[2026-03-12 13:32:59.343] [info] Core [0] Tile Stats | Issued: 75 Running: 2 Finished: 73
[2026-03-12 13:32:59.343] [info] cycle: [2736000]
[2026-03-12 13:32:59.343] [info] Core [1] Tile Stats | Issued: 77 Running: 2 Finished: 75
[2026-03-12 13:32:59.343] [info] cycle: [2736000]
[2026-03-12 13:32:59.343] [info] Core [2] Tile Stats | Issued: 76 Running: 2 Finished: 74
[2026-03-12 13:32:59.343] [info] cycle: [2736000]
[2026-03-12 13:32:59.343] [info] Core [3] Tile Stats | Issued: 76 Running: 2 Finished: 74
[2026-03-12 13:32:59.343] [info] cycle: [2736000]
[2026-03-12 13:32:59.343] [info] [ICNT] Core->ICNT request 534GB/Sec,133624
[2026-03-12 13:32:59.343] [info] [ICNT] Core<-ICNT request 388GB/Sec,97193
[2026-03-12 13:32:59.343] [info] [ICNT] ICNT->MEM request 0GB/Sec,0
[2026-03-12 13:32:59.343] [info] [ICNT] ICNT<-MEM request 0GB/Sec,0
[2026-03-12 13:33:00.102] [info] Core [0] Tile Stats | Issued: 75 Running: 2 Finished: 73
[2026-03-12 13:33:00.102] [info] cycle: [2744000]
[2026-03-12 13:33:00.102] [info] Core [1] Tile Stats | Issued: 77 Running: 2 Finished: 75
[2026-03-12 13:33:00.102] [info] cycle: [2744000]
[2026-03-12 13:33:00.102] [info] Core [2] Tile Stats | Issued: 76 Running: 2 Finished: 74
[2026-03-12 13:33:00.102] [info] cycle: [2744000]
[2026-03-12 13:33:00.102] [info] Core [3] Tile Stats | Issued: 76 Running: 2 Finished: 74
[2026-03-12 13:33:00.102] [info] cycle: [2744000]
[2026-03-12 13:33:00.102] [info] [ICNT] Core->ICNT request 592GB/Sec,148184
[2026-03-12 13:33:00.102] [info] [ICNT] Core<-ICNT request 394GB/Sec,98699
[2026-03-12 13:33:00.102] [info] [ICNT] ICNT->MEM request 0GB/Sec,0
[2026-03-12 13:33:00.102] [info] [ICNT] ICNT<-MEM request 0GB/Sec,0
[2026-03-12 13:33:00.829] [info] Core [0] Tile Stats | Issued: 75 Running: 2 Finished: 73
[2026-03-12 13:33:00.829] [info] cycle: [2752000]
[2026-03-12 13:33:00.829] [info] Core [1] Tile Stats | Issued: 77 Running: 2 Finished: 75
[2026-03-12 13:33:00.829] [info] cycle: [2752000]
[2026-03-12 13:33:00.829] [info] Core [2] Tile Stats | Issued: 76 Running: 2 Finished: 74
[2026-03-12 13:33:00.829] [info] cycle: [2752000]
[2026-03-12 13:33:00.829] [info] Core [3] Tile Stats | Issued: 76 Running: 2 Finished: 74
[2026-03-12 13:33:00.829] [info] cycle: [2752000]
[2026-03-12 13:33:00.829] [info] [ICNT] Core->ICNT request 170GB/Sec,42664
[2026-03-12 13:33:00.829] [info] [ICNT] Core<-ICNT request 380GB/Sec,95102
[2026-03-12 13:33:00.829] [info] [ICNT] ICNT->MEM request 0GB/Sec,0
[2026-03-12 13:33:00.829] [info] [ICNT] ICNT<-MEM request 0GB/Sec,0
[2026-03-12 13:33:01.591] [info] Core [0] Tile Stats | Issued: 75 Running: 2 Finished: 73
[2026-03-12 13:33:01.591] [info] cycle: [2760000]
[2026-03-12 13:33:01.591] [info] Core [1] Tile Stats | Issued: 77 Running: 2 Finished: 75
[2026-03-12 13:33:01.591] [info] cycle: [2760000]
[2026-03-12 13:33:01.591] [info] Core [2] Tile Stats | Issued: 76 Running: 2 Finished: 74
[2026-03-12 13:33:01.591] [info] cycle: [2760000]
[2026-03-12 13:33:01.591] [info] Core [3] Tile Stats | Issued: 76 Running: 2 Finished: 74
[2026-03-12 13:33:01.591] [info] cycle: [2760000]
[2026-03-12 13:33:01.591] [info] [ICNT] Core->ICNT request 0GB/Sec,0
[2026-03-12 13:33:01.591] [info] [ICNT] Core<-ICNT request 393GB/Sec,98310
[2026-03-12 13:33:01.591] [info] [ICNT] ICNT->MEM request 0GB/Sec,0
[2026-03-12 13:33:01.591] [info] [ICNT] ICNT<-MEM request 0GB/Sec,0
[2026-03-12 13:33:02.327] [info] Core [0] Tile Stats | Issued: 75 Running: 2 Finished: 73
[2026-03-12 13:33:02.327] [info] cycle: [2768000]
[2026-03-12 13:33:02.327] [info] Core [1] Tile Stats | Issued: 77 Running: 2 Finished: 75
[2026-03-12 13:33:02.327] [info] cycle: [2768000]
[2026-03-12 13:33:02.327] [info] Core [2] Tile Stats | Issued: 76 Running: 2 Finished: 74
[2026-03-12 13:33:02.327] [info] cycle: [2768000]
[2026-03-12 13:33:02.327] [info] Core [3] Tile Stats | Issued: 76 Running: 2 Finished: 74
[2026-03-12 13:33:02.327] [info] cycle: [2768000]
[2026-03-12 13:33:02.327] [info] [ICNT] Core->ICNT request 0GB/Sec,0
[2026-03-12 13:33:02.327] [info] [ICNT] Core<-ICNT request 357GB/Sec,89285
[2026-03-12 13:33:02.327] [info] [ICNT] ICNT->MEM request 0GB/Sec,0
[2026-03-12 13:33:02.327] [info] [ICNT] ICNT<-MEM request 0GB/Sec,0
[2026-03-12 13:33:03.128] [info] Core [0] Tile Stats | Issued: 75 Running: 2 Finished: 73
[2026-03-12 13:33:03.128] [info] cycle: [2776000]
[2026-03-12 13:33:03.128] [info] Core [1] Tile Stats | Issued: 77 Running: 2 Finished: 75
[2026-03-12 13:33:03.128] [info] cycle: [2776000]
[2026-03-12 13:33:03.128] [info] Core [2] Tile Stats | Issued: 76 Running: 2 Finished: 74
[2026-03-12 13:33:03.128] [info] cycle: [2776000]
[2026-03-12 13:33:03.128] [info] Core [3] Tile Stats | Issued: 76 Running: 2 Finished: 74
[2026-03-12 13:33:03.128] [info] cycle: [2776000]
[2026-03-12 13:33:03.128] [info] [ICNT] Core->ICNT request 0GB/Sec,0
[2026-03-12 13:33:03.128] [info] [ICNT] Core<-ICNT request 359GB/Sec,89873
[2026-03-12 13:33:03.128] [info] [ICNT] ICNT->MEM request 0GB/Sec,0
[2026-03-12 13:33:03.128] [info] [ICNT] ICNT<-MEM request 0GB/Sec,0
[2026-03-12 13:33:03.950] [info] Core [0] Tile Stats | Issued: 76 Running: 2 Finished: 74
[2026-03-12 13:33:03.950] [info] cycle: [2784000]
[2026-03-12 13:33:03.950] [info] Core [1] Tile Stats | Issued: 78 Running: 2 Finished: 76
[2026-03-12 13:33:03.950] [info] cycle: [2784000]
[2026-03-12 13:33:03.950] [info] Core [2] Tile Stats | Issued: 76 Running: 2 Finished: 74
[2026-03-12 13:33:03.950] [info] cycle: [2784000]
[2026-03-12 13:33:03.950] [info] Core [3] Tile Stats | Issued: 76 Running: 2 Finished: 74
[2026-03-12 13:33:03.950] [info] cycle: [2784000]
[2026-03-12 13:33:03.950] [info] [ICNT] Core->ICNT request 226GB/Sec,56560
[2026-03-12 13:33:03.950] [info] [ICNT] Core<-ICNT request 394GB/Sec,98548
[2026-03-12 13:33:03.950] [info] [ICNT] ICNT->MEM request 0GB/Sec,0
[2026-03-12 13:33:03.950] [info] [ICNT] ICNT<-MEM request 0GB/Sec,0
[2026-03-12 13:33:04.700] [info] Core [0] Tile Stats | Issued: 76 Running: 2 Finished: 74
[2026-03-12 13:33:04.700] [info] cycle: [2792000]
[2026-03-12 13:33:04.700] [info] Core [1] Tile Stats | Issued: 78 Running: 2 Finished: 76
[2026-03-12 13:33:04.700] [info] cycle: [2792000]
[2026-03-12 13:33:04.700] [info] Core [2] Tile Stats | Issued: 76 Running: 2 Finished: 74
[2026-03-12 13:33:04.700] [info] cycle: [2792000]
[2026-03-12 13:33:04.700] [info] Core [3] Tile Stats | Issued: 76 Running: 2 Finished: 74
[2026-03-12 13:33:04.700] [info] cycle: [2792000]
[2026-03-12 13:33:04.700] [info] [ICNT] Core->ICNT request 1024GB/Sec,256000
[2026-03-12 13:33:04.700] [info] [ICNT] Core<-ICNT request 410GB/Sec,102604
[2026-03-12 13:33:04.700] [info] [ICNT] ICNT->MEM request 0GB/Sec,0
[2026-03-12 13:33:04.700] [info] [ICNT] ICNT<-MEM request 0GB/Sec,0
[2026-03-12 13:33:05.490] [info] Core [0] Tile Stats | Issued: 76 Running: 2 Finished: 74
[2026-03-12 13:33:05.490] [info] cycle: [2800000]
[2026-03-12 13:33:05.490] [info] Core [1] Tile Stats | Issued: 78 Running: 2 Finished: 76
[2026-03-12 13:33:05.490] [info] cycle: [2800000]
[2026-03-12 13:33:05.490] [info] Core [2] Tile Stats | Issued: 77 Running: 2 Finished: 75
[2026-03-12 13:33:05.490] [info] cycle: [2800000]
[2026-03-12 13:33:05.490] [info] Core [3] Tile Stats | Issued: 77 Running: 2 Finished: 75
[2026-03-12 13:33:05.490] [info] cycle: [2800000]
[2026-03-12 13:33:05.490] [info] [ICNT] Core->ICNT request 868GB/Sec,217248
[2026-03-12 13:33:05.490] [info] [ICNT] Core<-ICNT request 449GB/Sec,112301
[2026-03-12 13:33:05.490] [info] [ICNT] ICNT->MEM request 0GB/Sec,0
[2026-03-12 13:33:05.490] [info] [ICNT] ICNT<-MEM request 0GB/Sec,0
[2026-03-12 13:33:06.256] [info] Core [0] Tile Stats | Issued: 76 Running: 2 Finished: 74
[2026-03-12 13:33:06.256] [info] cycle: [2808000]
[2026-03-12 13:33:06.256] [info] Core [1] Tile Stats | Issued: 78 Running: 2 Finished: 76
[2026-03-12 13:33:06.256] [info] cycle: [2808000]
[2026-03-12 13:33:06.256] [info] Core [2] Tile Stats | Issued: 77 Running: 2 Finished: 75
[2026-03-12 13:33:06.256] [info] cycle: [2808000]
[2026-03-12 13:33:06.256] [info] Core [3] Tile Stats | Issued: 77 Running: 2 Finished: 75
[2026-03-12 13:33:06.256] [info] cycle: [2808000]
[2026-03-12 13:33:06.256] [info] [ICNT] Core->ICNT request 726GB/Sec,181680
[2026-03-12 13:33:06.256] [info] [ICNT] Core<-ICNT request 379GB/Sec,94883
[2026-03-12 13:33:06.256] [info] [ICNT] ICNT->MEM request 0GB/Sec,0
[2026-03-12 13:33:06.256] [info] [ICNT] ICNT<-MEM request 0GB/Sec,0
[2026-03-12 13:33:07.027] [info] Core [0] Tile Stats | Issued: 76 Running: 2 Finished: 74
[2026-03-12 13:33:07.027] [info] cycle: [2816000]
[2026-03-12 13:33:07.027] [info] Core [1] Tile Stats | Issued: 78 Running: 2 Finished: 76
[2026-03-12 13:33:07.027] [info] cycle: [2816000]
[2026-03-12 13:33:07.027] [info] Core [2] Tile Stats | Issued: 77 Running: 2 Finished: 75
[2026-03-12 13:33:07.027] [info] cycle: [2816000]
[2026-03-12 13:33:07.027] [info] Core [3] Tile Stats | Issued: 77 Running: 2 Finished: 75
[2026-03-12 13:33:07.027] [info] cycle: [2816000]
[2026-03-12 13:33:07.027] [info] [ICNT] Core->ICNT request 0GB/Sec,0
[2026-03-12 13:33:07.027] [info] [ICNT] Core<-ICNT request 387GB/Sec,96857
[2026-03-12 13:33:07.027] [info] [ICNT] ICNT->MEM request 0GB/Sec,0
[2026-03-12 13:33:07.027] [info] [ICNT] ICNT<-MEM request 0GB/Sec,0
[2026-03-12 13:33:07.768] [info] Core [0] Tile Stats | Issued: 76 Running: 2 Finished: 74
[2026-03-12 13:33:07.768] [info] cycle: [2824000]
[2026-03-12 13:33:07.768] [info] Core [1] Tile Stats | Issued: 78 Running: 2 Finished: 76
[2026-03-12 13:33:07.768] [info] cycle: [2824000]
[2026-03-12 13:33:07.768] [info] Core [2] Tile Stats | Issued: 77 Running: 2 Finished: 75
[2026-03-12 13:33:07.768] [info] cycle: [2824000]
[2026-03-12 13:33:07.768] [info] Core [3] Tile Stats | Issued: 77 Running: 2 Finished: 75
[2026-03-12 13:33:07.768] [info] cycle: [2824000]
[2026-03-12 13:33:07.768] [info] [ICNT] Core->ICNT request 0GB/Sec,0
[2026-03-12 13:33:07.768] [info] [ICNT] Core<-ICNT request 362GB/Sec,90548
[2026-03-12 13:33:07.768] [info] [ICNT] ICNT->MEM request 0GB/Sec,0
[2026-03-12 13:33:07.768] [info] [ICNT] ICNT<-MEM request 0GB/Sec,0
[2026-03-12 13:33:08.494] [info] Core [0] Tile Stats | Issued: 76 Running: 2 Finished: 74
[2026-03-12 13:33:08.494] [info] cycle: [2832000]
[2026-03-12 13:33:08.494] [info] Core [1] Tile Stats | Issued: 78 Running: 2 Finished: 76
[2026-03-12 13:33:08.494] [info] cycle: [2832000]
[2026-03-12 13:33:08.494] [info] Core [2] Tile Stats | Issued: 77 Running: 2 Finished: 75
[2026-03-12 13:33:08.494] [info] cycle: [2832000]
[2026-03-12 13:33:08.494] [info] Core [3] Tile Stats | Issued: 77 Running: 2 Finished: 75
[2026-03-12 13:33:08.494] [info] cycle: [2832000]
[2026-03-12 13:33:08.494] [info] [ICNT] Core->ICNT request 19GB/Sec,4800
[2026-03-12 13:33:08.494] [info] [ICNT] Core<-ICNT request 378GB/Sec,94672
[2026-03-12 13:33:08.494] [info] [ICNT] ICNT->MEM request 0GB/Sec,0
[2026-03-12 13:33:08.494] [info] [ICNT] ICNT<-MEM request 0GB/Sec,0
[2026-03-12 13:33:09.254] [info] Core [0] Tile Stats | Issued: 77 Running: 2 Finished: 75
[2026-03-12 13:33:09.254] [info] cycle: [2840000]
[2026-03-12 13:33:09.254] [info] Core [1] Tile Stats | Issued: 79 Running: 2 Finished: 77
[2026-03-12 13:33:09.254] [info] cycle: [2840000]
[2026-03-12 13:33:09.254] [info] Core [2] Tile Stats | Issued: 77 Running: 2 Finished: 75
[2026-03-12 13:33:09.254] [info] cycle: [2840000]
[2026-03-12 13:33:09.254] [info] Core [3] Tile Stats | Issued: 77 Running: 2 Finished: 75
[2026-03-12 13:33:09.254] [info] cycle: [2840000]
[2026-03-12 13:33:09.254] [info] [ICNT] Core->ICNT request 668GB/Sec,167184
[2026-03-12 13:33:09.254] [info] [ICNT] Core<-ICNT request 374GB/Sec,93716
[2026-03-12 13:33:09.254] [info] [ICNT] ICNT->MEM request 0GB/Sec,0
[2026-03-12 13:33:09.254] [info] [ICNT] ICNT<-MEM request 0GB/Sec,0
[2026-03-12 13:33:09.992] [info] Core [0] Tile Stats | Issued: 77 Running: 2 Finished: 75
[2026-03-12 13:33:09.992] [info] cycle: [2848000]
[2026-03-12 13:33:09.992] [info] Core [1] Tile Stats | Issued: 79 Running: 2 Finished: 77
[2026-03-12 13:33:09.992] [info] cycle: [2848000]
[2026-03-12 13:33:09.992] [info] Core [2] Tile Stats | Issued: 77 Running: 2 Finished: 75
[2026-03-12 13:33:09.992] [info] cycle: [2848000]
[2026-03-12 13:33:09.992] [info] Core [3] Tile Stats | Issued: 77 Running: 2 Finished: 75
[2026-03-12 13:33:09.992] [info] cycle: [2848000]
[2026-03-12 13:33:09.992] [info] [ICNT] Core->ICNT request 747GB/Sec,186928
[2026-03-12 13:33:09.992] [info] [ICNT] Core<-ICNT request 386GB/Sec,96623
[2026-03-12 13:33:09.992] [info] [ICNT] ICNT->MEM request 0GB/Sec,0
[2026-03-12 13:33:09.992] [info] [ICNT] ICNT<-MEM request 0GB/Sec,0
[2026-03-12 13:33:10.724] [info] Core [0] Tile Stats | Issued: 77 Running: 2 Finished: 75
[2026-03-12 13:33:10.724] [info] cycle: [2856000]
[2026-03-12 13:33:10.724] [info] Core [1] Tile Stats | Issued: 79 Running: 2 Finished: 77
[2026-03-12 13:33:10.724] [info] cycle: [2856000]
[2026-03-12 13:33:10.724] [info] Core [2] Tile Stats | Issued: 78 Running: 2 Finished: 76
[2026-03-12 13:33:10.724] [info] cycle: [2856000]
[2026-03-12 13:33:10.724] [info] Core [3] Tile Stats | Issued: 78 Running: 2 Finished: 76
[2026-03-12 13:33:10.724] [info] cycle: [2856000]
[2026-03-12 13:33:10.724] [info] [ICNT] Core->ICNT request 531GB/Sec,132960
[2026-03-12 13:33:10.724] [info] [ICNT] Core<-ICNT request 410GB/Sec,102653
[2026-03-12 13:33:10.724] [info] [ICNT] ICNT->MEM request 0GB/Sec,0
[2026-03-12 13:33:10.724] [info] [ICNT] ICNT<-MEM request 0GB/Sec,0
[2026-03-12 13:33:11.454] [info] Core [0] Tile Stats | Issued: 77 Running: 2 Finished: 75
[2026-03-12 13:33:11.455] [info] cycle: [2864000]
[2026-03-12 13:33:11.455] [info] Core [1] Tile Stats | Issued: 79 Running: 2 Finished: 77
[2026-03-12 13:33:11.455] [info] cycle: [2864000]
[2026-03-12 13:33:11.455] [info] Core [2] Tile Stats | Issued: 78 Running: 2 Finished: 76
[2026-03-12 13:33:11.455] [info] cycle: [2864000]
[2026-03-12 13:33:11.455] [info] Core [3] Tile Stats | Issued: 78 Running: 2 Finished: 76
[2026-03-12 13:33:11.455] [info] cycle: [2864000]
[2026-03-12 13:33:11.455] [info] [ICNT] Core->ICNT request 773GB/Sec,193320
[2026-03-12 13:33:11.455] [info] [ICNT] Core<-ICNT request 375GB/Sec,93777
[2026-03-12 13:33:11.455] [info] [ICNT] ICNT->MEM request 0GB/Sec,0
[2026-03-12 13:33:11.455] [info] [ICNT] ICNT<-MEM request 0GB/Sec,0
[2026-03-12 13:33:12.216] [info] Core [0] Tile Stats | Issued: 77 Running: 2 Finished: 75
[2026-03-12 13:33:12.216] [info] cycle: [2872000]
[2026-03-12 13:33:12.216] [info] Core [1] Tile Stats | Issued: 79 Running: 2 Finished: 77
[2026-03-12 13:33:12.216] [info] cycle: [2872000]
[2026-03-12 13:33:12.216] [info] Core [2] Tile Stats | Issued: 78 Running: 2 Finished: 76
[2026-03-12 13:33:12.216] [info] cycle: [2872000]
[2026-03-12 13:33:12.216] [info] Core [3] Tile Stats | Issued: 78 Running: 2 Finished: 76
[2026-03-12 13:33:12.216] [info] cycle: [2872000]
[2026-03-12 13:33:12.216] [info] [ICNT] Core->ICNT request 105GB/Sec,26296
[2026-03-12 13:33:12.216] [info] [ICNT] Core<-ICNT request 404GB/Sec,101186
[2026-03-12 13:33:12.216] [info] [ICNT] ICNT->MEM request 0GB/Sec,0
[2026-03-12 13:33:12.216] [info] [ICNT] ICNT<-MEM request 0GB/Sec,0
[2026-03-12 13:33:13.028] [info] Core [0] Tile Stats | Issued: 77 Running: 2 Finished: 75
[2026-03-12 13:33:13.028] [info] cycle: [2880000]
[2026-03-12 13:33:13.028] [info] Core [1] Tile Stats | Issued: 79 Running: 2 Finished: 77
[2026-03-12 13:33:13.028] [info] cycle: [2880000]
[2026-03-12 13:33:13.028] [info] Core [2] Tile Stats | Issued: 78 Running: 2 Finished: 76
[2026-03-12 13:33:13.028] [info] cycle: [2880000]
[2026-03-12 13:33:13.028] [info] Core [3] Tile Stats | Issued: 78 Running: 2 Finished: 76
[2026-03-12 13:33:13.028] [info] cycle: [2880000]
[2026-03-12 13:33:13.028] [info] [ICNT] Core->ICNT request 0GB/Sec,0
[2026-03-12 13:33:13.028] [info] [ICNT] Core<-ICNT request 384GB/Sec,96181
[2026-03-12 13:33:13.028] [info] [ICNT] ICNT->MEM request 0GB/Sec,0
[2026-03-12 13:33:13.028] [info] [ICNT] ICNT<-MEM request 0GB/Sec,0
[2026-03-12 13:33:13.773] [info] Core [0] Tile Stats | Issued: 77 Running: 2 Finished: 75
[2026-03-12 13:33:13.773] [info] cycle: [2888000]
[2026-03-12 13:33:13.773] [info] Core [1] Tile Stats | Issued: 79 Running: 2 Finished: 77
[2026-03-12 13:33:13.773] [info] cycle: [2888000]
[2026-03-12 13:33:13.773] [info] Core [2] Tile Stats | Issued: 78 Running: 2 Finished: 76
[2026-03-12 13:33:13.773] [info] cycle: [2888000]
[2026-03-12 13:33:13.773] [info] Core [3] Tile Stats | Issued: 78 Running: 2 Finished: 76
[2026-03-12 13:33:13.773] [info] cycle: [2888000]
[2026-03-12 13:33:13.773] [info] [ICNT] Core->ICNT request 0GB/Sec,0
[2026-03-12 13:33:13.773] [info] [ICNT] Core<-ICNT request 353GB/Sec,88416
[2026-03-12 13:33:13.773] [info] [ICNT] ICNT->MEM request 0GB/Sec,0
[2026-03-12 13:33:13.773] [info] [ICNT] ICNT<-MEM request 0GB/Sec,0
[2026-03-12 13:33:14.546] [info] Core [0] Tile Stats | Issued: 77 Running: 2 Finished: 75
[2026-03-12 13:33:14.546] [info] cycle: [2896000]
[2026-03-12 13:33:14.546] [info] Core [1] Tile Stats | Issued: 79 Running: 2 Finished: 77
[2026-03-12 13:33:14.546] [info] cycle: [2896000]
[2026-03-12 13:33:14.546] [info] Core [2] Tile Stats | Issued: 78 Running: 2 Finished: 76
[2026-03-12 13:33:14.546] [info] cycle: [2896000]
[2026-03-12 13:33:14.546] [info] Core [3] Tile Stats | Issued: 78 Running: 2 Finished: 76
[2026-03-12 13:33:14.546] [info] cycle: [2896000]
[2026-03-12 13:33:14.546] [info] [ICNT] Core->ICNT request 19GB/Sec,4800
[2026-03-12 13:33:14.546] [info] [ICNT] Core<-ICNT request 363GB/Sec,90843
[2026-03-12 13:33:14.546] [info] [ICNT] ICNT->MEM request 0GB/Sec,0
[2026-03-12 13:33:14.546] [info] [ICNT] ICNT<-MEM request 0GB/Sec,0
[2026-03-12 13:33:15.357] [info] Core [0] Tile Stats | Issued: 78 Running: 2 Finished: 76
[2026-03-12 13:33:15.357] [info] cycle: [2904000]
[2026-03-12 13:33:15.357] [info] Core [1] Tile Stats | Issued: 80 Running: 2 Finished: 78
[2026-03-12 13:33:15.357] [info] cycle: [2904000]
[2026-03-12 13:33:15.357] [info] Core [2] Tile Stats | Issued: 78 Running: 2 Finished: 76
[2026-03-12 13:33:15.357] [info] cycle: [2904000]
[2026-03-12 13:33:15.357] [info] Core [3] Tile Stats | Issued: 78 Running: 2 Finished: 76
[2026-03-12 13:33:15.357] [info] cycle: [2904000]
[2026-03-12 13:33:15.357] [info] [ICNT] Core->ICNT request 683GB/Sec,170768
[2026-03-12 13:33:15.357] [info] [ICNT] Core<-ICNT request 416GB/Sec,104074
[2026-03-12 13:33:15.357] [info] [ICNT] ICNT->MEM request 0GB/Sec,0
[2026-03-12 13:33:15.357] [info] [ICNT] ICNT<-MEM request 0GB/Sec,0
[2026-03-12 13:33:16.106] [info] Core [0] Tile Stats | Issued: 78 Running: 2 Finished: 76
[2026-03-12 13:33:16.106] [info] cycle: [2912000]
[2026-03-12 13:33:16.106] [info] Core [1] Tile Stats | Issued: 80 Running: 2 Finished: 78
[2026-03-12 13:33:16.106] [info] cycle: [2912000]
[2026-03-12 13:33:16.106] [info] Core [2] Tile Stats | Issued: 78 Running: 2 Finished: 76
[2026-03-12 13:33:16.106] [info] cycle: [2912000]
[2026-03-12 13:33:16.106] [info] Core [3] Tile Stats | Issued: 78 Running: 2 Finished: 76
[2026-03-12 13:33:16.106] [info] cycle: [2912000]
[2026-03-12 13:33:16.106] [info] [ICNT] Core->ICNT request 733GB/Sec,183344
[2026-03-12 13:33:16.106] [info] [ICNT] Core<-ICNT request 404GB/Sec,101119
[2026-03-12 13:33:16.106] [info] [ICNT] ICNT->MEM request 0GB/Sec,0
[2026-03-12 13:33:16.106] [info] [ICNT] ICNT<-MEM request 0GB/Sec,0
[2026-03-12 13:33:16.868] [info] Core [0] Tile Stats | Issued: 78 Running: 2 Finished: 76
[2026-03-12 13:33:16.868] [info] cycle: [2920000]
[2026-03-12 13:33:16.868] [info] Core [1] Tile Stats | Issued: 80 Running: 2 Finished: 78
[2026-03-12 13:33:16.868] [info] cycle: [2920000]
[2026-03-12 13:33:16.868] [info] Core [2] Tile Stats | Issued: 79 Running: 2 Finished: 77
[2026-03-12 13:33:16.868] [info] cycle: [2920000]
[2026-03-12 13:33:16.868] [info] Core [3] Tile Stats | Issued: 79 Running: 2 Finished: 77
[2026-03-12 13:33:16.868] [info] cycle: [2920000]
[2026-03-12 13:33:16.868] [info] [ICNT] Core->ICNT request 720GB/Sec,180064
[2026-03-12 13:33:16.868] [info] [ICNT] Core<-ICNT request 409GB/Sec,102327
[2026-03-12 13:33:16.868] [info] [ICNT] ICNT->MEM request 0GB/Sec,0
[2026-03-12 13:33:16.868] [info] [ICNT] ICNT<-MEM request 0GB/Sec,0
[2026-03-12 13:33:17.662] [info] Core [0] Tile Stats | Issued: 78 Running: 2 Finished: 76
[2026-03-12 13:33:17.662] [info] cycle: [2928000]
[2026-03-12 13:33:17.662] [info] Core [1] Tile Stats | Issued: 80 Running: 2 Finished: 78
[2026-03-12 13:33:17.662] [info] cycle: [2928000]
[2026-03-12 13:33:17.662] [info] Core [2] Tile Stats | Issued: 79 Running: 2 Finished: 77
[2026-03-12 13:33:17.662] [info] cycle: [2928000]
[2026-03-12 13:33:17.662] [info] Core [3] Tile Stats | Issued: 79 Running: 2 Finished: 77
[2026-03-12 13:33:17.662] [info] cycle: [2928000]
[2026-03-12 13:33:17.662] [info] [ICNT] Core->ICNT request 690GB/Sec,172512
[2026-03-12 13:33:17.662] [info] [ICNT] Core<-ICNT request 438GB/Sec,109531
[2026-03-12 13:33:17.662] [info] [ICNT] ICNT->MEM request 0GB/Sec,0
[2026-03-12 13:33:17.662] [info] [ICNT] ICNT<-MEM request 0GB/Sec,0
[2026-03-12 13:33:18.406] [info] Core [0] Tile Stats | Issued: 78 Running: 2 Finished: 76
[2026-03-12 13:33:18.406] [info] cycle: [2936000]
[2026-03-12 13:33:18.406] [info] Core [1] Tile Stats | Issued: 80 Running: 2 Finished: 78
[2026-03-12 13:33:18.406] [info] cycle: [2936000]
[2026-03-12 13:33:18.406] [info] Core [2] Tile Stats | Issued: 79 Running: 2 Finished: 77
[2026-03-12 13:33:18.406] [info] cycle: [2936000]
[2026-03-12 13:33:18.406] [info] Core [3] Tile Stats | Issued: 79 Running: 2 Finished: 77
[2026-03-12 13:33:18.406] [info] cycle: [2936000]
[2026-03-12 13:33:18.406] [info] [ICNT] Core->ICNT request 0GB/Sec,0
[2026-03-12 13:33:18.406] [info] [ICNT] Core<-ICNT request 397GB/Sec,99417
[2026-03-12 13:33:18.406] [info] [ICNT] ICNT->MEM request 0GB/Sec,0
[2026-03-12 13:33:18.406] [info] [ICNT] ICNT<-MEM request 0GB/Sec,0
[2026-03-12 13:33:19.158] [info] Core [0] Tile Stats | Issued: 78 Running: 2 Finished: 76
[2026-03-12 13:33:19.158] [info] cycle: [2944000]
[2026-03-12 13:33:19.158] [info] Core [1] Tile Stats | Issued: 80 Running: 2 Finished: 78
[2026-03-12 13:33:19.158] [info] cycle: [2944000]
[2026-03-12 13:33:19.158] [info] Core [2] Tile Stats | Issued: 79 Running: 2 Finished: 77
[2026-03-12 13:33:19.158] [info] cycle: [2944000]
[2026-03-12 13:33:19.158] [info] Core [3] Tile Stats | Issued: 79 Running: 2 Finished: 77
[2026-03-12 13:33:19.158] [info] cycle: [2944000]
[2026-03-12 13:33:19.158] [info] [ICNT] Core->ICNT request 0GB/Sec,0
[2026-03-12 13:33:19.158] [info] [ICNT] Core<-ICNT request 375GB/Sec,93870
[2026-03-12 13:33:19.158] [info] [ICNT] ICNT->MEM request 0GB/Sec,0
[2026-03-12 13:33:19.158] [info] [ICNT] ICNT<-MEM request 0GB/Sec,0
[2026-03-12 13:33:19.947] [info] Core [0] Tile Stats | Issued: 79 Running: 2 Finished: 77
[2026-03-12 13:33:19.947] [info] cycle: [2952000]
[2026-03-12 13:33:19.947] [info] Core [1] Tile Stats | Issued: 80 Running: 2 Finished: 78
[2026-03-12 13:33:19.947] [info] cycle: [2952000]
[2026-03-12 13:33:19.947] [info] Core [2] Tile Stats | Issued: 79 Running: 2 Finished: 77
[2026-03-12 13:33:19.947] [info] cycle: [2952000]
[2026-03-12 13:33:19.947] [info] Core [3] Tile Stats | Issued: 79 Running: 2 Finished: 77
[2026-03-12 13:33:19.947] [info] cycle: [2952000]
[2026-03-12 13:33:19.947] [info] [ICNT] Core->ICNT request 100GB/Sec,25136
[2026-03-12 13:33:19.947] [info] [ICNT] Core<-ICNT request 402GB/Sec,100612
[2026-03-12 13:33:19.947] [info] [ICNT] ICNT->MEM request 0GB/Sec,0
[2026-03-12 13:33:19.947] [info] [ICNT] ICNT<-MEM request 0GB/Sec,0
[2026-03-12 13:33:20.733] [info] Core [0] Tile Stats | Issued: 79 Running: 2 Finished: 77
[2026-03-12 13:33:20.733] [info] cycle: [2960000]
[2026-03-12 13:33:20.733] [info] Core [1] Tile Stats | Issued: 81 Running: 2 Finished: 79
[2026-03-12 13:33:20.733] [info] cycle: [2960000]
[2026-03-12 13:33:20.733] [info] Core [2] Tile Stats | Issued: 79 Running: 2 Finished: 77
[2026-03-12 13:33:20.733] [info] cycle: [2960000]
[2026-03-12 13:33:20.733] [info] Core [3] Tile Stats | Issued: 79 Running: 2 Finished: 77
[2026-03-12 13:33:20.733] [info] cycle: [2960000]
[2026-03-12 13:33:20.733] [info] [ICNT] Core->ICNT request 1009GB/Sec,252400
[2026-03-12 13:33:20.733] [info] [ICNT] Core<-ICNT request 440GB/Sec,110089
[2026-03-12 13:33:20.733] [info] [ICNT] ICNT->MEM request 0GB/Sec,0
[2026-03-12 13:33:20.733] [info] [ICNT] ICNT<-MEM request 0GB/Sec,0
[2026-03-12 13:33:21.486] [info] Core [0] Tile Stats | Issued: 79 Running: 2 Finished: 77
[2026-03-12 13:33:21.486] [info] cycle: [2968000]
[2026-03-12 13:33:21.486] [info] Core [1] Tile Stats | Issued: 81 Running: 2 Finished: 79
[2026-03-12 13:33:21.486] [info] cycle: [2968000]
[2026-03-12 13:33:21.486] [info] Core [2] Tile Stats | Issued: 79 Running: 2 Finished: 77
[2026-03-12 13:33:21.486] [info] cycle: [2968000]
[2026-03-12 13:33:21.486] [info] Core [3] Tile Stats | Issued: 79 Running: 2 Finished: 77
[2026-03-12 13:33:21.486] [info] cycle: [2968000]
[2026-03-12 13:33:21.486] [info] [ICNT] Core->ICNT request 325GB/Sec,81376
[2026-03-12 13:33:21.486] [info] [ICNT] Core<-ICNT request 415GB/Sec,103996
[2026-03-12 13:33:21.486] [info] [ICNT] ICNT->MEM request 0GB/Sec,0
[2026-03-12 13:33:21.486] [info] [ICNT] ICNT<-MEM request 0GB/Sec,0
[2026-03-12 13:33:22.275] [info] Core [0] Tile Stats | Issued: 79 Running: 2 Finished: 77
[2026-03-12 13:33:22.275] [info] cycle: [2976000]
[2026-03-12 13:33:22.275] [info] Core [1] Tile Stats | Issued: 81 Running: 2 Finished: 79
[2026-03-12 13:33:22.275] [info] cycle: [2976000]
[2026-03-12 13:33:22.275] [info] Core [2] Tile Stats | Issued: 80 Running: 2 Finished: 78
[2026-03-12 13:33:22.275] [info] cycle: [2976000]
[2026-03-12 13:33:22.275] [info] Core [3] Tile Stats | Issued: 80 Running: 2 Finished: 78
[2026-03-12 13:33:22.275] [info] cycle: [2976000]
[2026-03-12 13:33:22.275] [info] [ICNT] Core->ICNT request 718GB/Sec,179600
[2026-03-12 13:33:22.275] [info] [ICNT] Core<-ICNT request 410GB/Sec,102638
[2026-03-12 13:33:22.275] [info] [ICNT] ICNT->MEM request 0GB/Sec,0
[2026-03-12 13:33:22.275] [info] [ICNT] ICNT<-MEM request 0GB/Sec,0
[2026-03-12 13:33:23.038] [info] Core [0] Tile Stats | Issued: 79 Running: 2 Finished: 77
[2026-03-12 13:33:23.038] [info] cycle: [2984000]
[2026-03-12 13:33:23.038] [info] Core [1] Tile Stats | Issued: 81 Running: 2 Finished: 79
[2026-03-12 13:33:23.038] [info] cycle: [2984000]
[2026-03-12 13:33:23.038] [info] Core [2] Tile Stats | Issued: 80 Running: 2 Finished: 78
[2026-03-12 13:33:23.038] [info] cycle: [2984000]
[2026-03-12 13:33:23.038] [info] Core [3] Tile Stats | Issued: 80 Running: 2 Finished: 78
[2026-03-12 13:33:23.038] [info] cycle: [2984000]
[2026-03-12 13:33:23.038] [info] [ICNT] Core->ICNT request 691GB/Sec,172976
[2026-03-12 13:33:23.038] [info] [ICNT] Core<-ICNT request 405GB/Sec,101346
[2026-03-12 13:33:23.038] [info] [ICNT] ICNT->MEM request 0GB/Sec,0
[2026-03-12 13:33:23.038] [info] [ICNT] ICNT<-MEM request 0GB/Sec,0
[2026-03-12 13:33:23.798] [info] Core [0] Tile Stats | Issued: 79 Running: 2 Finished: 77
[2026-03-12 13:33:23.798] [info] cycle: [2992000]
[2026-03-12 13:33:23.798] [info] Core [1] Tile Stats | Issued: 81 Running: 2 Finished: 79
[2026-03-12 13:33:23.798] [info] cycle: [2992000]
[2026-03-12 13:33:23.798] [info] Core [2] Tile Stats | Issued: 80 Running: 2 Finished: 78
[2026-03-12 13:33:23.798] [info] cycle: [2992000]
[2026-03-12 13:33:23.798] [info] Core [3] Tile Stats | Issued: 80 Running: 2 Finished: 78
[2026-03-12 13:33:23.798] [info] cycle: [2992000]
[2026-03-12 13:33:23.798] [info] [ICNT] Core->ICNT request 0GB/Sec,0
[2026-03-12 13:33:23.798] [info] [ICNT] Core<-ICNT request 386GB/Sec,96640
[2026-03-12 13:33:23.798] [info] [ICNT] ICNT->MEM request 0GB/Sec,0
[2026-03-12 13:33:23.798] [info] [ICNT] ICNT<-MEM request 0GB/Sec,0
[2026-03-12 13:33:24.545] [info] Core [0] Tile Stats | Issued: 79 Running: 2 Finished: 77
[2026-03-12 13:33:24.545] [info] cycle: [3000000]
[2026-03-12 13:33:24.545] [info] Core [1] Tile Stats | Issued: 81 Running: 2 Finished: 79
[2026-03-12 13:33:24.545] [info] cycle: [3000000]
[2026-03-12 13:33:24.545] [info] Core [2] Tile Stats | Issued: 80 Running: 2 Finished: 78
[2026-03-12 13:33:24.545] [info] cycle: [3000000]
[2026-03-12 13:33:24.545] [info] Core [3] Tile Stats | Issued: 80 Running: 2 Finished: 78
[2026-03-12 13:33:24.545] [info] cycle: [3000000]
[2026-03-12 13:33:24.545] [info] [ICNT] Core->ICNT request 0GB/Sec,0
[2026-03-12 13:33:24.545] [info] [ICNT] Core<-ICNT request 371GB/Sec,92859
[2026-03-12 13:33:24.545] [info] [ICNT] ICNT->MEM request 0GB/Sec,0
[2026-03-12 13:33:24.545] [info] [ICNT] ICNT<-MEM request 0GB/Sec,0
[2026-03-12 13:33:25.367] [info] Core [0] Tile Stats | Issued: 79 Running: 2 Finished: 77
[2026-03-12 13:33:25.367] [info] cycle: [3008000]
[2026-03-12 13:33:25.367] [info] Core [1] Tile Stats | Issued: 81 Running: 2 Finished: 79
[2026-03-12 13:33:25.367] [info] cycle: [3008000]
[2026-03-12 13:33:25.367] [info] Core [2] Tile Stats | Issued: 80 Running: 2 Finished: 78
[2026-03-12 13:33:25.367] [info] cycle: [3008000]
[2026-03-12 13:33:25.367] [info] Core [3] Tile Stats | Issued: 80 Running: 2 Finished: 78
[2026-03-12 13:33:25.367] [info] cycle: [3008000]
[2026-03-12 13:33:25.367] [info] [ICNT] Core->ICNT request 19GB/Sec,4800
[2026-03-12 13:33:25.367] [info] [ICNT] Core<-ICNT request 414GB/Sec,103545
[2026-03-12 13:33:25.367] [info] [ICNT] ICNT->MEM request 0GB/Sec,0
[2026-03-12 13:33:25.367] [info] [ICNT] ICNT<-MEM request 0GB/Sec,0
[2026-03-12 13:33:26.146] [info] Core [0] Tile Stats | Issued: 80 Running: 2 Finished: 78
[2026-03-12 13:33:26.146] [info] cycle: [3016000]
[2026-03-12 13:33:26.146] [info] Core [1] Tile Stats | Issued: 82 Running: 2 Finished: 80
[2026-03-12 13:33:26.146] [info] cycle: [3016000]
[2026-03-12 13:33:26.146] [info] Core [2] Tile Stats | Issued: 80 Running: 2 Finished: 78
[2026-03-12 13:33:26.146] [info] cycle: [3016000]
[2026-03-12 13:33:26.146] [info] Core [3] Tile Stats | Issued: 80 Running: 2 Finished: 78
[2026-03-12 13:33:26.146] [info] cycle: [3016000]
[2026-03-12 13:33:26.146] [info] [ICNT] Core->ICNT request 759GB/Sec,189872
[2026-03-12 13:33:26.146] [info] [ICNT] Core<-ICNT request 433GB/Sec,108258
[2026-03-12 13:33:26.146] [info] [ICNT] ICNT->MEM request 0GB/Sec,0
[2026-03-12 13:33:26.146] [info] [ICNT] ICNT<-MEM request 0GB/Sec,0
[2026-03-12 13:33:26.901] [info] Core [0] Tile Stats | Issued: 80 Running: 2 Finished: 78
[2026-03-12 13:33:26.901] [info] cycle: [3024000]
[2026-03-12 13:33:26.901] [info] Core [1] Tile Stats | Issued: 82 Running: 2 Finished: 80
[2026-03-12 13:33:26.901] [info] cycle: [3024000]
[2026-03-12 13:33:26.901] [info] Core [2] Tile Stats | Issued: 80 Running: 2 Finished: 78
[2026-03-12 13:33:26.901] [info] cycle: [3024000]
[2026-03-12 13:33:26.901] [info] Core [3] Tile Stats | Issued: 80 Running: 2 Finished: 78
[2026-03-12 13:33:26.901] [info] cycle: [3024000]
[2026-03-12 13:33:26.901] [info] [ICNT] Core->ICNT request 656GB/Sec,164240
[2026-03-12 13:33:26.901] [info] [ICNT] Core<-ICNT request 420GB/Sec,105126
[2026-03-12 13:33:26.901] [info] [ICNT] ICNT->MEM request 0GB/Sec,0
[2026-03-12 13:33:26.901] [info] [ICNT] ICNT<-MEM request 0GB/Sec,0
[2026-03-12 13:33:27.645] [info] Core [0] Tile Stats | Issued: 80 Running: 2 Finished: 78
[2026-03-12 13:33:27.645] [info] cycle: [3032000]
[2026-03-12 13:33:27.645] [info] Core [1] Tile Stats | Issued: 82 Running: 2 Finished: 80
[2026-03-12 13:33:27.645] [info] cycle: [3032000]
[2026-03-12 13:33:27.645] [info] Core [2] Tile Stats | Issued: 81 Running: 2 Finished: 79
[2026-03-12 13:33:27.645] [info] cycle: [3032000]
[2026-03-12 13:33:27.645] [info] Core [3] Tile Stats | Issued: 81 Running: 2 Finished: 79
[2026-03-12 13:33:27.645] [info] cycle: [3032000]
[2026-03-12 13:33:27.645] [info] [ICNT] Core->ICNT request 448GB/Sec,112240
[2026-03-12 13:33:27.645] [info] [ICNT] Core<-ICNT request 390GB/Sec,97537
[2026-03-12 13:33:27.645] [info] [ICNT] ICNT->MEM request 0GB/Sec,0
[2026-03-12 13:33:27.645] [info] [ICNT] ICNT<-MEM request 0GB/Sec,0
[2026-03-12 13:33:28.477] [info] Core [0] Tile Stats | Issued: 80 Running: 2 Finished: 78
[2026-03-12 13:33:28.477] [info] cycle: [3040000]
[2026-03-12 13:33:28.477] [info] Core [1] Tile Stats | Issued: 82 Running: 2 Finished: 80
[2026-03-12 13:33:28.477] [info] cycle: [3040000]
[2026-03-12 13:33:28.477] [info] Core [2] Tile Stats | Issued: 81 Running: 2 Finished: 79
[2026-03-12 13:33:28.477] [info] cycle: [3040000]
[2026-03-12 13:33:28.477] [info] Core [3] Tile Stats | Issued: 81 Running: 2 Finished: 79
[2026-03-12 13:33:28.477] [info] cycle: [3040000]
[2026-03-12 13:33:28.477] [info] [ICNT] Core->ICNT request 949GB/Sec,237352
[2026-03-12 13:33:28.477] [info] [ICNT] Core<-ICNT request 413GB/Sec,103286
[2026-03-12 13:33:28.477] [info] [ICNT] ICNT->MEM request 0GB/Sec,0
[2026-03-12 13:33:28.477] [info] [ICNT] ICNT<-MEM request 0GB/Sec,0
[2026-03-12 13:33:29.221] [info] Core [0] Tile Stats | Issued: 80 Running: 2 Finished: 78
[2026-03-12 13:33:29.222] [info] cycle: [3048000]
[2026-03-12 13:33:29.222] [info] Core [1] Tile Stats | Issued: 82 Running: 2 Finished: 80
[2026-03-12 13:33:29.222] [info] cycle: [3048000]
[2026-03-12 13:33:29.222] [info] Core [2] Tile Stats | Issued: 81 Running: 2 Finished: 79
[2026-03-12 13:33:29.222] [info] cycle: [3048000]
[2026-03-12 13:33:29.222] [info] Core [3] Tile Stats | Issued: 81 Running: 2 Finished: 79
[2026-03-12 13:33:29.222] [info] cycle: [3048000]
[2026-03-12 13:33:29.222] [info] [ICNT] Core->ICNT request 11GB/Sec,2984
[2026-03-12 13:33:29.222] [info] [ICNT] Core<-ICNT request 402GB/Sec,100655
[2026-03-12 13:33:29.222] [info] [ICNT] ICNT->MEM request 0GB/Sec,0
[2026-03-12 13:33:29.222] [info] [ICNT] ICNT<-MEM request 0GB/Sec,0
[2026-03-12 13:33:29.967] [info] Core [0] Tile Stats | Issued: 80 Running: 2 Finished: 78
[2026-03-12 13:33:29.967] [info] cycle: [3056000]
[2026-03-12 13:33:29.967] [info] Core [1] Tile Stats | Issued: 82 Running: 2 Finished: 80
[2026-03-12 13:33:29.967] [info] cycle: [3056000]
[2026-03-12 13:33:29.967] [info] Core [2] Tile Stats | Issued: 81 Running: 2 Finished: 79
[2026-03-12 13:33:29.967] [info] cycle: [3056000]
[2026-03-12 13:33:29.967] [info] Core [3] Tile Stats | Issued: 81 Running: 2 Finished: 79
[2026-03-12 13:33:29.967] [info] cycle: [3056000]
[2026-03-12 13:33:29.967] [info] [ICNT] Core->ICNT request 9GB/Sec,2400
[2026-03-12 13:33:29.967] [info] [ICNT] Core<-ICNT request 368GB/Sec,92042
[2026-03-12 13:33:29.967] [info] [ICNT] ICNT->MEM request 0GB/Sec,0
[2026-03-12 13:33:29.967] [info] [ICNT] ICNT<-MEM request 0GB/Sec,0
[2026-03-12 13:33:30.769] [info] Core [0] Tile Stats | Issued: 81 Running: 2 Finished: 79
[2026-03-12 13:33:30.769] [info] cycle: [3064000]
[2026-03-12 13:33:30.769] [info] Core [1] Tile Stats | Issued: 82 Running: 2 Finished: 80
[2026-03-12 13:33:30.769] [info] cycle: [3064000]
[2026-03-12 13:33:30.769] [info] Core [2] Tile Stats | Issued: 81 Running: 2 Finished: 79
[2026-03-12 13:33:30.769] [info] cycle: [3064000]
[2026-03-12 13:33:30.769] [info] Core [3] Tile Stats | Issued: 81 Running: 2 Finished: 79
[2026-03-12 13:33:30.769] [info] cycle: [3064000]
[2026-03-12 13:33:30.769] [info] [ICNT] Core->ICNT request 352GB/Sec,88192
[2026-03-12 13:33:30.769] [info] [ICNT] Core<-ICNT request 423GB/Sec,105938
[2026-03-12 13:33:30.769] [info] [ICNT] ICNT->MEM request 0GB/Sec,0
[2026-03-12 13:33:30.769] [info] [ICNT] ICNT<-MEM request 0GB/Sec,0
[2026-03-12 13:33:31.590] [info] Core [0] Tile Stats | Issued: 81 Running: 2 Finished: 79
[2026-03-12 13:33:31.590] [info] cycle: [3072000]
[2026-03-12 13:33:31.590] [info] Core [1] Tile Stats | Issued: 83 Running: 2 Finished: 81
[2026-03-12 13:33:31.590] [info] cycle: [3072000]
[2026-03-12 13:33:31.590] [info] Core [2] Tile Stats | Issued: 81 Running: 2 Finished: 79
[2026-03-12 13:33:31.590] [info] cycle: [3072000]
[2026-03-12 13:33:31.590] [info] Core [3] Tile Stats | Issued: 81 Running: 2 Finished: 79
[2026-03-12 13:33:31.590] [info] cycle: [3072000]
[2026-03-12 13:33:31.590] [info] [ICNT] Core->ICNT request 829GB/Sec,207440
[2026-03-12 13:33:31.590] [info] [ICNT] Core<-ICNT request 420GB/Sec,105157
[2026-03-12 13:33:31.590] [info] [ICNT] ICNT->MEM request 0GB/Sec,0
[2026-03-12 13:33:31.590] [info] [ICNT] ICNT<-MEM request 0GB/Sec,0
[2026-03-12 13:33:32.346] [info] Core [0] Tile Stats | Issued: 81 Running: 2 Finished: 79
[2026-03-12 13:33:32.346] [info] cycle: [3080000]
[2026-03-12 13:33:32.346] [info] Core [1] Tile Stats | Issued: 83 Running: 2 Finished: 81
[2026-03-12 13:33:32.346] [info] cycle: [3080000]
[2026-03-12 13:33:32.346] [info] Core [2] Tile Stats | Issued: 81 Running: 2 Finished: 79
[2026-03-12 13:33:32.346] [info] cycle: [3080000]
[2026-03-12 13:33:32.346] [info] Core [3] Tile Stats | Issued: 81 Running: 2 Finished: 79
[2026-03-12 13:33:32.346] [info] cycle: [3080000]
[2026-03-12 13:33:32.346] [info] [ICNT] Core->ICNT request 243GB/Sec,60880
[2026-03-12 13:33:32.346] [info] [ICNT] Core<-ICNT request 405GB/Sec,101456
[2026-03-12 13:33:32.346] [info] [ICNT] ICNT->MEM request 0GB/Sec,0
[2026-03-12 13:33:32.346] [info] [ICNT] ICNT<-MEM request 0GB/Sec,0
[2026-03-12 13:33:33.098] [info] Core [0] Tile Stats | Issued: 81 Running: 2 Finished: 79
[2026-03-12 13:33:33.098] [info] cycle: [3088000]
[2026-03-12 13:33:33.098] [info] Core [1] Tile Stats | Issued: 83 Running: 2 Finished: 81
[2026-03-12 13:33:33.098] [info] cycle: [3088000]
[2026-03-12 13:33:33.098] [info] Core [2] Tile Stats | Issued: 81 Running: 1 Finished: 80
[2026-03-12 13:33:33.098] [info] cycle: [3088000]
[2026-03-12 13:33:33.098] [info] Core [3] Tile Stats | Issued: 81 Running: 1 Finished: 80
[2026-03-12 13:33:33.098] [info] cycle: [3088000]
[2026-03-12 13:33:33.098] [info] [ICNT] Core->ICNT request 0GB/Sec,0
[2026-03-12 13:33:33.098] [info] [ICNT] Core<-ICNT request 401GB/Sec,100250
[2026-03-12 13:33:33.098] [info] [ICNT] ICNT->MEM request 0GB/Sec,0
[2026-03-12 13:33:33.098] [info] [ICNT] ICNT<-MEM request 0GB/Sec,0
[2026-03-12 13:33:33.944] [info] Core [0] Tile Stats | Issued: 81 Running: 2 Finished: 79
[2026-03-12 13:33:33.944] [info] cycle: [3096000]
[2026-03-12 13:33:33.944] [info] Core [1] Tile Stats | Issued: 83 Running: 2 Finished: 81
[2026-03-12 13:33:33.944] [info] cycle: [3096000]
[2026-03-12 13:33:33.944] [info] Core [2] Tile Stats | Issued: 81 Running: 1 Finished: 80
[2026-03-12 13:33:33.944] [info] cycle: [3096000]
[2026-03-12 13:33:33.944] [info] Core [3] Tile Stats | Issued: 81 Running: 1 Finished: 80
[2026-03-12 13:33:33.944] [info] cycle: [3096000]
[2026-03-12 13:33:33.944] [info] [ICNT] Core->ICNT request 0GB/Sec,0
[2026-03-12 13:33:33.944] [info] [ICNT] Core<-ICNT request 431GB/Sec,107968
[2026-03-12 13:33:33.944] [info] [ICNT] ICNT->MEM request 0GB/Sec,0
[2026-03-12 13:33:33.944] [info] [ICNT] ICNT<-MEM request 0GB/Sec,0
[2026-03-12 13:33:34.746] [info] Core [0] Tile Stats | Issued: 81 Running: 2 Finished: 79
[2026-03-12 13:33:34.747] [info] cycle: [3104000]
[2026-03-12 13:33:34.747] [info] Core [1] Tile Stats | Issued: 83 Running: 2 Finished: 81
[2026-03-12 13:33:34.747] [info] cycle: [3104000]
[2026-03-12 13:33:34.747] [info] Core [2] Tile Stats | Issued: 81 Running: 1 Finished: 80
[2026-03-12 13:33:34.747] [info] cycle: [3104000]
[2026-03-12 13:33:34.747] [info] Core [3] Tile Stats | Issued: 81 Running: 1 Finished: 80
[2026-03-12 13:33:34.747] [info] cycle: [3104000]
[2026-03-12 13:33:34.747] [info] [ICNT] Core->ICNT request 0GB/Sec,0
[2026-03-12 13:33:34.747] [info] [ICNT] Core<-ICNT request 432GB/Sec,108181
[2026-03-12 13:33:34.747] [info] [ICNT] ICNT->MEM request 0GB/Sec,0
[2026-03-12 13:33:34.747] [info] [ICNT] ICNT<-MEM request 0GB/Sec,0
[2026-03-12 13:33:35.184] [info] Core [0] Tile Stats | Issued: 81 Running: 2 Finished: 79
[2026-03-12 13:33:35.184] [info] cycle: [3112000]
[2026-03-12 13:33:35.184] [info] Core [1] Tile Stats | Issued: 83 Running: 2 Finished: 81
[2026-03-12 13:33:35.184] [info] cycle: [3112000]
[2026-03-12 13:33:35.184] [info] Core [2] Tile Stats | Issued: 81 Running: 1 Finished: 80
[2026-03-12 13:33:35.184] [info] cycle: [3112000]
[2026-03-12 13:33:35.184] [info] Core [3] Tile Stats | Issued: 81 Running: 1 Finished: 80
[2026-03-12 13:33:35.184] [info] cycle: [3112000]
[2026-03-12 13:33:35.184] [info] [ICNT] Core->ICNT request 0GB/Sec,0
[2026-03-12 13:33:35.184] [info] [ICNT] Core<-ICNT request 210GB/Sec,52609
[2026-03-12 13:33:35.184] [info] [ICNT] ICNT->MEM request 0GB/Sec,0
[2026-03-12 13:33:35.184] [info] [ICNT] ICNT<-MEM request 0GB/Sec,0
[2026-03-12 13:33:35.643] [info] Core [0] Tile Stats | Issued: 81 Running: 2 Finished: 79
[2026-03-12 13:33:35.643] [info] cycle: [3120000]
[2026-03-12 13:33:35.643] [info] Core [1] Tile Stats | Issued: 83 Running: 1 Finished: 82
[2026-03-12 13:33:35.643] [info] cycle: [3120000]
[2026-03-12 13:33:35.643] [info] Core [2] Tile Stats | Issued: 81 Running: 1 Finished: 80
[2026-03-12 13:33:35.643] [info] cycle: [3120000]
[2026-03-12 13:33:35.643] [info] Core [3] Tile Stats | Issued: 81 Running: 1 Finished: 80
[2026-03-12 13:33:35.643] [info] cycle: [3120000]
[2026-03-12 13:33:35.643] [info] [ICNT] Core->ICNT request 22GB/Sec,5600
[2026-03-12 13:33:35.643] [info] [ICNT] Core<-ICNT request 225GB/Sec,56290
[2026-03-12 13:33:35.643] [info] [ICNT] ICNT->MEM request 0GB/Sec,0
[2026-03-12 13:33:35.643] [info] [ICNT] ICNT<-MEM request 0GB/Sec,0
[2026-03-12 13:33:36.055] [info] Core [0] Tile Stats | Issued: 81 Running: 1 Finished: 80
[2026-03-12 13:33:36.055] [info] cycle: [3128000]
[2026-03-12 13:33:36.055] [info] Core [1] Tile Stats | Issued: 83 Running: 1 Finished: 82
[2026-03-12 13:33:36.055] [info] cycle: [3128000]
[2026-03-12 13:33:36.055] [info] Core [2] Tile Stats | Issued: 81 Running: 1 Finished: 80
[2026-03-12 13:33:36.055] [info] cycle: [3128000]
[2026-03-12 13:33:36.055] [info] Core [3] Tile Stats | Issued: 81 Running: 1 Finished: 80
[2026-03-12 13:33:36.055] [info] cycle: [3128000]
[2026-03-12 13:33:36.055] [info] [ICNT] Core->ICNT request 3GB/Sec,800
[2026-03-12 13:33:36.055] [info] [ICNT] Core<-ICNT request 217GB/Sec,54269
[2026-03-12 13:33:36.055] [info] [ICNT] ICNT->MEM request 0GB/Sec,0
[2026-03-12 13:33:36.055] [info] [ICNT] ICNT<-MEM request 0GB/Sec,0
[2026-03-12 13:33:36.441] [info] Core [0] Tile Stats | Issued: 81 Running: 1 Finished: 80
[2026-03-12 13:33:36.441] [info] cycle: [3136000]
[2026-03-12 13:33:36.441] [info] Core [1] Tile Stats | Issued: 83 Running: 1 Finished: 82
[2026-03-12 13:33:36.441] [info] cycle: [3136000]
[2026-03-12 13:33:36.441] [info] Core [2] Tile Stats | Issued: 81 Running: 1 Finished: 80
[2026-03-12 13:33:36.441] [info] cycle: [3136000]
[2026-03-12 13:33:36.441] [info] Core [3] Tile Stats | Issued: 81 Running: 1 Finished: 80
[2026-03-12 13:33:36.441] [info] cycle: [3136000]
[2026-03-12 13:33:36.441] [info] [ICNT] Core->ICNT request 0GB/Sec,0
[2026-03-12 13:33:36.441] [info] [ICNT] Core<-ICNT request 204GB/Sec,51071
[2026-03-12 13:33:36.441] [info] [ICNT] ICNT->MEM request 0GB/Sec,0
[2026-03-12 13:33:36.441] [info] [ICNT] ICNT<-MEM request 0GB/Sec,0
[2026-03-12 13:33:36.835] [info] Core [0] Tile Stats | Issued: 81 Running: 1 Finished: 80
[2026-03-12 13:33:36.835] [info] cycle: [3144000]
[2026-03-12 13:33:36.835] [info] Core [1] Tile Stats | Issued: 83 Running: 1 Finished: 82
[2026-03-12 13:33:36.835] [info] cycle: [3144000]
[2026-03-12 13:33:36.835] [info] Core [2] Tile Stats | Issued: 81 Running: 0 Finished: 81
[2026-03-12 13:33:36.835] [info] cycle: [3144000]
[2026-03-12 13:33:36.835] [info] Core [3] Tile Stats | Issued: 81 Running: 0 Finished: 81
[2026-03-12 13:33:36.835] [info] cycle: [3144000]
[2026-03-12 13:33:36.835] [info] [ICNT] Core->ICNT request 0GB/Sec,0
[2026-03-12 13:33:36.835] [info] [ICNT] Core<-ICNT request 206GB/Sec,51694
[2026-03-12 13:33:36.835] [info] [ICNT] ICNT->MEM request 0GB/Sec,0
[2026-03-12 13:33:36.835] [info] [ICNT] ICNT<-MEM request 0GB/Sec,0
[2026-03-12 13:33:37.227] [info] Core [0] Tile Stats | Issued: 81 Running: 1 Finished: 80
[2026-03-12 13:33:37.227] [info] cycle: [3152000]
[2026-03-12 13:33:37.227] [info] Core [1] Tile Stats | Issued: 83 Running: 1 Finished: 82
[2026-03-12 13:33:37.227] [info] cycle: [3152000]
[2026-03-12 13:33:37.227] [info] Core [2] Tile Stats | Issued: 81 Running: 0 Finished: 81
[2026-03-12 13:33:37.227] [info] cycle: [3152000]
[2026-03-12 13:33:37.227] [info] Core [3] Tile Stats | Issued: 81 Running: 0 Finished: 81
[2026-03-12 13:33:37.227] [info] cycle: [3152000]
[2026-03-12 13:33:37.227] [info] [ICNT] Core->ICNT request 0GB/Sec,0
[2026-03-12 13:33:37.227] [info] [ICNT] Core<-ICNT request 209GB/Sec,52384
[2026-03-12 13:33:37.227] [info] [ICNT] ICNT->MEM request 0GB/Sec,0
[2026-03-12 13:33:37.227] [info] [ICNT] ICNT<-MEM request 0GB/Sec,0
[2026-03-12 13:33:37.660] [info] Core [0] Tile Stats | Issued: 81 Running: 1 Finished: 80
[2026-03-12 13:33:37.660] [info] cycle: [3160000]
[2026-03-12 13:33:37.660] [info] Core [1] Tile Stats | Issued: 83 Running: 1 Finished: 82
[2026-03-12 13:33:37.660] [info] cycle: [3160000]
[2026-03-12 13:33:37.660] [info] Core [2] Tile Stats | Issued: 81 Running: 0 Finished: 81
[2026-03-12 13:33:37.660] [info] cycle: [3160000]
[2026-03-12 13:33:37.660] [info] Core [3] Tile Stats | Issued: 81 Running: 0 Finished: 81
[2026-03-12 13:33:37.660] [info] cycle: [3160000]
[2026-03-12 13:33:37.660] [info] [ICNT] Core->ICNT request 9GB/Sec,2400
[2026-03-12 13:33:37.660] [info] [ICNT] Core<-ICNT request 222GB/Sec,55576
[2026-03-12 13:33:37.660] [info] [ICNT] ICNT->MEM request 0GB/Sec,0
[2026-03-12 13:33:37.660] [info] [ICNT] ICNT<-MEM request 0GB/Sec,0
[2026-03-12 13:33:37.950] [info] Core [0] Tile Stats | Issued: 81 Running: 0 Finished: 81
[2026-03-12 13:33:37.950] [info] cycle: [3168000]
[2026-03-12 13:33:37.950] [info] Core [1] Tile Stats | Issued: 83 Running: 1 Finished: 82
[2026-03-12 13:33:37.950] [info] cycle: [3168000]
[2026-03-12 13:33:37.950] [info] Core [2] Tile Stats | Issued: 81 Running: 0 Finished: 81
[2026-03-12 13:33:37.950] [info] cycle: [3168000]
[2026-03-12 13:33:37.950] [info] Core [3] Tile Stats | Issued: 81 Running: 0 Finished: 81
[2026-03-12 13:33:37.950] [info] cycle: [3168000]
[2026-03-12 13:33:37.950] [info] [ICNT] Core->ICNT request 9GB/Sec,2400
[2026-03-12 13:33:37.950] [info] [ICNT] Core<-ICNT request 110GB/Sec,27580
[2026-03-12 13:33:37.950] [info] [ICNT] ICNT->MEM request 0GB/Sec,0
[2026-03-12 13:33:37.950] [info] [ICNT] ICNT<-MEM request 0GB/Sec,0
[2026-03-12 13:33:38.039] [info] Layer layer0.attn.QKVgen finish at 3174980
[2026-03-12 13:33:38.039] [info] Total compute time 1698959
[2026-03-12 13:33:38.039] [info] executable layer count 1
[2026-03-12 13:33:38.039] [info] Start layer layer0.attn.KVccat
[2026-03-12 13:33:38.039] [info] Layer layer0.attn.KVccat finish at 3174981
[2026-03-12 13:33:38.039] [info] Total compute time 1
[2026-03-12 13:33:38.039] [info] executable layer count 1
[2026-03-12 13:33:38.039] [info] Start layer layer0.attn.Attention.0
[2026-03-12 13:33:38.110] [info] Core [0] Tile Stats | Issued: 83 Running: 2 Finished: 81
[2026-03-12 13:33:38.110] [info] cycle: [3176000]
[2026-03-12 13:33:38.110] [info] Core [1] Tile Stats | Issued: 85 Running: 2 Finished: 83
[2026-03-12 13:33:38.110] [info] cycle: [3176000]
[2026-03-12 13:33:38.110] [info] Core [2] Tile Stats | Issued: 84 Running: 2 Finished: 82
[2026-03-12 13:33:38.110] [info] cycle: [3176000]
[2026-03-12 13:33:38.110] [info] Core [3] Tile Stats | Issued: 83 Running: 2 Finished: 81
[2026-03-12 13:33:38.110] [info] cycle: [3176000]
[2026-03-12 13:33:38.110] [info] [ICNT] Core->ICNT request 83GB/Sec,20800
[2026-03-12 13:33:38.110] [info] [ICNT] Core<-ICNT request 59GB/Sec,14978
[2026-03-12 13:33:38.110] [info] [ICNT] ICNT->MEM request 0GB/Sec,0
[2026-03-12 13:33:38.110] [info] [ICNT] ICNT<-MEM request 0GB/Sec,0
[2026-03-12 13:33:38.645] [info] Core [0] Tile Stats | Issued: 88 Running: 2 Finished: 86
[2026-03-12 13:33:38.645] [info] cycle: [3184000]
[2026-03-12 13:33:38.645] [info] Core [1] Tile Stats | Issued: 91 Running: 2 Finished: 89
[2026-03-12 13:33:38.645] [info] cycle: [3184000]
[2026-03-12 13:33:38.645] [info] Core [2] Tile Stats | Issued: 89 Running: 2 Finished: 87
[2026-03-12 13:33:38.645] [info] cycle: [3184000]
[2026-03-12 13:33:38.645] [info] Core [3] Tile Stats | Issued: 89 Running: 2 Finished: 87
[2026-03-12 13:33:38.645] [info] cycle: [3184000]
[2026-03-12 13:33:38.645] [info] [ICNT] Core->ICNT request 272GB/Sec,68128
[2026-03-12 13:33:38.645] [info] [ICNT] Core<-ICNT request 267GB/Sec,66838
[2026-03-12 13:33:38.645] [info] [ICNT] ICNT->MEM request 0GB/Sec,0
[2026-03-12 13:33:38.645] [info] [ICNT] ICNT<-MEM request 0GB/Sec,0
[2026-03-12 13:33:39.189] [info] Core [0] Tile Stats | Issued: 93 Running: 2 Finished: 91
[2026-03-12 13:33:39.189] [info] cycle: [3192000]
[2026-03-12 13:33:39.189] [info] Core [1] Tile Stats | Issued: 96 Running: 2 Finished: 94
[2026-03-12 13:33:39.189] [info] cycle: [3192000]
[2026-03-12 13:33:39.189] [info] Core [2] Tile Stats | Issued: 95 Running: 2 Finished: 93
[2026-03-12 13:33:39.189] [info] cycle: [3192000]
[2026-03-12 13:33:39.189] [info] Core [3] Tile Stats | Issued: 95 Running: 2 Finished: 93
[2026-03-12 13:33:39.189] [info] cycle: [3192000]
[2026-03-12 13:33:39.189] [info] [ICNT] Core->ICNT request 290GB/Sec,72672
[2026-03-12 13:33:39.189] [info] [ICNT] Core<-ICNT request 283GB/Sec,70931
[2026-03-12 13:33:39.189] [info] [ICNT] ICNT->MEM request 0GB/Sec,0
[2026-03-12 13:33:39.189] [info] [ICNT] ICNT<-MEM request 0GB/Sec,0
[2026-03-12 13:33:39.657] [info] HBM2-CH_0: BW utilization 61% (572773 reads, 17248 writes)
[2026-03-12 13:33:39.742] [info] Core [0] Tile Stats | Issued: 99 Running: 2 Finished: 97
[2026-03-12 13:33:39.742] [info] cycle: [3200000]
[2026-03-12 13:33:39.742] [info] Core [1] Tile Stats | Issued: 101 Running: 1 Finished: 100
[2026-03-12 13:33:39.742] [info] cycle: [3200000]
[2026-03-12 13:33:39.742] [info] Core [2] Tile Stats | Issued: 100 Running: 2 Finished: 98
[2026-03-12 13:33:39.742] [info] cycle: [3200000]
[2026-03-12 13:33:39.742] [info] Core [3] Tile Stats | Issued: 99 Running: 0 Finished: 99
[2026-03-12 13:33:39.742] [info] cycle: [3200000]
[2026-03-12 13:33:39.742] [info] [ICNT] Core->ICNT request 265GB/Sec,66400
[2026-03-12 13:33:39.742] [info] [ICNT] Core<-ICNT request 278GB/Sec,69712
[2026-03-12 13:33:39.742] [info] [ICNT] ICNT->MEM request 0GB/Sec,0
[2026-03-12 13:33:39.742] [info] [ICNT] ICNT<-MEM request 0GB/Sec,0
[2026-03-12 13:33:40.006] [info] Layer layer0.attn.Attention.0 finish at 3205125
[2026-03-12 13:33:40.006] [info] Total compute time 30144
[2026-03-12 13:33:40.006] [info] executable layer count 1
[2026-03-12 13:33:40.006] [info] Start layer layer0.attn.Atccat
[2026-03-12 13:33:40.006] [info] Layer layer0.attn.Atccat finish at 3205126
[2026-03-12 13:33:40.006] [info] Total compute time 1
[2026-03-12 13:33:40.006] [info] executable layer count 1
[2026-03-12 13:33:40.006] [info] Start layer layer0.attn.proj
[2026-03-12 13:33:40.255] [info] Core [0] Tile Stats | Issued: 101 Running: 2 Finished: 99
[2026-03-12 13:33:40.255] [info] cycle: [3208000]
[2026-03-12 13:33:40.255] [info] Core [1] Tile Stats | Issued: 103 Running: 2 Finished: 101
[2026-03-12 13:33:40.255] [info] cycle: [3208000]
[2026-03-12 13:33:40.255] [info] Core [2] Tile Stats | Issued: 103 Running: 2 Finished: 101
[2026-03-12 13:33:40.255] [info] cycle: [3208000]
[2026-03-12 13:33:40.255] [info] Core [3] Tile Stats | Issued: 101 Running: 2 Finished: 99
[2026-03-12 13:33:40.255] [info] cycle: [3208000]
[2026-03-12 13:33:40.255] [info] [ICNT] Core->ICNT request 748GB/Sec,187088
[2026-03-12 13:33:40.255] [info] [ICNT] Core<-ICNT request 170GB/Sec,42521
[2026-03-12 13:33:40.255] [info] [ICNT] ICNT->MEM request 0GB/Sec,0
[2026-03-12 13:33:40.255] [info] [ICNT] ICNT<-MEM request 0GB/Sec,0
[2026-03-12 13:33:40.935] [info] Core [0] Tile Stats | Issued: 101 Running: 2 Finished: 99
[2026-03-12 13:33:40.935] [info] cycle: [3216000]
[2026-03-12 13:33:40.935] [info] Core [1] Tile Stats | Issued: 103 Running: 2 Finished: 101
[2026-03-12 13:33:40.935] [info] cycle: [3216000]
[2026-03-12 13:33:40.935] [info] Core [2] Tile Stats | Issued: 103 Running: 2 Finished: 101
[2026-03-12 13:33:40.935] [info] cycle: [3216000]
[2026-03-12 13:33:40.935] [info] Core [3] Tile Stats | Issued: 101 Running: 2 Finished: 99
[2026-03-12 13:33:40.935] [info] cycle: [3216000]
[2026-03-12 13:33:40.935] [info] [ICNT] Core->ICNT request 2048GB/Sec,512000
[2026-03-12 13:33:40.935] [info] [ICNT] Core<-ICNT request 367GB/Sec,91880
[2026-03-12 13:33:40.935] [info] [ICNT] ICNT->MEM request 0GB/Sec,0
[2026-03-12 13:33:40.935] [info] [ICNT] ICNT<-MEM request 0GB/Sec,0
[2026-03-12 13:33:41.426] [info] Core [0] Tile Stats | Issued: 101 Running: 2 Finished: 99
[2026-03-12 13:33:41.426] [info] cycle: [3224000]
[2026-03-12 13:33:41.426] [info] Core [1] Tile Stats | Issued: 103 Running: 2 Finished: 101
[2026-03-12 13:33:41.426] [info] cycle: [3224000]
[2026-03-12 13:33:41.426] [info] Core [2] Tile Stats | Issued: 103 Running: 2 Finished: 101
[2026-03-12 13:33:41.426] [info] cycle: [3224000]
[2026-03-12 13:33:41.426] [info] Core [3] Tile Stats | Issued: 101 Running: 2 Finished: 99
[2026-03-12 13:33:41.426] [info] cycle: [3224000]
[2026-03-12 13:33:41.426] [info] [ICNT] Core->ICNT request 2048GB/Sec,512000
[2026-03-12 13:33:41.426] [info] [ICNT] Core<-ICNT request 485GB/Sec,121496
[2026-03-12 13:33:41.426] [info] [ICNT] ICNT->MEM request 0GB/Sec,0
[2026-03-12 13:33:41.426] [info] [ICNT] ICNT<-MEM request 0GB/Sec,0
[2026-03-12 13:33:42.057] [info] Core [0] Tile Stats | Issued: 101 Running: 2 Finished: 99
[2026-03-12 13:33:42.057] [info] cycle: [3232000]
[2026-03-12 13:33:42.057] [info] Core [1] Tile Stats | Issued: 103 Running: 2 Finished: 101
[2026-03-12 13:33:42.057] [info] cycle: [3232000]
[2026-03-12 13:33:42.057] [info] Core [2] Tile Stats | Issued: 103 Running: 2 Finished: 101
[2026-03-12 13:33:42.057] [info] cycle: [3232000]
[2026-03-12 13:33:42.057] [info] Core [3] Tile Stats | Issued: 101 Running: 2 Finished: 99
[2026-03-12 13:33:42.057] [info] cycle: [3232000]
[2026-03-12 13:33:42.057] [info] [ICNT] Core->ICNT request 812GB/Sec,203088
[2026-03-12 13:33:42.057] [info] [ICNT] Core<-ICNT request 364GB/Sec,91015
[2026-03-12 13:33:42.057] [info] [ICNT] ICNT->MEM request 0GB/Sec,0
[2026-03-12 13:33:42.057] [info] [ICNT] ICNT<-MEM request 0GB/Sec,0
[2026-03-12 13:33:42.737] [info] Core [0] Tile Stats | Issued: 101 Running: 2 Finished: 99
[2026-03-12 13:33:42.737] [info] cycle: [3240000]
[2026-03-12 13:33:42.737] [info] Core [1] Tile Stats | Issued: 103 Running: 2 Finished: 101
[2026-03-12 13:33:42.737] [info] cycle: [3240000]
[2026-03-12 13:33:42.737] [info] Core [2] Tile Stats | Issued: 103 Running: 2 Finished: 101
[2026-03-12 13:33:42.737] [info] cycle: [3240000]
[2026-03-12 13:33:42.737] [info] Core [3] Tile Stats | Issued: 101 Running: 2 Finished: 99
[2026-03-12 13:33:42.737] [info] cycle: [3240000]
[2026-03-12 13:33:42.737] [info] [ICNT] Core->ICNT request 0GB/Sec,0
[2026-03-12 13:33:42.737] [info] [ICNT] Core<-ICNT request 337GB/Sec,84252
[2026-03-12 13:33:42.737] [info] [ICNT] ICNT->MEM request 0GB/Sec,0
[2026-03-12 13:33:42.737] [info] [ICNT] ICNT<-MEM request 0GB/Sec,0
[2026-03-12 13:33:43.415] [info] Core [0] Tile Stats | Issued: 101 Running: 2 Finished: 99
[2026-03-12 13:33:43.415] [info] cycle: [3248000]
[2026-03-12 13:33:43.415] [info] Core [1] Tile Stats | Issued: 103 Running: 2 Finished: 101
[2026-03-12 13:33:43.415] [info] cycle: [3248000]
[2026-03-12 13:33:43.415] [info] Core [2] Tile Stats | Issued: 103 Running: 2 Finished: 101
[2026-03-12 13:33:43.415] [info] cycle: [3248000]
[2026-03-12 13:33:43.415] [info] Core [3] Tile Stats | Issued: 101 Running: 2 Finished: 99
[2026-03-12 13:33:43.415] [info] cycle: [3248000]
[2026-03-12 13:33:43.415] [info] [ICNT] Core->ICNT request 0GB/Sec,0
[2026-03-12 13:33:43.415] [info] [ICNT] Core<-ICNT request 330GB/Sec,82577
[2026-03-12 13:33:43.415] [info] [ICNT] ICNT->MEM request 0GB/Sec,0
[2026-03-12 13:33:43.415] [info] [ICNT] ICNT<-MEM request 0GB/Sec,0
[2026-03-12 13:33:44.111] [info] Core [0] Tile Stats | Issued: 101 Running: 2 Finished: 99
[2026-03-12 13:33:44.111] [info] cycle: [3256000]
[2026-03-12 13:33:44.111] [info] Core [1] Tile Stats | Issued: 103 Running: 2 Finished: 101
[2026-03-12 13:33:44.111] [info] cycle: [3256000]
[2026-03-12 13:33:44.111] [info] Core [2] Tile Stats | Issued: 103 Running: 2 Finished: 101
[2026-03-12 13:33:44.111] [info] cycle: [3256000]
[2026-03-12 13:33:44.111] [info] Core [3] Tile Stats | Issued: 101 Running: 2 Finished: 99
[2026-03-12 13:33:44.111] [info] cycle: [3256000]
[2026-03-12 13:33:44.111] [info] [ICNT] Core->ICNT request 0GB/Sec,0
[2026-03-12 13:33:44.111] [info] [ICNT] Core<-ICNT request 336GB/Sec,84072
[2026-03-12 13:33:44.111] [info] [ICNT] ICNT->MEM request 0GB/Sec,0
[2026-03-12 13:33:44.111] [info] [ICNT] ICNT<-MEM request 0GB/Sec,0
[2026-03-12 13:33:44.805] [info] Core [0] Tile Stats | Issued: 101 Running: 2 Finished: 99
[2026-03-12 13:33:44.805] [info] cycle: [3264000]
[2026-03-12 13:33:44.805] [info] Core [1] Tile Stats | Issued: 103 Running: 2 Finished: 101
[2026-03-12 13:33:44.805] [info] cycle: [3264000]
[2026-03-12 13:33:44.805] [info] Core [2] Tile Stats | Issued: 103 Running: 2 Finished: 101
[2026-03-12 13:33:44.805] [info] cycle: [3264000]
[2026-03-12 13:33:44.805] [info] Core [3] Tile Stats | Issued: 101 Running: 2 Finished: 99
[2026-03-12 13:33:44.805] [info] cycle: [3264000]
[2026-03-12 13:33:44.805] [info] [ICNT] Core->ICNT request 0GB/Sec,0
[2026-03-12 13:33:44.805] [info] [ICNT] Core<-ICNT request 330GB/Sec,82694
[2026-03-12 13:33:44.805] [info] [ICNT] ICNT->MEM request 0GB/Sec,0
[2026-03-12 13:33:44.805] [info] [ICNT] ICNT<-MEM request 0GB/Sec,0
[2026-03-12 13:33:45.522] [info] Core [0] Tile Stats | Issued: 101 Running: 2 Finished: 99
[2026-03-12 13:33:45.523] [info] cycle: [3272000]
[2026-03-12 13:33:45.523] [info] Core [1] Tile Stats | Issued: 103 Running: 2 Finished: 101
[2026-03-12 13:33:45.523] [info] cycle: [3272000]
[2026-03-12 13:33:45.523] [info] Core [2] Tile Stats | Issued: 103 Running: 2 Finished: 101
[2026-03-12 13:33:45.523] [info] cycle: [3272000]
[2026-03-12 13:33:45.523] [info] Core [3] Tile Stats | Issued: 101 Running: 2 Finished: 99
[2026-03-12 13:33:45.523] [info] cycle: [3272000]
[2026-03-12 13:33:45.523] [info] [ICNT] Core->ICNT request 19GB/Sec,4800
[2026-03-12 13:33:45.523] [info] [ICNT] Core<-ICNT request 335GB/Sec,83783
[2026-03-12 13:33:45.523] [info] [ICNT] ICNT->MEM request 0GB/Sec,0
[2026-03-12 13:33:45.523] [info] [ICNT] ICNT<-MEM request 0GB/Sec,0
[2026-03-12 13:33:46.270] [info] Core [0] Tile Stats | Issued: 102 Running: 2 Finished: 100
[2026-03-12 13:33:46.271] [info] cycle: [3280000]
[2026-03-12 13:33:46.271] [info] Core [1] Tile Stats | Issued: 104 Running: 2 Finished: 102
[2026-03-12 13:33:46.271] [info] cycle: [3280000]
[2026-03-12 13:33:46.271] [info] Core [2] Tile Stats | Issued: 104 Running: 2 Finished: 102
[2026-03-12 13:33:46.271] [info] cycle: [3280000]
[2026-03-12 13:33:46.271] [info] Core [3] Tile Stats | Issued: 102 Running: 2 Finished: 100
[2026-03-12 13:33:46.271] [info] cycle: [3280000]
[2026-03-12 13:33:46.271] [info] [ICNT] Core->ICNT request 1671GB/Sec,417840
[2026-03-12 13:33:46.271] [info] [ICNT] Core<-ICNT request 333GB/Sec,83429
[2026-03-12 13:33:46.271] [info] [ICNT] ICNT->MEM request 0GB/Sec,0
[2026-03-12 13:33:46.271] [info] [ICNT] ICNT<-MEM request 0GB/Sec,0
[2026-03-12 13:33:46.803] [info] Core [0] Tile Stats | Issued: 102 Running: 2 Finished: 100
[2026-03-12 13:33:46.803] [info] cycle: [3288000]
[2026-03-12 13:33:46.803] [info] Core [1] Tile Stats | Issued: 104 Running: 2 Finished: 102
[2026-03-12 13:33:46.803] [info] cycle: [3288000]
[2026-03-12 13:33:46.803] [info] Core [2] Tile Stats | Issued: 104 Running: 2 Finished: 102
[2026-03-12 13:33:46.803] [info] cycle: [3288000]
[2026-03-12 13:33:46.803] [info] Core [3] Tile Stats | Issued: 102 Running: 2 Finished: 100
[2026-03-12 13:33:46.803] [info] cycle: [3288000]
[2026-03-12 13:33:46.803] [info] [ICNT] Core->ICNT request 1155GB/Sec,288848
[2026-03-12 13:33:46.803] [info] [ICNT] Core<-ICNT request 484GB/Sec,121236
[2026-03-12 13:33:46.803] [info] [ICNT] ICNT->MEM request 0GB/Sec,0
[2026-03-12 13:33:46.803] [info] [ICNT] ICNT<-MEM request 0GB/Sec,0
[2026-03-12 13:33:47.485] [info] Core [0] Tile Stats | Issued: 102 Running: 2 Finished: 100
[2026-03-12 13:33:47.485] [info] cycle: [3296000]
[2026-03-12 13:33:47.485] [info] Core [1] Tile Stats | Issued: 104 Running: 2 Finished: 102
[2026-03-12 13:33:47.485] [info] cycle: [3296000]
[2026-03-12 13:33:47.485] [info] Core [2] Tile Stats | Issued: 104 Running: 2 Finished: 102
[2026-03-12 13:33:47.485] [info] cycle: [3296000]
[2026-03-12 13:33:47.485] [info] Core [3] Tile Stats | Issued: 102 Running: 2 Finished: 100
[2026-03-12 13:33:47.485] [info] cycle: [3296000]
[2026-03-12 13:33:47.485] [info] [ICNT] Core->ICNT request 0GB/Sec,0
[2026-03-12 13:33:47.485] [info] [ICNT] Core<-ICNT request 324GB/Sec,81132
[2026-03-12 13:33:47.485] [info] [ICNT] ICNT->MEM request 0GB/Sec,0
[2026-03-12 13:33:47.485] [info] [ICNT] ICNT<-MEM request 0GB/Sec,0
[2026-03-12 13:33:48.225] [info] Core [0] Tile Stats | Issued: 102 Running: 2 Finished: 100
[2026-03-12 13:33:48.225] [info] cycle: [3304000]
[2026-03-12 13:33:48.225] [info] Core [1] Tile Stats | Issued: 104 Running: 2 Finished: 102
[2026-03-12 13:33:48.225] [info] cycle: [3304000]
[2026-03-12 13:33:48.225] [info] Core [2] Tile Stats | Issued: 104 Running: 2 Finished: 102
[2026-03-12 13:33:48.225] [info] cycle: [3304000]
[2026-03-12 13:33:48.225] [info] Core [3] Tile Stats | Issued: 102 Running: 2 Finished: 100
[2026-03-12 13:33:48.225] [info] cycle: [3304000]
[2026-03-12 13:33:48.225] [info] [ICNT] Core->ICNT request 0GB/Sec,0
[2026-03-12 13:33:48.225] [info] [ICNT] Core<-ICNT request 306GB/Sec,76513
[2026-03-12 13:33:48.225] [info] [ICNT] ICNT->MEM request 0GB/Sec,0
[2026-03-12 13:33:48.225] [info] [ICNT] ICNT<-MEM request 0GB/Sec,0
[2026-03-12 13:33:48.943] [info] Core [0] Tile Stats | Issued: 102 Running: 2 Finished: 100
[2026-03-12 13:33:48.943] [info] cycle: [3312000]
[2026-03-12 13:33:48.943] [info] Core [1] Tile Stats | Issued: 104 Running: 2 Finished: 102
[2026-03-12 13:33:48.943] [info] cycle: [3312000]
[2026-03-12 13:33:48.943] [info] Core [2] Tile Stats | Issued: 104 Running: 2 Finished: 102
[2026-03-12 13:33:48.943] [info] cycle: [3312000]
[2026-03-12 13:33:48.943] [info] Core [3] Tile Stats | Issued: 102 Running: 2 Finished: 100
[2026-03-12 13:33:48.943] [info] cycle: [3312000]
[2026-03-12 13:33:48.943] [info] [ICNT] Core->ICNT request 0GB/Sec,0
[2026-03-12 13:33:48.943] [info] [ICNT] Core<-ICNT request 304GB/Sec,76074
[2026-03-12 13:33:48.943] [info] [ICNT] ICNT->MEM request 0GB/Sec,0
[2026-03-12 13:33:48.943] [info] [ICNT] ICNT<-MEM request 0GB/Sec,0
[2026-03-12 13:33:49.630] [info] Core [0] Tile Stats | Issued: 102 Running: 2 Finished: 100
[2026-03-12 13:33:49.630] [info] cycle: [3320000]
[2026-03-12 13:33:49.630] [info] Core [1] Tile Stats | Issued: 104 Running: 2 Finished: 102
[2026-03-12 13:33:49.630] [info] cycle: [3320000]
[2026-03-12 13:33:49.630] [info] Core [2] Tile Stats | Issued: 104 Running: 2 Finished: 102
[2026-03-12 13:33:49.630] [info] cycle: [3320000]
[2026-03-12 13:33:49.630] [info] Core [3] Tile Stats | Issued: 102 Running: 2 Finished: 100
[2026-03-12 13:33:49.630] [info] cycle: [3320000]
[2026-03-12 13:33:49.630] [info] [ICNT] Core->ICNT request 0GB/Sec,0
[2026-03-12 13:33:49.630] [info] [ICNT] Core<-ICNT request 308GB/Sec,77044
[2026-03-12 13:33:49.630] [info] [ICNT] ICNT->MEM request 0GB/Sec,0
[2026-03-12 13:33:49.630] [info] [ICNT] ICNT<-MEM request 0GB/Sec,0
[2026-03-12 13:33:50.338] [info] Core [0] Tile Stats | Issued: 102 Running: 2 Finished: 100
[2026-03-12 13:33:50.338] [info] cycle: [3328000]
[2026-03-12 13:33:50.338] [info] Core [1] Tile Stats | Issued: 104 Running: 2 Finished: 102
[2026-03-12 13:33:50.338] [info] cycle: [3328000]
[2026-03-12 13:33:50.338] [info] Core [2] Tile Stats | Issued: 104 Running: 2 Finished: 102
[2026-03-12 13:33:50.338] [info] cycle: [3328000]
[2026-03-12 13:33:50.338] [info] Core [3] Tile Stats | Issued: 102 Running: 2 Finished: 100
[2026-03-12 13:33:50.338] [info] cycle: [3328000]
[2026-03-12 13:33:50.338] [info] [ICNT] Core->ICNT request 0GB/Sec,0
[2026-03-12 13:33:50.338] [info] [ICNT] Core<-ICNT request 305GB/Sec,76292
[2026-03-12 13:33:50.338] [info] [ICNT] ICNT->MEM request 0GB/Sec,0
[2026-03-12 13:33:50.338] [info] [ICNT] ICNT<-MEM request 0GB/Sec,0
[2026-03-12 13:33:51.037] [info] Core [0] Tile Stats | Issued: 102 Running: 2 Finished: 100
[2026-03-12 13:33:51.037] [info] cycle: [3336000]
[2026-03-12 13:33:51.037] [info] Core [1] Tile Stats | Issued: 104 Running: 2 Finished: 102
[2026-03-12 13:33:51.037] [info] cycle: [3336000]
[2026-03-12 13:33:51.037] [info] Core [2] Tile Stats | Issued: 104 Running: 2 Finished: 102
[2026-03-12 13:33:51.037] [info] cycle: [3336000]
[2026-03-12 13:33:51.037] [info] Core [3] Tile Stats | Issued: 102 Running: 2 Finished: 100
[2026-03-12 13:33:51.037] [info] cycle: [3336000]
[2026-03-12 13:33:51.037] [info] [ICNT] Core->ICNT request 0GB/Sec,0
[2026-03-12 13:33:51.037] [info] [ICNT] Core<-ICNT request 287GB/Sec,71958
[2026-03-12 13:33:51.037] [info] [ICNT] ICNT->MEM request 0GB/Sec,0
[2026-03-12 13:33:51.037] [info] [ICNT] ICNT<-MEM request 0GB/Sec,0
[2026-03-12 13:33:51.691] [info] Core [0] Tile Stats | Issued: 103 Running: 2 Finished: 101
[2026-03-12 13:33:51.691] [info] cycle: [3344000]
[2026-03-12 13:33:51.691] [info] Core [1] Tile Stats | Issued: 105 Running: 2 Finished: 103
[2026-03-12 13:33:51.691] [info] cycle: [3344000]
[2026-03-12 13:33:51.691] [info] Core [2] Tile Stats | Issued: 105 Running: 2 Finished: 103
[2026-03-12 13:33:51.691] [info] cycle: [3344000]
[2026-03-12 13:33:51.691] [info] Core [3] Tile Stats | Issued: 103 Running: 2 Finished: 101
[2026-03-12 13:33:51.691] [info] cycle: [3344000]
[2026-03-12 13:33:51.691] [info] [ICNT] Core->ICNT request 275GB/Sec,68784
[2026-03-12 13:33:51.691] [info] [ICNT] Core<-ICNT request 256GB/Sec,64173
[2026-03-12 13:33:51.691] [info] [ICNT] ICNT->MEM request 0GB/Sec,0
[2026-03-12 13:33:51.691] [info] [ICNT] ICNT<-MEM request 0GB/Sec,0
[2026-03-12 13:33:52.411] [info] Core [0] Tile Stats | Issued: 103 Running: 2 Finished: 101
[2026-03-12 13:33:52.411] [info] cycle: [3352000]
[2026-03-12 13:33:52.411] [info] Core [1] Tile Stats | Issued: 105 Running: 2 Finished: 103
[2026-03-12 13:33:52.411] [info] cycle: [3352000]
[2026-03-12 13:33:52.411] [info] Core [2] Tile Stats | Issued: 105 Running: 2 Finished: 103
[2026-03-12 13:33:52.411] [info] cycle: [3352000]
[2026-03-12 13:33:52.411] [info] Core [3] Tile Stats | Issued: 103 Running: 2 Finished: 101
[2026-03-12 13:33:52.411] [info] cycle: [3352000]
[2026-03-12 13:33:52.411] [info] [ICNT] Core->ICNT request 2048GB/Sec,512000
[2026-03-12 13:33:52.411] [info] [ICNT] Core<-ICNT request 298GB/Sec,74657
[2026-03-12 13:33:52.411] [info] [ICNT] ICNT->MEM request 0GB/Sec,0
[2026-03-12 13:33:52.411] [info] [ICNT] ICNT<-MEM request 0GB/Sec,0
[2026-03-12 13:33:53.195] [info] Core [0] Tile Stats | Issued: 103 Running: 2 Finished: 101
[2026-03-12 13:33:53.195] [info] cycle: [3360000]
[2026-03-12 13:33:53.195] [info] Core [1] Tile Stats | Issued: 105 Running: 2 Finished: 103
[2026-03-12 13:33:53.195] [info] cycle: [3360000]
[2026-03-12 13:33:53.195] [info] Core [2] Tile Stats | Issued: 105 Running: 2 Finished: 103
[2026-03-12 13:33:53.195] [info] cycle: [3360000]
[2026-03-12 13:33:53.195] [info] Core [3] Tile Stats | Issued: 103 Running: 2 Finished: 101
[2026-03-12 13:33:53.195] [info] cycle: [3360000]
[2026-03-12 13:33:53.195] [info] [ICNT] Core->ICNT request 522GB/Sec,130704
[2026-03-12 13:33:53.195] [info] [ICNT] Core<-ICNT request 376GB/Sec,94135
[2026-03-12 13:33:53.195] [info] [ICNT] ICNT->MEM request 0GB/Sec,0
[2026-03-12 13:33:53.195] [info] [ICNT] ICNT<-MEM request 0GB/Sec,0
[2026-03-12 13:33:53.910] [info] Core [0] Tile Stats | Issued: 103 Running: 2 Finished: 101
[2026-03-12 13:33:53.910] [info] cycle: [3368000]
[2026-03-12 13:33:53.910] [info] Core [1] Tile Stats | Issued: 105 Running: 2 Finished: 103
[2026-03-12 13:33:53.910] [info] cycle: [3368000]
[2026-03-12 13:33:53.910] [info] Core [2] Tile Stats | Issued: 105 Running: 2 Finished: 103
[2026-03-12 13:33:53.910] [info] cycle: [3368000]
[2026-03-12 13:33:53.910] [info] Core [3] Tile Stats | Issued: 103 Running: 2 Finished: 101
[2026-03-12 13:33:53.910] [info] cycle: [3368000]
[2026-03-12 13:33:53.910] [info] [ICNT] Core->ICNT request 0GB/Sec,0
[2026-03-12 13:33:53.910] [info] [ICNT] Core<-ICNT request 311GB/Sec,77759
[2026-03-12 13:33:53.910] [info] [ICNT] ICNT->MEM request 0GB/Sec,0
[2026-03-12 13:33:53.910] [info] [ICNT] ICNT<-MEM request 0GB/Sec,0
[2026-03-12 13:33:54.597] [info] Core [0] Tile Stats | Issued: 103 Running: 2 Finished: 101
[2026-03-12 13:33:54.597] [info] cycle: [3376000]
[2026-03-12 13:33:54.597] [info] Core [1] Tile Stats | Issued: 105 Running: 2 Finished: 103
[2026-03-12 13:33:54.597] [info] cycle: [3376000]
[2026-03-12 13:33:54.597] [info] Core [2] Tile Stats | Issued: 105 Running: 2 Finished: 103
[2026-03-12 13:33:54.597] [info] cycle: [3376000]
[2026-03-12 13:33:54.597] [info] Core [3] Tile Stats | Issued: 103 Running: 2 Finished: 101
[2026-03-12 13:33:54.597] [info] cycle: [3376000]
[2026-03-12 13:33:54.597] [info] [ICNT] Core->ICNT request 0GB/Sec,0
[2026-03-12 13:33:54.597] [info] [ICNT] Core<-ICNT request 287GB/Sec,71796
[2026-03-12 13:33:54.597] [info] [ICNT] ICNT->MEM request 0GB/Sec,0
[2026-03-12 13:33:54.597] [info] [ICNT] ICNT<-MEM request 0GB/Sec,0
[2026-03-12 13:33:55.277] [info] Core [0] Tile Stats | Issued: 103 Running: 2 Finished: 101
[2026-03-12 13:33:55.277] [info] cycle: [3384000]
[2026-03-12 13:33:55.277] [info] Core [1] Tile Stats | Issued: 105 Running: 2 Finished: 103
[2026-03-12 13:33:55.277] [info] cycle: [3384000]
[2026-03-12 13:33:55.277] [info] Core [2] Tile Stats | Issued: 105 Running: 2 Finished: 103
[2026-03-12 13:33:55.277] [info] cycle: [3384000]
[2026-03-12 13:33:55.277] [info] Core [3] Tile Stats | Issued: 103 Running: 2 Finished: 101
[2026-03-12 13:33:55.277] [info] cycle: [3384000]
[2026-03-12 13:33:55.277] [info] [ICNT] Core->ICNT request 0GB/Sec,0
[2026-03-12 13:33:55.277] [info] [ICNT] Core<-ICNT request 286GB/Sec,71606
[2026-03-12 13:33:55.277] [info] [ICNT] ICNT->MEM request 0GB/Sec,0
[2026-03-12 13:33:55.277] [info] [ICNT] ICNT<-MEM request 0GB/Sec,0
[2026-03-12 13:33:55.965] [info] Core [0] Tile Stats | Issued: 103 Running: 2 Finished: 101
[2026-03-12 13:33:55.965] [info] cycle: [3392000]
[2026-03-12 13:33:55.965] [info] Core [1] Tile Stats | Issued: 105 Running: 2 Finished: 103
[2026-03-12 13:33:55.965] [info] cycle: [3392000]
[2026-03-12 13:33:55.965] [info] Core [2] Tile Stats | Issued: 105 Running: 2 Finished: 103
[2026-03-12 13:33:55.965] [info] cycle: [3392000]
[2026-03-12 13:33:55.965] [info] Core [3] Tile Stats | Issued: 103 Running: 2 Finished: 101
[2026-03-12 13:33:55.965] [info] cycle: [3392000]
[2026-03-12 13:33:55.965] [info] [ICNT] Core->ICNT request 0GB/Sec,0
[2026-03-12 13:33:55.965] [info] [ICNT] Core<-ICNT request 289GB/Sec,72332
[2026-03-12 13:33:55.965] [info] [ICNT] ICNT->MEM request 0GB/Sec,0
[2026-03-12 13:33:55.965] [info] [ICNT] ICNT<-MEM request 0GB/Sec,0
[2026-03-12 13:33:56.679] [info] Core [0] Tile Stats | Issued: 103 Running: 2 Finished: 101
[2026-03-12 13:33:56.679] [info] cycle: [3400000]
[2026-03-12 13:33:56.679] [info] Core [1] Tile Stats | Issued: 105 Running: 2 Finished: 103
[2026-03-12 13:33:56.679] [info] cycle: [3400000]
[2026-03-12 13:33:56.679] [info] Core [2] Tile Stats | Issued: 105 Running: 2 Finished: 103
[2026-03-12 13:33:56.679] [info] cycle: [3400000]
[2026-03-12 13:33:56.679] [info] Core [3] Tile Stats | Issued: 103 Running: 2 Finished: 101
[2026-03-12 13:33:56.679] [info] cycle: [3400000]
[2026-03-12 13:33:56.679] [info] [ICNT] Core->ICNT request 0GB/Sec,0
[2026-03-12 13:33:56.679] [info] [ICNT] Core<-ICNT request 287GB/Sec,71842
[2026-03-12 13:33:56.679] [info] [ICNT] ICNT->MEM request 0GB/Sec,0
[2026-03-12 13:33:56.679] [info] [ICNT] ICNT<-MEM request 0GB/Sec,0
[2026-03-12 13:33:57.351] [info] Core [0] Tile Stats | Issued: 103 Running: 2 Finished: 101
[2026-03-12 13:33:57.351] [info] cycle: [3408000]
[2026-03-12 13:33:57.351] [info] Core [1] Tile Stats | Issued: 105 Running: 2 Finished: 103
[2026-03-12 13:33:57.351] [info] cycle: [3408000]
[2026-03-12 13:33:57.351] [info] Core [2] Tile Stats | Issued: 105 Running: 2 Finished: 103
[2026-03-12 13:33:57.351] [info] cycle: [3408000]
[2026-03-12 13:33:57.351] [info] Core [3] Tile Stats | Issued: 103 Running: 2 Finished: 101
[2026-03-12 13:33:57.351] [info] cycle: [3408000]
[2026-03-12 13:33:57.351] [info] [ICNT] Core->ICNT request 0GB/Sec,0
[2026-03-12 13:33:57.351] [info] [ICNT] Core<-ICNT request 288GB/Sec,72009
[2026-03-12 13:33:57.351] [info] [ICNT] ICNT->MEM request 0GB/Sec,0
[2026-03-12 13:33:57.351] [info] [ICNT] ICNT<-MEM request 0GB/Sec,0
[2026-03-12 13:33:58.010] [info] Core [0] Tile Stats | Issued: 103 Running: 2 Finished: 101
[2026-03-12 13:33:58.011] [info] cycle: [3416000]
[2026-03-12 13:33:58.011] [info] Core [1] Tile Stats | Issued: 105 Running: 2 Finished: 103
[2026-03-12 13:33:58.011] [info] cycle: [3416000]
[2026-03-12 13:33:58.011] [info] Core [2] Tile Stats | Issued: 105 Running: 2 Finished: 103
[2026-03-12 13:33:58.011] [info] cycle: [3416000]
[2026-03-12 13:33:58.011] [info] Core [3] Tile Stats | Issued: 103 Running: 2 Finished: 101
[2026-03-12 13:33:58.011] [info] cycle: [3416000]
[2026-03-12 13:33:58.011] [info] [ICNT] Core->ICNT request 19GB/Sec,4800
[2026-03-12 13:33:58.011] [info] [ICNT] Core<-ICNT request 284GB/Sec,71130
[2026-03-12 13:33:58.011] [info] [ICNT] ICNT->MEM request 0GB/Sec,0
[2026-03-12 13:33:58.011] [info] [ICNT] ICNT<-MEM request 0GB/Sec,0
[2026-03-12 13:33:58.759] [info] Core [0] Tile Stats | Issued: 104 Running: 2 Finished: 102
[2026-03-12 13:33:58.759] [info] cycle: [3424000]
[2026-03-12 13:33:58.759] [info] Core [1] Tile Stats | Issued: 106 Running: 2 Finished: 104
[2026-03-12 13:33:58.759] [info] cycle: [3424000]
[2026-03-12 13:33:58.759] [info] Core [2] Tile Stats | Issued: 106 Running: 2 Finished: 104
[2026-03-12 13:33:58.759] [info] cycle: [3424000]
[2026-03-12 13:33:58.759] [info] Core [3] Tile Stats | Issued: 104 Running: 2 Finished: 102
[2026-03-12 13:33:58.759] [info] cycle: [3424000]
[2026-03-12 13:33:58.759] [info] [ICNT] Core->ICNT request 962GB/Sec,240608
[2026-03-12 13:33:58.759] [info] [ICNT] Core<-ICNT request 333GB/Sec,83443
[2026-03-12 13:33:58.759] [info] [ICNT] ICNT->MEM request 0GB/Sec,0
[2026-03-12 13:33:58.759] [info] [ICNT] ICNT<-MEM request 0GB/Sec,0
[2026-03-12 13:33:59.563] [info] Core [0] Tile Stats | Issued: 104 Running: 2 Finished: 102
[2026-03-12 13:33:59.564] [info] cycle: [3432000]
[2026-03-12 13:33:59.564] [info] Core [1] Tile Stats | Issued: 106 Running: 2 Finished: 104
[2026-03-12 13:33:59.564] [info] cycle: [3432000]
[2026-03-12 13:33:59.564] [info] Core [2] Tile Stats | Issued: 106 Running: 2 Finished: 104
[2026-03-12 13:33:59.564] [info] cycle: [3432000]
[2026-03-12 13:33:59.564] [info] Core [3] Tile Stats | Issued: 104 Running: 2 Finished: 102
[2026-03-12 13:33:59.564] [info] cycle: [3432000]
[2026-03-12 13:33:59.564] [info] [ICNT] Core->ICNT request 1864GB/Sec,466080
[2026-03-12 13:33:59.564] [info] [ICNT] Core<-ICNT request 406GB/Sec,101562
[2026-03-12 13:33:59.564] [info] [ICNT] ICNT->MEM request 0GB/Sec,0
[2026-03-12 13:33:59.564] [info] [ICNT] ICNT<-MEM request 0GB/Sec,0
[2026-03-12 13:34:00.497] [info] Core [0] Tile Stats | Issued: 104 Running: 2 Finished: 102
[2026-03-12 13:34:00.497] [info] cycle: [3440000]
[2026-03-12 13:34:00.497] [info] Core [1] Tile Stats | Issued: 106 Running: 2 Finished: 104
[2026-03-12 13:34:00.497] [info] cycle: [3440000]
[2026-03-12 13:34:00.497] [info] Core [2] Tile Stats | Issued: 106 Running: 2 Finished: 104
[2026-03-12 13:34:00.497] [info] cycle: [3440000]
[2026-03-12 13:34:00.497] [info] Core [3] Tile Stats | Issued: 104 Running: 2 Finished: 102
[2026-03-12 13:34:00.497] [info] cycle: [3440000]
[2026-03-12 13:34:00.497] [info] [ICNT] Core->ICNT request 0GB/Sec,0
[2026-03-12 13:34:00.497] [info] [ICNT] Core<-ICNT request 372GB/Sec,93048
[2026-03-12 13:34:00.497] [info] [ICNT] ICNT->MEM request 0GB/Sec,0
[2026-03-12 13:34:00.497] [info] [ICNT] ICNT<-MEM request 0GB/Sec,0
[2026-03-12 13:34:01.292] [info] Core [0] Tile Stats | Issued: 104 Running: 2 Finished: 102
[2026-03-12 13:34:01.292] [info] cycle: [3448000]
[2026-03-12 13:34:01.292] [info] Core [1] Tile Stats | Issued: 106 Running: 2 Finished: 104
[2026-03-12 13:34:01.292] [info] cycle: [3448000]
[2026-03-12 13:34:01.292] [info] Core [2] Tile Stats | Issued: 106 Running: 2 Finished: 104
[2026-03-12 13:34:01.292] [info] cycle: [3448000]
[2026-03-12 13:34:01.292] [info] Core [3] Tile Stats | Issued: 104 Running: 2 Finished: 102
[2026-03-12 13:34:01.292] [info] cycle: [3448000]
[2026-03-12 13:34:01.292] [info] [ICNT] Core->ICNT request 0GB/Sec,0
[2026-03-12 13:34:01.292] [info] [ICNT] Core<-ICNT request 323GB/Sec,80797
[2026-03-12 13:34:01.292] [info] [ICNT] ICNT->MEM request 0GB/Sec,0
[2026-03-12 13:34:01.292] [info] [ICNT] ICNT<-MEM request 0GB/Sec,0
[2026-03-12 13:34:02.074] [info] Core [0] Tile Stats | Issued: 104 Running: 2 Finished: 102
[2026-03-12 13:34:02.074] [info] cycle: [3456000]
[2026-03-12 13:34:02.074] [info] Core [1] Tile Stats | Issued: 106 Running: 2 Finished: 104
[2026-03-12 13:34:02.074] [info] cycle: [3456000]
[2026-03-12 13:34:02.074] [info] Core [2] Tile Stats | Issued: 106 Running: 2 Finished: 104
[2026-03-12 13:34:02.074] [info] cycle: [3456000]
[2026-03-12 13:34:02.074] [info] Core [3] Tile Stats | Issued: 104 Running: 2 Finished: 102
[2026-03-12 13:34:02.074] [info] cycle: [3456000]
[2026-03-12 13:34:02.074] [info] [ICNT] Core->ICNT request 0GB/Sec,0
[2026-03-12 13:34:02.074] [info] [ICNT] Core<-ICNT request 322GB/Sec,80684
[2026-03-12 13:34:02.074] [info] [ICNT] ICNT->MEM request 0GB/Sec,0
[2026-03-12 13:34:02.074] [info] [ICNT] ICNT<-MEM request 0GB/Sec,0
[2026-03-12 13:34:02.832] [info] Core [0] Tile Stats | Issued: 104 Running: 2 Finished: 102
[2026-03-12 13:34:02.832] [info] cycle: [3464000]
[2026-03-12 13:34:02.832] [info] Core [1] Tile Stats | Issued: 106 Running: 2 Finished: 104
[2026-03-12 13:34:02.832] [info] cycle: [3464000]
[2026-03-12 13:34:02.832] [info] Core [2] Tile Stats | Issued: 106 Running: 2 Finished: 104
[2026-03-12 13:34:02.832] [info] cycle: [3464000]
[2026-03-12 13:34:02.832] [info] Core [3] Tile Stats | Issued: 104 Running: 2 Finished: 102
[2026-03-12 13:34:02.832] [info] cycle: [3464000]
[2026-03-12 13:34:02.832] [info] [ICNT] Core->ICNT request 0GB/Sec,0
[2026-03-12 13:34:02.832] [info] [ICNT] Core<-ICNT request 322GB/Sec,80553
[2026-03-12 13:34:02.832] [info] [ICNT] ICNT->MEM request 0GB/Sec,0
[2026-03-12 13:34:02.832] [info] [ICNT] ICNT<-MEM request 0GB/Sec,0
[2026-03-12 13:34:03.563] [info] Core [0] Tile Stats | Issued: 104 Running: 2 Finished: 102
[2026-03-12 13:34:03.563] [info] cycle: [3472000]
[2026-03-12 13:34:03.563] [info] Core [1] Tile Stats | Issued: 106 Running: 2 Finished: 104
[2026-03-12 13:34:03.563] [info] cycle: [3472000]
[2026-03-12 13:34:03.563] [info] Core [2] Tile Stats | Issued: 106 Running: 2 Finished: 104
[2026-03-12 13:34:03.563] [info] cycle: [3472000]
[2026-03-12 13:34:03.563] [info] Core [3] Tile Stats | Issued: 104 Running: 2 Finished: 102
[2026-03-12 13:34:03.563] [info] cycle: [3472000]
[2026-03-12 13:34:03.563] [info] [ICNT] Core->ICNT request 0GB/Sec,0
[2026-03-12 13:34:03.563] [info] [ICNT] Core<-ICNT request 324GB/Sec,81082
[2026-03-12 13:34:03.563] [info] [ICNT] ICNT->MEM request 0GB/Sec,0
[2026-03-12 13:34:03.563] [info] [ICNT] ICNT<-MEM request 0GB/Sec,0
[2026-03-12 13:34:04.259] [info] Core [0] Tile Stats | Issued: 104 Running: 2 Finished: 102
[2026-03-12 13:34:04.259] [info] cycle: [3480000]
[2026-03-12 13:34:04.259] [info] Core [1] Tile Stats | Issued: 106 Running: 2 Finished: 104
[2026-03-12 13:34:04.259] [info] cycle: [3480000]
[2026-03-12 13:34:04.259] [info] Core [2] Tile Stats | Issued: 106 Running: 2 Finished: 104
[2026-03-12 13:34:04.259] [info] cycle: [3480000]
[2026-03-12 13:34:04.259] [info] Core [3] Tile Stats | Issued: 104 Running: 2 Finished: 102
[2026-03-12 13:34:04.259] [info] cycle: [3480000]
[2026-03-12 13:34:04.259] [info] [ICNT] Core->ICNT request 0GB/Sec,0
[2026-03-12 13:34:04.259] [info] [ICNT] Core<-ICNT request 318GB/Sec,79699
[2026-03-12 13:34:04.259] [info] [ICNT] ICNT->MEM request 0GB/Sec,0
[2026-03-12 13:34:04.259] [info] [ICNT] ICNT<-MEM request 0GB/Sec,0
[2026-03-12 13:34:04.979] [info] Core [0] Tile Stats | Issued: 104 Running: 2 Finished: 102
[2026-03-12 13:34:04.979] [info] cycle: [3488000]
[2026-03-12 13:34:04.979] [info] Core [1] Tile Stats | Issued: 107 Running: 2 Finished: 105
[2026-03-12 13:34:04.979] [info] cycle: [3488000]
[2026-03-12 13:34:04.979] [info] Core [2] Tile Stats | Issued: 107 Running: 2 Finished: 105
[2026-03-12 13:34:04.979] [info] cycle: [3488000]
[2026-03-12 13:34:04.979] [info] Core [3] Tile Stats | Issued: 105 Running: 2 Finished: 103
[2026-03-12 13:34:04.979] [info] cycle: [3488000]
[2026-03-12 13:34:04.979] [info] [ICNT] Core->ICNT request 174GB/Sec,43680
[2026-03-12 13:34:04.979] [info] [ICNT] Core<-ICNT request 317GB/Sec,79344
[2026-03-12 13:34:04.979] [info] [ICNT] ICNT->MEM request 0GB/Sec,0
[2026-03-12 13:34:04.979] [info] [ICNT] ICNT<-MEM request 0GB/Sec,0
[2026-03-12 13:34:05.787] [info] Core [0] Tile Stats | Issued: 105 Running: 2 Finished: 103
[2026-03-12 13:34:05.787] [info] cycle: [3496000]
[2026-03-12 13:34:05.787] [info] Core [1] Tile Stats | Issued: 107 Running: 2 Finished: 105
[2026-03-12 13:34:05.787] [info] cycle: [3496000]
[2026-03-12 13:34:05.787] [info] Core [2] Tile Stats | Issued: 107 Running: 2 Finished: 105
[2026-03-12 13:34:05.787] [info] cycle: [3496000]
[2026-03-12 13:34:05.787] [info] Core [3] Tile Stats | Issued: 105 Running: 2 Finished: 103
[2026-03-12 13:34:05.787] [info] cycle: [3496000]
[2026-03-12 13:34:05.787] [info] [ICNT] Core->ICNT request 2042GB/Sec,510656
[2026-03-12 13:34:05.787] [info] [ICNT] Core<-ICNT request 365GB/Sec,91359
[2026-03-12 13:34:05.787] [info] [ICNT] ICNT->MEM request 0GB/Sec,0
[2026-03-12 13:34:05.787] [info] [ICNT] ICNT<-MEM request 0GB/Sec,0
[2026-03-12 13:34:06.558] [info] Core [0] Tile Stats | Issued: 105 Running: 2 Finished: 103
[2026-03-12 13:34:06.558] [info] cycle: [3504000]
[2026-03-12 13:34:06.558] [info] Core [1] Tile Stats | Issued: 107 Running: 2 Finished: 105
[2026-03-12 13:34:06.558] [info] cycle: [3504000]
[2026-03-12 13:34:06.558] [info] Core [2] Tile Stats | Issued: 107 Running: 2 Finished: 105
[2026-03-12 13:34:06.558] [info] cycle: [3504000]
[2026-03-12 13:34:06.558] [info] Core [3] Tile Stats | Issued: 105 Running: 2 Finished: 103
[2026-03-12 13:34:06.558] [info] cycle: [3504000]
[2026-03-12 13:34:06.558] [info] [ICNT] Core->ICNT request 628GB/Sec,157152
[2026-03-12 13:34:06.558] [info] [ICNT] Core<-ICNT request 400GB/Sec,100184
[2026-03-12 13:34:06.558] [info] [ICNT] ICNT->MEM request 0GB/Sec,0
[2026-03-12 13:34:06.558] [info] [ICNT] ICNT<-MEM request 0GB/Sec,0
[2026-03-12 13:34:07.257] [info] Core [0] Tile Stats | Issued: 105 Running: 2 Finished: 103
[2026-03-12 13:34:07.257] [info] cycle: [3512000]
[2026-03-12 13:34:07.257] [info] Core [1] Tile Stats | Issued: 107 Running: 2 Finished: 105
[2026-03-12 13:34:07.257] [info] cycle: [3512000]
[2026-03-12 13:34:07.257] [info] Core [2] Tile Stats | Issued: 107 Running: 2 Finished: 105
[2026-03-12 13:34:07.257] [info] cycle: [3512000]
[2026-03-12 13:34:07.257] [info] Core [3] Tile Stats | Issued: 105 Running: 2 Finished: 103
[2026-03-12 13:34:07.257] [info] cycle: [3512000]
[2026-03-12 13:34:07.257] [info] [ICNT] Core->ICNT request 0GB/Sec,0
[2026-03-12 13:34:07.257] [info] [ICNT] Core<-ICNT request 315GB/Sec,78980
[2026-03-12 13:34:07.257] [info] [ICNT] ICNT->MEM request 0GB/Sec,0
[2026-03-12 13:34:07.257] [info] [ICNT] ICNT<-MEM request 0GB/Sec,0
[2026-03-12 13:34:07.964] [info] Core [0] Tile Stats | Issued: 105 Running: 2 Finished: 103
[2026-03-12 13:34:07.965] [info] cycle: [3520000]
[2026-03-12 13:34:07.965] [info] Core [1] Tile Stats | Issued: 107 Running: 2 Finished: 105
[2026-03-12 13:34:07.965] [info] cycle: [3520000]
[2026-03-12 13:34:07.965] [info] Core [2] Tile Stats | Issued: 107 Running: 2 Finished: 105
[2026-03-12 13:34:07.965] [info] cycle: [3520000]
[2026-03-12 13:34:07.965] [info] Core [3] Tile Stats | Issued: 105 Running: 2 Finished: 103
[2026-03-12 13:34:07.965] [info] cycle: [3520000]
[2026-03-12 13:34:07.965] [info] [ICNT] Core->ICNT request 0GB/Sec,0
[2026-03-12 13:34:07.965] [info] [ICNT] Core<-ICNT request 304GB/Sec,76026
[2026-03-12 13:34:07.965] [info] [ICNT] ICNT->MEM request 0GB/Sec,0
[2026-03-12 13:34:07.965] [info] [ICNT] ICNT<-MEM request 0GB/Sec,0
[2026-03-12 13:34:08.767] [info] Core [0] Tile Stats | Issued: 105 Running: 2 Finished: 103
[2026-03-12 13:34:08.767] [info] cycle: [3528000]
[2026-03-12 13:34:08.767] [info] Core [1] Tile Stats | Issued: 107 Running: 2 Finished: 105
[2026-03-12 13:34:08.767] [info] cycle: [3528000]
[2026-03-12 13:34:08.767] [info] Core [2] Tile Stats | Issued: 107 Running: 2 Finished: 105
[2026-03-12 13:34:08.767] [info] cycle: [3528000]
[2026-03-12 13:34:08.767] [info] Core [3] Tile Stats | Issued: 105 Running: 2 Finished: 103
[2026-03-12 13:34:08.767] [info] cycle: [3528000]
[2026-03-12 13:34:08.767] [info] [ICNT] Core->ICNT request 0GB/Sec,0
[2026-03-12 13:34:08.767] [info] [ICNT] Core<-ICNT request 304GB/Sec,76212
[2026-03-12 13:34:08.767] [info] [ICNT] ICNT->MEM request 0GB/Sec,0
[2026-03-12 13:34:08.767] [info] [ICNT] ICNT<-MEM request 0GB/Sec,0
[2026-03-12 13:34:09.546] [info] Core [0] Tile Stats | Issued: 105 Running: 2 Finished: 103
[2026-03-12 13:34:09.546] [info] cycle: [3536000]
[2026-03-12 13:34:09.546] [info] Core [1] Tile Stats | Issued: 107 Running: 2 Finished: 105
[2026-03-12 13:34:09.546] [info] cycle: [3536000]
[2026-03-12 13:34:09.546] [info] Core [2] Tile Stats | Issued: 107 Running: 2 Finished: 105
[2026-03-12 13:34:09.546] [info] cycle: [3536000]
[2026-03-12 13:34:09.546] [info] Core [3] Tile Stats | Issued: 105 Running: 2 Finished: 103
[2026-03-12 13:34:09.546] [info] cycle: [3536000]
[2026-03-12 13:34:09.546] [info] [ICNT] Core->ICNT request 0GB/Sec,0
[2026-03-12 13:34:09.546] [info] [ICNT] Core<-ICNT request 305GB/Sec,76279
[2026-03-12 13:34:09.546] [info] [ICNT] ICNT->MEM request 0GB/Sec,0
[2026-03-12 13:34:09.546] [info] [ICNT] ICNT<-MEM request 0GB/Sec,0
[2026-03-12 13:34:10.291] [info] Core [0] Tile Stats | Issued: 105 Running: 2 Finished: 103
[2026-03-12 13:34:10.291] [info] cycle: [3544000]
[2026-03-12 13:34:10.291] [info] Core [1] Tile Stats | Issued: 107 Running: 2 Finished: 105
[2026-03-12 13:34:10.291] [info] cycle: [3544000]
[2026-03-12 13:34:10.291] [info] Core [2] Tile Stats | Issued: 107 Running: 2 Finished: 105
[2026-03-12 13:34:10.291] [info] cycle: [3544000]
[2026-03-12 13:34:10.291] [info] Core [3] Tile Stats | Issued: 105 Running: 2 Finished: 103
[2026-03-12 13:34:10.291] [info] cycle: [3544000]
[2026-03-12 13:34:10.291] [info] [ICNT] Core->ICNT request 0GB/Sec,0
[2026-03-12 13:34:10.291] [info] [ICNT] Core<-ICNT request 304GB/Sec,76190
[2026-03-12 13:34:10.291] [info] [ICNT] ICNT->MEM request 0GB/Sec,0
[2026-03-12 13:34:10.291] [info] [ICNT] ICNT<-MEM request 0GB/Sec,0
[2026-03-12 13:34:11.166] [info] Core [0] Tile Stats | Issued: 105 Running: 2 Finished: 103
[2026-03-12 13:34:11.166] [info] cycle: [3552000]
[2026-03-12 13:34:11.166] [info] Core [1] Tile Stats | Issued: 107 Running: 2 Finished: 105
[2026-03-12 13:34:11.166] [info] cycle: [3552000]
[2026-03-12 13:34:11.166] [info] Core [2] Tile Stats | Issued: 107 Running: 2 Finished: 105
[2026-03-12 13:34:11.166] [info] cycle: [3552000]
[2026-03-12 13:34:11.166] [info] Core [3] Tile Stats | Issued: 105 Running: 2 Finished: 103
[2026-03-12 13:34:11.166] [info] cycle: [3552000]
[2026-03-12 13:34:11.166] [info] [ICNT] Core->ICNT request 0GB/Sec,0
[2026-03-12 13:34:11.166] [info] [ICNT] Core<-ICNT request 295GB/Sec,73773
[2026-03-12 13:34:11.166] [info] [ICNT] ICNT->MEM request 0GB/Sec,0
[2026-03-12 13:34:11.166] [info] [ICNT] ICNT<-MEM request 0GB/Sec,0
[2026-03-12 13:34:12.075] [info] Core [0] Tile Stats | Issued: 106 Running: 2 Finished: 104
[2026-03-12 13:34:12.075] [info] cycle: [3560000]
[2026-03-12 13:34:12.075] [info] Core [1] Tile Stats | Issued: 108 Running: 2 Finished: 106
[2026-03-12 13:34:12.075] [info] cycle: [3560000]
[2026-03-12 13:34:12.075] [info] Core [2] Tile Stats | Issued: 108 Running: 2 Finished: 106
[2026-03-12 13:34:12.075] [info] cycle: [3560000]
[2026-03-12 13:34:12.075] [info] Core [3] Tile Stats | Issued: 106 Running: 2 Finished: 104
[2026-03-12 13:34:12.075] [info] cycle: [3560000]
[2026-03-12 13:34:12.075] [info] [ICNT] Core->ICNT request 728GB/Sec,182096
[2026-03-12 13:34:12.075] [info] [ICNT] Core<-ICNT request 310GB/Sec,77740
[2026-03-12 13:34:12.075] [info] [ICNT] ICNT->MEM request 0GB/Sec,0
[2026-03-12 13:34:12.075] [info] [ICNT] ICNT<-MEM request 0GB/Sec,0
[2026-03-12 13:34:12.901] [info] Core [0] Tile Stats | Issued: 106 Running: 2 Finished: 104
[2026-03-12 13:34:12.901] [info] cycle: [3568000]
[2026-03-12 13:34:12.901] [info] Core [1] Tile Stats | Issued: 108 Running: 2 Finished: 106
[2026-03-12 13:34:12.901] [info] cycle: [3568000]
[2026-03-12 13:34:12.901] [info] Core [2] Tile Stats | Issued: 108 Running: 2 Finished: 106
[2026-03-12 13:34:12.901] [info] cycle: [3568000]
[2026-03-12 13:34:12.901] [info] Core [3] Tile Stats | Issued: 106 Running: 2 Finished: 104
[2026-03-12 13:34:12.901] [info] cycle: [3568000]
[2026-03-12 13:34:12.901] [info] [ICNT] Core->ICNT request 1916GB/Sec,479248
[2026-03-12 13:34:12.901] [info] [ICNT] Core<-ICNT request 378GB/Sec,94693
[2026-03-12 13:34:12.901] [info] [ICNT] ICNT->MEM request 0GB/Sec,0
[2026-03-12 13:34:12.901] [info] [ICNT] ICNT<-MEM request 0GB/Sec,0
[2026-03-12 13:34:13.741] [info] Core [0] Tile Stats | Issued: 106 Running: 2 Finished: 104
[2026-03-12 13:34:13.741] [info] cycle: [3576000]
[2026-03-12 13:34:13.741] [info] Core [1] Tile Stats | Issued: 108 Running: 2 Finished: 106
[2026-03-12 13:34:13.741] [info] cycle: [3576000]
[2026-03-12 13:34:13.741] [info] Core [2] Tile Stats | Issued: 108 Running: 2 Finished: 106
[2026-03-12 13:34:13.741] [info] cycle: [3576000]
[2026-03-12 13:34:13.741] [info] Core [3] Tile Stats | Issued: 106 Running: 2 Finished: 104
[2026-03-12 13:34:13.741] [info] cycle: [3576000]
[2026-03-12 13:34:13.741] [info] [ICNT] Core->ICNT request 200GB/Sec,50144
[2026-03-12 13:34:13.741] [info] [ICNT] Core<-ICNT request 376GB/Sec,94087
[2026-03-12 13:34:13.741] [info] [ICNT] ICNT->MEM request 0GB/Sec,0
[2026-03-12 13:34:13.741] [info] [ICNT] ICNT<-MEM request 0GB/Sec,0
[2026-03-12 13:34:14.543] [info] Core [0] Tile Stats | Issued: 106 Running: 2 Finished: 104
[2026-03-12 13:34:14.543] [info] cycle: [3584000]
[2026-03-12 13:34:14.543] [info] Core [1] Tile Stats | Issued: 108 Running: 2 Finished: 106
[2026-03-12 13:34:14.543] [info] cycle: [3584000]
[2026-03-12 13:34:14.543] [info] Core [2] Tile Stats | Issued: 108 Running: 2 Finished: 106
[2026-03-12 13:34:14.543] [info] cycle: [3584000]
[2026-03-12 13:34:14.543] [info] Core [3] Tile Stats | Issued: 106 Running: 2 Finished: 104
[2026-03-12 13:34:14.543] [info] cycle: [3584000]
[2026-03-12 13:34:14.543] [info] [ICNT] Core->ICNT request 0GB/Sec,0
[2026-03-12 13:34:14.543] [info] [ICNT] Core<-ICNT request 317GB/Sec,79269
[2026-03-12 13:34:14.543] [info] [ICNT] ICNT->MEM request 0GB/Sec,0
[2026-03-12 13:34:14.543] [info] [ICNT] ICNT<-MEM request 0GB/Sec,0
[2026-03-12 13:34:15.293] [info] Core [0] Tile Stats | Issued: 106 Running: 2 Finished: 104
[2026-03-12 13:34:15.293] [info] cycle: [3592000]
[2026-03-12 13:34:15.293] [info] Core [1] Tile Stats | Issued: 108 Running: 2 Finished: 106
[2026-03-12 13:34:15.293] [info] cycle: [3592000]
[2026-03-12 13:34:15.293] [info] Core [2] Tile Stats | Issued: 108 Running: 2 Finished: 106
[2026-03-12 13:34:15.293] [info] cycle: [3592000]
[2026-03-12 13:34:15.293] [info] Core [3] Tile Stats | Issued: 106 Running: 2 Finished: 104
[2026-03-12 13:34:15.293] [info] cycle: [3592000]
[2026-03-12 13:34:15.293] [info] [ICNT] Core->ICNT request 0GB/Sec,0
[2026-03-12 13:34:15.293] [info] [ICNT] Core<-ICNT request 314GB/Sec,78600
[2026-03-12 13:34:15.293] [info] [ICNT] ICNT->MEM request 0GB/Sec,0
[2026-03-12 13:34:15.293] [info] [ICNT] ICNT<-MEM request 0GB/Sec,0
[2026-03-12 13:34:16.049] [info] Core [0] Tile Stats | Issued: 106 Running: 2 Finished: 104
[2026-03-12 13:34:16.049] [info] cycle: [3600000]
[2026-03-12 13:34:16.049] [info] Core [1] Tile Stats | Issued: 108 Running: 2 Finished: 106
[2026-03-12 13:34:16.049] [info] cycle: [3600000]
[2026-03-12 13:34:16.049] [info] Core [2] Tile Stats | Issued: 108 Running: 2 Finished: 106
[2026-03-12 13:34:16.049] [info] cycle: [3600000]
[2026-03-12 13:34:16.049] [info] Core [3] Tile Stats | Issued: 106 Running: 2 Finished: 104
[2026-03-12 13:34:16.049] [info] cycle: [3600000]
[2026-03-12 13:34:16.049] [info] [ICNT] Core->ICNT request 0GB/Sec,0
[2026-03-12 13:34:16.049] [info] [ICNT] Core<-ICNT request 310GB/Sec,77572
[2026-03-12 13:34:16.049] [info] [ICNT] ICNT->MEM request 0GB/Sec,0
[2026-03-12 13:34:16.049] [info] [ICNT] ICNT<-MEM request 0GB/Sec,0
[2026-03-12 13:34:16.785] [info] Core [0] Tile Stats | Issued: 106 Running: 2 Finished: 104
[2026-03-12 13:34:16.785] [info] cycle: [3608000]
[2026-03-12 13:34:16.785] [info] Core [1] Tile Stats | Issued: 108 Running: 2 Finished: 106
[2026-03-12 13:34:16.785] [info] cycle: [3608000]
[2026-03-12 13:34:16.785] [info] Core [2] Tile Stats | Issued: 108 Running: 2 Finished: 106
[2026-03-12 13:34:16.785] [info] cycle: [3608000]
[2026-03-12 13:34:16.785] [info] Core [3] Tile Stats | Issued: 106 Running: 2 Finished: 104
[2026-03-12 13:34:16.785] [info] cycle: [3608000]
[2026-03-12 13:34:16.785] [info] [ICNT] Core->ICNT request 0GB/Sec,0
[2026-03-12 13:34:16.785] [info] [ICNT] Core<-ICNT request 313GB/Sec,78408
[2026-03-12 13:34:16.785] [info] [ICNT] ICNT->MEM request 0GB/Sec,0
[2026-03-12 13:34:16.785] [info] [ICNT] ICNT<-MEM request 0GB/Sec,0
[2026-03-12 13:34:17.516] [info] Core [0] Tile Stats | Issued: 106 Running: 2 Finished: 104
[2026-03-12 13:34:17.516] [info] cycle: [3616000]
[2026-03-12 13:34:17.516] [info] Core [1] Tile Stats | Issued: 108 Running: 2 Finished: 106
[2026-03-12 13:34:17.516] [info] cycle: [3616000]
[2026-03-12 13:34:17.516] [info] Core [2] Tile Stats | Issued: 108 Running: 2 Finished: 106
[2026-03-12 13:34:17.516] [info] cycle: [3616000]
[2026-03-12 13:34:17.516] [info] Core [3] Tile Stats | Issued: 106 Running: 2 Finished: 104
[2026-03-12 13:34:17.516] [info] cycle: [3616000]
[2026-03-12 13:34:17.516] [info] [ICNT] Core->ICNT request 0GB/Sec,0
[2026-03-12 13:34:17.516] [info] [ICNT] Core<-ICNT request 313GB/Sec,78324
[2026-03-12 13:34:17.516] [info] [ICNT] ICNT->MEM request 0GB/Sec,0
[2026-03-12 13:34:17.516] [info] [ICNT] ICNT<-MEM request 0GB/Sec,0
[2026-03-12 13:34:18.283] [info] Core [0] Tile Stats | Issued: 106 Running: 2 Finished: 104
[2026-03-12 13:34:18.283] [info] cycle: [3624000]
[2026-03-12 13:34:18.283] [info] Core [1] Tile Stats | Issued: 108 Running: 2 Finished: 106
[2026-03-12 13:34:18.283] [info] cycle: [3624000]
[2026-03-12 13:34:18.283] [info] Core [2] Tile Stats | Issued: 108 Running: 2 Finished: 106
[2026-03-12 13:34:18.283] [info] cycle: [3624000]
[2026-03-12 13:34:18.283] [info] Core [3] Tile Stats | Issued: 106 Running: 2 Finished: 104
[2026-03-12 13:34:18.283] [info] cycle: [3624000]
[2026-03-12 13:34:18.283] [info] [ICNT] Core->ICNT request 19GB/Sec,4800
[2026-03-12 13:34:18.283] [info] [ICNT] Core<-ICNT request 319GB/Sec,79878
[2026-03-12 13:34:18.283] [info] [ICNT] ICNT->MEM request 0GB/Sec,0
[2026-03-12 13:34:18.283] [info] [ICNT] ICNT<-MEM request 0GB/Sec,0
[2026-03-12 13:34:19.075] [info] Core [0] Tile Stats | Issued: 107 Running: 2 Finished: 105
[2026-03-12 13:34:19.075] [info] cycle: [3632000]
[2026-03-12 13:34:19.075] [info] Core [1] Tile Stats | Issued: 109 Running: 2 Finished: 107
[2026-03-12 13:34:19.075] [info] cycle: [3632000]
[2026-03-12 13:34:19.075] [info] Core [2] Tile Stats | Issued: 109 Running: 2 Finished: 107
[2026-03-12 13:34:19.075] [info] cycle: [3632000]
[2026-03-12 13:34:19.075] [info] Core [3] Tile Stats | Issued: 107 Running: 2 Finished: 105
[2026-03-12 13:34:19.075] [info] cycle: [3632000]
[2026-03-12 13:34:19.075] [info] [ICNT] Core->ICNT request 1110GB/Sec,277728
[2026-03-12 13:34:19.075] [info] [ICNT] Core<-ICNT request 329GB/Sec,82352
[2026-03-12 13:34:19.075] [info] [ICNT] ICNT->MEM request 0GB/Sec,0
[2026-03-12 13:34:19.075] [info] [ICNT] ICNT<-MEM request 0GB/Sec,0
[2026-03-12 13:34:19.855] [info] Core [0] Tile Stats | Issued: 107 Running: 2 Finished: 105
[2026-03-12 13:34:19.855] [info] cycle: [3640000]
[2026-03-12 13:34:19.855] [info] Core [1] Tile Stats | Issued: 109 Running: 2 Finished: 107
[2026-03-12 13:34:19.855] [info] cycle: [3640000]
[2026-03-12 13:34:19.855] [info] Core [2] Tile Stats | Issued: 109 Running: 2 Finished: 107
[2026-03-12 13:34:19.855] [info] cycle: [3640000]
[2026-03-12 13:34:19.855] [info] Core [3] Tile Stats | Issued: 107 Running: 2 Finished: 105
[2026-03-12 13:34:19.855] [info] cycle: [3640000]
[2026-03-12 13:34:19.855] [info] [ICNT] Core->ICNT request 1715GB/Sec,428960
[2026-03-12 13:34:19.855] [info] [ICNT] Core<-ICNT request 361GB/Sec,90303
[2026-03-12 13:34:19.855] [info] [ICNT] ICNT->MEM request 0GB/Sec,0
[2026-03-12 13:34:19.855] [info] [ICNT] ICNT<-MEM request 0GB/Sec,0
[2026-03-12 13:34:20.621] [info] Core [0] Tile Stats | Issued: 107 Running: 2 Finished: 105
[2026-03-12 13:34:20.621] [info] cycle: [3648000]
[2026-03-12 13:34:20.621] [info] Core [1] Tile Stats | Issued: 109 Running: 2 Finished: 107
[2026-03-12 13:34:20.621] [info] cycle: [3648000]
[2026-03-12 13:34:20.621] [info] Core [2] Tile Stats | Issued: 109 Running: 2 Finished: 107
[2026-03-12 13:34:20.621] [info] cycle: [3648000]
[2026-03-12 13:34:20.621] [info] Core [3] Tile Stats | Issued: 107 Running: 2 Finished: 105
[2026-03-12 13:34:20.621] [info] cycle: [3648000]
[2026-03-12 13:34:20.621] [info] [ICNT] Core->ICNT request 0GB/Sec,0
[2026-03-12 13:34:20.621] [info] [ICNT] Core<-ICNT request 366GB/Sec,91676
[2026-03-12 13:34:20.621] [info] [ICNT] ICNT->MEM request 0GB/Sec,0
[2026-03-12 13:34:20.621] [info] [ICNT] ICNT<-MEM request 0GB/Sec,0
[2026-03-12 13:34:21.438] [info] Core [0] Tile Stats | Issued: 107 Running: 2 Finished: 105
[2026-03-12 13:34:21.438] [info] cycle: [3656000]
[2026-03-12 13:34:21.438] [info] Core [1] Tile Stats | Issued: 109 Running: 2 Finished: 107
[2026-03-12 13:34:21.438] [info] cycle: [3656000]
[2026-03-12 13:34:21.438] [info] Core [2] Tile Stats | Issued: 109 Running: 2 Finished: 107
[2026-03-12 13:34:21.438] [info] cycle: [3656000]
[2026-03-12 13:34:21.438] [info] Core [3] Tile Stats | Issued: 107 Running: 2 Finished: 105
[2026-03-12 13:34:21.438] [info] cycle: [3656000]
[2026-03-12 13:34:21.438] [info] [ICNT] Core->ICNT request 0GB/Sec,0
[2026-03-12 13:34:21.438] [info] [ICNT] Core<-ICNT request 319GB/Sec,79869
[2026-03-12 13:34:21.438] [info] [ICNT] ICNT->MEM request 0GB/Sec,0
[2026-03-12 13:34:21.438] [info] [ICNT] ICNT<-MEM request 0GB/Sec,0
[2026-03-12 13:34:22.173] [info] Core [0] Tile Stats | Issued: 107 Running: 2 Finished: 105
[2026-03-12 13:34:22.173] [info] cycle: [3664000]
[2026-03-12 13:34:22.173] [info] Core [1] Tile Stats | Issued: 109 Running: 2 Finished: 107
[2026-03-12 13:34:22.173] [info] cycle: [3664000]
[2026-03-12 13:34:22.173] [info] Core [2] Tile Stats | Issued: 109 Running: 2 Finished: 107
[2026-03-12 13:34:22.173] [info] cycle: [3664000]
[2026-03-12 13:34:22.173] [info] Core [3] Tile Stats | Issued: 107 Running: 2 Finished: 105
[2026-03-12 13:34:22.173] [info] cycle: [3664000]
[2026-03-12 13:34:22.173] [info] [ICNT] Core->ICNT request 0GB/Sec,0
[2026-03-12 13:34:22.173] [info] [ICNT] Core<-ICNT request 307GB/Sec,76795
[2026-03-12 13:34:22.173] [info] [ICNT] ICNT->MEM request 0GB/Sec,0
[2026-03-12 13:34:22.173] [info] [ICNT] ICNT<-MEM request 0GB/Sec,0
[2026-03-12 13:34:22.880] [info] Core [0] Tile Stats | Issued: 107 Running: 2 Finished: 105
[2026-03-12 13:34:22.880] [info] cycle: [3672000]
[2026-03-12 13:34:22.880] [info] Core [1] Tile Stats | Issued: 109 Running: 2 Finished: 107
[2026-03-12 13:34:22.880] [info] cycle: [3672000]
[2026-03-12 13:34:22.880] [info] Core [2] Tile Stats | Issued: 109 Running: 2 Finished: 107
[2026-03-12 13:34:22.880] [info] cycle: [3672000]
[2026-03-12 13:34:22.880] [info] Core [3] Tile Stats | Issued: 107 Running: 2 Finished: 105
[2026-03-12 13:34:22.880] [info] cycle: [3672000]
[2026-03-12 13:34:22.880] [info] [ICNT] Core->ICNT request 0GB/Sec,0
[2026-03-12 13:34:22.880] [info] [ICNT] Core<-ICNT request 307GB/Sec,76846
[2026-03-12 13:34:22.880] [info] [ICNT] ICNT->MEM request 0GB/Sec,0
[2026-03-12 13:34:22.880] [info] [ICNT] ICNT<-MEM request 0GB/Sec,0
[2026-03-12 13:34:23.698] [info] Core [0] Tile Stats | Issued: 107 Running: 2 Finished: 105
[2026-03-12 13:34:23.698] [info] cycle: [3680000]
[2026-03-12 13:34:23.698] [info] Core [1] Tile Stats | Issued: 109 Running: 2 Finished: 107
[2026-03-12 13:34:23.698] [info] cycle: [3680000]
[2026-03-12 13:34:23.698] [info] Core [2] Tile Stats | Issued: 109 Running: 2 Finished: 107
[2026-03-12 13:34:23.698] [info] cycle: [3680000]
[2026-03-12 13:34:23.698] [info] Core [3] Tile Stats | Issued: 107 Running: 2 Finished: 105
[2026-03-12 13:34:23.698] [info] cycle: [3680000]
[2026-03-12 13:34:23.698] [info] [ICNT] Core->ICNT request 0GB/Sec,0
[2026-03-12 13:34:23.698] [info] [ICNT] Core<-ICNT request 306GB/Sec,76629
[2026-03-12 13:34:23.698] [info] [ICNT] ICNT->MEM request 0GB/Sec,0
[2026-03-12 13:34:23.698] [info] [ICNT] ICNT<-MEM request 0GB/Sec,0
[2026-03-12 13:34:24.482] [info] Core [0] Tile Stats | Issued: 107 Running: 2 Finished: 105
[2026-03-12 13:34:24.482] [info] cycle: [3688000]
[2026-03-12 13:34:24.482] [info] Core [1] Tile Stats | Issued: 109 Running: 2 Finished: 107
[2026-03-12 13:34:24.482] [info] cycle: [3688000]
[2026-03-12 13:34:24.482] [info] Core [2] Tile Stats | Issued: 109 Running: 2 Finished: 107
[2026-03-12 13:34:24.482] [info] cycle: [3688000]
[2026-03-12 13:34:24.482] [info] Core [3] Tile Stats | Issued: 107 Running: 2 Finished: 105
[2026-03-12 13:34:24.482] [info] cycle: [3688000]
[2026-03-12 13:34:24.482] [info] [ICNT] Core->ICNT request 0GB/Sec,0
[2026-03-12 13:34:24.482] [info] [ICNT] Core<-ICNT request 307GB/Sec,76851
[2026-03-12 13:34:24.482] [info] [ICNT] ICNT->MEM request 0GB/Sec,0
[2026-03-12 13:34:24.482] [info] [ICNT] ICNT<-MEM request 0GB/Sec,0
[2026-03-12 13:34:25.244] [info] Core [0] Tile Stats | Issued: 107 Running: 2 Finished: 105
[2026-03-12 13:34:25.244] [info] cycle: [3696000]
[2026-03-12 13:34:25.244] [info] Core [1] Tile Stats | Issued: 109 Running: 2 Finished: 107
[2026-03-12 13:34:25.244] [info] cycle: [3696000]
[2026-03-12 13:34:25.244] [info] Core [2] Tile Stats | Issued: 110 Running: 2 Finished: 108
[2026-03-12 13:34:25.244] [info] cycle: [3696000]
[2026-03-12 13:34:25.244] [info] Core [3] Tile Stats | Issued: 108 Running: 2 Finished: 106
[2026-03-12 13:34:25.244] [info] cycle: [3696000]
[2026-03-12 13:34:25.244] [info] [ICNT] Core->ICNT request 326GB/Sec,81616
[2026-03-12 13:34:25.244] [info] [ICNT] Core<-ICNT request 315GB/Sec,78859
[2026-03-12 13:34:25.244] [info] [ICNT] ICNT->MEM request 0GB/Sec,0
[2026-03-12 13:34:25.244] [info] [ICNT] ICNT<-MEM request 0GB/Sec,0
[2026-03-12 13:34:26.030] [info] Core [0] Tile Stats | Issued: 108 Running: 2 Finished: 106
[2026-03-12 13:34:26.030] [info] cycle: [3704000]
[2026-03-12 13:34:26.030] [info] Core [1] Tile Stats | Issued: 110 Running: 2 Finished: 108
[2026-03-12 13:34:26.030] [info] cycle: [3704000]
[2026-03-12 13:34:26.030] [info] Core [2] Tile Stats | Issued: 110 Running: 2 Finished: 108
[2026-03-12 13:34:26.030] [info] cycle: [3704000]
[2026-03-12 13:34:26.030] [info] Core [3] Tile Stats | Issued: 108 Running: 2 Finished: 106
[2026-03-12 13:34:26.030] [info] cycle: [3704000]
[2026-03-12 13:34:26.030] [info] [ICNT] Core->ICNT request 1661GB/Sec,415464
[2026-03-12 13:34:26.030] [info] [ICNT] Core<-ICNT request 345GB/Sec,86453
[2026-03-12 13:34:26.030] [info] [ICNT] ICNT->MEM request 0GB/Sec,0
[2026-03-12 13:34:26.030] [info] [ICNT] ICNT<-MEM request 0GB/Sec,0
[2026-03-12 13:34:26.778] [info] Core [0] Tile Stats | Issued: 108 Running: 2 Finished: 106
[2026-03-12 13:34:26.778] [info] cycle: [3712000]
[2026-03-12 13:34:26.778] [info] Core [1] Tile Stats | Issued: 110 Running: 2 Finished: 108
[2026-03-12 13:34:26.778] [info] cycle: [3712000]
[2026-03-12 13:34:26.778] [info] Core [2] Tile Stats | Issued: 110 Running: 2 Finished: 108
[2026-03-12 13:34:26.778] [info] cycle: [3712000]
[2026-03-12 13:34:26.778] [info] Core [3] Tile Stats | Issued: 108 Running: 2 Finished: 106
[2026-03-12 13:34:26.778] [info] cycle: [3712000]
[2026-03-12 13:34:26.778] [info] [ICNT] Core->ICNT request 857GB/Sec,214408
[2026-03-12 13:34:26.778] [info] [ICNT] Core<-ICNT request 383GB/Sec,95921
[2026-03-12 13:34:26.778] [info] [ICNT] ICNT->MEM request 0GB/Sec,0
[2026-03-12 13:34:26.778] [info] [ICNT] ICNT<-MEM request 0GB/Sec,0
[2026-03-12 13:34:27.785] [info] Core [0] Tile Stats | Issued: 108 Running: 2 Finished: 106
[2026-03-12 13:34:27.785] [info] cycle: [3720000]
[2026-03-12 13:34:27.785] [info] Core [1] Tile Stats | Issued: 110 Running: 2 Finished: 108
[2026-03-12 13:34:27.785] [info] cycle: [3720000]
[2026-03-12 13:34:27.785] [info] Core [2] Tile Stats | Issued: 110 Running: 2 Finished: 108
[2026-03-12 13:34:27.785] [info] cycle: [3720000]
[2026-03-12 13:34:27.785] [info] Core [3] Tile Stats | Issued: 108 Running: 2 Finished: 106
[2026-03-12 13:34:27.785] [info] cycle: [3720000]
[2026-03-12 13:34:27.785] [info] [ICNT] Core->ICNT request 0GB/Sec,0
[2026-03-12 13:34:27.785] [info] [ICNT] Core<-ICNT request 346GB/Sec,86518
[2026-03-12 13:34:27.785] [info] [ICNT] ICNT->MEM request 0GB/Sec,0
[2026-03-12 13:34:27.785] [info] [ICNT] ICNT<-MEM request 0GB/Sec,0
[2026-03-12 13:34:28.554] [info] Core [0] Tile Stats | Issued: 108 Running: 2 Finished: 106
[2026-03-12 13:34:28.554] [info] cycle: [3728000]
[2026-03-12 13:34:28.554] [info] Core [1] Tile Stats | Issued: 110 Running: 2 Finished: 108
[2026-03-12 13:34:28.554] [info] cycle: [3728000]
[2026-03-12 13:34:28.554] [info] Core [2] Tile Stats | Issued: 110 Running: 2 Finished: 108
[2026-03-12 13:34:28.554] [info] cycle: [3728000]
[2026-03-12 13:34:28.554] [info] Core [3] Tile Stats | Issued: 108 Running: 2 Finished: 106
[2026-03-12 13:34:28.554] [info] cycle: [3728000]
[2026-03-12 13:34:28.554] [info] [ICNT] Core->ICNT request 0GB/Sec,0
[2026-03-12 13:34:28.554] [info] [ICNT] Core<-ICNT request 311GB/Sec,77890
[2026-03-12 13:34:28.554] [info] [ICNT] ICNT->MEM request 0GB/Sec,0
[2026-03-12 13:34:28.554] [info] [ICNT] ICNT<-MEM request 0GB/Sec,0
[2026-03-12 13:34:29.258] [info] Core [0] Tile Stats | Issued: 108 Running: 2 Finished: 106
[2026-03-12 13:34:29.258] [info] cycle: [3736000]
[2026-03-12 13:34:29.258] [info] Core [1] Tile Stats | Issued: 110 Running: 2 Finished: 108
[2026-03-12 13:34:29.258] [info] cycle: [3736000]
[2026-03-12 13:34:29.258] [info] Core [2] Tile Stats | Issued: 110 Running: 2 Finished: 108
[2026-03-12 13:34:29.258] [info] cycle: [3736000]
[2026-03-12 13:34:29.258] [info] Core [3] Tile Stats | Issued: 108 Running: 2 Finished: 106
[2026-03-12 13:34:29.258] [info] cycle: [3736000]
[2026-03-12 13:34:29.258] [info] [ICNT] Core->ICNT request 0GB/Sec,0
[2026-03-12 13:34:29.258] [info] [ICNT] Core<-ICNT request 311GB/Sec,77904
[2026-03-12 13:34:29.258] [info] [ICNT] ICNT->MEM request 0GB/Sec,0
[2026-03-12 13:34:29.258] [info] [ICNT] ICNT<-MEM request 0GB/Sec,0
[2026-03-12 13:34:30.052] [info] Core [0] Tile Stats | Issued: 108 Running: 2 Finished: 106
[2026-03-12 13:34:30.052] [info] cycle: [3744000]
[2026-03-12 13:34:30.052] [info] Core [1] Tile Stats | Issued: 110 Running: 2 Finished: 108
[2026-03-12 13:34:30.052] [info] cycle: [3744000]
[2026-03-12 13:34:30.052] [info] Core [2] Tile Stats | Issued: 110 Running: 2 Finished: 108
[2026-03-12 13:34:30.052] [info] cycle: [3744000]
[2026-03-12 13:34:30.052] [info] Core [3] Tile Stats | Issued: 108 Running: 2 Finished: 106
[2026-03-12 13:34:30.052] [info] cycle: [3744000]
[2026-03-12 13:34:30.052] [info] [ICNT] Core->ICNT request 0GB/Sec,0
[2026-03-12 13:34:30.052] [info] [ICNT] Core<-ICNT request 311GB/Sec,77843
[2026-03-12 13:34:30.052] [info] [ICNT] ICNT->MEM request 0GB/Sec,0
[2026-03-12 13:34:30.052] [info] [ICNT] ICNT<-MEM request 0GB/Sec,0
[2026-03-12 13:34:30.784] [info] Core [0] Tile Stats | Issued: 108 Running: 2 Finished: 106
[2026-03-12 13:34:30.784] [info] cycle: [3752000]
[2026-03-12 13:34:30.784] [info] Core [1] Tile Stats | Issued: 110 Running: 2 Finished: 108
[2026-03-12 13:34:30.784] [info] cycle: [3752000]
[2026-03-12 13:34:30.784] [info] Core [2] Tile Stats | Issued: 110 Running: 2 Finished: 108
[2026-03-12 13:34:30.784] [info] cycle: [3752000]
[2026-03-12 13:34:30.784] [info] Core [3] Tile Stats | Issued: 108 Running: 2 Finished: 106
[2026-03-12 13:34:30.784] [info] cycle: [3752000]
[2026-03-12 13:34:30.784] [info] [ICNT] Core->ICNT request 0GB/Sec,0
[2026-03-12 13:34:30.784] [info] [ICNT] Core<-ICNT request 316GB/Sec,79038
[2026-03-12 13:34:30.784] [info] [ICNT] ICNT->MEM request 0GB/Sec,0
[2026-03-12 13:34:30.784] [info] [ICNT] ICNT<-MEM request 0GB/Sec,0
[2026-03-12 13:34:31.484] [info] Core [0] Tile Stats | Issued: 108 Running: 2 Finished: 106
[2026-03-12 13:34:31.484] [info] cycle: [3760000]
[2026-03-12 13:34:31.484] [info] Core [1] Tile Stats | Issued: 110 Running: 2 Finished: 108
[2026-03-12 13:34:31.484] [info] cycle: [3760000]
[2026-03-12 13:34:31.484] [info] Core [2] Tile Stats | Issued: 110 Running: 2 Finished: 108
[2026-03-12 13:34:31.484] [info] cycle: [3760000]
[2026-03-12 13:34:31.484] [info] Core [3] Tile Stats | Issued: 108 Running: 2 Finished: 106
[2026-03-12 13:34:31.484] [info] cycle: [3760000]
[2026-03-12 13:34:31.484] [info] [ICNT] Core->ICNT request 9GB/Sec,2400
[2026-03-12 13:34:31.484] [info] [ICNT] Core<-ICNT request 338GB/Sec,84503
[2026-03-12 13:34:31.484] [info] [ICNT] ICNT->MEM request 0GB/Sec,0
[2026-03-12 13:34:31.484] [info] [ICNT] ICNT<-MEM request 0GB/Sec,0
[2026-03-12 13:34:32.206] [info] Core [0] Tile Stats | Issued: 108 Running: 1 Finished: 107
[2026-03-12 13:34:32.206] [info] cycle: [3768000]
[2026-03-12 13:34:32.206] [info] Core [1] Tile Stats | Issued: 110 Running: 1 Finished: 109
[2026-03-12 13:34:32.206] [info] cycle: [3768000]
[2026-03-12 13:34:32.206] [info] Core [2] Tile Stats | Issued: 110 Running: 1 Finished: 109
[2026-03-12 13:34:32.206] [info] cycle: [3768000]
[2026-03-12 13:34:32.206] [info] Core [3] Tile Stats | Issued: 108 Running: 1 Finished: 107
[2026-03-12 13:34:32.206] [info] cycle: [3768000]
[2026-03-12 13:34:32.206] [info] [ICNT] Core->ICNT request 16GB/Sec,4000
[2026-03-12 13:34:32.206] [info] [ICNT] Core<-ICNT request 354GB/Sec,88703
[2026-03-12 13:34:32.206] [info] [ICNT] ICNT->MEM request 0GB/Sec,0
[2026-03-12 13:34:32.206] [info] [ICNT] ICNT<-MEM request 0GB/Sec,0
[2026-03-12 13:34:32.968] [info] Core [0] Tile Stats | Issued: 108 Running: 1 Finished: 107
[2026-03-12 13:34:32.968] [info] cycle: [3776000]
[2026-03-12 13:34:32.968] [info] Core [1] Tile Stats | Issued: 110 Running: 1 Finished: 109
[2026-03-12 13:34:32.968] [info] cycle: [3776000]
[2026-03-12 13:34:32.968] [info] Core [2] Tile Stats | Issued: 110 Running: 1 Finished: 109
[2026-03-12 13:34:32.968] [info] cycle: [3776000]
[2026-03-12 13:34:32.968] [info] Core [3] Tile Stats | Issued: 108 Running: 1 Finished: 107
[2026-03-12 13:34:32.968] [info] cycle: [3776000]
[2026-03-12 13:34:32.968] [info] [ICNT] Core->ICNT request 0GB/Sec,0
[2026-03-12 13:34:32.968] [info] [ICNT] Core<-ICNT request 338GB/Sec,84566
[2026-03-12 13:34:32.968] [info] [ICNT] ICNT->MEM request 0GB/Sec,0
[2026-03-12 13:34:32.968] [info] [ICNT] ICNT<-MEM request 0GB/Sec,0
[2026-03-12 13:34:33.791] [info] Core [0] Tile Stats | Issued: 108 Running: 1 Finished: 107
[2026-03-12 13:34:33.791] [info] cycle: [3784000]
[2026-03-12 13:34:33.791] [info] Core [1] Tile Stats | Issued: 110 Running: 1 Finished: 109
[2026-03-12 13:34:33.791] [info] cycle: [3784000]
[2026-03-12 13:34:33.791] [info] Core [2] Tile Stats | Issued: 110 Running: 1 Finished: 109
[2026-03-12 13:34:33.791] [info] cycle: [3784000]
[2026-03-12 13:34:33.791] [info] Core [3] Tile Stats | Issued: 108 Running: 1 Finished: 107
[2026-03-12 13:34:33.791] [info] cycle: [3784000]
[2026-03-12 13:34:33.791] [info] [ICNT] Core->ICNT request 0GB/Sec,0
[2026-03-12 13:34:33.791] [info] [ICNT] Core<-ICNT request 353GB/Sec,88481
[2026-03-12 13:34:33.791] [info] [ICNT] ICNT->MEM request 0GB/Sec,0
[2026-03-12 13:34:33.791] [info] [ICNT] ICNT<-MEM request 0GB/Sec,0
[2026-03-12 13:34:34.616] [info] Core [0] Tile Stats | Issued: 108 Running: 1 Finished: 107
[2026-03-12 13:34:34.616] [info] cycle: [3792000]
[2026-03-12 13:34:34.616] [info] Core [1] Tile Stats | Issued: 110 Running: 1 Finished: 109
[2026-03-12 13:34:34.616] [info] cycle: [3792000]
[2026-03-12 13:34:34.616] [info] Core [2] Tile Stats | Issued: 110 Running: 1 Finished: 109
[2026-03-12 13:34:34.616] [info] cycle: [3792000]
[2026-03-12 13:34:34.616] [info] Core [3] Tile Stats | Issued: 108 Running: 1 Finished: 107
[2026-03-12 13:34:34.616] [info] cycle: [3792000]
[2026-03-12 13:34:34.616] [info] [ICNT] Core->ICNT request 0GB/Sec,0
[2026-03-12 13:34:34.616] [info] [ICNT] Core<-ICNT request 353GB/Sec,88432
[2026-03-12 13:34:34.616] [info] [ICNT] ICNT->MEM request 0GB/Sec,0
[2026-03-12 13:34:34.616] [info] [ICNT] ICNT<-MEM request 0GB/Sec,0
[2026-03-12 13:34:35.367] [info] Core [0] Tile Stats | Issued: 108 Running: 1 Finished: 107
[2026-03-12 13:34:35.367] [info] cycle: [3800000]
[2026-03-12 13:34:35.367] [info] Core [1] Tile Stats | Issued: 110 Running: 1 Finished: 109
[2026-03-12 13:34:35.367] [info] cycle: [3800000]
[2026-03-12 13:34:35.367] [info] Core [2] Tile Stats | Issued: 110 Running: 1 Finished: 109
[2026-03-12 13:34:35.367] [info] cycle: [3800000]
[2026-03-12 13:34:35.367] [info] Core [3] Tile Stats | Issued: 108 Running: 1 Finished: 107
[2026-03-12 13:34:35.367] [info] cycle: [3800000]
[2026-03-12 13:34:35.367] [info] [ICNT] Core->ICNT request 0GB/Sec,0
[2026-03-12 13:34:35.367] [info] [ICNT] Core<-ICNT request 326GB/Sec,81680
[2026-03-12 13:34:35.367] [info] [ICNT] ICNT->MEM request 0GB/Sec,0
[2026-03-12 13:34:35.367] [info] [ICNT] ICNT<-MEM request 0GB/Sec,0
[2026-03-12 13:34:36.120] [info] Core [0] Tile Stats | Issued: 108 Running: 1 Finished: 107
[2026-03-12 13:34:36.120] [info] cycle: [3808000]
[2026-03-12 13:34:36.120] [info] Core [1] Tile Stats | Issued: 110 Running: 1 Finished: 109
[2026-03-12 13:34:36.120] [info] cycle: [3808000]
[2026-03-12 13:34:36.120] [info] Core [2] Tile Stats | Issued: 110 Running: 1 Finished: 109
[2026-03-12 13:34:36.120] [info] cycle: [3808000]
[2026-03-12 13:34:36.120] [info] Core [3] Tile Stats | Issued: 108 Running: 1 Finished: 107
[2026-03-12 13:34:36.120] [info] cycle: [3808000]
[2026-03-12 13:34:36.120] [info] [ICNT] Core->ICNT request 0GB/Sec,0
[2026-03-12 13:34:36.120] [info] [ICNT] Core<-ICNT request 316GB/Sec,79034
[2026-03-12 13:34:36.120] [info] [ICNT] ICNT->MEM request 0GB/Sec,0
[2026-03-12 13:34:36.120] [info] [ICNT] ICNT<-MEM request 0GB/Sec,0
[2026-03-12 13:34:36.846] [info] Core [0] Tile Stats | Issued: 108 Running: 1 Finished: 107
[2026-03-12 13:34:36.846] [info] cycle: [3816000]
[2026-03-12 13:34:36.846] [info] Core [1] Tile Stats | Issued: 110 Running: 1 Finished: 109
[2026-03-12 13:34:36.846] [info] cycle: [3816000]
[2026-03-12 13:34:36.846] [info] Core [2] Tile Stats | Issued: 110 Running: 1 Finished: 109
[2026-03-12 13:34:36.846] [info] cycle: [3816000]
[2026-03-12 13:34:36.846] [info] Core [3] Tile Stats | Issued: 108 Running: 1 Finished: 107
[2026-03-12 13:34:36.846] [info] cycle: [3816000]
[2026-03-12 13:34:36.846] [info] [ICNT] Core->ICNT request 0GB/Sec,0
[2026-03-12 13:34:36.846] [info] [ICNT] Core<-ICNT request 315GB/Sec,78977
[2026-03-12 13:34:36.846] [info] [ICNT] ICNT->MEM request 0GB/Sec,0
[2026-03-12 13:34:36.846] [info] [ICNT] ICNT<-MEM request 0GB/Sec,0
[2026-03-12 13:34:37.527] [info] Core [0] Tile Stats | Issued: 108 Running: 1 Finished: 107
[2026-03-12 13:34:37.527] [info] cycle: [3824000]
[2026-03-12 13:34:37.527] [info] Core [1] Tile Stats | Issued: 110 Running: 1 Finished: 109
[2026-03-12 13:34:37.527] [info] cycle: [3824000]
[2026-03-12 13:34:37.527] [info] Core [2] Tile Stats | Issued: 110 Running: 1 Finished: 109
[2026-03-12 13:34:37.527] [info] cycle: [3824000]
[2026-03-12 13:34:37.527] [info] Core [3] Tile Stats | Issued: 108 Running: 0 Finished: 108
[2026-03-12 13:34:37.527] [info] cycle: [3824000]
[2026-03-12 13:34:37.527] [info] [ICNT] Core->ICNT request 0GB/Sec,0
[2026-03-12 13:34:37.527] [info] [ICNT] Core<-ICNT request 278GB/Sec,69683
[2026-03-12 13:34:37.527] [info] [ICNT] ICNT->MEM request 0GB/Sec,0
[2026-03-12 13:34:37.527] [info] [ICNT] ICNT<-MEM request 0GB/Sec,0
[2026-03-12 13:34:37.895] [info] Core [0] Tile Stats | Issued: 108 Running: 1 Finished: 107
[2026-03-12 13:34:37.895] [info] cycle: [3832000]
[2026-03-12 13:34:37.895] [info] Core [1] Tile Stats | Issued: 110 Running: 1 Finished: 109
[2026-03-12 13:34:37.895] [info] cycle: [3832000]
[2026-03-12 13:34:37.895] [info] Core [2] Tile Stats | Issued: 110 Running: 0 Finished: 110
[2026-03-12 13:34:37.895] [info] cycle: [3832000]
[2026-03-12 13:34:37.895] [info] Core [3] Tile Stats | Issued: 108 Running: 0 Finished: 108
[2026-03-12 13:34:37.895] [info] cycle: [3832000]
[2026-03-12 13:34:37.895] [info] [ICNT] Core->ICNT request 0GB/Sec,0
[2026-03-12 13:34:37.895] [info] [ICNT] Core<-ICNT request 133GB/Sec,33425
[2026-03-12 13:34:37.895] [info] [ICNT] ICNT->MEM request 0GB/Sec,0
[2026-03-12 13:34:37.895] [info] [ICNT] ICNT<-MEM request 0GB/Sec,0
[2026-03-12 13:34:38.037] [info] Layer layer0.attn.proj finish at 3837870
[2026-03-12 13:34:38.037] [info] Total compute time 632744
[2026-03-12 13:34:38.037] [info] executable layer count 1
[2026-03-12 13:34:38.037] [info] Start layer layer0.attn.ln
[2026-03-12 13:34:38.246] [info] Core [0] Tile Stats | Issued: 110 Running: 2 Finished: 108
[2026-03-12 13:34:38.246] [info] cycle: [3840000]
[2026-03-12 13:34:38.246] [info] Core [1] Tile Stats | Issued: 112 Running: 2 Finished: 110
[2026-03-12 13:34:38.246] [info] cycle: [3840000]
[2026-03-12 13:34:38.246] [info] Core [2] Tile Stats | Issued: 112 Running: 2 Finished: 110
[2026-03-12 13:34:38.246] [info] cycle: [3840000]
[2026-03-12 13:34:38.246] [info] Core [3] Tile Stats | Issued: 110 Running: 2 Finished: 108
[2026-03-12 13:34:38.246] [info] cycle: [3840000]
[2026-03-12 13:34:38.246] [info] [ICNT] Core->ICNT request 486GB/Sec,121600
[2026-03-12 13:34:38.246] [info] [ICNT] Core<-ICNT request 143GB/Sec,35960
[2026-03-12 13:34:38.246] [info] [ICNT] ICNT->MEM request 0GB/Sec,0
[2026-03-12 13:34:38.246] [info] [ICNT] ICNT<-MEM request 0GB/Sec,0
[2026-03-12 13:34:38.966] [info] Core [0] Tile Stats | Issued: 110 Running: 0 Finished: 110
[2026-03-12 13:34:38.966] [info] cycle: [3848000]
[2026-03-12 13:34:38.966] [info] Core [1] Tile Stats | Issued: 112 Running: 1 Finished: 111
[2026-03-12 13:34:38.966] [info] cycle: [3848000]
[2026-03-12 13:34:38.966] [info] Core [2] Tile Stats | Issued: 112 Running: 1 Finished: 111
[2026-03-12 13:34:38.966] [info] cycle: [3848000]
[2026-03-12 13:34:38.966] [info] Core [3] Tile Stats | Issued: 110 Running: 1 Finished: 109
[2026-03-12 13:34:38.966] [info] cycle: [3848000]
[2026-03-12 13:34:38.966] [info] [ICNT] Core->ICNT request 140GB/Sec,35136
[2026-03-12 13:34:38.966] [info] [ICNT] Core<-ICNT request 422GB/Sec,105685
[2026-03-12 13:34:38.966] [info] [ICNT] ICNT->MEM request 0GB/Sec,0
[2026-03-12 13:34:38.966] [info] [ICNT] ICNT<-MEM request 0GB/Sec,0
[2026-03-12 13:34:39.271] [info] Layer layer0.attn.ln finish at 3851909
[2026-03-12 13:34:39.271] [info] Total compute time 14039
[2026-03-12 13:34:39.271] [info] executable layer count 1
[2026-03-12 13:34:39.271] [info] Start layer layer0.ffn.fc1
[2026-03-12 13:34:39.590] [info] Core [0] Tile Stats | Issued: 112 Running: 2 Finished: 110
[2026-03-12 13:34:39.590] [info] cycle: [3856000]
[2026-03-12 13:34:39.590] [info] Core [1] Tile Stats | Issued: 114 Running: 2 Finished: 112
[2026-03-12 13:34:39.590] [info] cycle: [3856000]
[2026-03-12 13:34:39.590] [info] Core [2] Tile Stats | Issued: 114 Running: 2 Finished: 112
[2026-03-12 13:34:39.590] [info] cycle: [3856000]
[2026-03-12 13:34:39.590] [info] Core [3] Tile Stats | Issued: 112 Running: 2 Finished: 110
[2026-03-12 13:34:39.590] [info] cycle: [3856000]
[2026-03-12 13:34:39.590] [info] [ICNT] Core->ICNT request 1052GB/Sec,263104
[2026-03-12 13:34:39.590] [info] [ICNT] Core<-ICNT request 249GB/Sec,62466
[2026-03-12 13:34:39.590] [info] [ICNT] ICNT->MEM request 0GB/Sec,0
[2026-03-12 13:34:39.590] [info] [ICNT] ICNT<-MEM request 0GB/Sec,0
[2026-03-12 13:34:40.356] [info] Core [0] Tile Stats | Issued: 112 Running: 2 Finished: 110
[2026-03-12 13:34:40.356] [info] cycle: [3864000]
[2026-03-12 13:34:40.356] [info] Core [1] Tile Stats | Issued: 114 Running: 2 Finished: 112
[2026-03-12 13:34:40.356] [info] cycle: [3864000]
[2026-03-12 13:34:40.356] [info] Core [2] Tile Stats | Issued: 114 Running: 2 Finished: 112
[2026-03-12 13:34:40.356] [info] cycle: [3864000]
[2026-03-12 13:34:40.356] [info] Core [3] Tile Stats | Issued: 112 Running: 2 Finished: 110
[2026-03-12 13:34:40.356] [info] cycle: [3864000]
[2026-03-12 13:34:40.356] [info] [ICNT] Core->ICNT request 2048GB/Sec,512000
[2026-03-12 13:34:40.356] [info] [ICNT] Core<-ICNT request 324GB/Sec,81134
[2026-03-12 13:34:40.356] [info] [ICNT] ICNT->MEM request 0GB/Sec,0
[2026-03-12 13:34:40.356] [info] [ICNT] ICNT<-MEM request 0GB/Sec,0
[2026-03-12 13:34:41.129] [info] Core [0] Tile Stats | Issued: 112 Running: 2 Finished: 110
[2026-03-12 13:34:41.129] [info] cycle: [3872000]
[2026-03-12 13:34:41.129] [info] Core [1] Tile Stats | Issued: 114 Running: 2 Finished: 112
[2026-03-12 13:34:41.129] [info] cycle: [3872000]
[2026-03-12 13:34:41.129] [info] Core [2] Tile Stats | Issued: 114 Running: 2 Finished: 112
[2026-03-12 13:34:41.129] [info] cycle: [3872000]
[2026-03-12 13:34:41.129] [info] Core [3] Tile Stats | Issued: 112 Running: 2 Finished: 110
[2026-03-12 13:34:41.129] [info] cycle: [3872000]
[2026-03-12 13:34:41.129] [info] [ICNT] Core->ICNT request 2048GB/Sec,512000
[2026-03-12 13:34:41.129] [info] [ICNT] Core<-ICNT request 414GB/Sec,103562
[2026-03-12 13:34:41.129] [info] [ICNT] ICNT->MEM request 0GB/Sec,0
[2026-03-12 13:34:41.129] [info] [ICNT] ICNT<-MEM request 0GB/Sec,0
[2026-03-12 13:34:41.895] [info] Core [0] Tile Stats | Issued: 112 Running: 2 Finished: 110
[2026-03-12 13:34:41.895] [info] cycle: [3880000]
[2026-03-12 13:34:41.895] [info] Core [1] Tile Stats | Issued: 114 Running: 2 Finished: 112
[2026-03-12 13:34:41.895] [info] cycle: [3880000]
[2026-03-12 13:34:41.895] [info] Core [2] Tile Stats | Issued: 114 Running: 2 Finished: 112
[2026-03-12 13:34:41.895] [info] cycle: [3880000]
[2026-03-12 13:34:41.895] [info] Core [3] Tile Stats | Issued: 112 Running: 2 Finished: 110
[2026-03-12 13:34:41.895] [info] cycle: [3880000]
[2026-03-12 13:34:41.895] [info] [ICNT] Core->ICNT request 581GB/Sec,145408
[2026-03-12 13:34:41.895] [info] [ICNT] Core<-ICNT request 407GB/Sec,101757
[2026-03-12 13:34:41.895] [info] [ICNT] ICNT->MEM request 0GB/Sec,0
[2026-03-12 13:34:41.895] [info] [ICNT] ICNT<-MEM request 0GB/Sec,0
[2026-03-12 13:34:42.606] [info] Core [0] Tile Stats | Issued: 112 Running: 2 Finished: 110
[2026-03-12 13:34:42.606] [info] cycle: [3888000]
[2026-03-12 13:34:42.606] [info] Core [1] Tile Stats | Issued: 114 Running: 2 Finished: 112
[2026-03-12 13:34:42.606] [info] cycle: [3888000]
[2026-03-12 13:34:42.606] [info] Core [2] Tile Stats | Issued: 114 Running: 2 Finished: 112
[2026-03-12 13:34:42.606] [info] cycle: [3888000]
[2026-03-12 13:34:42.606] [info] Core [3] Tile Stats | Issued: 112 Running: 2 Finished: 110
[2026-03-12 13:34:42.606] [info] cycle: [3888000]
[2026-03-12 13:34:42.606] [info] [ICNT] Core->ICNT request 0GB/Sec,0
[2026-03-12 13:34:42.606] [info] [ICNT] Core<-ICNT request 332GB/Sec,83246
[2026-03-12 13:34:42.606] [info] [ICNT] ICNT->MEM request 0GB/Sec,0
[2026-03-12 13:34:42.606] [info] [ICNT] ICNT<-MEM request 0GB/Sec,0
[2026-03-12 13:34:43.306] [info] Core [0] Tile Stats | Issued: 112 Running: 2 Finished: 110
[2026-03-12 13:34:43.306] [info] cycle: [3896000]
[2026-03-12 13:34:43.306] [info] Core [1] Tile Stats | Issued: 114 Running: 2 Finished: 112
[2026-03-12 13:34:43.306] [info] cycle: [3896000]
[2026-03-12 13:34:43.306] [info] Core [2] Tile Stats | Issued: 114 Running: 2 Finished: 112
[2026-03-12 13:34:43.306] [info] cycle: [3896000]
[2026-03-12 13:34:43.306] [info] Core [3] Tile Stats | Issued: 112 Running: 2 Finished: 110
[2026-03-12 13:34:43.306] [info] cycle: [3896000]
[2026-03-12 13:34:43.307] [info] [ICNT] Core->ICNT request 0GB/Sec,0
[2026-03-12 13:34:43.307] [info] [ICNT] Core<-ICNT request 342GB/Sec,85552
[2026-03-12 13:34:43.307] [info] [ICNT] ICNT->MEM request 0GB/Sec,0
[2026-03-12 13:34:43.307] [info] [ICNT] ICNT<-MEM request 0GB/Sec,0
[2026-03-12 13:34:44.040] [info] Core [0] Tile Stats | Issued: 112 Running: 2 Finished: 110
[2026-03-12 13:34:44.040] [info] cycle: [3904000]
[2026-03-12 13:34:44.040] [info] Core [1] Tile Stats | Issued: 114 Running: 2 Finished: 112
[2026-03-12 13:34:44.040] [info] cycle: [3904000]
[2026-03-12 13:34:44.040] [info] Core [2] Tile Stats | Issued: 114 Running: 2 Finished: 112
[2026-03-12 13:34:44.040] [info] cycle: [3904000]
[2026-03-12 13:34:44.040] [info] Core [3] Tile Stats | Issued: 112 Running: 2 Finished: 110
[2026-03-12 13:34:44.040] [info] cycle: [3904000]
[2026-03-12 13:34:44.040] [info] [ICNT] Core->ICNT request 0GB/Sec,0
[2026-03-12 13:34:44.040] [info] [ICNT] Core<-ICNT request 337GB/Sec,84489
[2026-03-12 13:34:44.040] [info] [ICNT] ICNT->MEM request 0GB/Sec,0
[2026-03-12 13:34:44.040] [info] [ICNT] ICNT<-MEM request 0GB/Sec,0
[2026-03-12 13:34:44.767] [info] Core [0] Tile Stats | Issued: 112 Running: 2 Finished: 110
[2026-03-12 13:34:44.767] [info] cycle: [3912000]
[2026-03-12 13:34:44.767] [info] Core [1] Tile Stats | Issued: 114 Running: 2 Finished: 112
[2026-03-12 13:34:44.767] [info] cycle: [3912000]
[2026-03-12 13:34:44.767] [info] Core [2] Tile Stats | Issued: 114 Running: 2 Finished: 112
[2026-03-12 13:34:44.767] [info] cycle: [3912000]
[2026-03-12 13:34:44.767] [info] Core [3] Tile Stats | Issued: 112 Running: 2 Finished: 110
[2026-03-12 13:34:44.767] [info] cycle: [3912000]
[2026-03-12 13:34:44.767] [info] [ICNT] Core->ICNT request 0GB/Sec,0
[2026-03-12 13:34:44.767] [info] [ICNT] Core<-ICNT request 334GB/Sec,83511
[2026-03-12 13:34:44.767] [info] [ICNT] ICNT->MEM request 0GB/Sec,0
[2026-03-12 13:34:44.767] [info] [ICNT] ICNT<-MEM request 0GB/Sec,0
[2026-03-12 13:34:45.488] [info] Core [0] Tile Stats | Issued: 112 Running: 2 Finished: 110
[2026-03-12 13:34:45.488] [info] cycle: [3920000]
[2026-03-12 13:34:45.488] [info] Core [1] Tile Stats | Issued: 114 Running: 2 Finished: 112
[2026-03-12 13:34:45.488] [info] cycle: [3920000]
[2026-03-12 13:34:45.488] [info] Core [2] Tile Stats | Issued: 114 Running: 2 Finished: 112
[2026-03-12 13:34:45.488] [info] cycle: [3920000]
[2026-03-12 13:34:45.488] [info] Core [3] Tile Stats | Issued: 112 Running: 2 Finished: 110
[2026-03-12 13:34:45.488] [info] cycle: [3920000]
[2026-03-12 13:34:45.488] [info] [ICNT] Core->ICNT request 19GB/Sec,4800
[2026-03-12 13:34:45.488] [info] [ICNT] Core<-ICNT request 341GB/Sec,85387
[2026-03-12 13:34:45.488] [info] [ICNT] ICNT->MEM request 0GB/Sec,0
[2026-03-12 13:34:45.488] [info] [ICNT] ICNT<-MEM request 0GB/Sec,0
[2026-03-12 13:34:46.228] [info] Core [0] Tile Stats | Issued: 113 Running: 2 Finished: 111
[2026-03-12 13:34:46.228] [info] cycle: [3928000]
[2026-03-12 13:34:46.228] [info] Core [1] Tile Stats | Issued: 115 Running: 2 Finished: 113
[2026-03-12 13:34:46.228] [info] cycle: [3928000]
[2026-03-12 13:34:46.228] [info] Core [2] Tile Stats | Issued: 115 Running: 2 Finished: 113
[2026-03-12 13:34:46.228] [info] cycle: [3928000]
[2026-03-12 13:34:46.228] [info] Core [3] Tile Stats | Issued: 113 Running: 2 Finished: 111
[2026-03-12 13:34:46.228] [info] cycle: [3928000]
[2026-03-12 13:34:46.228] [info] [ICNT] Core->ICNT request 1138GB/Sec,284672
[2026-03-12 13:34:46.228] [info] [ICNT] Core<-ICNT request 332GB/Sec,83179
[2026-03-12 13:34:46.228] [info] [ICNT] ICNT->MEM request 0GB/Sec,0
[2026-03-12 13:34:46.228] [info] [ICNT] ICNT<-MEM request 0GB/Sec,0
[2026-03-12 13:34:47.033] [info] Core [0] Tile Stats | Issued: 113 Running: 2 Finished: 111
[2026-03-12 13:34:47.033] [info] cycle: [3936000]
[2026-03-12 13:34:47.033] [info] Core [1] Tile Stats | Issued: 115 Running: 2 Finished: 113
[2026-03-12 13:34:47.033] [info] cycle: [3936000]
[2026-03-12 13:34:47.033] [info] Core [2] Tile Stats | Issued: 115 Running: 2 Finished: 113
[2026-03-12 13:34:47.033] [info] cycle: [3936000]
[2026-03-12 13:34:47.033] [info] Core [3] Tile Stats | Issued: 113 Running: 2 Finished: 111
[2026-03-12 13:34:47.033] [info] cycle: [3936000]
[2026-03-12 13:34:47.033] [info] [ICNT] Core->ICNT request 1687GB/Sec,421952
[2026-03-12 13:34:47.033] [info] [ICNT] Core<-ICNT request 382GB/Sec,95570
[2026-03-12 13:34:47.033] [info] [ICNT] ICNT->MEM request 0GB/Sec,0
[2026-03-12 13:34:47.033] [info] [ICNT] ICNT<-MEM request 0GB/Sec,0
[2026-03-12 13:34:47.781] [info] Core [0] Tile Stats | Issued: 113 Running: 2 Finished: 111
[2026-03-12 13:34:47.781] [info] cycle: [3944000]
[2026-03-12 13:34:47.781] [info] Core [1] Tile Stats | Issued: 115 Running: 2 Finished: 113
[2026-03-12 13:34:47.781] [info] cycle: [3944000]
[2026-03-12 13:34:47.781] [info] Core [2] Tile Stats | Issued: 115 Running: 2 Finished: 113
[2026-03-12 13:34:47.781] [info] cycle: [3944000]
[2026-03-12 13:34:47.781] [info] Core [3] Tile Stats | Issued: 113 Running: 2 Finished: 111
[2026-03-12 13:34:47.781] [info] cycle: [3944000]
[2026-03-12 13:34:47.781] [info] [ICNT] Core->ICNT request 0GB/Sec,0
[2026-03-12 13:34:47.781] [info] [ICNT] Core<-ICNT request 362GB/Sec,90505
[2026-03-12 13:34:47.781] [info] [ICNT] ICNT->MEM request 0GB/Sec,0
[2026-03-12 13:34:47.781] [info] [ICNT] ICNT<-MEM request 0GB/Sec,0
[2026-03-12 13:34:48.498] [info] Core [0] Tile Stats | Issued: 113 Running: 2 Finished: 111
[2026-03-12 13:34:48.498] [info] cycle: [3952000]
[2026-03-12 13:34:48.498] [info] Core [1] Tile Stats | Issued: 115 Running: 2 Finished: 113
[2026-03-12 13:34:48.498] [info] cycle: [3952000]
[2026-03-12 13:34:48.498] [info] Core [2] Tile Stats | Issued: 115 Running: 2 Finished: 113
[2026-03-12 13:34:48.498] [info] cycle: [3952000]
[2026-03-12 13:34:48.498] [info] Core [3] Tile Stats | Issued: 113 Running: 2 Finished: 111
[2026-03-12 13:34:48.498] [info] cycle: [3952000]
[2026-03-12 13:34:48.498] [info] [ICNT] Core->ICNT request 0GB/Sec,0
[2026-03-12 13:34:48.498] [info] [ICNT] Core<-ICNT request 307GB/Sec,76766
[2026-03-12 13:34:48.498] [info] [ICNT] ICNT->MEM request 0GB/Sec,0
[2026-03-12 13:34:48.498] [info] [ICNT] ICNT<-MEM request 0GB/Sec,0
[2026-03-12 13:34:49.202] [info] Core [0] Tile Stats | Issued: 113 Running: 2 Finished: 111
[2026-03-12 13:34:49.202] [info] cycle: [3960000]
[2026-03-12 13:34:49.202] [info] Core [1] Tile Stats | Issued: 115 Running: 2 Finished: 113
[2026-03-12 13:34:49.202] [info] cycle: [3960000]
[2026-03-12 13:34:49.202] [info] Core [2] Tile Stats | Issued: 115 Running: 2 Finished: 113
[2026-03-12 13:34:49.202] [info] cycle: [3960000]
[2026-03-12 13:34:49.202] [info] Core [3] Tile Stats | Issued: 113 Running: 2 Finished: 111
[2026-03-12 13:34:49.202] [info] cycle: [3960000]
[2026-03-12 13:34:49.203] [info] [ICNT] Core->ICNT request 0GB/Sec,0
[2026-03-12 13:34:49.203] [info] [ICNT] Core<-ICNT request 309GB/Sec,77331
[2026-03-12 13:34:49.203] [info] [ICNT] ICNT->MEM request 0GB/Sec,0
[2026-03-12 13:34:49.203] [info] [ICNT] ICNT<-MEM request 0GB/Sec,0
[2026-03-12 13:34:49.947] [info] Core [0] Tile Stats | Issued: 113 Running: 2 Finished: 111
[2026-03-12 13:34:49.947] [info] cycle: [3968000]
[2026-03-12 13:34:49.947] [info] Core [1] Tile Stats | Issued: 115 Running: 2 Finished: 113
[2026-03-12 13:34:49.947] [info] cycle: [3968000]
[2026-03-12 13:34:49.947] [info] Core [2] Tile Stats | Issued: 115 Running: 2 Finished: 113
[2026-03-12 13:34:49.947] [info] cycle: [3968000]
[2026-03-12 13:34:49.947] [info] Core [3] Tile Stats | Issued: 113 Running: 2 Finished: 111
[2026-03-12 13:34:49.947] [info] cycle: [3968000]
[2026-03-12 13:34:49.947] [info] [ICNT] Core->ICNT request 0GB/Sec,0
[2026-03-12 13:34:49.947] [info] [ICNT] Core<-ICNT request 307GB/Sec,76776
[2026-03-12 13:34:49.947] [info] [ICNT] ICNT->MEM request 0GB/Sec,0
[2026-03-12 13:34:49.947] [info] [ICNT] ICNT<-MEM request 0GB/Sec,0
[2026-03-12 13:34:50.669] [info] Core [0] Tile Stats | Issued: 113 Running: 2 Finished: 111
[2026-03-12 13:34:50.669] [info] cycle: [3976000]
[2026-03-12 13:34:50.669] [info] Core [1] Tile Stats | Issued: 115 Running: 2 Finished: 113
[2026-03-12 13:34:50.669] [info] cycle: [3976000]
[2026-03-12 13:34:50.669] [info] Core [2] Tile Stats | Issued: 115 Running: 2 Finished: 113
[2026-03-12 13:34:50.669] [info] cycle: [3976000]
[2026-03-12 13:34:50.669] [info] Core [3] Tile Stats | Issued: 113 Running: 2 Finished: 111
[2026-03-12 13:34:50.669] [info] cycle: [3976000]
[2026-03-12 13:34:50.669] [info] [ICNT] Core->ICNT request 0GB/Sec,0
[2026-03-12 13:34:50.669] [info] [ICNT] Core<-ICNT request 309GB/Sec,77319
[2026-03-12 13:34:50.669] [info] [ICNT] ICNT->MEM request 0GB/Sec,0
[2026-03-12 13:34:50.669] [info] [ICNT] ICNT<-MEM request 0GB/Sec,0
[2026-03-12 13:34:51.367] [info] Core [0] Tile Stats | Issued: 113 Running: 2 Finished: 111
[2026-03-12 13:34:51.367] [info] cycle: [3984000]
[2026-03-12 13:34:51.367] [info] Core [1] Tile Stats | Issued: 115 Running: 2 Finished: 113
[2026-03-12 13:34:51.367] [info] cycle: [3984000]
[2026-03-12 13:34:51.367] [info] Core [2] Tile Stats | Issued: 115 Running: 2 Finished: 113
[2026-03-12 13:34:51.367] [info] cycle: [3984000]
[2026-03-12 13:34:51.367] [info] Core [3] Tile Stats | Issued: 113 Running: 2 Finished: 111
[2026-03-12 13:34:51.367] [info] cycle: [3984000]
[2026-03-12 13:34:51.367] [info] [ICNT] Core->ICNT request 0GB/Sec,0
[2026-03-12 13:34:51.367] [info] [ICNT] Core<-ICNT request 305GB/Sec,76362
[2026-03-12 13:34:51.367] [info] [ICNT] ICNT->MEM request 0GB/Sec,0
[2026-03-12 13:34:51.367] [info] [ICNT] ICNT<-MEM request 0GB/Sec,0
[2026-03-12 13:34:52.033] [info] Core [0] Tile Stats | Issued: 114 Running: 2 Finished: 112
[2026-03-12 13:34:52.033] [info] cycle: [3992000]
[2026-03-12 13:34:52.033] [info] Core [1] Tile Stats | Issued: 115 Running: 2 Finished: 113
[2026-03-12 13:34:52.033] [info] cycle: [3992000]
[2026-03-12 13:34:52.033] [info] Core [2] Tile Stats | Issued: 115 Running: 2 Finished: 113
[2026-03-12 13:34:52.033] [info] cycle: [3992000]
[2026-03-12 13:34:52.033] [info] Core [3] Tile Stats | Issued: 113 Running: 2 Finished: 111
[2026-03-12 13:34:52.033] [info] cycle: [3992000]
[2026-03-12 13:34:52.033] [info] [ICNT] Core->ICNT request 50GB/Sec,12528
[2026-03-12 13:34:52.033] [info] [ICNT] Core<-ICNT request 250GB/Sec,62510
[2026-03-12 13:34:52.033] [info] [ICNT] ICNT->MEM request 0GB/Sec,0
[2026-03-12 13:34:52.033] [info] [ICNT] ICNT<-MEM request 0GB/Sec,0
[2026-03-12 13:34:52.656] [info] HBM2-CH_0: BW utilization 53% (498334 reads, 17152 writes)
[2026-03-12 13:34:52.802] [info] Core [0] Tile Stats | Issued: 114 Running: 2 Finished: 112
[2026-03-12 13:34:52.802] [info] cycle: [4000000]
[2026-03-12 13:34:52.802] [info] Core [1] Tile Stats | Issued: 116 Running: 2 Finished: 114
[2026-03-12 13:34:52.802] [info] cycle: [4000000]
[2026-03-12 13:34:52.802] [info] Core [2] Tile Stats | Issued: 116 Running: 2 Finished: 114
[2026-03-12 13:34:52.802] [info] cycle: [4000000]
[2026-03-12 13:34:52.802] [info] Core [3] Tile Stats | Issued: 114 Running: 2 Finished: 112
[2026-03-12 13:34:52.802] [info] cycle: [4000000]
[2026-03-12 13:34:52.802] [info] [ICNT] Core->ICNT request 1397GB/Sec,349456
[2026-03-12 13:34:52.802] [info] [ICNT] Core<-ICNT request 294GB/Sec,73744
[2026-03-12 13:34:52.802] [info] [ICNT] ICNT->MEM request 0GB/Sec,0
[2026-03-12 13:34:52.802] [info] [ICNT] ICNT<-MEM request 0GB/Sec,0
[2026-03-12 13:34:53.538] [info] Core [0] Tile Stats | Issued: 114 Running: 2 Finished: 112
[2026-03-12 13:34:53.538] [info] cycle: [4008000]
[2026-03-12 13:34:53.538] [info] Core [1] Tile Stats | Issued: 116 Running: 2 Finished: 114
[2026-03-12 13:34:53.538] [info] cycle: [4008000]
[2026-03-12 13:34:53.538] [info] Core [2] Tile Stats | Issued: 116 Running: 2 Finished: 114
[2026-03-12 13:34:53.538] [info] cycle: [4008000]
[2026-03-12 13:34:53.538] [info] Core [3] Tile Stats | Issued: 114 Running: 2 Finished: 112
[2026-03-12 13:34:53.538] [info] cycle: [4008000]
[2026-03-12 13:34:53.538] [info] [ICNT] Core->ICNT request 1397GB/Sec,349440
[2026-03-12 13:34:53.538] [info] [ICNT] Core<-ICNT request 315GB/Sec,78920
[2026-03-12 13:34:53.538] [info] [ICNT] ICNT->MEM request 0GB/Sec,0
[2026-03-12 13:34:53.538] [info] [ICNT] ICNT<-MEM request 0GB/Sec,0
[2026-03-12 13:34:54.291] [info] Core [0] Tile Stats | Issued: 114 Running: 2 Finished: 112
[2026-03-12 13:34:54.291] [info] cycle: [4016000]
[2026-03-12 13:34:54.291] [info] Core [1] Tile Stats | Issued: 116 Running: 2 Finished: 114
[2026-03-12 13:34:54.291] [info] cycle: [4016000]
[2026-03-12 13:34:54.291] [info] Core [2] Tile Stats | Issued: 116 Running: 2 Finished: 114
[2026-03-12 13:34:54.291] [info] cycle: [4016000]
[2026-03-12 13:34:54.291] [info] Core [3] Tile Stats | Issued: 114 Running: 2 Finished: 112
[2026-03-12 13:34:54.291] [info] cycle: [4016000]
[2026-03-12 13:34:54.291] [info] [ICNT] Core->ICNT request 0GB/Sec,0
[2026-03-12 13:34:54.291] [info] [ICNT] Core<-ICNT request 319GB/Sec,79881
[2026-03-12 13:34:54.291] [info] [ICNT] ICNT->MEM request 0GB/Sec,0
[2026-03-12 13:34:54.291] [info] [ICNT] ICNT<-MEM request 0GB/Sec,0
[2026-03-12 13:34:55.006] [info] Core [0] Tile Stats | Issued: 114 Running: 2 Finished: 112
[2026-03-12 13:34:55.006] [info] cycle: [4024000]
[2026-03-12 13:34:55.006] [info] Core [1] Tile Stats | Issued: 116 Running: 2 Finished: 114
[2026-03-12 13:34:55.006] [info] cycle: [4024000]
[2026-03-12 13:34:55.006] [info] Core [2] Tile Stats | Issued: 116 Running: 2 Finished: 114
[2026-03-12 13:34:55.006] [info] cycle: [4024000]
[2026-03-12 13:34:55.006] [info] Core [3] Tile Stats | Issued: 114 Running: 2 Finished: 112
[2026-03-12 13:34:55.006] [info] cycle: [4024000]
[2026-03-12 13:34:55.006] [info] [ICNT] Core->ICNT request 0GB/Sec,0
[2026-03-12 13:34:55.006] [info] [ICNT] Core<-ICNT request 287GB/Sec,71826
[2026-03-12 13:34:55.006] [info] [ICNT] ICNT->MEM request 0GB/Sec,0
[2026-03-12 13:34:55.006] [info] [ICNT] ICNT<-MEM request 0GB/Sec,0
[2026-03-12 13:34:55.698] [info] Core [0] Tile Stats | Issued: 114 Running: 2 Finished: 112
[2026-03-12 13:34:55.698] [info] cycle: [4032000]
[2026-03-12 13:34:55.698] [info] Core [1] Tile Stats | Issued: 116 Running: 2 Finished: 114
[2026-03-12 13:34:55.698] [info] cycle: [4032000]
[2026-03-12 13:34:55.698] [info] Core [2] Tile Stats | Issued: 116 Running: 2 Finished: 114
[2026-03-12 13:34:55.698] [info] cycle: [4032000]
[2026-03-12 13:34:55.698] [info] Core [3] Tile Stats | Issued: 114 Running: 2 Finished: 112
[2026-03-12 13:34:55.698] [info] cycle: [4032000]
[2026-03-12 13:34:55.698] [info] [ICNT] Core->ICNT request 0GB/Sec,0
[2026-03-12 13:34:55.698] [info] [ICNT] Core<-ICNT request 288GB/Sec,72048
[2026-03-12 13:34:55.698] [info] [ICNT] ICNT->MEM request 0GB/Sec,0
[2026-03-12 13:34:55.698] [info] [ICNT] ICNT<-MEM request 0GB/Sec,0
[2026-03-12 13:34:56.381] [info] Core [0] Tile Stats | Issued: 114 Running: 2 Finished: 112
[2026-03-12 13:34:56.381] [info] cycle: [4040000]
[2026-03-12 13:34:56.381] [info] Core [1] Tile Stats | Issued: 116 Running: 2 Finished: 114
[2026-03-12 13:34:56.381] [info] cycle: [4040000]
[2026-03-12 13:34:56.381] [info] Core [2] Tile Stats | Issued: 116 Running: 2 Finished: 114
[2026-03-12 13:34:56.381] [info] cycle: [4040000]
[2026-03-12 13:34:56.381] [info] Core [3] Tile Stats | Issued: 114 Running: 2 Finished: 112
[2026-03-12 13:34:56.381] [info] cycle: [4040000]
[2026-03-12 13:34:56.381] [info] [ICNT] Core->ICNT request 0GB/Sec,0
[2026-03-12 13:34:56.381] [info] [ICNT] Core<-ICNT request 286GB/Sec,71721
[2026-03-12 13:34:56.381] [info] [ICNT] ICNT->MEM request 0GB/Sec,0
[2026-03-12 13:34:56.381] [info] [ICNT] ICNT<-MEM request 0GB/Sec,0
[2026-03-12 13:34:57.060] [info] Core [0] Tile Stats | Issued: 114 Running: 2 Finished: 112
[2026-03-12 13:34:57.060] [info] cycle: [4048000]
[2026-03-12 13:34:57.060] [info] Core [1] Tile Stats | Issued: 116 Running: 2 Finished: 114
[2026-03-12 13:34:57.060] [info] cycle: [4048000]
[2026-03-12 13:34:57.060] [info] Core [2] Tile Stats | Issued: 116 Running: 2 Finished: 114
[2026-03-12 13:34:57.060] [info] cycle: [4048000]
[2026-03-12 13:34:57.060] [info] Core [3] Tile Stats | Issued: 114 Running: 2 Finished: 112
[2026-03-12 13:34:57.060] [info] cycle: [4048000]
[2026-03-12 13:34:57.060] [info] [ICNT] Core->ICNT request 0GB/Sec,0
[2026-03-12 13:34:57.060] [info] [ICNT] Core<-ICNT request 287GB/Sec,71875
[2026-03-12 13:34:57.060] [info] [ICNT] ICNT->MEM request 0GB/Sec,0
[2026-03-12 13:34:57.060] [info] [ICNT] ICNT<-MEM request 0GB/Sec,0
[2026-03-12 13:34:57.759] [info] Core [0] Tile Stats | Issued: 114 Running: 2 Finished: 112
[2026-03-12 13:34:57.759] [info] cycle: [4056000]
[2026-03-12 13:34:57.759] [info] Core [1] Tile Stats | Issued: 116 Running: 2 Finished: 114
[2026-03-12 13:34:57.759] [info] cycle: [4056000]
[2026-03-12 13:34:57.759] [info] Core [2] Tile Stats | Issued: 116 Running: 2 Finished: 114
[2026-03-12 13:34:57.759] [info] cycle: [4056000]
[2026-03-12 13:34:57.759] [info] Core [3] Tile Stats | Issued: 114 Running: 2 Finished: 112
[2026-03-12 13:34:57.759] [info] cycle: [4056000]
[2026-03-12 13:34:57.759] [info] [ICNT] Core->ICNT request 0GB/Sec,0
[2026-03-12 13:34:57.759] [info] [ICNT] Core<-ICNT request 286GB/Sec,71739
[2026-03-12 13:34:57.759] [info] [ICNT] ICNT->MEM request 0GB/Sec,0
[2026-03-12 13:34:57.759] [info] [ICNT] ICNT<-MEM request 0GB/Sec,0
[2026-03-12 13:34:58.487] [info] Core [0] Tile Stats | Issued: 114 Running: 2 Finished: 112
[2026-03-12 13:34:58.487] [info] cycle: [4064000]
[2026-03-12 13:34:58.487] [info] Core [1] Tile Stats | Issued: 116 Running: 2 Finished: 114
[2026-03-12 13:34:58.487] [info] cycle: [4064000]
[2026-03-12 13:34:58.487] [info] Core [2] Tile Stats | Issued: 116 Running: 2 Finished: 114
[2026-03-12 13:34:58.487] [info] cycle: [4064000]
[2026-03-12 13:34:58.487] [info] Core [3] Tile Stats | Issued: 114 Running: 2 Finished: 112
[2026-03-12 13:34:58.487] [info] cycle: [4064000]
[2026-03-12 13:34:58.487] [info] [ICNT] Core->ICNT request 0GB/Sec,0
[2026-03-12 13:34:58.487] [info] [ICNT] Core<-ICNT request 288GB/Sec,72152
[2026-03-12 13:34:58.487] [info] [ICNT] ICNT->MEM request 0GB/Sec,0
[2026-03-12 13:34:58.487] [info] [ICNT] ICNT<-MEM request 0GB/Sec,0
[2026-03-12 13:34:59.146] [info] Core [0] Tile Stats | Issued: 115 Running: 2 Finished: 113
[2026-03-12 13:34:59.146] [info] cycle: [4072000]
[2026-03-12 13:34:59.146] [info] Core [1] Tile Stats | Issued: 116 Running: 2 Finished: 114
[2026-03-12 13:34:59.146] [info] cycle: [4072000]
[2026-03-12 13:34:59.146] [info] Core [2] Tile Stats | Issued: 117 Running: 2 Finished: 115
[2026-03-12 13:34:59.146] [info] cycle: [4072000]
[2026-03-12 13:34:59.146] [info] Core [3] Tile Stats | Issued: 115 Running: 2 Finished: 113
[2026-03-12 13:34:59.146] [info] cycle: [4072000]
[2026-03-12 13:34:59.146] [info] [ICNT] Core->ICNT request 97GB/Sec,24400
[2026-03-12 13:34:59.146] [info] [ICNT] Core<-ICNT request 361GB/Sec,90263
[2026-03-12 13:34:59.146] [info] [ICNT] ICNT->MEM request 0GB/Sec,0
[2026-03-12 13:34:59.146] [info] [ICNT] ICNT<-MEM request 0GB/Sec,0
[2026-03-12 13:34:59.892] [info] Core [0] Tile Stats | Issued: 115 Running: 2 Finished: 113
[2026-03-12 13:34:59.892] [info] cycle: [4080000]
[2026-03-12 13:34:59.892] [info] Core [1] Tile Stats | Issued: 117 Running: 2 Finished: 115
[2026-03-12 13:34:59.892] [info] cycle: [4080000]
[2026-03-12 13:34:59.892] [info] Core [2] Tile Stats | Issued: 117 Running: 2 Finished: 115
[2026-03-12 13:34:59.892] [info] cycle: [4080000]
[2026-03-12 13:34:59.892] [info] Core [3] Tile Stats | Issued: 115 Running: 2 Finished: 113
[2026-03-12 13:34:59.892] [info] cycle: [4080000]
[2026-03-12 13:34:59.892] [info] [ICNT] Core->ICNT request 1992GB/Sec,498000
[2026-03-12 13:34:59.892] [info] [ICNT] Core<-ICNT request 337GB/Sec,84319
[2026-03-12 13:34:59.892] [info] [ICNT] ICNT->MEM request 0GB/Sec,0
[2026-03-12 13:34:59.892] [info] [ICNT] ICNT<-MEM request 0GB/Sec,0
[2026-03-12 13:35:00.640] [info] Core [0] Tile Stats | Issued: 115 Running: 2 Finished: 113
[2026-03-12 13:35:00.640] [info] cycle: [4088000]
[2026-03-12 13:35:00.640] [info] Core [1] Tile Stats | Issued: 117 Running: 2 Finished: 115
[2026-03-12 13:35:00.640] [info] cycle: [4088000]
[2026-03-12 13:35:00.640] [info] Core [2] Tile Stats | Issued: 117 Running: 2 Finished: 115
[2026-03-12 13:35:00.640] [info] cycle: [4088000]
[2026-03-12 13:35:00.640] [info] Core [3] Tile Stats | Issued: 115 Running: 2 Finished: 113
[2026-03-12 13:35:00.640] [info] cycle: [4088000]
[2026-03-12 13:35:00.640] [info] [ICNT] Core->ICNT request 756GB/Sec,189024
[2026-03-12 13:35:00.640] [info] [ICNT] Core<-ICNT request 378GB/Sec,94586
[2026-03-12 13:35:00.640] [info] [ICNT] ICNT->MEM request 0GB/Sec,0
[2026-03-12 13:35:00.640] [info] [ICNT] ICNT<-MEM request 0GB/Sec,0
[2026-03-12 13:35:01.395] [info] Core [0] Tile Stats | Issued: 115 Running: 2 Finished: 113
[2026-03-12 13:35:01.395] [info] cycle: [4096000]
[2026-03-12 13:35:01.395] [info] Core [1] Tile Stats | Issued: 117 Running: 2 Finished: 115
[2026-03-12 13:35:01.395] [info] cycle: [4096000]
[2026-03-12 13:35:01.395] [info] Core [2] Tile Stats | Issued: 117 Running: 2 Finished: 115
[2026-03-12 13:35:01.395] [info] cycle: [4096000]
[2026-03-12 13:35:01.395] [info] Core [3] Tile Stats | Issued: 115 Running: 2 Finished: 113
[2026-03-12 13:35:01.395] [info] cycle: [4096000]
[2026-03-12 13:35:01.395] [info] [ICNT] Core->ICNT request 0GB/Sec,0
[2026-03-12 13:35:01.395] [info] [ICNT] Core<-ICNT request 376GB/Sec,94139
[2026-03-12 13:35:01.395] [info] [ICNT] ICNT->MEM request 0GB/Sec,0
[2026-03-12 13:35:01.395] [info] [ICNT] ICNT<-MEM request 0GB/Sec,0
[2026-03-12 13:35:02.100] [info] Core [0] Tile Stats | Issued: 115 Running: 2 Finished: 113
[2026-03-12 13:35:02.100] [info] cycle: [4104000]
[2026-03-12 13:35:02.100] [info] Core [1] Tile Stats | Issued: 117 Running: 2 Finished: 115
[2026-03-12 13:35:02.100] [info] cycle: [4104000]
[2026-03-12 13:35:02.100] [info] Core [2] Tile Stats | Issued: 117 Running: 2 Finished: 115
[2026-03-12 13:35:02.100] [info] cycle: [4104000]
[2026-03-12 13:35:02.100] [info] Core [3] Tile Stats | Issued: 115 Running: 2 Finished: 113
[2026-03-12 13:35:02.100] [info] cycle: [4104000]
[2026-03-12 13:35:02.100] [info] [ICNT] Core->ICNT request 0GB/Sec,0
[2026-03-12 13:35:02.100] [info] [ICNT] Core<-ICNT request 317GB/Sec,79412
[2026-03-12 13:35:02.100] [info] [ICNT] ICNT->MEM request 0GB/Sec,0
[2026-03-12 13:35:02.100] [info] [ICNT] ICNT<-MEM request 0GB/Sec,0
[2026-03-12 13:35:02.812] [info] Core [0] Tile Stats | Issued: 115 Running: 2 Finished: 113
[2026-03-12 13:35:02.812] [info] cycle: [4112000]
[2026-03-12 13:35:02.812] [info] Core [1] Tile Stats | Issued: 117 Running: 2 Finished: 115
[2026-03-12 13:35:02.812] [info] cycle: [4112000]
[2026-03-12 13:35:02.812] [info] Core [2] Tile Stats | Issued: 117 Running: 2 Finished: 115
[2026-03-12 13:35:02.812] [info] cycle: [4112000]
[2026-03-12 13:35:02.812] [info] Core [3] Tile Stats | Issued: 115 Running: 2 Finished: 113
[2026-03-12 13:35:02.812] [info] cycle: [4112000]
[2026-03-12 13:35:02.812] [info] [ICNT] Core->ICNT request 0GB/Sec,0
[2026-03-12 13:35:02.812] [info] [ICNT] Core<-ICNT request 324GB/Sec,81069
[2026-03-12 13:35:02.812] [info] [ICNT] ICNT->MEM request 0GB/Sec,0
[2026-03-12 13:35:02.812] [info] [ICNT] ICNT<-MEM request 0GB/Sec,0
[2026-03-12 13:35:03.556] [info] Core [0] Tile Stats | Issued: 115 Running: 2 Finished: 113
[2026-03-12 13:35:03.556] [info] cycle: [4120000]
[2026-03-12 13:35:03.556] [info] Core [1] Tile Stats | Issued: 117 Running: 2 Finished: 115
[2026-03-12 13:35:03.556] [info] cycle: [4120000]
[2026-03-12 13:35:03.556] [info] Core [2] Tile Stats | Issued: 117 Running: 2 Finished: 115
[2026-03-12 13:35:03.556] [info] cycle: [4120000]
[2026-03-12 13:35:03.556] [info] Core [3] Tile Stats | Issued: 115 Running: 2 Finished: 113
[2026-03-12 13:35:03.556] [info] cycle: [4120000]
[2026-03-12 13:35:03.556] [info] [ICNT] Core->ICNT request 9GB/Sec,2400
[2026-03-12 13:35:03.556] [info] [ICNT] Core<-ICNT request 321GB/Sec,80307
[2026-03-12 13:35:03.556] [info] [ICNT] ICNT->MEM request 0GB/Sec,0
[2026-03-12 13:35:03.556] [info] [ICNT] ICNT<-MEM request 0GB/Sec,0
[2026-03-12 13:35:04.338] [info] Core [0] Tile Stats | Issued: 116 Running: 2 Finished: 114
[2026-03-12 13:35:04.338] [info] cycle: [4128000]
[2026-03-12 13:35:04.338] [info] Core [1] Tile Stats | Issued: 117 Running: 2 Finished: 115
[2026-03-12 13:35:04.338] [info] cycle: [4128000]
[2026-03-12 13:35:04.338] [info] Core [2] Tile Stats | Issued: 117 Running: 2 Finished: 115
[2026-03-12 13:35:04.338] [info] cycle: [4128000]
[2026-03-12 13:35:04.338] [info] Core [3] Tile Stats | Issued: 115 Running: 2 Finished: 113
[2026-03-12 13:35:04.338] [info] cycle: [4128000]
[2026-03-12 13:35:04.338] [info] [ICNT] Core->ICNT request 409GB/Sec,102480
[2026-03-12 13:35:04.338] [info] [ICNT] Core<-ICNT request 320GB/Sec,80094
[2026-03-12 13:35:04.338] [info] [ICNT] ICNT->MEM request 0GB/Sec,0
[2026-03-12 13:35:04.338] [info] [ICNT] ICNT<-MEM request 0GB/Sec,0
[2026-03-12 13:35:05.035] [info] Core [0] Tile Stats | Issued: 116 Running: 2 Finished: 114
[2026-03-12 13:35:05.035] [info] cycle: [4136000]
[2026-03-12 13:35:05.035] [info] Core [1] Tile Stats | Issued: 117 Running: 2 Finished: 115
[2026-03-12 13:35:05.035] [info] cycle: [4136000]
[2026-03-12 13:35:05.035] [info] Core [2] Tile Stats | Issued: 117 Running: 2 Finished: 115
[2026-03-12 13:35:05.035] [info] cycle: [4136000]
[2026-03-12 13:35:05.035] [info] Core [3] Tile Stats | Issued: 115 Running: 2 Finished: 113
[2026-03-12 13:35:05.035] [info] cycle: [4136000]
[2026-03-12 13:35:05.035] [info] [ICNT] Core->ICNT request 307GB/Sec,76976
[2026-03-12 13:35:05.035] [info] [ICNT] Core<-ICNT request 310GB/Sec,77592
[2026-03-12 13:35:05.035] [info] [ICNT] ICNT->MEM request 0GB/Sec,0
[2026-03-12 13:35:05.035] [info] [ICNT] ICNT<-MEM request 0GB/Sec,0
[2026-03-12 13:35:05.795] [info] Core [0] Tile Stats | Issued: 116 Running: 2 Finished: 114
[2026-03-12 13:35:05.795] [info] cycle: [4144000]
[2026-03-12 13:35:05.795] [info] Core [1] Tile Stats | Issued: 118 Running: 2 Finished: 116
[2026-03-12 13:35:05.795] [info] cycle: [4144000]
[2026-03-12 13:35:05.795] [info] Core [2] Tile Stats | Issued: 118 Running: 2 Finished: 116
[2026-03-12 13:35:05.795] [info] cycle: [4144000]
[2026-03-12 13:35:05.795] [info] Core [3] Tile Stats | Issued: 116 Running: 2 Finished: 114
[2026-03-12 13:35:05.795] [info] cycle: [4144000]
[2026-03-12 13:35:05.795] [info] [ICNT] Core->ICNT request 836GB/Sec,209072
[2026-03-12 13:35:05.795] [info] [ICNT] Core<-ICNT request 338GB/Sec,84718
[2026-03-12 13:35:05.795] [info] [ICNT] ICNT->MEM request 0GB/Sec,0
[2026-03-12 13:35:05.795] [info] [ICNT] ICNT<-MEM request 0GB/Sec,0
[2026-03-12 13:35:06.580] [info] Core [0] Tile Stats | Issued: 116 Running: 2 Finished: 114
[2026-03-12 13:35:06.580] [info] cycle: [4152000]
[2026-03-12 13:35:06.580] [info] Core [1] Tile Stats | Issued: 118 Running: 2 Finished: 116
[2026-03-12 13:35:06.580] [info] cycle: [4152000]
[2026-03-12 13:35:06.580] [info] Core [2] Tile Stats | Issued: 118 Running: 2 Finished: 116
[2026-03-12 13:35:06.580] [info] cycle: [4152000]
[2026-03-12 13:35:06.580] [info] Core [3] Tile Stats | Issued: 116 Running: 2 Finished: 114
[2026-03-12 13:35:06.580] [info] cycle: [4152000]
[2026-03-12 13:35:06.580] [info] [ICNT] Core->ICNT request 1281GB/Sec,320496
[2026-03-12 13:35:06.580] [info] [ICNT] Core<-ICNT request 371GB/Sec,92807
[2026-03-12 13:35:06.580] [info] [ICNT] ICNT->MEM request 0GB/Sec,0
[2026-03-12 13:35:06.580] [info] [ICNT] ICNT<-MEM request 0GB/Sec,0
[2026-03-12 13:35:07.364] [info] Core [0] Tile Stats | Issued: 116 Running: 2 Finished: 114
[2026-03-12 13:35:07.364] [info] cycle: [4160000]
[2026-03-12 13:35:07.364] [info] Core [1] Tile Stats | Issued: 118 Running: 2 Finished: 116
[2026-03-12 13:35:07.364] [info] cycle: [4160000]
[2026-03-12 13:35:07.364] [info] Core [2] Tile Stats | Issued: 118 Running: 2 Finished: 116
[2026-03-12 13:35:07.364] [info] cycle: [4160000]
[2026-03-12 13:35:07.364] [info] Core [3] Tile Stats | Issued: 116 Running: 2 Finished: 114
[2026-03-12 13:35:07.364] [info] cycle: [4160000]
[2026-03-12 13:35:07.364] [info] [ICNT] Core->ICNT request 0GB/Sec,0
[2026-03-12 13:35:07.364] [info] [ICNT] Core<-ICNT request 372GB/Sec,93122
[2026-03-12 13:35:07.364] [info] [ICNT] ICNT->MEM request 0GB/Sec,0
[2026-03-12 13:35:07.364] [info] [ICNT] ICNT<-MEM request 0GB/Sec,0
[2026-03-12 13:35:08.099] [info] Core [0] Tile Stats | Issued: 116 Running: 2 Finished: 114
[2026-03-12 13:35:08.099] [info] cycle: [4168000]
[2026-03-12 13:35:08.099] [info] Core [1] Tile Stats | Issued: 118 Running: 2 Finished: 116
[2026-03-12 13:35:08.099] [info] cycle: [4168000]
[2026-03-12 13:35:08.099] [info] Core [2] Tile Stats | Issued: 118 Running: 2 Finished: 116
[2026-03-12 13:35:08.099] [info] cycle: [4168000]
[2026-03-12 13:35:08.099] [info] Core [3] Tile Stats | Issued: 116 Running: 2 Finished: 114
[2026-03-12 13:35:08.099] [info] cycle: [4168000]
[2026-03-12 13:35:08.099] [info] [ICNT] Core->ICNT request 0GB/Sec,0
[2026-03-12 13:35:08.099] [info] [ICNT] Core<-ICNT request 318GB/Sec,79574
[2026-03-12 13:35:08.099] [info] [ICNT] ICNT->MEM request 0GB/Sec,0
[2026-03-12 13:35:08.099] [info] [ICNT] ICNT<-MEM request 0GB/Sec,0
[2026-03-12 13:35:08.828] [info] Core [0] Tile Stats | Issued: 116 Running: 2 Finished: 114
[2026-03-12 13:35:08.828] [info] cycle: [4176000]
[2026-03-12 13:35:08.828] [info] Core [1] Tile Stats | Issued: 118 Running: 2 Finished: 116
[2026-03-12 13:35:08.828] [info] cycle: [4176000]
[2026-03-12 13:35:08.828] [info] Core [2] Tile Stats | Issued: 118 Running: 2 Finished: 116
[2026-03-12 13:35:08.828] [info] cycle: [4176000]
[2026-03-12 13:35:08.828] [info] Core [3] Tile Stats | Issued: 116 Running: 2 Finished: 114
[2026-03-12 13:35:08.828] [info] cycle: [4176000]
[2026-03-12 13:35:08.828] [info] [ICNT] Core->ICNT request 0GB/Sec,0
[2026-03-12 13:35:08.828] [info] [ICNT] Core<-ICNT request 326GB/Sec,81678
[2026-03-12 13:35:08.828] [info] [ICNT] ICNT->MEM request 0GB/Sec,0
[2026-03-12 13:35:08.828] [info] [ICNT] ICNT<-MEM request 0GB/Sec,0
[2026-03-12 13:35:09.587] [info] Core [0] Tile Stats | Issued: 116 Running: 2 Finished: 114
[2026-03-12 13:35:09.587] [info] cycle: [4184000]
[2026-03-12 13:35:09.587] [info] Core [1] Tile Stats | Issued: 118 Running: 2 Finished: 116
[2026-03-12 13:35:09.587] [info] cycle: [4184000]
[2026-03-12 13:35:09.587] [info] Core [2] Tile Stats | Issued: 118 Running: 2 Finished: 116
[2026-03-12 13:35:09.587] [info] cycle: [4184000]
[2026-03-12 13:35:09.587] [info] Core [3] Tile Stats | Issued: 116 Running: 2 Finished: 114
[2026-03-12 13:35:09.587] [info] cycle: [4184000]
[2026-03-12 13:35:09.587] [info] [ICNT] Core->ICNT request 0GB/Sec,0
[2026-03-12 13:35:09.587] [info] [ICNT] Core<-ICNT request 319GB/Sec,79911
[2026-03-12 13:35:09.587] [info] [ICNT] ICNT->MEM request 0GB/Sec,0
[2026-03-12 13:35:09.587] [info] [ICNT] ICNT<-MEM request 0GB/Sec,0
[2026-03-12 13:35:10.382] [info] Core [0] Tile Stats | Issued: 116 Running: 2 Finished: 114
[2026-03-12 13:35:10.382] [info] cycle: [4192000]
[2026-03-12 13:35:10.382] [info] Core [1] Tile Stats | Issued: 118 Running: 2 Finished: 116
[2026-03-12 13:35:10.382] [info] cycle: [4192000]
[2026-03-12 13:35:10.382] [info] Core [2] Tile Stats | Issued: 118 Running: 2 Finished: 116
[2026-03-12 13:35:10.382] [info] cycle: [4192000]
[2026-03-12 13:35:10.382] [info] Core [3] Tile Stats | Issued: 116 Running: 2 Finished: 114
[2026-03-12 13:35:10.382] [info] cycle: [4192000]
[2026-03-12 13:35:10.382] [info] [ICNT] Core->ICNT request 0GB/Sec,0
[2026-03-12 13:35:10.382] [info] [ICNT] Core<-ICNT request 325GB/Sec,81306
[2026-03-12 13:35:10.382] [info] [ICNT] ICNT->MEM request 0GB/Sec,0
[2026-03-12 13:35:10.382] [info] [ICNT] ICNT<-MEM request 0GB/Sec,0
[2026-03-12 13:35:11.105] [info] Core [0] Tile Stats | Issued: 116 Running: 2 Finished: 114
[2026-03-12 13:35:11.105] [info] cycle: [4200000]
[2026-03-12 13:35:11.105] [info] Core [1] Tile Stats | Issued: 118 Running: 2 Finished: 116
[2026-03-12 13:35:11.105] [info] cycle: [4200000]
[2026-03-12 13:35:11.105] [info] Core [2] Tile Stats | Issued: 118 Running: 2 Finished: 116
[2026-03-12 13:35:11.105] [info] cycle: [4200000]
[2026-03-12 13:35:11.105] [info] Core [3] Tile Stats | Issued: 116 Running: 2 Finished: 114
[2026-03-12 13:35:11.105] [info] cycle: [4200000]
[2026-03-12 13:35:11.105] [info] [ICNT] Core->ICNT request 9GB/Sec,2400
[2026-03-12 13:35:11.105] [info] [ICNT] Core<-ICNT request 337GB/Sec,84344
[2026-03-12 13:35:11.105] [info] [ICNT] ICNT->MEM request 0GB/Sec,0
[2026-03-12 13:35:11.105] [info] [ICNT] ICNT<-MEM request 0GB/Sec,0
[2026-03-12 13:35:11.839] [info] Core [0] Tile Stats | Issued: 117 Running: 2 Finished: 115
[2026-03-12 13:35:11.839] [info] cycle: [4208000]
[2026-03-12 13:35:11.839] [info] Core [1] Tile Stats | Issued: 119 Running: 2 Finished: 117
[2026-03-12 13:35:11.839] [info] cycle: [4208000]
[2026-03-12 13:35:11.839] [info] Core [2] Tile Stats | Issued: 119 Running: 2 Finished: 117
[2026-03-12 13:35:11.839] [info] cycle: [4208000]
[2026-03-12 13:35:11.839] [info] Core [3] Tile Stats | Issued: 117 Running: 2 Finished: 115
[2026-03-12 13:35:11.839] [info] cycle: [4208000]
[2026-03-12 13:35:11.839] [info] [ICNT] Core->ICNT request 472GB/Sec,118096
[2026-03-12 13:35:11.839] [info] [ICNT] Core<-ICNT request 462GB/Sec,115547
[2026-03-12 13:35:11.839] [info] [ICNT] ICNT->MEM request 0GB/Sec,0
[2026-03-12 13:35:11.839] [info] [ICNT] ICNT<-MEM request 0GB/Sec,0
[2026-03-12 13:35:12.589] [info] Core [0] Tile Stats | Issued: 117 Running: 2 Finished: 115
[2026-03-12 13:35:12.589] [info] cycle: [4216000]
[2026-03-12 13:35:12.589] [info] Core [1] Tile Stats | Issued: 119 Running: 2 Finished: 117
[2026-03-12 13:35:12.589] [info] cycle: [4216000]
[2026-03-12 13:35:12.589] [info] Core [2] Tile Stats | Issued: 119 Running: 2 Finished: 117
[2026-03-12 13:35:12.589] [info] cycle: [4216000]
[2026-03-12 13:35:12.589] [info] Core [3] Tile Stats | Issued: 117 Running: 2 Finished: 115
[2026-03-12 13:35:12.589] [info] cycle: [4216000]
[2026-03-12 13:35:12.589] [info] [ICNT] Core->ICNT request 1971GB/Sec,492960
[2026-03-12 13:35:12.589] [info] [ICNT] Core<-ICNT request 426GB/Sec,106606
[2026-03-12 13:35:12.589] [info] [ICNT] ICNT->MEM request 0GB/Sec,0
[2026-03-12 13:35:12.589] [info] [ICNT] ICNT<-MEM request 0GB/Sec,0
[2026-03-12 13:35:13.394] [info] Core [0] Tile Stats | Issued: 117 Running: 2 Finished: 115
[2026-03-12 13:35:13.394] [info] cycle: [4224000]
[2026-03-12 13:35:13.394] [info] Core [1] Tile Stats | Issued: 119 Running: 2 Finished: 117
[2026-03-12 13:35:13.394] [info] cycle: [4224000]
[2026-03-12 13:35:13.394] [info] Core [2] Tile Stats | Issued: 119 Running: 2 Finished: 117
[2026-03-12 13:35:13.394] [info] cycle: [4224000]
[2026-03-12 13:35:13.394] [info] Core [3] Tile Stats | Issued: 117 Running: 2 Finished: 115
[2026-03-12 13:35:13.394] [info] cycle: [4224000]
[2026-03-12 13:35:13.394] [info] [ICNT] Core->ICNT request 401GB/Sec,100368
[2026-03-12 13:35:13.394] [info] [ICNT] Core<-ICNT request 398GB/Sec,99618
[2026-03-12 13:35:13.394] [info] [ICNT] ICNT->MEM request 0GB/Sec,0
[2026-03-12 13:35:13.394] [info] [ICNT] ICNT<-MEM request 0GB/Sec,0
[2026-03-12 13:35:14.172] [info] Core [0] Tile Stats | Issued: 118 Running: 2 Finished: 116
[2026-03-12 13:35:14.172] [info] cycle: [4232000]
[2026-03-12 13:35:14.172] [info] Core [1] Tile Stats | Issued: 119 Running: 2 Finished: 117
[2026-03-12 13:35:14.172] [info] cycle: [4232000]
[2026-03-12 13:35:14.172] [info] Core [2] Tile Stats | Issued: 119 Running: 2 Finished: 117
[2026-03-12 13:35:14.172] [info] cycle: [4232000]
[2026-03-12 13:35:14.172] [info] Core [3] Tile Stats | Issued: 117 Running: 2 Finished: 115
[2026-03-12 13:35:14.172] [info] cycle: [4232000]
[2026-03-12 13:35:14.172] [info] [ICNT] Core->ICNT request 369GB/Sec,92464
[2026-03-12 13:35:14.172] [info] [ICNT] Core<-ICNT request 371GB/Sec,92944
[2026-03-12 13:35:14.172] [info] [ICNT] ICNT->MEM request 0GB/Sec,0
[2026-03-12 13:35:14.172] [info] [ICNT] ICNT<-MEM request 0GB/Sec,0
[2026-03-12 13:35:14.942] [info] Core [0] Tile Stats | Issued: 118 Running: 2 Finished: 116
[2026-03-12 13:35:14.942] [info] cycle: [4240000]
[2026-03-12 13:35:14.942] [info] Core [1] Tile Stats | Issued: 119 Running: 2 Finished: 117
[2026-03-12 13:35:14.942] [info] cycle: [4240000]
[2026-03-12 13:35:14.942] [info] Core [2] Tile Stats | Issued: 119 Running: 2 Finished: 117
[2026-03-12 13:35:14.942] [info] cycle: [4240000]
[2026-03-12 13:35:14.942] [info] Core [3] Tile Stats | Issued: 117 Running: 2 Finished: 115
[2026-03-12 13:35:14.942] [info] cycle: [4240000]
[2026-03-12 13:35:14.942] [info] [ICNT] Core->ICNT request 338GB/Sec,84592
[2026-03-12 13:35:14.942] [info] [ICNT] Core<-ICNT request 358GB/Sec,89510
[2026-03-12 13:35:14.942] [info] [ICNT] ICNT->MEM request 0GB/Sec,0
[2026-03-12 13:35:14.942] [info] [ICNT] ICNT<-MEM request 0GB/Sec,0
[2026-03-12 13:35:15.728] [info] Core [0] Tile Stats | Issued: 118 Running: 2 Finished: 116
[2026-03-12 13:35:15.728] [info] cycle: [4248000]
[2026-03-12 13:35:15.728] [info] Core [1] Tile Stats | Issued: 119 Running: 2 Finished: 117
[2026-03-12 13:35:15.728] [info] cycle: [4248000]
[2026-03-12 13:35:15.728] [info] Core [2] Tile Stats | Issued: 119 Running: 2 Finished: 117
[2026-03-12 13:35:15.728] [info] cycle: [4248000]
[2026-03-12 13:35:15.728] [info] Core [3] Tile Stats | Issued: 117 Running: 2 Finished: 115
[2026-03-12 13:35:15.728] [info] cycle: [4248000]
[2026-03-12 13:35:15.728] [info] [ICNT] Core->ICNT request 0GB/Sec,0
[2026-03-12 13:35:15.728] [info] [ICNT] Core<-ICNT request 361GB/Sec,90486
[2026-03-12 13:35:15.728] [info] [ICNT] ICNT->MEM request 0GB/Sec,0
[2026-03-12 13:35:15.728] [info] [ICNT] ICNT<-MEM request 0GB/Sec,0
[2026-03-12 13:35:16.565] [info] Core [0] Tile Stats | Issued: 118 Running: 2 Finished: 116
[2026-03-12 13:35:16.566] [info] cycle: [4256000]
[2026-03-12 13:35:16.566] [info] Core [1] Tile Stats | Issued: 119 Running: 2 Finished: 117
[2026-03-12 13:35:16.566] [info] cycle: [4256000]
[2026-03-12 13:35:16.566] [info] Core [2] Tile Stats | Issued: 119 Running: 2 Finished: 117
[2026-03-12 13:35:16.566] [info] cycle: [4256000]
[2026-03-12 13:35:16.566] [info] Core [3] Tile Stats | Issued: 117 Running: 2 Finished: 115
[2026-03-12 13:35:16.566] [info] cycle: [4256000]
[2026-03-12 13:35:16.566] [info] [ICNT] Core->ICNT request 0GB/Sec,0
[2026-03-12 13:35:16.566] [info] [ICNT] Core<-ICNT request 367GB/Sec,91939
[2026-03-12 13:35:16.566] [info] [ICNT] ICNT->MEM request 0GB/Sec,0
[2026-03-12 13:35:16.566] [info] [ICNT] ICNT<-MEM request 0GB/Sec,0
[2026-03-12 13:35:17.251] [info] Core [0] Tile Stats | Issued: 118 Running: 2 Finished: 116
[2026-03-12 13:35:17.251] [info] cycle: [4264000]
[2026-03-12 13:35:17.251] [info] Core [1] Tile Stats | Issued: 119 Running: 2 Finished: 117
[2026-03-12 13:35:17.251] [info] cycle: [4264000]
[2026-03-12 13:35:17.251] [info] Core [2] Tile Stats | Issued: 120 Running: 2 Finished: 118
[2026-03-12 13:35:17.251] [info] cycle: [4264000]
[2026-03-12 13:35:17.251] [info] Core [3] Tile Stats | Issued: 117 Running: 2 Finished: 115
[2026-03-12 13:35:17.251] [info] cycle: [4264000]
[2026-03-12 13:35:17.251] [info] [ICNT] Core->ICNT request 129GB/Sec,32272
[2026-03-12 13:35:17.251] [info] [ICNT] Core<-ICNT request 359GB/Sec,89868
[2026-03-12 13:35:17.251] [info] [ICNT] ICNT->MEM request 0GB/Sec,0
[2026-03-12 13:35:17.251] [info] [ICNT] ICNT<-MEM request 0GB/Sec,0
[2026-03-12 13:35:17.996] [info] Core [0] Tile Stats | Issued: 118 Running: 2 Finished: 116
[2026-03-12 13:35:17.996] [info] cycle: [4272000]
[2026-03-12 13:35:17.996] [info] Core [1] Tile Stats | Issued: 120 Running: 2 Finished: 118
[2026-03-12 13:35:17.996] [info] cycle: [4272000]
[2026-03-12 13:35:17.996] [info] Core [2] Tile Stats | Issued: 120 Running: 2 Finished: 118
[2026-03-12 13:35:17.996] [info] cycle: [4272000]
[2026-03-12 13:35:17.996] [info] Core [3] Tile Stats | Issued: 118 Running: 2 Finished: 116
[2026-03-12 13:35:17.996] [info] cycle: [4272000]
[2026-03-12 13:35:17.996] [info] [ICNT] Core->ICNT request 1237GB/Sec,309376
[2026-03-12 13:35:17.996] [info] [ICNT] Core<-ICNT request 333GB/Sec,83346
[2026-03-12 13:35:17.996] [info] [ICNT] ICNT->MEM request 0GB/Sec,0
[2026-03-12 13:35:17.996] [info] [ICNT] ICNT<-MEM request 0GB/Sec,0
[2026-03-12 13:35:18.763] [info] Core [0] Tile Stats | Issued: 118 Running: 2 Finished: 116
[2026-03-12 13:35:18.763] [info] cycle: [4280000]
[2026-03-12 13:35:18.763] [info] Core [1] Tile Stats | Issued: 120 Running: 2 Finished: 118
[2026-03-12 13:35:18.763] [info] cycle: [4280000]
[2026-03-12 13:35:18.763] [info] Core [2] Tile Stats | Issued: 120 Running: 2 Finished: 118
[2026-03-12 13:35:18.763] [info] cycle: [4280000]
[2026-03-12 13:35:18.763] [info] Core [3] Tile Stats | Issued: 118 Running: 2 Finished: 116
[2026-03-12 13:35:18.763] [info] cycle: [4280000]
[2026-03-12 13:35:18.763] [info] [ICNT] Core->ICNT request 761GB/Sec,190320
[2026-03-12 13:35:18.763] [info] [ICNT] Core<-ICNT request 389GB/Sec,97355
[2026-03-12 13:35:18.763] [info] [ICNT] ICNT->MEM request 0GB/Sec,0
[2026-03-12 13:35:18.763] [info] [ICNT] ICNT<-MEM request 0GB/Sec,0
[2026-03-12 13:35:19.558] [info] Core [0] Tile Stats | Issued: 118 Running: 2 Finished: 116
[2026-03-12 13:35:19.558] [info] cycle: [4288000]
[2026-03-12 13:35:19.558] [info] Core [1] Tile Stats | Issued: 120 Running: 2 Finished: 118
[2026-03-12 13:35:19.558] [info] cycle: [4288000]
[2026-03-12 13:35:19.558] [info] Core [2] Tile Stats | Issued: 120 Running: 2 Finished: 118
[2026-03-12 13:35:19.558] [info] cycle: [4288000]
[2026-03-12 13:35:19.558] [info] Core [3] Tile Stats | Issued: 118 Running: 2 Finished: 116
[2026-03-12 13:35:19.558] [info] cycle: [4288000]
[2026-03-12 13:35:19.558] [info] [ICNT] Core->ICNT request 0GB/Sec,0
[2026-03-12 13:35:19.558] [info] [ICNT] Core<-ICNT request 380GB/Sec,95104
[2026-03-12 13:35:19.558] [info] [ICNT] ICNT->MEM request 0GB/Sec,0
[2026-03-12 13:35:19.558] [info] [ICNT] ICNT<-MEM request 0GB/Sec,0
[2026-03-12 13:35:20.275] [info] Core [0] Tile Stats | Issued: 118 Running: 2 Finished: 116
[2026-03-12 13:35:20.275] [info] cycle: [4296000]
[2026-03-12 13:35:20.275] [info] Core [1] Tile Stats | Issued: 120 Running: 2 Finished: 118
[2026-03-12 13:35:20.275] [info] cycle: [4296000]
[2026-03-12 13:35:20.275] [info] Core [2] Tile Stats | Issued: 120 Running: 2 Finished: 118
[2026-03-12 13:35:20.275] [info] cycle: [4296000]
[2026-03-12 13:35:20.275] [info] Core [3] Tile Stats | Issued: 118 Running: 2 Finished: 116
[2026-03-12 13:35:20.275] [info] cycle: [4296000]
[2026-03-12 13:35:20.276] [info] [ICNT] Core->ICNT request 0GB/Sec,0
[2026-03-12 13:35:20.276] [info] [ICNT] Core<-ICNT request 311GB/Sec,77757
[2026-03-12 13:35:20.276] [info] [ICNT] ICNT->MEM request 0GB/Sec,0
[2026-03-12 13:35:20.276] [info] [ICNT] ICNT<-MEM request 0GB/Sec,0
[2026-03-12 13:35:21.002] [info] Core [0] Tile Stats | Issued: 118 Running: 2 Finished: 116
[2026-03-12 13:35:21.002] [info] cycle: [4304000]
[2026-03-12 13:35:21.002] [info] Core [1] Tile Stats | Issued: 120 Running: 2 Finished: 118
[2026-03-12 13:35:21.002] [info] cycle: [4304000]
[2026-03-12 13:35:21.002] [info] Core [2] Tile Stats | Issued: 120 Running: 2 Finished: 118
[2026-03-12 13:35:21.002] [info] cycle: [4304000]
[2026-03-12 13:35:21.002] [info] Core [3] Tile Stats | Issued: 118 Running: 2 Finished: 116
[2026-03-12 13:35:21.002] [info] cycle: [4304000]
[2026-03-12 13:35:21.002] [info] [ICNT] Core->ICNT request 0GB/Sec,0
[2026-03-12 13:35:21.002] [info] [ICNT] Core<-ICNT request 312GB/Sec,78133
[2026-03-12 13:35:21.002] [info] [ICNT] ICNT->MEM request 0GB/Sec,0
[2026-03-12 13:35:21.002] [info] [ICNT] ICNT<-MEM request 0GB/Sec,0
[2026-03-12 13:35:21.721] [info] Core [0] Tile Stats | Issued: 118 Running: 2 Finished: 116
[2026-03-12 13:35:21.721] [info] cycle: [4312000]
[2026-03-12 13:35:21.721] [info] Core [1] Tile Stats | Issued: 120 Running: 2 Finished: 118
[2026-03-12 13:35:21.721] [info] cycle: [4312000]
[2026-03-12 13:35:21.721] [info] Core [2] Tile Stats | Issued: 120 Running: 2 Finished: 118
[2026-03-12 13:35:21.721] [info] cycle: [4312000]
[2026-03-12 13:35:21.721] [info] Core [3] Tile Stats | Issued: 118 Running: 2 Finished: 116
[2026-03-12 13:35:21.721] [info] cycle: [4312000]
[2026-03-12 13:35:21.721] [info] [ICNT] Core->ICNT request 0GB/Sec,0
[2026-03-12 13:35:21.721] [info] [ICNT] Core<-ICNT request 292GB/Sec,73225
[2026-03-12 13:35:21.721] [info] [ICNT] ICNT->MEM request 0GB/Sec,0
[2026-03-12 13:35:21.721] [info] [ICNT] ICNT<-MEM request 0GB/Sec,0
[2026-03-12 13:35:22.472] [info] Core [0] Tile Stats | Issued: 119 Running: 2 Finished: 117
[2026-03-12 13:35:22.472] [info] cycle: [4320000]
[2026-03-12 13:35:22.472] [info] Core [1] Tile Stats | Issued: 120 Running: 2 Finished: 118
[2026-03-12 13:35:22.472] [info] cycle: [4320000]
[2026-03-12 13:35:22.472] [info] Core [2] Tile Stats | Issued: 120 Running: 2 Finished: 118
[2026-03-12 13:35:22.472] [info] cycle: [4320000]
[2026-03-12 13:35:22.472] [info] Core [3] Tile Stats | Issued: 118 Running: 2 Finished: 116
[2026-03-12 13:35:22.472] [info] cycle: [4320000]
[2026-03-12 13:35:22.472] [info] [ICNT] Core->ICNT request 74GB/Sec,18688
[2026-03-12 13:35:22.472] [info] [ICNT] Core<-ICNT request 295GB/Sec,73921
[2026-03-12 13:35:22.472] [info] [ICNT] ICNT->MEM request 0GB/Sec,0
[2026-03-12 13:35:22.472] [info] [ICNT] ICNT<-MEM request 0GB/Sec,0
[2026-03-12 13:35:23.231] [info] Core [0] Tile Stats | Issued: 119 Running: 2 Finished: 117
[2026-03-12 13:35:23.231] [info] cycle: [4328000]
[2026-03-12 13:35:23.231] [info] Core [1] Tile Stats | Issued: 120 Running: 2 Finished: 118
[2026-03-12 13:35:23.231] [info] cycle: [4328000]
[2026-03-12 13:35:23.231] [info] Core [2] Tile Stats | Issued: 120 Running: 2 Finished: 118
[2026-03-12 13:35:23.231] [info] cycle: [4328000]
[2026-03-12 13:35:23.231] [info] Core [3] Tile Stats | Issued: 118 Running: 2 Finished: 116
[2026-03-12 13:35:23.231] [info] cycle: [4328000]
[2026-03-12 13:35:23.231] [info] [ICNT] Core->ICNT request 512GB/Sec,128000
[2026-03-12 13:35:23.231] [info] [ICNT] Core<-ICNT request 321GB/Sec,80453
[2026-03-12 13:35:23.231] [info] [ICNT] ICNT->MEM request 0GB/Sec,0
[2026-03-12 13:35:23.231] [info] [ICNT] ICNT<-MEM request 0GB/Sec,0
[2026-03-12 13:35:24.068] [info] Core [0] Tile Stats | Issued: 119 Running: 2 Finished: 117
[2026-03-12 13:35:24.068] [info] cycle: [4336000]
[2026-03-12 13:35:24.068] [info] Core [1] Tile Stats | Issued: 120 Running: 2 Finished: 118
[2026-03-12 13:35:24.068] [info] cycle: [4336000]
[2026-03-12 13:35:24.068] [info] Core [2] Tile Stats | Issued: 120 Running: 2 Finished: 118
[2026-03-12 13:35:24.068] [info] cycle: [4336000]
[2026-03-12 13:35:24.068] [info] Core [3] Tile Stats | Issued: 118 Running: 2 Finished: 116
[2026-03-12 13:35:24.068] [info] cycle: [4336000]
[2026-03-12 13:35:24.068] [info] [ICNT] Core->ICNT request 140GB/Sec,35168
[2026-03-12 13:35:24.068] [info] [ICNT] Core<-ICNT request 443GB/Sec,110899
[2026-03-12 13:35:24.068] [info] [ICNT] ICNT->MEM request 0GB/Sec,0
[2026-03-12 13:35:24.068] [info] [ICNT] ICNT<-MEM request 0GB/Sec,0
[2026-03-12 13:35:24.883] [info] Core [0] Tile Stats | Issued: 119 Running: 2 Finished: 117
[2026-03-12 13:35:24.883] [info] cycle: [4344000]
[2026-03-12 13:35:24.883] [info] Core [1] Tile Stats | Issued: 121 Running: 2 Finished: 119
[2026-03-12 13:35:24.883] [info] cycle: [4344000]
[2026-03-12 13:35:24.883] [info] Core [2] Tile Stats | Issued: 121 Running: 2 Finished: 119
[2026-03-12 13:35:24.883] [info] cycle: [4344000]
[2026-03-12 13:35:24.883] [info] Core [3] Tile Stats | Issued: 119 Running: 2 Finished: 117
[2026-03-12 13:35:24.883] [info] cycle: [4344000]
[2026-03-12 13:35:24.883] [info] [ICNT] Core->ICNT request 941GB/Sec,235296
[2026-03-12 13:35:24.883] [info] [ICNT] Core<-ICNT request 447GB/Sec,111946
[2026-03-12 13:35:24.883] [info] [ICNT] ICNT->MEM request 0GB/Sec,0
[2026-03-12 13:35:24.883] [info] [ICNT] ICNT<-MEM request 0GB/Sec,0
[2026-03-12 13:35:25.734] [info] Core [0] Tile Stats | Issued: 119 Running: 2 Finished: 117
[2026-03-12 13:35:25.734] [info] cycle: [4352000]
[2026-03-12 13:35:25.734] [info] Core [1] Tile Stats | Issued: 121 Running: 2 Finished: 119
[2026-03-12 13:35:25.734] [info] cycle: [4352000]
[2026-03-12 13:35:25.734] [info] Core [2] Tile Stats | Issued: 121 Running: 2 Finished: 119
[2026-03-12 13:35:25.734] [info] cycle: [4352000]
[2026-03-12 13:35:25.734] [info] Core [3] Tile Stats | Issued: 119 Running: 2 Finished: 117
[2026-03-12 13:35:25.734] [info] cycle: [4352000]
[2026-03-12 13:35:25.734] [info] [ICNT] Core->ICNT request 1186GB/Sec,296672
[2026-03-12 13:35:25.734] [info] [ICNT] Core<-ICNT request 436GB/Sec,109152
[2026-03-12 13:35:25.734] [info] [ICNT] ICNT->MEM request 0GB/Sec,0
[2026-03-12 13:35:25.734] [info] [ICNT] ICNT<-MEM request 0GB/Sec,0
[2026-03-12 13:35:26.532] [info] Core [0] Tile Stats | Issued: 120 Running: 2 Finished: 118
[2026-03-12 13:35:26.532] [info] cycle: [4360000]
[2026-03-12 13:35:26.532] [info] Core [1] Tile Stats | Issued: 121 Running: 2 Finished: 119
[2026-03-12 13:35:26.532] [info] cycle: [4360000]
[2026-03-12 13:35:26.532] [info] Core [2] Tile Stats | Issued: 121 Running: 2 Finished: 119
[2026-03-12 13:35:26.532] [info] cycle: [4360000]
[2026-03-12 13:35:26.532] [info] Core [3] Tile Stats | Issued: 119 Running: 2 Finished: 117
[2026-03-12 13:35:26.532] [info] cycle: [4360000]
[2026-03-12 13:35:26.532] [info] [ICNT] Core->ICNT request 358GB/Sec,89584
[2026-03-12 13:35:26.532] [info] [ICNT] Core<-ICNT request 402GB/Sec,100568
[2026-03-12 13:35:26.532] [info] [ICNT] ICNT->MEM request 0GB/Sec,0
[2026-03-12 13:35:26.532] [info] [ICNT] ICNT<-MEM request 0GB/Sec,0
[2026-03-12 13:35:27.309] [info] Core [0] Tile Stats | Issued: 120 Running: 2 Finished: 118
[2026-03-12 13:35:27.309] [info] cycle: [4368000]
[2026-03-12 13:35:27.309] [info] Core [1] Tile Stats | Issued: 121 Running: 2 Finished: 119
[2026-03-12 13:35:27.309] [info] cycle: [4368000]
[2026-03-12 13:35:27.309] [info] Core [2] Tile Stats | Issued: 121 Running: 2 Finished: 119
[2026-03-12 13:35:27.309] [info] cycle: [4368000]
[2026-03-12 13:35:27.309] [info] Core [3] Tile Stats | Issued: 119 Running: 2 Finished: 117
[2026-03-12 13:35:27.309] [info] cycle: [4368000]
[2026-03-12 13:35:27.309] [info] [ICNT] Core->ICNT request 349GB/Sec,87472
[2026-03-12 13:35:27.309] [info] [ICNT] Core<-ICNT request 411GB/Sec,102757
[2026-03-12 13:35:27.309] [info] [ICNT] ICNT->MEM request 0GB/Sec,0
[2026-03-12 13:35:27.309] [info] [ICNT] ICNT<-MEM request 0GB/Sec,0
[2026-03-12 13:35:28.085] [info] Core [0] Tile Stats | Issued: 120 Running: 2 Finished: 118
[2026-03-12 13:35:28.085] [info] cycle: [4376000]
[2026-03-12 13:35:28.085] [info] Core [1] Tile Stats | Issued: 121 Running: 2 Finished: 119
[2026-03-12 13:35:28.085] [info] cycle: [4376000]
[2026-03-12 13:35:28.085] [info] Core [2] Tile Stats | Issued: 121 Running: 2 Finished: 119
[2026-03-12 13:35:28.085] [info] cycle: [4376000]
[2026-03-12 13:35:28.085] [info] Core [3] Tile Stats | Issued: 119 Running: 2 Finished: 117
[2026-03-12 13:35:28.085] [info] cycle: [4376000]
[2026-03-12 13:35:28.085] [info] [ICNT] Core->ICNT request 0GB/Sec,0
[2026-03-12 13:35:28.085] [info] [ICNT] Core<-ICNT request 420GB/Sec,105154
[2026-03-12 13:35:28.085] [info] [ICNT] ICNT->MEM request 0GB/Sec,0
[2026-03-12 13:35:28.085] [info] [ICNT] ICNT<-MEM request 0GB/Sec,0
[2026-03-12 13:35:28.852] [info] Core [0] Tile Stats | Issued: 120 Running: 2 Finished: 118
[2026-03-12 13:35:28.852] [info] cycle: [4384000]
[2026-03-12 13:35:28.852] [info] Core [1] Tile Stats | Issued: 121 Running: 2 Finished: 119
[2026-03-12 13:35:28.852] [info] cycle: [4384000]
[2026-03-12 13:35:28.852] [info] Core [2] Tile Stats | Issued: 122 Running: 2 Finished: 120
[2026-03-12 13:35:28.852] [info] cycle: [4384000]
[2026-03-12 13:35:28.852] [info] Core [3] Tile Stats | Issued: 119 Running: 2 Finished: 117
[2026-03-12 13:35:28.852] [info] cycle: [4384000]
[2026-03-12 13:35:28.852] [info] [ICNT] Core->ICNT request 386GB/Sec,96560
[2026-03-12 13:35:28.852] [info] [ICNT] Core<-ICNT request 414GB/Sec,103721
[2026-03-12 13:35:28.852] [info] [ICNT] ICNT->MEM request 0GB/Sec,0
[2026-03-12 13:35:28.852] [info] [ICNT] ICNT<-MEM request 0GB/Sec,0
[2026-03-12 13:35:29.570] [info] Core [0] Tile Stats | Issued: 120 Running: 2 Finished: 118
[2026-03-12 13:35:29.570] [info] cycle: [4392000]
[2026-03-12 13:35:29.570] [info] Core [1] Tile Stats | Issued: 122 Running: 2 Finished: 120
[2026-03-12 13:35:29.570] [info] cycle: [4392000]
[2026-03-12 13:35:29.570] [info] Core [2] Tile Stats | Issued: 122 Running: 2 Finished: 120
[2026-03-12 13:35:29.570] [info] cycle: [4392000]
[2026-03-12 13:35:29.570] [info] Core [3] Tile Stats | Issued: 120 Running: 2 Finished: 118
[2026-03-12 13:35:29.570] [info] cycle: [4392000]
[2026-03-12 13:35:29.570] [info] [ICNT] Core->ICNT request 740GB/Sec,185072
[2026-03-12 13:35:29.570] [info] [ICNT] Core<-ICNT request 449GB/Sec,112498
[2026-03-12 13:35:29.570] [info] [ICNT] ICNT->MEM request 0GB/Sec,0
[2026-03-12 13:35:29.570] [info] [ICNT] ICNT<-MEM request 0GB/Sec,0
[2026-03-12 13:35:30.336] [info] Core [0] Tile Stats | Issued: 120 Running: 2 Finished: 118
[2026-03-12 13:35:30.336] [info] cycle: [4400000]
[2026-03-12 13:35:30.336] [info] Core [1] Tile Stats | Issued: 122 Running: 2 Finished: 120
[2026-03-12 13:35:30.336] [info] cycle: [4400000]
[2026-03-12 13:35:30.336] [info] Core [2] Tile Stats | Issued: 122 Running: 2 Finished: 120
[2026-03-12 13:35:30.336] [info] cycle: [4400000]
[2026-03-12 13:35:30.336] [info] Core [3] Tile Stats | Issued: 120 Running: 2 Finished: 118
[2026-03-12 13:35:30.336] [info] cycle: [4400000]
[2026-03-12 13:35:30.336] [info] [ICNT] Core->ICNT request 1007GB/Sec,251936
[2026-03-12 13:35:30.336] [info] [ICNT] Core<-ICNT request 371GB/Sec,92874
[2026-03-12 13:35:30.336] [info] [ICNT] ICNT->MEM request 0GB/Sec,0
[2026-03-12 13:35:30.336] [info] [ICNT] ICNT<-MEM request 0GB/Sec,0
[2026-03-12 13:35:31.123] [info] Core [0] Tile Stats | Issued: 121 Running: 2 Finished: 119
[2026-03-12 13:35:31.123] [info] cycle: [4408000]
[2026-03-12 13:35:31.123] [info] Core [1] Tile Stats | Issued: 122 Running: 2 Finished: 120
[2026-03-12 13:35:31.123] [info] cycle: [4408000]
[2026-03-12 13:35:31.123] [info] Core [2] Tile Stats | Issued: 122 Running: 2 Finished: 120
[2026-03-12 13:35:31.123] [info] cycle: [4408000]
[2026-03-12 13:35:31.123] [info] Core [3] Tile Stats | Issued: 120 Running: 2 Finished: 118
[2026-03-12 13:35:31.123] [info] cycle: [4408000]
[2026-03-12 13:35:31.123] [info] [ICNT] Core->ICNT request 33GB/Sec,8496
[2026-03-12 13:35:31.123] [info] [ICNT] Core<-ICNT request 408GB/Sec,102131
[2026-03-12 13:35:31.123] [info] [ICNT] ICNT->MEM request 0GB/Sec,0
[2026-03-12 13:35:31.123] [info] [ICNT] ICNT<-MEM request 0GB/Sec,0
[2026-03-12 13:35:31.904] [info] Core [0] Tile Stats | Issued: 121 Running: 2 Finished: 119
[2026-03-12 13:35:31.904] [info] cycle: [4416000]
[2026-03-12 13:35:31.904] [info] Core [1] Tile Stats | Issued: 122 Running: 2 Finished: 120
[2026-03-12 13:35:31.904] [info] cycle: [4416000]
[2026-03-12 13:35:31.904] [info] Core [2] Tile Stats | Issued: 122 Running: 2 Finished: 120
[2026-03-12 13:35:31.904] [info] cycle: [4416000]
[2026-03-12 13:35:31.904] [info] Core [3] Tile Stats | Issued: 120 Running: 2 Finished: 118
[2026-03-12 13:35:31.904] [info] cycle: [4416000]
[2026-03-12 13:35:31.904] [info] [ICNT] Core->ICNT request 512GB/Sec,128000
[2026-03-12 13:35:31.904] [info] [ICNT] Core<-ICNT request 361GB/Sec,90371
[2026-03-12 13:35:31.904] [info] [ICNT] ICNT->MEM request 0GB/Sec,0
[2026-03-12 13:35:31.904] [info] [ICNT] ICNT<-MEM request 0GB/Sec,0
[2026-03-12 13:35:32.692] [info] Core [0] Tile Stats | Issued: 121 Running: 2 Finished: 119
[2026-03-12 13:35:32.692] [info] cycle: [4424000]
[2026-03-12 13:35:32.692] [info] Core [1] Tile Stats | Issued: 122 Running: 2 Finished: 120
[2026-03-12 13:35:32.692] [info] cycle: [4424000]
[2026-03-12 13:35:32.692] [info] Core [2] Tile Stats | Issued: 122 Running: 2 Finished: 120
[2026-03-12 13:35:32.692] [info] cycle: [4424000]
[2026-03-12 13:35:32.692] [info] Core [3] Tile Stats | Issued: 120 Running: 2 Finished: 118
[2026-03-12 13:35:32.692] [info] cycle: [4424000]
[2026-03-12 13:35:32.692] [info] [ICNT] Core->ICNT request 165GB/Sec,41360
[2026-03-12 13:35:32.692] [info] [ICNT] Core<-ICNT request 330GB/Sec,82707
[2026-03-12 13:35:32.692] [info] [ICNT] ICNT->MEM request 0GB/Sec,0
[2026-03-12 13:35:32.692] [info] [ICNT] ICNT<-MEM request 0GB/Sec,0
[2026-03-12 13:35:33.479] [info] Core [0] Tile Stats | Issued: 121 Running: 2 Finished: 119
[2026-03-12 13:35:33.479] [info] cycle: [4432000]
[2026-03-12 13:35:33.479] [info] Core [1] Tile Stats | Issued: 122 Running: 2 Finished: 120
[2026-03-12 13:35:33.479] [info] cycle: [4432000]
[2026-03-12 13:35:33.479] [info] Core [2] Tile Stats | Issued: 122 Running: 2 Finished: 120
[2026-03-12 13:35:33.479] [info] cycle: [4432000]
[2026-03-12 13:35:33.479] [info] Core [3] Tile Stats | Issued: 120 Running: 2 Finished: 118
[2026-03-12 13:35:33.479] [info] cycle: [4432000]
[2026-03-12 13:35:33.479] [info] [ICNT] Core->ICNT request 0GB/Sec,0
[2026-03-12 13:35:33.479] [info] [ICNT] Core<-ICNT request 337GB/Sec,84325
[2026-03-12 13:35:33.479] [info] [ICNT] ICNT->MEM request 0GB/Sec,0
[2026-03-12 13:35:33.479] [info] [ICNT] ICNT<-MEM request 0GB/Sec,0
[2026-03-12 13:35:34.279] [info] Core [0] Tile Stats | Issued: 121 Running: 2 Finished: 119
[2026-03-12 13:35:34.279] [info] cycle: [4440000]
[2026-03-12 13:35:34.279] [info] Core [1] Tile Stats | Issued: 122 Running: 2 Finished: 120
[2026-03-12 13:35:34.279] [info] cycle: [4440000]
[2026-03-12 13:35:34.279] [info] Core [2] Tile Stats | Issued: 122 Running: 2 Finished: 120
[2026-03-12 13:35:34.279] [info] cycle: [4440000]
[2026-03-12 13:35:34.279] [info] Core [3] Tile Stats | Issued: 120 Running: 2 Finished: 118
[2026-03-12 13:35:34.279] [info] cycle: [4440000]
[2026-03-12 13:35:34.279] [info] [ICNT] Core->ICNT request 0GB/Sec,0
[2026-03-12 13:35:34.279] [info] [ICNT] Core<-ICNT request 332GB/Sec,83128
[2026-03-12 13:35:34.279] [info] [ICNT] ICNT->MEM request 0GB/Sec,0
[2026-03-12 13:35:34.279] [info] [ICNT] ICNT<-MEM request 0GB/Sec,0
[2026-03-12 13:35:35.089] [info] Core [0] Tile Stats | Issued: 121 Running: 2 Finished: 119
[2026-03-12 13:35:35.089] [info] cycle: [4448000]
[2026-03-12 13:35:35.089] [info] Core [1] Tile Stats | Issued: 122 Running: 2 Finished: 120
[2026-03-12 13:35:35.089] [info] cycle: [4448000]
[2026-03-12 13:35:35.089] [info] Core [2] Tile Stats | Issued: 122 Running: 2 Finished: 120
[2026-03-12 13:35:35.089] [info] cycle: [4448000]
[2026-03-12 13:35:35.089] [info] Core [3] Tile Stats | Issued: 120 Running: 2 Finished: 118
[2026-03-12 13:35:35.089] [info] cycle: [4448000]
[2026-03-12 13:35:35.089] [info] [ICNT] Core->ICNT request 0GB/Sec,0
[2026-03-12 13:35:35.089] [info] [ICNT] Core<-ICNT request 332GB/Sec,83101
[2026-03-12 13:35:35.089] [info] [ICNT] ICNT->MEM request 0GB/Sec,0
[2026-03-12 13:35:35.089] [info] [ICNT] ICNT<-MEM request 0GB/Sec,0
[2026-03-12 13:35:35.896] [info] Core [0] Tile Stats | Issued: 121 Running: 2 Finished: 119
[2026-03-12 13:35:35.896] [info] cycle: [4456000]
[2026-03-12 13:35:35.896] [info] Core [1] Tile Stats | Issued: 122 Running: 2 Finished: 120
[2026-03-12 13:35:35.896] [info] cycle: [4456000]
[2026-03-12 13:35:35.896] [info] Core [2] Tile Stats | Issued: 122 Running: 2 Finished: 120
[2026-03-12 13:35:35.896] [info] cycle: [4456000]
[2026-03-12 13:35:35.896] [info] Core [3] Tile Stats | Issued: 120 Running: 2 Finished: 118
[2026-03-12 13:35:35.896] [info] cycle: [4456000]
[2026-03-12 13:35:35.896] [info] [ICNT] Core->ICNT request 9GB/Sec,2400
[2026-03-12 13:35:35.896] [info] [ICNT] Core<-ICNT request 389GB/Sec,97482
[2026-03-12 13:35:35.896] [info] [ICNT] ICNT->MEM request 0GB/Sec,0
[2026-03-12 13:35:35.896] [info] [ICNT] ICNT<-MEM request 0GB/Sec,0
[2026-03-12 13:35:36.803] [info] Core [0] Tile Stats | Issued: 121 Running: 2 Finished: 119
[2026-03-12 13:35:36.803] [info] cycle: [4464000]
[2026-03-12 13:35:36.803] [info] Core [1] Tile Stats | Issued: 123 Running: 2 Finished: 121
[2026-03-12 13:35:36.803] [info] cycle: [4464000]
[2026-03-12 13:35:36.803] [info] Core [2] Tile Stats | Issued: 123 Running: 2 Finished: 121
[2026-03-12 13:35:36.803] [info] cycle: [4464000]
[2026-03-12 13:35:36.803] [info] Core [3] Tile Stats | Issued: 121 Running: 2 Finished: 119
[2026-03-12 13:35:36.803] [info] cycle: [4464000]
[2026-03-12 13:35:36.803] [info] [ICNT] Core->ICNT request 832GB/Sec,208128
[2026-03-12 13:35:36.803] [info] [ICNT] Core<-ICNT request 385GB/Sec,96491
[2026-03-12 13:35:36.803] [info] [ICNT] ICNT->MEM request 0GB/Sec,0
[2026-03-12 13:35:36.803] [info] [ICNT] ICNT<-MEM request 0GB/Sec,0
[2026-03-12 13:35:37.677] [info] Core [0] Tile Stats | Issued: 121 Running: 2 Finished: 119
[2026-03-12 13:35:37.677] [info] cycle: [4472000]
[2026-03-12 13:35:37.677] [info] Core [1] Tile Stats | Issued: 123 Running: 2 Finished: 121
[2026-03-12 13:35:37.677] [info] cycle: [4472000]
[2026-03-12 13:35:37.677] [info] Core [2] Tile Stats | Issued: 123 Running: 2 Finished: 121
[2026-03-12 13:35:37.677] [info] cycle: [4472000]
[2026-03-12 13:35:37.677] [info] Core [3] Tile Stats | Issued: 121 Running: 2 Finished: 119
[2026-03-12 13:35:37.677] [info] cycle: [4472000]
[2026-03-12 13:35:37.677] [info] [ICNT] Core->ICNT request 1295GB/Sec,323840
[2026-03-12 13:35:37.677] [info] [ICNT] Core<-ICNT request 374GB/Sec,93656
[2026-03-12 13:35:37.677] [info] [ICNT] ICNT->MEM request 0GB/Sec,0
[2026-03-12 13:35:37.677] [info] [ICNT] ICNT<-MEM request 0GB/Sec,0
[2026-03-12 13:35:38.609] [info] Core [0] Tile Stats | Issued: 122 Running: 2 Finished: 120
[2026-03-12 13:35:38.609] [info] cycle: [4480000]
[2026-03-12 13:35:38.609] [info] Core [1] Tile Stats | Issued: 123 Running: 2 Finished: 121
[2026-03-12 13:35:38.609] [info] cycle: [4480000]
[2026-03-12 13:35:38.609] [info] Core [2] Tile Stats | Issued: 123 Running: 2 Finished: 121
[2026-03-12 13:35:38.609] [info] cycle: [4480000]
[2026-03-12 13:35:38.609] [info] Core [3] Tile Stats | Issued: 121 Running: 2 Finished: 119
[2026-03-12 13:35:38.609] [info] cycle: [4480000]
[2026-03-12 13:35:38.609] [info] [ICNT] Core->ICNT request 453GB/Sec,113296
[2026-03-12 13:35:38.609] [info] [ICNT] Core<-ICNT request 360GB/Sec,90010
[2026-03-12 13:35:38.609] [info] [ICNT] ICNT->MEM request 0GB/Sec,0
[2026-03-12 13:35:38.609] [info] [ICNT] ICNT<-MEM request 0GB/Sec,0
[2026-03-12 13:35:39.772] [info] Core [0] Tile Stats | Issued: 122 Running: 2 Finished: 120
[2026-03-12 13:35:39.772] [info] cycle: [4488000]
[2026-03-12 13:35:39.772] [info] Core [1] Tile Stats | Issued: 123 Running: 2 Finished: 121
[2026-03-12 13:35:39.772] [info] cycle: [4488000]
[2026-03-12 13:35:39.772] [info] Core [2] Tile Stats | Issued: 123 Running: 2 Finished: 121
[2026-03-12 13:35:39.772] [info] cycle: [4488000]
[2026-03-12 13:35:39.772] [info] Core [3] Tile Stats | Issued: 121 Running: 2 Finished: 119
[2026-03-12 13:35:39.772] [info] cycle: [4488000]
[2026-03-12 13:35:39.772] [info] [ICNT] Core->ICNT request 255GB/Sec,63760
[2026-03-12 13:35:39.772] [info] [ICNT] Core<-ICNT request 360GB/Sec,90201
[2026-03-12 13:35:39.772] [info] [ICNT] ICNT->MEM request 0GB/Sec,0
[2026-03-12 13:35:39.772] [info] [ICNT] ICNT<-MEM request 0GB/Sec,0
[2026-03-12 13:35:40.810] [info] Core [0] Tile Stats | Issued: 122 Running: 2 Finished: 120
[2026-03-12 13:35:40.810] [info] cycle: [4496000]
[2026-03-12 13:35:40.810] [info] Core [1] Tile Stats | Issued: 123 Running: 2 Finished: 121
[2026-03-12 13:35:40.810] [info] cycle: [4496000]
[2026-03-12 13:35:40.810] [info] Core [2] Tile Stats | Issued: 123 Running: 2 Finished: 121
[2026-03-12 13:35:40.810] [info] cycle: [4496000]
[2026-03-12 13:35:40.810] [info] Core [3] Tile Stats | Issued: 121 Running: 2 Finished: 119
[2026-03-12 13:35:40.810] [info] cycle: [4496000]
[2026-03-12 13:35:40.810] [info] [ICNT] Core->ICNT request 0GB/Sec,0
[2026-03-12 13:35:40.810] [info] [ICNT] Core<-ICNT request 376GB/Sec,94110
[2026-03-12 13:35:40.810] [info] [ICNT] ICNT->MEM request 0GB/Sec,0
[2026-03-12 13:35:40.810] [info] [ICNT] ICNT<-MEM request 0GB/Sec,0
[2026-03-12 13:35:41.653] [info] Core [0] Tile Stats | Issued: 122 Running: 2 Finished: 120
[2026-03-12 13:35:41.653] [info] cycle: [4504000]
[2026-03-12 13:35:41.653] [info] Core [1] Tile Stats | Issued: 123 Running: 2 Finished: 121
[2026-03-12 13:35:41.653] [info] cycle: [4504000]
[2026-03-12 13:35:41.653] [info] Core [2] Tile Stats | Issued: 124 Running: 2 Finished: 122
[2026-03-12 13:35:41.653] [info] cycle: [4504000]
[2026-03-12 13:35:41.653] [info] Core [3] Tile Stats | Issued: 121 Running: 2 Finished: 119
[2026-03-12 13:35:41.653] [info] cycle: [4504000]
[2026-03-12 13:35:41.653] [info] [ICNT] Core->ICNT request 376GB/Sec,94176
[2026-03-12 13:35:41.653] [info] [ICNT] Core<-ICNT request 374GB/Sec,93567
[2026-03-12 13:35:41.653] [info] [ICNT] ICNT->MEM request 0GB/Sec,0
[2026-03-12 13:35:41.653] [info] [ICNT] ICNT<-MEM request 0GB/Sec,0
[2026-03-12 13:35:42.972] [info] Core [0] Tile Stats | Issued: 122 Running: 2 Finished: 120
[2026-03-12 13:35:42.972] [info] cycle: [4512000]
[2026-03-12 13:35:42.972] [info] Core [1] Tile Stats | Issued: 123 Running: 2 Finished: 121
[2026-03-12 13:35:42.972] [info] cycle: [4512000]
[2026-03-12 13:35:42.972] [info] Core [2] Tile Stats | Issued: 124 Running: 2 Finished: 122
[2026-03-12 13:35:42.972] [info] cycle: [4512000]
[2026-03-12 13:35:42.972] [info] Core [3] Tile Stats | Issued: 121 Running: 2 Finished: 119
[2026-03-12 13:35:42.972] [info] cycle: [4512000]
[2026-03-12 13:35:42.972] [info] [ICNT] Core->ICNT request 328GB/Sec,82080
[2026-03-12 13:35:42.972] [info] [ICNT] Core<-ICNT request 410GB/Sec,102691
[2026-03-12 13:35:42.972] [info] [ICNT] ICNT->MEM request 0GB/Sec,0
[2026-03-12 13:35:42.972] [info] [ICNT] ICNT<-MEM request 0GB/Sec,0
[2026-03-12 13:35:43.835] [info] Core [0] Tile Stats | Issued: 122 Running: 2 Finished: 120
[2026-03-12 13:35:43.835] [info] cycle: [4520000]
[2026-03-12 13:35:43.835] [info] Core [1] Tile Stats | Issued: 124 Running: 2 Finished: 122
[2026-03-12 13:35:43.835] [info] cycle: [4520000]
[2026-03-12 13:35:43.835] [info] Core [2] Tile Stats | Issued: 124 Running: 2 Finished: 122
[2026-03-12 13:35:43.835] [info] cycle: [4520000]
[2026-03-12 13:35:43.835] [info] Core [3] Tile Stats | Issued: 122 Running: 2 Finished: 120
[2026-03-12 13:35:43.835] [info] cycle: [4520000]
[2026-03-12 13:35:43.835] [info] [ICNT] Core->ICNT request 118GB/Sec,29568
[2026-03-12 13:35:43.835] [info] [ICNT] Core<-ICNT request 400GB/Sec,100126
[2026-03-12 13:35:43.835] [info] [ICNT] ICNT->MEM request 0GB/Sec,0
[2026-03-12 13:35:43.835] [info] [ICNT] ICNT<-MEM request 0GB/Sec,0
[2026-03-12 13:35:44.614] [info] Core [0] Tile Stats | Issued: 122 Running: 2 Finished: 120
[2026-03-12 13:35:44.614] [info] cycle: [4528000]
[2026-03-12 13:35:44.614] [info] Core [1] Tile Stats | Issued: 124 Running: 2 Finished: 122
[2026-03-12 13:35:44.614] [info] cycle: [4528000]
[2026-03-12 13:35:44.614] [info] Core [2] Tile Stats | Issued: 124 Running: 2 Finished: 122
[2026-03-12 13:35:44.614] [info] cycle: [4528000]
[2026-03-12 13:35:44.614] [info] Core [3] Tile Stats | Issued: 122 Running: 2 Finished: 120
[2026-03-12 13:35:44.614] [info] cycle: [4528000]
[2026-03-12 13:35:44.614] [info] [ICNT] Core->ICNT request 1033GB/Sec,258400
[2026-03-12 13:35:44.614] [info] [ICNT] Core<-ICNT request 367GB/Sec,91808
[2026-03-12 13:35:44.614] [info] [ICNT] ICNT->MEM request 0GB/Sec,0
[2026-03-12 13:35:44.614] [info] [ICNT] ICNT<-MEM request 0GB/Sec,0
[2026-03-12 13:35:45.564] [info] Core [0] Tile Stats | Issued: 123 Running: 2 Finished: 121
[2026-03-12 13:35:45.564] [info] cycle: [4536000]
[2026-03-12 13:35:45.564] [info] Core [1] Tile Stats | Issued: 124 Running: 2 Finished: 122
[2026-03-12 13:35:45.564] [info] cycle: [4536000]
[2026-03-12 13:35:45.564] [info] Core [2] Tile Stats | Issued: 124 Running: 2 Finished: 122
[2026-03-12 13:35:45.564] [info] cycle: [4536000]
[2026-03-12 13:35:45.564] [info] Core [3] Tile Stats | Issued: 122 Running: 2 Finished: 120
[2026-03-12 13:35:45.564] [info] cycle: [4536000]
[2026-03-12 13:35:45.564] [info] [ICNT] Core->ICNT request 552GB/Sec,138144
[2026-03-12 13:35:45.564] [info] [ICNT] Core<-ICNT request 370GB/Sec,92731
[2026-03-12 13:35:45.564] [info] [ICNT] ICNT->MEM request 0GB/Sec,0
[2026-03-12 13:35:45.564] [info] [ICNT] ICNT<-MEM request 0GB/Sec,0
[2026-03-12 13:35:46.410] [info] Core [0] Tile Stats | Issued: 123 Running: 2 Finished: 121
[2026-03-12 13:35:46.410] [info] cycle: [4544000]
[2026-03-12 13:35:46.410] [info] Core [1] Tile Stats | Issued: 124 Running: 2 Finished: 122
[2026-03-12 13:35:46.410] [info] cycle: [4544000]
[2026-03-12 13:35:46.410] [info] Core [2] Tile Stats | Issued: 124 Running: 2 Finished: 122
[2026-03-12 13:35:46.410] [info] cycle: [4544000]
[2026-03-12 13:35:46.410] [info] Core [3] Tile Stats | Issued: 122 Running: 2 Finished: 120
[2026-03-12 13:35:46.410] [info] cycle: [4544000]
[2026-03-12 13:35:46.410] [info] [ICNT] Core->ICNT request 436GB/Sec,109056
[2026-03-12 13:35:46.410] [info] [ICNT] Core<-ICNT request 323GB/Sec,80847
[2026-03-12 13:35:46.410] [info] [ICNT] ICNT->MEM request 0GB/Sec,0
[2026-03-12 13:35:46.410] [info] [ICNT] ICNT<-MEM request 0GB/Sec,0
[2026-03-12 13:35:47.161] [info] Core [0] Tile Stats | Issued: 123 Running: 2 Finished: 121
[2026-03-12 13:35:47.161] [info] cycle: [4552000]
[2026-03-12 13:35:47.161] [info] Core [1] Tile Stats | Issued: 124 Running: 2 Finished: 122
[2026-03-12 13:35:47.161] [info] cycle: [4552000]
[2026-03-12 13:35:47.161] [info] Core [2] Tile Stats | Issued: 124 Running: 2 Finished: 122
[2026-03-12 13:35:47.161] [info] cycle: [4552000]
[2026-03-12 13:35:47.161] [info] Core [3] Tile Stats | Issued: 122 Running: 2 Finished: 120
[2026-03-12 13:35:47.161] [info] cycle: [4552000]
[2026-03-12 13:35:47.161] [info] [ICNT] Core->ICNT request 0GB/Sec,0
[2026-03-12 13:35:47.161] [info] [ICNT] Core<-ICNT request 322GB/Sec,80717
[2026-03-12 13:35:47.161] [info] [ICNT] ICNT->MEM request 0GB/Sec,0
[2026-03-12 13:35:47.161] [info] [ICNT] ICNT<-MEM request 0GB/Sec,0
[2026-03-12 13:35:47.930] [info] Core [0] Tile Stats | Issued: 123 Running: 2 Finished: 121
[2026-03-12 13:35:47.930] [info] cycle: [4560000]
[2026-03-12 13:35:47.930] [info] Core [1] Tile Stats | Issued: 124 Running: 2 Finished: 122
[2026-03-12 13:35:47.930] [info] cycle: [4560000]
[2026-03-12 13:35:47.930] [info] Core [2] Tile Stats | Issued: 124 Running: 2 Finished: 122
[2026-03-12 13:35:47.930] [info] cycle: [4560000]
[2026-03-12 13:35:47.930] [info] Core [3] Tile Stats | Issued: 122 Running: 2 Finished: 120
[2026-03-12 13:35:47.930] [info] cycle: [4560000]
[2026-03-12 13:35:47.930] [info] [ICNT] Core->ICNT request 0GB/Sec,0
[2026-03-12 13:35:47.930] [info] [ICNT] Core<-ICNT request 323GB/Sec,80824
[2026-03-12 13:35:47.930] [info] [ICNT] ICNT->MEM request 0GB/Sec,0
[2026-03-12 13:35:47.930] [info] [ICNT] ICNT<-MEM request 0GB/Sec,0
[2026-03-12 13:35:48.929] [info] Core [0] Tile Stats | Issued: 123 Running: 2 Finished: 121
[2026-03-12 13:35:48.929] [info] cycle: [4568000]
[2026-03-12 13:35:48.929] [info] Core [1] Tile Stats | Issued: 124 Running: 2 Finished: 122
[2026-03-12 13:35:48.929] [info] cycle: [4568000]
[2026-03-12 13:35:48.929] [info] Core [2] Tile Stats | Issued: 124 Running: 2 Finished: 122
[2026-03-12 13:35:48.929] [info] cycle: [4568000]
[2026-03-12 13:35:48.929] [info] Core [3] Tile Stats | Issued: 122 Running: 2 Finished: 120
[2026-03-12 13:35:48.929] [info] cycle: [4568000]
[2026-03-12 13:35:48.929] [info] [ICNT] Core->ICNT request 0GB/Sec,0
[2026-03-12 13:35:48.929] [info] [ICNT] Core<-ICNT request 325GB/Sec,81277
[2026-03-12 13:35:48.929] [info] [ICNT] ICNT->MEM request 0GB/Sec,0
[2026-03-12 13:35:48.929] [info] [ICNT] ICNT<-MEM request 0GB/Sec,0
[2026-03-12 13:35:49.847] [info] Core [0] Tile Stats | Issued: 123 Running: 2 Finished: 121
[2026-03-12 13:35:49.847] [info] cycle: [4576000]
[2026-03-12 13:35:49.847] [info] Core [1] Tile Stats | Issued: 124 Running: 2 Finished: 122
[2026-03-12 13:35:49.847] [info] cycle: [4576000]
[2026-03-12 13:35:49.847] [info] Core [2] Tile Stats | Issued: 124 Running: 2 Finished: 122
[2026-03-12 13:35:49.847] [info] cycle: [4576000]
[2026-03-12 13:35:49.847] [info] Core [3] Tile Stats | Issued: 122 Running: 2 Finished: 120
[2026-03-12 13:35:49.847] [info] cycle: [4576000]
[2026-03-12 13:35:49.847] [info] [ICNT] Core->ICNT request 0GB/Sec,0
[2026-03-12 13:35:49.847] [info] [ICNT] Core<-ICNT request 354GB/Sec,88680
[2026-03-12 13:35:49.847] [info] [ICNT] ICNT->MEM request 0GB/Sec,0
[2026-03-12 13:35:49.847] [info] [ICNT] ICNT<-MEM request 0GB/Sec,0
[2026-03-12 13:35:50.758] [info] Core [0] Tile Stats | Issued: 123 Running: 2 Finished: 121
[2026-03-12 13:35:50.758] [info] cycle: [4584000]
[2026-03-12 13:35:50.758] [info] Core [1] Tile Stats | Issued: 124 Running: 2 Finished: 122
[2026-03-12 13:35:50.758] [info] cycle: [4584000]
[2026-03-12 13:35:50.758] [info] Core [2] Tile Stats | Issued: 124 Running: 2 Finished: 122
[2026-03-12 13:35:50.758] [info] cycle: [4584000]
[2026-03-12 13:35:50.758] [info] Core [3] Tile Stats | Issued: 122 Running: 2 Finished: 120
[2026-03-12 13:35:50.758] [info] cycle: [4584000]
[2026-03-12 13:35:50.758] [info] [ICNT] Core->ICNT request 9GB/Sec,2400
[2026-03-12 13:35:50.758] [info] [ICNT] Core<-ICNT request 403GB/Sec,100898
[2026-03-12 13:35:50.759] [info] [ICNT] ICNT->MEM request 0GB/Sec,0
[2026-03-12 13:35:50.759] [info] [ICNT] ICNT<-MEM request 0GB/Sec,0
[2026-03-12 13:35:51.586] [info] Core [0] Tile Stats | Issued: 123 Running: 2 Finished: 121
[2026-03-12 13:35:51.586] [info] cycle: [4592000]
[2026-03-12 13:35:51.586] [info] Core [1] Tile Stats | Issued: 125 Running: 2 Finished: 123
[2026-03-12 13:35:51.586] [info] cycle: [4592000]
[2026-03-12 13:35:51.586] [info] Core [2] Tile Stats | Issued: 125 Running: 2 Finished: 123
[2026-03-12 13:35:51.586] [info] cycle: [4592000]
[2026-03-12 13:35:51.586] [info] Core [3] Tile Stats | Issued: 123 Running: 2 Finished: 121
[2026-03-12 13:35:51.586] [info] cycle: [4592000]
[2026-03-12 13:35:51.586] [info] [ICNT] Core->ICNT request 900GB/Sec,225216
[2026-03-12 13:35:51.586] [info] [ICNT] Core<-ICNT request 421GB/Sec,105353
[2026-03-12 13:35:51.586] [info] [ICNT] ICNT->MEM request 0GB/Sec,0
[2026-03-12 13:35:51.586] [info] [ICNT] ICNT<-MEM request 0GB/Sec,0
[2026-03-12 13:35:52.371] [info] Core [0] Tile Stats | Issued: 124 Running: 2 Finished: 122
[2026-03-12 13:35:52.371] [info] cycle: [4600000]
[2026-03-12 13:35:52.371] [info] Core [1] Tile Stats | Issued: 125 Running: 2 Finished: 123
[2026-03-12 13:35:52.371] [info] cycle: [4600000]
[2026-03-12 13:35:52.371] [info] Core [2] Tile Stats | Issued: 125 Running: 2 Finished: 123
[2026-03-12 13:35:52.371] [info] cycle: [4600000]
[2026-03-12 13:35:52.371] [info] Core [3] Tile Stats | Issued: 123 Running: 2 Finished: 121
[2026-03-12 13:35:52.371] [info] cycle: [4600000]
[2026-03-12 13:35:52.371] [info] [ICNT] Core->ICNT request 1295GB/Sec,323984
[2026-03-12 13:35:52.371] [info] [ICNT] Core<-ICNT request 398GB/Sec,99746
[2026-03-12 13:35:52.371] [info] [ICNT] ICNT->MEM request 0GB/Sec,0
[2026-03-12 13:35:52.371] [info] [ICNT] ICNT<-MEM request 0GB/Sec,0
[2026-03-12 13:35:53.098] [info] Core [0] Tile Stats | Issued: 124 Running: 2 Finished: 122
[2026-03-12 13:35:53.098] [info] cycle: [4608000]
[2026-03-12 13:35:53.098] [info] Core [1] Tile Stats | Issued: 125 Running: 2 Finished: 123
[2026-03-12 13:35:53.098] [info] cycle: [4608000]
[2026-03-12 13:35:53.098] [info] Core [2] Tile Stats | Issued: 125 Running: 2 Finished: 123
[2026-03-12 13:35:53.098] [info] cycle: [4608000]
[2026-03-12 13:35:53.098] [info] Core [3] Tile Stats | Issued: 123 Running: 2 Finished: 121
[2026-03-12 13:35:53.098] [info] cycle: [4608000]
[2026-03-12 13:35:53.098] [info] [ICNT] Core->ICNT request 512GB/Sec,128000
[2026-03-12 13:35:53.098] [info] [ICNT] Core<-ICNT request 361GB/Sec,90338
[2026-03-12 13:35:53.098] [info] [ICNT] ICNT->MEM request 0GB/Sec,0
[2026-03-12 13:35:53.098] [info] [ICNT] ICNT<-MEM request 0GB/Sec,0
[2026-03-12 13:35:53.880] [info] Core [0] Tile Stats | Issued: 124 Running: 2 Finished: 122
[2026-03-12 13:35:53.880] [info] cycle: [4616000]
[2026-03-12 13:35:53.880] [info] Core [1] Tile Stats | Issued: 125 Running: 2 Finished: 123
[2026-03-12 13:35:53.880] [info] cycle: [4616000]
[2026-03-12 13:35:53.880] [info] Core [2] Tile Stats | Issued: 126 Running: 2 Finished: 124
[2026-03-12 13:35:53.880] [info] cycle: [4616000]
[2026-03-12 13:35:53.880] [info] Core [3] Tile Stats | Issued: 123 Running: 2 Finished: 121
[2026-03-12 13:35:53.880] [info] cycle: [4616000]
[2026-03-12 13:35:53.880] [info] [ICNT] Core->ICNT request 428GB/Sec,107008
[2026-03-12 13:35:53.880] [info] [ICNT] Core<-ICNT request 335GB/Sec,83927
[2026-03-12 13:35:53.880] [info] [ICNT] ICNT->MEM request 0GB/Sec,0
[2026-03-12 13:35:53.880] [info] [ICNT] ICNT<-MEM request 0GB/Sec,0
[2026-03-12 13:35:54.614] [info] Core [0] Tile Stats | Issued: 124 Running: 2 Finished: 122
[2026-03-12 13:35:54.614] [info] cycle: [4624000]
[2026-03-12 13:35:54.614] [info] Core [1] Tile Stats | Issued: 125 Running: 2 Finished: 123
[2026-03-12 13:35:54.614] [info] cycle: [4624000]
[2026-03-12 13:35:54.614] [info] Core [2] Tile Stats | Issued: 126 Running: 2 Finished: 124
[2026-03-12 13:35:54.614] [info] cycle: [4624000]
[2026-03-12 13:35:54.614] [info] Core [3] Tile Stats | Issued: 123 Running: 2 Finished: 121
[2026-03-12 13:35:54.614] [info] cycle: [4624000]
[2026-03-12 13:35:54.614] [info] [ICNT] Core->ICNT request 404GB/Sec,101072
[2026-03-12 13:35:54.614] [info] [ICNT] Core<-ICNT request 334GB/Sec,83734
[2026-03-12 13:35:54.614] [info] [ICNT] ICNT->MEM request 0GB/Sec,0
[2026-03-12 13:35:54.614] [info] [ICNT] ICNT<-MEM request 0GB/Sec,0
[2026-03-12 13:35:55.345] [info] Core [0] Tile Stats | Issued: 124 Running: 2 Finished: 122
[2026-03-12 13:35:55.345] [info] cycle: [4632000]
[2026-03-12 13:35:55.345] [info] Core [1] Tile Stats | Issued: 125 Running: 2 Finished: 123
[2026-03-12 13:35:55.345] [info] cycle: [4632000]
[2026-03-12 13:35:55.345] [info] Core [2] Tile Stats | Issued: 126 Running: 2 Finished: 124
[2026-03-12 13:35:55.345] [info] cycle: [4632000]
[2026-03-12 13:35:55.345] [info] Core [3] Tile Stats | Issued: 123 Running: 2 Finished: 121
[2026-03-12 13:35:55.345] [info] cycle: [4632000]
[2026-03-12 13:35:55.345] [info] [ICNT] Core->ICNT request 0GB/Sec,0
[2026-03-12 13:35:55.345] [info] [ICNT] Core<-ICNT request 353GB/Sec,88409
[2026-03-12 13:35:55.345] [info] [ICNT] ICNT->MEM request 0GB/Sec,0
[2026-03-12 13:35:55.345] [info] [ICNT] ICNT<-MEM request 0GB/Sec,0
[2026-03-12 13:35:56.102] [info] Core [0] Tile Stats | Issued: 124 Running: 2 Finished: 122
[2026-03-12 13:35:56.102] [info] cycle: [4640000]
[2026-03-12 13:35:56.102] [info] Core [1] Tile Stats | Issued: 125 Running: 2 Finished: 123
[2026-03-12 13:35:56.102] [info] cycle: [4640000]
[2026-03-12 13:35:56.102] [info] Core [2] Tile Stats | Issued: 126 Running: 2 Finished: 124
[2026-03-12 13:35:56.102] [info] cycle: [4640000]
[2026-03-12 13:35:56.102] [info] Core [3] Tile Stats | Issued: 123 Running: 2 Finished: 121
[2026-03-12 13:35:56.102] [info] cycle: [4640000]
[2026-03-12 13:35:56.102] [info] [ICNT] Core->ICNT request 0GB/Sec,0
[2026-03-12 13:35:56.102] [info] [ICNT] Core<-ICNT request 401GB/Sec,100380
[2026-03-12 13:35:56.102] [info] [ICNT] ICNT->MEM request 0GB/Sec,0
[2026-03-12 13:35:56.102] [info] [ICNT] ICNT<-MEM request 0GB/Sec,0
[2026-03-12 13:35:56.923] [info] Core [0] Tile Stats | Issued: 124 Running: 2 Finished: 122
[2026-03-12 13:35:56.923] [info] cycle: [4648000]
[2026-03-12 13:35:56.923] [info] Core [1] Tile Stats | Issued: 126 Running: 2 Finished: 124
[2026-03-12 13:35:56.923] [info] cycle: [4648000]
[2026-03-12 13:35:56.923] [info] Core [2] Tile Stats | Issued: 126 Running: 2 Finished: 124
[2026-03-12 13:35:56.923] [info] cycle: [4648000]
[2026-03-12 13:35:56.923] [info] Core [3] Tile Stats | Issued: 124 Running: 2 Finished: 122
[2026-03-12 13:35:56.923] [info] cycle: [4648000]
[2026-03-12 13:35:56.923] [info] [ICNT] Core->ICNT request 264GB/Sec,66112
[2026-03-12 13:35:56.923] [info] [ICNT] Core<-ICNT request 418GB/Sec,104584
[2026-03-12 13:35:56.923] [info] [ICNT] ICNT->MEM request 0GB/Sec,0
[2026-03-12 13:35:56.923] [info] [ICNT] ICNT<-MEM request 0GB/Sec,0
[2026-03-12 13:35:57.677] [info] Core [0] Tile Stats | Issued: 124 Running: 2 Finished: 122
[2026-03-12 13:35:57.677] [info] cycle: [4656000]
[2026-03-12 13:35:57.677] [info] Core [1] Tile Stats | Issued: 126 Running: 2 Finished: 124
[2026-03-12 13:35:57.677] [info] cycle: [4656000]
[2026-03-12 13:35:57.677] [info] Core [2] Tile Stats | Issued: 126 Running: 2 Finished: 124
[2026-03-12 13:35:57.677] [info] cycle: [4656000]
[2026-03-12 13:35:57.677] [info] Core [3] Tile Stats | Issued: 124 Running: 2 Finished: 122
[2026-03-12 13:35:57.677] [info] cycle: [4656000]
[2026-03-12 13:35:57.677] [info] [ICNT] Core->ICNT request 1033GB/Sec,258400
[2026-03-12 13:35:57.677] [info] [ICNT] Core<-ICNT request 383GB/Sec,95816
[2026-03-12 13:35:57.677] [info] [ICNT] ICNT->MEM request 0GB/Sec,0
[2026-03-12 13:35:57.677] [info] [ICNT] ICNT<-MEM request 0GB/Sec,0
[2026-03-12 13:35:58.409] [info] Core [0] Tile Stats | Issued: 125 Running: 2 Finished: 123
[2026-03-12 13:35:58.409] [info] cycle: [4664000]
[2026-03-12 13:35:58.409] [info] Core [1] Tile Stats | Issued: 126 Running: 2 Finished: 124
[2026-03-12 13:35:58.409] [info] cycle: [4664000]
[2026-03-12 13:35:58.409] [info] Core [2] Tile Stats | Issued: 126 Running: 2 Finished: 124
[2026-03-12 13:35:58.409] [info] cycle: [4664000]
[2026-03-12 13:35:58.409] [info] Core [3] Tile Stats | Issued: 124 Running: 2 Finished: 122
[2026-03-12 13:35:58.409] [info] cycle: [4664000]
[2026-03-12 13:35:58.409] [info] [ICNT] Core->ICNT request 559GB/Sec,139984
[2026-03-12 13:35:58.409] [info] [ICNT] Core<-ICNT request 349GB/Sec,87256
[2026-03-12 13:35:58.409] [info] [ICNT] ICNT->MEM request 0GB/Sec,0
[2026-03-12 13:35:58.409] [info] [ICNT] ICNT<-MEM request 0GB/Sec,0
[2026-03-12 13:35:59.146] [info] Core [0] Tile Stats | Issued: 125 Running: 2 Finished: 123
[2026-03-12 13:35:59.146] [info] cycle: [4672000]
[2026-03-12 13:35:59.146] [info] Core [1] Tile Stats | Issued: 126 Running: 2 Finished: 124
[2026-03-12 13:35:59.146] [info] cycle: [4672000]
[2026-03-12 13:35:59.146] [info] Core [2] Tile Stats | Issued: 126 Running: 2 Finished: 124
[2026-03-12 13:35:59.146] [info] cycle: [4672000]
[2026-03-12 13:35:59.146] [info] Core [3] Tile Stats | Issued: 124 Running: 2 Finished: 122
[2026-03-12 13:35:59.146] [info] cycle: [4672000]
[2026-03-12 13:35:59.146] [info] [ICNT] Core->ICNT request 282GB/Sec,70672
[2026-03-12 13:35:59.146] [info] [ICNT] Core<-ICNT request 346GB/Sec,86685
[2026-03-12 13:35:59.146] [info] [ICNT] ICNT->MEM request 0GB/Sec,0
[2026-03-12 13:35:59.146] [info] [ICNT] ICNT<-MEM request 0GB/Sec,0
[2026-03-12 13:35:59.914] [info] Core [0] Tile Stats | Issued: 125 Running: 2 Finished: 123
[2026-03-12 13:35:59.914] [info] cycle: [4680000]
[2026-03-12 13:35:59.914] [info] Core [1] Tile Stats | Issued: 126 Running: 2 Finished: 124
[2026-03-12 13:35:59.914] [info] cycle: [4680000]
[2026-03-12 13:35:59.914] [info] Core [2] Tile Stats | Issued: 126 Running: 2 Finished: 124
[2026-03-12 13:35:59.914] [info] cycle: [4680000]
[2026-03-12 13:35:59.914] [info] Core [3] Tile Stats | Issued: 124 Running: 2 Finished: 122
[2026-03-12 13:35:59.914] [info] cycle: [4680000]
[2026-03-12 13:35:59.914] [info] [ICNT] Core->ICNT request 0GB/Sec,0
[2026-03-12 13:35:59.914] [info] [ICNT] Core<-ICNT request 350GB/Sec,87710
[2026-03-12 13:35:59.914] [info] [ICNT] ICNT->MEM request 0GB/Sec,0
[2026-03-12 13:35:59.914] [info] [ICNT] ICNT<-MEM request 0GB/Sec,0
[2026-03-12 13:36:00.668] [info] Core [0] Tile Stats | Issued: 125 Running: 2 Finished: 123
[2026-03-12 13:36:00.668] [info] cycle: [4688000]
[2026-03-12 13:36:00.668] [info] Core [1] Tile Stats | Issued: 126 Running: 2 Finished: 124
[2026-03-12 13:36:00.668] [info] cycle: [4688000]
[2026-03-12 13:36:00.668] [info] Core [2] Tile Stats | Issued: 126 Running: 2 Finished: 124
[2026-03-12 13:36:00.668] [info] cycle: [4688000]
[2026-03-12 13:36:00.668] [info] Core [3] Tile Stats | Issued: 124 Running: 2 Finished: 122
[2026-03-12 13:36:00.668] [info] cycle: [4688000]
[2026-03-12 13:36:00.668] [info] [ICNT] Core->ICNT request 0GB/Sec,0
[2026-03-12 13:36:00.668] [info] [ICNT] Core<-ICNT request 347GB/Sec,86790
[2026-03-12 13:36:00.668] [info] [ICNT] ICNT->MEM request 0GB/Sec,0
[2026-03-12 13:36:00.668] [info] [ICNT] ICNT<-MEM request 0GB/Sec,0
[2026-03-12 13:36:01.404] [info] Core [0] Tile Stats | Issued: 125 Running: 2 Finished: 123
[2026-03-12 13:36:01.404] [info] cycle: [4696000]
[2026-03-12 13:36:01.404] [info] Core [1] Tile Stats | Issued: 126 Running: 2 Finished: 124
[2026-03-12 13:36:01.404] [info] cycle: [4696000]
[2026-03-12 13:36:01.404] [info] Core [2] Tile Stats | Issued: 126 Running: 2 Finished: 124
[2026-03-12 13:36:01.404] [info] cycle: [4696000]
[2026-03-12 13:36:01.404] [info] Core [3] Tile Stats | Issued: 124 Running: 2 Finished: 122
[2026-03-12 13:36:01.404] [info] cycle: [4696000]
[2026-03-12 13:36:01.404] [info] [ICNT] Core->ICNT request 0GB/Sec,0
[2026-03-12 13:36:01.404] [info] [ICNT] Core<-ICNT request 338GB/Sec,84591
[2026-03-12 13:36:01.404] [info] [ICNT] ICNT->MEM request 0GB/Sec,0
[2026-03-12 13:36:01.404] [info] [ICNT] ICNT<-MEM request 0GB/Sec,0
[2026-03-12 13:36:02.172] [info] Core [0] Tile Stats | Issued: 125 Running: 2 Finished: 123
[2026-03-12 13:36:02.172] [info] cycle: [4704000]
[2026-03-12 13:36:02.172] [info] Core [1] Tile Stats | Issued: 126 Running: 2 Finished: 124
[2026-03-12 13:36:02.172] [info] cycle: [4704000]
[2026-03-12 13:36:02.172] [info] Core [2] Tile Stats | Issued: 126 Running: 2 Finished: 124
[2026-03-12 13:36:02.172] [info] cycle: [4704000]
[2026-03-12 13:36:02.172] [info] Core [3] Tile Stats | Issued: 124 Running: 2 Finished: 122
[2026-03-12 13:36:02.172] [info] cycle: [4704000]
[2026-03-12 13:36:02.172] [info] [ICNT] Core->ICNT request 0GB/Sec,0
[2026-03-12 13:36:02.172] [info] [ICNT] Core<-ICNT request 356GB/Sec,89017
[2026-03-12 13:36:02.172] [info] [ICNT] ICNT->MEM request 0GB/Sec,0
[2026-03-12 13:36:02.172] [info] [ICNT] ICNT<-MEM request 0GB/Sec,0
[2026-03-12 13:36:02.971] [info] Core [0] Tile Stats | Issued: 125 Running: 2 Finished: 123
[2026-03-12 13:36:02.971] [info] cycle: [4712000]
[2026-03-12 13:36:02.971] [info] Core [1] Tile Stats | Issued: 126 Running: 2 Finished: 124
[2026-03-12 13:36:02.971] [info] cycle: [4712000]
[2026-03-12 13:36:02.971] [info] Core [2] Tile Stats | Issued: 127 Running: 2 Finished: 125
[2026-03-12 13:36:02.971] [info] cycle: [4712000]
[2026-03-12 13:36:02.971] [info] Core [3] Tile Stats | Issued: 125 Running: 2 Finished: 123
[2026-03-12 13:36:02.971] [info] cycle: [4712000]
[2026-03-12 13:36:02.971] [info] [ICNT] Core->ICNT request 419GB/Sec,104992
[2026-03-12 13:36:02.971] [info] [ICNT] Core<-ICNT request 404GB/Sec,101207
[2026-03-12 13:36:02.971] [info] [ICNT] ICNT->MEM request 0GB/Sec,0
[2026-03-12 13:36:02.971] [info] [ICNT] ICNT<-MEM request 0GB/Sec,0
[2026-03-12 13:36:03.754] [info] Core [0] Tile Stats | Issued: 125 Running: 2 Finished: 123
[2026-03-12 13:36:03.754] [info] cycle: [4720000]
[2026-03-12 13:36:03.754] [info] Core [1] Tile Stats | Issued: 127 Running: 2 Finished: 125
[2026-03-12 13:36:03.754] [info] cycle: [4720000]
[2026-03-12 13:36:03.754] [info] Core [2] Tile Stats | Issued: 127 Running: 2 Finished: 125
[2026-03-12 13:36:03.754] [info] cycle: [4720000]
[2026-03-12 13:36:03.754] [info] Core [3] Tile Stats | Issued: 125 Running: 2 Finished: 123
[2026-03-12 13:36:03.754] [info] cycle: [4720000]
[2026-03-12 13:36:03.754] [info] [ICNT] Core->ICNT request 1334GB/Sec,333632
[2026-03-12 13:36:03.754] [info] [ICNT] Core<-ICNT request 398GB/Sec,99582
[2026-03-12 13:36:03.754] [info] [ICNT] ICNT->MEM request 0GB/Sec,0
[2026-03-12 13:36:03.754] [info] [ICNT] ICNT<-MEM request 0GB/Sec,0
[2026-03-12 13:36:04.481] [info] Core [0] Tile Stats | Issued: 126 Running: 2 Finished: 124
[2026-03-12 13:36:04.481] [info] cycle: [4728000]
[2026-03-12 13:36:04.481] [info] Core [1] Tile Stats | Issued: 127 Running: 2 Finished: 125
[2026-03-12 13:36:04.481] [info] cycle: [4728000]
[2026-03-12 13:36:04.481] [info] Core [2] Tile Stats | Issued: 127 Running: 2 Finished: 125
[2026-03-12 13:36:04.481] [info] cycle: [4728000]
[2026-03-12 13:36:04.481] [info] Core [3] Tile Stats | Issued: 125 Running: 2 Finished: 123
[2026-03-12 13:36:04.481] [info] cycle: [4728000]
[2026-03-12 13:36:04.481] [info] [ICNT] Core->ICNT request 686GB/Sec,171552
[2026-03-12 13:36:04.481] [info] [ICNT] Core<-ICNT request 380GB/Sec,95011
[2026-03-12 13:36:04.481] [info] [ICNT] ICNT->MEM request 0GB/Sec,0
[2026-03-12 13:36:04.481] [info] [ICNT] ICNT<-MEM request 0GB/Sec,0
[2026-03-12 13:36:05.238] [info] Core [0] Tile Stats | Issued: 126 Running: 2 Finished: 124
[2026-03-12 13:36:05.238] [info] cycle: [4736000]
[2026-03-12 13:36:05.238] [info] Core [1] Tile Stats | Issued: 127 Running: 2 Finished: 125
[2026-03-12 13:36:05.238] [info] cycle: [4736000]
[2026-03-12 13:36:05.238] [info] Core [2] Tile Stats | Issued: 128 Running: 2 Finished: 126
[2026-03-12 13:36:05.238] [info] cycle: [4736000]
[2026-03-12 13:36:05.238] [info] Core [3] Tile Stats | Issued: 125 Running: 2 Finished: 123
[2026-03-12 13:36:05.238] [info] cycle: [4736000]
[2026-03-12 13:36:05.238] [info] [ICNT] Core->ICNT request 423GB/Sec,105824
[2026-03-12 13:36:05.238] [info] [ICNT] Core<-ICNT request 356GB/Sec,89008
[2026-03-12 13:36:05.238] [info] [ICNT] ICNT->MEM request 0GB/Sec,0
[2026-03-12 13:36:05.238] [info] [ICNT] ICNT<-MEM request 0GB/Sec,0
[2026-03-12 13:36:05.990] [info] Core [0] Tile Stats | Issued: 126 Running: 2 Finished: 124
[2026-03-12 13:36:05.990] [info] cycle: [4744000]
[2026-03-12 13:36:05.990] [info] Core [1] Tile Stats | Issued: 127 Running: 2 Finished: 125
[2026-03-12 13:36:05.990] [info] cycle: [4744000]
[2026-03-12 13:36:05.990] [info] Core [2] Tile Stats | Issued: 128 Running: 2 Finished: 126
[2026-03-12 13:36:05.990] [info] cycle: [4744000]
[2026-03-12 13:36:05.990] [info] Core [3] Tile Stats | Issued: 125 Running: 2 Finished: 123
[2026-03-12 13:36:05.990] [info] cycle: [4744000]
[2026-03-12 13:36:05.990] [info] [ICNT] Core->ICNT request 512GB/Sec,128000
[2026-03-12 13:36:05.990] [info] [ICNT] Core<-ICNT request 337GB/Sec,84344
[2026-03-12 13:36:05.990] [info] [ICNT] ICNT->MEM request 0GB/Sec,0
[2026-03-12 13:36:05.990] [info] [ICNT] ICNT<-MEM request 0GB/Sec,0
[2026-03-12 13:36:06.756] [info] Core [0] Tile Stats | Issued: 126 Running: 2 Finished: 124
[2026-03-12 13:36:06.756] [info] cycle: [4752000]
[2026-03-12 13:36:06.756] [info] Core [1] Tile Stats | Issued: 127 Running: 2 Finished: 125
[2026-03-12 13:36:06.756] [info] cycle: [4752000]
[2026-03-12 13:36:06.756] [info] Core [2] Tile Stats | Issued: 128 Running: 2 Finished: 126
[2026-03-12 13:36:06.756] [info] cycle: [4752000]
[2026-03-12 13:36:06.756] [info] Core [3] Tile Stats | Issued: 125 Running: 2 Finished: 123
[2026-03-12 13:36:06.756] [info] cycle: [4752000]
[2026-03-12 13:36:06.756] [info] [ICNT] Core->ICNT request 174GB/Sec,43680
[2026-03-12 13:36:06.756] [info] [ICNT] Core<-ICNT request 338GB/Sec,84715
[2026-03-12 13:36:06.756] [info] [ICNT] ICNT->MEM request 0GB/Sec,0
[2026-03-12 13:36:06.756] [info] [ICNT] ICNT<-MEM request 0GB/Sec,0
[2026-03-12 13:36:07.492] [info] Core [0] Tile Stats | Issued: 126 Running: 2 Finished: 124
[2026-03-12 13:36:07.493] [info] cycle: [4760000]
[2026-03-12 13:36:07.493] [info] Core [1] Tile Stats | Issued: 127 Running: 2 Finished: 125
[2026-03-12 13:36:07.493] [info] cycle: [4760000]
[2026-03-12 13:36:07.493] [info] Core [2] Tile Stats | Issued: 128 Running: 2 Finished: 126
[2026-03-12 13:36:07.493] [info] cycle: [4760000]
[2026-03-12 13:36:07.493] [info] Core [3] Tile Stats | Issued: 125 Running: 2 Finished: 123
[2026-03-12 13:36:07.493] [info] cycle: [4760000]
[2026-03-12 13:36:07.493] [info] [ICNT] Core->ICNT request 0GB/Sec,0
[2026-03-12 13:36:07.493] [info] [ICNT] Core<-ICNT request 387GB/Sec,96910
[2026-03-12 13:36:07.493] [info] [ICNT] ICNT->MEM request 0GB/Sec,0
[2026-03-12 13:36:07.493] [info] [ICNT] ICNT<-MEM request 0GB/Sec,0
[2026-03-12 13:36:08.237] [info] Core [0] Tile Stats | Issued: 126 Running: 2 Finished: 124
[2026-03-12 13:36:08.237] [info] cycle: [4768000]
[2026-03-12 13:36:08.237] [info] Core [1] Tile Stats | Issued: 127 Running: 2 Finished: 125
[2026-03-12 13:36:08.237] [info] cycle: [4768000]
[2026-03-12 13:36:08.237] [info] Core [2] Tile Stats | Issued: 128 Running: 2 Finished: 126
[2026-03-12 13:36:08.237] [info] cycle: [4768000]
[2026-03-12 13:36:08.237] [info] Core [3] Tile Stats | Issued: 125 Running: 2 Finished: 123
[2026-03-12 13:36:08.237] [info] cycle: [4768000]
[2026-03-12 13:36:08.237] [info] [ICNT] Core->ICNT request 9GB/Sec,2400
[2026-03-12 13:36:08.237] [info] [ICNT] Core<-ICNT request 396GB/Sec,99098
[2026-03-12 13:36:08.237] [info] [ICNT] ICNT->MEM request 0GB/Sec,0
[2026-03-12 13:36:08.237] [info] [ICNT] ICNT<-MEM request 0GB/Sec,0
[2026-03-12 13:36:09.005] [info] Core [0] Tile Stats | Issued: 126 Running: 2 Finished: 124
[2026-03-12 13:36:09.005] [info] cycle: [4776000]
[2026-03-12 13:36:09.005] [info] Core [1] Tile Stats | Issued: 128 Running: 2 Finished: 126
[2026-03-12 13:36:09.005] [info] cycle: [4776000]
[2026-03-12 13:36:09.005] [info] Core [2] Tile Stats | Issued: 128 Running: 2 Finished: 126
[2026-03-12 13:36:09.005] [info] cycle: [4776000]
[2026-03-12 13:36:09.005] [info] Core [3] Tile Stats | Issued: 126 Running: 2 Finished: 124
[2026-03-12 13:36:09.005] [info] cycle: [4776000]
[2026-03-12 13:36:09.005] [info] [ICNT] Core->ICNT request 674GB/Sec,168528
[2026-03-12 13:36:09.005] [info] [ICNT] Core<-ICNT request 379GB/Sec,94851
[2026-03-12 13:36:09.005] [info] [ICNT] ICNT->MEM request 0GB/Sec,0
[2026-03-12 13:36:09.005] [info] [ICNT] ICNT<-MEM request 0GB/Sec,0
[2026-03-12 13:36:09.768] [info] Core [0] Tile Stats | Issued: 127 Running: 2 Finished: 125
[2026-03-12 13:36:09.768] [info] cycle: [4784000]
[2026-03-12 13:36:09.768] [info] Core [1] Tile Stats | Issued: 128 Running: 2 Finished: 126
[2026-03-12 13:36:09.768] [info] cycle: [4784000]
[2026-03-12 13:36:09.768] [info] Core [2] Tile Stats | Issued: 128 Running: 2 Finished: 126
[2026-03-12 13:36:09.768] [info] cycle: [4784000]
[2026-03-12 13:36:09.768] [info] Core [3] Tile Stats | Issued: 126 Running: 2 Finished: 124
[2026-03-12 13:36:09.768] [info] cycle: [4784000]
[2026-03-12 13:36:09.768] [info] [ICNT] Core->ICNT request 892GB/Sec,223056
[2026-03-12 13:36:09.768] [info] [ICNT] Core<-ICNT request 355GB/Sec,88986
[2026-03-12 13:36:09.768] [info] [ICNT] ICNT->MEM request 0GB/Sec,0
[2026-03-12 13:36:09.768] [info] [ICNT] ICNT<-MEM request 0GB/Sec,0
[2026-03-12 13:36:10.504] [info] Core [0] Tile Stats | Issued: 127 Running: 2 Finished: 125
[2026-03-12 13:36:10.504] [info] cycle: [4792000]
[2026-03-12 13:36:10.505] [info] Core [1] Tile Stats | Issued: 128 Running: 2 Finished: 126
[2026-03-12 13:36:10.505] [info] cycle: [4792000]
[2026-03-12 13:36:10.505] [info] Core [2] Tile Stats | Issued: 128 Running: 2 Finished: 126
[2026-03-12 13:36:10.505] [info] cycle: [4792000]
[2026-03-12 13:36:10.505] [info] Core [3] Tile Stats | Issued: 126 Running: 2 Finished: 124
[2026-03-12 13:36:10.505] [info] cycle: [4792000]
[2026-03-12 13:36:10.505] [info] [ICNT] Core->ICNT request 512GB/Sec,128000
[2026-03-12 13:36:10.505] [info] [ICNT] Core<-ICNT request 343GB/Sec,85825
[2026-03-12 13:36:10.505] [info] [ICNT] ICNT->MEM request 0GB/Sec,0
[2026-03-12 13:36:10.505] [info] [ICNT] ICNT<-MEM request 0GB/Sec,0
[2026-03-12 13:36:11.071] [info] HBM2-CH_0: BW utilization 58% (552319 reads, 9920 writes)
[2026-03-12 13:36:11.245] [info] Core [0] Tile Stats | Issued: 127 Running: 2 Finished: 125
[2026-03-12 13:36:11.245] [info] cycle: [4800000]
[2026-03-12 13:36:11.245] [info] Core [1] Tile Stats | Issued: 128 Running: 2 Finished: 126
[2026-03-12 13:36:11.245] [info] cycle: [4800000]
[2026-03-12 13:36:11.245] [info] Core [2] Tile Stats | Issued: 128 Running: 2 Finished: 126
[2026-03-12 13:36:11.245] [info] cycle: [4800000]
[2026-03-12 13:36:11.245] [info] Core [3] Tile Stats | Issued: 126 Running: 2 Finished: 124
[2026-03-12 13:36:11.245] [info] cycle: [4800000]
[2026-03-12 13:36:11.245] [info] [ICNT] Core->ICNT request 52GB/Sec,13184
[2026-03-12 13:36:11.245] [info] [ICNT] Core<-ICNT request 339GB/Sec,84806
[2026-03-12 13:36:11.245] [info] [ICNT] ICNT->MEM request 0GB/Sec,0
[2026-03-12 13:36:11.245] [info] [ICNT] ICNT<-MEM request 0GB/Sec,0
[2026-03-12 13:36:12.011] [info] Core [0] Tile Stats | Issued: 127 Running: 2 Finished: 125
[2026-03-12 13:36:12.011] [info] cycle: [4808000]
[2026-03-12 13:36:12.011] [info] Core [1] Tile Stats | Issued: 128 Running: 2 Finished: 126
[2026-03-12 13:36:12.011] [info] cycle: [4808000]
[2026-03-12 13:36:12.011] [info] Core [2] Tile Stats | Issued: 128 Running: 2 Finished: 126
[2026-03-12 13:36:12.011] [info] cycle: [4808000]
[2026-03-12 13:36:12.011] [info] Core [3] Tile Stats | Issued: 126 Running: 2 Finished: 124
[2026-03-12 13:36:12.011] [info] cycle: [4808000]
[2026-03-12 13:36:12.011] [info] [ICNT] Core->ICNT request 0GB/Sec,0
[2026-03-12 13:36:12.011] [info] [ICNT] Core<-ICNT request 336GB/Sec,84121
[2026-03-12 13:36:12.011] [info] [ICNT] ICNT->MEM request 0GB/Sec,0
[2026-03-12 13:36:12.011] [info] [ICNT] ICNT<-MEM request 0GB/Sec,0
[2026-03-12 13:36:12.797] [info] Core [0] Tile Stats | Issued: 127 Running: 2 Finished: 125
[2026-03-12 13:36:12.797] [info] cycle: [4816000]
[2026-03-12 13:36:12.797] [info] Core [1] Tile Stats | Issued: 128 Running: 2 Finished: 126
[2026-03-12 13:36:12.797] [info] cycle: [4816000]
[2026-03-12 13:36:12.797] [info] Core [2] Tile Stats | Issued: 128 Running: 2 Finished: 126
[2026-03-12 13:36:12.797] [info] cycle: [4816000]
[2026-03-12 13:36:12.797] [info] Core [3] Tile Stats | Issued: 126 Running: 2 Finished: 124
[2026-03-12 13:36:12.797] [info] cycle: [4816000]
[2026-03-12 13:36:12.797] [info] [ICNT] Core->ICNT request 0GB/Sec,0
[2026-03-12 13:36:12.797] [info] [ICNT] Core<-ICNT request 337GB/Sec,84468
[2026-03-12 13:36:12.797] [info] [ICNT] ICNT->MEM request 0GB/Sec,0
[2026-03-12 13:36:12.797] [info] [ICNT] ICNT<-MEM request 0GB/Sec,0
[2026-03-12 13:36:13.551] [info] Core [0] Tile Stats | Issued: 127 Running: 2 Finished: 125
[2026-03-12 13:36:13.551] [info] cycle: [4824000]
[2026-03-12 13:36:13.551] [info] Core [1] Tile Stats | Issued: 128 Running: 2 Finished: 126
[2026-03-12 13:36:13.551] [info] cycle: [4824000]
[2026-03-12 13:36:13.551] [info] Core [2] Tile Stats | Issued: 128 Running: 2 Finished: 126
[2026-03-12 13:36:13.551] [info] cycle: [4824000]
[2026-03-12 13:36:13.551] [info] Core [3] Tile Stats | Issued: 126 Running: 2 Finished: 124
[2026-03-12 13:36:13.551] [info] cycle: [4824000]
[2026-03-12 13:36:13.551] [info] [ICNT] Core->ICNT request 0GB/Sec,0
[2026-03-12 13:36:13.551] [info] [ICNT] Core<-ICNT request 344GB/Sec,86157
[2026-03-12 13:36:13.551] [info] [ICNT] ICNT->MEM request 0GB/Sec,0
[2026-03-12 13:36:13.551] [info] [ICNT] ICNT<-MEM request 0GB/Sec,0
[2026-03-12 13:36:14.399] [info] Core [0] Tile Stats | Issued: 127 Running: 2 Finished: 125
[2026-03-12 13:36:14.399] [info] cycle: [4832000]
[2026-03-12 13:36:14.399] [info] Core [1] Tile Stats | Issued: 128 Running: 2 Finished: 126
[2026-03-12 13:36:14.399] [info] cycle: [4832000]
[2026-03-12 13:36:14.399] [info] Core [2] Tile Stats | Issued: 129 Running: 2 Finished: 127
[2026-03-12 13:36:14.399] [info] cycle: [4832000]
[2026-03-12 13:36:14.399] [info] Core [3] Tile Stats | Issued: 126 Running: 2 Finished: 124
[2026-03-12 13:36:14.399] [info] cycle: [4832000]
[2026-03-12 13:36:14.399] [info] [ICNT] Core->ICNT request 253GB/Sec,63328
[2026-03-12 13:36:14.399] [info] [ICNT] Core<-ICNT request 360GB/Sec,90219
[2026-03-12 13:36:14.399] [info] [ICNT] ICNT->MEM request 0GB/Sec,0
[2026-03-12 13:36:14.399] [info] [ICNT] ICNT<-MEM request 0GB/Sec,0
[2026-03-12 13:36:15.191] [info] Core [0] Tile Stats | Issued: 127 Running: 2 Finished: 125
[2026-03-12 13:36:15.191] [info] cycle: [4840000]
[2026-03-12 13:36:15.191] [info] Core [1] Tile Stats | Issued: 128 Running: 2 Finished: 126
[2026-03-12 13:36:15.191] [info] cycle: [4840000]
[2026-03-12 13:36:15.191] [info] Core [2] Tile Stats | Issued: 129 Running: 2 Finished: 127
[2026-03-12 13:36:15.191] [info] cycle: [4840000]
[2026-03-12 13:36:15.191] [info] Core [3] Tile Stats | Issued: 127 Running: 2 Finished: 125
[2026-03-12 13:36:15.191] [info] cycle: [4840000]
[2026-03-12 13:36:15.191] [info] [ICNT] Core->ICNT request 962GB/Sec,240544
[2026-03-12 13:36:15.191] [info] [ICNT] Core<-ICNT request 381GB/Sec,95299
[2026-03-12 13:36:15.191] [info] [ICNT] ICNT->MEM request 0GB/Sec,0
[2026-03-12 13:36:15.191] [info] [ICNT] ICNT<-MEM request 0GB/Sec,0
[2026-03-12 13:36:15.975] [info] Core [0] Tile Stats | Issued: 127 Running: 2 Finished: 125
[2026-03-12 13:36:15.975] [info] cycle: [4848000]
[2026-03-12 13:36:15.975] [info] Core [1] Tile Stats | Issued: 129 Running: 2 Finished: 127
[2026-03-12 13:36:15.975] [info] cycle: [4848000]
[2026-03-12 13:36:15.975] [info] Core [2] Tile Stats | Issued: 129 Running: 2 Finished: 127
[2026-03-12 13:36:15.975] [info] cycle: [4848000]
[2026-03-12 13:36:15.975] [info] Core [3] Tile Stats | Issued: 127 Running: 2 Finished: 125
[2026-03-12 13:36:15.975] [info] cycle: [4848000]
[2026-03-12 13:36:15.975] [info] [ICNT] Core->ICNT request 460GB/Sec,115200
[2026-03-12 13:36:15.975] [info] [ICNT] Core<-ICNT request 407GB/Sec,101783
[2026-03-12 13:36:15.975] [info] [ICNT] ICNT->MEM request 0GB/Sec,0
[2026-03-12 13:36:15.975] [info] [ICNT] ICNT<-MEM request 0GB/Sec,0
[2026-03-12 13:36:16.733] [info] Core [0] Tile Stats | Issued: 128 Running: 2 Finished: 126
[2026-03-12 13:36:16.733] [info] cycle: [4856000]
[2026-03-12 13:36:16.733] [info] Core [1] Tile Stats | Issued: 129 Running: 2 Finished: 127
[2026-03-12 13:36:16.733] [info] cycle: [4856000]
[2026-03-12 13:36:16.733] [info] Core [2] Tile Stats | Issued: 129 Running: 2 Finished: 127
[2026-03-12 13:36:16.733] [info] cycle: [4856000]
[2026-03-12 13:36:16.733] [info] Core [3] Tile Stats | Issued: 127 Running: 2 Finished: 125
[2026-03-12 13:36:16.733] [info] cycle: [4856000]
[2026-03-12 13:36:16.733] [info] [ICNT] Core->ICNT request 754GB/Sec,188512
[2026-03-12 13:36:16.733] [info] [ICNT] Core<-ICNT request 391GB/Sec,97761
[2026-03-12 13:36:16.733] [info] [ICNT] ICNT->MEM request 0GB/Sec,0
[2026-03-12 13:36:16.733] [info] [ICNT] ICNT<-MEM request 0GB/Sec,0
[2026-03-12 13:36:17.489] [info] Core [0] Tile Stats | Issued: 128 Running: 2 Finished: 126
[2026-03-12 13:36:17.490] [info] cycle: [4864000]
[2026-03-12 13:36:17.490] [info] Core [1] Tile Stats | Issued: 129 Running: 2 Finished: 127
[2026-03-12 13:36:17.490] [info] cycle: [4864000]
[2026-03-12 13:36:17.490] [info] Core [2] Tile Stats | Issued: 130 Running: 2 Finished: 128
[2026-03-12 13:36:17.490] [info] cycle: [4864000]
[2026-03-12 13:36:17.490] [info] Core [3] Tile Stats | Issued: 127 Running: 2 Finished: 125
[2026-03-12 13:36:17.490] [info] cycle: [4864000]
[2026-03-12 13:36:17.490] [info] [ICNT] Core->ICNT request 618GB/Sec,154672
[2026-03-12 13:36:17.490] [info] [ICNT] Core<-ICNT request 371GB/Sec,92903
[2026-03-12 13:36:17.490] [info] [ICNT] ICNT->MEM request 0GB/Sec,0
[2026-03-12 13:36:17.490] [info] [ICNT] ICNT<-MEM request 0GB/Sec,0
[2026-03-12 13:36:18.202] [info] Core [0] Tile Stats | Issued: 128 Running: 2 Finished: 126
[2026-03-12 13:36:18.202] [info] cycle: [4872000]
[2026-03-12 13:36:18.202] [info] Core [1] Tile Stats | Issued: 129 Running: 2 Finished: 127
[2026-03-12 13:36:18.202] [info] cycle: [4872000]
[2026-03-12 13:36:18.202] [info] Core [2] Tile Stats | Issued: 130 Running: 2 Finished: 128
[2026-03-12 13:36:18.202] [info] cycle: [4872000]
[2026-03-12 13:36:18.202] [info] Core [3] Tile Stats | Issued: 127 Running: 2 Finished: 125
[2026-03-12 13:36:18.202] [info] cycle: [4872000]
[2026-03-12 13:36:18.202] [info] [ICNT] Core->ICNT request 501GB/Sec,125424
[2026-03-12 13:36:18.202] [info] [ICNT] Core<-ICNT request 351GB/Sec,87774
[2026-03-12 13:36:18.202] [info] [ICNT] ICNT->MEM request 0GB/Sec,0
[2026-03-12 13:36:18.202] [info] [ICNT] ICNT<-MEM request 0GB/Sec,0
[2026-03-12 13:36:18.966] [info] Core [0] Tile Stats | Issued: 128 Running: 2 Finished: 126
[2026-03-12 13:36:18.966] [info] cycle: [4880000]
[2026-03-12 13:36:18.966] [info] Core [1] Tile Stats | Issued: 129 Running: 2 Finished: 127
[2026-03-12 13:36:18.966] [info] cycle: [4880000]
[2026-03-12 13:36:18.966] [info] Core [2] Tile Stats | Issued: 130 Running: 2 Finished: 128
[2026-03-12 13:36:18.966] [info] cycle: [4880000]
[2026-03-12 13:36:18.966] [info] Core [3] Tile Stats | Issued: 127 Running: 2 Finished: 125
[2026-03-12 13:36:18.966] [info] cycle: [4880000]
[2026-03-12 13:36:18.966] [info] [ICNT] Core->ICNT request 0GB/Sec,0
[2026-03-12 13:36:18.966] [info] [ICNT] Core<-ICNT request 378GB/Sec,94516
[2026-03-12 13:36:18.966] [info] [ICNT] ICNT->MEM request 0GB/Sec,0
[2026-03-12 13:36:18.966] [info] [ICNT] ICNT<-MEM request 0GB/Sec,0
[2026-03-12 13:36:19.702] [info] Core [0] Tile Stats | Issued: 128 Running: 2 Finished: 126
[2026-03-12 13:36:19.702] [info] cycle: [4888000]
[2026-03-12 13:36:19.702] [info] Core [1] Tile Stats | Issued: 129 Running: 2 Finished: 127
[2026-03-12 13:36:19.702] [info] cycle: [4888000]
[2026-03-12 13:36:19.702] [info] Core [2] Tile Stats | Issued: 130 Running: 2 Finished: 128
[2026-03-12 13:36:19.702] [info] cycle: [4888000]
[2026-03-12 13:36:19.702] [info] Core [3] Tile Stats | Issued: 127 Running: 2 Finished: 125
[2026-03-12 13:36:19.702] [info] cycle: [4888000]
[2026-03-12 13:36:19.702] [info] [ICNT] Core->ICNT request 0GB/Sec,0
[2026-03-12 13:36:19.702] [info] [ICNT] Core<-ICNT request 438GB/Sec,109516
[2026-03-12 13:36:19.702] [info] [ICNT] ICNT->MEM request 0GB/Sec,0
[2026-03-12 13:36:19.702] [info] [ICNT] ICNT<-MEM request 0GB/Sec,0
[2026-03-12 13:36:20.457] [info] Core [0] Tile Stats | Issued: 128 Running: 2 Finished: 126
[2026-03-12 13:36:20.457] [info] cycle: [4896000]
[2026-03-12 13:36:20.457] [info] Core [1] Tile Stats | Issued: 130 Running: 2 Finished: 128
[2026-03-12 13:36:20.457] [info] cycle: [4896000]
[2026-03-12 13:36:20.457] [info] Core [2] Tile Stats | Issued: 130 Running: 2 Finished: 128
[2026-03-12 13:36:20.457] [info] cycle: [4896000]
[2026-03-12 13:36:20.457] [info] Core [3] Tile Stats | Issued: 128 Running: 2 Finished: 126
[2026-03-12 13:36:20.457] [info] cycle: [4896000]
[2026-03-12 13:36:20.457] [info] [ICNT] Core->ICNT request 349GB/Sec,87376
[2026-03-12 13:36:20.457] [info] [ICNT] Core<-ICNT request 438GB/Sec,109741
[2026-03-12 13:36:20.457] [info] [ICNT] ICNT->MEM request 0GB/Sec,0
[2026-03-12 13:36:20.457] [info] [ICNT] ICNT<-MEM request 0GB/Sec,0
[2026-03-12 13:36:21.145] [info] Core [0] Tile Stats | Issued: 128 Running: 2 Finished: 126
[2026-03-12 13:36:21.145] [info] cycle: [4904000]
[2026-03-12 13:36:21.145] [info] Core [1] Tile Stats | Issued: 130 Running: 2 Finished: 128
[2026-03-12 13:36:21.145] [info] cycle: [4904000]
[2026-03-12 13:36:21.145] [info] Core [2] Tile Stats | Issued: 130 Running: 2 Finished: 128
[2026-03-12 13:36:21.145] [info] cycle: [4904000]
[2026-03-12 13:36:21.145] [info] Core [3] Tile Stats | Issued: 128 Running: 2 Finished: 126
[2026-03-12 13:36:21.145] [info] cycle: [4904000]
[2026-03-12 13:36:21.145] [info] [ICNT] Core->ICNT request 916GB/Sec,229024
[2026-03-12 13:36:21.145] [info] [ICNT] Core<-ICNT request 387GB/Sec,96993
[2026-03-12 13:36:21.145] [info] [ICNT] ICNT->MEM request 0GB/Sec,0
[2026-03-12 13:36:21.145] [info] [ICNT] ICNT<-MEM request 0GB/Sec,0
[2026-03-12 13:36:21.878] [info] Core [0] Tile Stats | Issued: 129 Running: 2 Finished: 127
[2026-03-12 13:36:21.878] [info] cycle: [4912000]
[2026-03-12 13:36:21.878] [info] Core [1] Tile Stats | Issued: 130 Running: 2 Finished: 128
[2026-03-12 13:36:21.878] [info] cycle: [4912000]
[2026-03-12 13:36:21.878] [info] Core [2] Tile Stats | Issued: 130 Running: 2 Finished: 128
[2026-03-12 13:36:21.878] [info] cycle: [4912000]
[2026-03-12 13:36:21.878] [info] Core [3] Tile Stats | Issued: 128 Running: 2 Finished: 126
[2026-03-12 13:36:21.878] [info] cycle: [4912000]
[2026-03-12 13:36:21.878] [info] [ICNT] Core->ICNT request 622GB/Sec,155632
[2026-03-12 13:36:21.878] [info] [ICNT] Core<-ICNT request 360GB/Sec,90154
[2026-03-12 13:36:21.878] [info] [ICNT] ICNT->MEM request 0GB/Sec,0
[2026-03-12 13:36:21.878] [info] [ICNT] ICNT<-MEM request 0GB/Sec,0
[2026-03-12 13:36:22.573] [info] Core [0] Tile Stats | Issued: 129 Running: 2 Finished: 127
[2026-03-12 13:36:22.573] [info] cycle: [4920000]
[2026-03-12 13:36:22.573] [info] Core [1] Tile Stats | Issued: 130 Running: 2 Finished: 128
[2026-03-12 13:36:22.573] [info] cycle: [4920000]
[2026-03-12 13:36:22.573] [info] Core [2] Tile Stats | Issued: 130 Running: 2 Finished: 128
[2026-03-12 13:36:22.573] [info] cycle: [4920000]
[2026-03-12 13:36:22.573] [info] Core [3] Tile Stats | Issued: 128 Running: 2 Finished: 126
[2026-03-12 13:36:22.573] [info] cycle: [4920000]
[2026-03-12 13:36:22.573] [info] [ICNT] Core->ICNT request 252GB/Sec,63136
[2026-03-12 13:36:22.573] [info] [ICNT] Core<-ICNT request 362GB/Sec,90732
[2026-03-12 13:36:22.573] [info] [ICNT] ICNT->MEM request 0GB/Sec,0
[2026-03-12 13:36:22.573] [info] [ICNT] ICNT<-MEM request 0GB/Sec,0
[2026-03-12 13:36:23.314] [info] Core [0] Tile Stats | Issued: 129 Running: 2 Finished: 127
[2026-03-12 13:36:23.314] [info] cycle: [4928000]
[2026-03-12 13:36:23.314] [info] Core [1] Tile Stats | Issued: 130 Running: 2 Finished: 128
[2026-03-12 13:36:23.314] [info] cycle: [4928000]
[2026-03-12 13:36:23.314] [info] Core [2] Tile Stats | Issued: 131 Running: 2 Finished: 129
[2026-03-12 13:36:23.314] [info] cycle: [4928000]
[2026-03-12 13:36:23.314] [info] Core [3] Tile Stats | Issued: 128 Running: 2 Finished: 126
[2026-03-12 13:36:23.314] [info] cycle: [4928000]
[2026-03-12 13:36:23.314] [info] [ICNT] Core->ICNT request 112GB/Sec,28016
[2026-03-12 13:36:23.314] [info] [ICNT] Core<-ICNT request 368GB/Sec,92104
[2026-03-12 13:36:23.314] [info] [ICNT] ICNT->MEM request 0GB/Sec,0
[2026-03-12 13:36:23.314] [info] [ICNT] ICNT<-MEM request 0GB/Sec,0
[2026-03-12 13:36:24.044] [info] Core [0] Tile Stats | Issued: 129 Running: 2 Finished: 127
[2026-03-12 13:36:24.044] [info] cycle: [4936000]
[2026-03-12 13:36:24.044] [info] Core [1] Tile Stats | Issued: 130 Running: 2 Finished: 128
[2026-03-12 13:36:24.044] [info] cycle: [4936000]
[2026-03-12 13:36:24.044] [info] Core [2] Tile Stats | Issued: 131 Running: 2 Finished: 129
[2026-03-12 13:36:24.044] [info] cycle: [4936000]
[2026-03-12 13:36:24.044] [info] Core [3] Tile Stats | Issued: 128 Running: 2 Finished: 126
[2026-03-12 13:36:24.044] [info] cycle: [4936000]
[2026-03-12 13:36:24.044] [info] [ICNT] Core->ICNT request 512GB/Sec,128000
[2026-03-12 13:36:24.044] [info] [ICNT] Core<-ICNT request 369GB/Sec,92452
[2026-03-12 13:36:24.044] [info] [ICNT] ICNT->MEM request 0GB/Sec,0
[2026-03-12 13:36:24.044] [info] [ICNT] ICNT<-MEM request 0GB/Sec,0
[2026-03-12 13:36:24.807] [info] Core [0] Tile Stats | Issued: 129 Running: 2 Finished: 127
[2026-03-12 13:36:24.807] [info] cycle: [4944000]
[2026-03-12 13:36:24.807] [info] Core [1] Tile Stats | Issued: 130 Running: 2 Finished: 128
[2026-03-12 13:36:24.807] [info] cycle: [4944000]
[2026-03-12 13:36:24.807] [info] Core [2] Tile Stats | Issued: 131 Running: 2 Finished: 129
[2026-03-12 13:36:24.807] [info] cycle: [4944000]
[2026-03-12 13:36:24.807] [info] Core [3] Tile Stats | Issued: 129 Running: 2 Finished: 127
[2026-03-12 13:36:24.807] [info] cycle: [4944000]
[2026-03-12 13:36:24.807] [info] [ICNT] Core->ICNT request 260GB/Sec,65168
[2026-03-12 13:36:24.807] [info] [ICNT] Core<-ICNT request 367GB/Sec,91871
[2026-03-12 13:36:24.807] [info] [ICNT] ICNT->MEM request 0GB/Sec,0
[2026-03-12 13:36:24.807] [info] [ICNT] ICNT<-MEM request 0GB/Sec,0
[2026-03-12 13:36:25.540] [info] Core [0] Tile Stats | Issued: 129 Running: 2 Finished: 127
[2026-03-12 13:36:25.540] [info] cycle: [4952000]
[2026-03-12 13:36:25.540] [info] Core [1] Tile Stats | Issued: 130 Running: 2 Finished: 128
[2026-03-12 13:36:25.540] [info] cycle: [4952000]
[2026-03-12 13:36:25.540] [info] Core [2] Tile Stats | Issued: 131 Running: 2 Finished: 129
[2026-03-12 13:36:25.540] [info] cycle: [4952000]
[2026-03-12 13:36:25.540] [info] Core [3] Tile Stats | Issued: 129 Running: 2 Finished: 127
[2026-03-12 13:36:25.540] [info] cycle: [4952000]
[2026-03-12 13:36:25.540] [info] [ICNT] Core->ICNT request 512GB/Sec,128000
[2026-03-12 13:36:25.540] [info] [ICNT] Core<-ICNT request 357GB/Sec,89419
[2026-03-12 13:36:25.540] [info] [ICNT] ICNT->MEM request 0GB/Sec,0
[2026-03-12 13:36:25.540] [info] [ICNT] ICNT<-MEM request 0GB/Sec,0
[2026-03-12 13:36:26.268] [info] Core [0] Tile Stats | Issued: 129 Running: 2 Finished: 127
[2026-03-12 13:36:26.268] [info] cycle: [4960000]
[2026-03-12 13:36:26.268] [info] Core [1] Tile Stats | Issued: 130 Running: 2 Finished: 128
[2026-03-12 13:36:26.268] [info] cycle: [4960000]
[2026-03-12 13:36:26.268] [info] Core [2] Tile Stats | Issued: 131 Running: 2 Finished: 129
[2026-03-12 13:36:26.268] [info] cycle: [4960000]
[2026-03-12 13:36:26.268] [info] Core [3] Tile Stats | Issued: 129 Running: 2 Finished: 127
[2026-03-12 13:36:26.268] [info] cycle: [4960000]
[2026-03-12 13:36:26.268] [info] [ICNT] Core->ICNT request 22GB/Sec,5728
[2026-03-12 13:36:26.268] [info] [ICNT] Core<-ICNT request 398GB/Sec,99560
[2026-03-12 13:36:26.268] [info] [ICNT] ICNT->MEM request 0GB/Sec,0
[2026-03-12 13:36:26.268] [info] [ICNT] ICNT<-MEM request 0GB/Sec,0
[2026-03-12 13:36:26.983] [info] Core [0] Tile Stats | Issued: 129 Running: 2 Finished: 127
[2026-03-12 13:36:26.983] [info] cycle: [4968000]
[2026-03-12 13:36:26.983] [info] Core [1] Tile Stats | Issued: 131 Running: 2 Finished: 129
[2026-03-12 13:36:26.983] [info] cycle: [4968000]
[2026-03-12 13:36:26.983] [info] Core [2] Tile Stats | Issued: 131 Running: 2 Finished: 129
[2026-03-12 13:36:26.983] [info] cycle: [4968000]
[2026-03-12 13:36:26.983] [info] Core [3] Tile Stats | Issued: 129 Running: 2 Finished: 127
[2026-03-12 13:36:26.983] [info] cycle: [4968000]
[2026-03-12 13:36:26.983] [info] [ICNT] Core->ICNT request 244GB/Sec,61152
[2026-03-12 13:36:26.983] [info] [ICNT] Core<-ICNT request 414GB/Sec,103634
[2026-03-12 13:36:26.983] [info] [ICNT] ICNT->MEM request 0GB/Sec,0
[2026-03-12 13:36:26.983] [info] [ICNT] ICNT<-MEM request 0GB/Sec,0
[2026-03-12 13:36:27.709] [info] Core [0] Tile Stats | Issued: 130 Running: 2 Finished: 128
[2026-03-12 13:36:27.709] [info] cycle: [4976000]
[2026-03-12 13:36:27.709] [info] Core [1] Tile Stats | Issued: 131 Running: 2 Finished: 129
[2026-03-12 13:36:27.709] [info] cycle: [4976000]
[2026-03-12 13:36:27.709] [info] Core [2] Tile Stats | Issued: 131 Running: 2 Finished: 129
[2026-03-12 13:36:27.709] [info] cycle: [4976000]
[2026-03-12 13:36:27.709] [info] Core [3] Tile Stats | Issued: 129 Running: 2 Finished: 127
[2026-03-12 13:36:27.709] [info] cycle: [4976000]
[2026-03-12 13:36:27.709] [info] [ICNT] Core->ICNT request 721GB/Sec,180400
[2026-03-12 13:36:27.709] [info] [ICNT] Core<-ICNT request 421GB/Sec,105255
[2026-03-12 13:36:27.709] [info] [ICNT] ICNT->MEM request 0GB/Sec,0
[2026-03-12 13:36:27.709] [info] [ICNT] ICNT<-MEM request 0GB/Sec,0
[2026-03-12 13:36:28.404] [info] Core [0] Tile Stats | Issued: 130 Running: 2 Finished: 128
[2026-03-12 13:36:28.404] [info] cycle: [4984000]
[2026-03-12 13:36:28.404] [info] Core [1] Tile Stats | Issued: 131 Running: 2 Finished: 129
[2026-03-12 13:36:28.404] [info] cycle: [4984000]
[2026-03-12 13:36:28.404] [info] Core [2] Tile Stats | Issued: 132 Running: 2 Finished: 130
[2026-03-12 13:36:28.404] [info] cycle: [4984000]
[2026-03-12 13:36:28.404] [info] Core [3] Tile Stats | Issued: 129 Running: 2 Finished: 127
[2026-03-12 13:36:28.404] [info] cycle: [4984000]
[2026-03-12 13:36:28.404] [info] [ICNT] Core->ICNT request 787GB/Sec,196976
[2026-03-12 13:36:28.404] [info] [ICNT] Core<-ICNT request 365GB/Sec,91489
[2026-03-12 13:36:28.404] [info] [ICNT] ICNT->MEM request 0GB/Sec,0
[2026-03-12 13:36:28.404] [info] [ICNT] ICNT<-MEM request 0GB/Sec,0
[2026-03-12 13:36:29.121] [info] Core [0] Tile Stats | Issued: 130 Running: 2 Finished: 128
[2026-03-12 13:36:29.121] [info] cycle: [4992000]
[2026-03-12 13:36:29.121] [info] Core [1] Tile Stats | Issued: 131 Running: 2 Finished: 129
[2026-03-12 13:36:29.121] [info] cycle: [4992000]
[2026-03-12 13:36:29.121] [info] Core [2] Tile Stats | Issued: 132 Running: 2 Finished: 130
[2026-03-12 13:36:29.121] [info] cycle: [4992000]
[2026-03-12 13:36:29.121] [info] Core [3] Tile Stats | Issued: 129 Running: 2 Finished: 127
[2026-03-12 13:36:29.121] [info] cycle: [4992000]
[2026-03-12 13:36:29.121] [info] [ICNT] Core->ICNT request 376GB/Sec,94240
[2026-03-12 13:36:29.121] [info] [ICNT] Core<-ICNT request 384GB/Sec,96197
[2026-03-12 13:36:29.121] [info] [ICNT] ICNT->MEM request 0GB/Sec,0
[2026-03-12 13:36:29.121] [info] [ICNT] ICNT<-MEM request 0GB/Sec,0
[2026-03-12 13:36:29.861] [info] Core [0] Tile Stats | Issued: 130 Running: 2 Finished: 128
[2026-03-12 13:36:29.861] [info] cycle: [5000000]
[2026-03-12 13:36:29.861] [info] Core [1] Tile Stats | Issued: 131 Running: 2 Finished: 129
[2026-03-12 13:36:29.861] [info] cycle: [5000000]
[2026-03-12 13:36:29.861] [info] Core [2] Tile Stats | Issued: 132 Running: 2 Finished: 130
[2026-03-12 13:36:29.861] [info] cycle: [5000000]
[2026-03-12 13:36:29.861] [info] Core [3] Tile Stats | Issued: 129 Running: 2 Finished: 127
[2026-03-12 13:36:29.861] [info] cycle: [5000000]
[2026-03-12 13:36:29.861] [info] [ICNT] Core->ICNT request 0GB/Sec,0
[2026-03-12 13:36:29.861] [info] [ICNT] Core<-ICNT request 375GB/Sec,93917
[2026-03-12 13:36:29.861] [info] [ICNT] ICNT->MEM request 0GB/Sec,0
[2026-03-12 13:36:29.861] [info] [ICNT] ICNT<-MEM request 0GB/Sec,0
[2026-03-12 13:36:30.611] [info] Core [0] Tile Stats | Issued: 130 Running: 2 Finished: 128
[2026-03-12 13:36:30.611] [info] cycle: [5008000]
[2026-03-12 13:36:30.611] [info] Core [1] Tile Stats | Issued: 131 Running: 2 Finished: 129
[2026-03-12 13:36:30.611] [info] cycle: [5008000]
[2026-03-12 13:36:30.611] [info] Core [2] Tile Stats | Issued: 132 Running: 2 Finished: 130
[2026-03-12 13:36:30.611] [info] cycle: [5008000]
[2026-03-12 13:36:30.611] [info] Core [3] Tile Stats | Issued: 130 Running: 2 Finished: 128
[2026-03-12 13:36:30.611] [info] cycle: [5008000]
[2026-03-12 13:36:30.611] [info] [ICNT] Core->ICNT request 300GB/Sec,75024
[2026-03-12 13:36:30.611] [info] [ICNT] Core<-ICNT request 420GB/Sec,105032
[2026-03-12 13:36:30.611] [info] [ICNT] ICNT->MEM request 0GB/Sec,0
[2026-03-12 13:36:30.611] [info] [ICNT] ICNT<-MEM request 0GB/Sec,0
[2026-03-12 13:36:31.307] [info] Core [0] Tile Stats | Issued: 130 Running: 2 Finished: 128
[2026-03-12 13:36:31.307] [info] cycle: [5016000]
[2026-03-12 13:36:31.307] [info] Core [1] Tile Stats | Issued: 132 Running: 2 Finished: 130
[2026-03-12 13:36:31.307] [info] cycle: [5016000]
[2026-03-12 13:36:31.307] [info] Core [2] Tile Stats | Issued: 132 Running: 2 Finished: 130
[2026-03-12 13:36:31.307] [info] cycle: [5016000]
[2026-03-12 13:36:31.307] [info] Core [3] Tile Stats | Issued: 130 Running: 2 Finished: 128
[2026-03-12 13:36:31.307] [info] cycle: [5016000]
[2026-03-12 13:36:31.307] [info] [ICNT] Core->ICNT request 461GB/Sec,115392
[2026-03-12 13:36:31.307] [info] [ICNT] Core<-ICNT request 485GB/Sec,121301
[2026-03-12 13:36:31.307] [info] [ICNT] ICNT->MEM request 0GB/Sec,0
[2026-03-12 13:36:31.307] [info] [ICNT] ICNT<-MEM request 0GB/Sec,0
[2026-03-12 13:36:31.972] [info] Core [0] Tile Stats | Issued: 130 Running: 2 Finished: 128
[2026-03-12 13:36:31.972] [info] cycle: [5024000]
[2026-03-12 13:36:31.972] [info] Core [1] Tile Stats | Issued: 132 Running: 2 Finished: 130
[2026-03-12 13:36:31.972] [info] cycle: [5024000]
[2026-03-12 13:36:31.972] [info] Core [2] Tile Stats | Issued: 132 Running: 2 Finished: 130
[2026-03-12 13:36:31.972] [info] cycle: [5024000]
[2026-03-12 13:36:31.972] [info] Core [3] Tile Stats | Issued: 130 Running: 2 Finished: 128
[2026-03-12 13:36:31.972] [info] cycle: [5024000]
[2026-03-12 13:36:31.972] [info] [ICNT] Core->ICNT request 515GB/Sec,128800
[2026-03-12 13:36:31.972] [info] [ICNT] Core<-ICNT request 495GB/Sec,123894
[2026-03-12 13:36:31.972] [info] [ICNT] ICNT->MEM request 0GB/Sec,0
[2026-03-12 13:36:31.972] [info] [ICNT] ICNT<-MEM request 0GB/Sec,0
[2026-03-12 13:36:32.654] [info] Core [0] Tile Stats | Issued: 131 Running: 2 Finished: 129
[2026-03-12 13:36:32.654] [info] cycle: [5032000]
[2026-03-12 13:36:32.654] [info] Core [1] Tile Stats | Issued: 132 Running: 2 Finished: 130
[2026-03-12 13:36:32.654] [info] cycle: [5032000]
[2026-03-12 13:36:32.654] [info] Core [2] Tile Stats | Issued: 132 Running: 2 Finished: 130
[2026-03-12 13:36:32.654] [info] cycle: [5032000]
[2026-03-12 13:36:32.654] [info] Core [3] Tile Stats | Issued: 130 Running: 2 Finished: 128
[2026-03-12 13:36:32.654] [info] cycle: [5032000]
[2026-03-12 13:36:32.654] [info] [ICNT] Core->ICNT request 632GB/Sec,158000
[2026-03-12 13:36:32.654] [info] [ICNT] Core<-ICNT request 443GB/Sec,110954
[2026-03-12 13:36:32.654] [info] [ICNT] ICNT->MEM request 0GB/Sec,0
[2026-03-12 13:36:32.654] [info] [ICNT] ICNT<-MEM request 0GB/Sec,0
[2026-03-12 13:36:33.419] [info] Core [0] Tile Stats | Issued: 131 Running: 2 Finished: 129
[2026-03-12 13:36:33.419] [info] cycle: [5040000]
[2026-03-12 13:36:33.419] [info] Core [1] Tile Stats | Issued: 132 Running: 2 Finished: 130
[2026-03-12 13:36:33.419] [info] cycle: [5040000]
[2026-03-12 13:36:33.419] [info] Core [2] Tile Stats | Issued: 133 Running: 2 Finished: 131
[2026-03-12 13:36:33.419] [info] cycle: [5040000]
[2026-03-12 13:36:33.419] [info] Core [3] Tile Stats | Issued: 130 Running: 2 Finished: 128
[2026-03-12 13:36:33.419] [info] cycle: [5040000]
[2026-03-12 13:36:33.419] [info] [ICNT] Core->ICNT request 349GB/Sec,87376
[2026-03-12 13:36:33.419] [info] [ICNT] Core<-ICNT request 428GB/Sec,107052
[2026-03-12 13:36:33.419] [info] [ICNT] ICNT->MEM request 0GB/Sec,0
[2026-03-12 13:36:33.419] [info] [ICNT] ICNT<-MEM request 0GB/Sec,0
[2026-03-12 13:36:34.168] [info] Core [0] Tile Stats | Issued: 131 Running: 2 Finished: 129
[2026-03-12 13:36:34.168] [info] cycle: [5048000]
[2026-03-12 13:36:34.168] [info] Core [1] Tile Stats | Issued: 132 Running: 2 Finished: 130
[2026-03-12 13:36:34.168] [info] cycle: [5048000]
[2026-03-12 13:36:34.168] [info] Core [2] Tile Stats | Issued: 133 Running: 2 Finished: 131
[2026-03-12 13:36:34.168] [info] cycle: [5048000]
[2026-03-12 13:36:34.168] [info] Core [3] Tile Stats | Issued: 130 Running: 2 Finished: 128
[2026-03-12 13:36:34.168] [info] cycle: [5048000]
[2026-03-12 13:36:34.168] [info] [ICNT] Core->ICNT request 512GB/Sec,128000
[2026-03-12 13:36:34.168] [info] [ICNT] Core<-ICNT request 419GB/Sec,104811
[2026-03-12 13:36:34.168] [info] [ICNT] ICNT->MEM request 0GB/Sec,0
[2026-03-12 13:36:34.168] [info] [ICNT] ICNT<-MEM request 0GB/Sec,0
[2026-03-12 13:36:34.959] [info] Core [0] Tile Stats | Issued: 131 Running: 2 Finished: 129
[2026-03-12 13:36:34.959] [info] cycle: [5056000]
[2026-03-12 13:36:34.959] [info] Core [1] Tile Stats | Issued: 132 Running: 2 Finished: 130
[2026-03-12 13:36:34.959] [info] cycle: [5056000]
[2026-03-12 13:36:34.959] [info] Core [2] Tile Stats | Issued: 133 Running: 2 Finished: 131
[2026-03-12 13:36:34.959] [info] cycle: [5056000]
[2026-03-12 13:36:34.959] [info] Core [3] Tile Stats | Issued: 131 Running: 2 Finished: 129
[2026-03-12 13:36:34.959] [info] cycle: [5056000]
[2026-03-12 13:36:34.959] [info] [ICNT] Core->ICNT request 490GB/Sec,122592
[2026-03-12 13:36:34.959] [info] [ICNT] Core<-ICNT request 413GB/Sec,103409
[2026-03-12 13:36:34.959] [info] [ICNT] ICNT->MEM request 0GB/Sec,0
[2026-03-12 13:36:34.959] [info] [ICNT] ICNT<-MEM request 0GB/Sec,0
[2026-03-12 13:36:35.736] [info] Core [0] Tile Stats | Issued: 131 Running: 2 Finished: 129
[2026-03-12 13:36:35.736] [info] cycle: [5064000]
[2026-03-12 13:36:35.736] [info] Core [1] Tile Stats | Issued: 133 Running: 2 Finished: 131
[2026-03-12 13:36:35.736] [info] cycle: [5064000]
[2026-03-12 13:36:35.736] [info] Core [2] Tile Stats | Issued: 133 Running: 2 Finished: 131
[2026-03-12 13:36:35.736] [info] cycle: [5064000]
[2026-03-12 13:36:35.736] [info] Core [3] Tile Stats | Issued: 131 Running: 2 Finished: 129
[2026-03-12 13:36:35.736] [info] cycle: [5064000]
[2026-03-12 13:36:35.736] [info] [ICNT] Core->ICNT request 369GB/Sec,92496
[2026-03-12 13:36:35.736] [info] [ICNT] Core<-ICNT request 383GB/Sec,95810
[2026-03-12 13:36:35.736] [info] [ICNT] ICNT->MEM request 0GB/Sec,0
[2026-03-12 13:36:35.736] [info] [ICNT] ICNT<-MEM request 0GB/Sec,0
[2026-03-12 13:36:36.473] [info] Core [0] Tile Stats | Issued: 131 Running: 2 Finished: 129
[2026-03-12 13:36:36.473] [info] cycle: [5072000]
[2026-03-12 13:36:36.473] [info] Core [1] Tile Stats | Issued: 133 Running: 2 Finished: 131
[2026-03-12 13:36:36.473] [info] cycle: [5072000]
[2026-03-12 13:36:36.473] [info] Core [2] Tile Stats | Issued: 133 Running: 2 Finished: 131
[2026-03-12 13:36:36.473] [info] cycle: [5072000]
[2026-03-12 13:36:36.473] [info] Core [3] Tile Stats | Issued: 131 Running: 2 Finished: 129
[2026-03-12 13:36:36.473] [info] cycle: [5072000]
[2026-03-12 13:36:36.473] [info] [ICNT] Core->ICNT request 512GB/Sec,128000
[2026-03-12 13:36:36.473] [info] [ICNT] Core<-ICNT request 428GB/Sec,107121
[2026-03-12 13:36:36.473] [info] [ICNT] ICNT->MEM request 0GB/Sec,0
[2026-03-12 13:36:36.473] [info] [ICNT] ICNT<-MEM request 0GB/Sec,0
[2026-03-12 13:36:37.183] [info] Core [0] Tile Stats | Issued: 131 Running: 2 Finished: 129
[2026-03-12 13:36:37.183] [info] cycle: [5080000]
[2026-03-12 13:36:37.183] [info] Core [1] Tile Stats | Issued: 133 Running: 2 Finished: 131
[2026-03-12 13:36:37.183] [info] cycle: [5080000]
[2026-03-12 13:36:37.183] [info] Core [2] Tile Stats | Issued: 133 Running: 2 Finished: 131
[2026-03-12 13:36:37.183] [info] cycle: [5080000]
[2026-03-12 13:36:37.183] [info] Core [3] Tile Stats | Issued: 131 Running: 2 Finished: 129
[2026-03-12 13:36:37.183] [info] cycle: [5080000]
[2026-03-12 13:36:37.183] [info] [ICNT] Core->ICNT request 135GB/Sec,33856
[2026-03-12 13:36:37.183] [info] [ICNT] Core<-ICNT request 448GB/Sec,112186
[2026-03-12 13:36:37.183] [info] [ICNT] ICNT->MEM request 0GB/Sec,0
[2026-03-12 13:36:37.183] [info] [ICNT] ICNT<-MEM request 0GB/Sec,0
[2026-03-12 13:36:37.909] [info] Core [0] Tile Stats | Issued: 132 Running: 2 Finished: 130
[2026-03-12 13:36:37.909] [info] cycle: [5088000]
[2026-03-12 13:36:37.909] [info] Core [1] Tile Stats | Issued: 133 Running: 2 Finished: 131
[2026-03-12 13:36:37.909] [info] cycle: [5088000]
[2026-03-12 13:36:37.909] [info] Core [2] Tile Stats | Issued: 134 Running: 2 Finished: 132
[2026-03-12 13:36:37.909] [info] cycle: [5088000]
[2026-03-12 13:36:37.909] [info] Core [3] Tile Stats | Issued: 131 Running: 2 Finished: 129
[2026-03-12 13:36:37.909] [info] cycle: [5088000]
[2026-03-12 13:36:37.909] [info] [ICNT] Core->ICNT request 431GB/Sec,107776
[2026-03-12 13:36:37.909] [info] [ICNT] Core<-ICNT request 450GB/Sec,112679
[2026-03-12 13:36:37.909] [info] [ICNT] ICNT->MEM request 0GB/Sec,0
[2026-03-12 13:36:37.909] [info] [ICNT] ICNT<-MEM request 0GB/Sec,0
[2026-03-12 13:36:38.616] [info] Core [0] Tile Stats | Issued: 132 Running: 2 Finished: 130
[2026-03-12 13:36:38.616] [info] cycle: [5096000]
[2026-03-12 13:36:38.616] [info] Core [1] Tile Stats | Issued: 133 Running: 2 Finished: 131
[2026-03-12 13:36:38.616] [info] cycle: [5096000]
[2026-03-12 13:36:38.616] [info] Core [2] Tile Stats | Issued: 134 Running: 2 Finished: 132
[2026-03-12 13:36:38.616] [info] cycle: [5096000]
[2026-03-12 13:36:38.616] [info] Core [3] Tile Stats | Issued: 131 Running: 2 Finished: 129
[2026-03-12 13:36:38.616] [info] cycle: [5096000]
[2026-03-12 13:36:38.616] [info] [ICNT] Core->ICNT request 822GB/Sec,205664
[2026-03-12 13:36:38.616] [info] [ICNT] Core<-ICNT request 459GB/Sec,114846
[2026-03-12 13:36:38.616] [info] [ICNT] ICNT->MEM request 0GB/Sec,0
[2026-03-12 13:36:38.616] [info] [ICNT] ICNT<-MEM request 0GB/Sec,0
[2026-03-12 13:36:39.396] [info] Core [0] Tile Stats | Issued: 132 Running: 2 Finished: 130
[2026-03-12 13:36:39.396] [info] cycle: [5104000]
[2026-03-12 13:36:39.396] [info] Core [1] Tile Stats | Issued: 133 Running: 2 Finished: 131
[2026-03-12 13:36:39.396] [info] cycle: [5104000]
[2026-03-12 13:36:39.396] [info] Core [2] Tile Stats | Issued: 134 Running: 2 Finished: 132
[2026-03-12 13:36:39.396] [info] cycle: [5104000]
[2026-03-12 13:36:39.396] [info] Core [3] Tile Stats | Issued: 132 Running: 2 Finished: 130
[2026-03-12 13:36:39.396] [info] cycle: [5104000]
[2026-03-12 13:36:39.396] [info] [ICNT] Core->ICNT request 209GB/Sec,52416
[2026-03-12 13:36:39.396] [info] [ICNT] Core<-ICNT request 476GB/Sec,119232
[2026-03-12 13:36:39.396] [info] [ICNT] ICNT->MEM request 0GB/Sec,0
[2026-03-12 13:36:39.396] [info] [ICNT] ICNT<-MEM request 0GB/Sec,0
[2026-03-12 13:36:40.107] [info] Core [0] Tile Stats | Issued: 132 Running: 2 Finished: 130
[2026-03-12 13:36:40.107] [info] cycle: [5112000]
[2026-03-12 13:36:40.107] [info] Core [1] Tile Stats | Issued: 133 Running: 2 Finished: 131
[2026-03-12 13:36:40.107] [info] cycle: [5112000]
[2026-03-12 13:36:40.107] [info] Core [2] Tile Stats | Issued: 134 Running: 2 Finished: 132
[2026-03-12 13:36:40.107] [info] cycle: [5112000]
[2026-03-12 13:36:40.107] [info] Core [3] Tile Stats | Issued: 132 Running: 2 Finished: 130
[2026-03-12 13:36:40.107] [info] cycle: [5112000]
[2026-03-12 13:36:40.107] [info] [ICNT] Core->ICNT request 521GB/Sec,130400
[2026-03-12 13:36:40.107] [info] [ICNT] Core<-ICNT request 493GB/Sec,123349
[2026-03-12 13:36:40.107] [info] [ICNT] ICNT->MEM request 0GB/Sec,0
[2026-03-12 13:36:40.107] [info] [ICNT] ICNT<-MEM request 0GB/Sec,0
[2026-03-12 13:36:40.806] [info] Core [0] Tile Stats | Issued: 132 Running: 2 Finished: 130
[2026-03-12 13:36:40.806] [info] cycle: [5120000]
[2026-03-12 13:36:40.806] [info] Core [1] Tile Stats | Issued: 134 Running: 2 Finished: 132
[2026-03-12 13:36:40.806] [info] cycle: [5120000]
[2026-03-12 13:36:40.806] [info] Core [2] Tile Stats | Issued: 134 Running: 2 Finished: 132
[2026-03-12 13:36:40.806] [info] cycle: [5120000]
[2026-03-12 13:36:40.806] [info] Core [3] Tile Stats | Issued: 132 Running: 2 Finished: 130
[2026-03-12 13:36:40.806] [info] cycle: [5120000]
[2026-03-12 13:36:40.806] [info] [ICNT] Core->ICNT request 380GB/Sec,95216
[2026-03-12 13:36:40.806] [info] [ICNT] Core<-ICNT request 492GB/Sec,123222
[2026-03-12 13:36:40.806] [info] [ICNT] ICNT->MEM request 0GB/Sec,0
[2026-03-12 13:36:40.806] [info] [ICNT] ICNT<-MEM request 0GB/Sec,0
[2026-03-12 13:36:41.446] [info] Core [0] Tile Stats | Issued: 132 Running: 2 Finished: 130
[2026-03-12 13:36:41.446] [info] cycle: [5128000]
[2026-03-12 13:36:41.446] [info] Core [1] Tile Stats | Issued: 134 Running: 2 Finished: 132
[2026-03-12 13:36:41.446] [info] cycle: [5128000]
[2026-03-12 13:36:41.446] [info] Core [2] Tile Stats | Issued: 134 Running: 2 Finished: 132
[2026-03-12 13:36:41.446] [info] cycle: [5128000]
[2026-03-12 13:36:41.446] [info] Core [3] Tile Stats | Issued: 132 Running: 2 Finished: 130
[2026-03-12 13:36:41.446] [info] cycle: [5128000]
[2026-03-12 13:36:41.446] [info] [ICNT] Core->ICNT request 479GB/Sec,119952
[2026-03-12 13:36:41.446] [info] [ICNT] Core<-ICNT request 470GB/Sec,117712
[2026-03-12 13:36:41.446] [info] [ICNT] ICNT->MEM request 0GB/Sec,0
[2026-03-12 13:36:41.446] [info] [ICNT] ICNT<-MEM request 0GB/Sec,0
[2026-03-12 13:36:42.156] [info] Core [0] Tile Stats | Issued: 133 Running: 2 Finished: 131
[2026-03-12 13:36:42.156] [info] cycle: [5136000]
[2026-03-12 13:36:42.156] [info] Core [1] Tile Stats | Issued: 134 Running: 2 Finished: 132
[2026-03-12 13:36:42.156] [info] cycle: [5136000]
[2026-03-12 13:36:42.156] [info] Core [2] Tile Stats | Issued: 134 Running: 2 Finished: 132
[2026-03-12 13:36:42.156] [info] cycle: [5136000]
[2026-03-12 13:36:42.156] [info] Core [3] Tile Stats | Issued: 132 Running: 2 Finished: 130
[2026-03-12 13:36:42.156] [info] cycle: [5136000]
[2026-03-12 13:36:42.156] [info] [ICNT] Core->ICNT request 478GB/Sec,119632
[2026-03-12 13:36:42.156] [info] [ICNT] Core<-ICNT request 472GB/Sec,118197
[2026-03-12 13:36:42.156] [info] [ICNT] ICNT->MEM request 0GB/Sec,0
[2026-03-12 13:36:42.156] [info] [ICNT] ICNT<-MEM request 0GB/Sec,0
[2026-03-12 13:36:42.834] [info] Core [0] Tile Stats | Issued: 133 Running: 2 Finished: 131
[2026-03-12 13:36:42.834] [info] cycle: [5144000]
[2026-03-12 13:36:42.834] [info] Core [1] Tile Stats | Issued: 134 Running: 2 Finished: 132
[2026-03-12 13:36:42.834] [info] cycle: [5144000]
[2026-03-12 13:36:42.834] [info] Core [2] Tile Stats | Issued: 135 Running: 2 Finished: 133
[2026-03-12 13:36:42.834] [info] cycle: [5144000]
[2026-03-12 13:36:42.834] [info] Core [3] Tile Stats | Issued: 132 Running: 2 Finished: 130
[2026-03-12 13:36:42.834] [info] cycle: [5144000]
[2026-03-12 13:36:42.834] [info] [ICNT] Core->ICNT request 491GB/Sec,122880
[2026-03-12 13:36:42.834] [info] [ICNT] Core<-ICNT request 449GB/Sec,112377
[2026-03-12 13:36:42.834] [info] [ICNT] ICNT->MEM request 0GB/Sec,0
[2026-03-12 13:36:42.834] [info] [ICNT] ICNT<-MEM request 0GB/Sec,0
[2026-03-12 13:36:43.517] [info] Core [0] Tile Stats | Issued: 133 Running: 2 Finished: 131
[2026-03-12 13:36:43.517] [info] cycle: [5152000]
[2026-03-12 13:36:43.517] [info] Core [1] Tile Stats | Issued: 134 Running: 2 Finished: 132
[2026-03-12 13:36:43.517] [info] cycle: [5152000]
[2026-03-12 13:36:43.517] [info] Core [2] Tile Stats | Issued: 135 Running: 2 Finished: 133
[2026-03-12 13:36:43.517] [info] cycle: [5152000]
[2026-03-12 13:36:43.517] [info] Core [3] Tile Stats | Issued: 133 Running: 2 Finished: 131
[2026-03-12 13:36:43.517] [info] cycle: [5152000]
[2026-03-12 13:36:43.517] [info] [ICNT] Core->ICNT request 490GB/Sec,122592
[2026-03-12 13:36:43.517] [info] [ICNT] Core<-ICNT request 434GB/Sec,108673
[2026-03-12 13:36:43.517] [info] [ICNT] ICNT->MEM request 0GB/Sec,0
[2026-03-12 13:36:43.517] [info] [ICNT] ICNT<-MEM request 0GB/Sec,0
[2026-03-12 13:36:44.216] [info] Core [0] Tile Stats | Issued: 133 Running: 2 Finished: 131
[2026-03-12 13:36:44.216] [info] cycle: [5160000]
[2026-03-12 13:36:44.216] [info] Core [1] Tile Stats | Issued: 134 Running: 2 Finished: 132
[2026-03-12 13:36:44.216] [info] cycle: [5160000]
[2026-03-12 13:36:44.216] [info] Core [2] Tile Stats | Issued: 135 Running: 2 Finished: 133
[2026-03-12 13:36:44.216] [info] cycle: [5160000]
[2026-03-12 13:36:44.216] [info] Core [3] Tile Stats | Issued: 133 Running: 2 Finished: 131
[2026-03-12 13:36:44.216] [info] cycle: [5160000]
[2026-03-12 13:36:44.216] [info] [ICNT] Core->ICNT request 521GB/Sec,130400
[2026-03-12 13:36:44.216] [info] [ICNT] Core<-ICNT request 426GB/Sec,106707
[2026-03-12 13:36:44.216] [info] [ICNT] ICNT->MEM request 0GB/Sec,0
[2026-03-12 13:36:44.216] [info] [ICNT] ICNT<-MEM request 0GB/Sec,0
[2026-03-12 13:36:44.997] [info] Core [0] Tile Stats | Issued: 133 Running: 2 Finished: 131
[2026-03-12 13:36:44.998] [info] cycle: [5168000]
[2026-03-12 13:36:44.998] [info] Core [1] Tile Stats | Issued: 135 Running: 2 Finished: 133
[2026-03-12 13:36:44.998] [info] cycle: [5168000]
[2026-03-12 13:36:44.998] [info] Core [2] Tile Stats | Issued: 135 Running: 2 Finished: 133
[2026-03-12 13:36:44.998] [info] cycle: [5168000]
[2026-03-12 13:36:44.998] [info] Core [3] Tile Stats | Issued: 133 Running: 2 Finished: 131
[2026-03-12 13:36:44.998] [info] cycle: [5168000]
[2026-03-12 13:36:44.998] [info] [ICNT] Core->ICNT request 403GB/Sec,100928
[2026-03-12 13:36:44.998] [info] [ICNT] Core<-ICNT request 445GB/Sec,111361
[2026-03-12 13:36:44.998] [info] [ICNT] ICNT->MEM request 0GB/Sec,0
[2026-03-12 13:36:44.998] [info] [ICNT] ICNT<-MEM request 0GB/Sec,0
[2026-03-12 13:36:45.745] [info] Core [0] Tile Stats | Issued: 133 Running: 2 Finished: 131
[2026-03-12 13:36:45.745] [info] cycle: [5176000]
[2026-03-12 13:36:45.745] [info] Core [1] Tile Stats | Issued: 135 Running: 2 Finished: 133
[2026-03-12 13:36:45.745] [info] cycle: [5176000]
[2026-03-12 13:36:45.745] [info] Core [2] Tile Stats | Issued: 135 Running: 2 Finished: 133
[2026-03-12 13:36:45.745] [info] cycle: [5176000]
[2026-03-12 13:36:45.745] [info] Core [3] Tile Stats | Issued: 133 Running: 2 Finished: 131
[2026-03-12 13:36:45.745] [info] cycle: [5176000]
[2026-03-12 13:36:45.745] [info] [ICNT] Core->ICNT request 459GB/Sec,114992
[2026-03-12 13:36:45.745] [info] [ICNT] Core<-ICNT request 453GB/Sec,113442
[2026-03-12 13:36:45.745] [info] [ICNT] ICNT->MEM request 0GB/Sec,0
[2026-03-12 13:36:45.745] [info] [ICNT] ICNT<-MEM request 0GB/Sec,0
[2026-03-12 13:36:46.472] [info] Core [0] Tile Stats | Issued: 134 Running: 2 Finished: 132
[2026-03-12 13:36:46.472] [info] cycle: [5184000]
[2026-03-12 13:36:46.472] [info] Core [1] Tile Stats | Issued: 135 Running: 2 Finished: 133
[2026-03-12 13:36:46.472] [info] cycle: [5184000]
[2026-03-12 13:36:46.472] [info] Core [2] Tile Stats | Issued: 135 Running: 2 Finished: 133
[2026-03-12 13:36:46.472] [info] cycle: [5184000]
[2026-03-12 13:36:46.472] [info] Core [3] Tile Stats | Issued: 133 Running: 2 Finished: 131
[2026-03-12 13:36:46.472] [info] cycle: [5184000]
[2026-03-12 13:36:46.472] [info] [ICNT] Core->ICNT request 352GB/Sec,88192
[2026-03-12 13:36:46.472] [info] [ICNT] Core<-ICNT request 455GB/Sec,113777
[2026-03-12 13:36:46.472] [info] [ICNT] ICNT->MEM request 0GB/Sec,0
[2026-03-12 13:36:46.472] [info] [ICNT] ICNT<-MEM request 0GB/Sec,0
[2026-03-12 13:36:47.229] [info] Core [0] Tile Stats | Issued: 134 Running: 2 Finished: 132
[2026-03-12 13:36:47.229] [info] cycle: [5192000]
[2026-03-12 13:36:47.229] [info] Core [1] Tile Stats | Issued: 135 Running: 2 Finished: 133
[2026-03-12 13:36:47.229] [info] cycle: [5192000]
[2026-03-12 13:36:47.229] [info] Core [2] Tile Stats | Issued: 136 Running: 2 Finished: 134
[2026-03-12 13:36:47.229] [info] cycle: [5192000]
[2026-03-12 13:36:47.229] [info] Core [3] Tile Stats | Issued: 133 Running: 2 Finished: 131
[2026-03-12 13:36:47.229] [info] cycle: [5192000]
[2026-03-12 13:36:47.229] [info] [ICNT] Core->ICNT request 558GB/Sec,139584
[2026-03-12 13:36:47.229] [info] [ICNT] Core<-ICNT request 458GB/Sec,114603
[2026-03-12 13:36:47.229] [info] [ICNT] ICNT->MEM request 0GB/Sec,0
[2026-03-12 13:36:47.229] [info] [ICNT] ICNT<-MEM request 0GB/Sec,0
[2026-03-12 13:36:47.954] [info] Core [0] Tile Stats | Issued: 134 Running: 2 Finished: 132
[2026-03-12 13:36:47.954] [info] cycle: [5200000]
[2026-03-12 13:36:47.954] [info] Core [1] Tile Stats | Issued: 135 Running: 2 Finished: 133
[2026-03-12 13:36:47.954] [info] cycle: [5200000]
[2026-03-12 13:36:47.954] [info] Core [2] Tile Stats | Issued: 136 Running: 2 Finished: 134
[2026-03-12 13:36:47.954] [info] cycle: [5200000]
[2026-03-12 13:36:47.954] [info] Core [3] Tile Stats | Issued: 133 Running: 2 Finished: 131
[2026-03-12 13:36:47.954] [info] cycle: [5200000]
[2026-03-12 13:36:47.954] [info] [ICNT] Core->ICNT request 502GB/Sec,125536
[2026-03-12 13:36:47.954] [info] [ICNT] Core<-ICNT request 472GB/Sec,118164
[2026-03-12 13:36:47.954] [info] [ICNT] ICNT->MEM request 0GB/Sec,0
[2026-03-12 13:36:47.954] [info] [ICNT] ICNT<-MEM request 0GB/Sec,0
[2026-03-12 13:36:48.640] [info] Core [0] Tile Stats | Issued: 134 Running: 2 Finished: 132
[2026-03-12 13:36:48.640] [info] cycle: [5208000]
[2026-03-12 13:36:48.640] [info] Core [1] Tile Stats | Issued: 135 Running: 2 Finished: 133
[2026-03-12 13:36:48.640] [info] cycle: [5208000]
[2026-03-12 13:36:48.640] [info] Core [2] Tile Stats | Issued: 136 Running: 2 Finished: 134
[2026-03-12 13:36:48.640] [info] cycle: [5208000]
[2026-03-12 13:36:48.640] [info] Core [3] Tile Stats | Issued: 134 Running: 2 Finished: 132
[2026-03-12 13:36:48.640] [info] cycle: [5208000]
[2026-03-12 13:36:48.640] [info] [ICNT] Core->ICNT request 345GB/Sec,86288
[2026-03-12 13:36:48.640] [info] [ICNT] Core<-ICNT request 485GB/Sec,121271
[2026-03-12 13:36:48.640] [info] [ICNT] ICNT->MEM request 0GB/Sec,0
[2026-03-12 13:36:48.640] [info] [ICNT] ICNT<-MEM request 0GB/Sec,0
[2026-03-12 13:36:49.314] [info] Core [0] Tile Stats | Issued: 134 Running: 2 Finished: 132
[2026-03-12 13:36:49.314] [info] cycle: [5216000]
[2026-03-12 13:36:49.314] [info] Core [1] Tile Stats | Issued: 136 Running: 2 Finished: 134
[2026-03-12 13:36:49.314] [info] cycle: [5216000]
[2026-03-12 13:36:49.314] [info] Core [2] Tile Stats | Issued: 136 Running: 2 Finished: 134
[2026-03-12 13:36:49.314] [info] cycle: [5216000]
[2026-03-12 13:36:49.314] [info] Core [3] Tile Stats | Issued: 134 Running: 2 Finished: 132
[2026-03-12 13:36:49.314] [info] cycle: [5216000]
[2026-03-12 13:36:49.314] [info] [ICNT] Core->ICNT request 422GB/Sec,105648
[2026-03-12 13:36:49.314] [info] [ICNT] Core<-ICNT request 489GB/Sec,122357
[2026-03-12 13:36:49.314] [info] [ICNT] ICNT->MEM request 0GB/Sec,0
[2026-03-12 13:36:49.314] [info] [ICNT] ICNT<-MEM request 0GB/Sec,0
[2026-03-12 13:36:49.997] [info] Core [0] Tile Stats | Issued: 134 Running: 2 Finished: 132
[2026-03-12 13:36:49.997] [info] cycle: [5224000]
[2026-03-12 13:36:49.997] [info] Core [1] Tile Stats | Issued: 136 Running: 2 Finished: 134
[2026-03-12 13:36:49.997] [info] cycle: [5224000]
[2026-03-12 13:36:49.997] [info] Core [2] Tile Stats | Issued: 136 Running: 2 Finished: 134
[2026-03-12 13:36:49.997] [info] cycle: [5224000]
[2026-03-12 13:36:49.997] [info] Core [3] Tile Stats | Issued: 134 Running: 2 Finished: 132
[2026-03-12 13:36:49.997] [info] cycle: [5224000]
[2026-03-12 13:36:49.997] [info] [ICNT] Core->ICNT request 518GB/Sec,129600
[2026-03-12 13:36:49.997] [info] [ICNT] Core<-ICNT request 478GB/Sec,119670
[2026-03-12 13:36:49.997] [info] [ICNT] ICNT->MEM request 0GB/Sec,0
[2026-03-12 13:36:49.997] [info] [ICNT] ICNT<-MEM request 0GB/Sec,0
[2026-03-12 13:36:50.732] [info] Core [0] Tile Stats | Issued: 135 Running: 2 Finished: 133
[2026-03-12 13:36:50.732] [info] cycle: [5232000]
[2026-03-12 13:36:50.732] [info] Core [1] Tile Stats | Issued: 136 Running: 2 Finished: 134
[2026-03-12 13:36:50.732] [info] cycle: [5232000]
[2026-03-12 13:36:50.732] [info] Core [2] Tile Stats | Issued: 136 Running: 2 Finished: 134
[2026-03-12 13:36:50.732] [info] cycle: [5232000]
[2026-03-12 13:36:50.732] [info] Core [3] Tile Stats | Issued: 134 Running: 2 Finished: 132
[2026-03-12 13:36:50.732] [info] cycle: [5232000]
[2026-03-12 13:36:50.732] [info] [ICNT] Core->ICNT request 442GB/Sec,110672
[2026-03-12 13:36:50.732] [info] [ICNT] Core<-ICNT request 468GB/Sec,117163
[2026-03-12 13:36:50.732] [info] [ICNT] ICNT->MEM request 0GB/Sec,0
[2026-03-12 13:36:50.732] [info] [ICNT] ICNT<-MEM request 0GB/Sec,0
[2026-03-12 13:36:51.432] [info] Core [0] Tile Stats | Issued: 135 Running: 2 Finished: 133
[2026-03-12 13:36:51.432] [info] cycle: [5240000]
[2026-03-12 13:36:51.432] [info] Core [1] Tile Stats | Issued: 136 Running: 2 Finished: 134
[2026-03-12 13:36:51.432] [info] cycle: [5240000]
[2026-03-12 13:36:51.432] [info] Core [2] Tile Stats | Issued: 137 Running: 2 Finished: 135
[2026-03-12 13:36:51.432] [info] cycle: [5240000]
[2026-03-12 13:36:51.432] [info] Core [3] Tile Stats | Issued: 134 Running: 2 Finished: 132
[2026-03-12 13:36:51.432] [info] cycle: [5240000]
[2026-03-12 13:36:51.432] [info] [ICNT] Core->ICNT request 483GB/Sec,120848
[2026-03-12 13:36:51.432] [info] [ICNT] Core<-ICNT request 449GB/Sec,112274
[2026-03-12 13:36:51.432] [info] [ICNT] ICNT->MEM request 0GB/Sec,0
[2026-03-12 13:36:51.432] [info] [ICNT] ICNT<-MEM request 0GB/Sec,0
[2026-03-12 13:36:52.076] [info] Core [0] Tile Stats | Issued: 135 Running: 2 Finished: 133
[2026-03-12 13:36:52.076] [info] cycle: [5248000]
[2026-03-12 13:36:52.076] [info] Core [1] Tile Stats | Issued: 136 Running: 2 Finished: 134
[2026-03-12 13:36:52.076] [info] cycle: [5248000]
[2026-03-12 13:36:52.076] [info] Core [2] Tile Stats | Issued: 137 Running: 2 Finished: 135
[2026-03-12 13:36:52.076] [info] cycle: [5248000]
[2026-03-12 13:36:52.076] [info] Core [3] Tile Stats | Issued: 134 Running: 2 Finished: 132
[2026-03-12 13:36:52.076] [info] cycle: [5248000]
[2026-03-12 13:36:52.077] [info] [ICNT] Core->ICNT request 512GB/Sec,128000
[2026-03-12 13:36:52.077] [info] [ICNT] Core<-ICNT request 475GB/Sec,118780
[2026-03-12 13:36:52.077] [info] [ICNT] ICNT->MEM request 0GB/Sec,0
[2026-03-12 13:36:52.077] [info] [ICNT] ICNT<-MEM request 0GB/Sec,0
[2026-03-12 13:36:52.787] [info] Core [0] Tile Stats | Issued: 135 Running: 2 Finished: 133
[2026-03-12 13:36:52.787] [info] cycle: [5256000]
[2026-03-12 13:36:52.787] [info] Core [1] Tile Stats | Issued: 136 Running: 2 Finished: 134
[2026-03-12 13:36:52.787] [info] cycle: [5256000]
[2026-03-12 13:36:52.787] [info] Core [2] Tile Stats | Issued: 137 Running: 2 Finished: 135
[2026-03-12 13:36:52.787] [info] cycle: [5256000]
[2026-03-12 13:36:52.787] [info] Core [3] Tile Stats | Issued: 135 Running: 2 Finished: 133
[2026-03-12 13:36:52.787] [info] cycle: [5256000]
[2026-03-12 13:36:52.787] [info] [ICNT] Core->ICNT request 458GB/Sec,114656
[2026-03-12 13:36:52.787] [info] [ICNT] Core<-ICNT request 461GB/Sec,115331
[2026-03-12 13:36:52.787] [info] [ICNT] ICNT->MEM request 0GB/Sec,0
[2026-03-12 13:36:52.787] [info] [ICNT] ICNT<-MEM request 0GB/Sec,0
[2026-03-12 13:36:53.548] [info] Core [0] Tile Stats | Issued: 135 Running: 2 Finished: 133
[2026-03-12 13:36:53.548] [info] cycle: [5264000]
[2026-03-12 13:36:53.548] [info] Core [1] Tile Stats | Issued: 137 Running: 2 Finished: 135
[2026-03-12 13:36:53.548] [info] cycle: [5264000]
[2026-03-12 13:36:53.548] [info] Core [2] Tile Stats | Issued: 137 Running: 2 Finished: 135
[2026-03-12 13:36:53.548] [info] cycle: [5264000]
[2026-03-12 13:36:53.548] [info] Core [3] Tile Stats | Issued: 135 Running: 2 Finished: 133
[2026-03-12 13:36:53.548] [info] cycle: [5264000]
[2026-03-12 13:36:53.548] [info] [ICNT] Core->ICNT request 450GB/Sec,112736
[2026-03-12 13:36:53.548] [info] [ICNT] Core<-ICNT request 489GB/Sec,122469
[2026-03-12 13:36:53.548] [info] [ICNT] ICNT->MEM request 0GB/Sec,0
[2026-03-12 13:36:53.548] [info] [ICNT] ICNT<-MEM request 0GB/Sec,0
[2026-03-12 13:36:54.304] [info] Core [0] Tile Stats | Issued: 135 Running: 2 Finished: 133
[2026-03-12 13:36:54.305] [info] cycle: [5272000]
[2026-03-12 13:36:54.305] [info] Core [1] Tile Stats | Issued: 137 Running: 2 Finished: 135
[2026-03-12 13:36:54.305] [info] cycle: [5272000]
[2026-03-12 13:36:54.305] [info] Core [2] Tile Stats | Issued: 137 Running: 2 Finished: 135
[2026-03-12 13:36:54.305] [info] cycle: [5272000]
[2026-03-12 13:36:54.305] [info] Core [3] Tile Stats | Issued: 135 Running: 2 Finished: 133
[2026-03-12 13:36:54.305] [info] cycle: [5272000]
[2026-03-12 13:36:54.305] [info] [ICNT] Core->ICNT request 521GB/Sec,130400
[2026-03-12 13:36:54.305] [info] [ICNT] Core<-ICNT request 480GB/Sec,120076
[2026-03-12 13:36:54.305] [info] [ICNT] ICNT->MEM request 0GB/Sec,0
[2026-03-12 13:36:54.305] [info] [ICNT] ICNT<-MEM request 0GB/Sec,0
[2026-03-12 13:36:55.043] [info] Core [0] Tile Stats | Issued: 136 Running: 2 Finished: 134
[2026-03-12 13:36:55.043] [info] cycle: [5280000]
[2026-03-12 13:36:55.043] [info] Core [1] Tile Stats | Issued: 137 Running: 2 Finished: 135
[2026-03-12 13:36:55.043] [info] cycle: [5280000]
[2026-03-12 13:36:55.043] [info] Core [2] Tile Stats | Issued: 137 Running: 2 Finished: 135
[2026-03-12 13:36:55.043] [info] cycle: [5280000]
[2026-03-12 13:36:55.043] [info] Core [3] Tile Stats | Issued: 135 Running: 2 Finished: 133
[2026-03-12 13:36:55.043] [info] cycle: [5280000]
[2026-03-12 13:36:55.043] [info] [ICNT] Core->ICNT request 401GB/Sec,100352
[2026-03-12 13:36:55.043] [info] [ICNT] Core<-ICNT request 459GB/Sec,114887
[2026-03-12 13:36:55.043] [info] [ICNT] ICNT->MEM request 0GB/Sec,0
[2026-03-12 13:36:55.043] [info] [ICNT] ICNT<-MEM request 0GB/Sec,0
[2026-03-12 13:36:55.789] [info] Core [0] Tile Stats | Issued: 136 Running: 2 Finished: 134
[2026-03-12 13:36:55.789] [info] cycle: [5288000]
[2026-03-12 13:36:55.789] [info] Core [1] Tile Stats | Issued: 137 Running: 2 Finished: 135
[2026-03-12 13:36:55.789] [info] cycle: [5288000]
[2026-03-12 13:36:55.789] [info] Core [2] Tile Stats | Issued: 138 Running: 2 Finished: 136
[2026-03-12 13:36:55.789] [info] cycle: [5288000]
[2026-03-12 13:36:55.789] [info] Core [3] Tile Stats | Issued: 135 Running: 2 Finished: 133
[2026-03-12 13:36:55.789] [info] cycle: [5288000]
[2026-03-12 13:36:55.789] [info] [ICNT] Core->ICNT request 471GB/Sec,117792
[2026-03-12 13:36:55.789] [info] [ICNT] Core<-ICNT request 455GB/Sec,113855
[2026-03-12 13:36:55.789] [info] [ICNT] ICNT->MEM request 0GB/Sec,0
[2026-03-12 13:36:55.789] [info] [ICNT] ICNT<-MEM request 0GB/Sec,0
[2026-03-12 13:36:56.517] [info] Core [0] Tile Stats | Issued: 136 Running: 2 Finished: 134
[2026-03-12 13:36:56.517] [info] cycle: [5296000]
[2026-03-12 13:36:56.517] [info] Core [1] Tile Stats | Issued: 137 Running: 2 Finished: 135
[2026-03-12 13:36:56.517] [info] cycle: [5296000]
[2026-03-12 13:36:56.517] [info] Core [2] Tile Stats | Issued: 138 Running: 2 Finished: 136
[2026-03-12 13:36:56.517] [info] cycle: [5296000]
[2026-03-12 13:36:56.517] [info] Core [3] Tile Stats | Issued: 135 Running: 2 Finished: 133
[2026-03-12 13:36:56.517] [info] cycle: [5296000]
[2026-03-12 13:36:56.517] [info] [ICNT] Core->ICNT request 512GB/Sec,128000
[2026-03-12 13:36:56.517] [info] [ICNT] Core<-ICNT request 472GB/Sec,118052
[2026-03-12 13:36:56.517] [info] [ICNT] ICNT->MEM request 0GB/Sec,0
[2026-03-12 13:36:56.517] [info] [ICNT] ICNT<-MEM request 0GB/Sec,0
[2026-03-12 13:36:57.221] [info] Core [0] Tile Stats | Issued: 136 Running: 2 Finished: 134
[2026-03-12 13:36:57.221] [info] cycle: [5304000]
[2026-03-12 13:36:57.221] [info] Core [1] Tile Stats | Issued: 137 Running: 2 Finished: 135
[2026-03-12 13:36:57.221] [info] cycle: [5304000]
[2026-03-12 13:36:57.221] [info] Core [2] Tile Stats | Issued: 138 Running: 2 Finished: 136
[2026-03-12 13:36:57.221] [info] cycle: [5304000]
[2026-03-12 13:36:57.221] [info] Core [3] Tile Stats | Issued: 136 Running: 2 Finished: 134
[2026-03-12 13:36:57.221] [info] cycle: [5304000]
[2026-03-12 13:36:57.221] [info] [ICNT] Core->ICNT request 464GB/Sec,116224
[2026-03-12 13:36:57.221] [info] [ICNT] Core<-ICNT request 479GB/Sec,119852
[2026-03-12 13:36:57.221] [info] [ICNT] ICNT->MEM request 0GB/Sec,0
[2026-03-12 13:36:57.221] [info] [ICNT] ICNT<-MEM request 0GB/Sec,0
[2026-03-12 13:36:57.886] [info] Core [0] Tile Stats | Issued: 136 Running: 2 Finished: 134
[2026-03-12 13:36:57.886] [info] cycle: [5312000]
[2026-03-12 13:36:57.886] [info] Core [1] Tile Stats | Issued: 138 Running: 2 Finished: 136
[2026-03-12 13:36:57.886] [info] cycle: [5312000]
[2026-03-12 13:36:57.886] [info] Core [2] Tile Stats | Issued: 138 Running: 2 Finished: 136
[2026-03-12 13:36:57.886] [info] cycle: [5312000]
[2026-03-12 13:36:57.886] [info] Core [3] Tile Stats | Issued: 136 Running: 2 Finished: 134
[2026-03-12 13:36:57.886] [info] cycle: [5312000]
[2026-03-12 13:36:57.886] [info] [ICNT] Core->ICNT request 416GB/Sec,104000
[2026-03-12 13:36:57.886] [info] [ICNT] Core<-ICNT request 490GB/Sec,122627
[2026-03-12 13:36:57.886] [info] [ICNT] ICNT->MEM request 0GB/Sec,0
[2026-03-12 13:36:57.886] [info] [ICNT] ICNT<-MEM request 0GB/Sec,0
[2026-03-12 13:36:58.572] [info] Core [0] Tile Stats | Issued: 136 Running: 2 Finished: 134
[2026-03-12 13:36:58.572] [info] cycle: [5320000]
[2026-03-12 13:36:58.572] [info] Core [1] Tile Stats | Issued: 138 Running: 2 Finished: 136
[2026-03-12 13:36:58.572] [info] cycle: [5320000]
[2026-03-12 13:36:58.572] [info] Core [2] Tile Stats | Issued: 138 Running: 2 Finished: 136
[2026-03-12 13:36:58.572] [info] cycle: [5320000]
[2026-03-12 13:36:58.572] [info] Core [3] Tile Stats | Issued: 136 Running: 2 Finished: 134
[2026-03-12 13:36:58.572] [info] cycle: [5320000]
[2026-03-12 13:36:58.572] [info] [ICNT] Core->ICNT request 521GB/Sec,130400
[2026-03-12 13:36:58.572] [info] [ICNT] Core<-ICNT request 474GB/Sec,118507
[2026-03-12 13:36:58.572] [info] [ICNT] ICNT->MEM request 0GB/Sec,0
[2026-03-12 13:36:58.572] [info] [ICNT] ICNT<-MEM request 0GB/Sec,0
[2026-03-12 13:36:59.305] [info] Core [0] Tile Stats | Issued: 137 Running: 2 Finished: 135
[2026-03-12 13:36:59.305] [info] cycle: [5328000]
[2026-03-12 13:36:59.305] [info] Core [1] Tile Stats | Issued: 138 Running: 2 Finished: 136
[2026-03-12 13:36:59.305] [info] cycle: [5328000]
[2026-03-12 13:36:59.305] [info] Core [2] Tile Stats | Issued: 138 Running: 2 Finished: 136
[2026-03-12 13:36:59.305] [info] cycle: [5328000]
[2026-03-12 13:36:59.305] [info] Core [3] Tile Stats | Issued: 136 Running: 2 Finished: 134
[2026-03-12 13:36:59.305] [info] cycle: [5328000]
[2026-03-12 13:36:59.305] [info] [ICNT] Core->ICNT request 439GB/Sec,109824
[2026-03-12 13:36:59.305] [info] [ICNT] Core<-ICNT request 456GB/Sec,114043
[2026-03-12 13:36:59.305] [info] [ICNT] ICNT->MEM request 0GB/Sec,0
[2026-03-12 13:36:59.305] [info] [ICNT] ICNT<-MEM request 0GB/Sec,0
[2026-03-12 13:37:00.063] [info] Core [0] Tile Stats | Issued: 137 Running: 2 Finished: 135
[2026-03-12 13:37:00.063] [info] cycle: [5336000]
[2026-03-12 13:37:00.063] [info] Core [1] Tile Stats | Issued: 138 Running: 2 Finished: 136
[2026-03-12 13:37:00.063] [info] cycle: [5336000]
[2026-03-12 13:37:00.063] [info] Core [2] Tile Stats | Issued: 139 Running: 2 Finished: 137
[2026-03-12 13:37:00.063] [info] cycle: [5336000]
[2026-03-12 13:37:00.063] [info] Core [3] Tile Stats | Issued: 136 Running: 2 Finished: 134
[2026-03-12 13:37:00.063] [info] cycle: [5336000]
[2026-03-12 13:37:00.063] [info] [ICNT] Core->ICNT request 483GB/Sec,120848
[2026-03-12 13:37:00.063] [info] [ICNT] Core<-ICNT request 460GB/Sec,115129
[2026-03-12 13:37:00.063] [info] [ICNT] ICNT->MEM request 0GB/Sec,0
[2026-03-12 13:37:00.063] [info] [ICNT] ICNT<-MEM request 0GB/Sec,0
[2026-03-12 13:37:00.763] [info] Core [0] Tile Stats | Issued: 137 Running: 2 Finished: 135
[2026-03-12 13:37:00.763] [info] cycle: [5344000]
[2026-03-12 13:37:00.763] [info] Core [1] Tile Stats | Issued: 138 Running: 2 Finished: 136
[2026-03-12 13:37:00.763] [info] cycle: [5344000]
[2026-03-12 13:37:00.763] [info] Core [2] Tile Stats | Issued: 139 Running: 2 Finished: 137
[2026-03-12 13:37:00.763] [info] cycle: [5344000]
[2026-03-12 13:37:00.763] [info] Core [3] Tile Stats | Issued: 136 Running: 2 Finished: 134
[2026-03-12 13:37:00.763] [info] cycle: [5344000]
[2026-03-12 13:37:00.763] [info] [ICNT] Core->ICNT request 512GB/Sec,128000
[2026-03-12 13:37:00.763] [info] [ICNT] Core<-ICNT request 469GB/Sec,117257
[2026-03-12 13:37:00.763] [info] [ICNT] ICNT->MEM request 0GB/Sec,0
[2026-03-12 13:37:00.763] [info] [ICNT] ICNT<-MEM request 0GB/Sec,0
[2026-03-12 13:37:01.462] [info] Core [0] Tile Stats | Issued: 137 Running: 2 Finished: 135
[2026-03-12 13:37:01.463] [info] cycle: [5352000]
[2026-03-12 13:37:01.463] [info] Core [1] Tile Stats | Issued: 138 Running: 2 Finished: 136
[2026-03-12 13:37:01.463] [info] cycle: [5352000]
[2026-03-12 13:37:01.463] [info] Core [2] Tile Stats | Issued: 139 Running: 2 Finished: 137
[2026-03-12 13:37:01.463] [info] cycle: [5352000]
[2026-03-12 13:37:01.463] [info] Core [3] Tile Stats | Issued: 137 Running: 2 Finished: 135
[2026-03-12 13:37:01.463] [info] cycle: [5352000]
[2026-03-12 13:37:01.463] [info] [ICNT] Core->ICNT request 451GB/Sec,112864
[2026-03-12 13:37:01.463] [info] [ICNT] Core<-ICNT request 475GB/Sec,118975
[2026-03-12 13:37:01.463] [info] [ICNT] ICNT->MEM request 0GB/Sec,0
[2026-03-12 13:37:01.463] [info] [ICNT] ICNT<-MEM request 0GB/Sec,0
[2026-03-12 13:37:02.143] [info] Core [0] Tile Stats | Issued: 137 Running: 2 Finished: 135
[2026-03-12 13:37:02.143] [info] cycle: [5360000]
[2026-03-12 13:37:02.143] [info] Core [1] Tile Stats | Issued: 138 Running: 2 Finished: 136
[2026-03-12 13:37:02.143] [info] cycle: [5360000]
[2026-03-12 13:37:02.143] [info] Core [2] Tile Stats | Issued: 139 Running: 2 Finished: 137
[2026-03-12 13:37:02.143] [info] cycle: [5360000]
[2026-03-12 13:37:02.143] [info] Core [3] Tile Stats | Issued: 137 Running: 2 Finished: 135
[2026-03-12 13:37:02.143] [info] cycle: [5360000]
[2026-03-12 13:37:02.143] [info] [ICNT] Core->ICNT request 423GB/Sec,105776
[2026-03-12 13:37:02.143] [info] [ICNT] Core<-ICNT request 490GB/Sec,122719
[2026-03-12 13:37:02.143] [info] [ICNT] ICNT->MEM request 0GB/Sec,0
[2026-03-12 13:37:02.143] [info] [ICNT] ICNT<-MEM request 0GB/Sec,0
[2026-03-12 13:37:02.858] [info] Core [0] Tile Stats | Issued: 137 Running: 2 Finished: 135
[2026-03-12 13:37:02.858] [info] cycle: [5368000]
[2026-03-12 13:37:02.858] [info] Core [1] Tile Stats | Issued: 139 Running: 2 Finished: 137
[2026-03-12 13:37:02.858] [info] cycle: [5368000]
[2026-03-12 13:37:02.858] [info] Core [2] Tile Stats | Issued: 139 Running: 2 Finished: 137
[2026-03-12 13:37:02.858] [info] cycle: [5368000]
[2026-03-12 13:37:02.858] [info] Core [3] Tile Stats | Issued: 137 Running: 2 Finished: 135
[2026-03-12 13:37:02.858] [info] cycle: [5368000]
[2026-03-12 13:37:02.858] [info] [ICNT] Core->ICNT request 511GB/Sec,127968
[2026-03-12 13:37:02.858] [info] [ICNT] Core<-ICNT request 479GB/Sec,119912
[2026-03-12 13:37:02.858] [info] [ICNT] ICNT->MEM request 0GB/Sec,0
[2026-03-12 13:37:02.858] [info] [ICNT] ICNT<-MEM request 0GB/Sec,0
[2026-03-12 13:37:03.564] [info] Core [0] Tile Stats | Issued: 138 Running: 2 Finished: 136
[2026-03-12 13:37:03.564] [info] cycle: [5376000]
[2026-03-12 13:37:03.564] [info] Core [1] Tile Stats | Issued: 139 Running: 2 Finished: 137
[2026-03-12 13:37:03.564] [info] cycle: [5376000]
[2026-03-12 13:37:03.564] [info] Core [2] Tile Stats | Issued: 139 Running: 2 Finished: 137
[2026-03-12 13:37:03.564] [info] cycle: [5376000]
[2026-03-12 13:37:03.564] [info] Core [3] Tile Stats | Issued: 137 Running: 2 Finished: 135
[2026-03-12 13:37:03.564] [info] cycle: [5376000]
[2026-03-12 13:37:03.564] [info] [ICNT] Core->ICNT request 449GB/Sec,112448
[2026-03-12 13:37:03.564] [info] [ICNT] Core<-ICNT request 454GB/Sec,113507
[2026-03-12 13:37:03.564] [info] [ICNT] ICNT->MEM request 0GB/Sec,0
[2026-03-12 13:37:03.564] [info] [ICNT] ICNT<-MEM request 0GB/Sec,0
[2026-03-12 13:37:04.320] [info] Core [0] Tile Stats | Issued: 138 Running: 2 Finished: 136
[2026-03-12 13:37:04.320] [info] cycle: [5384000]
[2026-03-12 13:37:04.320] [info] Core [1] Tile Stats | Issued: 139 Running: 2 Finished: 137
[2026-03-12 13:37:04.320] [info] cycle: [5384000]
[2026-03-12 13:37:04.320] [info] Core [2] Tile Stats | Issued: 140 Running: 2 Finished: 138
[2026-03-12 13:37:04.320] [info] cycle: [5384000]
[2026-03-12 13:37:04.320] [info] Core [3] Tile Stats | Issued: 137 Running: 2 Finished: 135
[2026-03-12 13:37:04.320] [info] cycle: [5384000]
[2026-03-12 13:37:04.320] [info] [ICNT] Core->ICNT request 483GB/Sec,120864
[2026-03-12 13:37:04.320] [info] [ICNT] Core<-ICNT request 463GB/Sec,115792
[2026-03-12 13:37:04.320] [info] [ICNT] ICNT->MEM request 0GB/Sec,0
[2026-03-12 13:37:04.320] [info] [ICNT] ICNT<-MEM request 0GB/Sec,0
[2026-03-12 13:37:05.040] [info] Core [0] Tile Stats | Issued: 138 Running: 2 Finished: 136
[2026-03-12 13:37:05.040] [info] cycle: [5392000]
[2026-03-12 13:37:05.040] [info] Core [1] Tile Stats | Issued: 139 Running: 2 Finished: 137
[2026-03-12 13:37:05.040] [info] cycle: [5392000]
[2026-03-12 13:37:05.040] [info] Core [2] Tile Stats | Issued: 140 Running: 2 Finished: 138
[2026-03-12 13:37:05.040] [info] cycle: [5392000]
[2026-03-12 13:37:05.040] [info] Core [3] Tile Stats | Issued: 137 Running: 2 Finished: 135
[2026-03-12 13:37:05.040] [info] cycle: [5392000]
[2026-03-12 13:37:05.040] [info] [ICNT] Core->ICNT request 512GB/Sec,128000
[2026-03-12 13:37:05.040] [info] [ICNT] Core<-ICNT request 467GB/Sec,116897
[2026-03-12 13:37:05.040] [info] [ICNT] ICNT->MEM request 0GB/Sec,0
[2026-03-12 13:37:05.040] [info] [ICNT] ICNT<-MEM request 0GB/Sec,0
[2026-03-12 13:37:05.748] [info] Core [0] Tile Stats | Issued: 138 Running: 2 Finished: 136
[2026-03-12 13:37:05.748] [info] cycle: [5400000]
[2026-03-12 13:37:05.748] [info] Core [1] Tile Stats | Issued: 139 Running: 2 Finished: 137
[2026-03-12 13:37:05.748] [info] cycle: [5400000]
[2026-03-12 13:37:05.748] [info] Core [2] Tile Stats | Issued: 140 Running: 2 Finished: 138
[2026-03-12 13:37:05.748] [info] cycle: [5400000]
[2026-03-12 13:37:05.748] [info] Core [3] Tile Stats | Issued: 138 Running: 2 Finished: 136
[2026-03-12 13:37:05.748] [info] cycle: [5400000]
[2026-03-12 13:37:05.748] [info] [ICNT] Core->ICNT request 456GB/Sec,114224
[2026-03-12 13:37:05.748] [info] [ICNT] Core<-ICNT request 481GB/Sec,120312
[2026-03-12 13:37:05.748] [info] [ICNT] ICNT->MEM request 0GB/Sec,0
[2026-03-12 13:37:05.748] [info] [ICNT] ICNT<-MEM request 0GB/Sec,0
[2026-03-12 13:37:06.430] [info] Core [0] Tile Stats | Issued: 138 Running: 2 Finished: 136
[2026-03-12 13:37:06.430] [info] cycle: [5408000]
[2026-03-12 13:37:06.430] [info] Core [1] Tile Stats | Issued: 139 Running: 2 Finished: 137
[2026-03-12 13:37:06.430] [info] cycle: [5408000]
[2026-03-12 13:37:06.430] [info] Core [2] Tile Stats | Issued: 140 Running: 2 Finished: 138
[2026-03-12 13:37:06.430] [info] cycle: [5408000]
[2026-03-12 13:37:06.430] [info] Core [3] Tile Stats | Issued: 138 Running: 2 Finished: 136
[2026-03-12 13:37:06.430] [info] cycle: [5408000]
[2026-03-12 13:37:06.430] [info] [ICNT] Core->ICNT request 431GB/Sec,107920
[2026-03-12 13:37:06.430] [info] [ICNT] Core<-ICNT request 490GB/Sec,122677
[2026-03-12 13:37:06.430] [info] [ICNT] ICNT->MEM request 0GB/Sec,0
[2026-03-12 13:37:06.430] [info] [ICNT] ICNT<-MEM request 0GB/Sec,0
[2026-03-12 13:37:07.144] [info] Core [0] Tile Stats | Issued: 138 Running: 2 Finished: 136
[2026-03-12 13:37:07.144] [info] cycle: [5416000]
[2026-03-12 13:37:07.144] [info] Core [1] Tile Stats | Issued: 140 Running: 2 Finished: 138
[2026-03-12 13:37:07.144] [info] cycle: [5416000]
[2026-03-12 13:37:07.144] [info] Core [2] Tile Stats | Issued: 140 Running: 2 Finished: 138
[2026-03-12 13:37:07.144] [info] cycle: [5416000]
[2026-03-12 13:37:07.144] [info] Core [3] Tile Stats | Issued: 138 Running: 2 Finished: 136
[2026-03-12 13:37:07.144] [info] cycle: [5416000]
[2026-03-12 13:37:07.144] [info] [ICNT] Core->ICNT request 517GB/Sec,129280
[2026-03-12 13:37:07.144] [info] [ICNT] Core<-ICNT request 480GB/Sec,120035
[2026-03-12 13:37:07.144] [info] [ICNT] ICNT->MEM request 0GB/Sec,0
[2026-03-12 13:37:07.144] [info] [ICNT] ICNT<-MEM request 0GB/Sec,0
[2026-03-12 13:37:07.891] [info] Core [0] Tile Stats | Issued: 139 Running: 2 Finished: 137
[2026-03-12 13:37:07.891] [info] cycle: [5424000]
[2026-03-12 13:37:07.891] [info] Core [1] Tile Stats | Issued: 140 Running: 2 Finished: 138
[2026-03-12 13:37:07.891] [info] cycle: [5424000]
[2026-03-12 13:37:07.891] [info] Core [2] Tile Stats | Issued: 140 Running: 2 Finished: 138
[2026-03-12 13:37:07.891] [info] cycle: [5424000]
[2026-03-12 13:37:07.891] [info] Core [3] Tile Stats | Issued: 138 Running: 2 Finished: 136
[2026-03-12 13:37:07.891] [info] cycle: [5424000]
[2026-03-12 13:37:07.891] [info] [ICNT] Core->ICNT request 446GB/Sec,111632
[2026-03-12 13:37:07.891] [info] [ICNT] Core<-ICNT request 453GB/Sec,113486
[2026-03-12 13:37:07.891] [info] [ICNT] ICNT->MEM request 0GB/Sec,0
[2026-03-12 13:37:07.891] [info] [ICNT] ICNT<-MEM request 0GB/Sec,0
[2026-03-12 13:37:08.650] [info] Core [0] Tile Stats | Issued: 139 Running: 2 Finished: 137
[2026-03-12 13:37:08.650] [info] cycle: [5432000]
[2026-03-12 13:37:08.650] [info] Core [1] Tile Stats | Issued: 140 Running: 2 Finished: 138
[2026-03-12 13:37:08.650] [info] cycle: [5432000]
[2026-03-12 13:37:08.650] [info] Core [2] Tile Stats | Issued: 141 Running: 2 Finished: 139
[2026-03-12 13:37:08.650] [info] cycle: [5432000]
[2026-03-12 13:37:08.650] [info] Core [3] Tile Stats | Issued: 138 Running: 2 Finished: 136
[2026-03-12 13:37:08.650] [info] cycle: [5432000]
[2026-03-12 13:37:08.650] [info] [ICNT] Core->ICNT request 482GB/Sec,120688
[2026-03-12 13:37:08.650] [info] [ICNT] Core<-ICNT request 456GB/Sec,114206
[2026-03-12 13:37:08.650] [info] [ICNT] ICNT->MEM request 0GB/Sec,0
[2026-03-12 13:37:08.650] [info] [ICNT] ICNT<-MEM request 0GB/Sec,0
[2026-03-12 13:37:09.371] [info] Core [0] Tile Stats | Issued: 139 Running: 2 Finished: 137
[2026-03-12 13:37:09.371] [info] cycle: [5440000]
[2026-03-12 13:37:09.371] [info] Core [1] Tile Stats | Issued: 140 Running: 2 Finished: 138
[2026-03-12 13:37:09.371] [info] cycle: [5440000]
[2026-03-12 13:37:09.371] [info] Core [2] Tile Stats | Issued: 141 Running: 2 Finished: 139
[2026-03-12 13:37:09.371] [info] cycle: [5440000]
[2026-03-12 13:37:09.371] [info] Core [3] Tile Stats | Issued: 138 Running: 2 Finished: 136
[2026-03-12 13:37:09.371] [info] cycle: [5440000]
[2026-03-12 13:37:09.371] [info] [ICNT] Core->ICNT request 512GB/Sec,128000
[2026-03-12 13:37:09.371] [info] [ICNT] Core<-ICNT request 470GB/Sec,117609
[2026-03-12 13:37:09.371] [info] [ICNT] ICNT->MEM request 0GB/Sec,0
[2026-03-12 13:37:09.371] [info] [ICNT] ICNT<-MEM request 0GB/Sec,0
[2026-03-12 13:37:10.073] [info] Core [0] Tile Stats | Issued: 139 Running: 2 Finished: 137
[2026-03-12 13:37:10.073] [info] cycle: [5448000]
[2026-03-12 13:37:10.073] [info] Core [1] Tile Stats | Issued: 140 Running: 2 Finished: 138
[2026-03-12 13:37:10.073] [info] cycle: [5448000]
[2026-03-12 13:37:10.073] [info] Core [2] Tile Stats | Issued: 141 Running: 2 Finished: 139
[2026-03-12 13:37:10.073] [info] cycle: [5448000]
[2026-03-12 13:37:10.073] [info] Core [3] Tile Stats | Issued: 139 Running: 2 Finished: 137
[2026-03-12 13:37:10.073] [info] cycle: [5448000]
[2026-03-12 13:37:10.073] [info] [ICNT] Core->ICNT request 454GB/Sec,113728
[2026-03-12 13:37:10.073] [info] [ICNT] Core<-ICNT request 477GB/Sec,119352
[2026-03-12 13:37:10.073] [info] [ICNT] ICNT->MEM request 0GB/Sec,0
[2026-03-12 13:37:10.073] [info] [ICNT] ICNT<-MEM request 0GB/Sec,0
[2026-03-12 13:37:10.736] [info] Core [0] Tile Stats | Issued: 139 Running: 2 Finished: 137
[2026-03-12 13:37:10.736] [info] cycle: [5456000]
[2026-03-12 13:37:10.736] [info] Core [1] Tile Stats | Issued: 140 Running: 2 Finished: 138
[2026-03-12 13:37:10.736] [info] cycle: [5456000]
[2026-03-12 13:37:10.736] [info] Core [2] Tile Stats | Issued: 141 Running: 2 Finished: 139
[2026-03-12 13:37:10.736] [info] cycle: [5456000]
[2026-03-12 13:37:10.736] [info] Core [3] Tile Stats | Issued: 139 Running: 2 Finished: 137
[2026-03-12 13:37:10.736] [info] cycle: [5456000]
[2026-03-12 13:37:10.736] [info] [ICNT] Core->ICNT request 432GB/Sec,108096
[2026-03-12 13:37:10.736] [info] [ICNT] Core<-ICNT request 490GB/Sec,122623
[2026-03-12 13:37:10.736] [info] [ICNT] ICNT->MEM request 0GB/Sec,0
[2026-03-12 13:37:10.736] [info] [ICNT] ICNT<-MEM request 0GB/Sec,0
[2026-03-12 13:37:11.451] [info] Core [0] Tile Stats | Issued: 139 Running: 2 Finished: 137
[2026-03-12 13:37:11.451] [info] cycle: [5464000]
[2026-03-12 13:37:11.451] [info] Core [1] Tile Stats | Issued: 141 Running: 2 Finished: 139
[2026-03-12 13:37:11.451] [info] cycle: [5464000]
[2026-03-12 13:37:11.451] [info] Core [2] Tile Stats | Issued: 141 Running: 2 Finished: 139
[2026-03-12 13:37:11.451] [info] cycle: [5464000]
[2026-03-12 13:37:11.451] [info] Core [3] Tile Stats | Issued: 139 Running: 2 Finished: 137
[2026-03-12 13:37:11.451] [info] cycle: [5464000]
[2026-03-12 13:37:11.451] [info] [ICNT] Core->ICNT request 500GB/Sec,125200
[2026-03-12 13:37:11.451] [info] [ICNT] Core<-ICNT request 480GB/Sec,120043
[2026-03-12 13:37:11.451] [info] [ICNT] ICNT->MEM request 0GB/Sec,0
[2026-03-12 13:37:11.451] [info] [ICNT] ICNT<-MEM request 0GB/Sec,0
[2026-03-12 13:37:12.169] [info] Core [0] Tile Stats | Issued: 140 Running: 2 Finished: 138
[2026-03-12 13:37:12.169] [info] cycle: [5472000]
[2026-03-12 13:37:12.169] [info] Core [1] Tile Stats | Issued: 141 Running: 2 Finished: 139
[2026-03-12 13:37:12.169] [info] cycle: [5472000]
[2026-03-12 13:37:12.169] [info] Core [2] Tile Stats | Issued: 141 Running: 2 Finished: 139
[2026-03-12 13:37:12.169] [info] cycle: [5472000]
[2026-03-12 13:37:12.169] [info] Core [3] Tile Stats | Issued: 139 Running: 2 Finished: 137
[2026-03-12 13:37:12.169] [info] cycle: [5472000]
[2026-03-12 13:37:12.169] [info] [ICNT] Core->ICNT request 437GB/Sec,109392
[2026-03-12 13:37:12.169] [info] [ICNT] Core<-ICNT request 455GB/Sec,113999
[2026-03-12 13:37:12.169] [info] [ICNT] ICNT->MEM request 0GB/Sec,0
[2026-03-12 13:37:12.169] [info] [ICNT] ICNT<-MEM request 0GB/Sec,0
[2026-03-12 13:37:12.900] [info] Core [0] Tile Stats | Issued: 140 Running: 2 Finished: 138
[2026-03-12 13:37:12.901] [info] cycle: [5480000]
[2026-03-12 13:37:12.901] [info] Core [1] Tile Stats | Issued: 141 Running: 2 Finished: 139
[2026-03-12 13:37:12.901] [info] cycle: [5480000]
[2026-03-12 13:37:12.901] [info] Core [2] Tile Stats | Issued: 141 Running: 2 Finished: 139
[2026-03-12 13:37:12.901] [info] cycle: [5480000]
[2026-03-12 13:37:12.901] [info] Core [3] Tile Stats | Issued: 139 Running: 2 Finished: 137
[2026-03-12 13:37:12.901] [info] cycle: [5480000]
[2026-03-12 13:37:12.901] [info] [ICNT] Core->ICNT request 487GB/Sec,121920
[2026-03-12 13:37:12.901] [info] [ICNT] Core<-ICNT request 463GB/Sec,115829
[2026-03-12 13:37:12.901] [info] [ICNT] ICNT->MEM request 0GB/Sec,0
[2026-03-12 13:37:12.901] [info] [ICNT] ICNT<-MEM request 0GB/Sec,0
[2026-03-12 13:37:13.672] [info] Core [0] Tile Stats | Issued: 140 Running: 2 Finished: 138
[2026-03-12 13:37:13.672] [info] cycle: [5488000]
[2026-03-12 13:37:13.672] [info] Core [1] Tile Stats | Issued: 141 Running: 2 Finished: 139
[2026-03-12 13:37:13.672] [info] cycle: [5488000]
[2026-03-12 13:37:13.672] [info] Core [2] Tile Stats | Issued: 142 Running: 2 Finished: 140
[2026-03-12 13:37:13.672] [info] cycle: [5488000]
[2026-03-12 13:37:13.672] [info] Core [3] Tile Stats | Issued: 139 Running: 2 Finished: 137
[2026-03-12 13:37:13.672] [info] cycle: [5488000]
[2026-03-12 13:37:13.672] [info] [ICNT] Core->ICNT request 507GB/Sec,126800
[2026-03-12 13:37:13.672] [info] [ICNT] Core<-ICNT request 463GB/Sec,115799
[2026-03-12 13:37:13.672] [info] [ICNT] ICNT->MEM request 0GB/Sec,0
[2026-03-12 13:37:13.672] [info] [ICNT] ICNT<-MEM request 0GB/Sec,0
[2026-03-12 13:37:14.362] [info] Core [0] Tile Stats | Issued: 140 Running: 2 Finished: 138
[2026-03-12 13:37:14.362] [info] cycle: [5496000]
[2026-03-12 13:37:14.362] [info] Core [1] Tile Stats | Issued: 141 Running: 2 Finished: 139
[2026-03-12 13:37:14.362] [info] cycle: [5496000]
[2026-03-12 13:37:14.362] [info] Core [2] Tile Stats | Issued: 142 Running: 2 Finished: 140
[2026-03-12 13:37:14.362] [info] cycle: [5496000]
[2026-03-12 13:37:14.362] [info] Core [3] Tile Stats | Issued: 140 Running: 2 Finished: 138
[2026-03-12 13:37:14.362] [info] cycle: [5496000]
[2026-03-12 13:37:14.362] [info] [ICNT] Core->ICNT request 457GB/Sec,114352
[2026-03-12 13:37:14.362] [info] [ICNT] Core<-ICNT request 481GB/Sec,120304
[2026-03-12 13:37:14.362] [info] [ICNT] ICNT->MEM request 0GB/Sec,0
[2026-03-12 13:37:14.362] [info] [ICNT] ICNT<-MEM request 0GB/Sec,0
[2026-03-12 13:37:15.022] [info] Core [0] Tile Stats | Issued: 140 Running: 2 Finished: 138
[2026-03-12 13:37:15.022] [info] cycle: [5504000]
[2026-03-12 13:37:15.022] [info] Core [1] Tile Stats | Issued: 141 Running: 2 Finished: 139
[2026-03-12 13:37:15.022] [info] cycle: [5504000]
[2026-03-12 13:37:15.022] [info] Core [2] Tile Stats | Issued: 142 Running: 2 Finished: 140
[2026-03-12 13:37:15.022] [info] cycle: [5504000]
[2026-03-12 13:37:15.022] [info] Core [3] Tile Stats | Issued: 140 Running: 2 Finished: 138
[2026-03-12 13:37:15.022] [info] cycle: [5504000]
[2026-03-12 13:37:15.022] [info] [ICNT] Core->ICNT request 455GB/Sec,113760
[2026-03-12 13:37:15.022] [info] [ICNT] Core<-ICNT request 491GB/Sec,122778
[2026-03-12 13:37:15.022] [info] [ICNT] ICNT->MEM request 0GB/Sec,0
[2026-03-12 13:37:15.022] [info] [ICNT] ICNT<-MEM request 0GB/Sec,0
[2026-03-12 13:37:15.726] [info] Core [0] Tile Stats | Issued: 140 Running: 2 Finished: 138
[2026-03-12 13:37:15.726] [info] cycle: [5512000]
[2026-03-12 13:37:15.726] [info] Core [1] Tile Stats | Issued: 142 Running: 2 Finished: 140
[2026-03-12 13:37:15.726] [info] cycle: [5512000]
[2026-03-12 13:37:15.726] [info] Core [2] Tile Stats | Issued: 142 Running: 2 Finished: 140
[2026-03-12 13:37:15.726] [info] cycle: [5512000]
[2026-03-12 13:37:15.726] [info] Core [3] Tile Stats | Issued: 140 Running: 2 Finished: 138
[2026-03-12 13:37:15.726] [info] cycle: [5512000]
[2026-03-12 13:37:15.726] [info] [ICNT] Core->ICNT request 483GB/Sec,120752
[2026-03-12 13:37:15.726] [info] [ICNT] Core<-ICNT request 480GB/Sec,120105
[2026-03-12 13:37:15.726] [info] [ICNT] ICNT->MEM request 0GB/Sec,0
[2026-03-12 13:37:15.726] [info] [ICNT] ICNT<-MEM request 0GB/Sec,0
[2026-03-12 13:37:16.499] [info] Core [0] Tile Stats | Issued: 141 Running: 2 Finished: 139
[2026-03-12 13:37:16.499] [info] cycle: [5520000]
[2026-03-12 13:37:16.499] [info] Core [1] Tile Stats | Issued: 142 Running: 2 Finished: 140
[2026-03-12 13:37:16.499] [info] cycle: [5520000]
[2026-03-12 13:37:16.499] [info] Core [2] Tile Stats | Issued: 142 Running: 2 Finished: 140
[2026-03-12 13:37:16.499] [info] cycle: [5520000]
[2026-03-12 13:37:16.499] [info] Core [3] Tile Stats | Issued: 140 Running: 2 Finished: 138
[2026-03-12 13:37:16.499] [info] cycle: [5520000]
[2026-03-12 13:37:16.499] [info] [ICNT] Core->ICNT request 451GB/Sec,112832
[2026-03-12 13:37:16.499] [info] [ICNT] Core<-ICNT request 456GB/Sec,114158
[2026-03-12 13:37:16.499] [info] [ICNT] ICNT->MEM request 0GB/Sec,0
[2026-03-12 13:37:16.499] [info] [ICNT] ICNT<-MEM request 0GB/Sec,0
[2026-03-12 13:37:17.277] [info] Core [0] Tile Stats | Issued: 141 Running: 2 Finished: 139
[2026-03-12 13:37:17.277] [info] cycle: [5528000]
[2026-03-12 13:37:17.277] [info] Core [1] Tile Stats | Issued: 142 Running: 2 Finished: 140
[2026-03-12 13:37:17.277] [info] cycle: [5528000]
[2026-03-12 13:37:17.277] [info] Core [2] Tile Stats | Issued: 142 Running: 2 Finished: 140
[2026-03-12 13:37:17.277] [info] cycle: [5528000]
[2026-03-12 13:37:17.277] [info] Core [3] Tile Stats | Issued: 140 Running: 2 Finished: 138
[2026-03-12 13:37:17.277] [info] cycle: [5528000]
[2026-03-12 13:37:17.277] [info] [ICNT] Core->ICNT request 491GB/Sec,122928
[2026-03-12 13:37:17.277] [info] [ICNT] Core<-ICNT request 456GB/Sec,114013
[2026-03-12 13:37:17.277] [info] [ICNT] ICNT->MEM request 0GB/Sec,0
[2026-03-12 13:37:17.277] [info] [ICNT] ICNT<-MEM request 0GB/Sec,0
[2026-03-12 13:37:18.028] [info] Core [0] Tile Stats | Issued: 141 Running: 2 Finished: 139
[2026-03-12 13:37:18.028] [info] cycle: [5536000]
[2026-03-12 13:37:18.028] [info] Core [1] Tile Stats | Issued: 142 Running: 2 Finished: 140
[2026-03-12 13:37:18.028] [info] cycle: [5536000]
[2026-03-12 13:37:18.028] [info] Core [2] Tile Stats | Issued: 143 Running: 2 Finished: 141
[2026-03-12 13:37:18.028] [info] cycle: [5536000]
[2026-03-12 13:37:18.028] [info] Core [3] Tile Stats | Issued: 140 Running: 2 Finished: 138
[2026-03-12 13:37:18.028] [info] cycle: [5536000]
[2026-03-12 13:37:18.028] [info] [ICNT] Core->ICNT request 503GB/Sec,125968
[2026-03-12 13:37:18.028] [info] [ICNT] Core<-ICNT request 465GB/Sec,116441
[2026-03-12 13:37:18.028] [info] [ICNT] ICNT->MEM request 0GB/Sec,0
[2026-03-12 13:37:18.028] [info] [ICNT] ICNT<-MEM request 0GB/Sec,0
[2026-03-12 13:37:18.754] [info] Core [0] Tile Stats | Issued: 141 Running: 2 Finished: 139
[2026-03-12 13:37:18.754] [info] cycle: [5544000]
[2026-03-12 13:37:18.754] [info] Core [1] Tile Stats | Issued: 142 Running: 2 Finished: 140
[2026-03-12 13:37:18.754] [info] cycle: [5544000]
[2026-03-12 13:37:18.754] [info] Core [2] Tile Stats | Issued: 143 Running: 2 Finished: 141
[2026-03-12 13:37:18.754] [info] cycle: [5544000]
[2026-03-12 13:37:18.754] [info] Core [3] Tile Stats | Issued: 141 Running: 2 Finished: 139
[2026-03-12 13:37:18.754] [info] cycle: [5544000]
[2026-03-12 13:37:18.754] [info] [ICNT] Core->ICNT request 454GB/Sec,113696
[2026-03-12 13:37:18.754] [info] [ICNT] Core<-ICNT request 479GB/Sec,119787
[2026-03-12 13:37:18.754] [info] [ICNT] ICNT->MEM request 0GB/Sec,0
[2026-03-12 13:37:18.754] [info] [ICNT] ICNT<-MEM request 0GB/Sec,0
[2026-03-12 13:37:19.446] [info] Core [0] Tile Stats | Issued: 141 Running: 2 Finished: 139
[2026-03-12 13:37:19.446] [info] cycle: [5552000]
[2026-03-12 13:37:19.446] [info] Core [1] Tile Stats | Issued: 142 Running: 2 Finished: 140
[2026-03-12 13:37:19.446] [info] cycle: [5552000]
[2026-03-12 13:37:19.446] [info] Core [2] Tile Stats | Issued: 143 Running: 2 Finished: 141
[2026-03-12 13:37:19.446] [info] cycle: [5552000]
[2026-03-12 13:37:19.446] [info] Core [3] Tile Stats | Issued: 141 Running: 2 Finished: 139
[2026-03-12 13:37:19.446] [info] cycle: [5552000]
[2026-03-12 13:37:19.446] [info] [ICNT] Core->ICNT request 460GB/Sec,115248
[2026-03-12 13:37:19.446] [info] [ICNT] Core<-ICNT request 491GB/Sec,122790
[2026-03-12 13:37:19.446] [info] [ICNT] ICNT->MEM request 0GB/Sec,0
[2026-03-12 13:37:19.446] [info] [ICNT] ICNT<-MEM request 0GB/Sec,0
[2026-03-12 13:37:20.274] [info] Core [0] Tile Stats | Issued: 141 Running: 2 Finished: 139
[2026-03-12 13:37:20.274] [info] cycle: [5560000]
[2026-03-12 13:37:20.274] [info] Core [1] Tile Stats | Issued: 143 Running: 2 Finished: 141
[2026-03-12 13:37:20.274] [info] cycle: [5560000]
[2026-03-12 13:37:20.274] [info] Core [2] Tile Stats | Issued: 143 Running: 2 Finished: 141
[2026-03-12 13:37:20.274] [info] cycle: [5560000]
[2026-03-12 13:37:20.274] [info] Core [3] Tile Stats | Issued: 141 Running: 2 Finished: 139
[2026-03-12 13:37:20.274] [info] cycle: [5560000]
[2026-03-12 13:37:20.274] [info] [ICNT] Core->ICNT request 474GB/Sec,118576
[2026-03-12 13:37:20.274] [info] [ICNT] Core<-ICNT request 480GB/Sec,120162
[2026-03-12 13:37:20.274] [info] [ICNT] ICNT->MEM request 0GB/Sec,0
[2026-03-12 13:37:20.274] [info] [ICNT] ICNT<-MEM request 0GB/Sec,0
[2026-03-12 13:37:21.150] [info] Core [0] Tile Stats | Issued: 142 Running: 2 Finished: 140
[2026-03-12 13:37:21.151] [info] cycle: [5568000]
[2026-03-12 13:37:21.151] [info] Core [1] Tile Stats | Issued: 143 Running: 2 Finished: 141
[2026-03-12 13:37:21.151] [info] cycle: [5568000]
[2026-03-12 13:37:21.151] [info] Core [2] Tile Stats | Issued: 143 Running: 2 Finished: 141
[2026-03-12 13:37:21.151] [info] cycle: [5568000]
[2026-03-12 13:37:21.151] [info] Core [3] Tile Stats | Issued: 141 Running: 2 Finished: 139
[2026-03-12 13:37:21.151] [info] cycle: [5568000]
[2026-03-12 13:37:21.151] [info] [ICNT] Core->ICNT request 443GB/Sec,110976
[2026-03-12 13:37:21.151] [info] [ICNT] Core<-ICNT request 458GB/Sec,114529
[2026-03-12 13:37:21.151] [info] [ICNT] ICNT->MEM request 0GB/Sec,0
[2026-03-12 13:37:21.151] [info] [ICNT] ICNT<-MEM request 0GB/Sec,0
[2026-03-12 13:37:22.018] [info] Core [0] Tile Stats | Issued: 142 Running: 2 Finished: 140
[2026-03-12 13:37:22.018] [info] cycle: [5576000]
[2026-03-12 13:37:22.018] [info] Core [1] Tile Stats | Issued: 143 Running: 2 Finished: 141
[2026-03-12 13:37:22.018] [info] cycle: [5576000]
[2026-03-12 13:37:22.018] [info] Core [2] Tile Stats | Issued: 143 Running: 2 Finished: 141
[2026-03-12 13:37:22.018] [info] cycle: [5576000]
[2026-03-12 13:37:22.018] [info] Core [3] Tile Stats | Issued: 141 Running: 2 Finished: 139
[2026-03-12 13:37:22.018] [info] cycle: [5576000]
[2026-03-12 13:37:22.018] [info] [ICNT] Core->ICNT request 507GB/Sec,126960
[2026-03-12 13:37:22.018] [info] [ICNT] Core<-ICNT request 459GB/Sec,114909
[2026-03-12 13:37:22.018] [info] [ICNT] ICNT->MEM request 0GB/Sec,0
[2026-03-12 13:37:22.018] [info] [ICNT] ICNT<-MEM request 0GB/Sec,0
[2026-03-12 13:37:22.806] [info] Core [0] Tile Stats | Issued: 142 Running: 2 Finished: 140
[2026-03-12 13:37:22.806] [info] cycle: [5584000]
[2026-03-12 13:37:22.806] [info] Core [1] Tile Stats | Issued: 143 Running: 2 Finished: 141
[2026-03-12 13:37:22.806] [info] cycle: [5584000]
[2026-03-12 13:37:22.806] [info] Core [2] Tile Stats | Issued: 144 Running: 2 Finished: 142
[2026-03-12 13:37:22.806] [info] cycle: [5584000]
[2026-03-12 13:37:22.806] [info] Core [3] Tile Stats | Issued: 141 Running: 2 Finished: 139
[2026-03-12 13:37:22.806] [info] cycle: [5584000]
[2026-03-12 13:37:22.806] [info] [ICNT] Core->ICNT request 487GB/Sec,121920
[2026-03-12 13:37:22.806] [info] [ICNT] Core<-ICNT request 470GB/Sec,117657
[2026-03-12 13:37:22.806] [info] [ICNT] ICNT->MEM request 0GB/Sec,0
[2026-03-12 13:37:22.806] [info] [ICNT] ICNT<-MEM request 0GB/Sec,0
[2026-03-12 13:37:23.565] [info] Core [0] Tile Stats | Issued: 142 Running: 2 Finished: 140
[2026-03-12 13:37:23.565] [info] cycle: [5592000]
[2026-03-12 13:37:23.565] [info] Core [1] Tile Stats | Issued: 143 Running: 2 Finished: 141
[2026-03-12 13:37:23.565] [info] cycle: [5592000]
[2026-03-12 13:37:23.565] [info] Core [2] Tile Stats | Issued: 144 Running: 2 Finished: 142
[2026-03-12 13:37:23.565] [info] cycle: [5592000]
[2026-03-12 13:37:23.565] [info] Core [3] Tile Stats | Issued: 142 Running: 2 Finished: 140
[2026-03-12 13:37:23.565] [info] cycle: [5592000]
[2026-03-12 13:37:23.565] [info] [ICNT] Core->ICNT request 459GB/Sec,114960
[2026-03-12 13:37:23.565] [info] [ICNT] Core<-ICNT request 476GB/Sec,119031
[2026-03-12 13:37:23.565] [info] [ICNT] ICNT->MEM request 0GB/Sec,0
[2026-03-12 13:37:23.565] [info] [ICNT] ICNT<-MEM request 0GB/Sec,0
[2026-03-12 13:37:24.063] [info] HBM2-CH_0: BW utilization 72% (684147 reads, 12071 writes)
[2026-03-12 13:37:24.246] [info] Core [0] Tile Stats | Issued: 142 Running: 2 Finished: 140
[2026-03-12 13:37:24.246] [info] cycle: [5600000]
[2026-03-12 13:37:24.246] [info] Core [1] Tile Stats | Issued: 143 Running: 2 Finished: 141
[2026-03-12 13:37:24.246] [info] cycle: [5600000]
[2026-03-12 13:37:24.246] [info] Core [2] Tile Stats | Issued: 144 Running: 2 Finished: 142
[2026-03-12 13:37:24.246] [info] cycle: [5600000]
[2026-03-12 13:37:24.246] [info] Core [3] Tile Stats | Issued: 142 Running: 2 Finished: 140
[2026-03-12 13:37:24.246] [info] cycle: [5600000]
[2026-03-12 13:37:24.246] [info] [ICNT] Core->ICNT request 472GB/Sec,118032
[2026-03-12 13:37:24.246] [info] [ICNT] Core<-ICNT request 490GB/Sec,122614
[2026-03-12 13:37:24.246] [info] [ICNT] ICNT->MEM request 0GB/Sec,0
[2026-03-12 13:37:24.246] [info] [ICNT] ICNT<-MEM request 0GB/Sec,0
[2026-03-12 13:37:24.999] [info] Core [0] Tile Stats | Issued: 142 Running: 2 Finished: 140
[2026-03-12 13:37:24.999] [info] cycle: [5608000]
[2026-03-12 13:37:24.999] [info] Core [1] Tile Stats | Issued: 144 Running: 2 Finished: 142
[2026-03-12 13:37:24.999] [info] cycle: [5608000]
[2026-03-12 13:37:24.999] [info] Core [2] Tile Stats | Issued: 144 Running: 2 Finished: 142
[2026-03-12 13:37:24.999] [info] cycle: [5608000]
[2026-03-12 13:37:24.999] [info] Core [3] Tile Stats | Issued: 142 Running: 2 Finished: 140
[2026-03-12 13:37:24.999] [info] cycle: [5608000]
[2026-03-12 13:37:24.999] [info] [ICNT] Core->ICNT request 462GB/Sec,115744
[2026-03-12 13:37:25.000] [info] [ICNT] Core<-ICNT request 480GB/Sec,120095
[2026-03-12 13:37:25.000] [info] [ICNT] ICNT->MEM request 0GB/Sec,0
[2026-03-12 13:37:25.000] [info] [ICNT] ICNT<-MEM request 0GB/Sec,0
[2026-03-12 13:37:25.739] [info] Core [0] Tile Stats | Issued: 143 Running: 2 Finished: 141
[2026-03-12 13:37:25.739] [info] cycle: [5616000]
[2026-03-12 13:37:25.739] [info] Core [1] Tile Stats | Issued: 144 Running: 2 Finished: 142
[2026-03-12 13:37:25.739] [info] cycle: [5616000]
[2026-03-12 13:37:25.739] [info] Core [2] Tile Stats | Issued: 144 Running: 2 Finished: 142
[2026-03-12 13:37:25.739] [info] cycle: [5616000]
[2026-03-12 13:37:25.739] [info] Core [3] Tile Stats | Issued: 142 Running: 2 Finished: 140
[2026-03-12 13:37:25.739] [info] cycle: [5616000]
[2026-03-12 13:37:25.739] [info] [ICNT] Core->ICNT request 440GB/Sec,110064
[2026-03-12 13:37:25.739] [info] [ICNT] Core<-ICNT request 454GB/Sec,113552
[2026-03-12 13:37:25.739] [info] [ICNT] ICNT->MEM request 0GB/Sec,0
[2026-03-12 13:37:25.739] [info] [ICNT] ICNT<-MEM request 0GB/Sec,0
[2026-03-12 13:37:26.497] [info] Core [0] Tile Stats | Issued: 143 Running: 2 Finished: 141
[2026-03-12 13:37:26.497] [info] cycle: [5624000]
[2026-03-12 13:37:26.497] [info] Core [1] Tile Stats | Issued: 144 Running: 2 Finished: 142
[2026-03-12 13:37:26.497] [info] cycle: [5624000]
[2026-03-12 13:37:26.497] [info] Core [2] Tile Stats | Issued: 144 Running: 2 Finished: 142
[2026-03-12 13:37:26.497] [info] cycle: [5624000]
[2026-03-12 13:37:26.497] [info] Core [3] Tile Stats | Issued: 142 Running: 2 Finished: 140
[2026-03-12 13:37:26.497] [info] cycle: [5624000]
[2026-03-12 13:37:26.497] [info] [ICNT] Core->ICNT request 512GB/Sec,128000
[2026-03-12 13:37:26.497] [info] [ICNT] Core<-ICNT request 461GB/Sec,115353
[2026-03-12 13:37:26.497] [info] [ICNT] ICNT->MEM request 0GB/Sec,0
[2026-03-12 13:37:26.497] [info] [ICNT] ICNT<-MEM request 0GB/Sec,0
[2026-03-12 13:37:27.260] [info] Core [0] Tile Stats | Issued: 143 Running: 2 Finished: 141
[2026-03-12 13:37:27.260] [info] cycle: [5632000]
[2026-03-12 13:37:27.260] [info] Core [1] Tile Stats | Issued: 144 Running: 2 Finished: 142
[2026-03-12 13:37:27.260] [info] cycle: [5632000]
[2026-03-12 13:37:27.260] [info] Core [2] Tile Stats | Issued: 145 Running: 2 Finished: 143
[2026-03-12 13:37:27.260] [info] cycle: [5632000]
[2026-03-12 13:37:27.260] [info] Core [3] Tile Stats | Issued: 142 Running: 2 Finished: 140
[2026-03-12 13:37:27.260] [info] cycle: [5632000]
[2026-03-12 13:37:27.260] [info] [ICNT] Core->ICNT request 482GB/Sec,120720
[2026-03-12 13:37:27.260] [info] [ICNT] Core<-ICNT request 466GB/Sec,116513
[2026-03-12 13:37:27.260] [info] [ICNT] ICNT->MEM request 0GB/Sec,0
[2026-03-12 13:37:27.260] [info] [ICNT] ICNT<-MEM request 0GB/Sec,0
[2026-03-12 13:37:27.999] [info] Core [0] Tile Stats | Issued: 143 Running: 2 Finished: 141
[2026-03-12 13:37:27.999] [info] cycle: [5640000]
[2026-03-12 13:37:27.999] [info] Core [1] Tile Stats | Issued: 144 Running: 2 Finished: 142
[2026-03-12 13:37:27.999] [info] cycle: [5640000]
[2026-03-12 13:37:27.999] [info] Core [2] Tile Stats | Issued: 145 Running: 2 Finished: 143
[2026-03-12 13:37:27.999] [info] cycle: [5640000]
[2026-03-12 13:37:27.999] [info] Core [3] Tile Stats | Issued: 143 Running: 2 Finished: 141
[2026-03-12 13:37:27.999] [info] cycle: [5640000]
[2026-03-12 13:37:27.999] [info] [ICNT] Core->ICNT request 446GB/Sec,111712
[2026-03-12 13:37:27.999] [info] [ICNT] Core<-ICNT request 476GB/Sec,119162
[2026-03-12 13:37:27.999] [info] [ICNT] ICNT->MEM request 0GB/Sec,0
[2026-03-12 13:37:27.999] [info] [ICNT] ICNT<-MEM request 0GB/Sec,0
[2026-03-12 13:37:28.670] [info] Core [0] Tile Stats | Issued: 143 Running: 2 Finished: 141
[2026-03-12 13:37:28.670] [info] cycle: [5648000]
[2026-03-12 13:37:28.670] [info] Core [1] Tile Stats | Issued: 144 Running: 2 Finished: 142
[2026-03-12 13:37:28.670] [info] cycle: [5648000]
[2026-03-12 13:37:28.670] [info] Core [2] Tile Stats | Issued: 145 Running: 2 Finished: 143
[2026-03-12 13:37:28.670] [info] cycle: [5648000]
[2026-03-12 13:37:28.670] [info] Core [3] Tile Stats | Issued: 143 Running: 2 Finished: 141
[2026-03-12 13:37:28.670] [info] cycle: [5648000]
[2026-03-12 13:37:28.670] [info] [ICNT] Core->ICNT request 500GB/Sec,125184
[2026-03-12 13:37:28.670] [info] [ICNT] Core<-ICNT request 491GB/Sec,122781
[2026-03-12 13:37:28.670] [info] [ICNT] ICNT->MEM request 0GB/Sec,0
[2026-03-12 13:37:28.670] [info] [ICNT] ICNT<-MEM request 0GB/Sec,0
[2026-03-12 13:37:29.405] [info] Core [0] Tile Stats | Issued: 143 Running: 2 Finished: 141
[2026-03-12 13:37:29.405] [info] cycle: [5656000]
[2026-03-12 13:37:29.405] [info] Core [1] Tile Stats | Issued: 145 Running: 2 Finished: 143
[2026-03-12 13:37:29.405] [info] cycle: [5656000]
[2026-03-12 13:37:29.405] [info] Core [2] Tile Stats | Issued: 145 Running: 2 Finished: 143
[2026-03-12 13:37:29.405] [info] cycle: [5656000]
[2026-03-12 13:37:29.405] [info] Core [3] Tile Stats | Issued: 143 Running: 2 Finished: 141
[2026-03-12 13:37:29.405] [info] cycle: [5656000]
[2026-03-12 13:37:29.405] [info] [ICNT] Core->ICNT request 441GB/Sec,110288
[2026-03-12 13:37:29.405] [info] [ICNT] Core<-ICNT request 480GB/Sec,120131
[2026-03-12 13:37:29.405] [info] [ICNT] ICNT->MEM request 0GB/Sec,0
[2026-03-12 13:37:29.405] [info] [ICNT] ICNT<-MEM request 0GB/Sec,0
[2026-03-12 13:37:30.142] [info] Core [0] Tile Stats | Issued: 144 Running: 2 Finished: 142
[2026-03-12 13:37:30.142] [info] cycle: [5664000]
[2026-03-12 13:37:30.142] [info] Core [1] Tile Stats | Issued: 145 Running: 2 Finished: 143
[2026-03-12 13:37:30.142] [info] cycle: [5664000]
[2026-03-12 13:37:30.142] [info] Core [2] Tile Stats | Issued: 145 Running: 2 Finished: 143
[2026-03-12 13:37:30.142] [info] cycle: [5664000]
[2026-03-12 13:37:30.142] [info] Core [3] Tile Stats | Issued: 143 Running: 2 Finished: 141
[2026-03-12 13:37:30.142] [info] cycle: [5664000]
[2026-03-12 13:37:30.142] [info] [ICNT] Core->ICNT request 445GB/Sec,111408
[2026-03-12 13:37:30.142] [info] [ICNT] Core<-ICNT request 458GB/Sec,114568
[2026-03-12 13:37:30.142] [info] [ICNT] ICNT->MEM request 0GB/Sec,0
[2026-03-12 13:37:30.142] [info] [ICNT] ICNT<-MEM request 0GB/Sec,0
[2026-03-12 13:37:30.927] [info] Core [0] Tile Stats | Issued: 144 Running: 2 Finished: 142
[2026-03-12 13:37:30.927] [info] cycle: [5672000]
[2026-03-12 13:37:30.927] [info] Core [1] Tile Stats | Issued: 145 Running: 2 Finished: 143
[2026-03-12 13:37:30.927] [info] cycle: [5672000]
[2026-03-12 13:37:30.927] [info] Core [2] Tile Stats | Issued: 145 Running: 2 Finished: 143
[2026-03-12 13:37:30.927] [info] cycle: [5672000]
[2026-03-12 13:37:30.927] [info] Core [3] Tile Stats | Issued: 143 Running: 2 Finished: 141
[2026-03-12 13:37:30.927] [info] cycle: [5672000]
[2026-03-12 13:37:30.927] [info] [ICNT] Core->ICNT request 512GB/Sec,128000
[2026-03-12 13:37:30.927] [info] [ICNT] Core<-ICNT request 466GB/Sec,116638
[2026-03-12 13:37:30.927] [info] [ICNT] ICNT->MEM request 0GB/Sec,0
[2026-03-12 13:37:30.927] [info] [ICNT] ICNT<-MEM request 0GB/Sec,0
[2026-03-12 13:37:31.740] [info] Core [0] Tile Stats | Issued: 144 Running: 2 Finished: 142
[2026-03-12 13:37:31.740] [info] cycle: [5680000]
[2026-03-12 13:37:31.740] [info] Core [1] Tile Stats | Issued: 145 Running: 2 Finished: 143
[2026-03-12 13:37:31.740] [info] cycle: [5680000]
[2026-03-12 13:37:31.740] [info] Core [2] Tile Stats | Issued: 146 Running: 2 Finished: 144
[2026-03-12 13:37:31.740] [info] cycle: [5680000]
[2026-03-12 13:37:31.740] [info] Core [3] Tile Stats | Issued: 143 Running: 2 Finished: 141
[2026-03-12 13:37:31.740] [info] cycle: [5680000]
[2026-03-12 13:37:31.740] [info] [ICNT] Core->ICNT request 483GB/Sec,120864
[2026-03-12 13:37:31.740] [info] [ICNT] Core<-ICNT request 461GB/Sec,115418
[2026-03-12 13:37:31.740] [info] [ICNT] ICNT->MEM request 0GB/Sec,0
[2026-03-12 13:37:31.740] [info] [ICNT] ICNT<-MEM request 0GB/Sec,0
[2026-03-12 13:37:32.462] [info] Core [0] Tile Stats | Issued: 144 Running: 2 Finished: 142
[2026-03-12 13:37:32.462] [info] cycle: [5688000]
[2026-03-12 13:37:32.462] [info] Core [1] Tile Stats | Issued: 145 Running: 2 Finished: 143
[2026-03-12 13:37:32.462] [info] cycle: [5688000]
[2026-03-12 13:37:32.462] [info] Core [2] Tile Stats | Issued: 146 Running: 2 Finished: 144
[2026-03-12 13:37:32.462] [info] cycle: [5688000]
[2026-03-12 13:37:32.462] [info] Core [3] Tile Stats | Issued: 144 Running: 2 Finished: 142
[2026-03-12 13:37:32.462] [info] cycle: [5688000]
[2026-03-12 13:37:32.462] [info] [ICNT] Core->ICNT request 455GB/Sec,113760
[2026-03-12 13:37:32.462] [info] [ICNT] Core<-ICNT request 476GB/Sec,119105
[2026-03-12 13:37:32.462] [info] [ICNT] ICNT->MEM request 0GB/Sec,0
[2026-03-12 13:37:32.462] [info] [ICNT] ICNT<-MEM request 0GB/Sec,0
[2026-03-12 13:37:33.112] [info] Core [0] Tile Stats | Issued: 144 Running: 2 Finished: 142
[2026-03-12 13:37:33.112] [info] cycle: [5696000]
[2026-03-12 13:37:33.112] [info] Core [1] Tile Stats | Issued: 145 Running: 2 Finished: 143
[2026-03-12 13:37:33.112] [info] cycle: [5696000]
[2026-03-12 13:37:33.112] [info] Core [2] Tile Stats | Issued: 146 Running: 2 Finished: 144
[2026-03-12 13:37:33.112] [info] cycle: [5696000]
[2026-03-12 13:37:33.112] [info] Core [3] Tile Stats | Issued: 144 Running: 2 Finished: 142
[2026-03-12 13:37:33.112] [info] cycle: [5696000]
[2026-03-12 13:37:33.112] [info] [ICNT] Core->ICNT request 508GB/Sec,127104
[2026-03-12 13:37:33.112] [info] [ICNT] Core<-ICNT request 490GB/Sec,122724
[2026-03-12 13:37:33.112] [info] [ICNT] ICNT->MEM request 0GB/Sec,0
[2026-03-12 13:37:33.112] [info] [ICNT] ICNT<-MEM request 0GB/Sec,0
[2026-03-12 13:37:33.879] [info] Core [0] Tile Stats | Issued: 144 Running: 2 Finished: 142
[2026-03-12 13:37:33.879] [info] cycle: [5704000]
[2026-03-12 13:37:33.879] [info] Core [1] Tile Stats | Issued: 146 Running: 2 Finished: 144
[2026-03-12 13:37:33.879] [info] cycle: [5704000]
[2026-03-12 13:37:33.879] [info] Core [2] Tile Stats | Issued: 146 Running: 2 Finished: 144
[2026-03-12 13:37:33.879] [info] cycle: [5704000]
[2026-03-12 13:37:33.879] [info] Core [3] Tile Stats | Issued: 144 Running: 2 Finished: 142
[2026-03-12 13:37:33.879] [info] cycle: [5704000]
[2026-03-12 13:37:33.879] [info] [ICNT] Core->ICNT request 445GB/Sec,111328
[2026-03-12 13:37:33.879] [info] [ICNT] Core<-ICNT request 479GB/Sec,119924
[2026-03-12 13:37:33.879] [info] [ICNT] ICNT->MEM request 0GB/Sec,0
[2026-03-12 13:37:33.879] [info] [ICNT] ICNT<-MEM request 0GB/Sec,0
[2026-03-12 13:37:34.630] [info] Core [0] Tile Stats | Issued: 145 Running: 2 Finished: 143
[2026-03-12 13:37:34.630] [info] cycle: [5712000]
[2026-03-12 13:37:34.630] [info] Core [1] Tile Stats | Issued: 146 Running: 2 Finished: 144
[2026-03-12 13:37:34.630] [info] cycle: [5712000]
[2026-03-12 13:37:34.630] [info] Core [2] Tile Stats | Issued: 146 Running: 2 Finished: 144
[2026-03-12 13:37:34.630] [info] cycle: [5712000]
[2026-03-12 13:37:34.630] [info] Core [3] Tile Stats | Issued: 144 Running: 2 Finished: 142
[2026-03-12 13:37:34.630] [info] cycle: [5712000]
[2026-03-12 13:37:34.630] [info] [ICNT] Core->ICNT request 444GB/Sec,111040
[2026-03-12 13:37:34.630] [info] [ICNT] Core<-ICNT request 460GB/Sec,115207
[2026-03-12 13:37:34.630] [info] [ICNT] ICNT->MEM request 0GB/Sec,0
[2026-03-12 13:37:34.630] [info] [ICNT] ICNT<-MEM request 0GB/Sec,0
[2026-03-12 13:37:35.406] [info] Core [0] Tile Stats | Issued: 145 Running: 2 Finished: 143
[2026-03-12 13:37:35.406] [info] cycle: [5720000]
[2026-03-12 13:37:35.406] [info] Core [1] Tile Stats | Issued: 146 Running: 2 Finished: 144
[2026-03-12 13:37:35.406] [info] cycle: [5720000]
[2026-03-12 13:37:35.406] [info] Core [2] Tile Stats | Issued: 146 Running: 2 Finished: 144
[2026-03-12 13:37:35.406] [info] cycle: [5720000]
[2026-03-12 13:37:35.406] [info] Core [3] Tile Stats | Issued: 144 Running: 2 Finished: 142
[2026-03-12 13:37:35.406] [info] cycle: [5720000]
[2026-03-12 13:37:35.406] [info] [ICNT] Core->ICNT request 512GB/Sec,128000
[2026-03-12 13:37:35.406] [info] [ICNT] Core<-ICNT request 461GB/Sec,115306
[2026-03-12 13:37:35.406] [info] [ICNT] ICNT->MEM request 0GB/Sec,0
[2026-03-12 13:37:35.406] [info] [ICNT] ICNT<-MEM request 0GB/Sec,0
[2026-03-12 13:37:36.133] [info] Core [0] Tile Stats | Issued: 145 Running: 2 Finished: 143
[2026-03-12 13:37:36.133] [info] cycle: [5728000]
[2026-03-12 13:37:36.133] [info] Core [1] Tile Stats | Issued: 146 Running: 2 Finished: 144
[2026-03-12 13:37:36.133] [info] cycle: [5728000]
[2026-03-12 13:37:36.133] [info] Core [2] Tile Stats | Issued: 147 Running: 2 Finished: 145
[2026-03-12 13:37:36.133] [info] cycle: [5728000]
[2026-03-12 13:37:36.133] [info] Core [3] Tile Stats | Issued: 144 Running: 2 Finished: 142
[2026-03-12 13:37:36.133] [info] cycle: [5728000]
[2026-03-12 13:37:36.133] [info] [ICNT] Core->ICNT request 482GB/Sec,120720
[2026-03-12 13:37:36.133] [info] [ICNT] Core<-ICNT request 463GB/Sec,115971
[2026-03-12 13:37:36.133] [info] [ICNT] ICNT->MEM request 0GB/Sec,0
[2026-03-12 13:37:36.133] [info] [ICNT] ICNT<-MEM request 0GB/Sec,0
[2026-03-12 13:37:36.894] [info] Core [0] Tile Stats | Issued: 145 Running: 2 Finished: 143
[2026-03-12 13:37:36.894] [info] cycle: [5736000]
[2026-03-12 13:37:36.894] [info] Core [1] Tile Stats | Issued: 146 Running: 2 Finished: 144
[2026-03-12 13:37:36.894] [info] cycle: [5736000]
[2026-03-12 13:37:36.894] [info] Core [2] Tile Stats | Issued: 147 Running: 2 Finished: 145
[2026-03-12 13:37:36.894] [info] cycle: [5736000]
[2026-03-12 13:37:36.894] [info] Core [3] Tile Stats | Issued: 145 Running: 2 Finished: 143
[2026-03-12 13:37:36.894] [info] cycle: [5736000]
[2026-03-12 13:37:36.894] [info] [ICNT] Core->ICNT request 454GB/Sec,113680
[2026-03-12 13:37:36.894] [info] [ICNT] Core<-ICNT request 475GB/Sec,118854
[2026-03-12 13:37:36.894] [info] [ICNT] ICNT->MEM request 0GB/Sec,0
[2026-03-12 13:37:36.894] [info] [ICNT] ICNT<-MEM request 0GB/Sec,0
[2026-03-12 13:37:37.570] [info] Core [0] Tile Stats | Issued: 145 Running: 2 Finished: 143
[2026-03-12 13:37:37.570] [info] cycle: [5744000]
[2026-03-12 13:37:37.570] [info] Core [1] Tile Stats | Issued: 146 Running: 2 Finished: 144
[2026-03-12 13:37:37.570] [info] cycle: [5744000]
[2026-03-12 13:37:37.570] [info] Core [2] Tile Stats | Issued: 147 Running: 2 Finished: 145
[2026-03-12 13:37:37.570] [info] cycle: [5744000]
[2026-03-12 13:37:37.570] [info] Core [3] Tile Stats | Issued: 145 Running: 2 Finished: 143
[2026-03-12 13:37:37.570] [info] cycle: [5744000]
[2026-03-12 13:37:37.570] [info] [ICNT] Core->ICNT request 506GB/Sec,126656
[2026-03-12 13:37:37.570] [info] [ICNT] Core<-ICNT request 490GB/Sec,122745
[2026-03-12 13:37:37.570] [info] [ICNT] ICNT->MEM request 0GB/Sec,0
[2026-03-12 13:37:37.570] [info] [ICNT] ICNT<-MEM request 0GB/Sec,0
[2026-03-12 13:37:38.282] [info] Core [0] Tile Stats | Issued: 145 Running: 2 Finished: 143
[2026-03-12 13:37:38.282] [info] cycle: [5752000]
[2026-03-12 13:37:38.282] [info] Core [1] Tile Stats | Issued: 147 Running: 2 Finished: 145
[2026-03-12 13:37:38.282] [info] cycle: [5752000]
[2026-03-12 13:37:38.282] [info] Core [2] Tile Stats | Issued: 147 Running: 2 Finished: 145
[2026-03-12 13:37:38.282] [info] cycle: [5752000]
[2026-03-12 13:37:38.282] [info] Core [3] Tile Stats | Issued: 145 Running: 2 Finished: 143
[2026-03-12 13:37:38.282] [info] cycle: [5752000]
[2026-03-12 13:37:38.282] [info] [ICNT] Core->ICNT request 430GB/Sec,107584
[2026-03-12 13:37:38.282] [info] [ICNT] Core<-ICNT request 476GB/Sec,119241
[2026-03-12 13:37:38.282] [info] [ICNT] ICNT->MEM request 0GB/Sec,0
[2026-03-12 13:37:38.282] [info] [ICNT] ICNT<-MEM request 0GB/Sec,0
[2026-03-12 13:37:39.044] [info] Core [0] Tile Stats | Issued: 146 Running: 2 Finished: 144
[2026-03-12 13:37:39.044] [info] cycle: [5760000]
[2026-03-12 13:37:39.044] [info] Core [1] Tile Stats | Issued: 147 Running: 2 Finished: 145
[2026-03-12 13:37:39.044] [info] cycle: [5760000]
[2026-03-12 13:37:39.044] [info] Core [2] Tile Stats | Issued: 147 Running: 2 Finished: 145
[2026-03-12 13:37:39.044] [info] cycle: [5760000]
[2026-03-12 13:37:39.044] [info] Core [3] Tile Stats | Issued: 145 Running: 2 Finished: 143
[2026-03-12 13:37:39.044] [info] cycle: [5760000]
[2026-03-12 13:37:39.044] [info] [ICNT] Core->ICNT request 444GB/Sec,111072
[2026-03-12 13:37:39.044] [info] [ICNT] Core<-ICNT request 463GB/Sec,115989
[2026-03-12 13:37:39.044] [info] [ICNT] ICNT->MEM request 0GB/Sec,0
[2026-03-12 13:37:39.044] [info] [ICNT] ICNT<-MEM request 0GB/Sec,0
[2026-03-12 13:37:39.849] [info] Core [0] Tile Stats | Issued: 146 Running: 2 Finished: 144
[2026-03-12 13:37:39.849] [info] cycle: [5768000]
[2026-03-12 13:37:39.849] [info] Core [1] Tile Stats | Issued: 147 Running: 2 Finished: 145
[2026-03-12 13:37:39.849] [info] cycle: [5768000]
[2026-03-12 13:37:39.849] [info] Core [2] Tile Stats | Issued: 147 Running: 2 Finished: 145
[2026-03-12 13:37:39.849] [info] cycle: [5768000]
[2026-03-12 13:37:39.849] [info] Core [3] Tile Stats | Issued: 145 Running: 2 Finished: 143
[2026-03-12 13:37:39.849] [info] cycle: [5768000]
[2026-03-12 13:37:39.849] [info] [ICNT] Core->ICNT request 512GB/Sec,128000
[2026-03-12 13:37:39.849] [info] [ICNT] Core<-ICNT request 459GB/Sec,114843
[2026-03-12 13:37:39.849] [info] [ICNT] ICNT->MEM request 0GB/Sec,0
[2026-03-12 13:37:39.849] [info] [ICNT] ICNT<-MEM request 0GB/Sec,0
[2026-03-12 13:37:40.612] [info] Core [0] Tile Stats | Issued: 146 Running: 2 Finished: 144
[2026-03-12 13:37:40.613] [info] cycle: [5776000]
[2026-03-12 13:37:40.613] [info] Core [1] Tile Stats | Issued: 147 Running: 2 Finished: 145
[2026-03-12 13:37:40.613] [info] cycle: [5776000]
[2026-03-12 13:37:40.613] [info] Core [2] Tile Stats | Issued: 148 Running: 2 Finished: 146
[2026-03-12 13:37:40.613] [info] cycle: [5776000]
[2026-03-12 13:37:40.613] [info] Core [3] Tile Stats | Issued: 145 Running: 2 Finished: 143
[2026-03-12 13:37:40.613] [info] cycle: [5776000]
[2026-03-12 13:37:40.613] [info] [ICNT] Core->ICNT request 482GB/Sec,120704
[2026-03-12 13:37:40.613] [info] [ICNT] Core<-ICNT request 466GB/Sec,116724
[2026-03-12 13:37:40.613] [info] [ICNT] ICNT->MEM request 0GB/Sec,0
[2026-03-12 13:37:40.613] [info] [ICNT] ICNT<-MEM request 0GB/Sec,0
[2026-03-12 13:37:41.339] [info] Core [0] Tile Stats | Issued: 146 Running: 2 Finished: 144
[2026-03-12 13:37:41.339] [info] cycle: [5784000]
[2026-03-12 13:37:41.339] [info] Core [1] Tile Stats | Issued: 147 Running: 2 Finished: 145
[2026-03-12 13:37:41.339] [info] cycle: [5784000]
[2026-03-12 13:37:41.339] [info] Core [2] Tile Stats | Issued: 148 Running: 2 Finished: 146
[2026-03-12 13:37:41.339] [info] cycle: [5784000]
[2026-03-12 13:37:41.339] [info] Core [3] Tile Stats | Issued: 146 Running: 2 Finished: 144
[2026-03-12 13:37:41.339] [info] cycle: [5784000]
[2026-03-12 13:37:41.339] [info] [ICNT] Core->ICNT request 456GB/Sec,114080
[2026-03-12 13:37:41.339] [info] [ICNT] Core<-ICNT request 475GB/Sec,118850
[2026-03-12 13:37:41.339] [info] [ICNT] ICNT->MEM request 0GB/Sec,0
[2026-03-12 13:37:41.339] [info] [ICNT] ICNT<-MEM request 0GB/Sec,0
[2026-03-12 13:37:42.038] [info] Core [0] Tile Stats | Issued: 146 Running: 2 Finished: 144
[2026-03-12 13:37:42.038] [info] cycle: [5792000]
[2026-03-12 13:37:42.038] [info] Core [1] Tile Stats | Issued: 147 Running: 2 Finished: 145
[2026-03-12 13:37:42.038] [info] cycle: [5792000]
[2026-03-12 13:37:42.038] [info] Core [2] Tile Stats | Issued: 148 Running: 2 Finished: 146
[2026-03-12 13:37:42.038] [info] cycle: [5792000]
[2026-03-12 13:37:42.038] [info] Core [3] Tile Stats | Issued: 146 Running: 2 Finished: 144
[2026-03-12 13:37:42.038] [info] cycle: [5792000]
[2026-03-12 13:37:42.038] [info] [ICNT] Core->ICNT request 518GB/Sec,129600
[2026-03-12 13:37:42.038] [info] [ICNT] Core<-ICNT request 490GB/Sec,122666
[2026-03-12 13:37:42.038] [info] [ICNT] ICNT->MEM request 0GB/Sec,0
[2026-03-12 13:37:42.038] [info] [ICNT] ICNT<-MEM request 0GB/Sec,0
[2026-03-12 13:37:42.792] [info] Core [0] Tile Stats | Issued: 146 Running: 2 Finished: 144
[2026-03-12 13:37:42.792] [info] cycle: [5800000]
[2026-03-12 13:37:42.792] [info] Core [1] Tile Stats | Issued: 148 Running: 2 Finished: 146
[2026-03-12 13:37:42.792] [info] cycle: [5800000]
[2026-03-12 13:37:42.792] [info] Core [2] Tile Stats | Issued: 148 Running: 2 Finished: 146
[2026-03-12 13:37:42.792] [info] cycle: [5800000]
[2026-03-12 13:37:42.792] [info] Core [3] Tile Stats | Issued: 146 Running: 2 Finished: 144
[2026-03-12 13:37:42.792] [info] cycle: [5800000]
[2026-03-12 13:37:42.792] [info] [ICNT] Core->ICNT request 408GB/Sec,102128
[2026-03-12 13:37:42.792] [info] [ICNT] Core<-ICNT request 479GB/Sec,119894
[2026-03-12 13:37:42.792] [info] [ICNT] ICNT->MEM request 0GB/Sec,0
[2026-03-12 13:37:42.792] [info] [ICNT] ICNT<-MEM request 0GB/Sec,0
[2026-03-12 13:37:43.473] [info] Core [0] Tile Stats | Issued: 146 Running: 1 Finished: 145
[2026-03-12 13:37:43.473] [info] cycle: [5808000]
[2026-03-12 13:37:43.473] [info] Core [1] Tile Stats | Issued: 148 Running: 2 Finished: 146
[2026-03-12 13:37:43.473] [info] cycle: [5808000]
[2026-03-12 13:37:43.473] [info] Core [2] Tile Stats | Issued: 148 Running: 2 Finished: 146
[2026-03-12 13:37:43.473] [info] cycle: [5808000]
[2026-03-12 13:37:43.473] [info] Core [3] Tile Stats | Issued: 146 Running: 2 Finished: 144
[2026-03-12 13:37:43.473] [info] cycle: [5808000]
[2026-03-12 13:37:43.473] [info] [ICNT] Core->ICNT request 314GB/Sec,78512
[2026-03-12 13:37:43.473] [info] [ICNT] Core<-ICNT request 459GB/Sec,114975
[2026-03-12 13:37:43.473] [info] [ICNT] ICNT->MEM request 0GB/Sec,0
[2026-03-12 13:37:43.473] [info] [ICNT] ICNT<-MEM request 0GB/Sec,0
[2026-03-12 13:37:44.246] [info] Core [0] Tile Stats | Issued: 146 Running: 1 Finished: 145
[2026-03-12 13:37:44.246] [info] cycle: [5816000]
[2026-03-12 13:37:44.246] [info] Core [1] Tile Stats | Issued: 148 Running: 2 Finished: 146
[2026-03-12 13:37:44.246] [info] cycle: [5816000]
[2026-03-12 13:37:44.246] [info] Core [2] Tile Stats | Issued: 148 Running: 2 Finished: 146
[2026-03-12 13:37:44.246] [info] cycle: [5816000]
[2026-03-12 13:37:44.246] [info] Core [3] Tile Stats | Issued: 146 Running: 2 Finished: 144
[2026-03-12 13:37:44.246] [info] cycle: [5816000]
[2026-03-12 13:37:44.246] [info] [ICNT] Core->ICNT request 0GB/Sec,0
[2026-03-12 13:37:44.246] [info] [ICNT] Core<-ICNT request 464GB/Sec,116017
[2026-03-12 13:37:44.246] [info] [ICNT] ICNT->MEM request 0GB/Sec,0
[2026-03-12 13:37:44.246] [info] [ICNT] ICNT<-MEM request 0GB/Sec,0
[2026-03-12 13:37:44.869] [info] Core [0] Tile Stats | Issued: 146 Running: 1 Finished: 145
[2026-03-12 13:37:44.869] [info] cycle: [5824000]
[2026-03-12 13:37:44.869] [info] Core [1] Tile Stats | Issued: 148 Running: 2 Finished: 146
[2026-03-12 13:37:44.869] [info] cycle: [5824000]
[2026-03-12 13:37:44.869] [info] Core [2] Tile Stats | Issued: 148 Running: 1 Finished: 147
[2026-03-12 13:37:44.869] [info] cycle: [5824000]
[2026-03-12 13:37:44.869] [info] Core [3] Tile Stats | Issued: 146 Running: 2 Finished: 144
[2026-03-12 13:37:44.869] [info] cycle: [5824000]
[2026-03-12 13:37:44.869] [info] [ICNT] Core->ICNT request 0GB/Sec,0
[2026-03-12 13:37:44.869] [info] [ICNT] Core<-ICNT request 462GB/Sec,115709
[2026-03-12 13:37:44.869] [info] [ICNT] ICNT->MEM request 0GB/Sec,0
[2026-03-12 13:37:44.869] [info] [ICNT] ICNT<-MEM request 0GB/Sec,0
[2026-03-12 13:37:45.470] [info] Core [0] Tile Stats | Issued: 146 Running: 1 Finished: 145
[2026-03-12 13:37:45.470] [info] cycle: [5832000]
[2026-03-12 13:37:45.470] [info] Core [1] Tile Stats | Issued: 148 Running: 2 Finished: 146
[2026-03-12 13:37:45.470] [info] cycle: [5832000]
[2026-03-12 13:37:45.470] [info] Core [2] Tile Stats | Issued: 148 Running: 1 Finished: 147
[2026-03-12 13:37:45.470] [info] cycle: [5832000]
[2026-03-12 13:37:45.470] [info] Core [3] Tile Stats | Issued: 146 Running: 1 Finished: 145
[2026-03-12 13:37:45.470] [info] cycle: [5832000]
[2026-03-12 13:37:45.470] [info] [ICNT] Core->ICNT request 3GB/Sec,800
[2026-03-12 13:37:45.470] [info] [ICNT] Core<-ICNT request 474GB/Sec,118650
[2026-03-12 13:37:45.470] [info] [ICNT] ICNT->MEM request 0GB/Sec,0
[2026-03-12 13:37:45.470] [info] [ICNT] ICNT<-MEM request 0GB/Sec,0
[2026-03-12 13:37:46.124] [info] Core [0] Tile Stats | Issued: 146 Running: 1 Finished: 145
[2026-03-12 13:37:46.124] [info] cycle: [5840000]
[2026-03-12 13:37:46.124] [info] Core [1] Tile Stats | Issued: 148 Running: 2 Finished: 146
[2026-03-12 13:37:46.124] [info] cycle: [5840000]
[2026-03-12 13:37:46.124] [info] Core [2] Tile Stats | Issued: 148 Running: 1 Finished: 147
[2026-03-12 13:37:46.124] [info] cycle: [5840000]
[2026-03-12 13:37:46.124] [info] Core [3] Tile Stats | Issued: 146 Running: 1 Finished: 145
[2026-03-12 13:37:46.124] [info] cycle: [5840000]
[2026-03-12 13:37:46.124] [info] [ICNT] Core->ICNT request 6GB/Sec,1600
[2026-03-12 13:37:46.124] [info] [ICNT] Core<-ICNT request 491GB/Sec,122838
[2026-03-12 13:37:46.124] [info] [ICNT] ICNT->MEM request 0GB/Sec,0
[2026-03-12 13:37:46.124] [info] [ICNT] ICNT<-MEM request 0GB/Sec,0
[2026-03-12 13:37:46.688] [info] Core [0] Tile Stats | Issued: 146 Running: 1 Finished: 145
[2026-03-12 13:37:46.688] [info] cycle: [5848000]
[2026-03-12 13:37:46.688] [info] Core [1] Tile Stats | Issued: 148 Running: 1 Finished: 147
[2026-03-12 13:37:46.688] [info] cycle: [5848000]
[2026-03-12 13:37:46.688] [info] Core [2] Tile Stats | Issued: 148 Running: 1 Finished: 147
[2026-03-12 13:37:46.688] [info] cycle: [5848000]
[2026-03-12 13:37:46.688] [info] Core [3] Tile Stats | Issued: 146 Running: 1 Finished: 145
[2026-03-12 13:37:46.688] [info] cycle: [5848000]
[2026-03-12 13:37:46.688] [info] [ICNT] Core->ICNT request 9GB/Sec,2400
[2026-03-12 13:37:46.688] [info] [ICNT] Core<-ICNT request 479GB/Sec,119791
[2026-03-12 13:37:46.688] [info] [ICNT] ICNT->MEM request 0GB/Sec,0
[2026-03-12 13:37:46.688] [info] [ICNT] ICNT<-MEM request 0GB/Sec,0
[2026-03-12 13:37:47.288] [info] Core [0] Tile Stats | Issued: 146 Running: 0 Finished: 146
[2026-03-12 13:37:47.288] [info] cycle: [5856000]
[2026-03-12 13:37:47.288] [info] Core [1] Tile Stats | Issued: 148 Running: 1 Finished: 147
[2026-03-12 13:37:47.288] [info] cycle: [5856000]
[2026-03-12 13:37:47.288] [info] Core [2] Tile Stats | Issued: 148 Running: 1 Finished: 147
[2026-03-12 13:37:47.288] [info] cycle: [5856000]
[2026-03-12 13:37:47.288] [info] Core [3] Tile Stats | Issued: 146 Running: 1 Finished: 145
[2026-03-12 13:37:47.288] [info] cycle: [5856000]
[2026-03-12 13:37:47.288] [info] [ICNT] Core->ICNT request 6GB/Sec,1600
[2026-03-12 13:37:47.288] [info] [ICNT] Core<-ICNT request 461GB/Sec,115448
[2026-03-12 13:37:47.288] [info] [ICNT] ICNT->MEM request 0GB/Sec,0
[2026-03-12 13:37:47.288] [info] [ICNT] ICNT<-MEM request 0GB/Sec,0
[2026-03-12 13:37:47.996] [info] Core [0] Tile Stats | Issued: 146 Running: 0 Finished: 146
[2026-03-12 13:37:47.996] [info] cycle: [5864000]
[2026-03-12 13:37:47.996] [info] Core [1] Tile Stats | Issued: 148 Running: 1 Finished: 147
[2026-03-12 13:37:47.996] [info] cycle: [5864000]
[2026-03-12 13:37:47.996] [info] Core [2] Tile Stats | Issued: 148 Running: 1 Finished: 147
[2026-03-12 13:37:47.996] [info] cycle: [5864000]
[2026-03-12 13:37:47.996] [info] Core [3] Tile Stats | Issued: 146 Running: 1 Finished: 145
[2026-03-12 13:37:47.996] [info] cycle: [5864000]
[2026-03-12 13:37:47.996] [info] [ICNT] Core->ICNT request 0GB/Sec,0
[2026-03-12 13:37:47.996] [info] [ICNT] Core<-ICNT request 461GB/Sec,115385
[2026-03-12 13:37:47.996] [info] [ICNT] ICNT->MEM request 0GB/Sec,0
[2026-03-12 13:37:47.996] [info] [ICNT] ICNT<-MEM request 0GB/Sec,0
[2026-03-12 13:37:48.516] [info] Core [0] Tile Stats | Issued: 146 Running: 0 Finished: 146
[2026-03-12 13:37:48.516] [info] cycle: [5872000]
[2026-03-12 13:37:48.516] [info] Core [1] Tile Stats | Issued: 148 Running: 1 Finished: 147
[2026-03-12 13:37:48.516] [info] cycle: [5872000]
[2026-03-12 13:37:48.516] [info] Core [2] Tile Stats | Issued: 148 Running: 0 Finished: 148
[2026-03-12 13:37:48.516] [info] cycle: [5872000]
[2026-03-12 13:37:48.516] [info] Core [3] Tile Stats | Issued: 146 Running: 1 Finished: 145
[2026-03-12 13:37:48.516] [info] cycle: [5872000]
[2026-03-12 13:37:48.516] [info] [ICNT] Core->ICNT request 0GB/Sec,0
[2026-03-12 13:37:48.516] [info] [ICNT] Core<-ICNT request 336GB/Sec,84130
[2026-03-12 13:37:48.516] [info] [ICNT] ICNT->MEM request 0GB/Sec,0
[2026-03-12 13:37:48.516] [info] [ICNT] ICNT<-MEM request 0GB/Sec,0
[2026-03-12 13:37:48.799] [info] Core [0] Tile Stats | Issued: 146 Running: 0 Finished: 146
[2026-03-12 13:37:48.799] [info] cycle: [5880000]
[2026-03-12 13:37:48.799] [info] Core [1] Tile Stats | Issued: 148 Running: 1 Finished: 147
[2026-03-12 13:37:48.799] [info] cycle: [5880000]
[2026-03-12 13:37:48.799] [info] Core [2] Tile Stats | Issued: 148 Running: 0 Finished: 148
[2026-03-12 13:37:48.799] [info] cycle: [5880000]
[2026-03-12 13:37:48.799] [info] Core [3] Tile Stats | Issued: 146 Running: 0 Finished: 146
[2026-03-12 13:37:48.799] [info] cycle: [5880000]
[2026-03-12 13:37:48.799] [info] [ICNT] Core->ICNT request 0GB/Sec,0
[2026-03-12 13:37:48.799] [info] [ICNT] Core<-ICNT request 157GB/Sec,39387
[2026-03-12 13:37:48.799] [info] [ICNT] ICNT->MEM request 0GB/Sec,0
[2026-03-12 13:37:48.799] [info] [ICNT] ICNT<-MEM request 0GB/Sec,0
[2026-03-12 13:37:48.913] [info] Core [0] Tile Stats | Issued: 146 Running: 0 Finished: 146
[2026-03-12 13:37:48.913] [info] cycle: [5888000]
[2026-03-12 13:37:48.913] [info] Core [1] Tile Stats | Issued: 148 Running: 1 Finished: 147
[2026-03-12 13:37:48.913] [info] cycle: [5888000]
[2026-03-12 13:37:48.913] [info] Core [2] Tile Stats | Issued: 148 Running: 0 Finished: 148
[2026-03-12 13:37:48.913] [info] cycle: [5888000]
[2026-03-12 13:37:48.913] [info] Core [3] Tile Stats | Issued: 146 Running: 0 Finished: 146
[2026-03-12 13:37:48.913] [info] cycle: [5888000]
[2026-03-12 13:37:48.913] [info] [ICNT] Core->ICNT request 9GB/Sec,2400
[2026-03-12 13:37:48.913] [info] [ICNT] Core<-ICNT request 9GB/Sec,2440
[2026-03-12 13:37:48.913] [info] [ICNT] ICNT->MEM request 0GB/Sec,0
[2026-03-12 13:37:48.913] [info] [ICNT] ICNT<-MEM request 0GB/Sec,0
[2026-03-12 13:37:48.935] [info] Layer layer0.ffn.fc1 finish at 5889933
[2026-03-12 13:37:48.935] [info] Total compute time 2038024
[2026-03-12 13:37:48.935] [info] executable layer count 1
[2026-03-12 13:37:48.935] [info] Start layer layer0.ffn.act
[2026-03-12 13:37:49.285] [info] Core [0] Tile Stats | Issued: 148 Running: 2 Finished: 146
[2026-03-12 13:37:49.285] [info] cycle: [5896000]
[2026-03-12 13:37:49.285] [info] Core [1] Tile Stats | Issued: 150 Running: 2 Finished: 148
[2026-03-12 13:37:49.285] [info] cycle: [5896000]
[2026-03-12 13:37:49.285] [info] Core [2] Tile Stats | Issued: 150 Running: 2 Finished: 148
[2026-03-12 13:37:49.285] [info] cycle: [5896000]
[2026-03-12 13:37:49.285] [info] Core [3] Tile Stats | Issued: 148 Running: 2 Finished: 146
[2026-03-12 13:37:49.285] [info] cycle: [5896000]
[2026-03-12 13:37:49.285] [info] [ICNT] Core->ICNT request 998GB/Sec,249632
[2026-03-12 13:37:49.285] [info] [ICNT] Core<-ICNT request 378GB/Sec,94604
[2026-03-12 13:37:49.285] [info] [ICNT] ICNT->MEM request 0GB/Sec,0
[2026-03-12 13:37:49.285] [info] [ICNT] ICNT<-MEM request 0GB/Sec,0
[2026-03-12 13:37:49.848] [info] Core [0] Tile Stats | Issued: 148 Running: 1 Finished: 147
[2026-03-12 13:37:49.848] [info] cycle: [5904000]
[2026-03-12 13:37:49.848] [info] Core [1] Tile Stats | Issued: 150 Running: 1 Finished: 149
[2026-03-12 13:37:49.848] [info] cycle: [5904000]
[2026-03-12 13:37:49.848] [info] Core [2] Tile Stats | Issued: 150 Running: 1 Finished: 149
[2026-03-12 13:37:49.848] [info] cycle: [5904000]
[2026-03-12 13:37:49.848] [info] Core [3] Tile Stats | Issued: 148 Running: 1 Finished: 147
[2026-03-12 13:37:49.848] [info] cycle: [5904000]
[2026-03-12 13:37:49.848] [info] [ICNT] Core->ICNT request 479GB/Sec,119808
[2026-03-12 13:37:49.848] [info] [ICNT] Core<-ICNT request 493GB/Sec,123325
[2026-03-12 13:37:49.848] [info] [ICNT] ICNT->MEM request 0GB/Sec,0
[2026-03-12 13:37:49.848] [info] [ICNT] ICNT<-MEM request 0GB/Sec,0
[2026-03-12 13:37:50.410] [info] Core [0] Tile Stats | Issued: 148 Running: 0 Finished: 148
[2026-03-12 13:37:50.410] [info] cycle: [5912000]
[2026-03-12 13:37:50.410] [info] Core [1] Tile Stats | Issued: 150 Running: 1 Finished: 149
[2026-03-12 13:37:50.410] [info] cycle: [5912000]
[2026-03-12 13:37:50.410] [info] Core [2] Tile Stats | Issued: 150 Running: 1 Finished: 149
[2026-03-12 13:37:50.410] [info] cycle: [5912000]
[2026-03-12 13:37:50.410] [info] Core [3] Tile Stats | Issued: 148 Running: 1 Finished: 147
[2026-03-12 13:37:50.410] [info] cycle: [5912000]
[2026-03-12 13:37:50.410] [info] [ICNT] Core->ICNT request 82GB/Sec,20736
[2026-03-12 13:37:50.410] [info] [ICNT] Core<-ICNT request 414GB/Sec,103710
[2026-03-12 13:37:50.410] [info] [ICNT] ICNT->MEM request 0GB/Sec,0
[2026-03-12 13:37:50.410] [info] [ICNT] ICNT<-MEM request 0GB/Sec,0
[2026-03-12 13:37:51.023] [info] Core [0] Tile Stats | Issued: 148 Running: 0 Finished: 148
[2026-03-12 13:37:51.023] [info] cycle: [5920000]
[2026-03-12 13:37:51.023] [info] Core [1] Tile Stats | Issued: 150 Running: 1 Finished: 149
[2026-03-12 13:37:51.023] [info] cycle: [5920000]
[2026-03-12 13:37:51.023] [info] Core [2] Tile Stats | Issued: 150 Running: 1 Finished: 149
[2026-03-12 13:37:51.023] [info] cycle: [5920000]
[2026-03-12 13:37:51.023] [info] Core [3] Tile Stats | Issued: 148 Running: 1 Finished: 147
[2026-03-12 13:37:51.023] [info] cycle: [5920000]
[2026-03-12 13:37:51.023] [info] [ICNT] Core->ICNT request 0GB/Sec,0
[2026-03-12 13:37:51.023] [info] [ICNT] Core<-ICNT request 271GB/Sec,67753
[2026-03-12 13:37:51.023] [info] [ICNT] ICNT->MEM request 0GB/Sec,0
[2026-03-12 13:37:51.023] [info] [ICNT] ICNT<-MEM request 0GB/Sec,0
[2026-03-12 13:37:51.378] [info] Layer layer0.ffn.act finish at 5925001
[2026-03-12 13:37:51.378] [info] Total compute time 35068
[2026-03-12 13:37:51.378] [info] executable layer count 1
[2026-03-12 13:37:51.378] [info] Start layer layer0.ffn.fc2
[2026-03-12 13:37:51.580] [info] Core [0] Tile Stats | Issued: 150 Running: 2 Finished: 148
[2026-03-12 13:37:51.580] [info] cycle: [5928000]
[2026-03-12 13:37:51.580] [info] Core [1] Tile Stats | Issued: 152 Running: 2 Finished: 150
[2026-03-12 13:37:51.580] [info] cycle: [5928000]
[2026-03-12 13:37:51.580] [info] Core [2] Tile Stats | Issued: 152 Running: 2 Finished: 150
[2026-03-12 13:37:51.580] [info] cycle: [5928000]
[2026-03-12 13:37:51.580] [info] Core [3] Tile Stats | Issued: 150 Running: 2 Finished: 148
[2026-03-12 13:37:51.580] [info] cycle: [5928000]
[2026-03-12 13:37:51.580] [info] [ICNT] Core->ICNT request 770GB/Sec,192656
[2026-03-12 13:37:51.580] [info] [ICNT] Core<-ICNT request 146GB/Sec,36703
[2026-03-12 13:37:51.580] [info] [ICNT] ICNT->MEM request 0GB/Sec,0
[2026-03-12 13:37:51.580] [info] [ICNT] ICNT<-MEM request 0GB/Sec,0
[2026-03-12 13:37:52.088] [info] Core [0] Tile Stats | Issued: 150 Running: 2 Finished: 148
[2026-03-12 13:37:52.089] [info] cycle: [5936000]
[2026-03-12 13:37:52.089] [info] Core [1] Tile Stats | Issued: 152 Running: 2 Finished: 150
[2026-03-12 13:37:52.089] [info] cycle: [5936000]
[2026-03-12 13:37:52.089] [info] Core [2] Tile Stats | Issued: 152 Running: 2 Finished: 150
[2026-03-12 13:37:52.089] [info] cycle: [5936000]
[2026-03-12 13:37:52.089] [info] Core [3] Tile Stats | Issued: 150 Running: 2 Finished: 148
[2026-03-12 13:37:52.089] [info] cycle: [5936000]
[2026-03-12 13:37:52.089] [info] [ICNT] Core->ICNT request 2048GB/Sec,512000
[2026-03-12 13:37:52.089] [info] [ICNT] Core<-ICNT request 402GB/Sec,100687
[2026-03-12 13:37:52.089] [info] [ICNT] ICNT->MEM request 0GB/Sec,0
[2026-03-12 13:37:52.089] [info] [ICNT] ICNT<-MEM request 0GB/Sec,0
[2026-03-12 13:37:52.686] [info] Core [0] Tile Stats | Issued: 150 Running: 2 Finished: 148
[2026-03-12 13:37:52.686] [info] cycle: [5944000]
[2026-03-12 13:37:52.686] [info] Core [1] Tile Stats | Issued: 152 Running: 2 Finished: 150
[2026-03-12 13:37:52.686] [info] cycle: [5944000]
[2026-03-12 13:37:52.686] [info] Core [2] Tile Stats | Issued: 152 Running: 2 Finished: 150
[2026-03-12 13:37:52.686] [info] cycle: [5944000]
[2026-03-12 13:37:52.686] [info] Core [3] Tile Stats | Issued: 150 Running: 2 Finished: 148
[2026-03-12 13:37:52.686] [info] cycle: [5944000]
[2026-03-12 13:37:52.686] [info] [ICNT] Core->ICNT request 2048GB/Sec,512000
[2026-03-12 13:37:52.686] [info] [ICNT] Core<-ICNT request 383GB/Sec,95885
[2026-03-12 13:37:52.686] [info] [ICNT] ICNT->MEM request 0GB/Sec,0
[2026-03-12 13:37:52.686] [info] [ICNT] ICNT<-MEM request 0GB/Sec,0
[2026-03-12 13:37:53.299] [info] Core [0] Tile Stats | Issued: 150 Running: 2 Finished: 148
[2026-03-12 13:37:53.299] [info] cycle: [5952000]
[2026-03-12 13:37:53.299] [info] Core [1] Tile Stats | Issued: 152 Running: 2 Finished: 150
[2026-03-12 13:37:53.299] [info] cycle: [5952000]
[2026-03-12 13:37:53.299] [info] Core [2] Tile Stats | Issued: 152 Running: 2 Finished: 150
[2026-03-12 13:37:53.299] [info] cycle: [5952000]
[2026-03-12 13:37:53.299] [info] Core [3] Tile Stats | Issued: 150 Running: 2 Finished: 148
[2026-03-12 13:37:53.299] [info] cycle: [5952000]
[2026-03-12 13:37:53.299] [info] [ICNT] Core->ICNT request 2048GB/Sec,512000
[2026-03-12 13:37:53.299] [info] [ICNT] Core<-ICNT request 385GB/Sec,96419
[2026-03-12 13:37:53.299] [info] [ICNT] ICNT->MEM request 0GB/Sec,0
[2026-03-12 13:37:53.299] [info] [ICNT] ICNT<-MEM request 0GB/Sec,0
[2026-03-12 13:37:53.888] [info] Core [0] Tile Stats | Issued: 150 Running: 2 Finished: 148
[2026-03-12 13:37:53.888] [info] cycle: [5960000]
[2026-03-12 13:37:53.888] [info] Core [1] Tile Stats | Issued: 152 Running: 2 Finished: 150
[2026-03-12 13:37:53.888] [info] cycle: [5960000]
[2026-03-12 13:37:53.888] [info] Core [2] Tile Stats | Issued: 152 Running: 2 Finished: 150
[2026-03-12 13:37:53.888] [info] cycle: [5960000]
[2026-03-12 13:37:53.888] [info] Core [3] Tile Stats | Issued: 150 Running: 2 Finished: 148
[2026-03-12 13:37:53.888] [info] cycle: [5960000]
[2026-03-12 13:37:53.888] [info] [ICNT] Core->ICNT request 965GB/Sec,241328
[2026-03-12 13:37:53.888] [info] [ICNT] Core<-ICNT request 377GB/Sec,94441
[2026-03-12 13:37:53.888] [info] [ICNT] ICNT->MEM request 0GB/Sec,0
[2026-03-12 13:37:53.888] [info] [ICNT] ICNT<-MEM request 0GB/Sec,0
[2026-03-12 13:37:54.482] [info] Core [0] Tile Stats | Issued: 150 Running: 2 Finished: 148
[2026-03-12 13:37:54.482] [info] cycle: [5968000]
[2026-03-12 13:37:54.482] [info] Core [1] Tile Stats | Issued: 152 Running: 2 Finished: 150
[2026-03-12 13:37:54.482] [info] cycle: [5968000]
[2026-03-12 13:37:54.482] [info] Core [2] Tile Stats | Issued: 152 Running: 2 Finished: 150
[2026-03-12 13:37:54.482] [info] cycle: [5968000]
[2026-03-12 13:37:54.482] [info] Core [3] Tile Stats | Issued: 150 Running: 2 Finished: 148
[2026-03-12 13:37:54.482] [info] cycle: [5968000]
[2026-03-12 13:37:54.482] [info] [ICNT] Core->ICNT request 0GB/Sec,0
[2026-03-12 13:37:54.482] [info] [ICNT] Core<-ICNT request 399GB/Sec,99864
[2026-03-12 13:37:54.482] [info] [ICNT] ICNT->MEM request 0GB/Sec,0
[2026-03-12 13:37:54.482] [info] [ICNT] ICNT<-MEM request 0GB/Sec,0
[2026-03-12 13:37:55.096] [info] Core [0] Tile Stats | Issued: 150 Running: 2 Finished: 148
[2026-03-12 13:37:55.096] [info] cycle: [5976000]
[2026-03-12 13:37:55.096] [info] Core [1] Tile Stats | Issued: 152 Running: 2 Finished: 150
[2026-03-12 13:37:55.096] [info] cycle: [5976000]
[2026-03-12 13:37:55.096] [info] Core [2] Tile Stats | Issued: 152 Running: 2 Finished: 150
[2026-03-12 13:37:55.096] [info] cycle: [5976000]
[2026-03-12 13:37:55.096] [info] Core [3] Tile Stats | Issued: 150 Running: 2 Finished: 148
[2026-03-12 13:37:55.096] [info] cycle: [5976000]
[2026-03-12 13:37:55.096] [info] [ICNT] Core->ICNT request 0GB/Sec,0
[2026-03-12 13:37:55.096] [info] [ICNT] Core<-ICNT request 433GB/Sec,108498
[2026-03-12 13:37:55.096] [info] [ICNT] ICNT->MEM request 0GB/Sec,0
[2026-03-12 13:37:55.096] [info] [ICNT] ICNT<-MEM request 0GB/Sec,0
[2026-03-12 13:37:55.711] [info] Core [0] Tile Stats | Issued: 150 Running: 2 Finished: 148
[2026-03-12 13:37:55.711] [info] cycle: [5984000]
[2026-03-12 13:37:55.711] [info] Core [1] Tile Stats | Issued: 152 Running: 2 Finished: 150
[2026-03-12 13:37:55.711] [info] cycle: [5984000]
[2026-03-12 13:37:55.711] [info] Core [2] Tile Stats | Issued: 152 Running: 2 Finished: 150
[2026-03-12 13:37:55.711] [info] cycle: [5984000]
[2026-03-12 13:37:55.711] [info] Core [3] Tile Stats | Issued: 150 Running: 2 Finished: 148
[2026-03-12 13:37:55.711] [info] cycle: [5984000]
[2026-03-12 13:37:55.711] [info] [ICNT] Core->ICNT request 0GB/Sec,0
[2026-03-12 13:37:55.711] [info] [ICNT] Core<-ICNT request 429GB/Sec,107337
[2026-03-12 13:37:55.711] [info] [ICNT] ICNT->MEM request 0GB/Sec,0
[2026-03-12 13:37:55.711] [info] [ICNT] ICNT<-MEM request 0GB/Sec,0
[2026-03-12 13:37:56.345] [info] Core [0] Tile Stats | Issued: 150 Running: 2 Finished: 148
[2026-03-12 13:37:56.345] [info] cycle: [5992000]
[2026-03-12 13:37:56.345] [info] Core [1] Tile Stats | Issued: 152 Running: 2 Finished: 150
[2026-03-12 13:37:56.345] [info] cycle: [5992000]
[2026-03-12 13:37:56.345] [info] Core [2] Tile Stats | Issued: 152 Running: 2 Finished: 150
[2026-03-12 13:37:56.345] [info] cycle: [5992000]
[2026-03-12 13:37:56.345] [info] Core [3] Tile Stats | Issued: 150 Running: 2 Finished: 148
[2026-03-12 13:37:56.345] [info] cycle: [5992000]
[2026-03-12 13:37:56.345] [info] [ICNT] Core->ICNT request 0GB/Sec,0
[2026-03-12 13:37:56.345] [info] [ICNT] Core<-ICNT request 428GB/Sec,107057
[2026-03-12 13:37:56.345] [info] [ICNT] ICNT->MEM request 0GB/Sec,0
[2026-03-12 13:37:56.345] [info] [ICNT] ICNT<-MEM request 0GB/Sec,0
[2026-03-12 13:37:56.955] [info] Core [0] Tile Stats | Issued: 150 Running: 2 Finished: 148
[2026-03-12 13:37:56.955] [info] cycle: [6000000]
[2026-03-12 13:37:56.955] [info] Core [1] Tile Stats | Issued: 152 Running: 2 Finished: 150
[2026-03-12 13:37:56.955] [info] cycle: [6000000]
[2026-03-12 13:37:56.955] [info] Core [2] Tile Stats | Issued: 152 Running: 2 Finished: 150
[2026-03-12 13:37:56.955] [info] cycle: [6000000]
[2026-03-12 13:37:56.955] [info] Core [3] Tile Stats | Issued: 150 Running: 2 Finished: 148
[2026-03-12 13:37:56.955] [info] cycle: [6000000]
[2026-03-12 13:37:56.955] [info] [ICNT] Core->ICNT request 0GB/Sec,0
[2026-03-12 13:37:56.955] [info] [ICNT] Core<-ICNT request 436GB/Sec,109187
[2026-03-12 13:37:56.955] [info] [ICNT] ICNT->MEM request 0GB/Sec,0
[2026-03-12 13:37:56.955] [info] [ICNT] ICNT<-MEM request 0GB/Sec,0
[2026-03-12 13:37:57.584] [info] Core [0] Tile Stats | Issued: 151 Running: 2 Finished: 149
[2026-03-12 13:37:57.584] [info] cycle: [6008000]
[2026-03-12 13:37:57.584] [info] Core [1] Tile Stats | Issued: 152 Running: 2 Finished: 150
[2026-03-12 13:37:57.584] [info] cycle: [6008000]
[2026-03-12 13:37:57.584] [info] Core [2] Tile Stats | Issued: 152 Running: 2 Finished: 150
[2026-03-12 13:37:57.584] [info] cycle: [6008000]
[2026-03-12 13:37:57.584] [info] Core [3] Tile Stats | Issued: 150 Running: 2 Finished: 148
[2026-03-12 13:37:57.584] [info] cycle: [6008000]
[2026-03-12 13:37:57.584] [info] [ICNT] Core->ICNT request 101GB/Sec,25328
[2026-03-12 13:37:57.584] [info] [ICNT] Core<-ICNT request 458GB/Sec,114500
[2026-03-12 13:37:57.584] [info] [ICNT] ICNT->MEM request 0GB/Sec,0
[2026-03-12 13:37:57.584] [info] [ICNT] ICNT<-MEM request 0GB/Sec,0
[2026-03-12 13:37:58.239] [info] Core [0] Tile Stats | Issued: 151 Running: 2 Finished: 149
[2026-03-12 13:37:58.239] [info] cycle: [6016000]
[2026-03-12 13:37:58.239] [info] Core [1] Tile Stats | Issued: 153 Running: 2 Finished: 151
[2026-03-12 13:37:58.239] [info] cycle: [6016000]
[2026-03-12 13:37:58.239] [info] Core [2] Tile Stats | Issued: 153 Running: 2 Finished: 151
[2026-03-12 13:37:58.239] [info] cycle: [6016000]
[2026-03-12 13:37:58.239] [info] Core [3] Tile Stats | Issued: 151 Running: 2 Finished: 149
[2026-03-12 13:37:58.239] [info] cycle: [6016000]
[2026-03-12 13:37:58.239] [info] [ICNT] Core->ICNT request 722GB/Sec,180688
[2026-03-12 13:37:58.239] [info] [ICNT] Core<-ICNT request 421GB/Sec,105259
[2026-03-12 13:37:58.239] [info] [ICNT] ICNT->MEM request 0GB/Sec,0
[2026-03-12 13:37:58.239] [info] [ICNT] ICNT<-MEM request 0GB/Sec,0
[2026-03-12 13:37:58.881] [info] Core [0] Tile Stats | Issued: 151 Running: 2 Finished: 149
[2026-03-12 13:37:58.881] [info] cycle: [6024000]
[2026-03-12 13:37:58.881] [info] Core [1] Tile Stats | Issued: 153 Running: 2 Finished: 151
[2026-03-12 13:37:58.881] [info] cycle: [6024000]
[2026-03-12 13:37:58.881] [info] Core [2] Tile Stats | Issued: 153 Running: 2 Finished: 151
[2026-03-12 13:37:58.881] [info] cycle: [6024000]
[2026-03-12 13:37:58.881] [info] Core [3] Tile Stats | Issued: 151 Running: 2 Finished: 149
[2026-03-12 13:37:58.881] [info] cycle: [6024000]
[2026-03-12 13:37:58.881] [info] [ICNT] Core->ICNT request 1862GB/Sec,465680
[2026-03-12 13:37:58.881] [info] [ICNT] Core<-ICNT request 412GB/Sec,103080
[2026-03-12 13:37:58.881] [info] [ICNT] ICNT->MEM request 0GB/Sec,0
[2026-03-12 13:37:58.881] [info] [ICNT] ICNT<-MEM request 0GB/Sec,0
[2026-03-12 13:37:59.535] [info] Core [0] Tile Stats | Issued: 151 Running: 2 Finished: 149
[2026-03-12 13:37:59.535] [info] cycle: [6032000]
[2026-03-12 13:37:59.535] [info] Core [1] Tile Stats | Issued: 153 Running: 2 Finished: 151
[2026-03-12 13:37:59.535] [info] cycle: [6032000]
[2026-03-12 13:37:59.535] [info] Core [2] Tile Stats | Issued: 153 Running: 2 Finished: 151
[2026-03-12 13:37:59.535] [info] cycle: [6032000]
[2026-03-12 13:37:59.535] [info] Core [3] Tile Stats | Issued: 151 Running: 2 Finished: 149
[2026-03-12 13:37:59.535] [info] cycle: [6032000]
[2026-03-12 13:37:59.535] [info] [ICNT] Core->ICNT request 1073GB/Sec,268336
[2026-03-12 13:37:59.535] [info] [ICNT] Core<-ICNT request 436GB/Sec,109243
[2026-03-12 13:37:59.535] [info] [ICNT] ICNT->MEM request 0GB/Sec,0
[2026-03-12 13:37:59.535] [info] [ICNT] ICNT<-MEM request 0GB/Sec,0
[2026-03-12 13:38:00.160] [info] Core [0] Tile Stats | Issued: 151 Running: 2 Finished: 149
[2026-03-12 13:38:00.160] [info] cycle: [6040000]
[2026-03-12 13:38:00.160] [info] Core [1] Tile Stats | Issued: 153 Running: 2 Finished: 151
[2026-03-12 13:38:00.160] [info] cycle: [6040000]
[2026-03-12 13:38:00.160] [info] Core [2] Tile Stats | Issued: 153 Running: 2 Finished: 151
[2026-03-12 13:38:00.160] [info] cycle: [6040000]
[2026-03-12 13:38:00.160] [info] Core [3] Tile Stats | Issued: 151 Running: 2 Finished: 149
[2026-03-12 13:38:00.160] [info] cycle: [6040000]
[2026-03-12 13:38:00.160] [info] [ICNT] Core->ICNT request 0GB/Sec,0
[2026-03-12 13:38:00.160] [info] [ICNT] Core<-ICNT request 401GB/Sec,100414
[2026-03-12 13:38:00.160] [info] [ICNT] ICNT->MEM request 0GB/Sec,0
[2026-03-12 13:38:00.160] [info] [ICNT] ICNT<-MEM request 0GB/Sec,0
[2026-03-12 13:38:00.789] [info] Core [0] Tile Stats | Issued: 151 Running: 2 Finished: 149
[2026-03-12 13:38:00.789] [info] cycle: [6048000]
[2026-03-12 13:38:00.789] [info] Core [1] Tile Stats | Issued: 153 Running: 2 Finished: 151
[2026-03-12 13:38:00.789] [info] cycle: [6048000]
[2026-03-12 13:38:00.789] [info] Core [2] Tile Stats | Issued: 153 Running: 2 Finished: 151
[2026-03-12 13:38:00.789] [info] cycle: [6048000]
[2026-03-12 13:38:00.789] [info] Core [3] Tile Stats | Issued: 151 Running: 2 Finished: 149
[2026-03-12 13:38:00.789] [info] cycle: [6048000]
[2026-03-12 13:38:00.789] [info] [ICNT] Core->ICNT request 0GB/Sec,0
[2026-03-12 13:38:00.789] [info] [ICNT] Core<-ICNT request 391GB/Sec,97871
[2026-03-12 13:38:00.789] [info] [ICNT] ICNT->MEM request 0GB/Sec,0
[2026-03-12 13:38:00.789] [info] [ICNT] ICNT<-MEM request 0GB/Sec,0
[2026-03-12 13:38:01.414] [info] Core [0] Tile Stats | Issued: 151 Running: 2 Finished: 149
[2026-03-12 13:38:01.414] [info] cycle: [6056000]
[2026-03-12 13:38:01.414] [info] Core [1] Tile Stats | Issued: 153 Running: 2 Finished: 151
[2026-03-12 13:38:01.414] [info] cycle: [6056000]
[2026-03-12 13:38:01.414] [info] Core [2] Tile Stats | Issued: 153 Running: 2 Finished: 151
[2026-03-12 13:38:01.414] [info] cycle: [6056000]
[2026-03-12 13:38:01.414] [info] Core [3] Tile Stats | Issued: 151 Running: 2 Finished: 149
[2026-03-12 13:38:01.414] [info] cycle: [6056000]
[2026-03-12 13:38:01.414] [info] [ICNT] Core->ICNT request 0GB/Sec,0
[2026-03-12 13:38:01.414] [info] [ICNT] Core<-ICNT request 391GB/Sec,97981
[2026-03-12 13:38:01.414] [info] [ICNT] ICNT->MEM request 0GB/Sec,0
[2026-03-12 13:38:01.414] [info] [ICNT] ICNT<-MEM request 0GB/Sec,0
[2026-03-12 13:38:02.038] [info] Core [0] Tile Stats | Issued: 151 Running: 2 Finished: 149
[2026-03-12 13:38:02.038] [info] cycle: [6064000]
[2026-03-12 13:38:02.038] [info] Core [1] Tile Stats | Issued: 153 Running: 2 Finished: 151
[2026-03-12 13:38:02.038] [info] cycle: [6064000]
[2026-03-12 13:38:02.038] [info] Core [2] Tile Stats | Issued: 153 Running: 2 Finished: 151
[2026-03-12 13:38:02.038] [info] cycle: [6064000]
[2026-03-12 13:38:02.038] [info] Core [3] Tile Stats | Issued: 151 Running: 2 Finished: 149
[2026-03-12 13:38:02.038] [info] cycle: [6064000]
[2026-03-12 13:38:02.038] [info] [ICNT] Core->ICNT request 0GB/Sec,0
[2026-03-12 13:38:02.038] [info] [ICNT] Core<-ICNT request 393GB/Sec,98362
[2026-03-12 13:38:02.038] [info] [ICNT] ICNT->MEM request 0GB/Sec,0
[2026-03-12 13:38:02.038] [info] [ICNT] ICNT<-MEM request 0GB/Sec,0
[2026-03-12 13:38:02.661] [info] Core [0] Tile Stats | Issued: 151 Running: 2 Finished: 149
[2026-03-12 13:38:02.661] [info] cycle: [6072000]
[2026-03-12 13:38:02.661] [info] Core [1] Tile Stats | Issued: 153 Running: 2 Finished: 151
[2026-03-12 13:38:02.661] [info] cycle: [6072000]
[2026-03-12 13:38:02.661] [info] Core [2] Tile Stats | Issued: 153 Running: 2 Finished: 151
[2026-03-12 13:38:02.661] [info] cycle: [6072000]
[2026-03-12 13:38:02.661] [info] Core [3] Tile Stats | Issued: 151 Running: 2 Finished: 149
[2026-03-12 13:38:02.661] [info] cycle: [6072000]
[2026-03-12 13:38:02.661] [info] [ICNT] Core->ICNT request 0GB/Sec,0
[2026-03-12 13:38:02.661] [info] [ICNT] Core<-ICNT request 392GB/Sec,98059
[2026-03-12 13:38:02.661] [info] [ICNT] ICNT->MEM request 0GB/Sec,0
[2026-03-12 13:38:02.661] [info] [ICNT] ICNT<-MEM request 0GB/Sec,0
[2026-03-12 13:38:03.307] [info] Core [0] Tile Stats | Issued: 152 Running: 2 Finished: 150
[2026-03-12 13:38:03.307] [info] cycle: [6080000]
[2026-03-12 13:38:03.307] [info] Core [1] Tile Stats | Issued: 153 Running: 2 Finished: 151
[2026-03-12 13:38:03.307] [info] cycle: [6080000]
[2026-03-12 13:38:03.307] [info] Core [2] Tile Stats | Issued: 153 Running: 2 Finished: 151
[2026-03-12 13:38:03.307] [info] cycle: [6080000]
[2026-03-12 13:38:03.307] [info] Core [3] Tile Stats | Issued: 151 Running: 2 Finished: 149
[2026-03-12 13:38:03.307] [info] cycle: [6080000]
[2026-03-12 13:38:03.307] [info] [ICNT] Core->ICNT request 22GB/Sec,5504
[2026-03-12 13:38:03.307] [info] [ICNT] Core<-ICNT request 405GB/Sec,101458
[2026-03-12 13:38:03.307] [info] [ICNT] ICNT->MEM request 0GB/Sec,0
[2026-03-12 13:38:03.307] [info] [ICNT] ICNT<-MEM request 0GB/Sec,0
[2026-03-12 13:38:03.941] [info] Core [0] Tile Stats | Issued: 152 Running: 2 Finished: 150
[2026-03-12 13:38:03.941] [info] cycle: [6088000]
[2026-03-12 13:38:03.941] [info] Core [1] Tile Stats | Issued: 153 Running: 2 Finished: 151
[2026-03-12 13:38:03.941] [info] cycle: [6088000]
[2026-03-12 13:38:03.941] [info] Core [2] Tile Stats | Issued: 153 Running: 2 Finished: 151
[2026-03-12 13:38:03.941] [info] cycle: [6088000]
[2026-03-12 13:38:03.941] [info] Core [3] Tile Stats | Issued: 151 Running: 2 Finished: 149
[2026-03-12 13:38:03.941] [info] cycle: [6088000]
[2026-03-12 13:38:03.941] [info] [ICNT] Core->ICNT request 521GB/Sec,130400
[2026-03-12 13:38:03.941] [info] [ICNT] Core<-ICNT request 407GB/Sec,101849
[2026-03-12 13:38:03.941] [info] [ICNT] ICNT->MEM request 0GB/Sec,0
[2026-03-12 13:38:03.941] [info] [ICNT] ICNT<-MEM request 0GB/Sec,0
[2026-03-12 13:38:04.611] [info] Core [0] Tile Stats | Issued: 152 Running: 2 Finished: 150
[2026-03-12 13:38:04.611] [info] cycle: [6096000]
[2026-03-12 13:38:04.611] [info] Core [1] Tile Stats | Issued: 154 Running: 2 Finished: 152
[2026-03-12 13:38:04.611] [info] cycle: [6096000]
[2026-03-12 13:38:04.611] [info] Core [2] Tile Stats | Issued: 154 Running: 2 Finished: 152
[2026-03-12 13:38:04.611] [info] cycle: [6096000]
[2026-03-12 13:38:04.611] [info] Core [3] Tile Stats | Issued: 152 Running: 2 Finished: 150
[2026-03-12 13:38:04.611] [info] cycle: [6096000]
[2026-03-12 13:38:04.611] [info] [ICNT] Core->ICNT request 1738GB/Sec,434520
[2026-03-12 13:38:04.611] [info] [ICNT] Core<-ICNT request 424GB/Sec,106163
[2026-03-12 13:38:04.611] [info] [ICNT] ICNT->MEM request 0GB/Sec,0
[2026-03-12 13:38:04.611] [info] [ICNT] ICNT<-MEM request 0GB/Sec,0
[2026-03-12 13:38:05.269] [info] Core [0] Tile Stats | Issued: 152 Running: 2 Finished: 150
[2026-03-12 13:38:05.269] [info] cycle: [6104000]
[2026-03-12 13:38:05.269] [info] Core [1] Tile Stats | Issued: 154 Running: 2 Finished: 152
[2026-03-12 13:38:05.269] [info] cycle: [6104000]
[2026-03-12 13:38:05.269] [info] Core [2] Tile Stats | Issued: 154 Running: 2 Finished: 152
[2026-03-12 13:38:05.269] [info] cycle: [6104000]
[2026-03-12 13:38:05.269] [info] Core [3] Tile Stats | Issued: 152 Running: 2 Finished: 150
[2026-03-12 13:38:05.269] [info] cycle: [6104000]
[2026-03-12 13:38:05.269] [info] [ICNT] Core->ICNT request 1491GB/Sec,372840
[2026-03-12 13:38:05.269] [info] [ICNT] Core<-ICNT request 426GB/Sec,106669
[2026-03-12 13:38:05.269] [info] [ICNT] ICNT->MEM request 0GB/Sec,0
[2026-03-12 13:38:05.269] [info] [ICNT] ICNT<-MEM request 0GB/Sec,0
[2026-03-12 13:38:05.926] [info] Core [0] Tile Stats | Issued: 152 Running: 2 Finished: 150
[2026-03-12 13:38:05.926] [info] cycle: [6112000]
[2026-03-12 13:38:05.926] [info] Core [1] Tile Stats | Issued: 154 Running: 2 Finished: 152
[2026-03-12 13:38:05.926] [info] cycle: [6112000]
[2026-03-12 13:38:05.926] [info] Core [2] Tile Stats | Issued: 154 Running: 2 Finished: 152
[2026-03-12 13:38:05.926] [info] cycle: [6112000]
[2026-03-12 13:38:05.926] [info] Core [3] Tile Stats | Issued: 152 Running: 2 Finished: 150
[2026-03-12 13:38:05.926] [info] cycle: [6112000]
[2026-03-12 13:38:05.926] [info] [ICNT] Core->ICNT request 0GB/Sec,0
[2026-03-12 13:38:05.926] [info] [ICNT] Core<-ICNT request 417GB/Sec,104447
[2026-03-12 13:38:05.926] [info] [ICNT] ICNT->MEM request 0GB/Sec,0
[2026-03-12 13:38:05.926] [info] [ICNT] ICNT<-MEM request 0GB/Sec,0
[2026-03-12 13:38:06.565] [info] Core [0] Tile Stats | Issued: 152 Running: 2 Finished: 150
[2026-03-12 13:38:06.565] [info] cycle: [6120000]
[2026-03-12 13:38:06.565] [info] Core [1] Tile Stats | Issued: 154 Running: 2 Finished: 152
[2026-03-12 13:38:06.565] [info] cycle: [6120000]
[2026-03-12 13:38:06.565] [info] Core [2] Tile Stats | Issued: 154 Running: 2 Finished: 152
[2026-03-12 13:38:06.565] [info] cycle: [6120000]
[2026-03-12 13:38:06.565] [info] Core [3] Tile Stats | Issued: 152 Running: 2 Finished: 150
[2026-03-12 13:38:06.565] [info] cycle: [6120000]
[2026-03-12 13:38:06.565] [info] [ICNT] Core->ICNT request 0GB/Sec,0
[2026-03-12 13:38:06.565] [info] [ICNT] Core<-ICNT request 405GB/Sec,101413
[2026-03-12 13:38:06.565] [info] [ICNT] ICNT->MEM request 0GB/Sec,0
[2026-03-12 13:38:06.565] [info] [ICNT] ICNT<-MEM request 0GB/Sec,0
[2026-03-12 13:38:07.200] [info] Core [0] Tile Stats | Issued: 152 Running: 2 Finished: 150
[2026-03-12 13:38:07.200] [info] cycle: [6128000]
[2026-03-12 13:38:07.200] [info] Core [1] Tile Stats | Issued: 154 Running: 2 Finished: 152
[2026-03-12 13:38:07.200] [info] cycle: [6128000]
[2026-03-12 13:38:07.200] [info] Core [2] Tile Stats | Issued: 154 Running: 2 Finished: 152
[2026-03-12 13:38:07.200] [info] cycle: [6128000]
[2026-03-12 13:38:07.200] [info] Core [3] Tile Stats | Issued: 152 Running: 2 Finished: 150
[2026-03-12 13:38:07.200] [info] cycle: [6128000]
[2026-03-12 13:38:07.200] [info] [ICNT] Core->ICNT request 0GB/Sec,0
[2026-03-12 13:38:07.200] [info] [ICNT] Core<-ICNT request 405GB/Sec,101430
[2026-03-12 13:38:07.200] [info] [ICNT] ICNT->MEM request 0GB/Sec,0
[2026-03-12 13:38:07.200] [info] [ICNT] ICNT<-MEM request 0GB/Sec,0
[2026-03-12 13:38:07.837] [info] Core [0] Tile Stats | Issued: 152 Running: 2 Finished: 150
[2026-03-12 13:38:07.838] [info] cycle: [6136000]
[2026-03-12 13:38:07.838] [info] Core [1] Tile Stats | Issued: 154 Running: 2 Finished: 152
[2026-03-12 13:38:07.838] [info] cycle: [6136000]
[2026-03-12 13:38:07.838] [info] Core [2] Tile Stats | Issued: 154 Running: 2 Finished: 152
[2026-03-12 13:38:07.838] [info] cycle: [6136000]
[2026-03-12 13:38:07.838] [info] Core [3] Tile Stats | Issued: 152 Running: 2 Finished: 150
[2026-03-12 13:38:07.838] [info] cycle: [6136000]
[2026-03-12 13:38:07.838] [info] [ICNT] Core->ICNT request 0GB/Sec,0
[2026-03-12 13:38:07.838] [info] [ICNT] Core<-ICNT request 405GB/Sec,101402
[2026-03-12 13:38:07.838] [info] [ICNT] ICNT->MEM request 0GB/Sec,0
[2026-03-12 13:38:07.838] [info] [ICNT] ICNT<-MEM request 0GB/Sec,0
[2026-03-12 13:38:08.496] [info] Core [0] Tile Stats | Issued: 152 Running: 2 Finished: 150
[2026-03-12 13:38:08.496] [info] cycle: [6144000]
[2026-03-12 13:38:08.496] [info] Core [1] Tile Stats | Issued: 154 Running: 2 Finished: 152
[2026-03-12 13:38:08.496] [info] cycle: [6144000]
[2026-03-12 13:38:08.496] [info] Core [2] Tile Stats | Issued: 154 Running: 2 Finished: 152
[2026-03-12 13:38:08.496] [info] cycle: [6144000]
[2026-03-12 13:38:08.496] [info] Core [3] Tile Stats | Issued: 152 Running: 2 Finished: 150
[2026-03-12 13:38:08.496] [info] cycle: [6144000]
[2026-03-12 13:38:08.496] [info] [ICNT] Core->ICNT request 0GB/Sec,0
[2026-03-12 13:38:08.496] [info] [ICNT] Core<-ICNT request 405GB/Sec,101464
[2026-03-12 13:38:08.496] [info] [ICNT] ICNT->MEM request 0GB/Sec,0
[2026-03-12 13:38:08.496] [info] [ICNT] ICNT<-MEM request 0GB/Sec,0
[2026-03-12 13:38:09.134] [info] Core [0] Tile Stats | Issued: 152 Running: 2 Finished: 150
[2026-03-12 13:38:09.134] [info] cycle: [6152000]
[2026-03-12 13:38:09.134] [info] Core [1] Tile Stats | Issued: 154 Running: 2 Finished: 152
[2026-03-12 13:38:09.134] [info] cycle: [6152000]
[2026-03-12 13:38:09.134] [info] Core [2] Tile Stats | Issued: 154 Running: 2 Finished: 152
[2026-03-12 13:38:09.134] [info] cycle: [6152000]
[2026-03-12 13:38:09.134] [info] Core [3] Tile Stats | Issued: 152 Running: 2 Finished: 150
[2026-03-12 13:38:09.134] [info] cycle: [6152000]
[2026-03-12 13:38:09.134] [info] [ICNT] Core->ICNT request 9GB/Sec,2400
[2026-03-12 13:38:09.134] [info] [ICNT] Core<-ICNT request 413GB/Sec,103369
[2026-03-12 13:38:09.134] [info] [ICNT] ICNT->MEM request 0GB/Sec,0
[2026-03-12 13:38:09.134] [info] [ICNT] ICNT<-MEM request 0GB/Sec,0
[2026-03-12 13:38:09.746] [info] Core [0] Tile Stats | Issued: 153 Running: 2 Finished: 151
[2026-03-12 13:38:09.746] [info] cycle: [6160000]
[2026-03-12 13:38:09.746] [info] Core [1] Tile Stats | Issued: 154 Running: 2 Finished: 152
[2026-03-12 13:38:09.746] [info] cycle: [6160000]
[2026-03-12 13:38:09.746] [info] Core [2] Tile Stats | Issued: 154 Running: 2 Finished: 152
[2026-03-12 13:38:09.746] [info] cycle: [6160000]
[2026-03-12 13:38:09.746] [info] Core [3] Tile Stats | Issued: 152 Running: 2 Finished: 150
[2026-03-12 13:38:09.746] [info] cycle: [6160000]
[2026-03-12 13:38:09.746] [info] [ICNT] Core->ICNT request 435GB/Sec,108832
[2026-03-12 13:38:09.746] [info] [ICNT] Core<-ICNT request 351GB/Sec,87751
[2026-03-12 13:38:09.746] [info] [ICNT] ICNT->MEM request 0GB/Sec,0
[2026-03-12 13:38:09.746] [info] [ICNT] ICNT<-MEM request 0GB/Sec,0
[2026-03-12 13:38:10.439] [info] Core [0] Tile Stats | Issued: 153 Running: 2 Finished: 151
[2026-03-12 13:38:10.439] [info] cycle: [6168000]
[2026-03-12 13:38:10.439] [info] Core [1] Tile Stats | Issued: 155 Running: 2 Finished: 153
[2026-03-12 13:38:10.439] [info] cycle: [6168000]
[2026-03-12 13:38:10.439] [info] Core [2] Tile Stats | Issued: 155 Running: 2 Finished: 153
[2026-03-12 13:38:10.439] [info] cycle: [6168000]
[2026-03-12 13:38:10.439] [info] Core [3] Tile Stats | Issued: 153 Running: 2 Finished: 151
[2026-03-12 13:38:10.439] [info] cycle: [6168000]
[2026-03-12 13:38:10.439] [info] [ICNT] Core->ICNT request 1566GB/Sec,391576
[2026-03-12 13:38:10.439] [info] [ICNT] Core<-ICNT request 400GB/Sec,100148
[2026-03-12 13:38:10.439] [info] [ICNT] ICNT->MEM request 0GB/Sec,0
[2026-03-12 13:38:10.439] [info] [ICNT] ICNT<-MEM request 0GB/Sec,0
[2026-03-12 13:38:11.109] [info] Core [0] Tile Stats | Issued: 153 Running: 2 Finished: 151
[2026-03-12 13:38:11.109] [info] cycle: [6176000]
[2026-03-12 13:38:11.109] [info] Core [1] Tile Stats | Issued: 155 Running: 2 Finished: 153
[2026-03-12 13:38:11.109] [info] cycle: [6176000]
[2026-03-12 13:38:11.109] [info] Core [2] Tile Stats | Issued: 155 Running: 2 Finished: 153
[2026-03-12 13:38:11.109] [info] cycle: [6176000]
[2026-03-12 13:38:11.109] [info] Core [3] Tile Stats | Issued: 153 Running: 2 Finished: 151
[2026-03-12 13:38:11.109] [info] cycle: [6176000]
[2026-03-12 13:38:11.109] [info] [ICNT] Core->ICNT request 1536GB/Sec,384000
[2026-03-12 13:38:11.109] [info] [ICNT] Core<-ICNT request 372GB/Sec,93077
[2026-03-12 13:38:11.109] [info] [ICNT] ICNT->MEM request 0GB/Sec,0
[2026-03-12 13:38:11.109] [info] [ICNT] ICNT<-MEM request 0GB/Sec,0
[2026-03-12 13:38:11.741] [info] Core [0] Tile Stats | Issued: 153 Running: 2 Finished: 151
[2026-03-12 13:38:11.741] [info] cycle: [6184000]
[2026-03-12 13:38:11.741] [info] Core [1] Tile Stats | Issued: 155 Running: 2 Finished: 153
[2026-03-12 13:38:11.741] [info] cycle: [6184000]
[2026-03-12 13:38:11.741] [info] Core [2] Tile Stats | Issued: 155 Running: 2 Finished: 153
[2026-03-12 13:38:11.741] [info] cycle: [6184000]
[2026-03-12 13:38:11.741] [info] Core [3] Tile Stats | Issued: 153 Running: 2 Finished: 151
[2026-03-12 13:38:11.741] [info] cycle: [6184000]
[2026-03-12 13:38:11.741] [info] [ICNT] Core->ICNT request 225GB/Sec,56456
[2026-03-12 13:38:11.741] [info] [ICNT] Core<-ICNT request 347GB/Sec,86763
[2026-03-12 13:38:11.741] [info] [ICNT] ICNT->MEM request 0GB/Sec,0
[2026-03-12 13:38:11.741] [info] [ICNT] ICNT<-MEM request 0GB/Sec,0
[2026-03-12 13:38:12.372] [info] Core [0] Tile Stats | Issued: 153 Running: 2 Finished: 151
[2026-03-12 13:38:12.372] [info] cycle: [6192000]
[2026-03-12 13:38:12.372] [info] Core [1] Tile Stats | Issued: 155 Running: 2 Finished: 153
[2026-03-12 13:38:12.372] [info] cycle: [6192000]
[2026-03-12 13:38:12.372] [info] Core [2] Tile Stats | Issued: 155 Running: 2 Finished: 153
[2026-03-12 13:38:12.372] [info] cycle: [6192000]
[2026-03-12 13:38:12.372] [info] Core [3] Tile Stats | Issued: 153 Running: 2 Finished: 151
[2026-03-12 13:38:12.372] [info] cycle: [6192000]
[2026-03-12 13:38:12.372] [info] [ICNT] Core->ICNT request 0GB/Sec,0
[2026-03-12 13:38:12.372] [info] [ICNT] Core<-ICNT request 348GB/Sec,87221
[2026-03-12 13:38:12.372] [info] [ICNT] ICNT->MEM request 0GB/Sec,0
[2026-03-12 13:38:12.372] [info] [ICNT] ICNT<-MEM request 0GB/Sec,0
[2026-03-12 13:38:13.005] [info] Core [0] Tile Stats | Issued: 153 Running: 2 Finished: 151
[2026-03-12 13:38:13.005] [info] cycle: [6200000]
[2026-03-12 13:38:13.005] [info] Core [1] Tile Stats | Issued: 155 Running: 2 Finished: 153
[2026-03-12 13:38:13.005] [info] cycle: [6200000]
[2026-03-12 13:38:13.005] [info] Core [2] Tile Stats | Issued: 155 Running: 2 Finished: 153
[2026-03-12 13:38:13.005] [info] cycle: [6200000]
[2026-03-12 13:38:13.005] [info] Core [3] Tile Stats | Issued: 153 Running: 2 Finished: 151
[2026-03-12 13:38:13.005] [info] cycle: [6200000]
[2026-03-12 13:38:13.005] [info] [ICNT] Core->ICNT request 0GB/Sec,0
[2026-03-12 13:38:13.005] [info] [ICNT] Core<-ICNT request 346GB/Sec,86732
[2026-03-12 13:38:13.005] [info] [ICNT] ICNT->MEM request 0GB/Sec,0
[2026-03-12 13:38:13.005] [info] [ICNT] ICNT<-MEM request 0GB/Sec,0
[2026-03-12 13:38:13.656] [info] Core [0] Tile Stats | Issued: 153 Running: 2 Finished: 151
[2026-03-12 13:38:13.656] [info] cycle: [6208000]
[2026-03-12 13:38:13.656] [info] Core [1] Tile Stats | Issued: 155 Running: 2 Finished: 153
[2026-03-12 13:38:13.656] [info] cycle: [6208000]
[2026-03-12 13:38:13.656] [info] Core [2] Tile Stats | Issued: 155 Running: 2 Finished: 153
[2026-03-12 13:38:13.656] [info] cycle: [6208000]
[2026-03-12 13:38:13.656] [info] Core [3] Tile Stats | Issued: 153 Running: 2 Finished: 151
[2026-03-12 13:38:13.656] [info] cycle: [6208000]
[2026-03-12 13:38:13.657] [info] [ICNT] Core->ICNT request 0GB/Sec,0
[2026-03-12 13:38:13.657] [info] [ICNT] Core<-ICNT request 347GB/Sec,86789
[2026-03-12 13:38:13.657] [info] [ICNT] ICNT->MEM request 0GB/Sec,0
[2026-03-12 13:38:13.657] [info] [ICNT] ICNT<-MEM request 0GB/Sec,0
[2026-03-12 13:38:14.283] [info] Core [0] Tile Stats | Issued: 153 Running: 2 Finished: 151
[2026-03-12 13:38:14.283] [info] cycle: [6216000]
[2026-03-12 13:38:14.283] [info] Core [1] Tile Stats | Issued: 155 Running: 2 Finished: 153
[2026-03-12 13:38:14.283] [info] cycle: [6216000]
[2026-03-12 13:38:14.283] [info] Core [2] Tile Stats | Issued: 155 Running: 2 Finished: 153
[2026-03-12 13:38:14.283] [info] cycle: [6216000]
[2026-03-12 13:38:14.283] [info] Core [3] Tile Stats | Issued: 153 Running: 2 Finished: 151
[2026-03-12 13:38:14.283] [info] cycle: [6216000]
[2026-03-12 13:38:14.283] [info] [ICNT] Core->ICNT request 0GB/Sec,0
[2026-03-12 13:38:14.283] [info] [ICNT] Core<-ICNT request 347GB/Sec,86848
[2026-03-12 13:38:14.283] [info] [ICNT] ICNT->MEM request 0GB/Sec,0
[2026-03-12 13:38:14.283] [info] [ICNT] ICNT<-MEM request 0GB/Sec,0
[2026-03-12 13:38:14.914] [info] Core [0] Tile Stats | Issued: 153 Running: 2 Finished: 151
[2026-03-12 13:38:14.914] [info] cycle: [6224000]
[2026-03-12 13:38:14.914] [info] Core [1] Tile Stats | Issued: 155 Running: 2 Finished: 153
[2026-03-12 13:38:14.914] [info] cycle: [6224000]
[2026-03-12 13:38:14.914] [info] Core [2] Tile Stats | Issued: 155 Running: 2 Finished: 153
[2026-03-12 13:38:14.914] [info] cycle: [6224000]
[2026-03-12 13:38:14.914] [info] Core [3] Tile Stats | Issued: 153 Running: 2 Finished: 151
[2026-03-12 13:38:14.914] [info] cycle: [6224000]
[2026-03-12 13:38:14.914] [info] [ICNT] Core->ICNT request 0GB/Sec,0
[2026-03-12 13:38:14.914] [info] [ICNT] Core<-ICNT request 347GB/Sec,86903
[2026-03-12 13:38:14.914] [info] [ICNT] ICNT->MEM request 0GB/Sec,0
[2026-03-12 13:38:14.914] [info] [ICNT] ICNT<-MEM request 0GB/Sec,0
[2026-03-12 13:38:15.523] [info] Core [0] Tile Stats | Issued: 153 Running: 2 Finished: 151
[2026-03-12 13:38:15.523] [info] cycle: [6232000]
[2026-03-12 13:38:15.523] [info] Core [1] Tile Stats | Issued: 155 Running: 2 Finished: 153
[2026-03-12 13:38:15.523] [info] cycle: [6232000]
[2026-03-12 13:38:15.523] [info] Core [2] Tile Stats | Issued: 155 Running: 2 Finished: 153
[2026-03-12 13:38:15.523] [info] cycle: [6232000]
[2026-03-12 13:38:15.523] [info] Core [3] Tile Stats | Issued: 153 Running: 2 Finished: 151
[2026-03-12 13:38:15.523] [info] cycle: [6232000]
[2026-03-12 13:38:15.523] [info] [ICNT] Core->ICNT request 0GB/Sec,0
[2026-03-12 13:38:15.523] [info] [ICNT] Core<-ICNT request 314GB/Sec,78605
[2026-03-12 13:38:15.523] [info] [ICNT] ICNT->MEM request 0GB/Sec,0
[2026-03-12 13:38:15.523] [info] [ICNT] ICNT<-MEM request 0GB/Sec,0
[2026-03-12 13:38:16.180] [info] Core [0] Tile Stats | Issued: 154 Running: 2 Finished: 152
[2026-03-12 13:38:16.181] [info] cycle: [6240000]
[2026-03-12 13:38:16.181] [info] Core [1] Tile Stats | Issued: 155 Running: 2 Finished: 153
[2026-03-12 13:38:16.181] [info] cycle: [6240000]
[2026-03-12 13:38:16.181] [info] Core [2] Tile Stats | Issued: 155 Running: 2 Finished: 153
[2026-03-12 13:38:16.181] [info] cycle: [6240000]
[2026-03-12 13:38:16.181] [info] Core [3] Tile Stats | Issued: 153 Running: 2 Finished: 151
[2026-03-12 13:38:16.181] [info] cycle: [6240000]
[2026-03-12 13:38:16.181] [info] [ICNT] Core->ICNT request 149GB/Sec,37376
[2026-03-12 13:38:16.181] [info] [ICNT] Core<-ICNT request 323GB/Sec,80794
[2026-03-12 13:38:16.181] [info] [ICNT] ICNT->MEM request 0GB/Sec,0
[2026-03-12 13:38:16.181] [info] [ICNT] ICNT<-MEM request 0GB/Sec,0
[2026-03-12 13:38:16.809] [info] Core [0] Tile Stats | Issued: 154 Running: 2 Finished: 152
[2026-03-12 13:38:16.809] [info] cycle: [6248000]
[2026-03-12 13:38:16.809] [info] Core [1] Tile Stats | Issued: 155 Running: 2 Finished: 153
[2026-03-12 13:38:16.809] [info] cycle: [6248000]
[2026-03-12 13:38:16.809] [info] Core [2] Tile Stats | Issued: 155 Running: 2 Finished: 153
[2026-03-12 13:38:16.809] [info] cycle: [6248000]
[2026-03-12 13:38:16.809] [info] Core [3] Tile Stats | Issued: 153 Running: 2 Finished: 151
[2026-03-12 13:38:16.809] [info] cycle: [6248000]
[2026-03-12 13:38:16.809] [info] [ICNT] Core->ICNT request 512GB/Sec,128000
[2026-03-12 13:38:16.809] [info] [ICNT] Core<-ICNT request 332GB/Sec,83161
[2026-03-12 13:38:16.809] [info] [ICNT] ICNT->MEM request 0GB/Sec,0
[2026-03-12 13:38:16.809] [info] [ICNT] ICNT<-MEM request 0GB/Sec,0
[2026-03-12 13:38:17.468] [info] Core [0] Tile Stats | Issued: 154 Running: 2 Finished: 152
[2026-03-12 13:38:17.468] [info] cycle: [6256000]
[2026-03-12 13:38:17.468] [info] Core [1] Tile Stats | Issued: 156 Running: 2 Finished: 154
[2026-03-12 13:38:17.468] [info] cycle: [6256000]
[2026-03-12 13:38:17.468] [info] Core [2] Tile Stats | Issued: 156 Running: 2 Finished: 154
[2026-03-12 13:38:17.468] [info] cycle: [6256000]
[2026-03-12 13:38:17.468] [info] Core [3] Tile Stats | Issued: 154 Running: 2 Finished: 152
[2026-03-12 13:38:17.468] [info] cycle: [6256000]
[2026-03-12 13:38:17.468] [info] [ICNT] Core->ICNT request 1350GB/Sec,337600
[2026-03-12 13:38:17.468] [info] [ICNT] Core<-ICNT request 336GB/Sec,84080
[2026-03-12 13:38:17.468] [info] [ICNT] ICNT->MEM request 0GB/Sec,0
[2026-03-12 13:38:17.468] [info] [ICNT] ICNT<-MEM request 0GB/Sec,0
[2026-03-12 13:38:18.108] [info] Core [0] Tile Stats | Issued: 154 Running: 2 Finished: 152
[2026-03-12 13:38:18.108] [info] cycle: [6264000]
[2026-03-12 13:38:18.108] [info] Core [1] Tile Stats | Issued: 156 Running: 2 Finished: 154
[2026-03-12 13:38:18.108] [info] cycle: [6264000]
[2026-03-12 13:38:18.108] [info] Core [2] Tile Stats | Issued: 156 Running: 2 Finished: 154
[2026-03-12 13:38:18.108] [info] cycle: [6264000]
[2026-03-12 13:38:18.108] [info] Core [3] Tile Stats | Issued: 154 Running: 2 Finished: 152
[2026-03-12 13:38:18.108] [info] cycle: [6264000]
[2026-03-12 13:38:18.108] [info] [ICNT] Core->ICNT request 1536GB/Sec,384000
[2026-03-12 13:38:18.108] [info] [ICNT] Core<-ICNT request 334GB/Sec,83725
[2026-03-12 13:38:18.108] [info] [ICNT] ICNT->MEM request 0GB/Sec,0
[2026-03-12 13:38:18.108] [info] [ICNT] ICNT<-MEM request 0GB/Sec,0
[2026-03-12 13:38:18.750] [info] Core [0] Tile Stats | Issued: 154 Running: 2 Finished: 152
[2026-03-12 13:38:18.750] [info] cycle: [6272000]
[2026-03-12 13:38:18.750] [info] Core [1] Tile Stats | Issued: 156 Running: 2 Finished: 154
[2026-03-12 13:38:18.750] [info] cycle: [6272000]
[2026-03-12 13:38:18.750] [info] Core [2] Tile Stats | Issued: 156 Running: 2 Finished: 154
[2026-03-12 13:38:18.750] [info] cycle: [6272000]
[2026-03-12 13:38:18.750] [info] Core [3] Tile Stats | Issued: 154 Running: 2 Finished: 152
[2026-03-12 13:38:18.750] [info] cycle: [6272000]
[2026-03-12 13:38:18.750] [info] [ICNT] Core->ICNT request 212GB/Sec,53056
[2026-03-12 13:38:18.750] [info] [ICNT] Core<-ICNT request 328GB/Sec,82019
[2026-03-12 13:38:18.750] [info] [ICNT] ICNT->MEM request 0GB/Sec,0
[2026-03-12 13:38:18.750] [info] [ICNT] ICNT<-MEM request 0GB/Sec,0
[2026-03-12 13:38:19.370] [info] Core [0] Tile Stats | Issued: 154 Running: 2 Finished: 152
[2026-03-12 13:38:19.370] [info] cycle: [6280000]
[2026-03-12 13:38:19.370] [info] Core [1] Tile Stats | Issued: 156 Running: 2 Finished: 154
[2026-03-12 13:38:19.370] [info] cycle: [6280000]
[2026-03-12 13:38:19.370] [info] Core [2] Tile Stats | Issued: 156 Running: 2 Finished: 154
[2026-03-12 13:38:19.370] [info] cycle: [6280000]
[2026-03-12 13:38:19.370] [info] Core [3] Tile Stats | Issued: 154 Running: 2 Finished: 152
[2026-03-12 13:38:19.370] [info] cycle: [6280000]
[2026-03-12 13:38:19.370] [info] [ICNT] Core->ICNT request 0GB/Sec,0
[2026-03-12 13:38:19.370] [info] [ICNT] Core<-ICNT request 325GB/Sec,81290
[2026-03-12 13:38:19.370] [info] [ICNT] ICNT->MEM request 0GB/Sec,0
[2026-03-12 13:38:19.370] [info] [ICNT] ICNT<-MEM request 0GB/Sec,0
[2026-03-12 13:38:19.983] [info] Core [0] Tile Stats | Issued: 154 Running: 2 Finished: 152
[2026-03-12 13:38:19.983] [info] cycle: [6288000]
[2026-03-12 13:38:19.983] [info] Core [1] Tile Stats | Issued: 156 Running: 2 Finished: 154
[2026-03-12 13:38:19.983] [info] cycle: [6288000]
[2026-03-12 13:38:19.983] [info] Core [2] Tile Stats | Issued: 156 Running: 2 Finished: 154
[2026-03-12 13:38:19.983] [info] cycle: [6288000]
[2026-03-12 13:38:19.983] [info] Core [3] Tile Stats | Issued: 154 Running: 2 Finished: 152
[2026-03-12 13:38:19.983] [info] cycle: [6288000]
[2026-03-12 13:38:19.983] [info] [ICNT] Core->ICNT request 0GB/Sec,0
[2026-03-12 13:38:19.983] [info] [ICNT] Core<-ICNT request 322GB/Sec,80549
[2026-03-12 13:38:19.983] [info] [ICNT] ICNT->MEM request 0GB/Sec,0
[2026-03-12 13:38:19.983] [info] [ICNT] ICNT<-MEM request 0GB/Sec,0
[2026-03-12 13:38:20.601] [info] Core [0] Tile Stats | Issued: 154 Running: 2 Finished: 152
[2026-03-12 13:38:20.601] [info] cycle: [6296000]
[2026-03-12 13:38:20.601] [info] Core [1] Tile Stats | Issued: 156 Running: 2 Finished: 154
[2026-03-12 13:38:20.601] [info] cycle: [6296000]
[2026-03-12 13:38:20.601] [info] Core [2] Tile Stats | Issued: 156 Running: 2 Finished: 154
[2026-03-12 13:38:20.601] [info] cycle: [6296000]
[2026-03-12 13:38:20.601] [info] Core [3] Tile Stats | Issued: 154 Running: 2 Finished: 152
[2026-03-12 13:38:20.601] [info] cycle: [6296000]
[2026-03-12 13:38:20.601] [info] [ICNT] Core->ICNT request 0GB/Sec,0
[2026-03-12 13:38:20.601] [info] [ICNT] Core<-ICNT request 323GB/Sec,80754
[2026-03-12 13:38:20.601] [info] [ICNT] ICNT->MEM request 0GB/Sec,0
[2026-03-12 13:38:20.601] [info] [ICNT] ICNT<-MEM request 0GB/Sec,0
[2026-03-12 13:38:21.262] [info] Core [0] Tile Stats | Issued: 154 Running: 2 Finished: 152
[2026-03-12 13:38:21.262] [info] cycle: [6304000]
[2026-03-12 13:38:21.262] [info] Core [1] Tile Stats | Issued: 156 Running: 2 Finished: 154
[2026-03-12 13:38:21.262] [info] cycle: [6304000]
[2026-03-12 13:38:21.262] [info] Core [2] Tile Stats | Issued: 156 Running: 2 Finished: 154
[2026-03-12 13:38:21.262] [info] cycle: [6304000]
[2026-03-12 13:38:21.262] [info] Core [3] Tile Stats | Issued: 154 Running: 2 Finished: 152
[2026-03-12 13:38:21.262] [info] cycle: [6304000]
[2026-03-12 13:38:21.262] [info] [ICNT] Core->ICNT request 0GB/Sec,0
[2026-03-12 13:38:21.262] [info] [ICNT] Core<-ICNT request 325GB/Sec,81479
[2026-03-12 13:38:21.262] [info] [ICNT] ICNT->MEM request 0GB/Sec,0
[2026-03-12 13:38:21.262] [info] [ICNT] ICNT<-MEM request 0GB/Sec,0
[2026-03-12 13:38:21.889] [info] Core [0] Tile Stats | Issued: 154 Running: 2 Finished: 152
[2026-03-12 13:38:21.889] [info] cycle: [6312000]
[2026-03-12 13:38:21.889] [info] Core [1] Tile Stats | Issued: 156 Running: 2 Finished: 154
[2026-03-12 13:38:21.889] [info] cycle: [6312000]
[2026-03-12 13:38:21.889] [info] Core [2] Tile Stats | Issued: 156 Running: 2 Finished: 154
[2026-03-12 13:38:21.889] [info] cycle: [6312000]
[2026-03-12 13:38:21.889] [info] Core [3] Tile Stats | Issued: 154 Running: 2 Finished: 152
[2026-03-12 13:38:21.889] [info] cycle: [6312000]
[2026-03-12 13:38:21.889] [info] [ICNT] Core->ICNT request 0GB/Sec,0
[2026-03-12 13:38:21.889] [info] [ICNT] Core<-ICNT request 326GB/Sec,81574
[2026-03-12 13:38:21.889] [info] [ICNT] ICNT->MEM request 0GB/Sec,0
[2026-03-12 13:38:21.889] [info] [ICNT] ICNT<-MEM request 0GB/Sec,0
[2026-03-12 13:38:22.514] [info] Core [0] Tile Stats | Issued: 154 Running: 2 Finished: 152
[2026-03-12 13:38:22.515] [info] cycle: [6320000]
[2026-03-12 13:38:22.515] [info] Core [1] Tile Stats | Issued: 156 Running: 2 Finished: 154
[2026-03-12 13:38:22.515] [info] cycle: [6320000]
[2026-03-12 13:38:22.515] [info] Core [2] Tile Stats | Issued: 156 Running: 2 Finished: 154
[2026-03-12 13:38:22.515] [info] cycle: [6320000]
[2026-03-12 13:38:22.515] [info] Core [3] Tile Stats | Issued: 154 Running: 2 Finished: 152
[2026-03-12 13:38:22.515] [info] cycle: [6320000]
[2026-03-12 13:38:22.515] [info] [ICNT] Core->ICNT request 0GB/Sec,0
[2026-03-12 13:38:22.515] [info] [ICNT] Core<-ICNT request 329GB/Sec,82367
[2026-03-12 13:38:22.515] [info] [ICNT] ICNT->MEM request 0GB/Sec,0
[2026-03-12 13:38:22.515] [info] [ICNT] ICNT<-MEM request 0GB/Sec,0
[2026-03-12 13:38:23.142] [info] Core [0] Tile Stats | Issued: 154 Running: 2 Finished: 152
[2026-03-12 13:38:23.142] [info] cycle: [6328000]
[2026-03-12 13:38:23.142] [info] Core [1] Tile Stats | Issued: 156 Running: 2 Finished: 154
[2026-03-12 13:38:23.142] [info] cycle: [6328000]
[2026-03-12 13:38:23.142] [info] Core [2] Tile Stats | Issued: 156 Running: 2 Finished: 154
[2026-03-12 13:38:23.142] [info] cycle: [6328000]
[2026-03-12 13:38:23.142] [info] Core [3] Tile Stats | Issued: 154 Running: 2 Finished: 152
[2026-03-12 13:38:23.142] [info] cycle: [6328000]
[2026-03-12 13:38:23.142] [info] [ICNT] Core->ICNT request 0GB/Sec,0
[2026-03-12 13:38:23.142] [info] [ICNT] Core<-ICNT request 369GB/Sec,92487
[2026-03-12 13:38:23.142] [info] [ICNT] ICNT->MEM request 0GB/Sec,0
[2026-03-12 13:38:23.142] [info] [ICNT] ICNT<-MEM request 0GB/Sec,0
[2026-03-12 13:38:23.762] [info] Core [0] Tile Stats | Issued: 155 Running: 2 Finished: 153
[2026-03-12 13:38:23.762] [info] cycle: [6336000]
[2026-03-12 13:38:23.762] [info] Core [1] Tile Stats | Issued: 156 Running: 2 Finished: 154
[2026-03-12 13:38:23.762] [info] cycle: [6336000]
[2026-03-12 13:38:23.762] [info] Core [2] Tile Stats | Issued: 156 Running: 2 Finished: 154
[2026-03-12 13:38:23.762] [info] cycle: [6336000]
[2026-03-12 13:38:23.762] [info] Core [3] Tile Stats | Issued: 154 Running: 2 Finished: 152
[2026-03-12 13:38:23.762] [info] cycle: [6336000]
[2026-03-12 13:38:23.762] [info] [ICNT] Core->ICNT request 189GB/Sec,47408
[2026-03-12 13:38:23.762] [info] [ICNT] Core<-ICNT request 443GB/Sec,110836
[2026-03-12 13:38:23.762] [info] [ICNT] ICNT->MEM request 0GB/Sec,0
[2026-03-12 13:38:23.762] [info] [ICNT] ICNT<-MEM request 0GB/Sec,0
[2026-03-12 13:38:24.383] [info] Core [0] Tile Stats | Issued: 155 Running: 2 Finished: 153
[2026-03-12 13:38:24.383] [info] cycle: [6344000]
[2026-03-12 13:38:24.383] [info] Core [1] Tile Stats | Issued: 157 Running: 2 Finished: 155
[2026-03-12 13:38:24.383] [info] cycle: [6344000]
[2026-03-12 13:38:24.383] [info] Core [2] Tile Stats | Issued: 157 Running: 2 Finished: 155
[2026-03-12 13:38:24.383] [info] cycle: [6344000]
[2026-03-12 13:38:24.383] [info] Core [3] Tile Stats | Issued: 155 Running: 2 Finished: 153
[2026-03-12 13:38:24.383] [info] cycle: [6344000]
[2026-03-12 13:38:24.383] [info] [ICNT] Core->ICNT request 1219GB/Sec,304856
[2026-03-12 13:38:24.383] [info] [ICNT] Core<-ICNT request 478GB/Sec,119575
[2026-03-12 13:38:24.383] [info] [ICNT] ICNT->MEM request 0GB/Sec,0
[2026-03-12 13:38:24.383] [info] [ICNT] ICNT<-MEM request 0GB/Sec,0
[2026-03-12 13:38:25.028] [info] Core [0] Tile Stats | Issued: 155 Running: 2 Finished: 153
[2026-03-12 13:38:25.028] [info] cycle: [6352000]
[2026-03-12 13:38:25.028] [info] Core [1] Tile Stats | Issued: 157 Running: 2 Finished: 155
[2026-03-12 13:38:25.028] [info] cycle: [6352000]
[2026-03-12 13:38:25.028] [info] Core [2] Tile Stats | Issued: 157 Running: 2 Finished: 155
[2026-03-12 13:38:25.028] [info] cycle: [6352000]
[2026-03-12 13:38:25.028] [info] Core [3] Tile Stats | Issued: 155 Running: 2 Finished: 153
[2026-03-12 13:38:25.028] [info] cycle: [6352000]
[2026-03-12 13:38:25.028] [info] [ICNT] Core->ICNT request 1784GB/Sec,446000
[2026-03-12 13:38:25.028] [info] [ICNT] Core<-ICNT request 458GB/Sec,114709
[2026-03-12 13:38:25.028] [info] [ICNT] ICNT->MEM request 0GB/Sec,0
[2026-03-12 13:38:25.028] [info] [ICNT] ICNT<-MEM request 0GB/Sec,0
[2026-03-12 13:38:25.661] [info] Core [0] Tile Stats | Issued: 155 Running: 2 Finished: 153
[2026-03-12 13:38:25.661] [info] cycle: [6360000]
[2026-03-12 13:38:25.661] [info] Core [1] Tile Stats | Issued: 157 Running: 2 Finished: 155
[2026-03-12 13:38:25.661] [info] cycle: [6360000]
[2026-03-12 13:38:25.661] [info] Core [2] Tile Stats | Issued: 157 Running: 2 Finished: 155
[2026-03-12 13:38:25.661] [info] cycle: [6360000]
[2026-03-12 13:38:25.661] [info] Core [3] Tile Stats | Issued: 155 Running: 2 Finished: 153
[2026-03-12 13:38:25.661] [info] cycle: [6360000]
[2026-03-12 13:38:25.661] [info] [ICNT] Core->ICNT request 589GB/Sec,147400
[2026-03-12 13:38:25.661] [info] [ICNT] Core<-ICNT request 452GB/Sec,113049
[2026-03-12 13:38:25.661] [info] [ICNT] ICNT->MEM request 0GB/Sec,0
[2026-03-12 13:38:25.661] [info] [ICNT] ICNT<-MEM request 0GB/Sec,0
[2026-03-12 13:38:26.331] [info] Core [0] Tile Stats | Issued: 156 Running: 2 Finished: 154
[2026-03-12 13:38:26.331] [info] cycle: [6368000]
[2026-03-12 13:38:26.331] [info] Core [1] Tile Stats | Issued: 157 Running: 2 Finished: 155
[2026-03-12 13:38:26.331] [info] cycle: [6368000]
[2026-03-12 13:38:26.331] [info] Core [2] Tile Stats | Issued: 157 Running: 2 Finished: 155
[2026-03-12 13:38:26.331] [info] cycle: [6368000]
[2026-03-12 13:38:26.331] [info] Core [3] Tile Stats | Issued: 155 Running: 2 Finished: 153
[2026-03-12 13:38:26.331] [info] cycle: [6368000]
[2026-03-12 13:38:26.331] [info] [ICNT] Core->ICNT request 224GB/Sec,56048
[2026-03-12 13:38:26.331] [info] [ICNT] Core<-ICNT request 437GB/Sec,109267
[2026-03-12 13:38:26.331] [info] [ICNT] ICNT->MEM request 0GB/Sec,0
[2026-03-12 13:38:26.331] [info] [ICNT] ICNT<-MEM request 0GB/Sec,0
[2026-03-12 13:38:26.972] [info] Core [0] Tile Stats | Issued: 156 Running: 2 Finished: 154
[2026-03-12 13:38:26.972] [info] cycle: [6376000]
[2026-03-12 13:38:26.972] [info] Core [1] Tile Stats | Issued: 157 Running: 2 Finished: 155
[2026-03-12 13:38:26.972] [info] cycle: [6376000]
[2026-03-12 13:38:26.972] [info] Core [2] Tile Stats | Issued: 157 Running: 2 Finished: 155
[2026-03-12 13:38:26.972] [info] cycle: [6376000]
[2026-03-12 13:38:26.972] [info] Core [3] Tile Stats | Issued: 155 Running: 2 Finished: 153
[2026-03-12 13:38:26.972] [info] cycle: [6376000]
[2026-03-12 13:38:26.972] [info] [ICNT] Core->ICNT request 512GB/Sec,128000
[2026-03-12 13:38:26.972] [info] [ICNT] Core<-ICNT request 418GB/Sec,104703
[2026-03-12 13:38:26.972] [info] [ICNT] ICNT->MEM request 0GB/Sec,0
[2026-03-12 13:38:26.972] [info] [ICNT] ICNT<-MEM request 0GB/Sec,0
[2026-03-12 13:38:27.601] [info] Core [0] Tile Stats | Issued: 156 Running: 2 Finished: 154
[2026-03-12 13:38:27.601] [info] cycle: [6384000]
[2026-03-12 13:38:27.601] [info] Core [1] Tile Stats | Issued: 157 Running: 2 Finished: 155
[2026-03-12 13:38:27.601] [info] cycle: [6384000]
[2026-03-12 13:38:27.601] [info] Core [2] Tile Stats | Issued: 157 Running: 2 Finished: 155
[2026-03-12 13:38:27.601] [info] cycle: [6384000]
[2026-03-12 13:38:27.601] [info] Core [3] Tile Stats | Issued: 155 Running: 2 Finished: 153
[2026-03-12 13:38:27.601] [info] cycle: [6384000]
[2026-03-12 13:38:27.601] [info] [ICNT] Core->ICNT request 207GB/Sec,51760
[2026-03-12 13:38:27.601] [info] [ICNT] Core<-ICNT request 417GB/Sec,104442
[2026-03-12 13:38:27.601] [info] [ICNT] ICNT->MEM request 0GB/Sec,0
[2026-03-12 13:38:27.601] [info] [ICNT] ICNT<-MEM request 0GB/Sec,0
[2026-03-12 13:38:28.244] [info] Core [0] Tile Stats | Issued: 156 Running: 2 Finished: 154
[2026-03-12 13:38:28.244] [info] cycle: [6392000]
[2026-03-12 13:38:28.244] [info] Core [1] Tile Stats | Issued: 157 Running: 2 Finished: 155
[2026-03-12 13:38:28.244] [info] cycle: [6392000]
[2026-03-12 13:38:28.244] [info] Core [2] Tile Stats | Issued: 157 Running: 2 Finished: 155
[2026-03-12 13:38:28.244] [info] cycle: [6392000]
[2026-03-12 13:38:28.244] [info] Core [3] Tile Stats | Issued: 155 Running: 2 Finished: 153
[2026-03-12 13:38:28.244] [info] cycle: [6392000]
[2026-03-12 13:38:28.244] [info] [ICNT] Core->ICNT request 0GB/Sec,0
[2026-03-12 13:38:28.244] [info] [ICNT] Core<-ICNT request 418GB/Sec,104646
[2026-03-12 13:38:28.244] [info] [ICNT] ICNT->MEM request 0GB/Sec,0
[2026-03-12 13:38:28.244] [info] [ICNT] ICNT<-MEM request 0GB/Sec,0
[2026-03-12 13:38:28.673] [info] HBM2-CH_0: BW utilization 68% (625591 reads, 35870 writes)
[2026-03-12 13:38:28.874] [info] Core [0] Tile Stats | Issued: 156 Running: 2 Finished: 154
[2026-03-12 13:38:28.875] [info] cycle: [6400000]
[2026-03-12 13:38:28.875] [info] Core [1] Tile Stats | Issued: 157 Running: 2 Finished: 155
[2026-03-12 13:38:28.875] [info] cycle: [6400000]
[2026-03-12 13:38:28.875] [info] Core [2] Tile Stats | Issued: 157 Running: 2 Finished: 155
[2026-03-12 13:38:28.875] [info] cycle: [6400000]
[2026-03-12 13:38:28.875] [info] Core [3] Tile Stats | Issued: 155 Running: 2 Finished: 153
[2026-03-12 13:38:28.875] [info] cycle: [6400000]
[2026-03-12 13:38:28.875] [info] [ICNT] Core->ICNT request 0GB/Sec,0
[2026-03-12 13:38:28.875] [info] [ICNT] Core<-ICNT request 427GB/Sec,106914
[2026-03-12 13:38:28.875] [info] [ICNT] ICNT->MEM request 0GB/Sec,0
[2026-03-12 13:38:28.875] [info] [ICNT] ICNT<-MEM request 0GB/Sec,0
[2026-03-12 13:38:29.511] [info] Core [0] Tile Stats | Issued: 156 Running: 2 Finished: 154
[2026-03-12 13:38:29.511] [info] cycle: [6408000]
[2026-03-12 13:38:29.511] [info] Core [1] Tile Stats | Issued: 157 Running: 2 Finished: 155
[2026-03-12 13:38:29.511] [info] cycle: [6408000]
[2026-03-12 13:38:29.511] [info] Core [2] Tile Stats | Issued: 158 Running: 2 Finished: 156
[2026-03-12 13:38:29.511] [info] cycle: [6408000]
[2026-03-12 13:38:29.511] [info] Core [3] Tile Stats | Issued: 156 Running: 2 Finished: 154
[2026-03-12 13:38:29.511] [info] cycle: [6408000]
[2026-03-12 13:38:29.511] [info] [ICNT] Core->ICNT request 16GB/Sec,4232
[2026-03-12 13:38:29.511] [info] [ICNT] Core<-ICNT request 445GB/Sec,111496
[2026-03-12 13:38:29.511] [info] [ICNT] ICNT->MEM request 0GB/Sec,0
[2026-03-12 13:38:29.511] [info] [ICNT] ICNT<-MEM request 0GB/Sec,0
[2026-03-12 13:38:30.179] [info] Core [0] Tile Stats | Issued: 156 Running: 2 Finished: 154
[2026-03-12 13:38:30.179] [info] cycle: [6416000]
[2026-03-12 13:38:30.179] [info] Core [1] Tile Stats | Issued: 158 Running: 2 Finished: 156
[2026-03-12 13:38:30.179] [info] cycle: [6416000]
[2026-03-12 13:38:30.179] [info] Core [2] Tile Stats | Issued: 158 Running: 2 Finished: 156
[2026-03-12 13:38:30.179] [info] cycle: [6416000]
[2026-03-12 13:38:30.179] [info] Core [3] Tile Stats | Issued: 156 Running: 2 Finished: 154
[2026-03-12 13:38:30.179] [info] cycle: [6416000]
[2026-03-12 13:38:30.179] [info] [ICNT] Core->ICNT request 1522GB/Sec,380704
[2026-03-12 13:38:30.179] [info] [ICNT] Core<-ICNT request 445GB/Sec,111286
[2026-03-12 13:38:30.179] [info] [ICNT] ICNT->MEM request 0GB/Sec,0
[2026-03-12 13:38:30.179] [info] [ICNT] ICNT<-MEM request 0GB/Sec,0
[2026-03-12 13:38:30.835] [info] Core [0] Tile Stats | Issued: 156 Running: 2 Finished: 154
[2026-03-12 13:38:30.835] [info] cycle: [6424000]
[2026-03-12 13:38:30.835] [info] Core [1] Tile Stats | Issued: 158 Running: 2 Finished: 156
[2026-03-12 13:38:30.835] [info] cycle: [6424000]
[2026-03-12 13:38:30.835] [info] Core [2] Tile Stats | Issued: 158 Running: 2 Finished: 156
[2026-03-12 13:38:30.835] [info] cycle: [6424000]
[2026-03-12 13:38:30.835] [info] Core [3] Tile Stats | Issued: 156 Running: 2 Finished: 154
[2026-03-12 13:38:30.835] [info] cycle: [6424000]
[2026-03-12 13:38:30.835] [info] [ICNT] Core->ICNT request 1280GB/Sec,320120
[2026-03-12 13:38:30.835] [info] [ICNT] Core<-ICNT request 433GB/Sec,108415
[2026-03-12 13:38:30.835] [info] [ICNT] ICNT->MEM request 0GB/Sec,0
[2026-03-12 13:38:30.835] [info] [ICNT] ICNT<-MEM request 0GB/Sec,0
[2026-03-12 13:38:31.495] [info] Core [0] Tile Stats | Issued: 156 Running: 2 Finished: 154
[2026-03-12 13:38:31.495] [info] cycle: [6432000]
[2026-03-12 13:38:31.495] [info] Core [1] Tile Stats | Issued: 158 Running: 2 Finished: 156
[2026-03-12 13:38:31.495] [info] cycle: [6432000]
[2026-03-12 13:38:31.495] [info] Core [2] Tile Stats | Issued: 158 Running: 2 Finished: 156
[2026-03-12 13:38:31.495] [info] cycle: [6432000]
[2026-03-12 13:38:31.495] [info] Core [3] Tile Stats | Issued: 156 Running: 2 Finished: 154
[2026-03-12 13:38:31.495] [info] cycle: [6432000]
[2026-03-12 13:38:31.495] [info] [ICNT] Core->ICNT request 0GB/Sec,0
[2026-03-12 13:38:31.495] [info] [ICNT] Core<-ICNT request 430GB/Sec,107701
[2026-03-12 13:38:31.495] [info] [ICNT] ICNT->MEM request 0GB/Sec,0
[2026-03-12 13:38:31.495] [info] [ICNT] ICNT<-MEM request 0GB/Sec,0
[2026-03-12 13:38:32.141] [info] Core [0] Tile Stats | Issued: 156 Running: 2 Finished: 154
[2026-03-12 13:38:32.141] [info] cycle: [6440000]
[2026-03-12 13:38:32.141] [info] Core [1] Tile Stats | Issued: 158 Running: 2 Finished: 156
[2026-03-12 13:38:32.141] [info] cycle: [6440000]
[2026-03-12 13:38:32.141] [info] Core [2] Tile Stats | Issued: 158 Running: 2 Finished: 156
[2026-03-12 13:38:32.141] [info] cycle: [6440000]
[2026-03-12 13:38:32.141] [info] Core [3] Tile Stats | Issued: 156 Running: 2 Finished: 154
[2026-03-12 13:38:32.141] [info] cycle: [6440000]
[2026-03-12 13:38:32.141] [info] [ICNT] Core->ICNT request 0GB/Sec,0
[2026-03-12 13:38:32.141] [info] [ICNT] Core<-ICNT request 423GB/Sec,105889
[2026-03-12 13:38:32.141] [info] [ICNT] ICNT->MEM request 0GB/Sec,0
[2026-03-12 13:38:32.141] [info] [ICNT] ICNT<-MEM request 0GB/Sec,0
[2026-03-12 13:38:32.767] [info] Core [0] Tile Stats | Issued: 156 Running: 2 Finished: 154
[2026-03-12 13:38:32.767] [info] cycle: [6448000]
[2026-03-12 13:38:32.767] [info] Core [1] Tile Stats | Issued: 158 Running: 2 Finished: 156
[2026-03-12 13:38:32.767] [info] cycle: [6448000]
[2026-03-12 13:38:32.767] [info] Core [2] Tile Stats | Issued: 158 Running: 2 Finished: 156
[2026-03-12 13:38:32.767] [info] cycle: [6448000]
[2026-03-12 13:38:32.767] [info] Core [3] Tile Stats | Issued: 156 Running: 2 Finished: 154
[2026-03-12 13:38:32.767] [info] cycle: [6448000]
[2026-03-12 13:38:32.767] [info] [ICNT] Core->ICNT request 0GB/Sec,0
[2026-03-12 13:38:32.767] [info] [ICNT] Core<-ICNT request 387GB/Sec,96970
[2026-03-12 13:38:32.767] [info] [ICNT] ICNT->MEM request 0GB/Sec,0
[2026-03-12 13:38:32.767] [info] [ICNT] ICNT<-MEM request 0GB/Sec,0
[2026-03-12 13:38:33.444] [info] Core [0] Tile Stats | Issued: 157 Running: 2 Finished: 155
[2026-03-12 13:38:33.444] [info] cycle: [6456000]
[2026-03-12 13:38:33.444] [info] Core [1] Tile Stats | Issued: 158 Running: 2 Finished: 156
[2026-03-12 13:38:33.444] [info] cycle: [6456000]
[2026-03-12 13:38:33.444] [info] Core [2] Tile Stats | Issued: 158 Running: 2 Finished: 156
[2026-03-12 13:38:33.444] [info] cycle: [6456000]
[2026-03-12 13:38:33.444] [info] Core [3] Tile Stats | Issued: 156 Running: 2 Finished: 154
[2026-03-12 13:38:33.444] [info] cycle: [6456000]
[2026-03-12 13:38:33.444] [info] [ICNT] Core->ICNT request 154GB/Sec,38576
[2026-03-12 13:38:33.444] [info] [ICNT] Core<-ICNT request 396GB/Sec,99093
[2026-03-12 13:38:33.444] [info] [ICNT] ICNT->MEM request 0GB/Sec,0
[2026-03-12 13:38:33.444] [info] [ICNT] ICNT<-MEM request 0GB/Sec,0
[2026-03-12 13:38:34.101] [info] Core [0] Tile Stats | Issued: 157 Running: 2 Finished: 155
[2026-03-12 13:38:34.101] [info] cycle: [6464000]
[2026-03-12 13:38:34.101] [info] Core [1] Tile Stats | Issued: 158 Running: 2 Finished: 156
[2026-03-12 13:38:34.101] [info] cycle: [6464000]
[2026-03-12 13:38:34.101] [info] Core [2] Tile Stats | Issued: 158 Running: 2 Finished: 156
[2026-03-12 13:38:34.101] [info] cycle: [6464000]
[2026-03-12 13:38:34.101] [info] Core [3] Tile Stats | Issued: 156 Running: 2 Finished: 154
[2026-03-12 13:38:34.101] [info] cycle: [6464000]
[2026-03-12 13:38:34.101] [info] [ICNT] Core->ICNT request 512GB/Sec,128000
[2026-03-12 13:38:34.101] [info] [ICNT] Core<-ICNT request 399GB/Sec,99837
[2026-03-12 13:38:34.101] [info] [ICNT] ICNT->MEM request 0GB/Sec,0
[2026-03-12 13:38:34.101] [info] [ICNT] ICNT<-MEM request 0GB/Sec,0
[2026-03-12 13:38:34.739] [info] Core [0] Tile Stats | Issued: 157 Running: 2 Finished: 155
[2026-03-12 13:38:34.739] [info] cycle: [6472000]
[2026-03-12 13:38:34.739] [info] Core [1] Tile Stats | Issued: 158 Running: 2 Finished: 156
[2026-03-12 13:38:34.739] [info] cycle: [6472000]
[2026-03-12 13:38:34.739] [info] Core [2] Tile Stats | Issued: 158 Running: 2 Finished: 156
[2026-03-12 13:38:34.739] [info] cycle: [6472000]
[2026-03-12 13:38:34.739] [info] Core [3] Tile Stats | Issued: 156 Running: 2 Finished: 154
[2026-03-12 13:38:34.739] [info] cycle: [6472000]
[2026-03-12 13:38:34.739] [info] [ICNT] Core->ICNT request 273GB/Sec,68432
[2026-03-12 13:38:34.739] [info] [ICNT] Core<-ICNT request 392GB/Sec,98082
[2026-03-12 13:38:34.739] [info] [ICNT] ICNT->MEM request 0GB/Sec,0
[2026-03-12 13:38:34.739] [info] [ICNT] ICNT<-MEM request 0GB/Sec,0
[2026-03-12 13:38:35.408] [info] Core [0] Tile Stats | Issued: 157 Running: 2 Finished: 155
[2026-03-12 13:38:35.408] [info] cycle: [6480000]
[2026-03-12 13:38:35.408] [info] Core [1] Tile Stats | Issued: 158 Running: 2 Finished: 156
[2026-03-12 13:38:35.408] [info] cycle: [6480000]
[2026-03-12 13:38:35.408] [info] Core [2] Tile Stats | Issued: 158 Running: 2 Finished: 156
[2026-03-12 13:38:35.408] [info] cycle: [6480000]
[2026-03-12 13:38:35.408] [info] Core [3] Tile Stats | Issued: 156 Running: 2 Finished: 154
[2026-03-12 13:38:35.408] [info] cycle: [6480000]
[2026-03-12 13:38:35.408] [info] [ICNT] Core->ICNT request 0GB/Sec,0
[2026-03-12 13:38:35.408] [info] [ICNT] Core<-ICNT request 425GB/Sec,106287
[2026-03-12 13:38:35.408] [info] [ICNT] ICNT->MEM request 0GB/Sec,0
[2026-03-12 13:38:35.408] [info] [ICNT] ICNT<-MEM request 0GB/Sec,0
[2026-03-12 13:38:36.101] [info] Core [0] Tile Stats | Issued: 157 Running: 2 Finished: 155
[2026-03-12 13:38:36.101] [info] cycle: [6488000]
[2026-03-12 13:38:36.101] [info] Core [1] Tile Stats | Issued: 158 Running: 2 Finished: 156
[2026-03-12 13:38:36.101] [info] cycle: [6488000]
[2026-03-12 13:38:36.101] [info] Core [2] Tile Stats | Issued: 158 Running: 2 Finished: 156
[2026-03-12 13:38:36.101] [info] cycle: [6488000]
[2026-03-12 13:38:36.101] [info] Core [3] Tile Stats | Issued: 156 Running: 2 Finished: 154
[2026-03-12 13:38:36.101] [info] cycle: [6488000]
[2026-03-12 13:38:36.101] [info] [ICNT] Core->ICNT request 0GB/Sec,0
[2026-03-12 13:38:36.101] [info] [ICNT] Core<-ICNT request 466GB/Sec,116666
[2026-03-12 13:38:36.101] [info] [ICNT] ICNT->MEM request 0GB/Sec,0
[2026-03-12 13:38:36.101] [info] [ICNT] ICNT<-MEM request 0GB/Sec,0
[2026-03-12 13:38:36.782] [info] Core [0] Tile Stats | Issued: 157 Running: 2 Finished: 155
[2026-03-12 13:38:36.782] [info] cycle: [6496000]
[2026-03-12 13:38:36.782] [info] Core [1] Tile Stats | Issued: 159 Running: 2 Finished: 157
[2026-03-12 13:38:36.782] [info] cycle: [6496000]
[2026-03-12 13:38:36.782] [info] Core [2] Tile Stats | Issued: 159 Running: 2 Finished: 157
[2026-03-12 13:38:36.782] [info] cycle: [6496000]
[2026-03-12 13:38:36.782] [info] Core [3] Tile Stats | Issued: 157 Running: 2 Finished: 155
[2026-03-12 13:38:36.782] [info] cycle: [6496000]
[2026-03-12 13:38:36.782] [info] [ICNT] Core->ICNT request 1172GB/Sec,293104
[2026-03-12 13:38:36.782] [info] [ICNT] Core<-ICNT request 461GB/Sec,115355
[2026-03-12 13:38:36.782] [info] [ICNT] ICNT->MEM request 0GB/Sec,0
[2026-03-12 13:38:36.782] [info] [ICNT] ICNT<-MEM request 0GB/Sec,0
[2026-03-12 13:38:37.458] [info] Core [0] Tile Stats | Issued: 157 Running: 2 Finished: 155
[2026-03-12 13:38:37.458] [info] cycle: [6504000]
[2026-03-12 13:38:37.458] [info] Core [1] Tile Stats | Issued: 159 Running: 2 Finished: 157
[2026-03-12 13:38:37.458] [info] cycle: [6504000]
[2026-03-12 13:38:37.458] [info] Core [2] Tile Stats | Issued: 159 Running: 2 Finished: 157
[2026-03-12 13:38:37.458] [info] cycle: [6504000]
[2026-03-12 13:38:37.458] [info] Core [3] Tile Stats | Issued: 157 Running: 2 Finished: 155
[2026-03-12 13:38:37.458] [info] cycle: [6504000]
[2026-03-12 13:38:37.458] [info] [ICNT] Core->ICNT request 1536GB/Sec,384000
[2026-03-12 13:38:37.458] [info] [ICNT] Core<-ICNT request 444GB/Sec,111045
[2026-03-12 13:38:37.458] [info] [ICNT] ICNT->MEM request 0GB/Sec,0
[2026-03-12 13:38:37.458] [info] [ICNT] ICNT<-MEM request 0GB/Sec,0
[2026-03-12 13:38:38.111] [info] Core [0] Tile Stats | Issued: 158 Running: 2 Finished: 156
[2026-03-12 13:38:38.111] [info] cycle: [6512000]
[2026-03-12 13:38:38.111] [info] Core [1] Tile Stats | Issued: 159 Running: 2 Finished: 157
[2026-03-12 13:38:38.111] [info] cycle: [6512000]
[2026-03-12 13:38:38.111] [info] Core [2] Tile Stats | Issued: 159 Running: 2 Finished: 157
[2026-03-12 13:38:38.111] [info] cycle: [6512000]
[2026-03-12 13:38:38.111] [info] Core [3] Tile Stats | Issued: 157 Running: 2 Finished: 155
[2026-03-12 13:38:38.111] [info] cycle: [6512000]
[2026-03-12 13:38:38.111] [info] [ICNT] Core->ICNT request 614GB/Sec,153568
[2026-03-12 13:38:38.111] [info] [ICNT] Core<-ICNT request 440GB/Sec,110104
[2026-03-12 13:38:38.111] [info] [ICNT] ICNT->MEM request 0GB/Sec,0
[2026-03-12 13:38:38.111] [info] [ICNT] ICNT<-MEM request 0GB/Sec,0
[2026-03-12 13:38:38.778] [info] Core [0] Tile Stats | Issued: 158 Running: 2 Finished: 156
[2026-03-12 13:38:38.778] [info] cycle: [6520000]
[2026-03-12 13:38:38.778] [info] Core [1] Tile Stats | Issued: 159 Running: 2 Finished: 157
[2026-03-12 13:38:38.778] [info] cycle: [6520000]
[2026-03-12 13:38:38.778] [info] Core [2] Tile Stats | Issued: 159 Running: 2 Finished: 157
[2026-03-12 13:38:38.778] [info] cycle: [6520000]
[2026-03-12 13:38:38.778] [info] Core [3] Tile Stats | Issued: 157 Running: 2 Finished: 155
[2026-03-12 13:38:38.778] [info] cycle: [6520000]
[2026-03-12 13:38:38.778] [info] [ICNT] Core->ICNT request 437GB/Sec,109360
[2026-03-12 13:38:38.778] [info] [ICNT] Core<-ICNT request 433GB/Sec,108292
[2026-03-12 13:38:38.778] [info] [ICNT] ICNT->MEM request 0GB/Sec,0
[2026-03-12 13:38:38.778] [info] [ICNT] ICNT<-MEM request 0GB/Sec,0
[2026-03-12 13:38:39.416] [info] Core [0] Tile Stats | Issued: 158 Running: 2 Finished: 156
[2026-03-12 13:38:39.416] [info] cycle: [6528000]
[2026-03-12 13:38:39.416] [info] Core [1] Tile Stats | Issued: 159 Running: 2 Finished: 157
[2026-03-12 13:38:39.416] [info] cycle: [6528000]
[2026-03-12 13:38:39.416] [info] Core [2] Tile Stats | Issued: 159 Running: 2 Finished: 157
[2026-03-12 13:38:39.416] [info] cycle: [6528000]
[2026-03-12 13:38:39.416] [info] Core [3] Tile Stats | Issued: 157 Running: 2 Finished: 155
[2026-03-12 13:38:39.416] [info] cycle: [6528000]
[2026-03-12 13:38:39.416] [info] [ICNT] Core->ICNT request 0GB/Sec,0
[2026-03-12 13:38:39.416] [info] [ICNT] Core<-ICNT request 433GB/Sec,108284
[2026-03-12 13:38:39.416] [info] [ICNT] ICNT->MEM request 0GB/Sec,0
[2026-03-12 13:38:39.416] [info] [ICNT] ICNT<-MEM request 0GB/Sec,0
[2026-03-12 13:38:40.030] [info] Core [0] Tile Stats | Issued: 158 Running: 2 Finished: 156
[2026-03-12 13:38:40.030] [info] cycle: [6536000]
[2026-03-12 13:38:40.030] [info] Core [1] Tile Stats | Issued: 159 Running: 2 Finished: 157
[2026-03-12 13:38:40.030] [info] cycle: [6536000]
[2026-03-12 13:38:40.030] [info] Core [2] Tile Stats | Issued: 159 Running: 2 Finished: 157
[2026-03-12 13:38:40.030] [info] cycle: [6536000]
[2026-03-12 13:38:40.030] [info] Core [3] Tile Stats | Issued: 157 Running: 2 Finished: 155
[2026-03-12 13:38:40.030] [info] cycle: [6536000]
[2026-03-12 13:38:40.030] [info] [ICNT] Core->ICNT request 0GB/Sec,0
[2026-03-12 13:38:40.030] [info] [ICNT] Core<-ICNT request 445GB/Sec,111488
[2026-03-12 13:38:40.030] [info] [ICNT] ICNT->MEM request 0GB/Sec,0
[2026-03-12 13:38:40.030] [info] [ICNT] ICNT<-MEM request 0GB/Sec,0
[2026-03-12 13:38:40.634] [info] Core [0] Tile Stats | Issued: 158 Running: 2 Finished: 156
[2026-03-12 13:38:40.634] [info] cycle: [6544000]
[2026-03-12 13:38:40.634] [info] Core [1] Tile Stats | Issued: 159 Running: 2 Finished: 157
[2026-03-12 13:38:40.634] [info] cycle: [6544000]
[2026-03-12 13:38:40.634] [info] Core [2] Tile Stats | Issued: 159 Running: 2 Finished: 157
[2026-03-12 13:38:40.634] [info] cycle: [6544000]
[2026-03-12 13:38:40.634] [info] Core [3] Tile Stats | Issued: 157 Running: 2 Finished: 155
[2026-03-12 13:38:40.634] [info] cycle: [6544000]
[2026-03-12 13:38:40.634] [info] [ICNT] Core->ICNT request 9GB/Sec,2400
[2026-03-12 13:38:40.634] [info] [ICNT] Core<-ICNT request 470GB/Sec,117698
[2026-03-12 13:38:40.634] [info] [ICNT] ICNT->MEM request 0GB/Sec,0
[2026-03-12 13:38:40.634] [info] [ICNT] ICNT<-MEM request 0GB/Sec,0
[2026-03-12 13:38:41.240] [info] Core [0] Tile Stats | Issued: 158 Running: 2 Finished: 156
[2026-03-12 13:38:41.240] [info] cycle: [6552000]
[2026-03-12 13:38:41.240] [info] Core [1] Tile Stats | Issued: 160 Running: 2 Finished: 158
[2026-03-12 13:38:41.240] [info] cycle: [6552000]
[2026-03-12 13:38:41.240] [info] Core [2] Tile Stats | Issued: 160 Running: 2 Finished: 158
[2026-03-12 13:38:41.240] [info] cycle: [6552000]
[2026-03-12 13:38:41.240] [info] Core [3] Tile Stats | Issued: 158 Running: 2 Finished: 156
[2026-03-12 13:38:41.240] [info] cycle: [6552000]
[2026-03-12 13:38:41.240] [info] [ICNT] Core->ICNT request 442GB/Sec,110504
[2026-03-12 13:38:41.240] [info] [ICNT] Core<-ICNT request 492GB/Sec,123167
[2026-03-12 13:38:41.240] [info] [ICNT] ICNT->MEM request 0GB/Sec,0
[2026-03-12 13:38:41.240] [info] [ICNT] ICNT<-MEM request 0GB/Sec,0
[2026-03-12 13:38:41.875] [info] Core [0] Tile Stats | Issued: 158 Running: 2 Finished: 156
[2026-03-12 13:38:41.875] [info] cycle: [6560000]
[2026-03-12 13:38:41.875] [info] Core [1] Tile Stats | Issued: 160 Running: 2 Finished: 158
[2026-03-12 13:38:41.875] [info] cycle: [6560000]
[2026-03-12 13:38:41.875] [info] Core [2] Tile Stats | Issued: 160 Running: 2 Finished: 158
[2026-03-12 13:38:41.875] [info] cycle: [6560000]
[2026-03-12 13:38:41.875] [info] Core [3] Tile Stats | Issued: 158 Running: 2 Finished: 156
[2026-03-12 13:38:41.875] [info] cycle: [6560000]
[2026-03-12 13:38:41.875] [info] [ICNT] Core->ICNT request 1539GB/Sec,384800
[2026-03-12 13:38:41.875] [info] [ICNT] Core<-ICNT request 499GB/Sec,124890
[2026-03-12 13:38:41.875] [info] [ICNT] ICNT->MEM request 0GB/Sec,0
[2026-03-12 13:38:41.875] [info] [ICNT] ICNT<-MEM request 0GB/Sec,0
[2026-03-12 13:38:42.536] [info] Core [0] Tile Stats | Issued: 158 Running: 2 Finished: 156
[2026-03-12 13:38:42.536] [info] cycle: [6568000]
[2026-03-12 13:38:42.536] [info] Core [1] Tile Stats | Issued: 160 Running: 2 Finished: 158
[2026-03-12 13:38:42.536] [info] cycle: [6568000]
[2026-03-12 13:38:42.536] [info] Core [2] Tile Stats | Issued: 160 Running: 2 Finished: 158
[2026-03-12 13:38:42.536] [info] cycle: [6568000]
[2026-03-12 13:38:42.536] [info] Core [3] Tile Stats | Issued: 158 Running: 2 Finished: 156
[2026-03-12 13:38:42.536] [info] cycle: [6568000]
[2026-03-12 13:38:42.536] [info] [ICNT] Core->ICNT request 851GB/Sec,212952
[2026-03-12 13:38:42.536] [info] [ICNT] Core<-ICNT request 481GB/Sec,120450
[2026-03-12 13:38:42.536] [info] [ICNT] ICNT->MEM request 0GB/Sec,0
[2026-03-12 13:38:42.536] [info] [ICNT] ICNT<-MEM request 0GB/Sec,0
[2026-03-12 13:38:43.177] [info] Core [0] Tile Stats | Issued: 159 Running: 2 Finished: 157
[2026-03-12 13:38:43.177] [info] cycle: [6576000]
[2026-03-12 13:38:43.177] [info] Core [1] Tile Stats | Issued: 160 Running: 2 Finished: 158
[2026-03-12 13:38:43.177] [info] cycle: [6576000]
[2026-03-12 13:38:43.177] [info] Core [2] Tile Stats | Issued: 160 Running: 2 Finished: 158
[2026-03-12 13:38:43.177] [info] cycle: [6576000]
[2026-03-12 13:38:43.177] [info] Core [3] Tile Stats | Issued: 158 Running: 2 Finished: 156
[2026-03-12 13:38:43.177] [info] cycle: [6576000]
[2026-03-12 13:38:43.178] [info] [ICNT] Core->ICNT request 134GB/Sec,33648
[2026-03-12 13:38:43.178] [info] [ICNT] Core<-ICNT request 438GB/Sec,109543
[2026-03-12 13:38:43.178] [info] [ICNT] ICNT->MEM request 0GB/Sec,0
[2026-03-12 13:38:43.178] [info] [ICNT] ICNT<-MEM request 0GB/Sec,0
[2026-03-12 13:38:43.838] [info] Core [0] Tile Stats | Issued: 159 Running: 2 Finished: 157
[2026-03-12 13:38:43.838] [info] cycle: [6584000]
[2026-03-12 13:38:43.838] [info] Core [1] Tile Stats | Issued: 160 Running: 2 Finished: 158
[2026-03-12 13:38:43.838] [info] cycle: [6584000]
[2026-03-12 13:38:43.838] [info] Core [2] Tile Stats | Issued: 160 Running: 2 Finished: 158
[2026-03-12 13:38:43.838] [info] cycle: [6584000]
[2026-03-12 13:38:43.838] [info] Core [3] Tile Stats | Issued: 158 Running: 2 Finished: 156
[2026-03-12 13:38:43.838] [info] cycle: [6584000]
[2026-03-12 13:38:43.838] [info] [ICNT] Core->ICNT request 512GB/Sec,128000
[2026-03-12 13:38:43.838] [info] [ICNT] Core<-ICNT request 423GB/Sec,105838
[2026-03-12 13:38:43.838] [info] [ICNT] ICNT->MEM request 0GB/Sec,0
[2026-03-12 13:38:43.838] [info] [ICNT] ICNT<-MEM request 0GB/Sec,0
[2026-03-12 13:38:44.477] [info] Core [0] Tile Stats | Issued: 159 Running: 2 Finished: 157
[2026-03-12 13:38:44.477] [info] cycle: [6592000]
[2026-03-12 13:38:44.477] [info] Core [1] Tile Stats | Issued: 160 Running: 2 Finished: 158
[2026-03-12 13:38:44.477] [info] cycle: [6592000]
[2026-03-12 13:38:44.477] [info] Core [2] Tile Stats | Issued: 160 Running: 2 Finished: 158
[2026-03-12 13:38:44.477] [info] cycle: [6592000]
[2026-03-12 13:38:44.477] [info] Core [3] Tile Stats | Issued: 158 Running: 2 Finished: 156
[2026-03-12 13:38:44.477] [info] cycle: [6592000]
[2026-03-12 13:38:44.477] [info] [ICNT] Core->ICNT request 296GB/Sec,74160
[2026-03-12 13:38:44.477] [info] [ICNT] Core<-ICNT request 431GB/Sec,107868
[2026-03-12 13:38:44.477] [info] [ICNT] ICNT->MEM request 0GB/Sec,0
[2026-03-12 13:38:44.477] [info] [ICNT] ICNT<-MEM request 0GB/Sec,0
[2026-03-12 13:38:45.113] [info] Core [0] Tile Stats | Issued: 159 Running: 2 Finished: 157
[2026-03-12 13:38:45.113] [info] cycle: [6600000]
[2026-03-12 13:38:45.113] [info] Core [1] Tile Stats | Issued: 160 Running: 2 Finished: 158
[2026-03-12 13:38:45.113] [info] cycle: [6600000]
[2026-03-12 13:38:45.113] [info] Core [2] Tile Stats | Issued: 160 Running: 2 Finished: 158
[2026-03-12 13:38:45.113] [info] cycle: [6600000]
[2026-03-12 13:38:45.113] [info] Core [3] Tile Stats | Issued: 158 Running: 2 Finished: 156
[2026-03-12 13:38:45.113] [info] cycle: [6600000]
[2026-03-12 13:38:45.113] [info] [ICNT] Core->ICNT request 0GB/Sec,0
[2026-03-12 13:38:45.113] [info] [ICNT] Core<-ICNT request 430GB/Sec,107608
[2026-03-12 13:38:45.113] [info] [ICNT] ICNT->MEM request 0GB/Sec,0
[2026-03-12 13:38:45.113] [info] [ICNT] ICNT<-MEM request 0GB/Sec,0
[2026-03-12 13:38:45.764] [info] Core [0] Tile Stats | Issued: 159 Running: 2 Finished: 157
[2026-03-12 13:38:45.764] [info] cycle: [6608000]
[2026-03-12 13:38:45.764] [info] Core [1] Tile Stats | Issued: 160 Running: 2 Finished: 158
[2026-03-12 13:38:45.764] [info] cycle: [6608000]
[2026-03-12 13:38:45.764] [info] Core [2] Tile Stats | Issued: 160 Running: 2 Finished: 158
[2026-03-12 13:38:45.764] [info] cycle: [6608000]
[2026-03-12 13:38:45.764] [info] Core [3] Tile Stats | Issued: 158 Running: 2 Finished: 156
[2026-03-12 13:38:45.764] [info] cycle: [6608000]
[2026-03-12 13:38:45.764] [info] [ICNT] Core->ICNT request 0GB/Sec,0
[2026-03-12 13:38:45.764] [info] [ICNT] Core<-ICNT request 427GB/Sec,106839
[2026-03-12 13:38:45.764] [info] [ICNT] ICNT->MEM request 0GB/Sec,0
[2026-03-12 13:38:45.764] [info] [ICNT] ICNT<-MEM request 0GB/Sec,0
[2026-03-12 13:38:46.410] [info] Core [0] Tile Stats | Issued: 159 Running: 2 Finished: 157
[2026-03-12 13:38:46.410] [info] cycle: [6616000]
[2026-03-12 13:38:46.410] [info] Core [1] Tile Stats | Issued: 160 Running: 2 Finished: 158
[2026-03-12 13:38:46.410] [info] cycle: [6616000]
[2026-03-12 13:38:46.410] [info] Core [2] Tile Stats | Issued: 160 Running: 2 Finished: 158
[2026-03-12 13:38:46.410] [info] cycle: [6616000]
[2026-03-12 13:38:46.410] [info] Core [3] Tile Stats | Issued: 158 Running: 2 Finished: 156
[2026-03-12 13:38:46.410] [info] cycle: [6616000]
[2026-03-12 13:38:46.410] [info] [ICNT] Core->ICNT request 0GB/Sec,0
[2026-03-12 13:38:46.410] [info] [ICNT] Core<-ICNT request 421GB/Sec,105264
[2026-03-12 13:38:46.410] [info] [ICNT] ICNT->MEM request 0GB/Sec,0
[2026-03-12 13:38:46.410] [info] [ICNT] ICNT<-MEM request 0GB/Sec,0
[2026-03-12 13:38:47.054] [info] Core [0] Tile Stats | Issued: 159 Running: 2 Finished: 157
[2026-03-12 13:38:47.054] [info] cycle: [6624000]
[2026-03-12 13:38:47.054] [info] Core [1] Tile Stats | Issued: 160 Running: 2 Finished: 158
[2026-03-12 13:38:47.054] [info] cycle: [6624000]
[2026-03-12 13:38:47.054] [info] Core [2] Tile Stats | Issued: 160 Running: 2 Finished: 158
[2026-03-12 13:38:47.054] [info] cycle: [6624000]
[2026-03-12 13:38:47.054] [info] Core [3] Tile Stats | Issued: 158 Running: 2 Finished: 156
[2026-03-12 13:38:47.054] [info] cycle: [6624000]
[2026-03-12 13:38:47.054] [info] [ICNT] Core->ICNT request 0GB/Sec,0
[2026-03-12 13:38:47.054] [info] [ICNT] Core<-ICNT request 444GB/Sec,111073
[2026-03-12 13:38:47.054] [info] [ICNT] ICNT->MEM request 0GB/Sec,0
[2026-03-12 13:38:47.054] [info] [ICNT] ICNT<-MEM request 0GB/Sec,0
[2026-03-12 13:38:47.729] [info] Core [0] Tile Stats | Issued: 159 Running: 2 Finished: 157
[2026-03-12 13:38:47.730] [info] cycle: [6632000]
[2026-03-12 13:38:47.730] [info] Core [1] Tile Stats | Issued: 161 Running: 2 Finished: 159
[2026-03-12 13:38:47.730] [info] cycle: [6632000]
[2026-03-12 13:38:47.730] [info] Core [2] Tile Stats | Issued: 161 Running: 2 Finished: 159
[2026-03-12 13:38:47.730] [info] cycle: [6632000]
[2026-03-12 13:38:47.730] [info] Core [3] Tile Stats | Issued: 159 Running: 2 Finished: 157
[2026-03-12 13:38:47.730] [info] cycle: [6632000]
[2026-03-12 13:38:47.730] [info] [ICNT] Core->ICNT request 802GB/Sec,200712
[2026-03-12 13:38:47.730] [info] [ICNT] Core<-ICNT request 440GB/Sec,110100
[2026-03-12 13:38:47.730] [info] [ICNT] ICNT->MEM request 0GB/Sec,0
[2026-03-12 13:38:47.730] [info] [ICNT] ICNT<-MEM request 0GB/Sec,0
[2026-03-12 13:38:48.399] [info] Core [0] Tile Stats | Issued: 160 Running: 2 Finished: 158
[2026-03-12 13:38:48.399] [info] cycle: [6640000]
[2026-03-12 13:38:48.399] [info] Core [1] Tile Stats | Issued: 161 Running: 2 Finished: 159
[2026-03-12 13:38:48.399] [info] cycle: [6640000]
[2026-03-12 13:38:48.399] [info] Core [2] Tile Stats | Issued: 161 Running: 2 Finished: 159
[2026-03-12 13:38:48.399] [info] cycle: [6640000]
[2026-03-12 13:38:48.399] [info] Core [3] Tile Stats | Issued: 159 Running: 2 Finished: 157
[2026-03-12 13:38:48.399] [info] cycle: [6640000]
[2026-03-12 13:38:48.399] [info] [ICNT] Core->ICNT request 1758GB/Sec,439504
[2026-03-12 13:38:48.399] [info] [ICNT] Core<-ICNT request 427GB/Sec,106845
[2026-03-12 13:38:48.399] [info] [ICNT] ICNT->MEM request 0GB/Sec,0
[2026-03-12 13:38:48.399] [info] [ICNT] ICNT<-MEM request 0GB/Sec,0
[2026-03-12 13:38:49.058] [info] Core [0] Tile Stats | Issued: 160 Running: 2 Finished: 158
[2026-03-12 13:38:49.058] [info] cycle: [6648000]
[2026-03-12 13:38:49.058] [info] Core [1] Tile Stats | Issued: 161 Running: 2 Finished: 159
[2026-03-12 13:38:49.058] [info] cycle: [6648000]
[2026-03-12 13:38:49.058] [info] Core [2] Tile Stats | Issued: 161 Running: 2 Finished: 159
[2026-03-12 13:38:49.058] [info] cycle: [6648000]
[2026-03-12 13:38:49.058] [info] Core [3] Tile Stats | Issued: 159 Running: 2 Finished: 157
[2026-03-12 13:38:49.058] [info] cycle: [6648000]
[2026-03-12 13:38:49.058] [info] [ICNT] Core->ICNT request 993GB/Sec,248344
[2026-03-12 13:38:49.058] [info] [ICNT] Core<-ICNT request 419GB/Sec,104852
[2026-03-12 13:38:49.058] [info] [ICNT] ICNT->MEM request 0GB/Sec,0
[2026-03-12 13:38:49.058] [info] [ICNT] ICNT<-MEM request 0GB/Sec,0
[2026-03-12 13:38:49.719] [info] Core [0] Tile Stats | Issued: 160 Running: 2 Finished: 158
[2026-03-12 13:38:49.719] [info] cycle: [6656000]
[2026-03-12 13:38:49.719] [info] Core [1] Tile Stats | Issued: 161 Running: 2 Finished: 159
[2026-03-12 13:38:49.719] [info] cycle: [6656000]
[2026-03-12 13:38:49.719] [info] Core [2] Tile Stats | Issued: 161 Running: 2 Finished: 159
[2026-03-12 13:38:49.719] [info] cycle: [6656000]
[2026-03-12 13:38:49.719] [info] Core [3] Tile Stats | Issued: 159 Running: 2 Finished: 157
[2026-03-12 13:38:49.719] [info] cycle: [6656000]
[2026-03-12 13:38:49.719] [info] [ICNT] Core->ICNT request 206GB/Sec,51504
[2026-03-12 13:38:49.719] [info] [ICNT] Core<-ICNT request 407GB/Sec,101811
[2026-03-12 13:38:49.719] [info] [ICNT] ICNT->MEM request 0GB/Sec,0
[2026-03-12 13:38:49.719] [info] [ICNT] ICNT<-MEM request 0GB/Sec,0
[2026-03-12 13:38:50.349] [info] Core [0] Tile Stats | Issued: 160 Running: 2 Finished: 158
[2026-03-12 13:38:50.349] [info] cycle: [6664000]
[2026-03-12 13:38:50.349] [info] Core [1] Tile Stats | Issued: 161 Running: 2 Finished: 159
[2026-03-12 13:38:50.349] [info] cycle: [6664000]
[2026-03-12 13:38:50.349] [info] Core [2] Tile Stats | Issued: 161 Running: 2 Finished: 159
[2026-03-12 13:38:50.349] [info] cycle: [6664000]
[2026-03-12 13:38:50.349] [info] Core [3] Tile Stats | Issued: 159 Running: 2 Finished: 157
[2026-03-12 13:38:50.349] [info] cycle: [6664000]
[2026-03-12 13:38:50.349] [info] [ICNT] Core->ICNT request 0GB/Sec,0
[2026-03-12 13:38:50.349] [info] [ICNT] Core<-ICNT request 399GB/Sec,99799
[2026-03-12 13:38:50.349] [info] [ICNT] ICNT->MEM request 0GB/Sec,0
[2026-03-12 13:38:50.349] [info] [ICNT] ICNT<-MEM request 0GB/Sec,0
[2026-03-12 13:38:50.991] [info] Core [0] Tile Stats | Issued: 160 Running: 2 Finished: 158
[2026-03-12 13:38:50.991] [info] cycle: [6672000]
[2026-03-12 13:38:50.991] [info] Core [1] Tile Stats | Issued: 161 Running: 2 Finished: 159
[2026-03-12 13:38:50.991] [info] cycle: [6672000]
[2026-03-12 13:38:50.991] [info] Core [2] Tile Stats | Issued: 161 Running: 2 Finished: 159
[2026-03-12 13:38:50.991] [info] cycle: [6672000]
[2026-03-12 13:38:50.991] [info] Core [3] Tile Stats | Issued: 159 Running: 2 Finished: 157
[2026-03-12 13:38:50.991] [info] cycle: [6672000]
[2026-03-12 13:38:50.991] [info] [ICNT] Core->ICNT request 0GB/Sec,0
[2026-03-12 13:38:50.991] [info] [ICNT] Core<-ICNT request 398GB/Sec,99556
[2026-03-12 13:38:50.991] [info] [ICNT] ICNT->MEM request 0GB/Sec,0
[2026-03-12 13:38:50.991] [info] [ICNT] ICNT<-MEM request 0GB/Sec,0
[2026-03-12 13:38:51.640] [info] Core [0] Tile Stats | Issued: 160 Running: 2 Finished: 158
[2026-03-12 13:38:51.640] [info] cycle: [6680000]
[2026-03-12 13:38:51.640] [info] Core [1] Tile Stats | Issued: 161 Running: 2 Finished: 159
[2026-03-12 13:38:51.640] [info] cycle: [6680000]
[2026-03-12 13:38:51.640] [info] Core [2] Tile Stats | Issued: 161 Running: 2 Finished: 159
[2026-03-12 13:38:51.640] [info] cycle: [6680000]
[2026-03-12 13:38:51.640] [info] Core [3] Tile Stats | Issued: 159 Running: 2 Finished: 157
[2026-03-12 13:38:51.640] [info] cycle: [6680000]
[2026-03-12 13:38:51.640] [info] [ICNT] Core->ICNT request 0GB/Sec,0
[2026-03-12 13:38:51.640] [info] [ICNT] Core<-ICNT request 401GB/Sec,100356
[2026-03-12 13:38:51.640] [info] [ICNT] ICNT->MEM request 0GB/Sec,0
[2026-03-12 13:38:51.640] [info] [ICNT] ICNT<-MEM request 0GB/Sec,0
[2026-03-12 13:38:52.299] [info] Core [0] Tile Stats | Issued: 160 Running: 2 Finished: 158
[2026-03-12 13:38:52.299] [info] cycle: [6688000]
[2026-03-12 13:38:52.299] [info] Core [1] Tile Stats | Issued: 161 Running: 2 Finished: 159
[2026-03-12 13:38:52.299] [info] cycle: [6688000]
[2026-03-12 13:38:52.299] [info] Core [2] Tile Stats | Issued: 161 Running: 2 Finished: 159
[2026-03-12 13:38:52.299] [info] cycle: [6688000]
[2026-03-12 13:38:52.299] [info] Core [3] Tile Stats | Issued: 159 Running: 2 Finished: 157
[2026-03-12 13:38:52.299] [info] cycle: [6688000]
[2026-03-12 13:38:52.299] [info] [ICNT] Core->ICNT request 0GB/Sec,0
[2026-03-12 13:38:52.299] [info] [ICNT] Core<-ICNT request 436GB/Sec,109170
[2026-03-12 13:38:52.299] [info] [ICNT] ICNT->MEM request 0GB/Sec,0
[2026-03-12 13:38:52.299] [info] [ICNT] ICNT<-MEM request 0GB/Sec,0
[2026-03-12 13:38:52.952] [info] Core [0] Tile Stats | Issued: 160 Running: 2 Finished: 158
[2026-03-12 13:38:52.952] [info] cycle: [6696000]
[2026-03-12 13:38:52.952] [info] Core [1] Tile Stats | Issued: 161 Running: 2 Finished: 159
[2026-03-12 13:38:52.952] [info] cycle: [6696000]
[2026-03-12 13:38:52.952] [info] Core [2] Tile Stats | Issued: 161 Running: 2 Finished: 159
[2026-03-12 13:38:52.952] [info] cycle: [6696000]
[2026-03-12 13:38:52.952] [info] Core [3] Tile Stats | Issued: 159 Running: 2 Finished: 157
[2026-03-12 13:38:52.952] [info] cycle: [6696000]
[2026-03-12 13:38:52.952] [info] [ICNT] Core->ICNT request 0GB/Sec,0
[2026-03-12 13:38:52.952] [info] [ICNT] Core<-ICNT request 473GB/Sec,118418
[2026-03-12 13:38:52.952] [info] [ICNT] ICNT->MEM request 0GB/Sec,0
[2026-03-12 13:38:52.952] [info] [ICNT] ICNT<-MEM request 0GB/Sec,0
[2026-03-12 13:38:53.640] [info] Core [0] Tile Stats | Issued: 160 Running: 2 Finished: 158
[2026-03-12 13:38:53.640] [info] cycle: [6704000]
[2026-03-12 13:38:53.640] [info] Core [1] Tile Stats | Issued: 162 Running: 2 Finished: 160
[2026-03-12 13:38:53.640] [info] cycle: [6704000]
[2026-03-12 13:38:53.640] [info] Core [2] Tile Stats | Issued: 162 Running: 2 Finished: 160
[2026-03-12 13:38:53.640] [info] cycle: [6704000]
[2026-03-12 13:38:53.640] [info] Core [3] Tile Stats | Issued: 160 Running: 2 Finished: 158
[2026-03-12 13:38:53.640] [info] cycle: [6704000]
[2026-03-12 13:38:53.640] [info] [ICNT] Core->ICNT request 1073GB/Sec,268416
[2026-03-12 13:38:53.640] [info] [ICNT] Core<-ICNT request 453GB/Sec,113498
[2026-03-12 13:38:53.640] [info] [ICNT] ICNT->MEM request 0GB/Sec,0
[2026-03-12 13:38:53.640] [info] [ICNT] ICNT<-MEM request 0GB/Sec,0
[2026-03-12 13:38:54.286] [info] Core [0] Tile Stats | Issued: 160 Running: 2 Finished: 158
[2026-03-12 13:38:54.286] [info] cycle: [6712000]
[2026-03-12 13:38:54.286] [info] Core [1] Tile Stats | Issued: 162 Running: 2 Finished: 160
[2026-03-12 13:38:54.286] [info] cycle: [6712000]
[2026-03-12 13:38:54.286] [info] Core [2] Tile Stats | Issued: 162 Running: 2 Finished: 160
[2026-03-12 13:38:54.286] [info] cycle: [6712000]
[2026-03-12 13:38:54.286] [info] Core [3] Tile Stats | Issued: 160 Running: 2 Finished: 158
[2026-03-12 13:38:54.286] [info] cycle: [6712000]
[2026-03-12 13:38:54.286] [info] [ICNT] Core->ICNT request 1536GB/Sec,384000
[2026-03-12 13:38:54.286] [info] [ICNT] Core<-ICNT request 429GB/Sec,107480
[2026-03-12 13:38:54.286] [info] [ICNT] ICNT->MEM request 0GB/Sec,0
[2026-03-12 13:38:54.286] [info] [ICNT] ICNT<-MEM request 0GB/Sec,0
[2026-03-12 13:38:54.932] [info] Core [0] Tile Stats | Issued: 161 Running: 2 Finished: 159
[2026-03-12 13:38:54.932] [info] cycle: [6720000]
[2026-03-12 13:38:54.932] [info] Core [1] Tile Stats | Issued: 162 Running: 2 Finished: 160
[2026-03-12 13:38:54.932] [info] cycle: [6720000]
[2026-03-12 13:38:54.932] [info] Core [2] Tile Stats | Issued: 162 Running: 2 Finished: 160
[2026-03-12 13:38:54.932] [info] cycle: [6720000]
[2026-03-12 13:38:54.932] [info] Core [3] Tile Stats | Issued: 160 Running: 2 Finished: 158
[2026-03-12 13:38:54.932] [info] cycle: [6720000]
[2026-03-12 13:38:54.932] [info] [ICNT] Core->ICNT request 672GB/Sec,168224
[2026-03-12 13:38:54.932] [info] [ICNT] Core<-ICNT request 415GB/Sec,103854
[2026-03-12 13:38:54.932] [info] [ICNT] ICNT->MEM request 0GB/Sec,0
[2026-03-12 13:38:54.932] [info] [ICNT] ICNT<-MEM request 0GB/Sec,0
[2026-03-12 13:38:55.572] [info] Core [0] Tile Stats | Issued: 161 Running: 2 Finished: 159
[2026-03-12 13:38:55.572] [info] cycle: [6728000]
[2026-03-12 13:38:55.572] [info] Core [1] Tile Stats | Issued: 162 Running: 2 Finished: 160
[2026-03-12 13:38:55.572] [info] cycle: [6728000]
[2026-03-12 13:38:55.572] [info] Core [2] Tile Stats | Issued: 162 Running: 2 Finished: 160
[2026-03-12 13:38:55.572] [info] cycle: [6728000]
[2026-03-12 13:38:55.572] [info] Core [3] Tile Stats | Issued: 160 Running: 2 Finished: 158
[2026-03-12 13:38:55.572] [info] cycle: [6728000]
[2026-03-12 13:38:55.572] [info] [ICNT] Core->ICNT request 477GB/Sec,119392
[2026-03-12 13:38:55.572] [info] [ICNT] Core<-ICNT request 426GB/Sec,106585
[2026-03-12 13:38:55.572] [info] [ICNT] ICNT->MEM request 0GB/Sec,0
[2026-03-12 13:38:55.572] [info] [ICNT] ICNT<-MEM request 0GB/Sec,0
[2026-03-12 13:38:56.206] [info] Core [0] Tile Stats | Issued: 161 Running: 2 Finished: 159
[2026-03-12 13:38:56.206] [info] cycle: [6736000]
[2026-03-12 13:38:56.206] [info] Core [1] Tile Stats | Issued: 162 Running: 2 Finished: 160
[2026-03-12 13:38:56.206] [info] cycle: [6736000]
[2026-03-12 13:38:56.206] [info] Core [2] Tile Stats | Issued: 162 Running: 2 Finished: 160
[2026-03-12 13:38:56.206] [info] cycle: [6736000]
[2026-03-12 13:38:56.206] [info] Core [3] Tile Stats | Issued: 160 Running: 2 Finished: 158
[2026-03-12 13:38:56.206] [info] cycle: [6736000]
[2026-03-12 13:38:56.206] [info] [ICNT] Core->ICNT request 0GB/Sec,0
[2026-03-12 13:38:56.206] [info] [ICNT] Core<-ICNT request 425GB/Sec,106345
[2026-03-12 13:38:56.206] [info] [ICNT] ICNT->MEM request 0GB/Sec,0
[2026-03-12 13:38:56.206] [info] [ICNT] ICNT<-MEM request 0GB/Sec,0
[2026-03-12 13:38:56.838] [info] Core [0] Tile Stats | Issued: 161 Running: 2 Finished: 159
[2026-03-12 13:38:56.838] [info] cycle: [6744000]
[2026-03-12 13:38:56.838] [info] Core [1] Tile Stats | Issued: 162 Running: 2 Finished: 160
[2026-03-12 13:38:56.838] [info] cycle: [6744000]
[2026-03-12 13:38:56.838] [info] Core [2] Tile Stats | Issued: 162 Running: 2 Finished: 160
[2026-03-12 13:38:56.838] [info] cycle: [6744000]
[2026-03-12 13:38:56.838] [info] Core [3] Tile Stats | Issued: 160 Running: 2 Finished: 158
[2026-03-12 13:38:56.838] [info] cycle: [6744000]
[2026-03-12 13:38:56.838] [info] [ICNT] Core->ICNT request 0GB/Sec,0
[2026-03-12 13:38:56.838] [info] [ICNT] Core<-ICNT request 425GB/Sec,106322
[2026-03-12 13:38:56.838] [info] [ICNT] ICNT->MEM request 0GB/Sec,0
[2026-03-12 13:38:56.838] [info] [ICNT] ICNT<-MEM request 0GB/Sec,0
[2026-03-12 13:38:57.480] [info] Core [0] Tile Stats | Issued: 161 Running: 2 Finished: 159
[2026-03-12 13:38:57.480] [info] cycle: [6752000]
[2026-03-12 13:38:57.480] [info] Core [1] Tile Stats | Issued: 162 Running: 2 Finished: 160
[2026-03-12 13:38:57.480] [info] cycle: [6752000]
[2026-03-12 13:38:57.480] [info] Core [2] Tile Stats | Issued: 162 Running: 2 Finished: 160
[2026-03-12 13:38:57.480] [info] cycle: [6752000]
[2026-03-12 13:38:57.480] [info] Core [3] Tile Stats | Issued: 160 Running: 2 Finished: 158
[2026-03-12 13:38:57.480] [info] cycle: [6752000]
[2026-03-12 13:38:57.480] [info] [ICNT] Core->ICNT request 0GB/Sec,0
[2026-03-12 13:38:57.480] [info] [ICNT] Core<-ICNT request 429GB/Sec,107411
[2026-03-12 13:38:57.480] [info] [ICNT] ICNT->MEM request 0GB/Sec,0
[2026-03-12 13:38:57.480] [info] [ICNT] ICNT<-MEM request 0GB/Sec,0
[2026-03-12 13:38:58.124] [info] Core [0] Tile Stats | Issued: 161 Running: 2 Finished: 159
[2026-03-12 13:38:58.124] [info] cycle: [6760000]
[2026-03-12 13:38:58.124] [info] Core [1] Tile Stats | Issued: 162 Running: 2 Finished: 160
[2026-03-12 13:38:58.124] [info] cycle: [6760000]
[2026-03-12 13:38:58.124] [info] Core [2] Tile Stats | Issued: 162 Running: 2 Finished: 160
[2026-03-12 13:38:58.124] [info] cycle: [6760000]
[2026-03-12 13:38:58.124] [info] Core [3] Tile Stats | Issued: 160 Running: 2 Finished: 158
[2026-03-12 13:38:58.124] [info] cycle: [6760000]
[2026-03-12 13:38:58.124] [info] [ICNT] Core->ICNT request 0GB/Sec,0
[2026-03-12 13:38:58.124] [info] [ICNT] Core<-ICNT request 452GB/Sec,113145
[2026-03-12 13:38:58.124] [info] [ICNT] ICNT->MEM request 0GB/Sec,0
[2026-03-12 13:38:58.124] [info] [ICNT] ICNT<-MEM request 0GB/Sec,0
[2026-03-12 13:38:58.765] [info] Core [0] Tile Stats | Issued: 161 Running: 2 Finished: 159
[2026-03-12 13:38:58.765] [info] cycle: [6768000]
[2026-03-12 13:38:58.765] [info] Core [1] Tile Stats | Issued: 162 Running: 2 Finished: 160
[2026-03-12 13:38:58.765] [info] cycle: [6768000]
[2026-03-12 13:38:58.765] [info] Core [2] Tile Stats | Issued: 162 Running: 2 Finished: 160
[2026-03-12 13:38:58.765] [info] cycle: [6768000]
[2026-03-12 13:38:58.765] [info] Core [3] Tile Stats | Issued: 160 Running: 2 Finished: 158
[2026-03-12 13:38:58.765] [info] cycle: [6768000]
[2026-03-12 13:38:58.765] [info] [ICNT] Core->ICNT request 9GB/Sec,2400
[2026-03-12 13:38:58.765] [info] [ICNT] Core<-ICNT request 471GB/Sec,117924
[2026-03-12 13:38:58.765] [info] [ICNT] ICNT->MEM request 0GB/Sec,0
[2026-03-12 13:38:58.765] [info] [ICNT] ICNT<-MEM request 0GB/Sec,0
[2026-03-12 13:38:59.448] [info] Core [0] Tile Stats | Issued: 161 Running: 2 Finished: 159
[2026-03-12 13:38:59.448] [info] cycle: [6776000]
[2026-03-12 13:38:59.448] [info] Core [1] Tile Stats | Issued: 163 Running: 2 Finished: 161
[2026-03-12 13:38:59.448] [info] cycle: [6776000]
[2026-03-12 13:38:59.448] [info] Core [2] Tile Stats | Issued: 163 Running: 2 Finished: 161
[2026-03-12 13:38:59.448] [info] cycle: [6776000]
[2026-03-12 13:38:59.448] [info] Core [3] Tile Stats | Issued: 161 Running: 2 Finished: 159
[2026-03-12 13:38:59.448] [info] cycle: [6776000]
[2026-03-12 13:38:59.448] [info] [ICNT] Core->ICNT request 709GB/Sec,177480
[2026-03-12 13:38:59.448] [info] [ICNT] Core<-ICNT request 456GB/Sec,114053
[2026-03-12 13:38:59.448] [info] [ICNT] ICNT->MEM request 0GB/Sec,0
[2026-03-12 13:38:59.448] [info] [ICNT] ICNT<-MEM request 0GB/Sec,0
[2026-03-12 13:39:00.167] [info] Core [0] Tile Stats | Issued: 162 Running: 2 Finished: 160
[2026-03-12 13:39:00.167] [info] cycle: [6784000]
[2026-03-12 13:39:00.167] [info] Core [1] Tile Stats | Issued: 163 Running: 2 Finished: 161
[2026-03-12 13:39:00.167] [info] cycle: [6784000]
[2026-03-12 13:39:00.167] [info] Core [2] Tile Stats | Issued: 163 Running: 2 Finished: 161
[2026-03-12 13:39:00.167] [info] cycle: [6784000]
[2026-03-12 13:39:00.167] [info] Core [3] Tile Stats | Issued: 161 Running: 2 Finished: 159
[2026-03-12 13:39:00.167] [info] cycle: [6784000]
[2026-03-12 13:39:00.167] [info] [ICNT] Core->ICNT request 1900GB/Sec,475168
[2026-03-12 13:39:00.167] [info] [ICNT] Core<-ICNT request 433GB/Sec,108480
[2026-03-12 13:39:00.167] [info] [ICNT] ICNT->MEM request 0GB/Sec,0
[2026-03-12 13:39:00.167] [info] [ICNT] ICNT<-MEM request 0GB/Sec,0
[2026-03-12 13:39:00.868] [info] Core [0] Tile Stats | Issued: 162 Running: 2 Finished: 160
[2026-03-12 13:39:00.868] [info] cycle: [6792000]
[2026-03-12 13:39:00.868] [info] Core [1] Tile Stats | Issued: 163 Running: 2 Finished: 161
[2026-03-12 13:39:00.868] [info] cycle: [6792000]
[2026-03-12 13:39:00.868] [info] Core [2] Tile Stats | Issued: 163 Running: 2 Finished: 161
[2026-03-12 13:39:00.868] [info] cycle: [6792000]
[2026-03-12 13:39:00.868] [info] Core [3] Tile Stats | Issued: 161 Running: 2 Finished: 159
[2026-03-12 13:39:00.868] [info] cycle: [6792000]
[2026-03-12 13:39:00.868] [info] [ICNT] Core->ICNT request 1099GB/Sec,274776
[2026-03-12 13:39:00.868] [info] [ICNT] Core<-ICNT request 431GB/Sec,107783
[2026-03-12 13:39:00.868] [info] [ICNT] ICNT->MEM request 0GB/Sec,0
[2026-03-12 13:39:00.868] [info] [ICNT] ICNT<-MEM request 0GB/Sec,0
[2026-03-12 13:39:01.557] [info] Core [0] Tile Stats | Issued: 162 Running: 2 Finished: 160
[2026-03-12 13:39:01.557] [info] cycle: [6800000]
[2026-03-12 13:39:01.557] [info] Core [1] Tile Stats | Issued: 163 Running: 2 Finished: 161
[2026-03-12 13:39:01.557] [info] cycle: [6800000]
[2026-03-12 13:39:01.557] [info] Core [2] Tile Stats | Issued: 163 Running: 2 Finished: 161
[2026-03-12 13:39:01.557] [info] cycle: [6800000]
[2026-03-12 13:39:01.557] [info] Core [3] Tile Stats | Issued: 161 Running: 2 Finished: 159
[2026-03-12 13:39:01.557] [info] cycle: [6800000]
[2026-03-12 13:39:01.557] [info] [ICNT] Core->ICNT request 66GB/Sec,16640
[2026-03-12 13:39:01.557] [info] [ICNT] Core<-ICNT request 434GB/Sec,108513
[2026-03-12 13:39:01.557] [info] [ICNT] ICNT->MEM request 0GB/Sec,0
[2026-03-12 13:39:01.557] [info] [ICNT] ICNT<-MEM request 0GB/Sec,0
[2026-03-12 13:39:02.190] [info] Core [0] Tile Stats | Issued: 162 Running: 2 Finished: 160
[2026-03-12 13:39:02.190] [info] cycle: [6808000]
[2026-03-12 13:39:02.190] [info] Core [1] Tile Stats | Issued: 163 Running: 2 Finished: 161
[2026-03-12 13:39:02.190] [info] cycle: [6808000]
[2026-03-12 13:39:02.190] [info] Core [2] Tile Stats | Issued: 163 Running: 2 Finished: 161
[2026-03-12 13:39:02.190] [info] cycle: [6808000]
[2026-03-12 13:39:02.190] [info] Core [3] Tile Stats | Issued: 161 Running: 2 Finished: 159
[2026-03-12 13:39:02.190] [info] cycle: [6808000]
[2026-03-12 13:39:02.190] [info] [ICNT] Core->ICNT request 0GB/Sec,0
[2026-03-12 13:39:02.190] [info] [ICNT] Core<-ICNT request 424GB/Sec,106060
[2026-03-12 13:39:02.190] [info] [ICNT] ICNT->MEM request 0GB/Sec,0
[2026-03-12 13:39:02.190] [info] [ICNT] ICNT<-MEM request 0GB/Sec,0
[2026-03-12 13:39:02.831] [info] Core [0] Tile Stats | Issued: 162 Running: 2 Finished: 160
[2026-03-12 13:39:02.831] [info] cycle: [6816000]
[2026-03-12 13:39:02.831] [info] Core [1] Tile Stats | Issued: 163 Running: 2 Finished: 161
[2026-03-12 13:39:02.831] [info] cycle: [6816000]
[2026-03-12 13:39:02.831] [info] Core [2] Tile Stats | Issued: 163 Running: 2 Finished: 161
[2026-03-12 13:39:02.831] [info] cycle: [6816000]
[2026-03-12 13:39:02.831] [info] Core [3] Tile Stats | Issued: 161 Running: 2 Finished: 159
[2026-03-12 13:39:02.831] [info] cycle: [6816000]
[2026-03-12 13:39:02.831] [info] [ICNT] Core->ICNT request 0GB/Sec,0
[2026-03-12 13:39:02.831] [info] [ICNT] Core<-ICNT request 416GB/Sec,104222
[2026-03-12 13:39:02.831] [info] [ICNT] ICNT->MEM request 0GB/Sec,0
[2026-03-12 13:39:02.831] [info] [ICNT] ICNT<-MEM request 0GB/Sec,0
[2026-03-12 13:39:03.476] [info] Core [0] Tile Stats | Issued: 162 Running: 2 Finished: 160
[2026-03-12 13:39:03.477] [info] cycle: [6824000]
[2026-03-12 13:39:03.477] [info] Core [1] Tile Stats | Issued: 163 Running: 2 Finished: 161
[2026-03-12 13:39:03.477] [info] cycle: [6824000]
[2026-03-12 13:39:03.477] [info] Core [2] Tile Stats | Issued: 163 Running: 2 Finished: 161
[2026-03-12 13:39:03.477] [info] cycle: [6824000]
[2026-03-12 13:39:03.477] [info] Core [3] Tile Stats | Issued: 161 Running: 2 Finished: 159
[2026-03-12 13:39:03.477] [info] cycle: [6824000]
[2026-03-12 13:39:03.477] [info] [ICNT] Core->ICNT request 0GB/Sec,0
[2026-03-12 13:39:03.477] [info] [ICNT] Core<-ICNT request 428GB/Sec,107210
[2026-03-12 13:39:03.477] [info] [ICNT] ICNT->MEM request 0GB/Sec,0
[2026-03-12 13:39:03.477] [info] [ICNT] ICNT<-MEM request 0GB/Sec,0
[2026-03-12 13:39:04.172] [info] Core [0] Tile Stats | Issued: 162 Running: 2 Finished: 160
[2026-03-12 13:39:04.172] [info] cycle: [6832000]
[2026-03-12 13:39:04.172] [info] Core [1] Tile Stats | Issued: 163 Running: 2 Finished: 161
[2026-03-12 13:39:04.172] [info] cycle: [6832000]
[2026-03-12 13:39:04.172] [info] Core [2] Tile Stats | Issued: 163 Running: 2 Finished: 161
[2026-03-12 13:39:04.172] [info] cycle: [6832000]
[2026-03-12 13:39:04.172] [info] Core [3] Tile Stats | Issued: 161 Running: 2 Finished: 159
[2026-03-12 13:39:04.172] [info] cycle: [6832000]
[2026-03-12 13:39:04.172] [info] [ICNT] Core->ICNT request 0GB/Sec,0
[2026-03-12 13:39:04.172] [info] [ICNT] Core<-ICNT request 415GB/Sec,103802
[2026-03-12 13:39:04.172] [info] [ICNT] ICNT->MEM request 0GB/Sec,0
[2026-03-12 13:39:04.172] [info] [ICNT] ICNT<-MEM request 0GB/Sec,0
[2026-03-12 13:39:04.915] [info] Core [0] Tile Stats | Issued: 162 Running: 2 Finished: 160
[2026-03-12 13:39:04.915] [info] cycle: [6840000]
[2026-03-12 13:39:04.915] [info] Core [1] Tile Stats | Issued: 164 Running: 2 Finished: 162
[2026-03-12 13:39:04.915] [info] cycle: [6840000]
[2026-03-12 13:39:04.915] [info] Core [2] Tile Stats | Issued: 164 Running: 2 Finished: 162
[2026-03-12 13:39:04.915] [info] cycle: [6840000]
[2026-03-12 13:39:04.915] [info] Core [3] Tile Stats | Issued: 162 Running: 2 Finished: 160
[2026-03-12 13:39:04.915] [info] cycle: [6840000]
[2026-03-12 13:39:04.915] [info] [ICNT] Core->ICNT request 287GB/Sec,71896
[2026-03-12 13:39:04.915] [info] [ICNT] Core<-ICNT request 405GB/Sec,101302
[2026-03-12 13:39:04.915] [info] [ICNT] ICNT->MEM request 0GB/Sec,0
[2026-03-12 13:39:04.915] [info] [ICNT] ICNT<-MEM request 0GB/Sec,0
[2026-03-12 13:39:05.684] [info] Core [0] Tile Stats | Issued: 163 Running: 2 Finished: 161
[2026-03-12 13:39:05.684] [info] cycle: [6848000]
[2026-03-12 13:39:05.684] [info] Core [1] Tile Stats | Issued: 164 Running: 2 Finished: 162
[2026-03-12 13:39:05.684] [info] cycle: [6848000]
[2026-03-12 13:39:05.684] [info] Core [2] Tile Stats | Issued: 164 Running: 2 Finished: 162
[2026-03-12 13:39:05.684] [info] cycle: [6848000]
[2026-03-12 13:39:05.684] [info] Core [3] Tile Stats | Issued: 162 Running: 2 Finished: 160
[2026-03-12 13:39:05.684] [info] cycle: [6848000]
[2026-03-12 13:39:05.684] [info] [ICNT] Core->ICNT request 1627GB/Sec,406880
[2026-03-12 13:39:05.684] [info] [ICNT] Core<-ICNT request 410GB/Sec,102519
[2026-03-12 13:39:05.684] [info] [ICNT] ICNT->MEM request 0GB/Sec,0
[2026-03-12 13:39:05.684] [info] [ICNT] ICNT<-MEM request 0GB/Sec,0
[2026-03-12 13:39:06.404] [info] Core [0] Tile Stats | Issued: 163 Running: 2 Finished: 161
[2026-03-12 13:39:06.404] [info] cycle: [6856000]
[2026-03-12 13:39:06.404] [info] Core [1] Tile Stats | Issued: 164 Running: 2 Finished: 162
[2026-03-12 13:39:06.404] [info] cycle: [6856000]
[2026-03-12 13:39:06.404] [info] Core [2] Tile Stats | Issued: 164 Running: 2 Finished: 162
[2026-03-12 13:39:06.404] [info] cycle: [6856000]
[2026-03-12 13:39:06.404] [info] Core [3] Tile Stats | Issued: 162 Running: 2 Finished: 160
[2026-03-12 13:39:06.404] [info] cycle: [6856000]
[2026-03-12 13:39:06.404] [info] [ICNT] Core->ICNT request 1508GB/Sec,377160
[2026-03-12 13:39:06.404] [info] [ICNT] Core<-ICNT request 400GB/Sec,100209
[2026-03-12 13:39:06.404] [info] [ICNT] ICNT->MEM request 0GB/Sec,0
[2026-03-12 13:39:06.404] [info] [ICNT] ICNT<-MEM request 0GB/Sec,0
[2026-03-12 13:39:07.079] [info] Core [0] Tile Stats | Issued: 163 Running: 2 Finished: 161
[2026-03-12 13:39:07.079] [info] cycle: [6864000]
[2026-03-12 13:39:07.079] [info] Core [1] Tile Stats | Issued: 164 Running: 2 Finished: 162
[2026-03-12 13:39:07.079] [info] cycle: [6864000]
[2026-03-12 13:39:07.079] [info] Core [2] Tile Stats | Issued: 164 Running: 2 Finished: 162
[2026-03-12 13:39:07.079] [info] cycle: [6864000]
[2026-03-12 13:39:07.079] [info] Core [3] Tile Stats | Issued: 162 Running: 2 Finished: 160
[2026-03-12 13:39:07.079] [info] cycle: [6864000]
[2026-03-12 13:39:07.079] [info] [ICNT] Core->ICNT request 336GB/Sec,84128
[2026-03-12 13:39:07.079] [info] [ICNT] Core<-ICNT request 375GB/Sec,93851
[2026-03-12 13:39:07.079] [info] [ICNT] ICNT->MEM request 0GB/Sec,0
[2026-03-12 13:39:07.079] [info] [ICNT] ICNT<-MEM request 0GB/Sec,0
[2026-03-12 13:39:07.808] [info] Core [0] Tile Stats | Issued: 163 Running: 2 Finished: 161
[2026-03-12 13:39:07.808] [info] cycle: [6872000]
[2026-03-12 13:39:07.808] [info] Core [1] Tile Stats | Issued: 164 Running: 2 Finished: 162
[2026-03-12 13:39:07.808] [info] cycle: [6872000]
[2026-03-12 13:39:07.808] [info] Core [2] Tile Stats | Issued: 164 Running: 2 Finished: 162
[2026-03-12 13:39:07.808] [info] cycle: [6872000]
[2026-03-12 13:39:07.808] [info] Core [3] Tile Stats | Issued: 162 Running: 2 Finished: 160
[2026-03-12 13:39:07.808] [info] cycle: [6872000]
[2026-03-12 13:39:07.808] [info] [ICNT] Core->ICNT request 0GB/Sec,0
[2026-03-12 13:39:07.808] [info] [ICNT] Core<-ICNT request 362GB/Sec,90716
[2026-03-12 13:39:07.808] [info] [ICNT] ICNT->MEM request 0GB/Sec,0
[2026-03-12 13:39:07.808] [info] [ICNT] ICNT<-MEM request 0GB/Sec,0
[2026-03-12 13:39:08.512] [info] Core [0] Tile Stats | Issued: 163 Running: 2 Finished: 161
[2026-03-12 13:39:08.512] [info] cycle: [6880000]
[2026-03-12 13:39:08.512] [info] Core [1] Tile Stats | Issued: 164 Running: 2 Finished: 162
[2026-03-12 13:39:08.512] [info] cycle: [6880000]
[2026-03-12 13:39:08.512] [info] Core [2] Tile Stats | Issued: 164 Running: 2 Finished: 162
[2026-03-12 13:39:08.512] [info] cycle: [6880000]
[2026-03-12 13:39:08.512] [info] Core [3] Tile Stats | Issued: 162 Running: 2 Finished: 160
[2026-03-12 13:39:08.512] [info] cycle: [6880000]
[2026-03-12 13:39:08.512] [info] [ICNT] Core->ICNT request 0GB/Sec,0
[2026-03-12 13:39:08.512] [info] [ICNT] Core<-ICNT request 370GB/Sec,92538
[2026-03-12 13:39:08.512] [info] [ICNT] ICNT->MEM request 0GB/Sec,0
[2026-03-12 13:39:08.512] [info] [ICNT] ICNT<-MEM request 0GB/Sec,0
[2026-03-12 13:39:09.293] [info] Core [0] Tile Stats | Issued: 163 Running: 2 Finished: 161
[2026-03-12 13:39:09.293] [info] cycle: [6888000]
[2026-03-12 13:39:09.293] [info] Core [1] Tile Stats | Issued: 164 Running: 2 Finished: 162
[2026-03-12 13:39:09.293] [info] cycle: [6888000]
[2026-03-12 13:39:09.293] [info] Core [2] Tile Stats | Issued: 164 Running: 2 Finished: 162
[2026-03-12 13:39:09.293] [info] cycle: [6888000]
[2026-03-12 13:39:09.293] [info] Core [3] Tile Stats | Issued: 162 Running: 2 Finished: 160
[2026-03-12 13:39:09.293] [info] cycle: [6888000]
[2026-03-12 13:39:09.293] [info] [ICNT] Core->ICNT request 0GB/Sec,0
[2026-03-12 13:39:09.293] [info] [ICNT] Core<-ICNT request 371GB/Sec,92869
[2026-03-12 13:39:09.293] [info] [ICNT] ICNT->MEM request 0GB/Sec,0
[2026-03-12 13:39:09.293] [info] [ICNT] ICNT<-MEM request 0GB/Sec,0
[2026-03-12 13:39:09.980] [info] Core [0] Tile Stats | Issued: 163 Running: 2 Finished: 161
[2026-03-12 13:39:09.980] [info] cycle: [6896000]
[2026-03-12 13:39:09.980] [info] Core [1] Tile Stats | Issued: 164 Running: 2 Finished: 162
[2026-03-12 13:39:09.980] [info] cycle: [6896000]
[2026-03-12 13:39:09.980] [info] Core [2] Tile Stats | Issued: 164 Running: 2 Finished: 162
[2026-03-12 13:39:09.980] [info] cycle: [6896000]
[2026-03-12 13:39:09.980] [info] Core [3] Tile Stats | Issued: 162 Running: 2 Finished: 160
[2026-03-12 13:39:09.980] [info] cycle: [6896000]
[2026-03-12 13:39:09.980] [info] [ICNT] Core->ICNT request 0GB/Sec,0
[2026-03-12 13:39:09.980] [info] [ICNT] Core<-ICNT request 372GB/Sec,93113
[2026-03-12 13:39:09.980] [info] [ICNT] ICNT->MEM request 0GB/Sec,0
[2026-03-12 13:39:09.980] [info] [ICNT] ICNT<-MEM request 0GB/Sec,0
[2026-03-12 13:39:10.648] [info] Core [0] Tile Stats | Issued: 163 Running: 2 Finished: 161
[2026-03-12 13:39:10.648] [info] cycle: [6904000]
[2026-03-12 13:39:10.648] [info] Core [1] Tile Stats | Issued: 164 Running: 2 Finished: 162
[2026-03-12 13:39:10.648] [info] cycle: [6904000]
[2026-03-12 13:39:10.648] [info] Core [2] Tile Stats | Issued: 164 Running: 2 Finished: 162
[2026-03-12 13:39:10.648] [info] cycle: [6904000]
[2026-03-12 13:39:10.648] [info] Core [3] Tile Stats | Issued: 162 Running: 2 Finished: 160
[2026-03-12 13:39:10.648] [info] cycle: [6904000]
[2026-03-12 13:39:10.648] [info] [ICNT] Core->ICNT request 0GB/Sec,0
[2026-03-12 13:39:10.648] [info] [ICNT] Core<-ICNT request 382GB/Sec,95621
[2026-03-12 13:39:10.648] [info] [ICNT] ICNT->MEM request 0GB/Sec,0
[2026-03-12 13:39:10.648] [info] [ICNT] ICNT<-MEM request 0GB/Sec,0
[2026-03-12 13:39:11.393] [info] Core [0] Tile Stats | Issued: 163 Running: 2 Finished: 161
[2026-03-12 13:39:11.393] [info] cycle: [6912000]
[2026-03-12 13:39:11.393] [info] Core [1] Tile Stats | Issued: 164 Running: 2 Finished: 162
[2026-03-12 13:39:11.393] [info] cycle: [6912000]
[2026-03-12 13:39:11.393] [info] Core [2] Tile Stats | Issued: 164 Running: 2 Finished: 162
[2026-03-12 13:39:11.393] [info] cycle: [6912000]
[2026-03-12 13:39:11.393] [info] Core [3] Tile Stats | Issued: 162 Running: 2 Finished: 160
[2026-03-12 13:39:11.393] [info] cycle: [6912000]
[2026-03-12 13:39:11.393] [info] [ICNT] Core->ICNT request 0GB/Sec,0
[2026-03-12 13:39:11.393] [info] [ICNT] Core<-ICNT request 446GB/Sec,111558
[2026-03-12 13:39:11.393] [info] [ICNT] ICNT->MEM request 0GB/Sec,0
[2026-03-12 13:39:11.393] [info] [ICNT] ICNT<-MEM request 0GB/Sec,0
[2026-03-12 13:39:12.101] [info] Core [0] Tile Stats | Issued: 163 Running: 2 Finished: 161
[2026-03-12 13:39:12.101] [info] cycle: [6920000]
[2026-03-12 13:39:12.101] [info] Core [1] Tile Stats | Issued: 164 Running: 2 Finished: 162
[2026-03-12 13:39:12.101] [info] cycle: [6920000]
[2026-03-12 13:39:12.101] [info] Core [2] Tile Stats | Issued: 165 Running: 2 Finished: 163
[2026-03-12 13:39:12.101] [info] cycle: [6920000]
[2026-03-12 13:39:12.101] [info] Core [3] Tile Stats | Issued: 162 Running: 2 Finished: 160
[2026-03-12 13:39:12.102] [info] cycle: [6920000]
[2026-03-12 13:39:12.102] [info] [ICNT] Core->ICNT request 5GB/Sec,1360
[2026-03-12 13:39:12.102] [info] [ICNT] Core<-ICNT request 482GB/Sec,120584
[2026-03-12 13:39:12.102] [info] [ICNT] ICNT->MEM request 0GB/Sec,0
[2026-03-12 13:39:12.102] [info] [ICNT] ICNT<-MEM request 0GB/Sec,0
[2026-03-12 13:39:12.775] [info] Core [0] Tile Stats | Issued: 164 Running: 2 Finished: 162
[2026-03-12 13:39:12.775] [info] cycle: [6928000]
[2026-03-12 13:39:12.775] [info] Core [1] Tile Stats | Issued: 165 Running: 2 Finished: 163
[2026-03-12 13:39:12.775] [info] cycle: [6928000]
[2026-03-12 13:39:12.775] [info] Core [2] Tile Stats | Issued: 165 Running: 2 Finished: 163
[2026-03-12 13:39:12.775] [info] cycle: [6928000]
[2026-03-12 13:39:12.775] [info] Core [3] Tile Stats | Issued: 163 Running: 2 Finished: 161
[2026-03-12 13:39:12.775] [info] cycle: [6928000]
[2026-03-12 13:39:12.775] [info] [ICNT] Core->ICNT request 1774GB/Sec,443552
[2026-03-12 13:39:12.775] [info] [ICNT] Core<-ICNT request 446GB/Sec,111648
[2026-03-12 13:39:12.775] [info] [ICNT] ICNT->MEM request 0GB/Sec,0
[2026-03-12 13:39:12.775] [info] [ICNT] ICNT<-MEM request 0GB/Sec,0
[2026-03-12 13:39:13.437] [info] Core [0] Tile Stats | Issued: 164 Running: 2 Finished: 162
[2026-03-12 13:39:13.437] [info] cycle: [6936000]
[2026-03-12 13:39:13.437] [info] Core [1] Tile Stats | Issued: 165 Running: 2 Finished: 163
[2026-03-12 13:39:13.437] [info] cycle: [6936000]
[2026-03-12 13:39:13.437] [info] Core [2] Tile Stats | Issued: 165 Running: 2 Finished: 163
[2026-03-12 13:39:13.437] [info] cycle: [6936000]
[2026-03-12 13:39:13.437] [info] Core [3] Tile Stats | Issued: 163 Running: 2 Finished: 161
[2026-03-12 13:39:13.437] [info] cycle: [6936000]
[2026-03-12 13:39:13.437] [info] [ICNT] Core->ICNT request 1879GB/Sec,469808
[2026-03-12 13:39:13.437] [info] [ICNT] Core<-ICNT request 439GB/Sec,109790
[2026-03-12 13:39:13.437] [info] [ICNT] ICNT->MEM request 0GB/Sec,0
[2026-03-12 13:39:13.437] [info] [ICNT] ICNT<-MEM request 0GB/Sec,0
[2026-03-12 13:39:14.083] [info] Core [0] Tile Stats | Issued: 164 Running: 2 Finished: 162
[2026-03-12 13:39:14.083] [info] cycle: [6944000]
[2026-03-12 13:39:14.083] [info] Core [1] Tile Stats | Issued: 165 Running: 2 Finished: 163
[2026-03-12 13:39:14.083] [info] cycle: [6944000]
[2026-03-12 13:39:14.083] [info] Core [2] Tile Stats | Issued: 165 Running: 2 Finished: 163
[2026-03-12 13:39:14.083] [info] cycle: [6944000]
[2026-03-12 13:39:14.083] [info] Core [3] Tile Stats | Issued: 163 Running: 2 Finished: 161
[2026-03-12 13:39:14.083] [info] cycle: [6944000]
[2026-03-12 13:39:14.083] [info] [ICNT] Core->ICNT request 101GB/Sec,25312
[2026-03-12 13:39:14.083] [info] [ICNT] Core<-ICNT request 440GB/Sec,110179
[2026-03-12 13:39:14.083] [info] [ICNT] ICNT->MEM request 0GB/Sec,0
[2026-03-12 13:39:14.083] [info] [ICNT] ICNT<-MEM request 0GB/Sec,0
[2026-03-12 13:39:14.814] [info] Core [0] Tile Stats | Issued: 164 Running: 2 Finished: 162
[2026-03-12 13:39:14.814] [info] cycle: [6952000]
[2026-03-12 13:39:14.814] [info] Core [1] Tile Stats | Issued: 165 Running: 2 Finished: 163
[2026-03-12 13:39:14.814] [info] cycle: [6952000]
[2026-03-12 13:39:14.814] [info] Core [2] Tile Stats | Issued: 165 Running: 2 Finished: 163
[2026-03-12 13:39:14.814] [info] cycle: [6952000]
[2026-03-12 13:39:14.814] [info] Core [3] Tile Stats | Issued: 163 Running: 2 Finished: 161
[2026-03-12 13:39:14.814] [info] cycle: [6952000]
[2026-03-12 13:39:14.814] [info] [ICNT] Core->ICNT request 0GB/Sec,0
[2026-03-12 13:39:14.814] [info] [ICNT] Core<-ICNT request 436GB/Sec,109018
[2026-03-12 13:39:14.814] [info] [ICNT] ICNT->MEM request 0GB/Sec,0
[2026-03-12 13:39:14.814] [info] [ICNT] ICNT<-MEM request 0GB/Sec,0
[2026-03-12 13:39:15.445] [info] Core [0] Tile Stats | Issued: 164 Running: 2 Finished: 162
[2026-03-12 13:39:15.445] [info] cycle: [6960000]
[2026-03-12 13:39:15.445] [info] Core [1] Tile Stats | Issued: 165 Running: 2 Finished: 163
[2026-03-12 13:39:15.445] [info] cycle: [6960000]
[2026-03-12 13:39:15.445] [info] Core [2] Tile Stats | Issued: 165 Running: 2 Finished: 163
[2026-03-12 13:39:15.445] [info] cycle: [6960000]
[2026-03-12 13:39:15.445] [info] Core [3] Tile Stats | Issued: 163 Running: 2 Finished: 161
[2026-03-12 13:39:15.445] [info] cycle: [6960000]
[2026-03-12 13:39:15.445] [info] [ICNT] Core->ICNT request 0GB/Sec,0
[2026-03-12 13:39:15.445] [info] [ICNT] Core<-ICNT request 435GB/Sec,108788
[2026-03-12 13:39:15.445] [info] [ICNT] ICNT->MEM request 0GB/Sec,0
[2026-03-12 13:39:15.445] [info] [ICNT] ICNT<-MEM request 0GB/Sec,0
[2026-03-12 13:39:16.079] [info] Core [0] Tile Stats | Issued: 164 Running: 2 Finished: 162
[2026-03-12 13:39:16.079] [info] cycle: [6968000]
[2026-03-12 13:39:16.079] [info] Core [1] Tile Stats | Issued: 165 Running: 2 Finished: 163
[2026-03-12 13:39:16.079] [info] cycle: [6968000]
[2026-03-12 13:39:16.079] [info] Core [2] Tile Stats | Issued: 165 Running: 2 Finished: 163
[2026-03-12 13:39:16.079] [info] cycle: [6968000]
[2026-03-12 13:39:16.079] [info] Core [3] Tile Stats | Issued: 163 Running: 2 Finished: 161
[2026-03-12 13:39:16.079] [info] cycle: [6968000]
[2026-03-12 13:39:16.079] [info] [ICNT] Core->ICNT request 0GB/Sec,0
[2026-03-12 13:39:16.079] [info] [ICNT] Core<-ICNT request 438GB/Sec,109592
[2026-03-12 13:39:16.079] [info] [ICNT] ICNT->MEM request 0GB/Sec,0
[2026-03-12 13:39:16.079] [info] [ICNT] ICNT<-MEM request 0GB/Sec,0
[2026-03-12 13:39:16.706] [info] Core [0] Tile Stats | Issued: 164 Running: 2 Finished: 162
[2026-03-12 13:39:16.706] [info] cycle: [6976000]
[2026-03-12 13:39:16.706] [info] Core [1] Tile Stats | Issued: 165 Running: 2 Finished: 163
[2026-03-12 13:39:16.706] [info] cycle: [6976000]
[2026-03-12 13:39:16.706] [info] Core [2] Tile Stats | Issued: 165 Running: 2 Finished: 163
[2026-03-12 13:39:16.706] [info] cycle: [6976000]
[2026-03-12 13:39:16.706] [info] Core [3] Tile Stats | Issued: 163 Running: 2 Finished: 161
[2026-03-12 13:39:16.706] [info] cycle: [6976000]
[2026-03-12 13:39:16.706] [info] [ICNT] Core->ICNT request 0GB/Sec,0
[2026-03-12 13:39:16.706] [info] [ICNT] Core<-ICNT request 453GB/Sec,113468
[2026-03-12 13:39:16.706] [info] [ICNT] ICNT->MEM request 0GB/Sec,0
[2026-03-12 13:39:16.706] [info] [ICNT] ICNT<-MEM request 0GB/Sec,0
[2026-03-12 13:39:17.322] [info] Core [0] Tile Stats | Issued: 164 Running: 2 Finished: 162
[2026-03-12 13:39:17.322] [info] cycle: [6984000]
[2026-03-12 13:39:17.322] [info] Core [1] Tile Stats | Issued: 165 Running: 2 Finished: 163
[2026-03-12 13:39:17.322] [info] cycle: [6984000]
[2026-03-12 13:39:17.322] [info] Core [2] Tile Stats | Issued: 165 Running: 2 Finished: 163
[2026-03-12 13:39:17.322] [info] cycle: [6984000]
[2026-03-12 13:39:17.322] [info] Core [3] Tile Stats | Issued: 163 Running: 2 Finished: 161
[2026-03-12 13:39:17.322] [info] cycle: [6984000]
[2026-03-12 13:39:17.322] [info] [ICNT] Core->ICNT request 16GB/Sec,4000
[2026-03-12 13:39:17.322] [info] [ICNT] Core<-ICNT request 444GB/Sec,111087
[2026-03-12 13:39:17.322] [info] [ICNT] ICNT->MEM request 0GB/Sec,0
[2026-03-12 13:39:17.322] [info] [ICNT] ICNT<-MEM request 0GB/Sec,0
[2026-03-12 13:39:17.976] [info] Core [0] Tile Stats | Issued: 165 Running: 2 Finished: 163
[2026-03-12 13:39:17.976] [info] cycle: [6992000]
[2026-03-12 13:39:17.976] [info] Core [1] Tile Stats | Issued: 166 Running: 2 Finished: 164
[2026-03-12 13:39:17.976] [info] cycle: [6992000]
[2026-03-12 13:39:17.976] [info] Core [2] Tile Stats | Issued: 166 Running: 2 Finished: 164
[2026-03-12 13:39:17.976] [info] cycle: [6992000]
[2026-03-12 13:39:17.976] [info] Core [3] Tile Stats | Issued: 164 Running: 2 Finished: 162
[2026-03-12 13:39:17.976] [info] cycle: [6992000]
[2026-03-12 13:39:17.976] [info] [ICNT] Core->ICNT request 1204GB/Sec,301128
[2026-03-12 13:39:17.976] [info] [ICNT] Core<-ICNT request 422GB/Sec,105576
[2026-03-12 13:39:17.976] [info] [ICNT] ICNT->MEM request 0GB/Sec,0
[2026-03-12 13:39:17.976] [info] [ICNT] ICNT<-MEM request 0GB/Sec,0
[2026-03-12 13:39:18.609] [info] Core [0] Tile Stats | Issued: 165 Running: 2 Finished: 163
[2026-03-12 13:39:18.609] [info] cycle: [7000000]
[2026-03-12 13:39:18.609] [info] Core [1] Tile Stats | Issued: 166 Running: 2 Finished: 164
[2026-03-12 13:39:18.609] [info] cycle: [7000000]
[2026-03-12 13:39:18.609] [info] Core [2] Tile Stats | Issued: 166 Running: 2 Finished: 164
[2026-03-12 13:39:18.609] [info] cycle: [7000000]
[2026-03-12 13:39:18.609] [info] Core [3] Tile Stats | Issued: 164 Running: 2 Finished: 162
[2026-03-12 13:39:18.609] [info] cycle: [7000000]
[2026-03-12 13:39:18.609] [info] [ICNT] Core->ICNT request 2048GB/Sec,512000
[2026-03-12 13:39:18.609] [info] [ICNT] Core<-ICNT request 415GB/Sec,103828
[2026-03-12 13:39:18.609] [info] [ICNT] ICNT->MEM request 0GB/Sec,0
[2026-03-12 13:39:18.609] [info] [ICNT] ICNT<-MEM request 0GB/Sec,0
[2026-03-12 13:39:19.209] [info] Core [0] Tile Stats | Issued: 165 Running: 2 Finished: 163
[2026-03-12 13:39:19.209] [info] cycle: [7008000]
[2026-03-12 13:39:19.209] [info] Core [1] Tile Stats | Issued: 166 Running: 2 Finished: 164
[2026-03-12 13:39:19.209] [info] cycle: [7008000]
[2026-03-12 13:39:19.209] [info] Core [2] Tile Stats | Issued: 166 Running: 2 Finished: 164
[2026-03-12 13:39:19.209] [info] cycle: [7008000]
[2026-03-12 13:39:19.209] [info] Core [3] Tile Stats | Issued: 164 Running: 2 Finished: 162
[2026-03-12 13:39:19.209] [info] cycle: [7008000]
[2026-03-12 13:39:19.209] [info] [ICNT] Core->ICNT request 517GB/Sec,129336
[2026-03-12 13:39:19.209] [info] [ICNT] Core<-ICNT request 409GB/Sec,102262
[2026-03-12 13:39:19.209] [info] [ICNT] ICNT->MEM request 0GB/Sec,0
[2026-03-12 13:39:19.209] [info] [ICNT] ICNT<-MEM request 0GB/Sec,0
[2026-03-12 13:39:19.893] [info] Core [0] Tile Stats | Issued: 165 Running: 2 Finished: 163
[2026-03-12 13:39:19.893] [info] cycle: [7016000]
[2026-03-12 13:39:19.893] [info] Core [1] Tile Stats | Issued: 166 Running: 2 Finished: 164
[2026-03-12 13:39:19.893] [info] cycle: [7016000]
[2026-03-12 13:39:19.893] [info] Core [2] Tile Stats | Issued: 166 Running: 2 Finished: 164
[2026-03-12 13:39:19.893] [info] cycle: [7016000]
[2026-03-12 13:39:19.893] [info] Core [3] Tile Stats | Issued: 164 Running: 2 Finished: 162
[2026-03-12 13:39:19.893] [info] cycle: [7016000]
[2026-03-12 13:39:19.893] [info] [ICNT] Core->ICNT request 0GB/Sec,0
[2026-03-12 13:39:19.893] [info] [ICNT] Core<-ICNT request 387GB/Sec,96867
[2026-03-12 13:39:19.893] [info] [ICNT] ICNT->MEM request 0GB/Sec,0
[2026-03-12 13:39:19.893] [info] [ICNT] ICNT<-MEM request 0GB/Sec,0
[2026-03-12 13:39:20.594] [info] Core [0] Tile Stats | Issued: 165 Running: 2 Finished: 163
[2026-03-12 13:39:20.594] [info] cycle: [7024000]
[2026-03-12 13:39:20.594] [info] Core [1] Tile Stats | Issued: 166 Running: 2 Finished: 164
[2026-03-12 13:39:20.594] [info] cycle: [7024000]
[2026-03-12 13:39:20.594] [info] Core [2] Tile Stats | Issued: 166 Running: 2 Finished: 164
[2026-03-12 13:39:20.594] [info] cycle: [7024000]
[2026-03-12 13:39:20.594] [info] Core [3] Tile Stats | Issued: 164 Running: 2 Finished: 162
[2026-03-12 13:39:20.594] [info] cycle: [7024000]
[2026-03-12 13:39:20.594] [info] [ICNT] Core->ICNT request 0GB/Sec,0
[2026-03-12 13:39:20.594] [info] [ICNT] Core<-ICNT request 381GB/Sec,95460
[2026-03-12 13:39:20.594] [info] [ICNT] ICNT->MEM request 0GB/Sec,0
[2026-03-12 13:39:20.594] [info] [ICNT] ICNT<-MEM request 0GB/Sec,0
[2026-03-12 13:39:21.209] [info] Core [0] Tile Stats | Issued: 165 Running: 2 Finished: 163
[2026-03-12 13:39:21.209] [info] cycle: [7032000]
[2026-03-12 13:39:21.209] [info] Core [1] Tile Stats | Issued: 166 Running: 2 Finished: 164
[2026-03-12 13:39:21.209] [info] cycle: [7032000]
[2026-03-12 13:39:21.209] [info] Core [2] Tile Stats | Issued: 166 Running: 2 Finished: 164
[2026-03-12 13:39:21.209] [info] cycle: [7032000]
[2026-03-12 13:39:21.209] [info] Core [3] Tile Stats | Issued: 164 Running: 2 Finished: 162
[2026-03-12 13:39:21.209] [info] cycle: [7032000]
[2026-03-12 13:39:21.209] [info] [ICNT] Core->ICNT request 0GB/Sec,0
[2026-03-12 13:39:21.209] [info] [ICNT] Core<-ICNT request 381GB/Sec,95470
[2026-03-12 13:39:21.209] [info] [ICNT] ICNT->MEM request 0GB/Sec,0
[2026-03-12 13:39:21.209] [info] [ICNT] ICNT<-MEM request 0GB/Sec,0
[2026-03-12 13:39:21.807] [info] Core [0] Tile Stats | Issued: 165 Running: 2 Finished: 163
[2026-03-12 13:39:21.807] [info] cycle: [7040000]
[2026-03-12 13:39:21.807] [info] Core [1] Tile Stats | Issued: 166 Running: 2 Finished: 164
[2026-03-12 13:39:21.807] [info] cycle: [7040000]
[2026-03-12 13:39:21.807] [info] Core [2] Tile Stats | Issued: 166 Running: 2 Finished: 164
[2026-03-12 13:39:21.807] [info] cycle: [7040000]
[2026-03-12 13:39:21.807] [info] Core [3] Tile Stats | Issued: 164 Running: 2 Finished: 162
[2026-03-12 13:39:21.807] [info] cycle: [7040000]
[2026-03-12 13:39:21.807] [info] [ICNT] Core->ICNT request 0GB/Sec,0
[2026-03-12 13:39:21.807] [info] [ICNT] Core<-ICNT request 381GB/Sec,95460
[2026-03-12 13:39:21.807] [info] [ICNT] ICNT->MEM request 0GB/Sec,0
[2026-03-12 13:39:21.807] [info] [ICNT] ICNT<-MEM request 0GB/Sec,0
[2026-03-12 13:39:22.434] [info] Core [0] Tile Stats | Issued: 165 Running: 2 Finished: 163
[2026-03-12 13:39:22.434] [info] cycle: [7048000]
[2026-03-12 13:39:22.434] [info] Core [1] Tile Stats | Issued: 166 Running: 2 Finished: 164
[2026-03-12 13:39:22.434] [info] cycle: [7048000]
[2026-03-12 13:39:22.434] [info] Core [2] Tile Stats | Issued: 166 Running: 2 Finished: 164
[2026-03-12 13:39:22.434] [info] cycle: [7048000]
[2026-03-12 13:39:22.434] [info] Core [3] Tile Stats | Issued: 164 Running: 2 Finished: 162
[2026-03-12 13:39:22.434] [info] cycle: [7048000]
[2026-03-12 13:39:22.434] [info] [ICNT] Core->ICNT request 0GB/Sec,0
[2026-03-12 13:39:22.434] [info] [ICNT] Core<-ICNT request 379GB/Sec,94996
[2026-03-12 13:39:22.434] [info] [ICNT] ICNT->MEM request 0GB/Sec,0
[2026-03-12 13:39:22.434] [info] [ICNT] ICNT<-MEM request 0GB/Sec,0
[2026-03-12 13:39:23.136] [info] Core [0] Tile Stats | Issued: 165 Running: 2 Finished: 163
[2026-03-12 13:39:23.136] [info] cycle: [7056000]
[2026-03-12 13:39:23.136] [info] Core [1] Tile Stats | Issued: 166 Running: 2 Finished: 164
[2026-03-12 13:39:23.136] [info] cycle: [7056000]
[2026-03-12 13:39:23.136] [info] Core [2] Tile Stats | Issued: 166 Running: 2 Finished: 164
[2026-03-12 13:39:23.136] [info] cycle: [7056000]
[2026-03-12 13:39:23.136] [info] Core [3] Tile Stats | Issued: 164 Running: 2 Finished: 162
[2026-03-12 13:39:23.136] [info] cycle: [7056000]
[2026-03-12 13:39:23.136] [info] [ICNT] Core->ICNT request 0GB/Sec,0
[2026-03-12 13:39:23.136] [info] [ICNT] Core<-ICNT request 391GB/Sec,97965
[2026-03-12 13:39:23.136] [info] [ICNT] ICNT->MEM request 0GB/Sec,0
[2026-03-12 13:39:23.136] [info] [ICNT] ICNT<-MEM request 0GB/Sec,0
[2026-03-12 13:39:23.830] [info] Core [0] Tile Stats | Issued: 165 Running: 2 Finished: 163
[2026-03-12 13:39:23.830] [info] cycle: [7064000]
[2026-03-12 13:39:23.830] [info] Core [1] Tile Stats | Issued: 166 Running: 2 Finished: 164
[2026-03-12 13:39:23.830] [info] cycle: [7064000]
[2026-03-12 13:39:23.830] [info] Core [2] Tile Stats | Issued: 167 Running: 2 Finished: 165
[2026-03-12 13:39:23.830] [info] cycle: [7064000]
[2026-03-12 13:39:23.830] [info] Core [3] Tile Stats | Issued: 165 Running: 2 Finished: 163
[2026-03-12 13:39:23.830] [info] cycle: [7064000]
[2026-03-12 13:39:23.830] [info] [ICNT] Core->ICNT request 197GB/Sec,49336
[2026-03-12 13:39:23.830] [info] [ICNT] Core<-ICNT request 409GB/Sec,102260
[2026-03-12 13:39:23.830] [info] [ICNT] ICNT->MEM request 0GB/Sec,0
[2026-03-12 13:39:23.830] [info] [ICNT] ICNT<-MEM request 0GB/Sec,0
[2026-03-12 13:39:24.485] [info] Core [0] Tile Stats | Issued: 166 Running: 2 Finished: 164
[2026-03-12 13:39:24.485] [info] cycle: [7072000]
[2026-03-12 13:39:24.485] [info] Core [1] Tile Stats | Issued: 167 Running: 2 Finished: 165
[2026-03-12 13:39:24.485] [info] cycle: [7072000]
[2026-03-12 13:39:24.485] [info] Core [2] Tile Stats | Issued: 167 Running: 2 Finished: 165
[2026-03-12 13:39:24.485] [info] cycle: [7072000]
[2026-03-12 13:39:24.485] [info] Core [3] Tile Stats | Issued: 165 Running: 2 Finished: 163
[2026-03-12 13:39:24.485] [info] cycle: [7072000]
[2026-03-12 13:39:24.485] [info] [ICNT] Core->ICNT request 1948GB/Sec,487184
[2026-03-12 13:39:24.485] [info] [ICNT] Core<-ICNT request 405GB/Sec,101300
[2026-03-12 13:39:24.485] [info] [ICNT] ICNT->MEM request 0GB/Sec,0
[2026-03-12 13:39:24.485] [info] [ICNT] ICNT<-MEM request 0GB/Sec,0
[2026-03-12 13:39:25.123] [info] Core [0] Tile Stats | Issued: 166 Running: 2 Finished: 164
[2026-03-12 13:39:25.123] [info] cycle: [7080000]
[2026-03-12 13:39:25.123] [info] Core [1] Tile Stats | Issued: 167 Running: 2 Finished: 165
[2026-03-12 13:39:25.123] [info] cycle: [7080000]
[2026-03-12 13:39:25.123] [info] Core [2] Tile Stats | Issued: 167 Running: 2 Finished: 165
[2026-03-12 13:39:25.123] [info] cycle: [7080000]
[2026-03-12 13:39:25.123] [info] Core [3] Tile Stats | Issued: 165 Running: 2 Finished: 163
[2026-03-12 13:39:25.123] [info] cycle: [7080000]
[2026-03-12 13:39:25.123] [info] [ICNT] Core->ICNT request 1605GB/Sec,401464
[2026-03-12 13:39:25.123] [info] [ICNT] Core<-ICNT request 401GB/Sec,100423
[2026-03-12 13:39:25.123] [info] [ICNT] ICNT->MEM request 0GB/Sec,0
[2026-03-12 13:39:25.123] [info] [ICNT] ICNT<-MEM request 0GB/Sec,0
[2026-03-12 13:39:25.781] [info] Core [0] Tile Stats | Issued: 166 Running: 2 Finished: 164
[2026-03-12 13:39:25.781] [info] cycle: [7088000]
[2026-03-12 13:39:25.781] [info] Core [1] Tile Stats | Issued: 167 Running: 2 Finished: 165
[2026-03-12 13:39:25.781] [info] cycle: [7088000]
[2026-03-12 13:39:25.781] [info] Core [2] Tile Stats | Issued: 167 Running: 2 Finished: 165
[2026-03-12 13:39:25.781] [info] cycle: [7088000]
[2026-03-12 13:39:25.781] [info] Core [3] Tile Stats | Issued: 165 Running: 2 Finished: 163
[2026-03-12 13:39:25.781] [info] cycle: [7088000]
[2026-03-12 13:39:25.781] [info] [ICNT] Core->ICNT request 8GB/Sec,2080
[2026-03-12 13:39:25.781] [info] [ICNT] Core<-ICNT request 395GB/Sec,98825
[2026-03-12 13:39:25.781] [info] [ICNT] ICNT->MEM request 0GB/Sec,0
[2026-03-12 13:39:25.781] [info] [ICNT] ICNT<-MEM request 0GB/Sec,0
[2026-03-12 13:39:26.395] [info] Core [0] Tile Stats | Issued: 166 Running: 2 Finished: 164
[2026-03-12 13:39:26.395] [info] cycle: [7096000]
[2026-03-12 13:39:26.395] [info] Core [1] Tile Stats | Issued: 167 Running: 2 Finished: 165
[2026-03-12 13:39:26.395] [info] cycle: [7096000]
[2026-03-12 13:39:26.395] [info] Core [2] Tile Stats | Issued: 167 Running: 2 Finished: 165
[2026-03-12 13:39:26.395] [info] cycle: [7096000]
[2026-03-12 13:39:26.395] [info] Core [3] Tile Stats | Issued: 165 Running: 2 Finished: 163
[2026-03-12 13:39:26.395] [info] cycle: [7096000]
[2026-03-12 13:39:26.395] [info] [ICNT] Core->ICNT request 0GB/Sec,0
[2026-03-12 13:39:26.395] [info] [ICNT] Core<-ICNT request 383GB/Sec,95981
[2026-03-12 13:39:26.395] [info] [ICNT] ICNT->MEM request 0GB/Sec,0
[2026-03-12 13:39:26.395] [info] [ICNT] ICNT<-MEM request 0GB/Sec,0
[2026-03-12 13:39:27.074] [info] Core [0] Tile Stats | Issued: 166 Running: 2 Finished: 164
[2026-03-12 13:39:27.074] [info] cycle: [7104000]
[2026-03-12 13:39:27.074] [info] Core [1] Tile Stats | Issued: 167 Running: 2 Finished: 165
[2026-03-12 13:39:27.074] [info] cycle: [7104000]
[2026-03-12 13:39:27.074] [info] Core [2] Tile Stats | Issued: 167 Running: 2 Finished: 165
[2026-03-12 13:39:27.074] [info] cycle: [7104000]
[2026-03-12 13:39:27.074] [info] Core [3] Tile Stats | Issued: 165 Running: 2 Finished: 163
[2026-03-12 13:39:27.074] [info] cycle: [7104000]
[2026-03-12 13:39:27.074] [info] [ICNT] Core->ICNT request 0GB/Sec,0
[2026-03-12 13:39:27.074] [info] [ICNT] Core<-ICNT request 378GB/Sec,94525
[2026-03-12 13:39:27.074] [info] [ICNT] ICNT->MEM request 0GB/Sec,0
[2026-03-12 13:39:27.074] [info] [ICNT] ICNT<-MEM request 0GB/Sec,0
[2026-03-12 13:39:27.750] [info] Core [0] Tile Stats | Issued: 166 Running: 2 Finished: 164
[2026-03-12 13:39:27.750] [info] cycle: [7112000]
[2026-03-12 13:39:27.750] [info] Core [1] Tile Stats | Issued: 167 Running: 2 Finished: 165
[2026-03-12 13:39:27.750] [info] cycle: [7112000]
[2026-03-12 13:39:27.750] [info] Core [2] Tile Stats | Issued: 167 Running: 2 Finished: 165
[2026-03-12 13:39:27.750] [info] cycle: [7112000]
[2026-03-12 13:39:27.750] [info] Core [3] Tile Stats | Issued: 165 Running: 2 Finished: 163
[2026-03-12 13:39:27.750] [info] cycle: [7112000]
[2026-03-12 13:39:27.750] [info] [ICNT] Core->ICNT request 0GB/Sec,0
[2026-03-12 13:39:27.750] [info] [ICNT] Core<-ICNT request 377GB/Sec,94258
[2026-03-12 13:39:27.750] [info] [ICNT] ICNT->MEM request 0GB/Sec,0
[2026-03-12 13:39:27.750] [info] [ICNT] ICNT<-MEM request 0GB/Sec,0
[2026-03-12 13:39:28.427] [info] Core [0] Tile Stats | Issued: 166 Running: 2 Finished: 164
[2026-03-12 13:39:28.427] [info] cycle: [7120000]
[2026-03-12 13:39:28.427] [info] Core [1] Tile Stats | Issued: 167 Running: 2 Finished: 165
[2026-03-12 13:39:28.427] [info] cycle: [7120000]
[2026-03-12 13:39:28.427] [info] Core [2] Tile Stats | Issued: 167 Running: 2 Finished: 165
[2026-03-12 13:39:28.427] [info] cycle: [7120000]
[2026-03-12 13:39:28.427] [info] Core [3] Tile Stats | Issued: 165 Running: 2 Finished: 163
[2026-03-12 13:39:28.427] [info] cycle: [7120000]
[2026-03-12 13:39:28.427] [info] [ICNT] Core->ICNT request 0GB/Sec,0
[2026-03-12 13:39:28.427] [info] [ICNT] Core<-ICNT request 379GB/Sec,94899
[2026-03-12 13:39:28.427] [info] [ICNT] ICNT->MEM request 0GB/Sec,0
[2026-03-12 13:39:28.427] [info] [ICNT] ICNT<-MEM request 0GB/Sec,0
[2026-03-12 13:39:29.102] [info] Core [0] Tile Stats | Issued: 166 Running: 2 Finished: 164
[2026-03-12 13:39:29.103] [info] cycle: [7128000]
[2026-03-12 13:39:29.103] [info] Core [1] Tile Stats | Issued: 167 Running: 2 Finished: 165
[2026-03-12 13:39:29.103] [info] cycle: [7128000]
[2026-03-12 13:39:29.103] [info] Core [2] Tile Stats | Issued: 167 Running: 2 Finished: 165
[2026-03-12 13:39:29.103] [info] cycle: [7128000]
[2026-03-12 13:39:29.103] [info] Core [3] Tile Stats | Issued: 165 Running: 2 Finished: 163
[2026-03-12 13:39:29.103] [info] cycle: [7128000]
[2026-03-12 13:39:29.103] [info] [ICNT] Core->ICNT request 0GB/Sec,0
[2026-03-12 13:39:29.103] [info] [ICNT] Core<-ICNT request 401GB/Sec,100435
[2026-03-12 13:39:29.103] [info] [ICNT] ICNT->MEM request 0GB/Sec,0
[2026-03-12 13:39:29.103] [info] [ICNT] ICNT<-MEM request 0GB/Sec,0
[2026-03-12 13:39:29.794] [info] Core [0] Tile Stats | Issued: 166 Running: 2 Finished: 164
[2026-03-12 13:39:29.794] [info] cycle: [7136000]
[2026-03-12 13:39:29.794] [info] Core [1] Tile Stats | Issued: 167 Running: 2 Finished: 165
[2026-03-12 13:39:29.794] [info] cycle: [7136000]
[2026-03-12 13:39:29.794] [info] Core [2] Tile Stats | Issued: 167 Running: 2 Finished: 165
[2026-03-12 13:39:29.795] [info] cycle: [7136000]
[2026-03-12 13:39:29.795] [info] Core [3] Tile Stats | Issued: 165 Running: 2 Finished: 163
[2026-03-12 13:39:29.795] [info] cycle: [7136000]
[2026-03-12 13:39:29.795] [info] [ICNT] Core->ICNT request 0GB/Sec,0
[2026-03-12 13:39:29.795] [info] [ICNT] Core<-ICNT request 445GB/Sec,111370
[2026-03-12 13:39:29.795] [info] [ICNT] ICNT->MEM request 0GB/Sec,0
[2026-03-12 13:39:29.795] [info] [ICNT] ICNT<-MEM request 0GB/Sec,0
[2026-03-12 13:39:30.475] [info] Core [0] Tile Stats | Issued: 167 Running: 2 Finished: 165
[2026-03-12 13:39:30.475] [info] cycle: [7144000]
[2026-03-12 13:39:30.475] [info] Core [1] Tile Stats | Issued: 168 Running: 2 Finished: 166
[2026-03-12 13:39:30.475] [info] cycle: [7144000]
[2026-03-12 13:39:30.475] [info] Core [2] Tile Stats | Issued: 168 Running: 2 Finished: 166
[2026-03-12 13:39:30.475] [info] cycle: [7144000]
[2026-03-12 13:39:30.475] [info] Core [3] Tile Stats | Issued: 166 Running: 2 Finished: 164
[2026-03-12 13:39:30.475] [info] cycle: [7144000]
[2026-03-12 13:39:30.475] [info] [ICNT] Core->ICNT request 1093GB/Sec,273312
[2026-03-12 13:39:30.475] [info] [ICNT] Core<-ICNT request 421GB/Sec,105456
[2026-03-12 13:39:30.475] [info] [ICNT] ICNT->MEM request 0GB/Sec,0
[2026-03-12 13:39:30.475] [info] [ICNT] ICNT<-MEM request 0GB/Sec,0
[2026-03-12 13:39:31.177] [info] Core [0] Tile Stats | Issued: 167 Running: 2 Finished: 165
[2026-03-12 13:39:31.177] [info] cycle: [7152000]
[2026-03-12 13:39:31.177] [info] Core [1] Tile Stats | Issued: 168 Running: 2 Finished: 166
[2026-03-12 13:39:31.177] [info] cycle: [7152000]
[2026-03-12 13:39:31.177] [info] Core [2] Tile Stats | Issued: 168 Running: 2 Finished: 166
[2026-03-12 13:39:31.177] [info] cycle: [7152000]
[2026-03-12 13:39:31.177] [info] Core [3] Tile Stats | Issued: 166 Running: 2 Finished: 164
[2026-03-12 13:39:31.177] [info] cycle: [7152000]
[2026-03-12 13:39:31.177] [info] [ICNT] Core->ICNT request 2048GB/Sec,512000
[2026-03-12 13:39:31.177] [info] [ICNT] Core<-ICNT request 413GB/Sec,103343
[2026-03-12 13:39:31.177] [info] [ICNT] ICNT->MEM request 0GB/Sec,0
[2026-03-12 13:39:31.177] [info] [ICNT] ICNT<-MEM request 0GB/Sec,0
[2026-03-12 13:39:31.809] [info] Core [0] Tile Stats | Issued: 167 Running: 2 Finished: 165
[2026-03-12 13:39:31.809] [info] cycle: [7160000]
[2026-03-12 13:39:31.809] [info] Core [1] Tile Stats | Issued: 168 Running: 2 Finished: 166
[2026-03-12 13:39:31.809] [info] cycle: [7160000]
[2026-03-12 13:39:31.809] [info] Core [2] Tile Stats | Issued: 168 Running: 2 Finished: 166
[2026-03-12 13:39:31.809] [info] cycle: [7160000]
[2026-03-12 13:39:31.809] [info] Core [3] Tile Stats | Issued: 166 Running: 2 Finished: 164
[2026-03-12 13:39:31.809] [info] cycle: [7160000]
[2026-03-12 13:39:31.809] [info] [ICNT] Core->ICNT request 618GB/Sec,154720
[2026-03-12 13:39:31.809] [info] [ICNT] Core<-ICNT request 418GB/Sec,104709
[2026-03-12 13:39:31.809] [info] [ICNT] ICNT->MEM request 0GB/Sec,0
[2026-03-12 13:39:31.809] [info] [ICNT] ICNT<-MEM request 0GB/Sec,0
[2026-03-12 13:39:32.430] [info] Core [0] Tile Stats | Issued: 167 Running: 2 Finished: 165
[2026-03-12 13:39:32.430] [info] cycle: [7168000]
[2026-03-12 13:39:32.430] [info] Core [1] Tile Stats | Issued: 168 Running: 2 Finished: 166
[2026-03-12 13:39:32.430] [info] cycle: [7168000]
[2026-03-12 13:39:32.430] [info] Core [2] Tile Stats | Issued: 168 Running: 2 Finished: 166
[2026-03-12 13:39:32.430] [info] cycle: [7168000]
[2026-03-12 13:39:32.430] [info] Core [3] Tile Stats | Issued: 166 Running: 2 Finished: 164
[2026-03-12 13:39:32.430] [info] cycle: [7168000]
[2026-03-12 13:39:32.430] [info] [ICNT] Core->ICNT request 0GB/Sec,0
[2026-03-12 13:39:32.430] [info] [ICNT] Core<-ICNT request 414GB/Sec,103683
[2026-03-12 13:39:32.430] [info] [ICNT] ICNT->MEM request 0GB/Sec,0
[2026-03-12 13:39:32.430] [info] [ICNT] ICNT<-MEM request 0GB/Sec,0
[2026-03-12 13:39:33.054] [info] Core [0] Tile Stats | Issued: 167 Running: 2 Finished: 165
[2026-03-12 13:39:33.054] [info] cycle: [7176000]
[2026-03-12 13:39:33.054] [info] Core [1] Tile Stats | Issued: 168 Running: 2 Finished: 166
[2026-03-12 13:39:33.054] [info] cycle: [7176000]
[2026-03-12 13:39:33.054] [info] Core [2] Tile Stats | Issued: 168 Running: 2 Finished: 166
[2026-03-12 13:39:33.054] [info] cycle: [7176000]
[2026-03-12 13:39:33.054] [info] Core [3] Tile Stats | Issued: 166 Running: 2 Finished: 164
[2026-03-12 13:39:33.054] [info] cycle: [7176000]
[2026-03-12 13:39:33.054] [info] [ICNT] Core->ICNT request 0GB/Sec,0
[2026-03-12 13:39:33.054] [info] [ICNT] Core<-ICNT request 410GB/Sec,102547
[2026-03-12 13:39:33.054] [info] [ICNT] ICNT->MEM request 0GB/Sec,0
[2026-03-12 13:39:33.054] [info] [ICNT] ICNT<-MEM request 0GB/Sec,0
[2026-03-12 13:39:33.683] [info] Core [0] Tile Stats | Issued: 167 Running: 2 Finished: 165
[2026-03-12 13:39:33.683] [info] cycle: [7184000]
[2026-03-12 13:39:33.683] [info] Core [1] Tile Stats | Issued: 168 Running: 2 Finished: 166
[2026-03-12 13:39:33.683] [info] cycle: [7184000]
[2026-03-12 13:39:33.683] [info] Core [2] Tile Stats | Issued: 168 Running: 2 Finished: 166
[2026-03-12 13:39:33.683] [info] cycle: [7184000]
[2026-03-12 13:39:33.683] [info] Core [3] Tile Stats | Issued: 166 Running: 2 Finished: 164
[2026-03-12 13:39:33.683] [info] cycle: [7184000]
[2026-03-12 13:39:33.683] [info] [ICNT] Core->ICNT request 0GB/Sec,0
[2026-03-12 13:39:33.683] [info] [ICNT] Core<-ICNT request 407GB/Sec,101792
[2026-03-12 13:39:33.683] [info] [ICNT] ICNT->MEM request 0GB/Sec,0
[2026-03-12 13:39:33.683] [info] [ICNT] ICNT<-MEM request 0GB/Sec,0
[2026-03-12 13:39:34.306] [info] Core [0] Tile Stats | Issued: 167 Running: 2 Finished: 165
[2026-03-12 13:39:34.306] [info] cycle: [7192000]
[2026-03-12 13:39:34.306] [info] Core [1] Tile Stats | Issued: 168 Running: 2 Finished: 166
[2026-03-12 13:39:34.306] [info] cycle: [7192000]
[2026-03-12 13:39:34.306] [info] Core [2] Tile Stats | Issued: 168 Running: 2 Finished: 166
[2026-03-12 13:39:34.306] [info] cycle: [7192000]
[2026-03-12 13:39:34.306] [info] Core [3] Tile Stats | Issued: 166 Running: 2 Finished: 164
[2026-03-12 13:39:34.306] [info] cycle: [7192000]
[2026-03-12 13:39:34.306] [info] [ICNT] Core->ICNT request 0GB/Sec,0
[2026-03-12 13:39:34.306] [info] [ICNT] Core<-ICNT request 407GB/Sec,101968
[2026-03-12 13:39:34.306] [info] [ICNT] ICNT->MEM request 0GB/Sec,0
[2026-03-12 13:39:34.306] [info] [ICNT] ICNT<-MEM request 0GB/Sec,0
[2026-03-12 13:39:34.710] [info] HBM2-CH_0: BW utilization 68% (656945 reads, 2864 writes)
[2026-03-12 13:39:34.958] [info] Core [0] Tile Stats | Issued: 167 Running: 2 Finished: 165
[2026-03-12 13:39:34.958] [info] cycle: [7200000]
[2026-03-12 13:39:34.958] [info] Core [1] Tile Stats | Issued: 168 Running: 2 Finished: 166
[2026-03-12 13:39:34.958] [info] cycle: [7200000]
[2026-03-12 13:39:34.958] [info] Core [2] Tile Stats | Issued: 168 Running: 2 Finished: 166
[2026-03-12 13:39:34.958] [info] cycle: [7200000]
[2026-03-12 13:39:34.958] [info] Core [3] Tile Stats | Issued: 166 Running: 2 Finished: 164
[2026-03-12 13:39:34.958] [info] cycle: [7200000]
[2026-03-12 13:39:34.958] [info] [ICNT] Core->ICNT request 0GB/Sec,0
[2026-03-12 13:39:34.958] [info] [ICNT] Core<-ICNT request 423GB/Sec,105929
[2026-03-12 13:39:34.958] [info] [ICNT] ICNT->MEM request 0GB/Sec,0
[2026-03-12 13:39:34.958] [info] [ICNT] ICNT<-MEM request 0GB/Sec,0
[2026-03-12 13:39:35.624] [info] Core [0] Tile Stats | Issued: 167 Running: 2 Finished: 165
[2026-03-12 13:39:35.624] [info] cycle: [7208000]
[2026-03-12 13:39:35.624] [info] Core [1] Tile Stats | Issued: 168 Running: 2 Finished: 166
[2026-03-12 13:39:35.624] [info] cycle: [7208000]
[2026-03-12 13:39:35.624] [info] Core [2] Tile Stats | Issued: 169 Running: 2 Finished: 167
[2026-03-12 13:39:35.624] [info] cycle: [7208000]
[2026-03-12 13:39:35.624] [info] Core [3] Tile Stats | Issued: 166 Running: 2 Finished: 164
[2026-03-12 13:39:35.624] [info] cycle: [7208000]
[2026-03-12 13:39:35.624] [info] [ICNT] Core->ICNT request 196GB/Sec,49160
[2026-03-12 13:39:35.624] [info] [ICNT] Core<-ICNT request 473GB/Sec,118324
[2026-03-12 13:39:35.624] [info] [ICNT] ICNT->MEM request 0GB/Sec,0
[2026-03-12 13:39:35.624] [info] [ICNT] ICNT<-MEM request 0GB/Sec,0
[2026-03-12 13:39:36.467] [info] Core [0] Tile Stats | Issued: 168 Running: 2 Finished: 166
[2026-03-12 13:39:36.467] [info] cycle: [7216000]
[2026-03-12 13:39:36.467] [info] Core [1] Tile Stats | Issued: 169 Running: 2 Finished: 167
[2026-03-12 13:39:36.467] [info] cycle: [7216000]
[2026-03-12 13:39:36.467] [info] Core [2] Tile Stats | Issued: 169 Running: 2 Finished: 167
[2026-03-12 13:39:36.467] [info] cycle: [7216000]
[2026-03-12 13:39:36.467] [info] Core [3] Tile Stats | Issued: 167 Running: 2 Finished: 165
[2026-03-12 13:39:36.467] [info] cycle: [7216000]
[2026-03-12 13:39:36.467] [info] [ICNT] Core->ICNT request 1122GB/Sec,280624
[2026-03-12 13:39:36.467] [info] [ICNT] Core<-ICNT request 471GB/Sec,117800
[2026-03-12 13:39:36.467] [info] [ICNT] ICNT->MEM request 0GB/Sec,0
[2026-03-12 13:39:36.467] [info] [ICNT] ICNT<-MEM request 0GB/Sec,0
[2026-03-12 13:39:37.196] [info] Core [0] Tile Stats | Issued: 168 Running: 2 Finished: 166
[2026-03-12 13:39:37.196] [info] cycle: [7224000]
[2026-03-12 13:39:37.196] [info] Core [1] Tile Stats | Issued: 169 Running: 2 Finished: 167
[2026-03-12 13:39:37.196] [info] cycle: [7224000]
[2026-03-12 13:39:37.196] [info] Core [2] Tile Stats | Issued: 169 Running: 2 Finished: 167
[2026-03-12 13:39:37.196] [info] cycle: [7224000]
[2026-03-12 13:39:37.196] [info] Core [3] Tile Stats | Issued: 167 Running: 2 Finished: 165
[2026-03-12 13:39:37.196] [info] cycle: [7224000]
[2026-03-12 13:39:37.196] [info] [ICNT] Core->ICNT request 1786GB/Sec,446680
[2026-03-12 13:39:37.196] [info] [ICNT] Core<-ICNT request 445GB/Sec,111333
[2026-03-12 13:39:37.196] [info] [ICNT] ICNT->MEM request 0GB/Sec,0
[2026-03-12 13:39:37.196] [info] [ICNT] ICNT<-MEM request 0GB/Sec,0
[2026-03-12 13:39:37.888] [info] Core [0] Tile Stats | Issued: 168 Running: 2 Finished: 166
[2026-03-12 13:39:37.888] [info] cycle: [7232000]
[2026-03-12 13:39:37.888] [info] Core [1] Tile Stats | Issued: 169 Running: 2 Finished: 167
[2026-03-12 13:39:37.888] [info] cycle: [7232000]
[2026-03-12 13:39:37.888] [info] Core [2] Tile Stats | Issued: 169 Running: 2 Finished: 167
[2026-03-12 13:39:37.888] [info] cycle: [7232000]
[2026-03-12 13:39:37.888] [info] Core [3] Tile Stats | Issued: 167 Running: 2 Finished: 165
[2026-03-12 13:39:37.888] [info] cycle: [7232000]
[2026-03-12 13:39:37.888] [info] [ICNT] Core->ICNT request 680GB/Sec,170000
[2026-03-12 13:39:37.888] [info] [ICNT] Core<-ICNT request 447GB/Sec,111853
[2026-03-12 13:39:37.888] [info] [ICNT] ICNT->MEM request 0GB/Sec,0
[2026-03-12 13:39:37.888] [info] [ICNT] ICNT<-MEM request 0GB/Sec,0
[2026-03-12 13:39:38.612] [info] Core [0] Tile Stats | Issued: 168 Running: 2 Finished: 166
[2026-03-12 13:39:38.612] [info] cycle: [7240000]
[2026-03-12 13:39:38.612] [info] Core [1] Tile Stats | Issued: 169 Running: 2 Finished: 167
[2026-03-12 13:39:38.612] [info] cycle: [7240000]
[2026-03-12 13:39:38.612] [info] Core [2] Tile Stats | Issued: 169 Running: 2 Finished: 167
[2026-03-12 13:39:38.612] [info] cycle: [7240000]
[2026-03-12 13:39:38.612] [info] Core [3] Tile Stats | Issued: 167 Running: 2 Finished: 165
[2026-03-12 13:39:38.612] [info] cycle: [7240000]
[2026-03-12 13:39:38.612] [info] [ICNT] Core->ICNT request 0GB/Sec,0
[2026-03-12 13:39:38.612] [info] [ICNT] Core<-ICNT request 462GB/Sec,115724
[2026-03-12 13:39:38.612] [info] [ICNT] ICNT->MEM request 0GB/Sec,0
[2026-03-12 13:39:38.612] [info] [ICNT] ICNT<-MEM request 0GB/Sec,0
[2026-03-12 13:39:39.343] [info] Core [0] Tile Stats | Issued: 168 Running: 2 Finished: 166
[2026-03-12 13:39:39.343] [info] cycle: [7248000]
[2026-03-12 13:39:39.343] [info] Core [1] Tile Stats | Issued: 169 Running: 2 Finished: 167
[2026-03-12 13:39:39.343] [info] cycle: [7248000]
[2026-03-12 13:39:39.343] [info] Core [2] Tile Stats | Issued: 169 Running: 2 Finished: 167
[2026-03-12 13:39:39.343] [info] cycle: [7248000]
[2026-03-12 13:39:39.343] [info] Core [3] Tile Stats | Issued: 167 Running: 2 Finished: 165
[2026-03-12 13:39:39.343] [info] cycle: [7248000]
[2026-03-12 13:39:39.343] [info] [ICNT] Core->ICNT request 0GB/Sec,0
[2026-03-12 13:39:39.343] [info] [ICNT] Core<-ICNT request 465GB/Sec,116434
[2026-03-12 13:39:39.343] [info] [ICNT] ICNT->MEM request 0GB/Sec,0
[2026-03-12 13:39:39.343] [info] [ICNT] ICNT<-MEM request 0GB/Sec,0
[2026-03-12 13:39:40.111] [info] Core [0] Tile Stats | Issued: 168 Running: 2 Finished: 166
[2026-03-12 13:39:40.111] [info] cycle: [7256000]
[2026-03-12 13:39:40.111] [info] Core [1] Tile Stats | Issued: 169 Running: 2 Finished: 167
[2026-03-12 13:39:40.111] [info] cycle: [7256000]
[2026-03-12 13:39:40.111] [info] Core [2] Tile Stats | Issued: 169 Running: 2 Finished: 167
[2026-03-12 13:39:40.111] [info] cycle: [7256000]
[2026-03-12 13:39:40.111] [info] Core [3] Tile Stats | Issued: 167 Running: 2 Finished: 165
[2026-03-12 13:39:40.111] [info] cycle: [7256000]
[2026-03-12 13:39:40.111] [info] [ICNT] Core->ICNT request 0GB/Sec,0
[2026-03-12 13:39:40.111] [info] [ICNT] Core<-ICNT request 468GB/Sec,117112
[2026-03-12 13:39:40.111] [info] [ICNT] ICNT->MEM request 0GB/Sec,0
[2026-03-12 13:39:40.111] [info] [ICNT] ICNT<-MEM request 0GB/Sec,0
[2026-03-12 13:39:40.839] [info] Core [0] Tile Stats | Issued: 168 Running: 2 Finished: 166
[2026-03-12 13:39:40.839] [info] cycle: [7264000]
[2026-03-12 13:39:40.839] [info] Core [1] Tile Stats | Issued: 169 Running: 2 Finished: 167
[2026-03-12 13:39:40.839] [info] cycle: [7264000]
[2026-03-12 13:39:40.839] [info] Core [2] Tile Stats | Issued: 169 Running: 2 Finished: 167
[2026-03-12 13:39:40.839] [info] cycle: [7264000]
[2026-03-12 13:39:40.839] [info] Core [3] Tile Stats | Issued: 167 Running: 2 Finished: 165
[2026-03-12 13:39:40.839] [info] cycle: [7264000]
[2026-03-12 13:39:40.839] [info] [ICNT] Core->ICNT request 0GB/Sec,0
[2026-03-12 13:39:40.839] [info] [ICNT] Core<-ICNT request 466GB/Sec,116587
[2026-03-12 13:39:40.839] [info] [ICNT] ICNT->MEM request 0GB/Sec,0
[2026-03-12 13:39:40.839] [info] [ICNT] ICNT<-MEM request 0GB/Sec,0
[2026-03-12 13:39:41.567] [info] Core [0] Tile Stats | Issued: 168 Running: 2 Finished: 166
[2026-03-12 13:39:41.567] [info] cycle: [7272000]
[2026-03-12 13:39:41.567] [info] Core [1] Tile Stats | Issued: 169 Running: 2 Finished: 167
[2026-03-12 13:39:41.567] [info] cycle: [7272000]
[2026-03-12 13:39:41.567] [info] Core [2] Tile Stats | Issued: 169 Running: 2 Finished: 167
[2026-03-12 13:39:41.567] [info] cycle: [7272000]
[2026-03-12 13:39:41.567] [info] Core [3] Tile Stats | Issued: 168 Running: 2 Finished: 166
[2026-03-12 13:39:41.567] [info] cycle: [7272000]
[2026-03-12 13:39:41.567] [info] [ICNT] Core->ICNT request 135GB/Sec,33896
[2026-03-12 13:39:41.567] [info] [ICNT] Core<-ICNT request 434GB/Sec,108589
[2026-03-12 13:39:41.567] [info] [ICNT] ICNT->MEM request 0GB/Sec,0
[2026-03-12 13:39:41.567] [info] [ICNT] ICNT<-MEM request 0GB/Sec,0
[2026-03-12 13:39:42.257] [info] Core [0] Tile Stats | Issued: 169 Running: 2 Finished: 167
[2026-03-12 13:39:42.257] [info] cycle: [7280000]
[2026-03-12 13:39:42.257] [info] Core [1] Tile Stats | Issued: 170 Running: 2 Finished: 168
[2026-03-12 13:39:42.257] [info] cycle: [7280000]
[2026-03-12 13:39:42.257] [info] Core [2] Tile Stats | Issued: 170 Running: 2 Finished: 168
[2026-03-12 13:39:42.257] [info] cycle: [7280000]
[2026-03-12 13:39:42.257] [info] Core [3] Tile Stats | Issued: 168 Running: 2 Finished: 166
[2026-03-12 13:39:42.257] [info] cycle: [7280000]
[2026-03-12 13:39:42.257] [info] [ICNT] Core->ICNT request 1068GB/Sec,267152
[2026-03-12 13:39:42.257] [info] [ICNT] Core<-ICNT request 426GB/Sec,106739
[2026-03-12 13:39:42.257] [info] [ICNT] ICNT->MEM request 0GB/Sec,0
[2026-03-12 13:39:42.257] [info] [ICNT] ICNT<-MEM request 0GB/Sec,0
[2026-03-12 13:39:42.919] [info] Core [0] Tile Stats | Issued: 169 Running: 2 Finished: 167
[2026-03-12 13:39:42.919] [info] cycle: [7288000]
[2026-03-12 13:39:42.919] [info] Core [1] Tile Stats | Issued: 170 Running: 2 Finished: 168
[2026-03-12 13:39:42.919] [info] cycle: [7288000]
[2026-03-12 13:39:42.919] [info] Core [2] Tile Stats | Issued: 170 Running: 2 Finished: 168
[2026-03-12 13:39:42.919] [info] cycle: [7288000]
[2026-03-12 13:39:42.919] [info] Core [3] Tile Stats | Issued: 168 Running: 2 Finished: 166
[2026-03-12 13:39:42.919] [info] cycle: [7288000]
[2026-03-12 13:39:42.919] [info] [ICNT] Core->ICNT request 1828GB/Sec,457144
[2026-03-12 13:39:42.919] [info] [ICNT] Core<-ICNT request 420GB/Sec,105182
[2026-03-12 13:39:42.919] [info] [ICNT] ICNT->MEM request 0GB/Sec,0
[2026-03-12 13:39:42.919] [info] [ICNT] ICNT<-MEM request 0GB/Sec,0
[2026-03-12 13:39:43.587] [info] Core [0] Tile Stats | Issued: 169 Running: 2 Finished: 167
[2026-03-12 13:39:43.587] [info] cycle: [7296000]
[2026-03-12 13:39:43.587] [info] Core [1] Tile Stats | Issued: 170 Running: 2 Finished: 168
[2026-03-12 13:39:43.587] [info] cycle: [7296000]
[2026-03-12 13:39:43.587] [info] Core [2] Tile Stats | Issued: 170 Running: 2 Finished: 168
[2026-03-12 13:39:43.587] [info] cycle: [7296000]
[2026-03-12 13:39:43.587] [info] Core [3] Tile Stats | Issued: 168 Running: 2 Finished: 166
[2026-03-12 13:39:43.587] [info] cycle: [7296000]
[2026-03-12 13:39:43.587] [info] [ICNT] Core->ICNT request 727GB/Sec,181872
[2026-03-12 13:39:43.587] [info] [ICNT] Core<-ICNT request 396GB/Sec,99133
[2026-03-12 13:39:43.587] [info] [ICNT] ICNT->MEM request 0GB/Sec,0
[2026-03-12 13:39:43.587] [info] [ICNT] ICNT<-MEM request 0GB/Sec,0
[2026-03-12 13:39:44.203] [info] Core [0] Tile Stats | Issued: 169 Running: 2 Finished: 167
[2026-03-12 13:39:44.203] [info] cycle: [7304000]
[2026-03-12 13:39:44.203] [info] Core [1] Tile Stats | Issued: 170 Running: 2 Finished: 168
[2026-03-12 13:39:44.203] [info] cycle: [7304000]
[2026-03-12 13:39:44.203] [info] Core [2] Tile Stats | Issued: 170 Running: 2 Finished: 168
[2026-03-12 13:39:44.203] [info] cycle: [7304000]
[2026-03-12 13:39:44.203] [info] Core [3] Tile Stats | Issued: 168 Running: 2 Finished: 166
[2026-03-12 13:39:44.203] [info] cycle: [7304000]
[2026-03-12 13:39:44.203] [info] [ICNT] Core->ICNT request 0GB/Sec,0
[2026-03-12 13:39:44.203] [info] [ICNT] Core<-ICNT request 389GB/Sec,97396
[2026-03-12 13:39:44.203] [info] [ICNT] ICNT->MEM request 0GB/Sec,0
[2026-03-12 13:39:44.203] [info] [ICNT] ICNT<-MEM request 0GB/Sec,0
[2026-03-12 13:39:44.841] [info] Core [0] Tile Stats | Issued: 169 Running: 2 Finished: 167
[2026-03-12 13:39:44.841] [info] cycle: [7312000]
[2026-03-12 13:39:44.841] [info] Core [1] Tile Stats | Issued: 170 Running: 2 Finished: 168
[2026-03-12 13:39:44.841] [info] cycle: [7312000]
[2026-03-12 13:39:44.841] [info] Core [2] Tile Stats | Issued: 170 Running: 2 Finished: 168
[2026-03-12 13:39:44.841] [info] cycle: [7312000]
[2026-03-12 13:39:44.841] [info] Core [3] Tile Stats | Issued: 168 Running: 2 Finished: 166
[2026-03-12 13:39:44.841] [info] cycle: [7312000]
[2026-03-12 13:39:44.841] [info] [ICNT] Core->ICNT request 0GB/Sec,0
[2026-03-12 13:39:44.841] [info] [ICNT] Core<-ICNT request 417GB/Sec,104479
[2026-03-12 13:39:44.841] [info] [ICNT] ICNT->MEM request 0GB/Sec,0
[2026-03-12 13:39:44.841] [info] [ICNT] ICNT<-MEM request 0GB/Sec,0
[2026-03-12 13:39:45.477] [info] Core [0] Tile Stats | Issued: 169 Running: 2 Finished: 167
[2026-03-12 13:39:45.477] [info] cycle: [7320000]
[2026-03-12 13:39:45.477] [info] Core [1] Tile Stats | Issued: 170 Running: 2 Finished: 168
[2026-03-12 13:39:45.477] [info] cycle: [7320000]
[2026-03-12 13:39:45.477] [info] Core [2] Tile Stats | Issued: 170 Running: 2 Finished: 168
[2026-03-12 13:39:45.477] [info] cycle: [7320000]
[2026-03-12 13:39:45.477] [info] Core [3] Tile Stats | Issued: 168 Running: 2 Finished: 166
[2026-03-12 13:39:45.477] [info] cycle: [7320000]
[2026-03-12 13:39:45.477] [info] [ICNT] Core->ICNT request 0GB/Sec,0
[2026-03-12 13:39:45.477] [info] [ICNT] Core<-ICNT request 427GB/Sec,106972
[2026-03-12 13:39:45.477] [info] [ICNT] ICNT->MEM request 0GB/Sec,0
[2026-03-12 13:39:45.477] [info] [ICNT] ICNT<-MEM request 0GB/Sec,0
[2026-03-12 13:39:46.158] [info] Core [0] Tile Stats | Issued: 169 Running: 2 Finished: 167
[2026-03-12 13:39:46.158] [info] cycle: [7328000]
[2026-03-12 13:39:46.158] [info] Core [1] Tile Stats | Issued: 170 Running: 2 Finished: 168
[2026-03-12 13:39:46.158] [info] cycle: [7328000]
[2026-03-12 13:39:46.158] [info] Core [2] Tile Stats | Issued: 171 Running: 2 Finished: 169
[2026-03-12 13:39:46.158] [info] cycle: [7328000]
[2026-03-12 13:39:46.158] [info] Core [3] Tile Stats | Issued: 168 Running: 2 Finished: 166
[2026-03-12 13:39:46.158] [info] cycle: [7328000]
[2026-03-12 13:39:46.158] [info] [ICNT] Core->ICNT request 165GB/Sec,41408
[2026-03-12 13:39:46.158] [info] [ICNT] Core<-ICNT request 430GB/Sec,107663
[2026-03-12 13:39:46.158] [info] [ICNT] ICNT->MEM request 0GB/Sec,0
[2026-03-12 13:39:46.158] [info] [ICNT] ICNT<-MEM request 0GB/Sec,0
[2026-03-12 13:39:46.804] [info] Core [0] Tile Stats | Issued: 169 Running: 2 Finished: 167
[2026-03-12 13:39:46.804] [info] cycle: [7336000]
[2026-03-12 13:39:46.804] [info] Core [1] Tile Stats | Issued: 170 Running: 2 Finished: 168
[2026-03-12 13:39:46.804] [info] cycle: [7336000]
[2026-03-12 13:39:46.804] [info] Core [2] Tile Stats | Issued: 171 Running: 2 Finished: 169
[2026-03-12 13:39:46.804] [info] cycle: [7336000]
[2026-03-12 13:39:46.804] [info] Core [3] Tile Stats | Issued: 168 Running: 2 Finished: 166
[2026-03-12 13:39:46.804] [info] cycle: [7336000]
[2026-03-12 13:39:46.804] [info] [ICNT] Core->ICNT request 512GB/Sec,128000
[2026-03-12 13:39:46.804] [info] [ICNT] Core<-ICNT request 435GB/Sec,108985
[2026-03-12 13:39:46.804] [info] [ICNT] ICNT->MEM request 0GB/Sec,0
[2026-03-12 13:39:46.804] [info] [ICNT] ICNT<-MEM request 0GB/Sec,0
[2026-03-12 13:39:47.416] [info] Core [0] Tile Stats | Issued: 169 Running: 2 Finished: 167
[2026-03-12 13:39:47.416] [info] cycle: [7344000]
[2026-03-12 13:39:47.416] [info] Core [1] Tile Stats | Issued: 170 Running: 2 Finished: 168
[2026-03-12 13:39:47.416] [info] cycle: [7344000]
[2026-03-12 13:39:47.416] [info] Core [2] Tile Stats | Issued: 171 Running: 2 Finished: 169
[2026-03-12 13:39:47.416] [info] cycle: [7344000]
[2026-03-12 13:39:47.416] [info] Core [3] Tile Stats | Issued: 168 Running: 2 Finished: 166
[2026-03-12 13:39:47.416] [info] cycle: [7344000]
[2026-03-12 13:39:47.416] [info] [ICNT] Core->ICNT request 262GB/Sec,65600
[2026-03-12 13:39:47.416] [info] [ICNT] Core<-ICNT request 466GB/Sec,116506
[2026-03-12 13:39:47.416] [info] [ICNT] ICNT->MEM request 0GB/Sec,0
[2026-03-12 13:39:47.416] [info] [ICNT] ICNT<-MEM request 0GB/Sec,0
[2026-03-12 13:39:48.050] [info] Core [0] Tile Stats | Issued: 170 Running: 2 Finished: 168
[2026-03-12 13:39:48.050] [info] cycle: [7352000]
[2026-03-12 13:39:48.051] [info] Core [1] Tile Stats | Issued: 171 Running: 2 Finished: 169
[2026-03-12 13:39:48.051] [info] cycle: [7352000]
[2026-03-12 13:39:48.051] [info] Core [2] Tile Stats | Issued: 171 Running: 2 Finished: 169
[2026-03-12 13:39:48.051] [info] cycle: [7352000]
[2026-03-12 13:39:48.051] [info] Core [3] Tile Stats | Issued: 169 Running: 2 Finished: 167
[2026-03-12 13:39:48.051] [info] cycle: [7352000]
[2026-03-12 13:39:48.051] [info] [ICNT] Core->ICNT request 389GB/Sec,97424
[2026-03-12 13:39:48.051] [info] [ICNT] Core<-ICNT request 455GB/Sec,113803
[2026-03-12 13:39:48.051] [info] [ICNT] ICNT->MEM request 0GB/Sec,0
[2026-03-12 13:39:48.051] [info] [ICNT] ICNT<-MEM request 0GB/Sec,0
[2026-03-12 13:39:48.686] [info] Core [0] Tile Stats | Issued: 170 Running: 2 Finished: 168
[2026-03-12 13:39:48.686] [info] cycle: [7360000]
[2026-03-12 13:39:48.686] [info] Core [1] Tile Stats | Issued: 171 Running: 2 Finished: 169
[2026-03-12 13:39:48.686] [info] cycle: [7360000]
[2026-03-12 13:39:48.686] [info] Core [2] Tile Stats | Issued: 171 Running: 2 Finished: 169
[2026-03-12 13:39:48.686] [info] cycle: [7360000]
[2026-03-12 13:39:48.686] [info] Core [3] Tile Stats | Issued: 169 Running: 2 Finished: 167
[2026-03-12 13:39:48.686] [info] cycle: [7360000]
[2026-03-12 13:39:48.686] [info] [ICNT] Core->ICNT request 1536GB/Sec,384000
[2026-03-12 13:39:48.686] [info] [ICNT] Core<-ICNT request 425GB/Sec,106420
[2026-03-12 13:39:48.686] [info] [ICNT] ICNT->MEM request 0GB/Sec,0
[2026-03-12 13:39:48.686] [info] [ICNT] ICNT<-MEM request 0GB/Sec,0
[2026-03-12 13:39:49.329] [info] Core [0] Tile Stats | Issued: 170 Running: 2 Finished: 168
[2026-03-12 13:39:49.329] [info] cycle: [7368000]
[2026-03-12 13:39:49.329] [info] Core [1] Tile Stats | Issued: 171 Running: 2 Finished: 169
[2026-03-12 13:39:49.329] [info] cycle: [7368000]
[2026-03-12 13:39:49.329] [info] Core [2] Tile Stats | Issued: 171 Running: 2 Finished: 169
[2026-03-12 13:39:49.329] [info] cycle: [7368000]
[2026-03-12 13:39:49.329] [info] Core [3] Tile Stats | Issued: 169 Running: 2 Finished: 167
[2026-03-12 13:39:49.329] [info] cycle: [7368000]
[2026-03-12 13:39:49.329] [info] [ICNT] Core->ICNT request 894GB/Sec,223600
[2026-03-12 13:39:49.329] [info] [ICNT] Core<-ICNT request 441GB/Sec,110379
[2026-03-12 13:39:49.329] [info] [ICNT] ICNT->MEM request 0GB/Sec,0
[2026-03-12 13:39:49.329] [info] [ICNT] ICNT<-MEM request 0GB/Sec,0
[2026-03-12 13:39:49.961] [info] Core [0] Tile Stats | Issued: 170 Running: 2 Finished: 168
[2026-03-12 13:39:49.961] [info] cycle: [7376000]
[2026-03-12 13:39:49.961] [info] Core [1] Tile Stats | Issued: 171 Running: 2 Finished: 169
[2026-03-12 13:39:49.961] [info] cycle: [7376000]
[2026-03-12 13:39:49.961] [info] Core [2] Tile Stats | Issued: 171 Running: 2 Finished: 169
[2026-03-12 13:39:49.961] [info] cycle: [7376000]
[2026-03-12 13:39:49.961] [info] Core [3] Tile Stats | Issued: 169 Running: 2 Finished: 167
[2026-03-12 13:39:49.961] [info] cycle: [7376000]
[2026-03-12 13:39:49.961] [info] [ICNT] Core->ICNT request 0GB/Sec,0
[2026-03-12 13:39:49.961] [info] [ICNT] Core<-ICNT request 449GB/Sec,112459
[2026-03-12 13:39:49.961] [info] [ICNT] ICNT->MEM request 0GB/Sec,0
[2026-03-12 13:39:49.961] [info] [ICNT] ICNT<-MEM request 0GB/Sec,0
[2026-03-12 13:39:50.597] [info] Core [0] Tile Stats | Issued: 170 Running: 2 Finished: 168
[2026-03-12 13:39:50.597] [info] cycle: [7384000]
[2026-03-12 13:39:50.597] [info] Core [1] Tile Stats | Issued: 171 Running: 2 Finished: 169
[2026-03-12 13:39:50.597] [info] cycle: [7384000]
[2026-03-12 13:39:50.597] [info] Core [2] Tile Stats | Issued: 171 Running: 2 Finished: 169
[2026-03-12 13:39:50.597] [info] cycle: [7384000]
[2026-03-12 13:39:50.597] [info] Core [3] Tile Stats | Issued: 169 Running: 2 Finished: 167
[2026-03-12 13:39:50.597] [info] cycle: [7384000]
[2026-03-12 13:39:50.597] [info] [ICNT] Core->ICNT request 0GB/Sec,0
[2026-03-12 13:39:50.597] [info] [ICNT] Core<-ICNT request 452GB/Sec,113091
[2026-03-12 13:39:50.597] [info] [ICNT] ICNT->MEM request 0GB/Sec,0
[2026-03-12 13:39:50.597] [info] [ICNT] ICNT<-MEM request 0GB/Sec,0
[2026-03-12 13:39:51.250] [info] Core [0] Tile Stats | Issued: 170 Running: 2 Finished: 168
[2026-03-12 13:39:51.250] [info] cycle: [7392000]
[2026-03-12 13:39:51.250] [info] Core [1] Tile Stats | Issued: 171 Running: 2 Finished: 169
[2026-03-12 13:39:51.250] [info] cycle: [7392000]
[2026-03-12 13:39:51.250] [info] Core [2] Tile Stats | Issued: 171 Running: 2 Finished: 169
[2026-03-12 13:39:51.251] [info] cycle: [7392000]
[2026-03-12 13:39:51.251] [info] Core [3] Tile Stats | Issued: 169 Running: 2 Finished: 167
[2026-03-12 13:39:51.251] [info] cycle: [7392000]
[2026-03-12 13:39:51.251] [info] [ICNT] Core->ICNT request 0GB/Sec,0
[2026-03-12 13:39:51.251] [info] [ICNT] Core<-ICNT request 458GB/Sec,114694
[2026-03-12 13:39:51.251] [info] [ICNT] ICNT->MEM request 0GB/Sec,0
[2026-03-12 13:39:51.251] [info] [ICNT] ICNT<-MEM request 0GB/Sec,0
[2026-03-12 13:39:51.976] [info] Core [0] Tile Stats | Issued: 170 Running: 2 Finished: 168
[2026-03-12 13:39:51.976] [info] cycle: [7400000]
[2026-03-12 13:39:51.976] [info] Core [1] Tile Stats | Issued: 171 Running: 2 Finished: 169
[2026-03-12 13:39:51.976] [info] cycle: [7400000]
[2026-03-12 13:39:51.976] [info] Core [2] Tile Stats | Issued: 171 Running: 2 Finished: 169
[2026-03-12 13:39:51.976] [info] cycle: [7400000]
[2026-03-12 13:39:51.976] [info] Core [3] Tile Stats | Issued: 170 Running: 2 Finished: 168
[2026-03-12 13:39:51.976] [info] cycle: [7400000]
[2026-03-12 13:39:51.976] [info] [ICNT] Core->ICNT request 396GB/Sec,99040
[2026-03-12 13:39:51.976] [info] [ICNT] Core<-ICNT request 461GB/Sec,115255
[2026-03-12 13:39:51.976] [info] [ICNT] ICNT->MEM request 0GB/Sec,0
[2026-03-12 13:39:51.976] [info] [ICNT] ICNT<-MEM request 0GB/Sec,0
[2026-03-12 13:39:52.662] [info] Core [0] Tile Stats | Issued: 170 Running: 2 Finished: 168
[2026-03-12 13:39:52.663] [info] cycle: [7408000]
[2026-03-12 13:39:52.663] [info] Core [1] Tile Stats | Issued: 171 Running: 2 Finished: 169
[2026-03-12 13:39:52.663] [info] cycle: [7408000]
[2026-03-12 13:39:52.663] [info] Core [2] Tile Stats | Issued: 171 Running: 2 Finished: 169
[2026-03-12 13:39:52.663] [info] cycle: [7408000]
[2026-03-12 13:39:52.663] [info] Core [3] Tile Stats | Issued: 170 Running: 2 Finished: 168
[2026-03-12 13:39:52.663] [info] cycle: [7408000]
[2026-03-12 13:39:52.663] [info] [ICNT] Core->ICNT request 512GB/Sec,128000
[2026-03-12 13:39:52.663] [info] [ICNT] Core<-ICNT request 480GB/Sec,120210
[2026-03-12 13:39:52.663] [info] [ICNT] ICNT->MEM request 0GB/Sec,0
[2026-03-12 13:39:52.663] [info] [ICNT] ICNT<-MEM request 0GB/Sec,0
[2026-03-12 13:39:53.446] [info] Core [0] Tile Stats | Issued: 170 Running: 2 Finished: 168
[2026-03-12 13:39:53.446] [info] cycle: [7416000]
[2026-03-12 13:39:53.446] [info] Core [1] Tile Stats | Issued: 171 Running: 2 Finished: 169
[2026-03-12 13:39:53.446] [info] cycle: [7416000]
[2026-03-12 13:39:53.446] [info] Core [2] Tile Stats | Issued: 171 Running: 2 Finished: 169
[2026-03-12 13:39:53.446] [info] cycle: [7416000]
[2026-03-12 13:39:53.446] [info] Core [3] Tile Stats | Issued: 170 Running: 2 Finished: 168
[2026-03-12 13:39:53.446] [info] cycle: [7416000]
[2026-03-12 13:39:53.446] [info] [ICNT] Core->ICNT request 51GB/Sec,12768
[2026-03-12 13:39:53.446] [info] [ICNT] Core<-ICNT request 509GB/Sec,127254
[2026-03-12 13:39:53.446] [info] [ICNT] ICNT->MEM request 0GB/Sec,0
[2026-03-12 13:39:53.446] [info] [ICNT] ICNT<-MEM request 0GB/Sec,0
[2026-03-12 13:39:54.202] [info] Core [0] Tile Stats | Issued: 171 Running: 2 Finished: 169
[2026-03-12 13:39:54.202] [info] cycle: [7424000]
[2026-03-12 13:39:54.202] [info] Core [1] Tile Stats | Issued: 172 Running: 2 Finished: 170
[2026-03-12 13:39:54.202] [info] cycle: [7424000]
[2026-03-12 13:39:54.202] [info] Core [2] Tile Stats | Issued: 172 Running: 2 Finished: 170
[2026-03-12 13:39:54.202] [info] cycle: [7424000]
[2026-03-12 13:39:54.202] [info] Core [3] Tile Stats | Issued: 170 Running: 2 Finished: 168
[2026-03-12 13:39:54.202] [info] cycle: [7424000]
[2026-03-12 13:39:54.202] [info] [ICNT] Core->ICNT request 1330GB/Sec,332648
[2026-03-12 13:39:54.202] [info] [ICNT] Core<-ICNT request 505GB/Sec,126481
[2026-03-12 13:39:54.202] [info] [ICNT] ICNT->MEM request 0GB/Sec,0
[2026-03-12 13:39:54.202] [info] [ICNT] ICNT<-MEM request 0GB/Sec,0
[2026-03-12 13:39:54.968] [info] Core [0] Tile Stats | Issued: 171 Running: 2 Finished: 169
[2026-03-12 13:39:54.968] [info] cycle: [7432000]
[2026-03-12 13:39:54.968] [info] Core [1] Tile Stats | Issued: 172 Running: 2 Finished: 170
[2026-03-12 13:39:54.969] [info] cycle: [7432000]
[2026-03-12 13:39:54.969] [info] Core [2] Tile Stats | Issued: 172 Running: 2 Finished: 170
[2026-03-12 13:39:54.969] [info] cycle: [7432000]
[2026-03-12 13:39:54.969] [info] Core [3] Tile Stats | Issued: 170 Running: 2 Finished: 168
[2026-03-12 13:39:54.969] [info] cycle: [7432000]
[2026-03-12 13:39:54.969] [info] [ICNT] Core->ICNT request 1481GB/Sec,370424
[2026-03-12 13:39:54.969] [info] [ICNT] Core<-ICNT request 470GB/Sec,117703
[2026-03-12 13:39:54.969] [info] [ICNT] ICNT->MEM request 0GB/Sec,0
[2026-03-12 13:39:54.969] [info] [ICNT] ICNT<-MEM request 0GB/Sec,0
[2026-03-12 13:39:55.645] [info] Core [0] Tile Stats | Issued: 171 Running: 2 Finished: 169
[2026-03-12 13:39:55.645] [info] cycle: [7440000]
[2026-03-12 13:39:55.645] [info] Core [1] Tile Stats | Issued: 172 Running: 2 Finished: 170
[2026-03-12 13:39:55.645] [info] cycle: [7440000]
[2026-03-12 13:39:55.645] [info] Core [2] Tile Stats | Issued: 172 Running: 2 Finished: 170
[2026-03-12 13:39:55.645] [info] cycle: [7440000]
[2026-03-12 13:39:55.645] [info] Core [3] Tile Stats | Issued: 170 Running: 2 Finished: 168
[2026-03-12 13:39:55.645] [info] cycle: [7440000]
[2026-03-12 13:39:55.645] [info] [ICNT] Core->ICNT request 14GB/Sec,3584
[2026-03-12 13:39:55.645] [info] [ICNT] Core<-ICNT request 455GB/Sec,113831
[2026-03-12 13:39:55.645] [info] [ICNT] ICNT->MEM request 0GB/Sec,0
[2026-03-12 13:39:55.645] [info] [ICNT] ICNT<-MEM request 0GB/Sec,0
[2026-03-12 13:39:56.315] [info] Core [0] Tile Stats | Issued: 171 Running: 2 Finished: 169
[2026-03-12 13:39:56.315] [info] cycle: [7448000]
[2026-03-12 13:39:56.315] [info] Core [1] Tile Stats | Issued: 172 Running: 2 Finished: 170
[2026-03-12 13:39:56.315] [info] cycle: [7448000]
[2026-03-12 13:39:56.315] [info] Core [2] Tile Stats | Issued: 173 Running: 2 Finished: 171
[2026-03-12 13:39:56.315] [info] cycle: [7448000]
[2026-03-12 13:39:56.315] [info] Core [3] Tile Stats | Issued: 170 Running: 2 Finished: 168
[2026-03-12 13:39:56.315] [info] cycle: [7448000]
[2026-03-12 13:39:56.315] [info] [ICNT] Core->ICNT request 438GB/Sec,109744
[2026-03-12 13:39:56.315] [info] [ICNT] Core<-ICNT request 416GB/Sec,104217
[2026-03-12 13:39:56.315] [info] [ICNT] ICNT->MEM request 0GB/Sec,0
[2026-03-12 13:39:56.315] [info] [ICNT] ICNT<-MEM request 0GB/Sec,0
[2026-03-12 13:39:57.008] [info] Core [0] Tile Stats | Issued: 171 Running: 2 Finished: 169
[2026-03-12 13:39:57.008] [info] cycle: [7456000]
[2026-03-12 13:39:57.008] [info] Core [1] Tile Stats | Issued: 172 Running: 2 Finished: 170
[2026-03-12 13:39:57.008] [info] cycle: [7456000]
[2026-03-12 13:39:57.008] [info] Core [2] Tile Stats | Issued: 173 Running: 2 Finished: 171
[2026-03-12 13:39:57.008] [info] cycle: [7456000]
[2026-03-12 13:39:57.008] [info] Core [3] Tile Stats | Issued: 170 Running: 2 Finished: 168
[2026-03-12 13:39:57.008] [info] cycle: [7456000]
[2026-03-12 13:39:57.008] [info] [ICNT] Core->ICNT request 501GB/Sec,125264
[2026-03-12 13:39:57.008] [info] [ICNT] Core<-ICNT request 406GB/Sec,101630
[2026-03-12 13:39:57.008] [info] [ICNT] ICNT->MEM request 0GB/Sec,0
[2026-03-12 13:39:57.008] [info] [ICNT] ICNT<-MEM request 0GB/Sec,0
[2026-03-12 13:39:57.680] [info] Core [0] Tile Stats | Issued: 171 Running: 2 Finished: 169
[2026-03-12 13:39:57.680] [info] cycle: [7464000]
[2026-03-12 13:39:57.680] [info] Core [1] Tile Stats | Issued: 172 Running: 2 Finished: 170
[2026-03-12 13:39:57.680] [info] cycle: [7464000]
[2026-03-12 13:39:57.680] [info] Core [2] Tile Stats | Issued: 173 Running: 2 Finished: 171
[2026-03-12 13:39:57.680] [info] cycle: [7464000]
[2026-03-12 13:39:57.680] [info] Core [3] Tile Stats | Issued: 170 Running: 2 Finished: 168
[2026-03-12 13:39:57.680] [info] cycle: [7464000]
[2026-03-12 13:39:57.680] [info] [ICNT] Core->ICNT request 0GB/Sec,0
[2026-03-12 13:39:57.680] [info] [ICNT] Core<-ICNT request 406GB/Sec,101701
[2026-03-12 13:39:57.680] [info] [ICNT] ICNT->MEM request 0GB/Sec,0
[2026-03-12 13:39:57.680] [info] [ICNT] ICNT<-MEM request 0GB/Sec,0
[2026-03-12 13:39:58.331] [info] Core [0] Tile Stats | Issued: 171 Running: 2 Finished: 169
[2026-03-12 13:39:58.331] [info] cycle: [7472000]
[2026-03-12 13:39:58.331] [info] Core [1] Tile Stats | Issued: 172 Running: 2 Finished: 170
[2026-03-12 13:39:58.331] [info] cycle: [7472000]
[2026-03-12 13:39:58.331] [info] Core [2] Tile Stats | Issued: 173 Running: 2 Finished: 171
[2026-03-12 13:39:58.331] [info] cycle: [7472000]
[2026-03-12 13:39:58.331] [info] Core [3] Tile Stats | Issued: 170 Running: 2 Finished: 168
[2026-03-12 13:39:58.331] [info] cycle: [7472000]
[2026-03-12 13:39:58.331] [info] [ICNT] Core->ICNT request 0GB/Sec,0
[2026-03-12 13:39:58.331] [info] [ICNT] Core<-ICNT request 430GB/Sec,107579
[2026-03-12 13:39:58.331] [info] [ICNT] ICNT->MEM request 0GB/Sec,0
[2026-03-12 13:39:58.331] [info] [ICNT] ICNT<-MEM request 0GB/Sec,0
[2026-03-12 13:39:58.938] [info] Core [0] Tile Stats | Issued: 171 Running: 2 Finished: 169
[2026-03-12 13:39:58.938] [info] cycle: [7480000]
[2026-03-12 13:39:58.938] [info] Core [1] Tile Stats | Issued: 172 Running: 2 Finished: 170
[2026-03-12 13:39:58.938] [info] cycle: [7480000]
[2026-03-12 13:39:58.938] [info] Core [2] Tile Stats | Issued: 173 Running: 2 Finished: 171
[2026-03-12 13:39:58.938] [info] cycle: [7480000]
[2026-03-12 13:39:58.938] [info] Core [3] Tile Stats | Issued: 170 Running: 2 Finished: 168
[2026-03-12 13:39:58.938] [info] cycle: [7480000]
[2026-03-12 13:39:58.938] [info] [ICNT] Core->ICNT request 0GB/Sec,0
[2026-03-12 13:39:58.938] [info] [ICNT] Core<-ICNT request 487GB/Sec,121766
[2026-03-12 13:39:58.938] [info] [ICNT] ICNT->MEM request 0GB/Sec,0
[2026-03-12 13:39:58.938] [info] [ICNT] ICNT<-MEM request 0GB/Sec,0
[2026-03-12 13:39:59.656] [info] Core [0] Tile Stats | Issued: 172 Running: 2 Finished: 170
[2026-03-12 13:39:59.656] [info] cycle: [7488000]
[2026-03-12 13:39:59.656] [info] Core [1] Tile Stats | Issued: 173 Running: 2 Finished: 171
[2026-03-12 13:39:59.656] [info] cycle: [7488000]
[2026-03-12 13:39:59.656] [info] Core [2] Tile Stats | Issued: 173 Running: 2 Finished: 171
[2026-03-12 13:39:59.656] [info] cycle: [7488000]
[2026-03-12 13:39:59.656] [info] Core [3] Tile Stats | Issued: 171 Running: 2 Finished: 169
[2026-03-12 13:39:59.656] [info] cycle: [7488000]
[2026-03-12 13:39:59.656] [info] [ICNT] Core->ICNT request 866GB/Sec,216552
[2026-03-12 13:39:59.656] [info] [ICNT] Core<-ICNT request 454GB/Sec,113615
[2026-03-12 13:39:59.656] [info] [ICNT] ICNT->MEM request 0GB/Sec,0
[2026-03-12 13:39:59.656] [info] [ICNT] ICNT<-MEM request 0GB/Sec,0
[2026-03-12 13:40:00.327] [info] Core [0] Tile Stats | Issued: 172 Running: 2 Finished: 170
[2026-03-12 13:40:00.327] [info] cycle: [7496000]
[2026-03-12 13:40:00.327] [info] Core [1] Tile Stats | Issued: 173 Running: 2 Finished: 171
[2026-03-12 13:40:00.327] [info] cycle: [7496000]
[2026-03-12 13:40:00.327] [info] Core [2] Tile Stats | Issued: 173 Running: 2 Finished: 171
[2026-03-12 13:40:00.327] [info] cycle: [7496000]
[2026-03-12 13:40:00.327] [info] Core [3] Tile Stats | Issued: 171 Running: 2 Finished: 169
[2026-03-12 13:40:00.327] [info] cycle: [7496000]
[2026-03-12 13:40:00.327] [info] [ICNT] Core->ICNT request 1536GB/Sec,384000
[2026-03-12 13:40:00.327] [info] [ICNT] Core<-ICNT request 378GB/Sec,94594
[2026-03-12 13:40:00.327] [info] [ICNT] ICNT->MEM request 0GB/Sec,0
[2026-03-12 13:40:00.327] [info] [ICNT] ICNT<-MEM request 0GB/Sec,0
[2026-03-12 13:40:01.000] [info] Core [0] Tile Stats | Issued: 172 Running: 2 Finished: 170
[2026-03-12 13:40:01.000] [info] cycle: [7504000]
[2026-03-12 13:40:01.000] [info] Core [1] Tile Stats | Issued: 173 Running: 2 Finished: 171
[2026-03-12 13:40:01.000] [info] cycle: [7504000]
[2026-03-12 13:40:01.000] [info] Core [2] Tile Stats | Issued: 173 Running: 2 Finished: 171
[2026-03-12 13:40:01.000] [info] cycle: [7504000]
[2026-03-12 13:40:01.000] [info] Core [3] Tile Stats | Issued: 171 Running: 2 Finished: 169
[2026-03-12 13:40:01.000] [info] cycle: [7504000]
[2026-03-12 13:40:01.000] [info] [ICNT] Core->ICNT request 418GB/Sec,104504
[2026-03-12 13:40:01.000] [info] [ICNT] Core<-ICNT request 402GB/Sec,100603
[2026-03-12 13:40:01.000] [info] [ICNT] ICNT->MEM request 0GB/Sec,0
[2026-03-12 13:40:01.000] [info] [ICNT] ICNT<-MEM request 0GB/Sec,0
[2026-03-12 13:40:01.729] [info] Core [0] Tile Stats | Issued: 172 Running: 2 Finished: 170
[2026-03-12 13:40:01.729] [info] cycle: [7512000]
[2026-03-12 13:40:01.729] [info] Core [1] Tile Stats | Issued: 173 Running: 2 Finished: 171
[2026-03-12 13:40:01.729] [info] cycle: [7512000]
[2026-03-12 13:40:01.729] [info] Core [2] Tile Stats | Issued: 173 Running: 2 Finished: 171
[2026-03-12 13:40:01.729] [info] cycle: [7512000]
[2026-03-12 13:40:01.729] [info] Core [3] Tile Stats | Issued: 172 Running: 2 Finished: 170
[2026-03-12 13:40:01.729] [info] cycle: [7512000]
[2026-03-12 13:40:01.729] [info] [ICNT] Core->ICNT request 235GB/Sec,58944
[2026-03-12 13:40:01.729] [info] [ICNT] Core<-ICNT request 402GB/Sec,100610
[2026-03-12 13:40:01.729] [info] [ICNT] ICNT->MEM request 0GB/Sec,0
[2026-03-12 13:40:01.729] [info] [ICNT] ICNT<-MEM request 0GB/Sec,0
[2026-03-12 13:40:02.381] [info] Core [0] Tile Stats | Issued: 172 Running: 2 Finished: 170
[2026-03-12 13:40:02.381] [info] cycle: [7520000]
[2026-03-12 13:40:02.381] [info] Core [1] Tile Stats | Issued: 173 Running: 2 Finished: 171
[2026-03-12 13:40:02.381] [info] cycle: [7520000]
[2026-03-12 13:40:02.381] [info] Core [2] Tile Stats | Issued: 173 Running: 2 Finished: 171
[2026-03-12 13:40:02.381] [info] cycle: [7520000]
[2026-03-12 13:40:02.381] [info] Core [3] Tile Stats | Issued: 172 Running: 2 Finished: 170
[2026-03-12 13:40:02.381] [info] cycle: [7520000]
[2026-03-12 13:40:02.381] [info] [ICNT] Core->ICNT request 512GB/Sec,128000
[2026-03-12 13:40:02.381] [info] [ICNT] Core<-ICNT request 381GB/Sec,95272
[2026-03-12 13:40:02.381] [info] [ICNT] ICNT->MEM request 0GB/Sec,0
[2026-03-12 13:40:02.381] [info] [ICNT] ICNT<-MEM request 0GB/Sec,0
[2026-03-12 13:40:03.057] [info] Core [0] Tile Stats | Issued: 172 Running: 2 Finished: 170
[2026-03-12 13:40:03.057] [info] cycle: [7528000]
[2026-03-12 13:40:03.057] [info] Core [1] Tile Stats | Issued: 173 Running: 2 Finished: 171
[2026-03-12 13:40:03.057] [info] cycle: [7528000]
[2026-03-12 13:40:03.057] [info] Core [2] Tile Stats | Issued: 173 Running: 2 Finished: 171
[2026-03-12 13:40:03.057] [info] cycle: [7528000]
[2026-03-12 13:40:03.057] [info] Core [3] Tile Stats | Issued: 172 Running: 2 Finished: 170
[2026-03-12 13:40:03.057] [info] cycle: [7528000]
[2026-03-12 13:40:03.057] [info] [ICNT] Core->ICNT request 192GB/Sec,48064
[2026-03-12 13:40:03.057] [info] [ICNT] Core<-ICNT request 381GB/Sec,95394
[2026-03-12 13:40:03.057] [info] [ICNT] ICNT->MEM request 0GB/Sec,0
[2026-03-12 13:40:03.057] [info] [ICNT] ICNT<-MEM request 0GB/Sec,0
[2026-03-12 13:40:03.742] [info] Core [0] Tile Stats | Issued: 172 Running: 2 Finished: 170
[2026-03-12 13:40:03.742] [info] cycle: [7536000]
[2026-03-12 13:40:03.742] [info] Core [1] Tile Stats | Issued: 173 Running: 2 Finished: 171
[2026-03-12 13:40:03.742] [info] cycle: [7536000]
[2026-03-12 13:40:03.742] [info] Core [2] Tile Stats | Issued: 173 Running: 2 Finished: 171
[2026-03-12 13:40:03.742] [info] cycle: [7536000]
[2026-03-12 13:40:03.742] [info] Core [3] Tile Stats | Issued: 172 Running: 2 Finished: 170
[2026-03-12 13:40:03.742] [info] cycle: [7536000]
[2026-03-12 13:40:03.742] [info] [ICNT] Core->ICNT request 0GB/Sec,0
[2026-03-12 13:40:03.742] [info] [ICNT] Core<-ICNT request 379GB/Sec,94833
[2026-03-12 13:40:03.742] [info] [ICNT] ICNT->MEM request 0GB/Sec,0
[2026-03-12 13:40:03.742] [info] [ICNT] ICNT<-MEM request 0GB/Sec,0
[2026-03-12 13:40:04.414] [info] Core [0] Tile Stats | Issued: 172 Running: 2 Finished: 170
[2026-03-12 13:40:04.414] [info] cycle: [7544000]
[2026-03-12 13:40:04.414] [info] Core [1] Tile Stats | Issued: 173 Running: 2 Finished: 171
[2026-03-12 13:40:04.414] [info] cycle: [7544000]
[2026-03-12 13:40:04.414] [info] Core [2] Tile Stats | Issued: 173 Running: 2 Finished: 171
[2026-03-12 13:40:04.414] [info] cycle: [7544000]
[2026-03-12 13:40:04.414] [info] Core [3] Tile Stats | Issued: 172 Running: 2 Finished: 170
[2026-03-12 13:40:04.414] [info] cycle: [7544000]
[2026-03-12 13:40:04.414] [info] [ICNT] Core->ICNT request 0GB/Sec,0
[2026-03-12 13:40:04.414] [info] [ICNT] Core<-ICNT request 379GB/Sec,94836
[2026-03-12 13:40:04.414] [info] [ICNT] ICNT->MEM request 0GB/Sec,0
[2026-03-12 13:40:04.414] [info] [ICNT] ICNT<-MEM request 0GB/Sec,0
[2026-03-12 13:40:05.102] [info] Core [0] Tile Stats | Issued: 172 Running: 2 Finished: 170
[2026-03-12 13:40:05.102] [info] cycle: [7552000]
[2026-03-12 13:40:05.102] [info] Core [1] Tile Stats | Issued: 173 Running: 2 Finished: 171
[2026-03-12 13:40:05.102] [info] cycle: [7552000]
[2026-03-12 13:40:05.102] [info] Core [2] Tile Stats | Issued: 173 Running: 2 Finished: 171
[2026-03-12 13:40:05.102] [info] cycle: [7552000]
[2026-03-12 13:40:05.102] [info] Core [3] Tile Stats | Issued: 172 Running: 2 Finished: 170
[2026-03-12 13:40:05.102] [info] cycle: [7552000]
[2026-03-12 13:40:05.102] [info] [ICNT] Core->ICNT request 0GB/Sec,0
[2026-03-12 13:40:05.102] [info] [ICNT] Core<-ICNT request 438GB/Sec,109516
[2026-03-12 13:40:05.102] [info] [ICNT] ICNT->MEM request 0GB/Sec,0
[2026-03-12 13:40:05.102] [info] [ICNT] ICNT<-MEM request 0GB/Sec,0
[2026-03-12 13:40:05.792] [info] Core [0] Tile Stats | Issued: 172 Running: 2 Finished: 170
[2026-03-12 13:40:05.792] [info] cycle: [7560000]
[2026-03-12 13:40:05.792] [info] Core [1] Tile Stats | Issued: 173 Running: 2 Finished: 171
[2026-03-12 13:40:05.792] [info] cycle: [7560000]
[2026-03-12 13:40:05.792] [info] Core [2] Tile Stats | Issued: 174 Running: 2 Finished: 172
[2026-03-12 13:40:05.792] [info] cycle: [7560000]
[2026-03-12 13:40:05.792] [info] Core [3] Tile Stats | Issued: 172 Running: 2 Finished: 170
[2026-03-12 13:40:05.792] [info] cycle: [7560000]
[2026-03-12 13:40:05.792] [info] [ICNT] Core->ICNT request 158GB/Sec,39744
[2026-03-12 13:40:05.792] [info] [ICNT] Core<-ICNT request 504GB/Sec,126032
[2026-03-12 13:40:05.792] [info] [ICNT] ICNT->MEM request 0GB/Sec,0
[2026-03-12 13:40:05.792] [info] [ICNT] ICNT<-MEM request 0GB/Sec,0
[2026-03-12 13:40:06.439] [info] Core [0] Tile Stats | Issued: 173 Running: 2 Finished: 171
[2026-03-12 13:40:06.439] [info] cycle: [7568000]
[2026-03-12 13:40:06.439] [info] Core [1] Tile Stats | Issued: 174 Running: 2 Finished: 172
[2026-03-12 13:40:06.439] [info] cycle: [7568000]
[2026-03-12 13:40:06.439] [info] Core [2] Tile Stats | Issued: 174 Running: 2 Finished: 172
[2026-03-12 13:40:06.439] [info] cycle: [7568000]
[2026-03-12 13:40:06.439] [info] Core [3] Tile Stats | Issued: 172 Running: 2 Finished: 170
[2026-03-12 13:40:06.439] [info] cycle: [7568000]
[2026-03-12 13:40:06.439] [info] [ICNT] Core->ICNT request 1469GB/Sec,367360
[2026-03-12 13:40:06.439] [info] [ICNT] Core<-ICNT request 470GB/Sec,117572
[2026-03-12 13:40:06.439] [info] [ICNT] ICNT->MEM request 0GB/Sec,0
[2026-03-12 13:40:06.439] [info] [ICNT] ICNT<-MEM request 0GB/Sec,0
[2026-03-12 13:40:07.104] [info] Core [0] Tile Stats | Issued: 173 Running: 2 Finished: 171
[2026-03-12 13:40:07.104] [info] cycle: [7576000]
[2026-03-12 13:40:07.104] [info] Core [1] Tile Stats | Issued: 174 Running: 2 Finished: 172
[2026-03-12 13:40:07.104] [info] cycle: [7576000]
[2026-03-12 13:40:07.104] [info] Core [2] Tile Stats | Issued: 174 Running: 2 Finished: 172
[2026-03-12 13:40:07.104] [info] cycle: [7576000]
[2026-03-12 13:40:07.104] [info] Core [3] Tile Stats | Issued: 172 Running: 2 Finished: 170
[2026-03-12 13:40:07.104] [info] cycle: [7576000]
[2026-03-12 13:40:07.104] [info] [ICNT] Core->ICNT request 1191GB/Sec,297920
[2026-03-12 13:40:07.104] [info] [ICNT] Core<-ICNT request 422GB/Sec,105626
[2026-03-12 13:40:07.104] [info] [ICNT] ICNT->MEM request 0GB/Sec,0
[2026-03-12 13:40:07.104] [info] [ICNT] ICNT<-MEM request 0GB/Sec,0
[2026-03-12 13:40:07.836] [info] Core [0] Tile Stats | Issued: 173 Running: 2 Finished: 171
[2026-03-12 13:40:07.836] [info] cycle: [7584000]
[2026-03-12 13:40:07.836] [info] Core [1] Tile Stats | Issued: 174 Running: 2 Finished: 172
[2026-03-12 13:40:07.836] [info] cycle: [7584000]
[2026-03-12 13:40:07.836] [info] Core [2] Tile Stats | Issued: 175 Running: 2 Finished: 173
[2026-03-12 13:40:07.836] [info] cycle: [7584000]
[2026-03-12 13:40:07.836] [info] Core [3] Tile Stats | Issued: 172 Running: 2 Finished: 170
[2026-03-12 13:40:07.836] [info] cycle: [7584000]
[2026-03-12 13:40:07.836] [info] [ICNT] Core->ICNT request 10GB/Sec,2552
[2026-03-12 13:40:07.836] [info] [ICNT] Core<-ICNT request 469GB/Sec,117446
[2026-03-12 13:40:07.836] [info] [ICNT] ICNT->MEM request 0GB/Sec,0
[2026-03-12 13:40:07.836] [info] [ICNT] ICNT<-MEM request 0GB/Sec,0
[2026-03-12 13:40:08.510] [info] Core [0] Tile Stats | Issued: 173 Running: 2 Finished: 171
[2026-03-12 13:40:08.510] [info] cycle: [7592000]
[2026-03-12 13:40:08.510] [info] Core [1] Tile Stats | Issued: 174 Running: 2 Finished: 172
[2026-03-12 13:40:08.510] [info] cycle: [7592000]
[2026-03-12 13:40:08.510] [info] Core [2] Tile Stats | Issued: 175 Running: 2 Finished: 173
[2026-03-12 13:40:08.510] [info] cycle: [7592000]
[2026-03-12 13:40:08.510] [info] Core [3] Tile Stats | Issued: 172 Running: 2 Finished: 170
[2026-03-12 13:40:08.510] [info] cycle: [7592000]
[2026-03-12 13:40:08.510] [info] [ICNT] Core->ICNT request 512GB/Sec,128000
[2026-03-12 13:40:08.511] [info] [ICNT] Core<-ICNT request 421GB/Sec,105358
[2026-03-12 13:40:08.511] [info] [ICNT] ICNT->MEM request 0GB/Sec,0
[2026-03-12 13:40:08.511] [info] [ICNT] ICNT<-MEM request 0GB/Sec,0
[2026-03-12 13:40:09.175] [info] Core [0] Tile Stats | Issued: 173 Running: 2 Finished: 171
[2026-03-12 13:40:09.175] [info] cycle: [7600000]
[2026-03-12 13:40:09.175] [info] Core [1] Tile Stats | Issued: 174 Running: 2 Finished: 172
[2026-03-12 13:40:09.175] [info] cycle: [7600000]
[2026-03-12 13:40:09.175] [info] Core [2] Tile Stats | Issued: 175 Running: 2 Finished: 173
[2026-03-12 13:40:09.175] [info] cycle: [7600000]
[2026-03-12 13:40:09.175] [info] Core [3] Tile Stats | Issued: 172 Running: 2 Finished: 170
[2026-03-12 13:40:09.175] [info] cycle: [7600000]
[2026-03-12 13:40:09.175] [info] [ICNT] Core->ICNT request 417GB/Sec,104488
[2026-03-12 13:40:09.175] [info] [ICNT] Core<-ICNT request 411GB/Sec,102924
[2026-03-12 13:40:09.175] [info] [ICNT] ICNT->MEM request 0GB/Sec,0
[2026-03-12 13:40:09.175] [info] [ICNT] ICNT<-MEM request 0GB/Sec,0
[2026-03-12 13:40:09.811] [info] Core [0] Tile Stats | Issued: 173 Running: 2 Finished: 171
[2026-03-12 13:40:09.811] [info] cycle: [7608000]
[2026-03-12 13:40:09.811] [info] Core [1] Tile Stats | Issued: 174 Running: 2 Finished: 172
[2026-03-12 13:40:09.811] [info] cycle: [7608000]
[2026-03-12 13:40:09.811] [info] Core [2] Tile Stats | Issued: 175 Running: 2 Finished: 173
[2026-03-12 13:40:09.811] [info] cycle: [7608000]
[2026-03-12 13:40:09.811] [info] Core [3] Tile Stats | Issued: 172 Running: 2 Finished: 170
[2026-03-12 13:40:09.811] [info] cycle: [7608000]
[2026-03-12 13:40:09.811] [info] [ICNT] Core->ICNT request 0GB/Sec,0
[2026-03-12 13:40:09.811] [info] [ICNT] Core<-ICNT request 409GB/Sec,102475
[2026-03-12 13:40:09.811] [info] [ICNT] ICNT->MEM request 0GB/Sec,0
[2026-03-12 13:40:09.811] [info] [ICNT] ICNT<-MEM request 0GB/Sec,0
[2026-03-12 13:40:10.488] [info] Core [0] Tile Stats | Issued: 173 Running: 2 Finished: 171
[2026-03-12 13:40:10.488] [info] cycle: [7616000]
[2026-03-12 13:40:10.488] [info] Core [1] Tile Stats | Issued: 174 Running: 2 Finished: 172
[2026-03-12 13:40:10.488] [info] cycle: [7616000]
[2026-03-12 13:40:10.488] [info] Core [2] Tile Stats | Issued: 175 Running: 2 Finished: 173
[2026-03-12 13:40:10.488] [info] cycle: [7616000]
[2026-03-12 13:40:10.488] [info] Core [3] Tile Stats | Issued: 172 Running: 2 Finished: 170
[2026-03-12 13:40:10.488] [info] cycle: [7616000]
[2026-03-12 13:40:10.488] [info] [ICNT] Core->ICNT request 0GB/Sec,0
[2026-03-12 13:40:10.488] [info] [ICNT] Core<-ICNT request 416GB/Sec,104202
[2026-03-12 13:40:10.488] [info] [ICNT] ICNT->MEM request 0GB/Sec,0
[2026-03-12 13:40:10.488] [info] [ICNT] ICNT<-MEM request 0GB/Sec,0
[2026-03-12 13:40:11.235] [info] Core [0] Tile Stats | Issued: 173 Running: 2 Finished: 171
[2026-03-12 13:40:11.235] [info] cycle: [7624000]
[2026-03-12 13:40:11.235] [info] Core [1] Tile Stats | Issued: 174 Running: 2 Finished: 172
[2026-03-12 13:40:11.235] [info] cycle: [7624000]
[2026-03-12 13:40:11.235] [info] Core [2] Tile Stats | Issued: 175 Running: 2 Finished: 173
[2026-03-12 13:40:11.235] [info] cycle: [7624000]
[2026-03-12 13:40:11.235] [info] Core [3] Tile Stats | Issued: 173 Running: 2 Finished: 171
[2026-03-12 13:40:11.235] [info] cycle: [7624000]
[2026-03-12 13:40:11.235] [info] [ICNT] Core->ICNT request 179GB/Sec,44832
[2026-03-12 13:40:11.235] [info] [ICNT] Core<-ICNT request 480GB/Sec,120133
[2026-03-12 13:40:11.235] [info] [ICNT] ICNT->MEM request 0GB/Sec,0
[2026-03-12 13:40:11.235] [info] [ICNT] ICNT<-MEM request 0GB/Sec,0
[2026-03-12 13:40:11.921] [info] Core [0] Tile Stats | Issued: 174 Running: 2 Finished: 172
[2026-03-12 13:40:11.921] [info] cycle: [7632000]
[2026-03-12 13:40:11.921] [info] Core [1] Tile Stats | Issued: 175 Running: 2 Finished: 173
[2026-03-12 13:40:11.921] [info] cycle: [7632000]
[2026-03-12 13:40:11.921] [info] Core [2] Tile Stats | Issued: 175 Running: 2 Finished: 173
[2026-03-12 13:40:11.921] [info] cycle: [7632000]
[2026-03-12 13:40:11.921] [info] Core [3] Tile Stats | Issued: 173 Running: 2 Finished: 171
[2026-03-12 13:40:11.921] [info] cycle: [7632000]
[2026-03-12 13:40:11.921] [info] [ICNT] Core->ICNT request 743GB/Sec,185968
[2026-03-12 13:40:11.921] [info] [ICNT] Core<-ICNT request 510GB/Sec,127719
[2026-03-12 13:40:11.921] [info] [ICNT] ICNT->MEM request 0GB/Sec,0
[2026-03-12 13:40:11.921] [info] [ICNT] ICNT<-MEM request 0GB/Sec,0
[2026-03-12 13:40:12.574] [info] Core [0] Tile Stats | Issued: 174 Running: 2 Finished: 172
[2026-03-12 13:40:12.574] [info] cycle: [7640000]
[2026-03-12 13:40:12.574] [info] Core [1] Tile Stats | Issued: 175 Running: 2 Finished: 173
[2026-03-12 13:40:12.574] [info] cycle: [7640000]
[2026-03-12 13:40:12.574] [info] Core [2] Tile Stats | Issued: 175 Running: 2 Finished: 173
[2026-03-12 13:40:12.574] [info] cycle: [7640000]
[2026-03-12 13:40:12.574] [info] Core [3] Tile Stats | Issued: 173 Running: 2 Finished: 171
[2026-03-12 13:40:12.574] [info] cycle: [7640000]
[2026-03-12 13:40:12.574] [info] [ICNT] Core->ICNT request 1291GB/Sec,322976
[2026-03-12 13:40:12.574] [info] [ICNT] Core<-ICNT request 491GB/Sec,122869
[2026-03-12 13:40:12.574] [info] [ICNT] ICNT->MEM request 0GB/Sec,0
[2026-03-12 13:40:12.574] [info] [ICNT] ICNT<-MEM request 0GB/Sec,0
[2026-03-12 13:40:13.253] [info] Core [0] Tile Stats | Issued: 174 Running: 2 Finished: 172
[2026-03-12 13:40:13.253] [info] cycle: [7648000]
[2026-03-12 13:40:13.253] [info] Core [1] Tile Stats | Issued: 175 Running: 2 Finished: 173
[2026-03-12 13:40:13.253] [info] cycle: [7648000]
[2026-03-12 13:40:13.253] [info] Core [2] Tile Stats | Issued: 175 Running: 2 Finished: 173
[2026-03-12 13:40:13.253] [info] cycle: [7648000]
[2026-03-12 13:40:13.253] [info] Core [3] Tile Stats | Issued: 173 Running: 2 Finished: 171
[2026-03-12 13:40:13.253] [info] cycle: [7648000]
[2026-03-12 13:40:13.253] [info] [ICNT] Core->ICNT request 630GB/Sec,157648
[2026-03-12 13:40:13.253] [info] [ICNT] Core<-ICNT request 450GB/Sec,112503
[2026-03-12 13:40:13.253] [info] [ICNT] ICNT->MEM request 0GB/Sec,0
[2026-03-12 13:40:13.253] [info] [ICNT] ICNT<-MEM request 0GB/Sec,0
[2026-03-12 13:40:13.916] [info] Core [0] Tile Stats | Issued: 174 Running: 2 Finished: 172
[2026-03-12 13:40:13.916] [info] cycle: [7656000]
[2026-03-12 13:40:13.916] [info] Core [1] Tile Stats | Issued: 175 Running: 2 Finished: 173
[2026-03-12 13:40:13.916] [info] cycle: [7656000]
[2026-03-12 13:40:13.916] [info] Core [2] Tile Stats | Issued: 175 Running: 2 Finished: 173
[2026-03-12 13:40:13.916] [info] cycle: [7656000]
[2026-03-12 13:40:13.916] [info] Core [3] Tile Stats | Issued: 174 Running: 2 Finished: 172
[2026-03-12 13:40:13.916] [info] cycle: [7656000]
[2026-03-12 13:40:13.916] [info] [ICNT] Core->ICNT request 266GB/Sec,66680
[2026-03-12 13:40:13.916] [info] [ICNT] Core<-ICNT request 442GB/Sec,110584
[2026-03-12 13:40:13.916] [info] [ICNT] ICNT->MEM request 0GB/Sec,0
[2026-03-12 13:40:13.916] [info] [ICNT] ICNT<-MEM request 0GB/Sec,0
[2026-03-12 13:40:14.561] [info] Core [0] Tile Stats | Issued: 174 Running: 2 Finished: 172
[2026-03-12 13:40:14.561] [info] cycle: [7664000]
[2026-03-12 13:40:14.561] [info] Core [1] Tile Stats | Issued: 175 Running: 2 Finished: 173
[2026-03-12 13:40:14.561] [info] cycle: [7664000]
[2026-03-12 13:40:14.561] [info] Core [2] Tile Stats | Issued: 175 Running: 2 Finished: 173
[2026-03-12 13:40:14.561] [info] cycle: [7664000]
[2026-03-12 13:40:14.561] [info] Core [3] Tile Stats | Issued: 174 Running: 2 Finished: 172
[2026-03-12 13:40:14.561] [info] cycle: [7664000]
[2026-03-12 13:40:14.561] [info] [ICNT] Core->ICNT request 512GB/Sec,128000
[2026-03-12 13:40:14.561] [info] [ICNT] Core<-ICNT request 441GB/Sec,110467
[2026-03-12 13:40:14.561] [info] [ICNT] ICNT->MEM request 0GB/Sec,0
[2026-03-12 13:40:14.561] [info] [ICNT] ICNT<-MEM request 0GB/Sec,0
[2026-03-12 13:40:15.237] [info] Core [0] Tile Stats | Issued: 174 Running: 2 Finished: 172
[2026-03-12 13:40:15.237] [info] cycle: [7672000]
[2026-03-12 13:40:15.237] [info] Core [1] Tile Stats | Issued: 175 Running: 2 Finished: 173
[2026-03-12 13:40:15.237] [info] cycle: [7672000]
[2026-03-12 13:40:15.237] [info] Core [2] Tile Stats | Issued: 175 Running: 2 Finished: 173
[2026-03-12 13:40:15.237] [info] cycle: [7672000]
[2026-03-12 13:40:15.237] [info] Core [3] Tile Stats | Issued: 174 Running: 2 Finished: 172
[2026-03-12 13:40:15.237] [info] cycle: [7672000]
[2026-03-12 13:40:15.237] [info] [ICNT] Core->ICNT request 161GB/Sec,40360
[2026-03-12 13:40:15.237] [info] [ICNT] Core<-ICNT request 435GB/Sec,108852
[2026-03-12 13:40:15.237] [info] [ICNT] ICNT->MEM request 0GB/Sec,0
[2026-03-12 13:40:15.237] [info] [ICNT] ICNT<-MEM request 0GB/Sec,0
[2026-03-12 13:40:15.876] [info] Core [0] Tile Stats | Issued: 174 Running: 2 Finished: 172
[2026-03-12 13:40:15.876] [info] cycle: [7680000]
[2026-03-12 13:40:15.876] [info] Core [1] Tile Stats | Issued: 175 Running: 2 Finished: 173
[2026-03-12 13:40:15.876] [info] cycle: [7680000]
[2026-03-12 13:40:15.876] [info] Core [2] Tile Stats | Issued: 175 Running: 2 Finished: 173
[2026-03-12 13:40:15.876] [info] cycle: [7680000]
[2026-03-12 13:40:15.876] [info] Core [3] Tile Stats | Issued: 174 Running: 2 Finished: 172
[2026-03-12 13:40:15.876] [info] cycle: [7680000]
[2026-03-12 13:40:15.876] [info] [ICNT] Core->ICNT request 0GB/Sec,0
[2026-03-12 13:40:15.876] [info] [ICNT] Core<-ICNT request 416GB/Sec,104108
[2026-03-12 13:40:15.876] [info] [ICNT] ICNT->MEM request 0GB/Sec,0
[2026-03-12 13:40:15.876] [info] [ICNT] ICNT<-MEM request 0GB/Sec,0
[2026-03-12 13:40:16.565] [info] Core [0] Tile Stats | Issued: 174 Running: 2 Finished: 172
[2026-03-12 13:40:16.565] [info] cycle: [7688000]
[2026-03-12 13:40:16.565] [info] Core [1] Tile Stats | Issued: 175 Running: 2 Finished: 173
[2026-03-12 13:40:16.565] [info] cycle: [7688000]
[2026-03-12 13:40:16.565] [info] Core [2] Tile Stats | Issued: 176 Running: 2 Finished: 174
[2026-03-12 13:40:16.565] [info] cycle: [7688000]
[2026-03-12 13:40:16.565] [info] Core [3] Tile Stats | Issued: 174 Running: 2 Finished: 172
[2026-03-12 13:40:16.565] [info] cycle: [7688000]
[2026-03-12 13:40:16.565] [info] [ICNT] Core->ICNT request 165GB/Sec,41424
[2026-03-12 13:40:16.565] [info] [ICNT] Core<-ICNT request 455GB/Sec,113949
[2026-03-12 13:40:16.565] [info] [ICNT] ICNT->MEM request 0GB/Sec,0
[2026-03-12 13:40:16.565] [info] [ICNT] ICNT<-MEM request 0GB/Sec,0
[2026-03-12 13:40:17.263] [info] Core [0] Tile Stats | Issued: 174 Running: 2 Finished: 172
[2026-03-12 13:40:17.263] [info] cycle: [7696000]
[2026-03-12 13:40:17.263] [info] Core [1] Tile Stats | Issued: 176 Running: 2 Finished: 174
[2026-03-12 13:40:17.263] [info] cycle: [7696000]
[2026-03-12 13:40:17.263] [info] Core [2] Tile Stats | Issued: 176 Running: 2 Finished: 174
[2026-03-12 13:40:17.263] [info] cycle: [7696000]
[2026-03-12 13:40:17.263] [info] Core [3] Tile Stats | Issued: 174 Running: 2 Finished: 172
[2026-03-12 13:40:17.263] [info] cycle: [7696000]
[2026-03-12 13:40:17.263] [info] [ICNT] Core->ICNT request 512GB/Sec,128160
[2026-03-12 13:40:17.263] [info] [ICNT] Core<-ICNT request 496GB/Sec,124090
[2026-03-12 13:40:17.263] [info] [ICNT] ICNT->MEM request 0GB/Sec,0
[2026-03-12 13:40:17.263] [info] [ICNT] ICNT<-MEM request 0GB/Sec,0
[2026-03-12 13:40:17.913] [info] Core [0] Tile Stats | Issued: 175 Running: 2 Finished: 173
[2026-03-12 13:40:17.913] [info] cycle: [7704000]
[2026-03-12 13:40:17.913] [info] Core [1] Tile Stats | Issued: 176 Running: 2 Finished: 174
[2026-03-12 13:40:17.913] [info] cycle: [7704000]
[2026-03-12 13:40:17.913] [info] Core [2] Tile Stats | Issued: 176 Running: 2 Finished: 174
[2026-03-12 13:40:17.913] [info] cycle: [7704000]
[2026-03-12 13:40:17.913] [info] Core [3] Tile Stats | Issued: 174 Running: 2 Finished: 172
[2026-03-12 13:40:17.913] [info] cycle: [7704000]
[2026-03-12 13:40:17.913] [info] [ICNT] Core->ICNT request 1252GB/Sec,313200
[2026-03-12 13:40:17.913] [info] [ICNT] Core<-ICNT request 449GB/Sec,112371
[2026-03-12 13:40:17.913] [info] [ICNT] ICNT->MEM request 0GB/Sec,0
[2026-03-12 13:40:17.913] [info] [ICNT] ICNT<-MEM request 0GB/Sec,0
[2026-03-12 13:40:18.570] [info] Core [0] Tile Stats | Issued: 175 Running: 2 Finished: 173
[2026-03-12 13:40:18.570] [info] cycle: [7712000]
[2026-03-12 13:40:18.570] [info] Core [1] Tile Stats | Issued: 176 Running: 2 Finished: 174
[2026-03-12 13:40:18.570] [info] cycle: [7712000]
[2026-03-12 13:40:18.570] [info] Core [2] Tile Stats | Issued: 176 Running: 2 Finished: 174
[2026-03-12 13:40:18.570] [info] cycle: [7712000]
[2026-03-12 13:40:18.570] [info] Core [3] Tile Stats | Issued: 174 Running: 2 Finished: 172
[2026-03-12 13:40:18.570] [info] cycle: [7712000]
[2026-03-12 13:40:18.570] [info] [ICNT] Core->ICNT request 888GB/Sec,222240
[2026-03-12 13:40:18.570] [info] [ICNT] Core<-ICNT request 404GB/Sec,101157
[2026-03-12 13:40:18.570] [info] [ICNT] ICNT->MEM request 0GB/Sec,0
[2026-03-12 13:40:18.570] [info] [ICNT] ICNT<-MEM request 0GB/Sec,0
[2026-03-12 13:40:19.286] [info] Core [0] Tile Stats | Issued: 175 Running: 2 Finished: 173
[2026-03-12 13:40:19.286] [info] cycle: [7720000]
[2026-03-12 13:40:19.286] [info] Core [1] Tile Stats | Issued: 176 Running: 2 Finished: 174
[2026-03-12 13:40:19.286] [info] cycle: [7720000]
[2026-03-12 13:40:19.286] [info] Core [2] Tile Stats | Issued: 177 Running: 2 Finished: 175
[2026-03-12 13:40:19.286] [info] cycle: [7720000]
[2026-03-12 13:40:19.286] [info] Core [3] Tile Stats | Issued: 174 Running: 2 Finished: 172
[2026-03-12 13:40:19.286] [info] cycle: [7720000]
[2026-03-12 13:40:19.286] [info] [ICNT] Core->ICNT request 158GB/Sec,39696
[2026-03-12 13:40:19.286] [info] [ICNT] Core<-ICNT request 414GB/Sec,103505
[2026-03-12 13:40:19.286] [info] [ICNT] ICNT->MEM request 0GB/Sec,0
[2026-03-12 13:40:19.286] [info] [ICNT] ICNT<-MEM request 0GB/Sec,0
[2026-03-12 13:40:19.986] [info] Core [0] Tile Stats | Issued: 175 Running: 2 Finished: 173
[2026-03-12 13:40:19.986] [info] cycle: [7728000]
[2026-03-12 13:40:19.986] [info] Core [1] Tile Stats | Issued: 176 Running: 2 Finished: 174
[2026-03-12 13:40:19.986] [info] cycle: [7728000]
[2026-03-12 13:40:19.986] [info] Core [2] Tile Stats | Issued: 177 Running: 2 Finished: 175
[2026-03-12 13:40:19.986] [info] cycle: [7728000]
[2026-03-12 13:40:19.986] [info] Core [3] Tile Stats | Issued: 174 Running: 2 Finished: 172
[2026-03-12 13:40:19.986] [info] cycle: [7728000]
[2026-03-12 13:40:19.986] [info] [ICNT] Core->ICNT request 512GB/Sec,128000
[2026-03-12 13:40:19.986] [info] [ICNT] Core<-ICNT request 428GB/Sec,107110
[2026-03-12 13:40:19.986] [info] [ICNT] ICNT->MEM request 0GB/Sec,0
[2026-03-12 13:40:19.986] [info] [ICNT] ICNT<-MEM request 0GB/Sec,0
[2026-03-12 13:40:20.624] [info] Core [0] Tile Stats | Issued: 175 Running: 2 Finished: 173
[2026-03-12 13:40:20.624] [info] cycle: [7736000]
[2026-03-12 13:40:20.624] [info] Core [1] Tile Stats | Issued: 176 Running: 2 Finished: 174
[2026-03-12 13:40:20.624] [info] cycle: [7736000]
[2026-03-12 13:40:20.624] [info] Core [2] Tile Stats | Issued: 177 Running: 2 Finished: 175
[2026-03-12 13:40:20.624] [info] cycle: [7736000]
[2026-03-12 13:40:20.624] [info] Core [3] Tile Stats | Issued: 174 Running: 2 Finished: 172
[2026-03-12 13:40:20.624] [info] cycle: [7736000]
[2026-03-12 13:40:20.624] [info] [ICNT] Core->ICNT request 269GB/Sec,67312
[2026-03-12 13:40:20.624] [info] [ICNT] Core<-ICNT request 356GB/Sec,89144
[2026-03-12 13:40:20.624] [info] [ICNT] ICNT->MEM request 0GB/Sec,0
[2026-03-12 13:40:20.624] [info] [ICNT] ICNT<-MEM request 0GB/Sec,0
[2026-03-12 13:40:21.296] [info] Core [0] Tile Stats | Issued: 175 Running: 2 Finished: 173
[2026-03-12 13:40:21.296] [info] cycle: [7744000]
[2026-03-12 13:40:21.296] [info] Core [1] Tile Stats | Issued: 176 Running: 2 Finished: 174
[2026-03-12 13:40:21.296] [info] cycle: [7744000]
[2026-03-12 13:40:21.296] [info] Core [2] Tile Stats | Issued: 177 Running: 2 Finished: 175
[2026-03-12 13:40:21.296] [info] cycle: [7744000]
[2026-03-12 13:40:21.296] [info] Core [3] Tile Stats | Issued: 175 Running: 2 Finished: 173
[2026-03-12 13:40:21.296] [info] cycle: [7744000]
[2026-03-12 13:40:21.296] [info] [ICNT] Core->ICNT request 129GB/Sec,32400
[2026-03-12 13:40:21.296] [info] [ICNT] Core<-ICNT request 362GB/Sec,90656
[2026-03-12 13:40:21.296] [info] [ICNT] ICNT->MEM request 0GB/Sec,0
[2026-03-12 13:40:21.296] [info] [ICNT] ICNT<-MEM request 0GB/Sec,0
[2026-03-12 13:40:21.955] [info] Core [0] Tile Stats | Issued: 175 Running: 2 Finished: 173
[2026-03-12 13:40:21.955] [info] cycle: [7752000]
[2026-03-12 13:40:21.955] [info] Core [1] Tile Stats | Issued: 176 Running: 2 Finished: 174
[2026-03-12 13:40:21.955] [info] cycle: [7752000]
[2026-03-12 13:40:21.955] [info] Core [2] Tile Stats | Issued: 177 Running: 2 Finished: 175
[2026-03-12 13:40:21.955] [info] cycle: [7752000]
[2026-03-12 13:40:21.955] [info] Core [3] Tile Stats | Issued: 175 Running: 2 Finished: 173
[2026-03-12 13:40:21.955] [info] cycle: [7752000]
[2026-03-12 13:40:21.955] [info] [ICNT] Core->ICNT request 512GB/Sec,128000
[2026-03-12 13:40:21.955] [info] [ICNT] Core<-ICNT request 358GB/Sec,89596
[2026-03-12 13:40:21.955] [info] [ICNT] ICNT->MEM request 0GB/Sec,0
[2026-03-12 13:40:21.955] [info] [ICNT] ICNT<-MEM request 0GB/Sec,0
[2026-03-12 13:40:22.637] [info] Core [0] Tile Stats | Issued: 175 Running: 2 Finished: 173
[2026-03-12 13:40:22.637] [info] cycle: [7760000]
[2026-03-12 13:40:22.637] [info] Core [1] Tile Stats | Issued: 176 Running: 2 Finished: 174
[2026-03-12 13:40:22.637] [info] cycle: [7760000]
[2026-03-12 13:40:22.637] [info] Core [2] Tile Stats | Issued: 177 Running: 2 Finished: 175
[2026-03-12 13:40:22.637] [info] cycle: [7760000]
[2026-03-12 13:40:22.637] [info] Core [3] Tile Stats | Issued: 175 Running: 2 Finished: 173
[2026-03-12 13:40:22.637] [info] cycle: [7760000]
[2026-03-12 13:40:22.637] [info] [ICNT] Core->ICNT request 298GB/Sec,74608
[2026-03-12 13:40:22.637] [info] [ICNT] Core<-ICNT request 362GB/Sec,90689
[2026-03-12 13:40:22.637] [info] [ICNT] ICNT->MEM request 0GB/Sec,0
[2026-03-12 13:40:22.637] [info] [ICNT] ICNT<-MEM request 0GB/Sec,0
[2026-03-12 13:40:23.294] [info] Core [0] Tile Stats | Issued: 175 Running: 2 Finished: 173
[2026-03-12 13:40:23.294] [info] cycle: [7768000]
[2026-03-12 13:40:23.294] [info] Core [1] Tile Stats | Issued: 176 Running: 2 Finished: 174
[2026-03-12 13:40:23.294] [info] cycle: [7768000]
[2026-03-12 13:40:23.294] [info] Core [2] Tile Stats | Issued: 177 Running: 2 Finished: 175
[2026-03-12 13:40:23.294] [info] cycle: [7768000]
[2026-03-12 13:40:23.294] [info] Core [3] Tile Stats | Issued: 175 Running: 2 Finished: 173
[2026-03-12 13:40:23.294] [info] cycle: [7768000]
[2026-03-12 13:40:23.294] [info] [ICNT] Core->ICNT request 0GB/Sec,0
[2026-03-12 13:40:23.294] [info] [ICNT] Core<-ICNT request 440GB/Sec,110141
[2026-03-12 13:40:23.294] [info] [ICNT] ICNT->MEM request 0GB/Sec,0
[2026-03-12 13:40:23.294] [info] [ICNT] ICNT<-MEM request 0GB/Sec,0
[2026-03-12 13:40:23.888] [info] Core [0] Tile Stats | Issued: 175 Running: 2 Finished: 173
[2026-03-12 13:40:23.888] [info] cycle: [7776000]
[2026-03-12 13:40:23.888] [info] Core [1] Tile Stats | Issued: 176 Running: 2 Finished: 174
[2026-03-12 13:40:23.888] [info] cycle: [7776000]
[2026-03-12 13:40:23.888] [info] Core [2] Tile Stats | Issued: 177 Running: 2 Finished: 175
[2026-03-12 13:40:23.888] [info] cycle: [7776000]
[2026-03-12 13:40:23.888] [info] Core [3] Tile Stats | Issued: 175 Running: 2 Finished: 173
[2026-03-12 13:40:23.888] [info] cycle: [7776000]
[2026-03-12 13:40:23.888] [info] [ICNT] Core->ICNT request 0GB/Sec,0
[2026-03-12 13:40:23.888] [info] [ICNT] Core<-ICNT request 505GB/Sec,126434
[2026-03-12 13:40:23.888] [info] [ICNT] ICNT->MEM request 0GB/Sec,0
[2026-03-12 13:40:23.888] [info] [ICNT] ICNT<-MEM request 0GB/Sec,0
[2026-03-12 13:40:24.508] [info] Core [0] Tile Stats | Issued: 175 Running: 1 Finished: 174
[2026-03-12 13:40:24.508] [info] cycle: [7784000]
[2026-03-12 13:40:24.508] [info] Core [1] Tile Stats | Issued: 177 Running: 2 Finished: 175
[2026-03-12 13:40:24.508] [info] cycle: [7784000]
[2026-03-12 13:40:24.508] [info] Core [2] Tile Stats | Issued: 177 Running: 2 Finished: 175
[2026-03-12 13:40:24.508] [info] cycle: [7784000]
[2026-03-12 13:40:24.508] [info] Core [3] Tile Stats | Issued: 175 Running: 2 Finished: 173
[2026-03-12 13:40:24.508] [info] cycle: [7784000]
[2026-03-12 13:40:24.508] [info] [ICNT] Core->ICNT request 466GB/Sec,116512
[2026-03-12 13:40:24.508] [info] [ICNT] Core<-ICNT request 495GB/Sec,123797
[2026-03-12 13:40:24.508] [info] [ICNT] ICNT->MEM request 0GB/Sec,0
[2026-03-12 13:40:24.508] [info] [ICNT] ICNT<-MEM request 0GB/Sec,0
[2026-03-12 13:40:25.126] [info] Core [0] Tile Stats | Issued: 175 Running: 1 Finished: 174
[2026-03-12 13:40:25.126] [info] cycle: [7792000]
[2026-03-12 13:40:25.126] [info] Core [1] Tile Stats | Issued: 177 Running: 2 Finished: 175
[2026-03-12 13:40:25.126] [info] cycle: [7792000]
[2026-03-12 13:40:25.126] [info] Core [2] Tile Stats | Issued: 177 Running: 2 Finished: 175
[2026-03-12 13:40:25.126] [info] cycle: [7792000]
[2026-03-12 13:40:25.126] [info] Core [3] Tile Stats | Issued: 175 Running: 1 Finished: 174
[2026-03-12 13:40:25.126] [info] cycle: [7792000]
[2026-03-12 13:40:25.126] [info] [ICNT] Core->ICNT request 473GB/Sec,118496
[2026-03-12 13:40:25.126] [info] [ICNT] Core<-ICNT request 477GB/Sec,119443
[2026-03-12 13:40:25.126] [info] [ICNT] ICNT->MEM request 0GB/Sec,0
[2026-03-12 13:40:25.126] [info] [ICNT] ICNT<-MEM request 0GB/Sec,0
[2026-03-12 13:40:25.758] [info] Core [0] Tile Stats | Issued: 175 Running: 1 Finished: 174
[2026-03-12 13:40:25.758] [info] cycle: [7800000]
[2026-03-12 13:40:25.758] [info] Core [1] Tile Stats | Issued: 177 Running: 2 Finished: 175
[2026-03-12 13:40:25.758] [info] cycle: [7800000]
[2026-03-12 13:40:25.758] [info] Core [2] Tile Stats | Issued: 177 Running: 2 Finished: 175
[2026-03-12 13:40:25.758] [info] cycle: [7800000]
[2026-03-12 13:40:25.758] [info] Core [3] Tile Stats | Issued: 175 Running: 1 Finished: 174
[2026-03-12 13:40:25.758] [info] cycle: [7800000]
[2026-03-12 13:40:25.758] [info] [ICNT] Core->ICNT request 0GB/Sec,0
[2026-03-12 13:40:25.758] [info] [ICNT] Core<-ICNT request 482GB/Sec,120518
[2026-03-12 13:40:25.758] [info] [ICNT] ICNT->MEM request 0GB/Sec,0
[2026-03-12 13:40:25.758] [info] [ICNT] ICNT<-MEM request 0GB/Sec,0
[2026-03-12 13:40:26.395] [info] Core [0] Tile Stats | Issued: 175 Running: 1 Finished: 174
[2026-03-12 13:40:26.395] [info] cycle: [7808000]
[2026-03-12 13:40:26.395] [info] Core [1] Tile Stats | Issued: 177 Running: 2 Finished: 175
[2026-03-12 13:40:26.395] [info] cycle: [7808000]
[2026-03-12 13:40:26.395] [info] Core [2] Tile Stats | Issued: 177 Running: 2 Finished: 175
[2026-03-12 13:40:26.395] [info] cycle: [7808000]
[2026-03-12 13:40:26.395] [info] Core [3] Tile Stats | Issued: 175 Running: 1 Finished: 174
[2026-03-12 13:40:26.395] [info] cycle: [7808000]
[2026-03-12 13:40:26.395] [info] [ICNT] Core->ICNT request 0GB/Sec,0
[2026-03-12 13:40:26.395] [info] [ICNT] Core<-ICNT request 482GB/Sec,120629
[2026-03-12 13:40:26.395] [info] [ICNT] ICNT->MEM request 0GB/Sec,0
[2026-03-12 13:40:26.395] [info] [ICNT] ICNT<-MEM request 0GB/Sec,0
[2026-03-12 13:40:27.018] [info] Core [0] Tile Stats | Issued: 175 Running: 1 Finished: 174
[2026-03-12 13:40:27.018] [info] cycle: [7816000]
[2026-03-12 13:40:27.018] [info] Core [1] Tile Stats | Issued: 177 Running: 2 Finished: 175
[2026-03-12 13:40:27.018] [info] cycle: [7816000]
[2026-03-12 13:40:27.018] [info] Core [2] Tile Stats | Issued: 177 Running: 1 Finished: 176
[2026-03-12 13:40:27.018] [info] cycle: [7816000]
[2026-03-12 13:40:27.018] [info] Core [3] Tile Stats | Issued: 175 Running: 1 Finished: 174
[2026-03-12 13:40:27.018] [info] cycle: [7816000]
[2026-03-12 13:40:27.018] [info] [ICNT] Core->ICNT request 0GB/Sec,0
[2026-03-12 13:40:27.018] [info] [ICNT] Core<-ICNT request 466GB/Sec,116567
[2026-03-12 13:40:27.018] [info] [ICNT] ICNT->MEM request 0GB/Sec,0
[2026-03-12 13:40:27.018] [info] [ICNT] ICNT<-MEM request 0GB/Sec,0
[2026-03-12 13:40:27.708] [info] Core [0] Tile Stats | Issued: 175 Running: 1 Finished: 174
[2026-03-12 13:40:27.708] [info] cycle: [7824000]
[2026-03-12 13:40:27.708] [info] Core [1] Tile Stats | Issued: 177 Running: 2 Finished: 175
[2026-03-12 13:40:27.708] [info] cycle: [7824000]
[2026-03-12 13:40:27.708] [info] Core [2] Tile Stats | Issued: 177 Running: 1 Finished: 176
[2026-03-12 13:40:27.708] [info] cycle: [7824000]
[2026-03-12 13:40:27.708] [info] Core [3] Tile Stats | Issued: 175 Running: 1 Finished: 174
[2026-03-12 13:40:27.708] [info] cycle: [7824000]
[2026-03-12 13:40:27.708] [info] [ICNT] Core->ICNT request 0GB/Sec,0
[2026-03-12 13:40:27.708] [info] [ICNT] Core<-ICNT request 458GB/Sec,114741
[2026-03-12 13:40:27.708] [info] [ICNT] ICNT->MEM request 0GB/Sec,0
[2026-03-12 13:40:27.708] [info] [ICNT] ICNT<-MEM request 0GB/Sec,0
[2026-03-12 13:40:28.364] [info] Core [0] Tile Stats | Issued: 175 Running: 1 Finished: 174
[2026-03-12 13:40:28.364] [info] cycle: [7832000]
[2026-03-12 13:40:28.364] [info] Core [1] Tile Stats | Issued: 177 Running: 2 Finished: 175
[2026-03-12 13:40:28.364] [info] cycle: [7832000]
[2026-03-12 13:40:28.364] [info] Core [2] Tile Stats | Issued: 177 Running: 1 Finished: 176
[2026-03-12 13:40:28.364] [info] cycle: [7832000]
[2026-03-12 13:40:28.364] [info] Core [3] Tile Stats | Issued: 175 Running: 1 Finished: 174
[2026-03-12 13:40:28.364] [info] cycle: [7832000]
[2026-03-12 13:40:28.364] [info] [ICNT] Core->ICNT request 19GB/Sec,4800
[2026-03-12 13:40:28.364] [info] [ICNT] Core<-ICNT request 494GB/Sec,123533
[2026-03-12 13:40:28.364] [info] [ICNT] ICNT->MEM request 0GB/Sec,0
[2026-03-12 13:40:28.364] [info] [ICNT] ICNT<-MEM request 0GB/Sec,0
[2026-03-12 13:40:29.070] [info] Core [0] Tile Stats | Issued: 175 Running: 0 Finished: 175
[2026-03-12 13:40:29.070] [info] cycle: [7840000]
[2026-03-12 13:40:29.070] [info] Core [1] Tile Stats | Issued: 177 Running: 1 Finished: 176
[2026-03-12 13:40:29.070] [info] cycle: [7840000]
[2026-03-12 13:40:29.070] [info] Core [2] Tile Stats | Issued: 177 Running: 1 Finished: 176
[2026-03-12 13:40:29.070] [info] cycle: [7840000]
[2026-03-12 13:40:29.070] [info] Core [3] Tile Stats | Issued: 175 Running: 1 Finished: 174
[2026-03-12 13:40:29.070] [info] cycle: [7840000]
[2026-03-12 13:40:29.070] [info] [ICNT] Core->ICNT request 6GB/Sec,1600
[2026-03-12 13:40:29.070] [info] [ICNT] Core<-ICNT request 502GB/Sec,125653
[2026-03-12 13:40:29.070] [info] [ICNT] ICNT->MEM request 0GB/Sec,0
[2026-03-12 13:40:29.070] [info] [ICNT] ICNT<-MEM request 0GB/Sec,0
[2026-03-12 13:40:29.773] [info] Core [0] Tile Stats | Issued: 175 Running: 0 Finished: 175
[2026-03-12 13:40:29.773] [info] cycle: [7848000]
[2026-03-12 13:40:29.773] [info] Core [1] Tile Stats | Issued: 177 Running: 1 Finished: 176
[2026-03-12 13:40:29.773] [info] cycle: [7848000]
[2026-03-12 13:40:29.773] [info] Core [2] Tile Stats | Issued: 177 Running: 1 Finished: 176
[2026-03-12 13:40:29.773] [info] cycle: [7848000]
[2026-03-12 13:40:29.773] [info] Core [3] Tile Stats | Issued: 175 Running: 1 Finished: 174
[2026-03-12 13:40:29.773] [info] cycle: [7848000]
[2026-03-12 13:40:29.773] [info] [ICNT] Core->ICNT request 0GB/Sec,0
[2026-03-12 13:40:29.773] [info] [ICNT] Core<-ICNT request 508GB/Sec,127196
[2026-03-12 13:40:29.773] [info] [ICNT] ICNT->MEM request 0GB/Sec,0
[2026-03-12 13:40:29.773] [info] [ICNT] ICNT<-MEM request 0GB/Sec,0
[2026-03-12 13:40:30.442] [info] Core [0] Tile Stats | Issued: 175 Running: 0 Finished: 175
[2026-03-12 13:40:30.442] [info] cycle: [7856000]
[2026-03-12 13:40:30.442] [info] Core [1] Tile Stats | Issued: 177 Running: 1 Finished: 176
[2026-03-12 13:40:30.442] [info] cycle: [7856000]
[2026-03-12 13:40:30.442] [info] Core [2] Tile Stats | Issued: 177 Running: 0 Finished: 177
[2026-03-12 13:40:30.442] [info] cycle: [7856000]
[2026-03-12 13:40:30.442] [info] Core [3] Tile Stats | Issued: 175 Running: 1 Finished: 174
[2026-03-12 13:40:30.442] [info] cycle: [7856000]
[2026-03-12 13:40:30.442] [info] [ICNT] Core->ICNT request 0GB/Sec,0
[2026-03-12 13:40:30.442] [info] [ICNT] Core<-ICNT request 502GB/Sec,125575
[2026-03-12 13:40:30.442] [info] [ICNT] ICNT->MEM request 0GB/Sec,0
[2026-03-12 13:40:30.442] [info] [ICNT] ICNT<-MEM request 0GB/Sec,0
[2026-03-12 13:40:30.979] [info] Core [0] Tile Stats | Issued: 175 Running: 0 Finished: 175
[2026-03-12 13:40:30.979] [info] cycle: [7864000]
[2026-03-12 13:40:30.979] [info] Core [1] Tile Stats | Issued: 177 Running: 1 Finished: 176
[2026-03-12 13:40:30.979] [info] cycle: [7864000]
[2026-03-12 13:40:30.979] [info] Core [2] Tile Stats | Issued: 177 Running: 0 Finished: 177
[2026-03-12 13:40:30.979] [info] cycle: [7864000]
[2026-03-12 13:40:30.979] [info] Core [3] Tile Stats | Issued: 175 Running: 1 Finished: 174
[2026-03-12 13:40:30.979] [info] cycle: [7864000]
[2026-03-12 13:40:30.979] [info] [ICNT] Core->ICNT request 0GB/Sec,0
[2026-03-12 13:40:30.979] [info] [ICNT] Core<-ICNT request 382GB/Sec,95584
[2026-03-12 13:40:30.979] [info] [ICNT] ICNT->MEM request 0GB/Sec,0
[2026-03-12 13:40:30.979] [info] [ICNT] ICNT<-MEM request 0GB/Sec,0
[2026-03-12 13:40:31.184] [info] Core [0] Tile Stats | Issued: 175 Running: 0 Finished: 175
[2026-03-12 13:40:31.184] [info] cycle: [7872000]
[2026-03-12 13:40:31.184] [info] Core [1] Tile Stats | Issued: 177 Running: 1 Finished: 176
[2026-03-12 13:40:31.184] [info] cycle: [7872000]
[2026-03-12 13:40:31.184] [info] Core [2] Tile Stats | Issued: 177 Running: 0 Finished: 177
[2026-03-12 13:40:31.184] [info] cycle: [7872000]
[2026-03-12 13:40:31.184] [info] Core [3] Tile Stats | Issued: 175 Running: 0 Finished: 175
[2026-03-12 13:40:31.184] [info] cycle: [7872000]
[2026-03-12 13:40:31.184] [info] [ICNT] Core->ICNT request 0GB/Sec,0
[2026-03-12 13:40:31.184] [info] [ICNT] Core<-ICNT request 80GB/Sec,20248
[2026-03-12 13:40:31.184] [info] [ICNT] ICNT->MEM request 0GB/Sec,0
[2026-03-12 13:40:31.184] [info] [ICNT] ICNT<-MEM request 0GB/Sec,0
[2026-03-12 13:40:31.276] [info] Core [0] Tile Stats | Issued: 175 Running: 0 Finished: 175
[2026-03-12 13:40:31.276] [info] cycle: [7880000]
[2026-03-12 13:40:31.276] [info] Core [1] Tile Stats | Issued: 177 Running: 1 Finished: 176
[2026-03-12 13:40:31.276] [info] cycle: [7880000]
[2026-03-12 13:40:31.276] [info] Core [2] Tile Stats | Issued: 177 Running: 0 Finished: 177
[2026-03-12 13:40:31.276] [info] cycle: [7880000]
[2026-03-12 13:40:31.276] [info] Core [3] Tile Stats | Issued: 175 Running: 0 Finished: 175
[2026-03-12 13:40:31.276] [info] cycle: [7880000]
[2026-03-12 13:40:31.276] [info] [ICNT] Core->ICNT request 0GB/Sec,0
[2026-03-12 13:40:31.276] [info] [ICNT] Core<-ICNT request 0GB/Sec,0
[2026-03-12 13:40:31.276] [info] [ICNT] ICNT->MEM request 0GB/Sec,0
[2026-03-12 13:40:31.276] [info] [ICNT] ICNT<-MEM request 0GB/Sec,0
[2026-03-12 13:40:31.340] [info] Layer layer0.ffn.fc2 finish at 7885484
[2026-03-12 13:40:31.340] [info] Total compute time 1960483
[2026-03-12 13:40:31.340] [info] executable layer count 1
[2026-03-12 13:40:31.340] [info] Start layer layer0.ffn.ln
[2026-03-12 13:40:31.463] [info] Core [0] Tile Stats | Issued: 177 Running: 2 Finished: 175
[2026-03-12 13:40:31.463] [info] cycle: [7888000]
[2026-03-12 13:40:31.463] [info] Core [1] Tile Stats | Issued: 179 Running: 2 Finished: 177
[2026-03-12 13:40:31.463] [info] cycle: [7888000]
[2026-03-12 13:40:31.463] [info] Core [2] Tile Stats | Issued: 179 Running: 2 Finished: 177
[2026-03-12 13:40:31.463] [info] cycle: [7888000]
[2026-03-12 13:40:31.463] [info] Core [3] Tile Stats | Issued: 177 Running: 2 Finished: 175
[2026-03-12 13:40:31.463] [info] cycle: [7888000]
[2026-03-12 13:40:31.463] [info] [ICNT] Core->ICNT request 460GB/Sec,115200
[2026-03-12 13:40:31.463] [info] [ICNT] Core<-ICNT request 157GB/Sec,39402
[2026-03-12 13:40:31.463] [info] [ICNT] ICNT->MEM request 0GB/Sec,0
[2026-03-12 13:40:31.463] [info] [ICNT] ICNT<-MEM request 0GB/Sec,0
[2026-03-12 13:40:32.050] [info] Core [0] Tile Stats | Issued: 177 Running: 0 Finished: 177
[2026-03-12 13:40:32.050] [info] cycle: [7896000]
[2026-03-12 13:40:32.050] [info] Core [1] Tile Stats | Issued: 179 Running: 1 Finished: 178
[2026-03-12 13:40:32.050] [info] cycle: [7896000]
[2026-03-12 13:40:32.050] [info] Core [2] Tile Stats | Issued: 179 Running: 1 Finished: 178
[2026-03-12 13:40:32.050] [info] cycle: [7896000]
[2026-03-12 13:40:32.050] [info] Core [3] Tile Stats | Issued: 177 Running: 1 Finished: 176
[2026-03-12 13:40:32.050] [info] cycle: [7896000]
[2026-03-12 13:40:32.050] [info] [ICNT] Core->ICNT request 140GB/Sec,35136
[2026-03-12 13:40:32.050] [info] [ICNT] Core<-ICNT request 436GB/Sec,109119
[2026-03-12 13:40:32.050] [info] [ICNT] ICNT->MEM request 0GB/Sec,0
[2026-03-12 13:40:32.050] [info] [ICNT] ICNT<-MEM request 0GB/Sec,0
[2026-03-12 13:40:32.213] [info] Layer layer0.ffn.ln finish at 7898287
[2026-03-12 13:40:32.213] [info] Total compute time 12803
[2026-03-12 13:40:32.213] [info] Model[opt-66b] Request: 1476 us, Start: 1476 us, finish:7898 us, Current Cycle:7898287
[2026-03-12 13:40:32.213] [info] Request 0 completed in 6422266 cycles
[2026-03-12 13:40:32.213] [info] No total_seq_len!
[2026-03-12 13:40:32.353] [info] Simulation Finished at 7900216 cycle 7900 us
Frontend:
  impl: GEM5

[2026-03-12 13:40:32.353] [info] Row hits: 4495089, Row misses: 23455, Row conflicts: 1574728
MemorySystem:
  impl: GenericDRAM
  total_num_other_requests: 0
  total_num_write_requests: 189674
  total_num_read_requests: 5904001
  memory_system_cycles: 9484052
  DRAM:
    impl: HBM2
  AddrMapper:
    impl: RoBaRaCoCh
  Controller:
    impl: Generic
    id: Channel 0
    Scheduler:
      impl: FRFCFS
    RefreshManager:
      impl: AllBank



[2026-03-12 13:40:32.353] [info] HBM2-CH_0: avg BW utilization 64% (5904001 reads, 189610 writes)
Frontend:
  impl: GEM5

[2026-03-12 13:40:32.353] [info] Row hits: 4543762, Row misses: 24968, Row conflicts: 1524277
MemorySystem:
  impl: GenericDRAM
  total_num_other_requests: 0
  total_num_write_requests: 189680
  total_num_read_requests: 5903728
  memory_system_cycles: 9484052
  DRAM:
    impl: HBM2
  AddrMapper:
    impl: RoBaRaCoCh
  Controller:
    impl: Generic
    id: Channel 0
    Scheduler:
      impl: FRFCFS
    RefreshManager:
      impl: AllBank



Frontend:
  impl: GEM5

[2026-03-12 13:40:32.353] [info] Row hits: 4542181, Row misses: 25175, Row conflicts: 1525714
MemorySystem:
  impl: GenericDRAM
  total_num_other_requests: 0
  total_num_write_requests: 189677
  total_num_read_requests: 5903811
  memory_system_cycles: 9484052
  DRAM:
    impl: HBM2
  AddrMapper:
    impl: RoBaRaCoCh
  Controller:
    impl: Generic
    id: Channel 0
    Scheduler:
      impl: FRFCFS
    RefreshManager:
      impl: AllBank



Frontend:
  impl: GEM5

[2026-03-12 13:40:32.353] [info] Row hits: 4494745, Row misses: 24126, Row conflicts: 1574464
MemorySystem:
  impl: GenericDRAM
  total_num_other_requests: 0
  total_num_write_requests: 189686
  total_num_read_requests: 5904079
  memory_system_cycles: 9484052
  DRAM:
    impl: HBM2
  AddrMapper:
    impl: RoBaRaCoCh
  Controller:
    impl: Generic
    id: Channel 0
    Scheduler:
      impl: FRFCFS
    RefreshManager:
      impl: AllBank



Frontend:
  impl: GEM5

[2026-03-12 13:40:32.353] [info] Row hits: 4542010, Row misses: 23860, Row conflicts: 1527199
MemorySystem:
  impl: GenericDRAM
  total_num_other_requests: 0
  total_num_write_requests: 189678
  total_num_read_requests: 5903840
  memory_system_cycles: 9484052
  DRAM:
    impl: HBM2
  AddrMapper:
    impl: RoBaRaCoCh
  Controller:
    impl: Generic
    id: Channel 0
    Scheduler:
      impl: FRFCFS
    RefreshManager:
      impl: AllBank



Frontend:
  impl: GEM5

[2026-03-12 13:40:32.354] [info] Row hits: 4492656, Row misses: 23987, Row conflicts: 1576574
MemorySystem:
  impl: GenericDRAM
  total_num_other_requests: 0
  total_num_write_requests: 189656
  total_num_read_requests: 5904008
  memory_system_cycles: 9484052
  DRAM:
    impl: HBM2
  AddrMapper:
    impl: RoBaRaCoCh
  Controller:
    impl: Generic
    id: Channel 0
    Scheduler:
      impl: FRFCFS
    RefreshManager:
      impl: AllBank



Frontend:
  impl: GEM5

[2026-03-12 13:40:32.354] [info] Row hits: 4494262, Row misses: 24277, Row conflicts: 1574731
MemorySystem:
  impl: GenericDRAM
  total_num_other_requests: 0
  total_num_write_requests: 189659
  total_num_read_requests: 5904036
  memory_system_cycles: 9484052
  DRAM:
    impl: HBM2
  AddrMapper:
    impl: RoBaRaCoCh
  Controller:
    impl: Generic
    id: Channel 0
    Scheduler:
      impl: FRFCFS
    RefreshManager:
      impl: AllBank



Frontend:
  impl: GEM5

[2026-03-12 13:40:32.354] [info] Row hits: 4542758, Row misses: 23855, Row conflicts: 1526463
MemorySystem:
  impl: GenericDRAM
  total_num_other_requests: 0
  total_num_write_requests: 189672
  total_num_read_requests: 5903841
  memory_system_cycles: 9484052
  DRAM:
    impl: HBM2
  AddrMapper:
    impl: RoBaRaCoCh
  Controller:
    impl: Generic
    id: Channel 0
    Scheduler:
      impl: FRFCFS
    RefreshManager:
      impl: AllBank



Frontend:
  impl: GEM5

[2026-03-12 13:40:32.354] [info] Row hits: 4546603, Row misses: 23831, Row conflicts: 1522593
MemorySystem:
  impl: GenericDRAM
  total_num_other_requests: 0
  total_num_write_requests: 189687
  total_num_read_requests: 5903761
  memory_system_cycles: 9484052
  DRAM:
    impl: HBM2
  AddrMapper:
    impl: RoBaRaCoCh
  Controller:
    impl: Generic
    id: Channel 0
    Scheduler:
      impl: FRFCFS
    RefreshManager:
      impl: AllBank



Frontend:
  impl: GEM5

[2026-03-12 13:40:32.354] [info] Row hits: 4498777, Row misses: 24020, Row conflicts: 1570501
MemorySystem:
  impl: GenericDRAM
  total_num_other_requests: 0
  total_num_write_requests: 189686
  total_num_read_requests: 5904060
  memory_system_cycles: 9484052
  DRAM:
    impl: HBM2
  AddrMapper:
    impl: RoBaRaCoCh
  Controller:
    impl: Generic
    id: Channel 0
    Scheduler:
      impl: FRFCFS
    RefreshManager:
      impl: AllBank



Frontend:
  impl: GEM5

[2026-03-12 13:40:32.354] [info] Row hits: 4500975, Row misses: 23159, Row conflicts: 1569221
MemorySystem:
  impl: GenericDRAM
  total_num_other_requests: 0
  total_num_write_requests: 189694
  total_num_read_requests: 5904090
  memory_system_cycles: 9484052
  DRAM:
    impl: HBM2
  AddrMapper:
    impl: RoBaRaCoCh
  Controller:
    impl: Generic
    id: Channel 0
    Scheduler:
      impl: FRFCFS
    RefreshManager:
      impl: AllBank



Frontend:
  impl: GEM5

[2026-03-12 13:40:32.354] [info] Row hits: 4543813, Row misses: 23650, Row conflicts: 1525661
MemorySystem:
  impl: GenericDRAM
  total_num_other_requests: 0
  total_num_write_requests: 189683
  total_num_read_requests: 5903847
  memory_system_cycles: 9484052
  DRAM:
    impl: HBM2
  AddrMapper:
    impl: RoBaRaCoCh
  Controller:
    impl: Generic
    id: Channel 0
    Scheduler:
      impl: FRFCFS
    RefreshManager:
      impl: AllBank



Frontend:
  impl: GEM5

[2026-03-12 13:40:32.354] [info] Row hits: 4494209, Row misses: 22991, Row conflicts: 1576172
MemorySystem:
  impl: GenericDRAM
  total_num_other_requests: 0
  total_num_write_requests: 189670
  total_num_read_requests: 5904071
  memory_system_cycles: 9484052
  DRAM:
    impl: HBM2
  AddrMapper:
    impl: RoBaRaCoCh
  Controller:
    impl: Generic
    id: Channel 0
    Scheduler:
      impl: FRFCFS
    RefreshManager:
      impl: AllBank



Frontend:
  impl: GEM5

[2026-03-12 13:40:32.354] [info] Row hits: 4535801, Row misses: 22720, Row conflicts: 1534568
MemorySystem:
  impl: GenericDRAM
  total_num_other_requests: 0
  total_num_write_requests: 189665
  total_num_read_requests: 5903861
  memory_system_cycles: 9484052
  DRAM:
    impl: HBM2
  AddrMapper:
    impl: RoBaRaCoCh
  Controller:
    impl: Generic
    id: Channel 0
    Scheduler:
      impl: FRFCFS
    RefreshManager:
      impl: AllBank



Frontend:
  impl: GEM5

[2026-03-12 13:40:32.354] [info] Row hits: 4541344, Row misses: 23264, Row conflicts: 1528457
MemorySystem:
  impl: GenericDRAM
  total_num_other_requests: 0
  total_num_write_requests: 189668
  total_num_read_requests: 5903817
  memory_system_cycles: 9484052
  DRAM:
    impl: HBM2
  AddrMapper:
    impl: RoBaRaCoCh
  Controller:
    impl: Generic
    id: Channel 0
    Scheduler:
      impl: FRFCFS
    RefreshManager:
      impl: AllBank



Frontend:
  impl: GEM5

[2026-03-12 13:40:32.354] [info] Row hits: 4494010, Row misses: 23086, Row conflicts: 1576234
MemorySystem:
  impl: GenericDRAM
  total_num_other_requests: 0
  total_num_write_requests: 189664
  total_num_read_requests: 5904039
  memory_system_cycles: 9484052
  DRAM:
    impl: HBM2
  AddrMapper:
    impl: RoBaRaCoCh
  Controller:
    impl: Generic
    id: Channel 0
    Scheduler:
      impl: FRFCFS
    RefreshManager:
      impl: AllBank



[2026-03-12 13:40:32.354] [info] ===== L2 BANK 0 =====
[2026-03-12 13:40:32.354] [info] Total cycles: 9484052
[2026-03-12 13:40:32.354] [info] Hits:228 Misses:5999203 HitRate:0.0000
[2026-03-12 13:40:32.354] [info] ReadHits:228 WriteHits:0
[2026-03-12 13:40:32.354] [info] Evictions:1531326 Writebacks:95201
[2026-03-12 13:40:32.354] [info] ===== L2 BANK 1 =====
[2026-03-12 13:40:32.354] [info] Total cycles: 9484052
[2026-03-12 13:40:32.354] [info] Hits:289 Misses:5998926 HitRate:0.0000
[2026-03-12 13:40:32.354] [info] ReadHits:289 WriteHits:0
[2026-03-12 13:40:32.354] [info] Evictions:1531049 Writebacks:95197
[2026-03-12 13:40:32.354] [info] ===== L2 BANK 2 =====
[2026-03-12 13:40:32.354] [info] Total cycles: 9484052
[2026-03-12 13:40:32.354] [info] Hits:206 Misses:5999009 HitRate:0.0000
[2026-03-12 13:40:32.354] [info] ReadHits:206 WriteHits:0
[2026-03-12 13:40:32.354] [info] Evictions:1531133 Writebacks:95197
[2026-03-12 13:40:32.354] [info] ===== L2 BANK 3 =====
[2026-03-12 13:40:32.354] [info] Total cycles: 9484052
[2026-03-12 13:40:32.354] [info] Hits:150 Misses:5999281 HitRate:0.0000
[2026-03-12 13:40:32.354] [info] ReadHits:150 WriteHits:0
[2026-03-12 13:40:32.354] [info] Evictions:1531405 Writebacks:95201
[2026-03-12 13:40:32.354] [info] ===== L2 BANK 4 =====
[2026-03-12 13:40:32.354] [info] Total cycles: 9484052
[2026-03-12 13:40:32.354] [info] Hits:177 Misses:5999038 HitRate:0.0000
[2026-03-12 13:40:32.354] [info] ReadHits:177 WriteHits:0
[2026-03-12 13:40:32.354] [info] Evictions:1531162 Writebacks:95197
[2026-03-12 13:40:32.354] [info] ===== L2 BANK 5 =====
[2026-03-12 13:40:32.354] [info] Total cycles: 9484052
[2026-03-12 13:40:32.354] [info] Hits:221 Misses:5999210 HitRate:0.0000
[2026-03-12 13:40:32.354] [info] ReadHits:221 WriteHits:0
[2026-03-12 13:40:32.354] [info] Evictions:1531323 Writebacks:95201
[2026-03-12 13:40:32.354] [info] ===== L2 BANK 6 =====
[2026-03-12 13:40:32.354] [info] Total cycles: 9484052
[2026-03-12 13:40:32.354] [info] Hits:193 Misses:5999238 HitRate:0.0000
[2026-03-12 13:40:32.354] [info] ReadHits:193 WriteHits:0
[2026-03-12 13:40:32.354] [info] Evictions:1531349 Writebacks:95201
[2026-03-12 13:40:32.354] [info] ===== L2 BANK 7 =====
[2026-03-12 13:40:32.354] [info] Total cycles: 9484052
[2026-03-12 13:40:32.354] [info] Hits:176 Misses:5999039 HitRate:0.0000
[2026-03-12 13:40:32.354] [info] ReadHits:176 WriteHits:0
[2026-03-12 13:40:32.354] [info] Evictions:1531174 Writebacks:95197
[2026-03-12 13:40:32.354] [info] ===== L2 BANK 8 =====
[2026-03-12 13:40:32.354] [info] Total cycles: 9484052
[2026-03-12 13:40:32.354] [info] Hits:256 Misses:5998959 HitRate:0.0000
[2026-03-12 13:40:32.354] [info] ReadHits:256 WriteHits:0
[2026-03-12 13:40:32.354] [info] Evictions:1531095 Writebacks:95197
[2026-03-12 13:40:32.354] [info] ===== L2 BANK 9 =====
[2026-03-12 13:40:32.354] [info] Total cycles: 9484052
[2026-03-12 13:40:32.354] [info] Hits:169 Misses:5999262 HitRate:0.0000
[2026-03-12 13:40:32.354] [info] ReadHits:169 WriteHits:0
[2026-03-12 13:40:32.354] [info] Evictions:1531375 Writebacks:95201
[2026-03-12 13:40:32.354] [info] ===== L2 BANK 10 =====
[2026-03-12 13:40:32.354] [info] Total cycles: 9484052
[2026-03-12 13:40:32.354] [info] Hits:139 Misses:5999292 HitRate:0.0000
[2026-03-12 13:40:32.354] [info] ReadHits:139 WriteHits:0
[2026-03-12 13:40:32.354] [info] Evictions:1531404 Writebacks:95201
[2026-03-12 13:40:32.354] [info] ===== L2 BANK 11 =====
[2026-03-12 13:40:32.354] [info] Total cycles: 9484052
[2026-03-12 13:40:32.354] [info] Hits:170 Misses:5999045 HitRate:0.0000
[2026-03-12 13:40:32.354] [info] ReadHits:170 WriteHits:0
[2026-03-12 13:40:32.354] [info] Evictions:1531169 Writebacks:95197
[2026-03-12 13:40:32.354] [info] ===== L2 BANK 12 =====
[2026-03-12 13:40:32.354] [info] Total cycles: 9484052
[2026-03-12 13:40:32.354] [info] Hits:158 Misses:5999273 HitRate:0.0000
[2026-03-12 13:40:32.354] [info] ReadHits:158 WriteHits:0
[2026-03-12 13:40:32.354] [info] Evictions:1531397 Writebacks:95201
[2026-03-12 13:40:32.354] [info] ===== L2 BANK 13 =====
[2026-03-12 13:40:32.354] [info] Total cycles: 9484052
[2026-03-12 13:40:32.354] [info] Hits:156 Misses:5999059 HitRate:0.0000
[2026-03-12 13:40:32.354] [info] ReadHits:156 WriteHits:0
[2026-03-12 13:40:32.354] [info] Evictions:1531183 Writebacks:95197
[2026-03-12 13:40:32.354] [info] ===== L2 BANK 14 =====
[2026-03-12 13:40:32.354] [info] Total cycles: 9484052
[2026-03-12 13:40:32.354] [info] Hits:200 Misses:5999015 HitRate:0.0000
[2026-03-12 13:40:32.354] [info] ReadHits:200 WriteHits:0
[2026-03-12 13:40:32.354] [info] Evictions:1531139 Writebacks:95197
[2026-03-12 13:40:32.354] [info] ===== L2 BANK 15 =====
[2026-03-12 13:40:32.354] [info] Total cycles: 9484052
[2026-03-12 13:40:32.354] [info] Hits:190 Misses:5999241 HitRate:0.0000
[2026-03-12 13:40:32.354] [info] ReadHits:190 WriteHits:0
[2026-03-12 13:40:32.354] [info] Evictions:1531376 Writebacks:95201
[2026-03-12 13:40:32.354] [info] Simulation time: 706.991662 seconds
[2026-03-12 13:40:32.354] [info] no.of tiles :[705.87258842]
[2026-03-12 13:40:32.354] [info] Total tile: 712, simulated tile per seconds(TPS): 1.008681
