[2026-03-31 18:09:14.528] [info] CPU 0: Partition 0
[2026-03-31 18:09:14.528] [info] CPU 1: Partition 0
[2026-03-31 18:09:14.528] [info] CPU 2: Partition 0
[2026-03-31 18:09:14.528] [info] CPU 3: Partition 0
[2026-03-31 18:09:14.528] [info] Running in default mode
[2026-03-31 18:09:14.528] [info] Simulator Configuration:
[2026-03-31 18:09:14.528] [info] [Core 0] Systolic Array Throughput: 131072 GFLOPS, Spad size: 32768 KB, Accumulator size: 4096 KB
[2026-03-31 18:09:14.528] [info] [Core 1] Systolic Array Throughput: 131072 GFLOPS, Spad size: 32768 KB, Accumulator size: 4096 KB
[2026-03-31 18:09:14.528] [info] [Core 2] Systolic Array Throughput: 131072 GFLOPS, Spad size: 32768 KB, Accumulator size: 4096 KB
[2026-03-31 18:09:14.528] [info] [Core 3] Systolic Array Throughput: 131072 GFLOPS, Spad size: 32768 KB, Accumulator size: 4096 KB
[2026-03-31 18:09:14.528] [info] DRAM Bandwidth 614 GB/s
[2026-03-31 18:09:14.528] [info] Ramulator2 config: ./configs/../configs/ramulator2_configs/HBM2.yaml
[2026-03-31 18:09:14.535] [info] Initialize SimpleInterconnect
[2026-03-31 18:09:14.537] [info] ICNT print interval: 8000 cycles
[2026-03-31 18:09:14.537] [info] num cores : [4]
[2026-03-31 18:09:14.537] [info] Register model: mamba-130m-s256-b2
[2026-03-31 18:09:14.537] [info] Model Name
[2026-03-31 18:09:14.616] [info] has_l2,[false]
[2026-03-31 18:09:14.616] [info] ======Start Simulation=====
[2026-03-31 18:09:14.616] [info] Model Name: mamba-130m-s256-b2 model started
[2026-03-31 18:09:14.655] [info] [GEMM] spad_size: 33554432 accum_size: 4194304
[2026-03-31 18:09:14.655] [info] [GEMM] required_sram_size: 1179648 required_accum_size: 262144
[2026-03-31 18:09:14.655] [info] [GEMM] Used gemmini gemm mapping: Total N:256 C:768 M:3072, Outer N:1 C:1 M:6, Inner N:256 C:768 M:512
[2026-03-31 18:09:14.683] [info] [GemmWs] Keys K = 768, N = 256, M = 3072
[2026-03-31 18:09:14.683] [info] [GemmWS]: total 1.2087461 GFLOPs, 0.006690816 GB
[2026-03-31 18:09:14.683] [info] [GemmWS]: Theoretical time(ms): 0.010897094398387708 Compute time: 0.009222000699082855 Memory time: 0.010897094398387708
[2026-03-31 18:09:14.697] [info] [GEMM] spad_size: 33554432 accum_size: 4194304
[2026-03-31 18:09:14.697] [info] [GEMM] required_sram_size: 4718592 required_accum_size: 65536
[2026-03-31 18:09:14.697] [info] [GEMM] Used gemmini gemm mapping: Total N:256 C:6144 M:1536, Outer N:1 C:1 M:12, Inner N:256 C:6144 M:128
[2026-03-31 18:09:14.951] [info] [GemmWs] Keys K = 6144, N = 256, M = 1536
[2026-03-31 18:09:14.951] [info] [GemmWS]: total 4.832232 GFLOPs, 0.022809599 GB
[2026-03-31 18:09:14.951] [info] [GemmWS]: Theoretical time(ms): 0.037149184208828956 Compute time: 0.03686700438265689 Memory time: 0.037149184208828956
[2026-03-31 18:09:14.957] [info] [GEMM] spad_size: 33554432 accum_size: 4194304
[2026-03-31 18:09:14.957] [info] [GEMM] required_sram_size: 393216 required_accum_size: 0
[2026-03-31 18:09:14.957] [info] [GEMM] Used gemmini gemm mapping: Total N:256 C:1536 M:80, Outer N:0 C:1 M:1, Inner N:0 C:1536 M:128
[2026-03-31 18:09:14.957] [info] [GemmWs] Keys K = 1536, N = 256, M = 80
[2026-03-31 18:09:14.957] [info] [GemmWS]: total 0.06293504 GFLOPs, 0.0010733119 GB
[2026-03-31 18:09:14.957] [info] [GemmWS]: Theoretical time(ms): 0.0017480649603385245 Compute time: 0.0004801562454304076 Memory time: 0.0017480649603385245
[2026-03-31 18:09:14.958] [info] [GEMM] spad_size: 33554432 accum_size: 4194304
[2026-03-31 18:09:14.958] [info] [GEMM] required_sram_size: 98304 required_accum_size: 65536
[2026-03-31 18:09:14.958] [info] [GEMM] Used gemmini gemm mapping: Total N:256 C:16 M:1536, Outer N:1 C:1 M:12, Inner N:256 C:128 M:128
[2026-03-31 18:09:14.960] [info] [GemmWs] Keys K = 16, N = 256, M = 1536
[2026-03-31 18:09:14.960] [info] [GemmWS]: total 0.012976128 GFLOPs, 0.000846848 GB
[2026-03-31 18:09:14.960] [info] [GemmWS]: Theoretical time(ms): 0.0013792313211524743 Compute time: 9.899999753315569e-05 Memory time: 0.0013792313211524743
[2026-03-31 18:09:14.987] [info] [GEMM] spad_size: 33554432 accum_size: 4194304
[2026-03-31 18:09:14.987] [info] [GEMM] required_sram_size: 1179648 required_accum_size: 65536
[2026-03-31 18:09:14.987] [info] [GEMM] Used gemmini gemm mapping: Total N:256 C:1536 M:768, Outer N:1 C:1 M:6, Inner N:256 C:1536 M:128
[2026-03-31 18:09:15.010] [info] [GemmWs] Keys K = 1536, N = 256, M = 768
[2026-03-31 18:09:15.010] [info] [GemmWS]: total 0.60417646 GFLOPs, 0.00354048 GB
[2026-03-31 18:09:15.010] [info] [GemmWS]: Theoretical time(ms): 0.005766254162153928 Compute time: 0.004609500592778204 Memory time: 0.005766254162153928
[2026-03-31 18:09:15.036] [info] [GemmWs] Keys K = 768, N = 256, M = 3072
[2026-03-31 18:09:15.036] [info] [GemmWS]: total 1.2087461 GFLOPs, 0.006690816 GB
[2026-03-31 18:09:15.036] [info] [GemmWS]: Theoretical time(ms): 0.010897094398387708 Compute time: 0.009222000699082855 Memory time: 0.010897094398387708
[2026-03-31 18:09:15.265] [info] [GemmWs] Keys K = 6144, N = 256, M = 1536
[2026-03-31 18:09:15.265] [info] [GemmWS]: total 4.832232 GFLOPs, 0.022809599 GB
[2026-03-31 18:09:15.265] [info] [GemmWS]: Theoretical time(ms): 0.037149184208828956 Compute time: 0.03686700438265689 Memory time: 0.037149184208828956
[2026-03-31 18:09:15.271] [info] [GemmWs] Keys K = 1536, N = 256, M = 80
[2026-03-31 18:09:15.271] [info] [GemmWS]: total 0.06293504 GFLOPs, 0.0010733119 GB
[2026-03-31 18:09:15.271] [info] [GemmWS]: Theoretical time(ms): 0.0017480649603385245 Compute time: 0.0004801562454304076 Memory time: 0.0017480649603385245
[2026-03-31 18:09:15.274] [info] [GemmWs] Keys K = 16, N = 256, M = 1536
[2026-03-31 18:09:15.274] [info] [GemmWS]: total 0.012976128 GFLOPs, 0.000846848 GB
[2026-03-31 18:09:15.274] [info] [GemmWS]: Theoretical time(ms): 0.0013792313211524743 Compute time: 9.899999753315569e-05 Memory time: 0.0013792313211524743
[2026-03-31 18:09:15.325] [info] [GemmWs] Keys K = 1536, N = 256, M = 768
[2026-03-31 18:09:15.325] [info] [GemmWS]: total 0.60417646 GFLOPs, 0.00354048 GB
[2026-03-31 18:09:15.325] [info] [GemmWS]: Theoretical time(ms): 0.005766254162153928 Compute time: 0.004609500592778204 Memory time: 0.005766254162153928
[2026-03-31 18:09:15.325] [info] ./models/mamba-130m-s256-b2/mamba-130m-s256-b2.onnx Model initialization time: 0.709324 seconds
[2026-03-31 18:09:15.328] [info] Schedule model: mamba-130m-s256-b2 at 1000 us
[2026-03-31 18:09:15.328] [info] MODEL mamba-130m-s256-b2 Scheduled, Total Request: 1
[2026-03-31 18:09:15.328] [info] executable layer count 25
[2026-03-31 18:09:15.328] [info] Start layer Identity_16
[2026-03-31 18:09:15.328] [info] Issue tile Identity_16 on core 0, spad_id 1, accum_spad_id 1
[2026-03-31 18:09:15.328] [info] HBM2-CH_0: BW utilization 0% (0 reads, 0 writes)
[2026-03-31 18:09:15.414] [info] HBM2-CH_0: BW utilization 0% (3 reads, 3 writes)
[2026-03-31 18:09:15.414] [info] Layer Identity_16 finish at 8000
[2026-03-31 18:09:15.414] [info] Total compute time 8000
[2026-03-31 18:09:15.414] [info] executable layer count 24
[2026-03-31 18:09:15.414] [info] Start layer Identity_17
[2026-03-31 18:09:15.414] [info] Issue tile Identity_17 on core 1, spad_id 1, accum_spad_id 1
[2026-03-31 18:09:15.501] [info] HBM2-CH_0: BW utilization 0% (6 reads, 7 writes)
[2026-03-31 18:09:15.501] [info] Layer Identity_17 finish at 16000
[2026-03-31 18:09:15.501] [info] Total compute time 8000
[2026-03-31 18:09:15.501] [info] executable layer count 23
[2026-03-31 18:09:15.501] [info] Start layer Identity_18
[2026-03-31 18:09:15.501] [info] Issue tile Identity_18 on core 2, spad_id 1, accum_spad_id 1
[2026-03-31 18:09:15.589] [info] HBM2-CH_0: BW utilization 0% (0 reads, 0 writes)
[2026-03-31 18:09:15.589] [info] Layer Identity_18 finish at 24000
[2026-03-31 18:09:15.589] [info] Total compute time 8000
[2026-03-31 18:09:15.589] [info] executable layer count 22
[2026-03-31 18:09:15.589] [info] Start layer Identity_19
[2026-03-31 18:09:15.589] [info] Issue tile Identity_19 on core 3, spad_id 1, accum_spad_id 1
[2026-03-31 18:09:15.675] [info] HBM2-CH_0: BW utilization 0% (6 reads, 5 writes)
[2026-03-31 18:09:15.675] [info] Layer Identity_19 finish at 32000
[2026-03-31 18:09:15.675] [info] Total compute time 8000
[2026-03-31 18:09:15.675] [info] executable layer count 22
[2026-03-31 18:09:15.675] [info] Start layer Identity_20
[2026-03-31 18:09:15.761] [info] HBM2-CH_0: BW utilization 0% (12 reads, 12 writes)
[2026-03-31 18:09:15.762] [info] Layer Identity_20 finish at 40000
[2026-03-31 18:09:15.762] [info] Total compute time 8000
[2026-03-31 18:09:15.762] [info] executable layer count 21
[2026-03-31 18:09:15.762] [info] Start layer Identity_21
[2026-03-31 18:09:15.762] [info] Issue tile Identity_21 on core 1, spad_id 1, accum_spad_id 1
[2026-03-31 18:09:15.849] [info] HBM2-CH_0: BW utilization 0% (6 reads, 7 writes)
[2026-03-31 18:09:15.849] [info] Layer Identity_21 finish at 48000
[2026-03-31 18:09:15.849] [info] Total compute time 8000
[2026-03-31 18:09:15.849] [info] executable layer count 20
[2026-03-31 18:09:15.849] [info] Start layer Identity_22
[2026-03-31 18:09:15.849] [info] Issue tile Identity_22 on core 2, spad_id 1, accum_spad_id 1
[2026-03-31 18:09:15.938] [info] HBM2-CH_0: BW utilization 0% (6 reads, 6 writes)
[2026-03-31 18:09:15.938] [info] Layer Identity_22 finish at 56000
[2026-03-31 18:09:15.938] [info] Total compute time 8000
[2026-03-31 18:09:15.938] [info] executable layer count 19
[2026-03-31 18:09:15.938] [info] Start layer /blocks.0/in_proj/Gemm
[2026-03-31 18:09:15.938] [info] Issue tile Gemm on core 2, spad_id 1, accum_spad_id 1
[2026-03-31 18:09:15.938] [info] Issue tile Gemm on core 3, spad_id 1, accum_spad_id 1
[2026-03-31 18:09:16.384] [info] HBM2-CH_0: BW utilization 71% (6886 reads, 0 writes)
[2026-03-31 18:09:16.918] [info] HBM2-CH_0: BW utilization 60% (5344 reads, 506 writes)
[2026-03-31 18:09:17.400] [info] HBM2-CH_0: BW utilization 42% (1600 reads, 2499 writes)
[2026-03-31 18:09:17.402] [info] Layer /blocks.0/in_proj/Gemm finish at 80000
[2026-03-31 18:09:17.402] [info] Total compute time 24000
[2026-03-31 18:09:17.402] [info] executable layer count 18
[2026-03-31 18:09:17.402] [info] Start layer /blocks.0/Constant
[2026-03-31 18:09:17.493] [info] HBM2-CH_0: BW utilization 0% (1 reads, 67 writes)
[2026-03-31 18:09:17.493] [info] Layer /blocks.0/Constant finish at 88000
[2026-03-31 18:09:17.493] [info] Total compute time 8000
[2026-03-31 18:09:17.493] [info] executable layer count 17
[2026-03-31 18:09:17.493] [info] Start layer /blocks.0/Constant_1
[2026-03-31 18:09:17.493] [info] Issue tile /blocks.0/Constant_1 on core 2, spad_id 1, accum_spad_id 1
[2026-03-31 18:09:17.581] [info] HBM2-CH_0: BW utilization 0% (1 reads, 0 writes)
[2026-03-31 18:09:17.582] [info] Layer /blocks.0/Constant_1 finish at 96000
[2026-03-31 18:09:17.582] [info] Total compute time 8000
[2026-03-31 18:09:17.582] [info] executable layer count 16
[2026-03-31 18:09:17.582] [info] Start layer /blocks.0/Constant_2
[2026-03-31 18:09:17.582] [info] Issue tile /blocks.0/Constant_2 on core 3, spad_id 1, accum_spad_id 1
[2026-03-31 18:09:17.668] [info] HBM2-CH_0: BW utilization 0% (1 reads, 0 writes)
[2026-03-31 18:09:17.669] [info] Layer /blocks.0/Constant_2 finish at 104000
[2026-03-31 18:09:17.669] [info] Total compute time 8000
[2026-03-31 18:09:17.669] [info] executable layer count 15
[2026-03-31 18:09:17.669] [info] Start layer /blocks.0/Constant_3
[2026-03-31 18:09:17.753] [info] HBM2-CH_0: BW utilization 0% (1 reads, 0 writes)
[2026-03-31 18:09:17.754] [info] Layer /blocks.0/Constant_3 finish at 112000
[2026-03-31 18:09:17.754] [info] Total compute time 8000
[2026-03-31 18:09:17.754] [info] executable layer count 15
[2026-03-31 18:09:17.754] [info] Start layer /blocks.0/conv_proj/Gemm
[2026-03-31 18:09:17.754] [info] Issue tile Gemm on core 1, spad_id 1, accum_spad_id 1
[2026-03-31 18:09:17.754] [info] Issue tile Gemm on core 2, spad_id 1, accum_spad_id 1
[2026-03-31 18:09:17.754] [info] Issue tile Gemm on core 3, spad_id 1, accum_spad_id 1
[2026-03-31 18:09:18.273] [info] HBM2-CH_0: BW utilization 59% (5701 reads, 0 writes)
[2026-03-31 18:09:18.790] [info] HBM2-CH_0: BW utilization 60% (5791 reads, 0 writes)
[2026-03-31 18:09:19.123] [info] HBM2-CH_0: BW utilization 83% (8012 reads, 0 writes)
[2026-03-31 18:09:19.341] [info] HBM2-CH_0: BW utilization 83% (7999 reads, 0 writes)
[2026-03-31 18:09:19.552] [info] HBM2-CH_0: BW utilization 83% (7996 reads, 0 writes)
[2026-03-31 18:09:20.035] [info] HBM2-CH_0: BW utilization 64% (6150 reads, 0 writes)
[2026-03-31 18:09:20.526] [info] HBM2-CH_0: BW utilization 60% (5814 reads, 0 writes)
[2026-03-31 18:09:20.531] [info] Issue tile Gemm on core 0, spad_id 1, accum_spad_id 1
[2026-03-31 18:09:20.531] [info] Issue tile Gemm on core 1, spad_id 1, accum_spad_id 1
[2026-03-31 18:09:20.531] [info] Issue tile Gemm on core 2, spad_id 1, accum_spad_id 1
[2026-03-31 18:09:20.531] [info] Issue tile Gemm on core 3, spad_id 1, accum_spad_id 1
[2026-03-31 18:09:20.975] [info] HBM2-CH_0: BW utilization 80% (7688 reads, 0 writes)
[2026-03-31 18:09:21.203] [info] HBM2-CH_0: BW utilization 83% (7997 reads, 0 writes)
[2026-03-31 18:09:21.431] [info] HBM2-CH_0: BW utilization 83% (7996 reads, 0 writes)
[2026-03-31 18:09:21.860] [info] HBM2-CH_0: BW utilization 68% (6046 reads, 500 writes)
[2026-03-31 18:09:22.403] [info] HBM2-CH_0: BW utilization 60% (5851 reads, 0 writes)
[2026-03-31 18:09:22.893] [info] HBM2-CH_0: BW utilization 75% (7237 reads, 0 writes)
[2026-03-31 18:09:23.133] [info] HBM2-CH_0: BW utilization 83% (7998 reads, 0 writes)
[2026-03-31 18:09:23.394] [info] HBM2-CH_0: BW utilization 83% (7995 reads, 0 writes)
[2026-03-31 18:09:23.629] [info] HBM2-CH_0: BW utilization 53% (4327 reads, 775 writes)
[2026-03-31 18:09:23.729] [info] HBM2-CH_0: BW utilization 2% (0 reads, 261 writes)
[2026-03-31 18:09:23.730] [info] Layer /blocks.0/conv_proj/Gemm finish at 248000
[2026-03-31 18:09:23.730] [info] Total compute time 136000
[2026-03-31 18:09:23.730] [info] executable layer count 15
[2026-03-31 18:09:23.730] [info] Start layer /blocks.0/Constant_4
[2026-03-31 18:09:23.820] [info] HBM2-CH_0: BW utilization 0% (1 reads, 0 writes)
[2026-03-31 18:09:23.821] [info] Layer /blocks.0/Constant_4 finish at 256000
[2026-03-31 18:09:23.821] [info] Total compute time 8000
[2026-03-31 18:09:23.821] [info] executable layer count 14
[2026-03-31 18:09:23.821] [info] Start layer /blocks.0/Constant_5
[2026-03-31 18:09:23.910] [info] HBM2-CH_0: BW utilization 0% (1 reads, 0 writes)
[2026-03-31 18:09:23.911] [info] Layer /blocks.0/Constant_5 finish at 264000
[2026-03-31 18:09:23.911] [info] Total compute time 8000
[2026-03-31 18:09:23.911] [info] executable layer count 13
[2026-03-31 18:09:23.911] [info] Start layer /blocks.0/Constant_6
[2026-03-31 18:09:23.911] [info] Issue tile /blocks.0/Constant_6 on core 3, spad_id 1, accum_spad_id 1
[2026-03-31 18:09:23.999] [info] HBM2-CH_0: BW utilization 0% (1 reads, 0 writes)
[2026-03-31 18:09:24.001] [info] Layer /blocks.0/Constant_6 finish at 272000
[2026-03-31 18:09:24.001] [info] Total compute time 8000
[2026-03-31 18:09:24.001] [info] executable layer count 12
[2026-03-31 18:09:24.001] [info] Start layer /blocks.0/Constant_7
[2026-03-31 18:09:24.094] [info] HBM2-CH_0: BW utilization 0% (1 reads, 0 writes)
[2026-03-31 18:09:24.095] [info] Layer /blocks.0/Constant_7 finish at 280000
[2026-03-31 18:09:24.095] [info] Total compute time 8000
[2026-03-31 18:09:24.095] [info] executable layer count 11
[2026-03-31 18:09:24.095] [info] Start layer /blocks.1/Constant
[2026-03-31 18:09:24.095] [info] Issue tile /blocks.1/Constant on core 2, spad_id 1, accum_spad_id 1
[2026-03-31 18:09:24.189] [info] HBM2-CH_0: BW utilization 0% (1 reads, 0 writes)
[2026-03-31 18:09:24.190] [info] Layer /blocks.1/Constant finish at 288000
[2026-03-31 18:09:24.190] [info] Total compute time 8000
[2026-03-31 18:09:24.190] [info] executable layer count 10
[2026-03-31 18:09:24.190] [info] Start layer /blocks.1/Constant_1
[2026-03-31 18:09:24.280] [info] HBM2-CH_0: BW utilization 0% (1 reads, 0 writes)
[2026-03-31 18:09:24.282] [info] Layer /blocks.1/Constant_1 finish at 296000
[2026-03-31 18:09:24.282] [info] Total compute time 8000
[2026-03-31 18:09:24.282] [info] executable layer count 9
[2026-03-31 18:09:24.282] [info] Start layer /blocks.1/Constant_2
[2026-03-31 18:09:24.282] [info] Issue tile /blocks.1/Constant_2 on core 3, spad_id 1, accum_spad_id 1
[2026-03-31 18:09:24.373] [info] HBM2-CH_0: BW utilization 0% (1 reads, 0 writes)
[2026-03-31 18:09:24.374] [info] Layer /blocks.1/Constant_2 finish at 304000
[2026-03-31 18:09:24.374] [info] Total compute time 8000
[2026-03-31 18:09:24.374] [info] executable layer count 8
[2026-03-31 18:09:24.374] [info] Start layer /blocks.1/Constant_3
[2026-03-31 18:09:24.465] [info] HBM2-CH_0: BW utilization 0% (1 reads, 0 writes)
[2026-03-31 18:09:24.467] [info] Layer /blocks.1/Constant_3 finish at 312000
[2026-03-31 18:09:24.467] [info] Total compute time 8000
[2026-03-31 18:09:24.467] [info] executable layer count 7
[2026-03-31 18:09:24.467] [info] Start layer /blocks.1/Constant_4
[2026-03-31 18:09:24.467] [info] Issue tile /blocks.1/Constant_4 on core 2, spad_id 1, accum_spad_id 1
[2026-03-31 18:09:24.557] [info] HBM2-CH_0: BW utilization 0% (1 reads, 1 writes)
[2026-03-31 18:09:24.559] [info] Layer /blocks.1/Constant_4 finish at 320000
[2026-03-31 18:09:24.559] [info] Total compute time 8000
[2026-03-31 18:09:24.559] [info] executable layer count 6
[2026-03-31 18:09:24.559] [info] Start layer /blocks.1/Constant_5
[2026-03-31 18:09:24.649] [info] HBM2-CH_0: BW utilization 0% (1 reads, 0 writes)
[2026-03-31 18:09:24.650] [info] Layer /blocks.1/Constant_5 finish at 328000
[2026-03-31 18:09:24.650] [info] Total compute time 8000
[2026-03-31 18:09:24.650] [info] executable layer count 5
[2026-03-31 18:09:24.650] [info] Start layer /blocks.1/Constant_6
[2026-03-31 18:09:24.650] [info] Issue tile /blocks.1/Constant_6 on core 3, spad_id 1, accum_spad_id 1
[2026-03-31 18:09:24.742] [info] HBM2-CH_0: BW utilization 0% (1 reads, 0 writes)
[2026-03-31 18:09:24.743] [info] Layer /blocks.1/Constant_6 finish at 336000
[2026-03-31 18:09:24.743] [info] Total compute time 8000
[2026-03-31 18:09:24.743] [info] executable layer count 4
[2026-03-31 18:09:24.743] [info] Start layer /blocks.1/Constant_7
[2026-03-31 18:09:24.835] [info] HBM2-CH_0: BW utilization 0% (1 reads, 0 writes)
[2026-03-31 18:09:24.837] [info] Layer /blocks.1/Constant_7 finish at 344000
[2026-03-31 18:09:24.837] [info] Total compute time 8000
[2026-03-31 18:09:24.837] [info] executable layer count 3
[2026-03-31 18:09:24.837] [info] Start layer /blocks.1/conv_proj/Gemm
[2026-03-31 18:09:24.837] [info] Issue tile Gemm on core 1, spad_id 1, accum_spad_id 1
[2026-03-31 18:09:24.837] [info] Issue tile Gemm on core 2, spad_id 1, accum_spad_id 1
[2026-03-31 18:09:24.837] [info] Issue tile Gemm on core 3, spad_id 1, accum_spad_id 1
[2026-03-31 18:09:25.395] [info] HBM2-CH_0: BW utilization 61% (5899 reads, 0 writes)
[2026-03-31 18:09:25.941] [info] HBM2-CH_0: BW utilization 63% (6060 reads, 0 writes)
[2026-03-31 18:09:26.276] [info] HBM2-CH_0: BW utilization 85% (8223 reads, 0 writes)
[2026-03-31 18:09:26.491] [info] HBM2-CH_0: BW utilization 83% (7996 reads, 0 writes)
[2026-03-31 18:09:26.699] [info] HBM2-CH_0: BW utilization 83% (7996 reads, 0 writes)
[2026-03-31 18:09:27.133] [info] HBM2-CH_0: BW utilization 64% (6197 reads, 0 writes)
[2026-03-31 18:09:27.603] [info] HBM2-CH_0: BW utilization 63% (6070 reads, 0 writes)
[2026-03-31 18:09:27.612] [info] Issue tile Gemm on core 0, spad_id 1, accum_spad_id 1
[2026-03-31 18:09:27.612] [info] Issue tile Gemm on core 1, spad_id 1, accum_spad_id 1
[2026-03-31 18:09:27.612] [info] Issue tile Gemm on core 2, spad_id 1, accum_spad_id 1
[2026-03-31 18:09:27.612] [info] Issue tile Gemm on core 3, spad_id 1, accum_spad_id 1
[2026-03-31 18:09:28.040] [info] HBM2-CH_0: BW utilization 84% (8086 reads, 0 writes)
[2026-03-31 18:09:28.287] [info] HBM2-CH_0: BW utilization 83% (7998 reads, 0 writes)
[2026-03-31 18:09:28.538] [info] HBM2-CH_0: BW utilization 83% (7997 reads, 0 writes)
[2026-03-31 18:09:28.993] [info] HBM2-CH_0: BW utilization 66% (5840 reads, 500 writes)
[2026-03-31 18:09:29.506] [info] HBM2-CH_0: BW utilization 63% (6058 reads, 0 writes)
[2026-03-31 18:09:30.012] [info] HBM2-CH_0: BW utilization 81% (7817 reads, 0 writes)
[2026-03-31 18:09:30.277] [info] HBM2-CH_0: BW utilization 83% (7998 reads, 0 writes)
[2026-03-31 18:09:30.525] [info] HBM2-CH_0: BW utilization 83% (7998 reads, 0 writes)
[2026-03-31 18:09:30.749] [info] HBM2-CH_0: BW utilization 32% (2364 reads, 783 writes)
[2026-03-31 18:09:30.849] [info] HBM2-CH_0: BW utilization 2% (0 reads, 253 writes)
[2026-03-31 18:09:30.851] [info] Layer /blocks.1/conv_proj/Gemm finish at 480000
[2026-03-31 18:09:30.851] [info] Total compute time 136000
[2026-03-31 18:09:30.851] [info] executable layer count 3
[2026-03-31 18:09:30.851] [info] Start layer /blocks.0/Slice
[2026-03-31 18:09:31.199] [info] HBM2-CH_0: BW utilization 64% (3072 reads, 3072 writes)
[2026-03-31 18:09:31.202] [info] Layer /blocks.0/Slice finish at 488000
[2026-03-31 18:09:31.202] [info] Total compute time 8000
[2026-03-31 18:09:31.202] [info] executable layer count 3
[2026-03-31 18:09:31.202] [info] Start layer /blocks.0/Sigmoid
[2026-03-31 18:09:31.410] [info] HBM2-CH_0: BW utilization 32% (1536 reads, 1536 writes)
[2026-03-31 18:09:31.412] [info] Layer /blocks.0/Sigmoid finish at 496000
[2026-03-31 18:09:31.412] [info] Total compute time 8000
[2026-03-31 18:09:31.412] [info] executable layer count 3
[2026-03-31 18:09:31.412] [info] Start layer /blocks.1/Sigmoid
[2026-03-31 18:09:31.412] [info] Issue tile /blocks.1/Sigmoid on core 3, spad_id 1, accum_spad_id 1
[2026-03-31 18:09:31.613] [info] HBM2-CH_0: BW utilization 32% (1536 reads, 1536 writes)
[2026-03-31 18:09:31.615] [info] Layer /blocks.1/Sigmoid finish at 504000
[2026-03-31 18:09:31.615] [info] Total compute time 8000
[2026-03-31 18:09:31.615] [info] executable layer count 3
[2026-03-31 18:09:31.615] [info] Start layer /blocks.0/Sigmoid_1
[2026-03-31 18:09:31.960] [info] HBM2-CH_0: BW utilization 64% (3072 reads, 3072 writes)
[2026-03-31 18:09:31.963] [info] Layer /blocks.0/Sigmoid_1 finish at 512000
[2026-03-31 18:09:31.963] [info] Total compute time 8000
[2026-03-31 18:09:31.963] [info] executable layer count 3
[2026-03-31 18:09:31.963] [info] Start layer /blocks.0/Mul
[2026-03-31 18:09:31.963] [info] Issue tile /blocks.0/Mul on core 1, spad_id 1, accum_spad_id 1
[2026-03-31 18:09:31.963] [info] Issue tile /blocks.0/Mul on core 2, spad_id 1, accum_spad_id 1
[2026-03-31 18:09:31.963] [info] Issue tile /blocks.0/Mul on core 3, spad_id 1, accum_spad_id 1
[2026-03-31 18:09:32.058] [info] HBM2-CH_0: BW utilization 4% (257 reads, 129 writes)
[2026-03-31 18:09:32.060] [info] Issue tile /blocks.0/Mul on core 0, spad_id 1, accum_spad_id 1
[2026-03-31 18:09:32.060] [info] Issue tile /blocks.0/Mul on core 1, spad_id 1, accum_spad_id 1
[2026-03-31 18:09:32.060] [info] Issue tile /blocks.0/Mul on core 2, spad_id 1, accum_spad_id 1
[2026-03-31 18:09:32.060] [info] Issue tile /blocks.0/Mul on core 3, spad_id 1, accum_spad_id 1
[2026-03-31 18:09:32.147] [info] HBM2-CH_0: BW utilization 1% (127 reads, 63 writes)
[2026-03-31 18:09:32.150] [info] Issue tile /blocks.0/Mul on core 0, spad_id 0, accum_spad_id 0
[2026-03-31 18:09:32.150] [info] Issue tile /blocks.0/Mul on core 1, spad_id 0, accum_spad_id 0
[2026-03-31 18:09:32.150] [info] Issue tile /blocks.0/Mul on core 2, spad_id 0, accum_spad_id 0
[2026-03-31 18:09:32.150] [info] Issue tile /blocks.0/Mul on core 3, spad_id 0, accum_spad_id 0
[2026-03-31 18:09:32.238] [info] HBM2-CH_0: BW utilization 2% (128 reads, 64 writes)
[2026-03-31 18:09:32.241] [info] Issue tile /blocks.0/Mul on core 0, spad_id 1, accum_spad_id 1
[2026-03-31 18:09:32.241] [info] Issue tile /blocks.0/Mul on core 1, spad_id 1, accum_spad_id 1
[2026-03-31 18:09:32.241] [info] Issue tile /blocks.0/Mul on core 2, spad_id 1, accum_spad_id 1
[2026-03-31 18:09:32.241] [info] Issue tile /blocks.0/Mul on core 3, spad_id 1, accum_spad_id 1
[2026-03-31 18:09:32.335] [info] HBM2-CH_0: BW utilization 2% (128 reads, 64 writes)
[2026-03-31 18:09:32.337] [info] Issue tile /blocks.0/Mul on core 0, spad_id 0, accum_spad_id 0
[2026-03-31 18:09:32.337] [info] Issue tile /blocks.0/Mul on core 1, spad_id 0, accum_spad_id 0
[2026-03-31 18:09:32.337] [info] Issue tile /blocks.0/Mul on core 2, spad_id 0, accum_spad_id 0
[2026-03-31 18:09:32.337] [info] Issue tile /blocks.0/Mul on core 3, spad_id 0, accum_spad_id 0
[2026-03-31 18:09:32.428] [info] HBM2-CH_0: BW utilization 2% (128 reads, 64 writes)
[2026-03-31 18:09:32.430] [info] Issue tile /blocks.0/Mul on core 0, spad_id 1, accum_spad_id 1
[2026-03-31 18:09:32.430] [info] Issue tile /blocks.0/Mul on core 1, spad_id 1, accum_spad_id 1
[2026-03-31 18:09:32.430] [info] Issue tile /blocks.0/Mul on core 2, spad_id 1, accum_spad_id 1
[2026-03-31 18:09:32.430] [info] Issue tile /blocks.0/Mul on core 3, spad_id 1, accum_spad_id 1
[2026-03-31 18:09:32.517] [info] HBM2-CH_0: BW utilization 2% (129 reads, 65 writes)
[2026-03-31 18:09:32.519] [info] Issue tile /blocks.0/Mul on core 0, spad_id 0, accum_spad_id 0
[2026-03-31 18:09:32.519] [info] Issue tile /blocks.0/Mul on core 1, spad_id 0, accum_spad_id 0
[2026-03-31 18:09:32.519] [info] Issue tile /blocks.0/Mul on core 2, spad_id 0, accum_spad_id 0
[2026-03-31 18:09:32.519] [info] Issue tile /blocks.0/Mul on core 3, spad_id 0, accum_spad_id 0
[2026-03-31 18:09:32.605] [info] HBM2-CH_0: BW utilization 2% (128 reads, 64 writes)
[2026-03-31 18:09:32.607] [info] Issue tile /blocks.0/Mul on core 0, spad_id 1, accum_spad_id 1
[2026-03-31 18:09:32.607] [info] Issue tile /blocks.0/Mul on core 1, spad_id 1, accum_spad_id 1
[2026-03-31 18:09:32.607] [info] Issue tile /blocks.0/Mul on core 2, spad_id 1, accum_spad_id 1
[2026-03-31 18:09:32.607] [info] Issue tile /blocks.0/Mul on core 3, spad_id 1, accum_spad_id 1
[2026-03-31 18:09:32.692] [info] HBM2-CH_0: BW utilization 2% (128 reads, 64 writes)
[2026-03-31 18:09:32.694] [info] Issue tile /blocks.0/Mul on core 0, spad_id 0, accum_spad_id 0
[2026-03-31 18:09:32.694] [info] Issue tile /blocks.0/Mul on core 1, spad_id 0, accum_spad_id 0
[2026-03-31 18:09:32.694] [info] Issue tile /blocks.0/Mul on core 2, spad_id 0, accum_spad_id 0
[2026-03-31 18:09:32.694] [info] Issue tile /blocks.0/Mul on core 3, spad_id 0, accum_spad_id 0
[2026-03-31 18:09:32.779] [info] HBM2-CH_0: BW utilization 2% (128 reads, 64 writes)
[2026-03-31 18:09:32.782] [info] Issue tile /blocks.0/Mul on core 0, spad_id 1, accum_spad_id 1
[2026-03-31 18:09:32.782] [info] Issue tile /blocks.0/Mul on core 1, spad_id 1, accum_spad_id 1
[2026-03-31 18:09:32.782] [info] Issue tile /blocks.0/Mul on core 2, spad_id 1, accum_spad_id 1
[2026-03-31 18:09:32.782] [info] Issue tile /blocks.0/Mul on core 3, spad_id 1, accum_spad_id 1
[2026-03-31 18:09:32.867] [info] HBM2-CH_0: BW utilization 1% (127 reads, 63 writes)
[2026-03-31 18:09:32.870] [info] Issue tile /blocks.0/Mul on core 0, spad_id 0, accum_spad_id 0
[2026-03-31 18:09:32.870] [info] Issue tile /blocks.0/Mul on core 1, spad_id 0, accum_spad_id 0
[2026-03-31 18:09:32.870] [info] Issue tile /blocks.0/Mul on core 2, spad_id 0, accum_spad_id 0
[2026-03-31 18:09:32.870] [info] Issue tile /blocks.0/Mul on core 3, spad_id 0, accum_spad_id 0
[2026-03-31 18:09:32.957] [info] HBM2-CH_0: BW utilization 2% (128 reads, 64 writes)
[2026-03-31 18:09:32.960] [info] Issue tile /blocks.0/Mul on core 0, spad_id 1, accum_spad_id 1
[2026-03-31 18:09:32.960] [info] Issue tile /blocks.0/Mul on core 1, spad_id 1, accum_spad_id 1
[2026-03-31 18:09:32.960] [info] Issue tile /blocks.0/Mul on core 2, spad_id 1, accum_spad_id 1
[2026-03-31 18:09:32.960] [info] Issue tile /blocks.0/Mul on core 3, spad_id 1, accum_spad_id 1
[2026-03-31 18:09:33.054] [info] HBM2-CH_0: BW utilization 2% (128 reads, 64 writes)
[2026-03-31 18:09:33.056] [info] Issue tile /blocks.0/Mul on core 0, spad_id 0, accum_spad_id 0
[2026-03-31 18:09:33.056] [info] Issue tile /blocks.0/Mul on core 1, spad_id 0, accum_spad_id 0
[2026-03-31 18:09:33.056] [info] Issue tile /blocks.0/Mul on core 2, spad_id 0, accum_spad_id 0
[2026-03-31 18:09:33.056] [info] Issue tile /blocks.0/Mul on core 3, spad_id 0, accum_spad_id 0
[2026-03-31 18:09:33.153] [info] HBM2-CH_0: BW utilization 2% (128 reads, 64 writes)
[2026-03-31 18:09:33.156] [info] Issue tile /blocks.0/Mul on core 0, spad_id 1, accum_spad_id 1
[2026-03-31 18:09:33.156] [info] Issue tile /blocks.0/Mul on core 1, spad_id 1, accum_spad_id 1
[2026-03-31 18:09:33.156] [info] Issue tile /blocks.0/Mul on core 2, spad_id 1, accum_spad_id 1
[2026-03-31 18:09:33.156] [info] Issue tile /blocks.0/Mul on core 3, spad_id 1, accum_spad_id 1
[2026-03-31 18:09:33.253] [info] HBM2-CH_0: BW utilization 2% (129 reads, 65 writes)
[2026-03-31 18:09:33.255] [info] Issue tile /blocks.0/Mul on core 0, spad_id 0, accum_spad_id 0
[2026-03-31 18:09:33.255] [info] Issue tile /blocks.0/Mul on core 1, spad_id 0, accum_spad_id 0
[2026-03-31 18:09:33.255] [info] Issue tile /blocks.0/Mul on core 2, spad_id 0, accum_spad_id 0
[2026-03-31 18:09:33.255] [info] Issue tile /blocks.0/Mul on core 3, spad_id 0, accum_spad_id 0
[2026-03-31 18:09:33.351] [info] HBM2-CH_0: BW utilization 2% (128 reads, 64 writes)
[2026-03-31 18:09:33.354] [info] Issue tile /blocks.0/Mul on core 0, spad_id 1, accum_spad_id 1
[2026-03-31 18:09:33.354] [info] Issue tile /blocks.0/Mul on core 1, spad_id 1, accum_spad_id 1
[2026-03-31 18:09:33.354] [info] Issue tile /blocks.0/Mul on core 2, spad_id 1, accum_spad_id 1
[2026-03-31 18:09:33.354] [info] Issue tile /blocks.0/Mul on core 3, spad_id 1, accum_spad_id 1
[2026-03-31 18:09:33.452] [info] HBM2-CH_0: BW utilization 2% (128 reads, 64 writes)
[2026-03-31 18:09:33.455] [info] Issue tile /blocks.0/Mul on core 0, spad_id 0, accum_spad_id 0
[2026-03-31 18:09:33.455] [info] Issue tile /blocks.0/Mul on core 1, spad_id 0, accum_spad_id 0
[2026-03-31 18:09:33.455] [info] Issue tile /blocks.0/Mul on core 2, spad_id 0, accum_spad_id 0
[2026-03-31 18:09:33.455] [info] Issue tile /blocks.0/Mul on core 3, spad_id 0, accum_spad_id 0
[2026-03-31 18:09:33.550] [info] HBM2-CH_0: BW utilization 2% (128 reads, 64 writes)
[2026-03-31 18:09:33.553] [info] Issue tile /blocks.0/Mul on core 0, spad_id 1, accum_spad_id 1
[2026-03-31 18:09:33.553] [info] Issue tile /blocks.0/Mul on core 1, spad_id 1, accum_spad_id 1
[2026-03-31 18:09:33.553] [info] Issue tile /blocks.0/Mul on core 2, spad_id 1, accum_spad_id 1
[2026-03-31 18:09:33.553] [info] Issue tile /blocks.0/Mul on core 3, spad_id 1, accum_spad_id 1
[2026-03-31 18:09:33.645] [info] HBM2-CH_0: BW utilization 1% (127 reads, 63 writes)
[2026-03-31 18:09:33.648] [info] Issue tile /blocks.0/Mul on core 0, spad_id 0, accum_spad_id 0
[2026-03-31 18:09:33.648] [info] Issue tile /blocks.0/Mul on core 1, spad_id 0, accum_spad_id 0
[2026-03-31 18:09:33.648] [info] Issue tile /blocks.0/Mul on core 2, spad_id 0, accum_spad_id 0
[2026-03-31 18:09:33.648] [info] Issue tile /blocks.0/Mul on core 3, spad_id 0, accum_spad_id 0
[2026-03-31 18:09:33.738] [info] HBM2-CH_0: BW utilization 2% (128 reads, 64 writes)
[2026-03-31 18:09:33.741] [info] Issue tile /blocks.0/Mul on core 0, spad_id 1, accum_spad_id 1
[2026-03-31 18:09:33.741] [info] Issue tile /blocks.0/Mul on core 1, spad_id 1, accum_spad_id 1
[2026-03-31 18:09:33.741] [info] Issue tile /blocks.0/Mul on core 2, spad_id 1, accum_spad_id 1
[2026-03-31 18:09:33.741] [info] Issue tile /blocks.0/Mul on core 3, spad_id 1, accum_spad_id 1
[2026-03-31 18:09:33.832] [info] HBM2-CH_0: BW utilization 2% (128 reads, 64 writes)
[2026-03-31 18:09:33.835] [info] Issue tile /blocks.0/Mul on core 0, spad_id 0, accum_spad_id 0
[2026-03-31 18:09:33.835] [info] Issue tile /blocks.0/Mul on core 1, spad_id 0, accum_spad_id 0
[2026-03-31 18:09:33.835] [info] Issue tile /blocks.0/Mul on core 2, spad_id 0, accum_spad_id 0
[2026-03-31 18:09:33.835] [info] Issue tile /blocks.0/Mul on core 3, spad_id 0, accum_spad_id 0
[2026-03-31 18:09:33.928] [info] HBM2-CH_0: BW utilization 2% (128 reads, 64 writes)
[2026-03-31 18:09:33.931] [info] Issue tile /blocks.0/Mul on core 0, spad_id 1, accum_spad_id 1
[2026-03-31 18:09:33.931] [info] Issue tile /blocks.0/Mul on core 1, spad_id 1, accum_spad_id 1
[2026-03-31 18:09:33.931] [info] Issue tile /blocks.0/Mul on core 2, spad_id 1, accum_spad_id 1
[2026-03-31 18:09:33.931] [info] Issue tile /blocks.0/Mul on core 3, spad_id 1, accum_spad_id 1
[2026-03-31 18:09:34.025] [info] HBM2-CH_0: BW utilization 2% (129 reads, 65 writes)
[2026-03-31 18:09:34.029] [info] Issue tile /blocks.0/Mul on core 0, spad_id 0, accum_spad_id 0
[2026-03-31 18:09:34.029] [info] Issue tile /blocks.0/Mul on core 2, spad_id 0, accum_spad_id 0
[2026-03-31 18:09:34.029] [info] Issue tile /blocks.0/Mul on core 3, spad_id 0, accum_spad_id 0
[2026-03-31 18:09:34.126] [info] HBM2-CH_0: BW utilization 1% (95 reads, 47 writes)
[2026-03-31 18:09:34.129] [info] Issue tile /blocks.0/Mul on core 2, spad_id 1, accum_spad_id 1
[2026-03-31 18:09:34.227] [info] HBM2-CH_0: BW utilization 0% (32 reads, 16 writes)
[2026-03-31 18:09:34.327] [info] HBM2-CH_0: BW utilization 0% (0 reads, 0 writes)
[2026-03-31 18:09:34.331] [info] Layer /blocks.0/Mul finish at 712000
[2026-03-31 18:09:34.331] [info] Total compute time 200000
[2026-03-31 18:09:34.331] [info] executable layer count 4
[2026-03-31 18:09:34.331] [info] Start layer /blocks.1/Mul
[2026-03-31 18:09:34.331] [info] Issue tile /blocks.1/Mul on core 2, spad_id 1, accum_spad_id 1
[2026-03-31 18:09:34.331] [info] Issue tile /blocks.1/Mul on core 3, spad_id 1, accum_spad_id 1
[2026-03-31 18:09:34.435] [info] HBM2-CH_0: BW utilization 4% (257 reads, 129 writes)
[2026-03-31 18:09:34.439] [info] Issue tile /blocks.1/Mul on core 0, spad_id 1, accum_spad_id 1
[2026-03-31 18:09:34.439] [info] Issue tile /blocks.1/Mul on core 1, spad_id 1, accum_spad_id 1
[2026-03-31 18:09:34.439] [info] Issue tile /blocks.1/Mul on core 2, spad_id 1, accum_spad_id 1
[2026-03-31 18:09:34.439] [info] Issue tile /blocks.1/Mul on core 3, spad_id 1, accum_spad_id 1
[2026-03-31 18:09:34.531] [info] HBM2-CH_0: BW utilization 2% (128 reads, 64 writes)
[2026-03-31 18:09:34.535] [info] Issue tile /blocks.1/Mul on core 0, spad_id 0, accum_spad_id 0
[2026-03-31 18:09:34.535] [info] Issue tile /blocks.1/Mul on core 1, spad_id 0, accum_spad_id 0
[2026-03-31 18:09:34.535] [info] Issue tile /blocks.1/Mul on core 2, spad_id 0, accum_spad_id 0
[2026-03-31 18:09:34.535] [info] Issue tile /blocks.1/Mul on core 3, spad_id 0, accum_spad_id 0
[2026-03-31 18:09:34.627] [info] HBM2-CH_0: BW utilization 2% (128 reads, 64 writes)
[2026-03-31 18:09:34.630] [info] Issue tile /blocks.1/Mul on core 0, spad_id 1, accum_spad_id 1
[2026-03-31 18:09:34.630] [info] Issue tile /blocks.1/Mul on core 1, spad_id 1, accum_spad_id 1
[2026-03-31 18:09:34.630] [info] Issue tile /blocks.1/Mul on core 2, spad_id 1, accum_spad_id 1
[2026-03-31 18:09:34.630] [info] Issue tile /blocks.1/Mul on core 3, spad_id 1, accum_spad_id 1
[2026-03-31 18:09:34.722] [info] HBM2-CH_0: BW utilization 1% (127 reads, 63 writes)
[2026-03-31 18:09:34.725] [info] Issue tile /blocks.1/Mul on core 0, spad_id 0, accum_spad_id 0
[2026-03-31 18:09:34.725] [info] Issue tile /blocks.1/Mul on core 1, spad_id 0, accum_spad_id 0
[2026-03-31 18:09:34.725] [info] Issue tile /blocks.1/Mul on core 2, spad_id 0, accum_spad_id 0
[2026-03-31 18:09:34.725] [info] Issue tile /blocks.1/Mul on core 3, spad_id 0, accum_spad_id 0
[2026-03-31 18:09:34.819] [info] HBM2-CH_0: BW utilization 2% (128 reads, 64 writes)
[2026-03-31 18:09:34.823] [info] Issue tile /blocks.1/Mul on core 0, spad_id 1, accum_spad_id 1
[2026-03-31 18:09:34.823] [info] Issue tile /blocks.1/Mul on core 1, spad_id 1, accum_spad_id 1
[2026-03-31 18:09:34.823] [info] Issue tile /blocks.1/Mul on core 2, spad_id 1, accum_spad_id 1
[2026-03-31 18:09:34.823] [info] Issue tile /blocks.1/Mul on core 3, spad_id 1, accum_spad_id 1
[2026-03-31 18:09:34.918] [info] HBM2-CH_0: BW utilization 2% (128 reads, 64 writes)
[2026-03-31 18:09:34.921] [info] Issue tile /blocks.1/Mul on core 0, spad_id 0, accum_spad_id 0
[2026-03-31 18:09:34.921] [info] Issue tile /blocks.1/Mul on core 1, spad_id 0, accum_spad_id 0
[2026-03-31 18:09:34.921] [info] Issue tile /blocks.1/Mul on core 2, spad_id 0, accum_spad_id 0
[2026-03-31 18:09:34.922] [info] Issue tile /blocks.1/Mul on core 3, spad_id 0, accum_spad_id 0
[2026-03-31 18:09:35.028] [info] HBM2-CH_0: BW utilization 2% (128 reads, 64 writes)
[2026-03-31 18:09:35.032] [info] Issue tile /blocks.1/Mul on core 0, spad_id 1, accum_spad_id 1
[2026-03-31 18:09:35.032] [info] Issue tile /blocks.1/Mul on core 1, spad_id 1, accum_spad_id 1
[2026-03-31 18:09:35.032] [info] Issue tile /blocks.1/Mul on core 2, spad_id 1, accum_spad_id 1
[2026-03-31 18:09:35.032] [info] Issue tile /blocks.1/Mul on core 3, spad_id 1, accum_spad_id 1
[2026-03-31 18:09:35.135] [info] HBM2-CH_0: BW utilization 2% (129 reads, 65 writes)
[2026-03-31 18:09:35.139] [info] Issue tile /blocks.1/Mul on core 0, spad_id 0, accum_spad_id 0
[2026-03-31 18:09:35.139] [info] Issue tile /blocks.1/Mul on core 1, spad_id 0, accum_spad_id 0
[2026-03-31 18:09:35.139] [info] Issue tile /blocks.1/Mul on core 2, spad_id 0, accum_spad_id 0
[2026-03-31 18:09:35.139] [info] Issue tile /blocks.1/Mul on core 3, spad_id 0, accum_spad_id 0
[2026-03-31 18:09:35.240] [info] HBM2-CH_0: BW utilization 2% (128 reads, 64 writes)
[2026-03-31 18:09:35.244] [info] Issue tile /blocks.1/Mul on core 0, spad_id 1, accum_spad_id 1
[2026-03-31 18:09:35.244] [info] Issue tile /blocks.1/Mul on core 1, spad_id 1, accum_spad_id 1
[2026-03-31 18:09:35.244] [info] Issue tile /blocks.1/Mul on core 2, spad_id 1, accum_spad_id 1
[2026-03-31 18:09:35.244] [info] Issue tile /blocks.1/Mul on core 3, spad_id 1, accum_spad_id 1
[2026-03-31 18:09:35.340] [info] HBM2-CH_0: BW utilization 2% (128 reads, 64 writes)
[2026-03-31 18:09:35.344] [info] Issue tile /blocks.1/Mul on core 0, spad_id 0, accum_spad_id 0
[2026-03-31 18:09:35.344] [info] Issue tile /blocks.1/Mul on core 1, spad_id 0, accum_spad_id 0
[2026-03-31 18:09:35.344] [info] Issue tile /blocks.1/Mul on core 2, spad_id 0, accum_spad_id 0
[2026-03-31 18:09:35.344] [info] Issue tile /blocks.1/Mul on core 3, spad_id 0, accum_spad_id 0
[2026-03-31 18:09:35.446] [info] HBM2-CH_0: BW utilization 2% (128 reads, 64 writes)
[2026-03-31 18:09:35.450] [info] Issue tile /blocks.1/Mul on core 0, spad_id 1, accum_spad_id 1
[2026-03-31 18:09:35.450] [info] Issue tile /blocks.1/Mul on core 1, spad_id 1, accum_spad_id 1
[2026-03-31 18:09:35.450] [info] Issue tile /blocks.1/Mul on core 2, spad_id 1, accum_spad_id 1
[2026-03-31 18:09:35.450] [info] Issue tile /blocks.1/Mul on core 3, spad_id 1, accum_spad_id 1
[2026-03-31 18:09:35.542] [info] HBM2-CH_0: BW utilization 1% (127 reads, 63 writes)
[2026-03-31 18:09:35.546] [info] Issue tile /blocks.1/Mul on core 0, spad_id 0, accum_spad_id 0
[2026-03-31 18:09:35.546] [info] Issue tile /blocks.1/Mul on core 1, spad_id 0, accum_spad_id 0
[2026-03-31 18:09:35.546] [info] Issue tile /blocks.1/Mul on core 2, spad_id 0, accum_spad_id 0
[2026-03-31 18:09:35.546] [info] Issue tile /blocks.1/Mul on core 3, spad_id 0, accum_spad_id 0
[2026-03-31 18:09:35.646] [info] HBM2-CH_0: BW utilization 2% (128 reads, 64 writes)
[2026-03-31 18:09:35.649] [info] Issue tile /blocks.1/Mul on core 0, spad_id 1, accum_spad_id 1
[2026-03-31 18:09:35.649] [info] Issue tile /blocks.1/Mul on core 1, spad_id 1, accum_spad_id 1
[2026-03-31 18:09:35.649] [info] Issue tile /blocks.1/Mul on core 2, spad_id 1, accum_spad_id 1
[2026-03-31 18:09:35.649] [info] Issue tile /blocks.1/Mul on core 3, spad_id 1, accum_spad_id 1
[2026-03-31 18:09:35.742] [info] HBM2-CH_0: BW utilization 2% (128 reads, 64 writes)
[2026-03-31 18:09:35.745] [info] Issue tile /blocks.1/Mul on core 0, spad_id 0, accum_spad_id 0
[2026-03-31 18:09:35.745] [info] Issue tile /blocks.1/Mul on core 1, spad_id 0, accum_spad_id 0
[2026-03-31 18:09:35.745] [info] Issue tile /blocks.1/Mul on core 2, spad_id 0, accum_spad_id 0
[2026-03-31 18:09:35.745] [info] Issue tile /blocks.1/Mul on core 3, spad_id 0, accum_spad_id 0
[2026-03-31 18:09:35.833] [info] HBM2-CH_0: BW utilization 2% (128 reads, 64 writes)
[2026-03-31 18:09:35.836] [info] Issue tile /blocks.1/Mul on core 0, spad_id 1, accum_spad_id 1
[2026-03-31 18:09:35.836] [info] Issue tile /blocks.1/Mul on core 1, spad_id 1, accum_spad_id 1
[2026-03-31 18:09:35.836] [info] Issue tile /blocks.1/Mul on core 2, spad_id 1, accum_spad_id 1
[2026-03-31 18:09:35.836] [info] Issue tile /blocks.1/Mul on core 3, spad_id 1, accum_spad_id 1
[2026-03-31 18:09:35.924] [info] HBM2-CH_0: BW utilization 2% (129 reads, 65 writes)
[2026-03-31 18:09:35.928] [info] Issue tile /blocks.1/Mul on core 0, spad_id 0, accum_spad_id 0
[2026-03-31 18:09:35.928] [info] Issue tile /blocks.1/Mul on core 1, spad_id 0, accum_spad_id 0
[2026-03-31 18:09:35.928] [info] Issue tile /blocks.1/Mul on core 2, spad_id 0, accum_spad_id 0
[2026-03-31 18:09:35.928] [info] Issue tile /blocks.1/Mul on core 3, spad_id 0, accum_spad_id 0
[2026-03-31 18:09:36.014] [info] HBM2-CH_0: BW utilization 2% (128 reads, 64 writes)
[2026-03-31 18:09:36.017] [info] Issue tile /blocks.1/Mul on core 0, spad_id 1, accum_spad_id 1
[2026-03-31 18:09:36.017] [info] Issue tile /blocks.1/Mul on core 1, spad_id 1, accum_spad_id 1
[2026-03-31 18:09:36.017] [info] Issue tile /blocks.1/Mul on core 2, spad_id 1, accum_spad_id 1
[2026-03-31 18:09:36.017] [info] Issue tile /blocks.1/Mul on core 3, spad_id 1, accum_spad_id 1
[2026-03-31 18:09:36.102] [info] HBM2-CH_0: BW utilization 2% (128 reads, 64 writes)
[2026-03-31 18:09:36.105] [info] Issue tile /blocks.1/Mul on core 0, spad_id 0, accum_spad_id 0
[2026-03-31 18:09:36.105] [info] Issue tile /blocks.1/Mul on core 1, spad_id 0, accum_spad_id 0
[2026-03-31 18:09:36.105] [info] Issue tile /blocks.1/Mul on core 2, spad_id 0, accum_spad_id 0
[2026-03-31 18:09:36.105] [info] Issue tile /blocks.1/Mul on core 3, spad_id 0, accum_spad_id 0
[2026-03-31 18:09:36.191] [info] HBM2-CH_0: BW utilization 2% (128 reads, 64 writes)
[2026-03-31 18:09:36.195] [info] Issue tile /blocks.1/Mul on core 0, spad_id 1, accum_spad_id 1
[2026-03-31 18:09:36.195] [info] Issue tile /blocks.1/Mul on core 1, spad_id 1, accum_spad_id 1
[2026-03-31 18:09:36.195] [info] Issue tile /blocks.1/Mul on core 2, spad_id 1, accum_spad_id 1
[2026-03-31 18:09:36.195] [info] Issue tile /blocks.1/Mul on core 3, spad_id 1, accum_spad_id 1
[2026-03-31 18:09:36.280] [info] HBM2-CH_0: BW utilization 1% (127 reads, 63 writes)
[2026-03-31 18:09:36.284] [info] Issue tile /blocks.1/Mul on core 0, spad_id 0, accum_spad_id 0
[2026-03-31 18:09:36.284] [info] Issue tile /blocks.1/Mul on core 1, spad_id 0, accum_spad_id 0
[2026-03-31 18:09:36.284] [info] Issue tile /blocks.1/Mul on core 2, spad_id 0, accum_spad_id 0
[2026-03-31 18:09:36.284] [info] Issue tile /blocks.1/Mul on core 3, spad_id 0, accum_spad_id 0
[2026-03-31 18:09:36.371] [info] HBM2-CH_0: BW utilization 2% (128 reads, 64 writes)
[2026-03-31 18:09:36.375] [info] Issue tile /blocks.1/Mul on core 0, spad_id 1, accum_spad_id 1
[2026-03-31 18:09:36.375] [info] Issue tile /blocks.1/Mul on core 1, spad_id 1, accum_spad_id 1
[2026-03-31 18:09:36.375] [info] Issue tile /blocks.1/Mul on core 2, spad_id 1, accum_spad_id 1
[2026-03-31 18:09:36.375] [info] Issue tile /blocks.1/Mul on core 3, spad_id 1, accum_spad_id 1
[2026-03-31 18:09:36.466] [info] HBM2-CH_0: BW utilization 2% (128 reads, 64 writes)
[2026-03-31 18:09:36.469] [info] Issue tile /blocks.1/Mul on core 0, spad_id 0, accum_spad_id 0
[2026-03-31 18:09:36.469] [info] Issue tile /blocks.1/Mul on core 1, spad_id 0, accum_spad_id 0
[2026-03-31 18:09:36.469] [info] Issue tile /blocks.1/Mul on core 2, spad_id 0, accum_spad_id 0
[2026-03-31 18:09:36.469] [info] Issue tile /blocks.1/Mul on core 3, spad_id 0, accum_spad_id 0
[2026-03-31 18:09:36.554] [info] HBM2-CH_0: BW utilization 2% (128 reads, 64 writes)
[2026-03-31 18:09:36.648] [info] HBM2-CH_0: BW utilization 0% (0 reads, 0 writes)
[2026-03-31 18:09:36.652] [info] Layer /blocks.1/Mul finish at 904000
[2026-03-31 18:09:36.652] [info] Total compute time 192000
[2026-03-31 18:09:36.652] [info] executable layer count 5
[2026-03-31 18:09:36.652] [info] Start layer /blocks.0/Mul_2
[2026-03-31 18:09:36.652] [info] Issue tile /blocks.0/Mul_2 on core 3, spad_id 1, accum_spad_id 1
[2026-03-31 18:09:36.744] [info] HBM2-CH_0: BW utilization 4% (257 reads, 128 writes)
[2026-03-31 18:09:36.748] [info] Issue tile /blocks.0/Mul_2 on core 0, spad_id 1, accum_spad_id 1
[2026-03-31 18:09:36.748] [info] Issue tile /blocks.0/Mul_2 on core 1, spad_id 1, accum_spad_id 1
[2026-03-31 18:09:36.749] [info] Issue tile /blocks.0/Mul_2 on core 2, spad_id 1, accum_spad_id 1
[2026-03-31 18:09:36.749] [info] Issue tile /blocks.0/Mul_2 on core 3, spad_id 1, accum_spad_id 1
[2026-03-31 18:09:36.858] [info] HBM2-CH_0: BW utilization 2% (128 reads, 64 writes)
[2026-03-31 18:09:36.862] [info] Issue tile /blocks.0/Mul_2 on core 0, spad_id 0, accum_spad_id 0
[2026-03-31 18:09:36.862] [info] Issue tile /blocks.0/Mul_2 on core 1, spad_id 0, accum_spad_id 0
[2026-03-31 18:09:36.862] [info] Issue tile /blocks.0/Mul_2 on core 2, spad_id 0, accum_spad_id 0
[2026-03-31 18:09:36.862] [info] Issue tile /blocks.0/Mul_2 on core 3, spad_id 0, accum_spad_id 0
[2026-03-31 18:09:36.951] [info] HBM2-CH_0: BW utilization 2% (128 reads, 64 writes)
[2026-03-31 18:09:36.956] [info] Issue tile /blocks.0/Mul_2 on core 0, spad_id 1, accum_spad_id 1
[2026-03-31 18:09:36.956] [info] Issue tile /blocks.0/Mul_2 on core 1, spad_id 1, accum_spad_id 1
[2026-03-31 18:09:36.956] [info] Issue tile /blocks.0/Mul_2 on core 2, spad_id 1, accum_spad_id 1
[2026-03-31 18:09:36.956] [info] Issue tile /blocks.0/Mul_2 on core 3, spad_id 1, accum_spad_id 1
[2026-03-31 18:09:37.043] [info] HBM2-CH_0: BW utilization 1% (127 reads, 64 writes)
[2026-03-31 18:09:37.047] [info] Issue tile /blocks.0/Mul_2 on core 0, spad_id 0, accum_spad_id 0
[2026-03-31 18:09:37.047] [info] Issue tile /blocks.0/Mul_2 on core 1, spad_id 0, accum_spad_id 0
[2026-03-31 18:09:37.047] [info] Issue tile /blocks.0/Mul_2 on core 2, spad_id 0, accum_spad_id 0
[2026-03-31 18:09:37.047] [info] Issue tile /blocks.0/Mul_2 on core 3, spad_id 0, accum_spad_id 0
[2026-03-31 18:09:37.133] [info] HBM2-CH_0: BW utilization 2% (128 reads, 64 writes)
[2026-03-31 18:09:37.137] [info] Issue tile /blocks.0/Mul_2 on core 0, spad_id 1, accum_spad_id 1
[2026-03-31 18:09:37.137] [info] Issue tile /blocks.0/Mul_2 on core 1, spad_id 1, accum_spad_id 1
[2026-03-31 18:09:37.137] [info] Issue tile /blocks.0/Mul_2 on core 2, spad_id 1, accum_spad_id 1
[2026-03-31 18:09:37.137] [info] Issue tile /blocks.0/Mul_2 on core 3, spad_id 1, accum_spad_id 1
[2026-03-31 18:09:37.221] [info] HBM2-CH_0: BW utilization 2% (128 reads, 64 writes)
[2026-03-31 18:09:37.225] [info] Issue tile /blocks.0/Mul_2 on core 0, spad_id 0, accum_spad_id 0
[2026-03-31 18:09:37.225] [info] Issue tile /blocks.0/Mul_2 on core 1, spad_id 0, accum_spad_id 0
[2026-03-31 18:09:37.225] [info] Issue tile /blocks.0/Mul_2 on core 2, spad_id 0, accum_spad_id 0
[2026-03-31 18:09:37.225] [info] Issue tile /blocks.0/Mul_2 on core 3, spad_id 0, accum_spad_id 0
[2026-03-31 18:09:37.310] [info] HBM2-CH_0: BW utilization 2% (128 reads, 64 writes)
[2026-03-31 18:09:37.314] [info] Issue tile /blocks.0/Mul_2 on core 0, spad_id 1, accum_spad_id 1
[2026-03-31 18:09:37.314] [info] Issue tile /blocks.0/Mul_2 on core 1, spad_id 1, accum_spad_id 1
[2026-03-31 18:09:37.314] [info] Issue tile /blocks.0/Mul_2 on core 2, spad_id 1, accum_spad_id 1
[2026-03-31 18:09:37.314] [info] Issue tile /blocks.0/Mul_2 on core 3, spad_id 1, accum_spad_id 1
[2026-03-31 18:09:37.398] [info] HBM2-CH_0: BW utilization 2% (129 reads, 64 writes)
[2026-03-31 18:09:37.402] [info] Issue tile /blocks.0/Mul_2 on core 0, spad_id 0, accum_spad_id 0
[2026-03-31 18:09:37.402] [info] Issue tile /blocks.0/Mul_2 on core 1, spad_id 0, accum_spad_id 0
[2026-03-31 18:09:37.402] [info] Issue tile /blocks.0/Mul_2 on core 2, spad_id 0, accum_spad_id 0
[2026-03-31 18:09:37.402] [info] Issue tile /blocks.0/Mul_2 on core 3, spad_id 0, accum_spad_id 0
[2026-03-31 18:09:37.491] [info] HBM2-CH_0: BW utilization 2% (128 reads, 64 writes)
[2026-03-31 18:09:37.495] [info] Issue tile /blocks.0/Mul_2 on core 0, spad_id 1, accum_spad_id 1
[2026-03-31 18:09:37.495] [info] Issue tile /blocks.0/Mul_2 on core 1, spad_id 1, accum_spad_id 1
[2026-03-31 18:09:37.495] [info] Issue tile /blocks.0/Mul_2 on core 2, spad_id 1, accum_spad_id 1
[2026-03-31 18:09:37.495] [info] Issue tile /blocks.0/Mul_2 on core 3, spad_id 1, accum_spad_id 1
[2026-03-31 18:09:37.580] [info] HBM2-CH_0: BW utilization 2% (128 reads, 64 writes)
[2026-03-31 18:09:37.585] [info] Issue tile /blocks.0/Mul_2 on core 0, spad_id 0, accum_spad_id 0
[2026-03-31 18:09:37.585] [info] Issue tile /blocks.0/Mul_2 on core 1, spad_id 0, accum_spad_id 0
[2026-03-31 18:09:37.585] [info] Issue tile /blocks.0/Mul_2 on core 2, spad_id 0, accum_spad_id 0
[2026-03-31 18:09:37.585] [info] Issue tile /blocks.0/Mul_2 on core 3, spad_id 0, accum_spad_id 0
[2026-03-31 18:09:37.669] [info] HBM2-CH_0: BW utilization 2% (128 reads, 64 writes)
[2026-03-31 18:09:37.673] [info] Issue tile /blocks.0/Mul_2 on core 0, spad_id 1, accum_spad_id 1
[2026-03-31 18:09:37.673] [info] Issue tile /blocks.0/Mul_2 on core 1, spad_id 1, accum_spad_id 1
[2026-03-31 18:09:37.673] [info] Issue tile /blocks.0/Mul_2 on core 2, spad_id 1, accum_spad_id 1
[2026-03-31 18:09:37.673] [info] Issue tile /blocks.0/Mul_2 on core 3, spad_id 1, accum_spad_id 1
[2026-03-31 18:09:37.757] [info] HBM2-CH_0: BW utilization 1% (127 reads, 64 writes)
[2026-03-31 18:09:37.762] [info] Issue tile /blocks.0/Mul_2 on core 0, spad_id 0, accum_spad_id 0
[2026-03-31 18:09:37.762] [info] Issue tile /blocks.0/Mul_2 on core 1, spad_id 0, accum_spad_id 0
[2026-03-31 18:09:37.762] [info] Issue tile /blocks.0/Mul_2 on core 2, spad_id 0, accum_spad_id 0
[2026-03-31 18:09:37.762] [info] Issue tile /blocks.0/Mul_2 on core 3, spad_id 0, accum_spad_id 0
[2026-03-31 18:09:37.842] [info] HBM2-CH_0: BW utilization 2% (128 reads, 64 writes)
[2026-03-31 18:09:37.846] [info] Issue tile /blocks.0/Mul_2 on core 0, spad_id 1, accum_spad_id 1
[2026-03-31 18:09:37.846] [info] Issue tile /blocks.0/Mul_2 on core 1, spad_id 1, accum_spad_id 1
[2026-03-31 18:09:37.846] [info] Issue tile /blocks.0/Mul_2 on core 2, spad_id 1, accum_spad_id 1
[2026-03-31 18:09:37.846] [info] Issue tile /blocks.0/Mul_2 on core 3, spad_id 1, accum_spad_id 1
[2026-03-31 18:09:37.926] [info] HBM2-CH_0: BW utilization 2% (128 reads, 64 writes)
[2026-03-31 18:09:37.930] [info] Issue tile /blocks.0/Mul_2 on core 0, spad_id 0, accum_spad_id 0
[2026-03-31 18:09:37.930] [info] Issue tile /blocks.0/Mul_2 on core 1, spad_id 0, accum_spad_id 0
[2026-03-31 18:09:37.930] [info] Issue tile /blocks.0/Mul_2 on core 2, spad_id 0, accum_spad_id 0
[2026-03-31 18:09:37.930] [info] Issue tile /blocks.0/Mul_2 on core 3, spad_id 0, accum_spad_id 0
[2026-03-31 18:09:38.010] [info] HBM2-CH_0: BW utilization 2% (128 reads, 64 writes)
[2026-03-31 18:09:38.014] [info] Issue tile /blocks.0/Mul_2 on core 0, spad_id 1, accum_spad_id 1
[2026-03-31 18:09:38.014] [info] Issue tile /blocks.0/Mul_2 on core 1, spad_id 1, accum_spad_id 1
[2026-03-31 18:09:38.014] [info] Issue tile /blocks.0/Mul_2 on core 2, spad_id 1, accum_spad_id 1
[2026-03-31 18:09:38.014] [info] Issue tile /blocks.0/Mul_2 on core 3, spad_id 1, accum_spad_id 1
[2026-03-31 18:09:38.094] [info] HBM2-CH_0: BW utilization 2% (129 reads, 64 writes)
[2026-03-31 18:09:38.098] [info] Issue tile /blocks.0/Mul_2 on core 0, spad_id 0, accum_spad_id 0
[2026-03-31 18:09:38.098] [info] Issue tile /blocks.0/Mul_2 on core 1, spad_id 0, accum_spad_id 0
[2026-03-31 18:09:38.098] [info] Issue tile /blocks.0/Mul_2 on core 2, spad_id 0, accum_spad_id 0
[2026-03-31 18:09:38.098] [info] Issue tile /blocks.0/Mul_2 on core 3, spad_id 0, accum_spad_id 0
[2026-03-31 18:09:38.179] [info] HBM2-CH_0: BW utilization 2% (128 reads, 64 writes)
[2026-03-31 18:09:38.183] [info] Issue tile /blocks.0/Mul_2 on core 0, spad_id 1, accum_spad_id 1
[2026-03-31 18:09:38.183] [info] Issue tile /blocks.0/Mul_2 on core 1, spad_id 1, accum_spad_id 1
[2026-03-31 18:09:38.183] [info] Issue tile /blocks.0/Mul_2 on core 2, spad_id 1, accum_spad_id 1
[2026-03-31 18:09:38.183] [info] Issue tile /blocks.0/Mul_2 on core 3, spad_id 1, accum_spad_id 1
[2026-03-31 18:09:38.267] [info] HBM2-CH_0: BW utilization 2% (128 reads, 64 writes)
[2026-03-31 18:09:38.271] [info] Issue tile /blocks.0/Mul_2 on core 0, spad_id 0, accum_spad_id 0
[2026-03-31 18:09:38.271] [info] Issue tile /blocks.0/Mul_2 on core 1, spad_id 0, accum_spad_id 0
[2026-03-31 18:09:38.271] [info] Issue tile /blocks.0/Mul_2 on core 2, spad_id 0, accum_spad_id 0
[2026-03-31 18:09:38.271] [info] Issue tile /blocks.0/Mul_2 on core 3, spad_id 0, accum_spad_id 0
[2026-03-31 18:09:38.356] [info] HBM2-CH_0: BW utilization 2% (128 reads, 64 writes)
[2026-03-31 18:09:38.361] [info] Issue tile /blocks.0/Mul_2 on core 0, spad_id 1, accum_spad_id 1
[2026-03-31 18:09:38.361] [info] Issue tile /blocks.0/Mul_2 on core 1, spad_id 1, accum_spad_id 1
[2026-03-31 18:09:38.361] [info] Issue tile /blocks.0/Mul_2 on core 2, spad_id 1, accum_spad_id 1
[2026-03-31 18:09:38.361] [info] Issue tile /blocks.0/Mul_2 on core 3, spad_id 1, accum_spad_id 1
[2026-03-31 18:09:38.445] [info] HBM2-CH_0: BW utilization 1% (127 reads, 64 writes)
[2026-03-31 18:09:38.450] [info] Issue tile /blocks.0/Mul_2 on core 0, spad_id 0, accum_spad_id 0
[2026-03-31 18:09:38.450] [info] Issue tile /blocks.0/Mul_2 on core 1, spad_id 0, accum_spad_id 0
[2026-03-31 18:09:38.450] [info] Issue tile /blocks.0/Mul_2 on core 2, spad_id 0, accum_spad_id 0
[2026-03-31 18:09:38.450] [info] Issue tile /blocks.0/Mul_2 on core 3, spad_id 0, accum_spad_id 0
[2026-03-31 18:09:38.538] [info] HBM2-CH_0: BW utilization 2% (128 reads, 64 writes)
[2026-03-31 18:09:38.543] [info] Issue tile /blocks.0/Mul_2 on core 0, spad_id 1, accum_spad_id 1
[2026-03-31 18:09:38.543] [info] Issue tile /blocks.0/Mul_2 on core 1, spad_id 1, accum_spad_id 1
[2026-03-31 18:09:38.543] [info] Issue tile /blocks.0/Mul_2 on core 2, spad_id 1, accum_spad_id 1
[2026-03-31 18:09:38.543] [info] Issue tile /blocks.0/Mul_2 on core 3, spad_id 1, accum_spad_id 1
[2026-03-31 18:09:38.634] [info] HBM2-CH_0: BW utilization 2% (128 reads, 64 writes)
[2026-03-31 18:09:38.639] [info] Issue tile /blocks.0/Mul_2 on core 0, spad_id 0, accum_spad_id 0
[2026-03-31 18:09:38.639] [info] Issue tile /blocks.0/Mul_2 on core 1, spad_id 0, accum_spad_id 0
[2026-03-31 18:09:38.639] [info] Issue tile /blocks.0/Mul_2 on core 2, spad_id 0, accum_spad_id 0
[2026-03-31 18:09:38.639] [info] Issue tile /blocks.0/Mul_2 on core 3, spad_id 0, accum_spad_id 0
[2026-03-31 18:09:38.724] [info] HBM2-CH_0: BW utilization 2% (128 reads, 64 writes)
[2026-03-31 18:09:38.728] [info] Issue tile /blocks.0/Mul_2 on core 0, spad_id 1, accum_spad_id 1
[2026-03-31 18:09:38.728] [info] Issue tile /blocks.0/Mul_2 on core 1, spad_id 1, accum_spad_id 1
[2026-03-31 18:09:38.728] [info] Issue tile /blocks.0/Mul_2 on core 2, spad_id 1, accum_spad_id 1
[2026-03-31 18:09:38.728] [info] Issue tile /blocks.0/Mul_2 on core 3, spad_id 1, accum_spad_id 1
[2026-03-31 18:09:38.812] [info] HBM2-CH_0: BW utilization 2% (129 reads, 64 writes)
[2026-03-31 18:09:38.816] [info] Issue tile /blocks.0/Mul_2 on core 0, spad_id 0, accum_spad_id 0
[2026-03-31 18:09:38.816] [info] Issue tile /blocks.0/Mul_2 on core 1, spad_id 0, accum_spad_id 0
[2026-03-31 18:09:38.816] [info] Issue tile /blocks.0/Mul_2 on core 2, spad_id 0, accum_spad_id 0
[2026-03-31 18:09:38.816] [info] Issue tile /blocks.0/Mul_2 on core 3, spad_id 0, accum_spad_id 0
[2026-03-31 18:09:38.900] [info] HBM2-CH_0: BW utilization 2% (128 reads, 64 writes)
[2026-03-31 18:09:38.905] [info] Issue tile /blocks.0/Mul_2 on core 0, spad_id 1, accum_spad_id 1
[2026-03-31 18:09:38.905] [info] Issue tile /blocks.0/Mul_2 on core 1, spad_id 1, accum_spad_id 1
[2026-03-31 18:09:38.905] [info] Issue tile /blocks.0/Mul_2 on core 2, spad_id 1, accum_spad_id 1
[2026-03-31 18:09:38.905] [info] Issue tile /blocks.0/Mul_2 on core 3, spad_id 1, accum_spad_id 1
[2026-03-31 18:09:38.989] [info] HBM2-CH_0: BW utilization 2% (128 reads, 64 writes)
[2026-03-31 18:09:38.993] [info] Issue tile /blocks.0/Mul_2 on core 0, spad_id 0, accum_spad_id 0
[2026-03-31 18:09:38.993] [info] Issue tile /blocks.0/Mul_2 on core 1, spad_id 0, accum_spad_id 0
[2026-03-31 18:09:38.993] [info] Issue tile /blocks.0/Mul_2 on core 2, spad_id 0, accum_spad_id 0
[2026-03-31 18:09:38.993] [info] Issue tile /blocks.0/Mul_2 on core 3, spad_id 0, accum_spad_id 0
[2026-03-31 18:09:39.074] [info] HBM2-CH_0: BW utilization 2% (128 reads, 64 writes)
[2026-03-31 18:09:39.079] [info] Issue tile /blocks.0/Mul_2 on core 0, spad_id 1, accum_spad_id 1
[2026-03-31 18:09:39.079] [info] Issue tile /blocks.0/Mul_2 on core 1, spad_id 1, accum_spad_id 1
[2026-03-31 18:09:39.079] [info] Issue tile /blocks.0/Mul_2 on core 2, spad_id 1, accum_spad_id 1
[2026-03-31 18:09:39.079] [info] Issue tile /blocks.0/Mul_2 on core 3, spad_id 1, accum_spad_id 1
[2026-03-31 18:09:39.161] [info] HBM2-CH_0: BW utilization 1% (127 reads, 64 writes)
[2026-03-31 18:09:39.166] [info] Issue tile /blocks.0/Mul_2 on core 0, spad_id 0, accum_spad_id 0
[2026-03-31 18:09:39.166] [info] Issue tile /blocks.0/Mul_2 on core 1, spad_id 0, accum_spad_id 0
[2026-03-31 18:09:39.166] [info] Issue tile /blocks.0/Mul_2 on core 2, spad_id 0, accum_spad_id 0
[2026-03-31 18:09:39.166] [info] Issue tile /blocks.0/Mul_2 on core 3, spad_id 0, accum_spad_id 0
[2026-03-31 18:09:39.247] [info] HBM2-CH_0: BW utilization 2% (128 reads, 64 writes)
[2026-03-31 18:09:39.253] [info] Issue tile /blocks.0/Mul_2 on core 0, spad_id 1, accum_spad_id 1
[2026-03-31 18:09:39.253] [info] Issue tile /blocks.0/Mul_2 on core 1, spad_id 1, accum_spad_id 1
[2026-03-31 18:09:39.253] [info] Issue tile /blocks.0/Mul_2 on core 2, spad_id 1, accum_spad_id 1
[2026-03-31 18:09:39.253] [info] Issue tile /blocks.0/Mul_2 on core 3, spad_id 1, accum_spad_id 1
[2026-03-31 18:09:39.336] [info] HBM2-CH_0: BW utilization 2% (128 reads, 64 writes)
[2026-03-31 18:09:39.340] [info] Issue tile /blocks.0/Mul_2 on core 0, spad_id 0, accum_spad_id 0
[2026-03-31 18:09:39.340] [info] Issue tile /blocks.0/Mul_2 on core 1, spad_id 0, accum_spad_id 0
[2026-03-31 18:09:39.340] [info] Issue tile /blocks.0/Mul_2 on core 2, spad_id 0, accum_spad_id 0
[2026-03-31 18:09:39.340] [info] Issue tile /blocks.0/Mul_2 on core 3, spad_id 0, accum_spad_id 0
[2026-03-31 18:09:39.424] [info] HBM2-CH_0: BW utilization 2% (128 reads, 64 writes)
[2026-03-31 18:09:39.429] [info] Issue tile /blocks.0/Mul_2 on core 0, spad_id 1, accum_spad_id 1
[2026-03-31 18:09:39.429] [info] Issue tile /blocks.0/Mul_2 on core 1, spad_id 1, accum_spad_id 1
[2026-03-31 18:09:39.429] [info] Issue tile /blocks.0/Mul_2 on core 2, spad_id 1, accum_spad_id 1
[2026-03-31 18:09:39.429] [info] Issue tile /blocks.0/Mul_2 on core 3, spad_id 1, accum_spad_id 1
[2026-03-31 18:09:39.513] [info] HBM2-CH_0: BW utilization 2% (129 reads, 64 writes)
[2026-03-31 18:09:39.518] [info] Issue tile /blocks.0/Mul_2 on core 0, spad_id 0, accum_spad_id 0
[2026-03-31 18:09:39.518] [info] Issue tile /blocks.0/Mul_2 on core 1, spad_id 0, accum_spad_id 0
[2026-03-31 18:09:39.518] [info] Issue tile /blocks.0/Mul_2 on core 2, spad_id 0, accum_spad_id 0
[2026-03-31 18:09:39.518] [info] Issue tile /blocks.0/Mul_2 on core 3, spad_id 0, accum_spad_id 0
[2026-03-31 18:09:39.605] [info] HBM2-CH_0: BW utilization 2% (128 reads, 64 writes)
[2026-03-31 18:09:39.610] [info] Issue tile /blocks.0/Mul_2 on core 0, spad_id 1, accum_spad_id 1
[2026-03-31 18:09:39.610] [info] Issue tile /blocks.0/Mul_2 on core 1, spad_id 1, accum_spad_id 1
[2026-03-31 18:09:39.610] [info] Issue tile /blocks.0/Mul_2 on core 2, spad_id 1, accum_spad_id 1
[2026-03-31 18:09:39.610] [info] Issue tile /blocks.0/Mul_2 on core 3, spad_id 1, accum_spad_id 1
[2026-03-31 18:09:39.694] [info] HBM2-CH_0: BW utilization 2% (128 reads, 64 writes)
[2026-03-31 18:09:39.699] [info] Issue tile /blocks.0/Mul_2 on core 0, spad_id 0, accum_spad_id 0
[2026-03-31 18:09:39.699] [info] Issue tile /blocks.0/Mul_2 on core 1, spad_id 0, accum_spad_id 0
[2026-03-31 18:09:39.699] [info] Issue tile /blocks.0/Mul_2 on core 2, spad_id 0, accum_spad_id 0
[2026-03-31 18:09:39.699] [info] Issue tile /blocks.0/Mul_2 on core 3, spad_id 0, accum_spad_id 0
[2026-03-31 18:09:39.784] [info] HBM2-CH_0: BW utilization 2% (128 reads, 64 writes)
[2026-03-31 18:09:39.789] [info] Issue tile /blocks.0/Mul_2 on core 0, spad_id 1, accum_spad_id 1
[2026-03-31 18:09:39.789] [info] Issue tile /blocks.0/Mul_2 on core 1, spad_id 1, accum_spad_id 1
[2026-03-31 18:09:39.789] [info] Issue tile /blocks.0/Mul_2 on core 2, spad_id 1, accum_spad_id 1
[2026-03-31 18:09:39.789] [info] Issue tile /blocks.0/Mul_2 on core 3, spad_id 1, accum_spad_id 1
[2026-03-31 18:09:39.875] [info] HBM2-CH_0: BW utilization 1% (127 reads, 64 writes)
[2026-03-31 18:09:39.881] [info] Issue tile /blocks.0/Mul_2 on core 0, spad_id 0, accum_spad_id 0
[2026-03-31 18:09:39.881] [info] Issue tile /blocks.0/Mul_2 on core 1, spad_id 0, accum_spad_id 0
[2026-03-31 18:09:39.881] [info] Issue tile /blocks.0/Mul_2 on core 2, spad_id 0, accum_spad_id 0
[2026-03-31 18:09:39.881] [info] Issue tile /blocks.0/Mul_2 on core 3, spad_id 0, accum_spad_id 0
[2026-03-31 18:09:39.967] [info] HBM2-CH_0: BW utilization 2% (128 reads, 64 writes)
[2026-03-31 18:09:39.973] [info] Issue tile /blocks.0/Mul_2 on core 0, spad_id 1, accum_spad_id 1
[2026-03-31 18:09:39.973] [info] Issue tile /blocks.0/Mul_2 on core 1, spad_id 1, accum_spad_id 1
[2026-03-31 18:09:39.973] [info] Issue tile /blocks.0/Mul_2 on core 2, spad_id 1, accum_spad_id 1
[2026-03-31 18:09:39.973] [info] Issue tile /blocks.0/Mul_2 on core 3, spad_id 1, accum_spad_id 1
[2026-03-31 18:09:40.059] [info] HBM2-CH_0: BW utilization 2% (128 reads, 64 writes)
[2026-03-31 18:09:40.064] [info] Issue tile /blocks.0/Mul_2 on core 0, spad_id 0, accum_spad_id 0
[2026-03-31 18:09:40.065] [info] Issue tile /blocks.0/Mul_2 on core 1, spad_id 0, accum_spad_id 0
[2026-03-31 18:09:40.065] [info] Issue tile /blocks.0/Mul_2 on core 2, spad_id 0, accum_spad_id 0
[2026-03-31 18:09:40.065] [info] Issue tile /blocks.0/Mul_2 on core 3, spad_id 0, accum_spad_id 0
[2026-03-31 18:09:40.151] [info] HBM2-CH_0: BW utilization 2% (128 reads, 64 writes)
[2026-03-31 18:09:40.157] [info] Issue tile /blocks.0/Mul_2 on core 0, spad_id 1, accum_spad_id 1
[2026-03-31 18:09:40.157] [info] Issue tile /blocks.0/Mul_2 on core 1, spad_id 1, accum_spad_id 1
[2026-03-31 18:09:40.157] [info] Issue tile /blocks.0/Mul_2 on core 2, spad_id 1, accum_spad_id 1
[2026-03-31 18:09:40.157] [info] Issue tile /blocks.0/Mul_2 on core 3, spad_id 1, accum_spad_id 1
[2026-03-31 18:09:40.248] [info] HBM2-CH_0: BW utilization 2% (129 reads, 64 writes)
[2026-03-31 18:09:40.253] [info] Issue tile /blocks.0/Mul_2 on core 0, spad_id 0, accum_spad_id 0
[2026-03-31 18:09:40.253] [info] Issue tile /blocks.0/Mul_2 on core 1, spad_id 0, accum_spad_id 0
[2026-03-31 18:09:40.253] [info] Issue tile /blocks.0/Mul_2 on core 2, spad_id 0, accum_spad_id 0
[2026-03-31 18:09:40.253] [info] Issue tile /blocks.0/Mul_2 on core 3, spad_id 0, accum_spad_id 0
[2026-03-31 18:09:40.344] [info] HBM2-CH_0: BW utilization 2% (128 reads, 64 writes)
[2026-03-31 18:09:40.349] [info] Issue tile /blocks.0/Mul_2 on core 0, spad_id 1, accum_spad_id 1
[2026-03-31 18:09:40.349] [info] Issue tile /blocks.0/Mul_2 on core 1, spad_id 1, accum_spad_id 1
[2026-03-31 18:09:40.349] [info] Issue tile /blocks.0/Mul_2 on core 2, spad_id 1, accum_spad_id 1
[2026-03-31 18:09:40.349] [info] Issue tile /blocks.0/Mul_2 on core 3, spad_id 1, accum_spad_id 1
[2026-03-31 18:09:40.441] [info] HBM2-CH_0: BW utilization 2% (128 reads, 64 writes)
[2026-03-31 18:09:40.446] [info] Issue tile /blocks.0/Mul_2 on core 0, spad_id 0, accum_spad_id 0
[2026-03-31 18:09:40.446] [info] Issue tile /blocks.0/Mul_2 on core 1, spad_id 0, accum_spad_id 0
[2026-03-31 18:09:40.446] [info] Issue tile /blocks.0/Mul_2 on core 2, spad_id 0, accum_spad_id 0
[2026-03-31 18:09:40.446] [info] Issue tile /blocks.0/Mul_2 on core 3, spad_id 0, accum_spad_id 0
[2026-03-31 18:09:40.535] [info] HBM2-CH_0: BW utilization 2% (128 reads, 64 writes)
[2026-03-31 18:09:40.540] [info] Issue tile /blocks.0/Mul_2 on core 0, spad_id 1, accum_spad_id 1
[2026-03-31 18:09:40.540] [info] Issue tile /blocks.0/Mul_2 on core 1, spad_id 1, accum_spad_id 1
[2026-03-31 18:09:40.540] [info] Issue tile /blocks.0/Mul_2 on core 2, spad_id 1, accum_spad_id 1
[2026-03-31 18:09:40.540] [info] Issue tile /blocks.0/Mul_2 on core 3, spad_id 1, accum_spad_id 1
[2026-03-31 18:09:40.631] [info] HBM2-CH_0: BW utilization 1% (127 reads, 64 writes)
[2026-03-31 18:09:40.637] [info] Issue tile /blocks.0/Mul_2 on core 0, spad_id 0, accum_spad_id 0
[2026-03-31 18:09:40.637] [info] Issue tile /blocks.0/Mul_2 on core 1, spad_id 0, accum_spad_id 0
[2026-03-31 18:09:40.637] [info] Issue tile /blocks.0/Mul_2 on core 2, spad_id 0, accum_spad_id 0
[2026-03-31 18:09:40.637] [info] Issue tile /blocks.0/Mul_2 on core 3, spad_id 0, accum_spad_id 0
[2026-03-31 18:09:40.729] [info] HBM2-CH_0: BW utilization 2% (128 reads, 64 writes)
[2026-03-31 18:09:40.735] [info] Issue tile /blocks.0/Mul_2 on core 0, spad_id 1, accum_spad_id 1
[2026-03-31 18:09:40.735] [info] Issue tile /blocks.0/Mul_2 on core 1, spad_id 1, accum_spad_id 1
[2026-03-31 18:09:40.735] [info] Issue tile /blocks.0/Mul_2 on core 2, spad_id 1, accum_spad_id 1
[2026-03-31 18:09:40.735] [info] Issue tile /blocks.0/Mul_2 on core 3, spad_id 1, accum_spad_id 1
[2026-03-31 18:09:40.829] [info] HBM2-CH_0: BW utilization 2% (128 reads, 64 writes)
[2026-03-31 18:09:40.835] [info] Issue tile /blocks.0/Mul_2 on core 0, spad_id 0, accum_spad_id 0
[2026-03-31 18:09:40.835] [info] Issue tile /blocks.0/Mul_2 on core 1, spad_id 0, accum_spad_id 0
[2026-03-31 18:09:40.835] [info] Issue tile /blocks.0/Mul_2 on core 2, spad_id 0, accum_spad_id 0
[2026-03-31 18:09:40.835] [info] Issue tile /blocks.0/Mul_2 on core 3, spad_id 0, accum_spad_id 0
[2026-03-31 18:09:40.929] [info] HBM2-CH_0: BW utilization 2% (128 reads, 64 writes)
[2026-03-31 18:09:41.031] [info] HBM2-CH_0: BW utilization 0% (0 reads, 0 writes)
[2026-03-31 18:09:41.037] [info] Layer /blocks.0/Mul_2 finish at 1288000
[2026-03-31 18:09:41.037] [info] Total compute time 384000
[2026-03-31 18:09:41.037] [info] executable layer count 4
[2026-03-31 18:09:41.037] [info] Start layer /blocks.0/x_proj/Gemm
[2026-03-31 18:09:41.133] [info] HBM2-CH_0: BW utilization 0% (0 reads, 0 writes)
[2026-03-31 18:09:41.237] [info] HBM2-CH_0: BW utilization 0% (0 reads, 0 writes)
[2026-03-31 18:09:41.374] [info] HBM2-CH_0: BW utilization 0% (0 reads, 0 writes)
[2026-03-31 18:09:41.481] [info] HBM2-CH_0: BW utilization 0% (0 reads, 0 writes)
[2026-03-31 18:09:41.593] [info] HBM2-CH_0: BW utilization 0% (0 reads, 0 writes)
[2026-03-31 18:09:41.708] [info] HBM2-CH_0: BW utilization 0% (0 reads, 0 writes)
[2026-03-31 18:09:41.832] [info] HBM2-CH_0: BW utilization 0% (0 reads, 0 writes)
[2026-03-31 18:09:41.948] [info] HBM2-CH_0: BW utilization 0% (0 reads, 0 writes)
[2026-03-31 18:09:42.059] [info] HBM2-CH_0: BW utilization 0% (0 reads, 0 writes)
[2026-03-31 18:09:42.166] [info] HBM2-CH_0: BW utilization 0% (0 reads, 0 writes)
[2026-03-31 18:09:42.272] [info] HBM2-CH_0: BW utilization 0% (0 reads, 0 writes)
[2026-03-31 18:09:42.376] [info] HBM2-CH_0: BW utilization 0% (0 reads, 0 writes)
[2026-03-31 18:09:42.480] [info] HBM2-CH_0: BW utilization 0% (0 reads, 0 writes)
[2026-03-31 18:09:42.584] [info] HBM2-CH_0: BW utilization 0% (0 reads, 0 writes)
[2026-03-31 18:09:42.701] [info] HBM2-CH_0: BW utilization 0% (0 reads, 0 writes)
[2026-03-31 18:09:42.810] [info] HBM2-CH_0: BW utilization 0% (0 reads, 0 writes)
[2026-03-31 18:09:42.913] [info] HBM2-CH_0: BW utilization 0% (0 reads, 0 writes)
[2026-03-31 18:09:43.015] [info] HBM2-CH_0: BW utilization 0% (0 reads, 0 writes)
[2026-03-31 18:09:43.116] [info] HBM2-CH_0: BW utilization 0% (0 reads, 0 writes)
[2026-03-31 18:09:43.216] [info] HBM2-CH_0: BW utilization 0% (0 reads, 0 writes)
[2026-03-31 18:09:43.313] [info] HBM2-CH_0: BW utilization 0% (0 reads, 0 writes)
[2026-03-31 18:09:43.412] [info] HBM2-CH_0: BW utilization 0% (0 reads, 0 writes)
[2026-03-31 18:09:43.511] [info] HBM2-CH_0: BW utilization 0% (0 reads, 0 writes)
[2026-03-31 18:09:43.610] [info] HBM2-CH_0: BW utilization 0% (0 reads, 0 writes)
[2026-03-31 18:09:43.706] [info] HBM2-CH_0: BW utilization 0% (0 reads, 0 writes)
[2026-03-31 18:09:43.796] [info] HBM2-CH_0: BW utilization 0% (0 reads, 0 writes)
[2026-03-31 18:09:43.882] [info] HBM2-CH_0: BW utilization 0% (0 reads, 0 writes)
[2026-03-31 18:09:43.969] [info] HBM2-CH_0: BW utilization 0% (0 reads, 0 writes)
[2026-03-31 18:09:44.054] [info] HBM2-CH_0: BW utilization 0% (0 reads, 0 writes)
[2026-03-31 18:09:44.141] [info] HBM2-CH_0: BW utilization 0% (0 reads, 0 writes)
[2026-03-31 18:09:44.239] [info] HBM2-CH_0: BW utilization 0% (0 reads, 0 writes)
[2026-03-31 18:09:44.330] [info] HBM2-CH_0: BW utilization 0% (0 reads, 0 writes)
[2026-03-31 18:09:44.419] [info] HBM2-CH_0: BW utilization 0% (0 reads, 0 writes)
[2026-03-31 18:09:44.507] [info] HBM2-CH_0: BW utilization 0% (0 reads, 0 writes)
[2026-03-31 18:09:44.594] [info] HBM2-CH_0: BW utilization 0% (0 reads, 0 writes)
[2026-03-31 18:09:44.703] [info] HBM2-CH_0: BW utilization 0% (0 reads, 0 writes)
[2026-03-31 18:09:44.790] [info] HBM2-CH_0: BW utilization 0% (0 reads, 0 writes)
[2026-03-31 18:09:44.876] [info] HBM2-CH_0: BW utilization 0% (0 reads, 0 writes)
[2026-03-31 18:09:44.962] [info] HBM2-CH_0: BW utilization 0% (0 reads, 0 writes)
[2026-03-31 18:09:45.048] [info] HBM2-CH_0: BW utilization 0% (0 reads, 0 writes)
[2026-03-31 18:09:45.133] [info] HBM2-CH_0: BW utilization 0% (0 reads, 0 writes)
[2026-03-31 18:09:45.219] [info] HBM2-CH_0: BW utilization 0% (0 reads, 0 writes)
[2026-03-31 18:09:45.304] [info] HBM2-CH_0: BW utilization 0% (0 reads, 0 writes)
[2026-03-31 18:09:45.390] [info] HBM2-CH_0: BW utilization 0% (0 reads, 0 writes)
[2026-03-31 18:09:45.477] [info] HBM2-CH_0: BW utilization 0% (0 reads, 0 writes)
[2026-03-31 18:09:45.562] [info] HBM2-CH_0: BW utilization 0% (0 reads, 0 writes)
[2026-03-31 18:09:45.655] [info] HBM2-CH_0: BW utilization 0% (0 reads, 0 writes)
[2026-03-31 18:09:45.745] [info] HBM2-CH_0: BW utilization 0% (0 reads, 0 writes)
[2026-03-31 18:09:45.831] [info] HBM2-CH_0: BW utilization 0% (0 reads, 0 writes)
[2026-03-31 18:09:45.918] [info] HBM2-CH_0: BW utilization 0% (0 reads, 0 writes)
[2026-03-31 18:09:46.005] [info] HBM2-CH_0: BW utilization 0% (0 reads, 0 writes)
[2026-03-31 18:09:46.092] [info] HBM2-CH_0: BW utilization 0% (0 reads, 0 writes)
[2026-03-31 18:09:46.180] [info] HBM2-CH_0: BW utilization 0% (0 reads, 0 writes)
[2026-03-31 18:09:46.267] [info] HBM2-CH_0: BW utilization 0% (0 reads, 0 writes)
[2026-03-31 18:09:46.354] [info] HBM2-CH_0: BW utilization 0% (0 reads, 0 writes)
[2026-03-31 18:09:46.443] [info] HBM2-CH_0: BW utilization 0% (0 reads, 0 writes)
[2026-03-31 18:09:46.531] [info] HBM2-CH_0: BW utilization 0% (0 reads, 0 writes)
[2026-03-31 18:09:46.618] [info] HBM2-CH_0: BW utilization 0% (0 reads, 0 writes)
[2026-03-31 18:09:46.707] [info] HBM2-CH_0: BW utilization 0% (0 reads, 0 writes)
[2026-03-31 18:09:46.798] [info] HBM2-CH_0: BW utilization 0% (0 reads, 0 writes)
[2026-03-31 18:09:46.885] [info] HBM2-CH_0: BW utilization 0% (0 reads, 0 writes)
[2026-03-31 18:09:46.988] [info] HBM2-CH_0: BW utilization 0% (0 reads, 0 writes)
[2026-03-31 18:09:47.073] [info] HBM2-CH_0: BW utilization 0% (0 reads, 0 writes)
[2026-03-31 18:09:47.158] [info] HBM2-CH_0: BW utilization 0% (0 reads, 0 writes)
[2026-03-31 18:09:47.245] [info] HBM2-CH_0: BW utilization 0% (0 reads, 0 writes)
[2026-03-31 18:09:47.330] [info] HBM2-CH_0: BW utilization 0% (0 reads, 0 writes)
[2026-03-31 18:09:47.416] [info] HBM2-CH_0: BW utilization 0% (0 reads, 0 writes)
[2026-03-31 18:09:47.502] [info] HBM2-CH_0: BW utilization 0% (0 reads, 0 writes)
[2026-03-31 18:09:47.587] [info] HBM2-CH_0: BW utilization 0% (0 reads, 0 writes)
[2026-03-31 18:09:47.685] [info] HBM2-CH_0: BW utilization 0% (0 reads, 0 writes)
[2026-03-31 18:09:47.783] [info] HBM2-CH_0: BW utilization 0% (0 reads, 0 writes)
[2026-03-31 18:09:47.869] [info] HBM2-CH_0: BW utilization 0% (0 reads, 0 writes)
[2026-03-31 18:09:47.956] [info] HBM2-CH_0: BW utilization 0% (0 reads, 0 writes)
[2026-03-31 18:09:48.043] [info] HBM2-CH_0: BW utilization 0% (0 reads, 0 writes)
[2026-03-31 18:09:48.130] [info] HBM2-CH_0: BW utilization 0% (0 reads, 0 writes)
[2026-03-31 18:09:48.217] [info] HBM2-CH_0: BW utilization 0% (0 reads, 0 writes)
[2026-03-31 18:09:48.305] [info] HBM2-CH_0: BW utilization 0% (0 reads, 0 writes)
[2026-03-31 18:09:48.398] [info] HBM2-CH_0: BW utilization 0% (0 reads, 0 writes)
[2026-03-31 18:09:48.486] [info] HBM2-CH_0: BW utilization 0% (0 reads, 0 writes)
[2026-03-31 18:09:48.573] [info] HBM2-CH_0: BW utilization 0% (0 reads, 0 writes)
[2026-03-31 18:09:48.662] [info] HBM2-CH_0: BW utilization 0% (0 reads, 0 writes)
[2026-03-31 18:09:48.751] [info] HBM2-CH_0: BW utilization 0% (0 reads, 0 writes)
[2026-03-31 18:09:48.842] [info] HBM2-CH_0: BW utilization 0% (0 reads, 0 writes)
[2026-03-31 18:09:48.929] [info] HBM2-CH_0: BW utilization 0% (0 reads, 0 writes)
[2026-03-31 18:09:49.017] [info] HBM2-CH_0: BW utilization 0% (0 reads, 0 writes)
[2026-03-31 18:09:49.104] [info] HBM2-CH_0: BW utilization 0% (0 reads, 0 writes)
[2026-03-31 18:09:49.192] [info] HBM2-CH_0: BW utilization 0% (0 reads, 0 writes)
[2026-03-31 18:09:49.280] [info] HBM2-CH_0: BW utilization 0% (0 reads, 0 writes)
[2026-03-31 18:09:49.368] [info] HBM2-CH_0: BW utilization 0% (0 reads, 0 writes)
[2026-03-31 18:09:49.455] [info] HBM2-CH_0: BW utilization 0% (0 reads, 0 writes)
[2026-03-31 18:09:49.543] [info] HBM2-CH_0: BW utilization 0% (0 reads, 0 writes)
[2026-03-31 18:09:49.630] [info] HBM2-CH_0: BW utilization 0% (0 reads, 0 writes)
[2026-03-31 18:09:49.718] [info] HBM2-CH_0: BW utilization 0% (0 reads, 0 writes)
[2026-03-31 18:09:49.814] [info] HBM2-CH_0: BW utilization 0% (0 reads, 0 writes)
[2026-03-31 18:09:49.905] [info] HBM2-CH_0: BW utilization 0% (0 reads, 0 writes)
[2026-03-31 18:09:49.993] [info] HBM2-CH_0: BW utilization 0% (0 reads, 0 writes)
[2026-03-31 18:09:50.080] [info] HBM2-CH_0: BW utilization 0% (0 reads, 0 writes)
[2026-03-31 18:09:50.167] [info] HBM2-CH_0: BW utilization 0% (0 reads, 0 writes)
[2026-03-31 18:09:50.255] [info] HBM2-CH_0: BW utilization 0% (0 reads, 0 writes)
[2026-03-31 18:09:50.343] [info] HBM2-CH_0: BW utilization 0% (0 reads, 0 writes)
[2026-03-31 18:09:50.431] [info] HBM2-CH_0: BW utilization 0% (0 reads, 0 writes)
[2026-03-31 18:09:50.518] [info] HBM2-CH_0: BW utilization 0% (0 reads, 0 writes)
[2026-03-31 18:09:50.606] [info] HBM2-CH_0: BW utilization 0% (0 reads, 0 writes)
[2026-03-31 18:09:50.693] [info] HBM2-CH_0: BW utilization 0% (0 reads, 0 writes)
[2026-03-31 18:09:50.780] [info] HBM2-CH_0: BW utilization 0% (0 reads, 0 writes)
[2026-03-31 18:09:50.871] [info] HBM2-CH_0: BW utilization 0% (0 reads, 0 writes)
[2026-03-31 18:09:50.959] [info] HBM2-CH_0: BW utilization 0% (0 reads, 0 writes)
[2026-03-31 18:09:51.049] [info] HBM2-CH_0: BW utilization 0% (0 reads, 0 writes)
[2026-03-31 18:09:51.135] [info] HBM2-CH_0: BW utilization 0% (0 reads, 0 writes)
[2026-03-31 18:09:51.239] [info] HBM2-CH_0: BW utilization 0% (0 reads, 0 writes)
[2026-03-31 18:09:51.325] [info] HBM2-CH_0: BW utilization 0% (0 reads, 0 writes)
[2026-03-31 18:09:51.412] [info] HBM2-CH_0: BW utilization 0% (0 reads, 0 writes)
[2026-03-31 18:09:51.499] [info] HBM2-CH_0: BW utilization 0% (0 reads, 0 writes)
[2026-03-31 18:09:51.587] [info] HBM2-CH_0: BW utilization 0% (0 reads, 0 writes)
[2026-03-31 18:09:51.675] [info] HBM2-CH_0: BW utilization 0% (0 reads, 0 writes)
[2026-03-31 18:09:51.763] [info] HBM2-CH_0: BW utilization 0% (0 reads, 0 writes)
[2026-03-31 18:09:51.850] [info] HBM2-CH_0: BW utilization 0% (0 reads, 0 writes)
[2026-03-31 18:09:51.942] [info] HBM2-CH_0: BW utilization 0% (0 reads, 0 writes)
[2026-03-31 18:09:52.029] [info] HBM2-CH_0: BW utilization 0% (0 reads, 0 writes)
[2026-03-31 18:09:52.116] [info] HBM2-CH_0: BW utilization 0% (0 reads, 0 writes)
[2026-03-31 18:09:52.204] [info] HBM2-CH_0: BW utilization 0% (0 reads, 0 writes)
[2026-03-31 18:09:52.293] [info] HBM2-CH_0: BW utilization 0% (0 reads, 0 writes)
[2026-03-31 18:09:52.383] [info] HBM2-CH_0: BW utilization 0% (0 reads, 0 writes)
[2026-03-31 18:09:52.480] [info] HBM2-CH_0: BW utilization 0% (0 reads, 0 writes)
[2026-03-31 18:09:52.577] [info] HBM2-CH_0: BW utilization 0% (0 reads, 0 writes)
[2026-03-31 18:09:52.672] [info] HBM2-CH_0: BW utilization 0% (0 reads, 0 writes)
[2026-03-31 18:09:52.765] [info] HBM2-CH_0: BW utilization 0% (0 reads, 0 writes)
[2026-03-31 18:09:52.858] [info] HBM2-CH_0: BW utilization 0% (0 reads, 0 writes)
[2026-03-31 18:09:52.951] [info] HBM2-CH_0: BW utilization 0% (0 reads, 0 writes)
[2026-03-31 18:09:53.044] [info] HBM2-CH_0: BW utilization 0% (0 reads, 0 writes)
[2026-03-31 18:09:53.137] [info] HBM2-CH_0: BW utilization 0% (0 reads, 0 writes)
[2026-03-31 18:09:53.229] [info] HBM2-CH_0: BW utilization 0% (0 reads, 0 writes)
[2026-03-31 18:09:53.322] [info] HBM2-CH_0: BW utilization 0% (0 reads, 0 writes)
[2026-03-31 18:09:53.420] [info] HBM2-CH_0: BW utilization 0% (0 reads, 0 writes)
[2026-03-31 18:09:53.512] [info] HBM2-CH_0: BW utilization 0% (0 reads, 0 writes)
[2026-03-31 18:09:53.603] [info] HBM2-CH_0: BW utilization 0% (0 reads, 0 writes)
[2026-03-31 18:09:53.696] [info] HBM2-CH_0: BW utilization 0% (0 reads, 0 writes)
[2026-03-31 18:09:53.788] [info] HBM2-CH_0: BW utilization 0% (0 reads, 0 writes)
[2026-03-31 18:09:53.902] [info] HBM2-CH_0: BW utilization 0% (0 reads, 0 writes)
[2026-03-31 18:09:54.011] [info] HBM2-CH_0: BW utilization 0% (0 reads, 0 writes)
[2026-03-31 18:09:54.105] [info] HBM2-CH_0: BW utilization 0% (0 reads, 0 writes)
[2026-03-31 18:09:54.197] [info] HBM2-CH_0: BW utilization 0% (0 reads, 0 writes)
[2026-03-31 18:09:54.289] [info] HBM2-CH_0: BW utilization 0% (0 reads, 0 writes)
[2026-03-31 18:09:54.381] [info] HBM2-CH_0: BW utilization 0% (0 reads, 0 writes)
[2026-03-31 18:09:54.474] [info] HBM2-CH_0: BW utilization 0% (0 reads, 0 writes)
[2026-03-31 18:09:54.566] [info] HBM2-CH_0: BW utilization 0% (0 reads, 0 writes)
[2026-03-31 18:09:54.657] [info] HBM2-CH_0: BW utilization 0% (0 reads, 0 writes)
[2026-03-31 18:09:54.749] [info] HBM2-CH_0: BW utilization 0% (0 reads, 0 writes)
[2026-03-31 18:09:54.841] [info] HBM2-CH_0: BW utilization 0% (0 reads, 0 writes)
[2026-03-31 18:09:54.932] [info] HBM2-CH_0: BW utilization 0% (0 reads, 0 writes)
[2026-03-31 18:09:55.025] [info] HBM2-CH_0: BW utilization 0% (0 reads, 0 writes)
[2026-03-31 18:09:55.118] [info] HBM2-CH_0: BW utilization 0% (0 reads, 0 writes)
[2026-03-31 18:09:55.210] [info] HBM2-CH_0: BW utilization 0% (0 reads, 0 writes)
[2026-03-31 18:09:55.308] [info] HBM2-CH_0: BW utilization 0% (0 reads, 0 writes)
[2026-03-31 18:09:55.405] [info] HBM2-CH_0: BW utilization 0% (0 reads, 0 writes)
[2026-03-31 18:09:55.500] [info] HBM2-CH_0: BW utilization 0% (0 reads, 0 writes)
[2026-03-31 18:09:55.593] [info] HBM2-CH_0: BW utilization 0% (0 reads, 0 writes)
[2026-03-31 18:09:55.687] [info] HBM2-CH_0: BW utilization 0% (0 reads, 0 writes)
[2026-03-31 18:09:55.778] [info] HBM2-CH_0: BW utilization 0% (0 reads, 0 writes)
[2026-03-31 18:09:55.868] [info] HBM2-CH_0: BW utilization 0% (0 reads, 0 writes)
[2026-03-31 18:09:55.956] [info] HBM2-CH_0: BW utilization 0% (0 reads, 0 writes)
[2026-03-31 18:09:56.047] [info] HBM2-CH_0: BW utilization 0% (0 reads, 0 writes)
[2026-03-31 18:09:56.134] [info] HBM2-CH_0: BW utilization 0% (0 reads, 0 writes)
[2026-03-31 18:09:56.221] [info] HBM2-CH_0: BW utilization 0% (0 reads, 0 writes)
[2026-03-31 18:09:56.309] [info] HBM2-CH_0: BW utilization 0% (0 reads, 0 writes)
[2026-03-31 18:09:56.398] [info] HBM2-CH_0: BW utilization 0% (0 reads, 0 writes)
[2026-03-31 18:09:56.483] [info] HBM2-CH_0: BW utilization 0% (0 reads, 0 writes)
[2026-03-31 18:09:56.569] [info] HBM2-CH_0: BW utilization 0% (0 reads, 0 writes)
[2026-03-31 18:09:56.671] [info] HBM2-CH_0: BW utilization 0% (0 reads, 0 writes)
[2026-03-31 18:09:56.759] [info] HBM2-CH_0: BW utilization 0% (0 reads, 0 writes)
[2026-03-31 18:09:56.851] [info] HBM2-CH_0: BW utilization 0% (0 reads, 0 writes)
[2026-03-31 18:09:56.938] [info] HBM2-CH_0: BW utilization 0% (0 reads, 0 writes)
[2026-03-31 18:09:57.028] [info] HBM2-CH_0: BW utilization 0% (0 reads, 0 writes)
[2026-03-31 18:09:57.116] [info] HBM2-CH_0: BW utilization 0% (0 reads, 0 writes)
[2026-03-31 18:09:57.203] [info] HBM2-CH_0: BW utilization 0% (0 reads, 0 writes)
[2026-03-31 18:09:57.291] [info] HBM2-CH_0: BW utilization 0% (0 reads, 0 writes)
[2026-03-31 18:09:57.379] [info] HBM2-CH_0: BW utilization 0% (0 reads, 0 writes)
[2026-03-31 18:09:57.466] [info] HBM2-CH_0: BW utilization 0% (0 reads, 0 writes)
[2026-03-31 18:09:57.554] [info] HBM2-CH_0: BW utilization 0% (0 reads, 0 writes)
[2026-03-31 18:09:57.641] [info] HBM2-CH_0: BW utilization 0% (0 reads, 0 writes)
[2026-03-31 18:09:57.729] [info] HBM2-CH_0: BW utilization 0% (0 reads, 0 writes)
[2026-03-31 18:09:57.817] [info] HBM2-CH_0: BW utilization 0% (0 reads, 0 writes)
[2026-03-31 18:09:57.905] [info] HBM2-CH_0: BW utilization 0% (0 reads, 0 writes)
[2026-03-31 18:09:58.010] [info] HBM2-CH_0: BW utilization 0% (0 reads, 0 writes)
[2026-03-31 18:09:58.108] [info] HBM2-CH_0: BW utilization 0% (0 reads, 0 writes)
[2026-03-31 18:09:58.205] [info] HBM2-CH_0: BW utilization 0% (0 reads, 0 writes)
[2026-03-31 18:09:58.297] [info] HBM2-CH_0: BW utilization 0% (0 reads, 0 writes)
[2026-03-31 18:09:58.387] [info] HBM2-CH_0: BW utilization 0% (0 reads, 0 writes)
[2026-03-31 18:09:58.475] [info] HBM2-CH_0: BW utilization 0% (0 reads, 0 writes)
[2026-03-31 18:09:58.563] [info] HBM2-CH_0: BW utilization 0% (0 reads, 0 writes)
[2026-03-31 18:09:58.651] [info] HBM2-CH_0: BW utilization 0% (0 reads, 0 writes)
[2026-03-31 18:09:58.739] [info] HBM2-CH_0: BW utilization 0% (0 reads, 0 writes)
[2026-03-31 18:09:58.827] [info] HBM2-CH_0: BW utilization 0% (0 reads, 0 writes)
[2026-03-31 18:09:58.914] [info] HBM2-CH_0: BW utilization 0% (0 reads, 0 writes)
[2026-03-31 18:09:59.002] [info] HBM2-CH_0: BW utilization 0% (0 reads, 0 writes)
[2026-03-31 18:09:59.091] [info] HBM2-CH_0: BW utilization 0% (0 reads, 0 writes)
[2026-03-31 18:09:59.179] [info] HBM2-CH_0: BW utilization 0% (0 reads, 0 writes)
[2026-03-31 18:09:59.267] [info] HBM2-CH_0: BW utilization 0% (0 reads, 0 writes)
[2026-03-31 18:09:59.361] [info] HBM2-CH_0: BW utilization 0% (0 reads, 0 writes)
[2026-03-31 18:09:59.449] [info] HBM2-CH_0: BW utilization 0% (0 reads, 0 writes)
[2026-03-31 18:09:59.538] [info] HBM2-CH_0: BW utilization 0% (0 reads, 0 writes)
[2026-03-31 18:09:59.626] [info] HBM2-CH_0: BW utilization 0% (0 reads, 0 writes)
[2026-03-31 18:09:59.715] [info] HBM2-CH_0: BW utilization 0% (0 reads, 0 writes)
[2026-03-31 18:09:59.803] [info] HBM2-CH_0: BW utilization 0% (0 reads, 0 writes)
[2026-03-31 18:09:59.890] [info] HBM2-CH_0: BW utilization 0% (0 reads, 0 writes)
[2026-03-31 18:09:59.979] [info] HBM2-CH_0: BW utilization 0% (0 reads, 0 writes)
[2026-03-31 18:10:00.071] [info] HBM2-CH_0: BW utilization 0% (0 reads, 0 writes)
[2026-03-31 18:10:00.163] [info] HBM2-CH_0: BW utilization 0% (0 reads, 0 writes)
[2026-03-31 18:10:00.254] [info] HBM2-CH_0: BW utilization 0% (0 reads, 0 writes)
[2026-03-31 18:10:00.346] [info] HBM2-CH_0: BW utilization 0% (0 reads, 0 writes)
[2026-03-31 18:10:00.437] [info] HBM2-CH_0: BW utilization 0% (0 reads, 0 writes)
[2026-03-31 18:10:00.530] [info] HBM2-CH_0: BW utilization 0% (0 reads, 0 writes)
[2026-03-31 18:10:00.631] [info] HBM2-CH_0: BW utilization 0% (0 reads, 0 writes)
[2026-03-31 18:10:00.730] [info] HBM2-CH_0: BW utilization 0% (0 reads, 0 writes)
[2026-03-31 18:10:00.826] [info] HBM2-CH_0: BW utilization 0% (0 reads, 0 writes)
[2026-03-31 18:10:00.920] [info] HBM2-CH_0: BW utilization 0% (0 reads, 0 writes)
[2026-03-31 18:10:01.014] [info] HBM2-CH_0: BW utilization 0% (0 reads, 0 writes)
[2026-03-31 18:10:01.114] [info] HBM2-CH_0: BW utilization 0% (0 reads, 0 writes)
[2026-03-31 18:10:01.208] [info] HBM2-CH_0: BW utilization 0% (0 reads, 0 writes)
[2026-03-31 18:10:01.301] [info] HBM2-CH_0: BW utilization 0% (0 reads, 0 writes)
[2026-03-31 18:10:01.393] [info] HBM2-CH_0: BW utilization 0% (0 reads, 0 writes)
[2026-03-31 18:10:01.486] [info] HBM2-CH_0: BW utilization 0% (0 reads, 0 writes)
[2026-03-31 18:10:01.578] [info] HBM2-CH_0: BW utilization 0% (0 reads, 0 writes)
[2026-03-31 18:10:01.670] [info] HBM2-CH_0: BW utilization 0% (0 reads, 0 writes)
[2026-03-31 18:10:01.762] [info] HBM2-CH_0: BW utilization 0% (0 reads, 0 writes)
[2026-03-31 18:10:01.854] [info] HBM2-CH_0: BW utilization 0% (0 reads, 0 writes)
[2026-03-31 18:10:01.954] [info] HBM2-CH_0: BW utilization 0% (0 reads, 0 writes)
[2026-03-31 18:10:02.054] [info] HBM2-CH_0: BW utilization 0% (0 reads, 0 writes)
[2026-03-31 18:10:02.154] [info] HBM2-CH_0: BW utilization 0% (0 reads, 0 writes)
[2026-03-31 18:10:02.249] [info] HBM2-CH_0: BW utilization 0% (0 reads, 0 writes)
[2026-03-31 18:10:02.343] [info] HBM2-CH_0: BW utilization 0% (0 reads, 0 writes)
[2026-03-31 18:10:02.437] [info] HBM2-CH_0: BW utilization 0% (0 reads, 0 writes)
[2026-03-31 18:10:02.530] [info] HBM2-CH_0: BW utilization 0% (0 reads, 0 writes)
[2026-03-31 18:10:02.623] [info] HBM2-CH_0: BW utilization 0% (0 reads, 0 writes)
[2026-03-31 18:10:02.716] [info] HBM2-CH_0: BW utilization 0% (0 reads, 0 writes)
[2026-03-31 18:10:02.809] [info] HBM2-CH_0: BW utilization 0% (0 reads, 0 writes)
[2026-03-31 18:10:02.902] [info] HBM2-CH_0: BW utilization 0% (0 reads, 0 writes)
[2026-03-31 18:10:02.996] [info] HBM2-CH_0: BW utilization 0% (0 reads, 0 writes)
[2026-03-31 18:10:03.090] [info] HBM2-CH_0: BW utilization 0% (0 reads, 0 writes)
[2026-03-31 18:10:03.185] [info] HBM2-CH_0: BW utilization 0% (0 reads, 0 writes)
[2026-03-31 18:10:03.279] [info] HBM2-CH_0: BW utilization 0% (0 reads, 0 writes)
[2026-03-31 18:10:03.391] [info] HBM2-CH_0: BW utilization 0% (0 reads, 0 writes)
[2026-03-31 18:10:03.489] [info] HBM2-CH_0: BW utilization 0% (0 reads, 0 writes)
[2026-03-31 18:10:03.583] [info] HBM2-CH_0: BW utilization 0% (0 reads, 0 writes)
[2026-03-31 18:10:03.682] [info] HBM2-CH_0: BW utilization 0% (0 reads, 0 writes)
[2026-03-31 18:10:03.778] [info] HBM2-CH_0: BW utilization 0% (0 reads, 0 writes)
[2026-03-31 18:10:03.868] [info] HBM2-CH_0: BW utilization 0% (0 reads, 0 writes)
[2026-03-31 18:10:03.956] [info] HBM2-CH_0: BW utilization 0% (0 reads, 0 writes)
[2026-03-31 18:10:04.043] [info] HBM2-CH_0: BW utilization 0% (0 reads, 0 writes)
[2026-03-31 18:10:04.129] [info] HBM2-CH_0: BW utilization 0% (0 reads, 0 writes)
[2026-03-31 18:10:04.227] [info] HBM2-CH_0: BW utilization 0% (0 reads, 0 writes)
[2026-03-31 18:10:04.313] [info] HBM2-CH_0: BW utilization 0% (0 reads, 0 writes)
[2026-03-31 18:10:04.398] [info] HBM2-CH_0: BW utilization 0% (0 reads, 0 writes)
[2026-03-31 18:10:04.483] [info] HBM2-CH_0: BW utilization 0% (0 reads, 0 writes)
[2026-03-31 18:10:04.568] [info] HBM2-CH_0: BW utilization 0% (0 reads, 0 writes)
[2026-03-31 18:10:04.661] [info] HBM2-CH_0: BW utilization 0% (0 reads, 0 writes)
[2026-03-31 18:10:04.752] [info] HBM2-CH_0: BW utilization 0% (0 reads, 0 writes)
[2026-03-31 18:10:04.841] [info] HBM2-CH_0: BW utilization 0% (0 reads, 0 writes)
[2026-03-31 18:10:04.928] [info] HBM2-CH_0: BW utilization 0% (0 reads, 0 writes)
[2026-03-31 18:10:05.014] [info] HBM2-CH_0: BW utilization 0% (0 reads, 0 writes)
[2026-03-31 18:10:05.101] [info] HBM2-CH_0: BW utilization 0% (0 reads, 0 writes)
[2026-03-31 18:10:05.192] [info] HBM2-CH_0: BW utilization 0% (0 reads, 0 writes)
[2026-03-31 18:10:05.278] [info] HBM2-CH_0: BW utilization 0% (0 reads, 0 writes)
[2026-03-31 18:10:05.365] [info] HBM2-CH_0: BW utilization 0% (0 reads, 0 writes)
[2026-03-31 18:10:05.453] [info] HBM2-CH_0: BW utilization 0% (0 reads, 0 writes)
[2026-03-31 18:10:05.540] [info] HBM2-CH_0: BW utilization 0% (0 reads, 0 writes)
[2026-03-31 18:10:05.629] [info] HBM2-CH_0: BW utilization 0% (0 reads, 0 writes)
[2026-03-31 18:10:05.714] [info] HBM2-CH_0: BW utilization 0% (0 reads, 0 writes)
[2026-03-31 18:10:05.802] [info] HBM2-CH_0: BW utilization 0% (0 reads, 0 writes)
[2026-03-31 18:10:05.905] [info] HBM2-CH_0: BW utilization 0% (0 reads, 0 writes)
[2026-03-31 18:10:05.994] [info] HBM2-CH_0: BW utilization 0% (0 reads, 0 writes)
[2026-03-31 18:10:06.083] [info] HBM2-CH_0: BW utilization 0% (0 reads, 0 writes)
[2026-03-31 18:10:06.170] [info] HBM2-CH_0: BW utilization 0% (0 reads, 0 writes)
[2026-03-31 18:10:06.261] [info] HBM2-CH_0: BW utilization 0% (0 reads, 0 writes)
[2026-03-31 18:10:06.348] [info] HBM2-CH_0: BW utilization 0% (0 reads, 0 writes)
[2026-03-31 18:10:06.435] [info] HBM2-CH_0: BW utilization 0% (0 reads, 0 writes)
[2026-03-31 18:10:06.522] [info] HBM2-CH_0: BW utilization 0% (0 reads, 0 writes)
[2026-03-31 18:10:06.610] [info] HBM2-CH_0: BW utilization 0% (0 reads, 0 writes)
[2026-03-31 18:10:06.697] [info] HBM2-CH_0: BW utilization 0% (0 reads, 0 writes)
[2026-03-31 18:10:06.784] [info] HBM2-CH_0: BW utilization 0% (0 reads, 0 writes)
[2026-03-31 18:10:06.874] [info] HBM2-CH_0: BW utilization 0% (0 reads, 0 writes)
[2026-03-31 18:10:06.960] [info] HBM2-CH_0: BW utilization 0% (0 reads, 0 writes)
[2026-03-31 18:10:07.045] [info] HBM2-CH_0: BW utilization 0% (0 reads, 0 writes)
[2026-03-31 18:10:07.148] [info] HBM2-CH_0: BW utilization 0% (0 reads, 0 writes)
[2026-03-31 18:10:07.239] [info] HBM2-CH_0: BW utilization 0% (0 reads, 0 writes)
[2026-03-31 18:10:07.326] [info] HBM2-CH_0: BW utilization 0% (0 reads, 0 writes)
[2026-03-31 18:10:07.413] [info] HBM2-CH_0: BW utilization 0% (0 reads, 0 writes)
[2026-03-31 18:10:07.501] [info] HBM2-CH_0: BW utilization 0% (0 reads, 0 writes)
[2026-03-31 18:10:07.588] [info] HBM2-CH_0: BW utilization 0% (0 reads, 0 writes)
[2026-03-31 18:10:07.677] [info] HBM2-CH_0: BW utilization 0% (0 reads, 0 writes)
[2026-03-31 18:10:07.766] [info] HBM2-CH_0: BW utilization 0% (0 reads, 0 writes)
[2026-03-31 18:10:07.854] [info] HBM2-CH_0: BW utilization 0% (0 reads, 0 writes)
[2026-03-31 18:10:07.942] [info] HBM2-CH_0: BW utilization 0% (0 reads, 0 writes)
[2026-03-31 18:10:08.031] [info] HBM2-CH_0: BW utilization 0% (0 reads, 0 writes)
[2026-03-31 18:10:08.121] [info] HBM2-CH_0: BW utilization 0% (0 reads, 0 writes)
[2026-03-31 18:10:08.213] [info] HBM2-CH_0: BW utilization 0% (0 reads, 0 writes)
[2026-03-31 18:10:08.307] [info] HBM2-CH_0: BW utilization 0% (0 reads, 0 writes)
[2026-03-31 18:10:08.418] [info] HBM2-CH_0: BW utilization 0% (0 reads, 0 writes)
[2026-03-31 18:10:08.518] [info] HBM2-CH_0: BW utilization 0% (0 reads, 0 writes)
[2026-03-31 18:10:08.615] [info] HBM2-CH_0: BW utilization 0% (0 reads, 0 writes)
[2026-03-31 18:10:08.708] [info] HBM2-CH_0: BW utilization 0% (0 reads, 0 writes)
[2026-03-31 18:10:08.804] [info] HBM2-CH_0: BW utilization 0% (0 reads, 0 writes)
[2026-03-31 18:10:08.899] [info] HBM2-CH_0: BW utilization 0% (0 reads, 0 writes)
[2026-03-31 18:10:08.993] [info] HBM2-CH_0: BW utilization 0% (0 reads, 0 writes)
[2026-03-31 18:10:09.087] [info] HBM2-CH_0: BW utilization 0% (0 reads, 0 writes)
[2026-03-31 18:10:09.182] [info] HBM2-CH_0: BW utilization 0% (0 reads, 0 writes)
[2026-03-31 18:10:09.276] [info] HBM2-CH_0: BW utilization 0% (0 reads, 0 writes)
[2026-03-31 18:10:09.370] [info] HBM2-CH_0: BW utilization 0% (0 reads, 0 writes)
[2026-03-31 18:10:09.463] [info] HBM2-CH_0: BW utilization 0% (0 reads, 0 writes)
[2026-03-31 18:10:09.559] [info] HBM2-CH_0: BW utilization 0% (0 reads, 0 writes)
[2026-03-31 18:10:09.660] [info] HBM2-CH_0: BW utilization 0% (0 reads, 0 writes)
[2026-03-31 18:10:09.762] [info] HBM2-CH_0: BW utilization 0% (0 reads, 0 writes)
[2026-03-31 18:10:09.859] [info] HBM2-CH_0: BW utilization 0% (0 reads, 0 writes)
[2026-03-31 18:10:09.953] [info] HBM2-CH_0: BW utilization 0% (0 reads, 0 writes)
[2026-03-31 18:10:10.046] [info] HBM2-CH_0: BW utilization 0% (0 reads, 0 writes)
[2026-03-31 18:10:10.141] [info] HBM2-CH_0: BW utilization 0% (0 reads, 0 writes)
[2026-03-31 18:10:10.236] [info] HBM2-CH_0: BW utilization 0% (0 reads, 0 writes)
[2026-03-31 18:10:10.329] [info] HBM2-CH_0: BW utilization 0% (0 reads, 0 writes)
[2026-03-31 18:10:10.421] [info] HBM2-CH_0: BW utilization 0% (0 reads, 0 writes)
[2026-03-31 18:10:10.513] [info] HBM2-CH_0: BW utilization 0% (0 reads, 0 writes)
[2026-03-31 18:10:10.604] [info] HBM2-CH_0: BW utilization 0% (0 reads, 0 writes)
[2026-03-31 18:10:10.696] [info] HBM2-CH_0: BW utilization 0% (0 reads, 0 writes)
[2026-03-31 18:10:10.787] [info] HBM2-CH_0: BW utilization 0% (0 reads, 0 writes)
[2026-03-31 18:10:10.885] [info] HBM2-CH_0: BW utilization 0% (0 reads, 0 writes)
[2026-03-31 18:10:10.983] [info] HBM2-CH_0: BW utilization 0% (0 reads, 0 writes)
[2026-03-31 18:10:11.077] [info] HBM2-CH_0: BW utilization 0% (0 reads, 0 writes)
[2026-03-31 18:10:11.171] [info] HBM2-CH_0: BW utilization 0% (0 reads, 0 writes)
[2026-03-31 18:10:11.263] [info] HBM2-CH_0: BW utilization 0% (0 reads, 0 writes)
[2026-03-31 18:10:11.357] [info] HBM2-CH_0: BW utilization 0% (0 reads, 0 writes)
[2026-03-31 18:10:11.449] [info] HBM2-CH_0: BW utilization 0% (0 reads, 0 writes)
[2026-03-31 18:10:11.540] [info] HBM2-CH_0: BW utilization 0% (0 reads, 0 writes)
[2026-03-31 18:10:11.633] [info] HBM2-CH_0: BW utilization 0% (0 reads, 0 writes)
[2026-03-31 18:10:11.725] [info] HBM2-CH_0: BW utilization 0% (0 reads, 0 writes)
[2026-03-31 18:10:11.817] [info] HBM2-CH_0: BW utilization 0% (0 reads, 0 writes)
[2026-03-31 18:10:11.906] [info] HBM2-CH_0: BW utilization 0% (0 reads, 0 writes)
[2026-03-31 18:10:11.994] [info] HBM2-CH_0: BW utilization 0% (0 reads, 0 writes)
[2026-03-31 18:10:12.087] [info] HBM2-CH_0: BW utilization 0% (0 reads, 0 writes)
[2026-03-31 18:10:12.178] [info] HBM2-CH_0: BW utilization 0% (0 reads, 0 writes)
[2026-03-31 18:10:12.266] [info] HBM2-CH_0: BW utilization 0% (0 reads, 0 writes)
[2026-03-31 18:10:12.357] [info] HBM2-CH_0: BW utilization 0% (0 reads, 0 writes)
[2026-03-31 18:10:12.444] [info] HBM2-CH_0: BW utilization 0% (0 reads, 0 writes)
[2026-03-31 18:10:12.532] [info] HBM2-CH_0: BW utilization 0% (0 reads, 0 writes)
[2026-03-31 18:10:12.621] [info] HBM2-CH_0: BW utilization 0% (0 reads, 0 writes)
[2026-03-31 18:10:12.708] [info] HBM2-CH_0: BW utilization 0% (0 reads, 0 writes)
[2026-03-31 18:10:12.796] [info] HBM2-CH_0: BW utilization 0% (0 reads, 0 writes)
[2026-03-31 18:10:12.883] [info] HBM2-CH_0: BW utilization 0% (0 reads, 0 writes)
[2026-03-31 18:10:12.971] [info] HBM2-CH_0: BW utilization 0% (0 reads, 0 writes)
[2026-03-31 18:10:13.058] [info] HBM2-CH_0: BW utilization 0% (0 reads, 0 writes)
[2026-03-31 18:10:13.146] [info] HBM2-CH_0: BW utilization 0% (0 reads, 0 writes)
[2026-03-31 18:10:13.240] [info] HBM2-CH_0: BW utilization 0% (0 reads, 0 writes)
[2026-03-31 18:10:13.327] [info] HBM2-CH_0: BW utilization 0% (0 reads, 0 writes)
[2026-03-31 18:10:13.418] [info] HBM2-CH_0: BW utilization 0% (0 reads, 0 writes)
[2026-03-31 18:10:13.505] [info] HBM2-CH_0: BW utilization 0% (0 reads, 0 writes)
[2026-03-31 18:10:13.592] [info] HBM2-CH_0: BW utilization 0% (0 reads, 0 writes)
[2026-03-31 18:10:13.680] [info] HBM2-CH_0: BW utilization 0% (0 reads, 0 writes)
[2026-03-31 18:10:13.768] [info] HBM2-CH_0: BW utilization 0% (0 reads, 0 writes)
[2026-03-31 18:10:13.855] [info] HBM2-CH_0: BW utilization 0% (0 reads, 0 writes)
[2026-03-31 18:10:13.943] [info] HBM2-CH_0: BW utilization 0% (0 reads, 0 writes)
[2026-03-31 18:10:14.031] [info] HBM2-CH_0: BW utilization 0% (0 reads, 0 writes)
[2026-03-31 18:10:14.120] [info] HBM2-CH_0: BW utilization 0% (0 reads, 0 writes)
[2026-03-31 18:10:14.207] [info] HBM2-CH_0: BW utilization 0% (0 reads, 0 writes)
[2026-03-31 18:10:14.294] [info] HBM2-CH_0: BW utilization 0% (0 reads, 0 writes)
[2026-03-31 18:10:14.402] [info] HBM2-CH_0: BW utilization 0% (0 reads, 0 writes)
[2026-03-31 18:10:14.490] [info] HBM2-CH_0: BW utilization 0% (0 reads, 0 writes)
[2026-03-31 18:10:14.578] [info] HBM2-CH_0: BW utilization 0% (0 reads, 0 writes)
[2026-03-31 18:10:14.666] [info] HBM2-CH_0: BW utilization 0% (0 reads, 0 writes)
[2026-03-31 18:10:14.753] [info] HBM2-CH_0: BW utilization 0% (0 reads, 0 writes)
[2026-03-31 18:10:14.841] [info] HBM2-CH_0: BW utilization 0% (0 reads, 0 writes)
[2026-03-31 18:10:14.928] [info] HBM2-CH_0: BW utilization 0% (0 reads, 0 writes)
[2026-03-31 18:10:15.016] [info] HBM2-CH_0: BW utilization 0% (0 reads, 0 writes)
[2026-03-31 18:10:15.103] [info] HBM2-CH_0: BW utilization 0% (0 reads, 0 writes)
[2026-03-31 18:10:15.191] [info] HBM2-CH_0: BW utilization 0% (0 reads, 0 writes)
[2026-03-31 18:10:15.279] [info] HBM2-CH_0: BW utilization 0% (0 reads, 0 writes)
[2026-03-31 18:10:15.367] [info] HBM2-CH_0: BW utilization 0% (0 reads, 0 writes)
[2026-03-31 18:10:15.458] [info] HBM2-CH_0: BW utilization 0% (0 reads, 0 writes)
[2026-03-31 18:10:15.552] [info] HBM2-CH_0: BW utilization 0% (0 reads, 0 writes)
[2026-03-31 18:10:15.640] [info] HBM2-CH_0: BW utilization 0% (0 reads, 0 writes)
[2026-03-31 18:10:15.728] [info] HBM2-CH_0: BW utilization 0% (0 reads, 0 writes)
[2026-03-31 18:10:15.816] [info] HBM2-CH_0: BW utilization 0% (0 reads, 0 writes)
[2026-03-31 18:10:15.905] [info] HBM2-CH_0: BW utilization 0% (0 reads, 0 writes)
[2026-03-31 18:10:15.995] [info] HBM2-CH_0: BW utilization 0% (0 reads, 0 writes)
[2026-03-31 18:10:16.086] [info] HBM2-CH_0: BW utilization 0% (0 reads, 0 writes)
[2026-03-31 18:10:16.178] [info] HBM2-CH_0: BW utilization 0% (0 reads, 0 writes)
[2026-03-31 18:10:16.270] [info] HBM2-CH_0: BW utilization 0% (0 reads, 0 writes)
[2026-03-31 18:10:16.363] [info] HBM2-CH_0: BW utilization 0% (0 reads, 0 writes)
[2026-03-31 18:10:16.456] [info] HBM2-CH_0: BW utilization 0% (0 reads, 0 writes)
[2026-03-31 18:10:16.549] [info] HBM2-CH_0: BW utilization 0% (0 reads, 0 writes)
[2026-03-31 18:10:16.641] [info] HBM2-CH_0: BW utilization 0% (0 reads, 0 writes)
[2026-03-31 18:10:16.754] [info] HBM2-CH_0: BW utilization 0% (0 reads, 0 writes)
[2026-03-31 18:10:16.850] [info] HBM2-CH_0: BW utilization 0% (0 reads, 0 writes)
[2026-03-31 18:10:16.944] [info] HBM2-CH_0: BW utilization 0% (0 reads, 0 writes)
[2026-03-31 18:10:17.038] [info] HBM2-CH_0: BW utilization 0% (0 reads, 0 writes)
[2026-03-31 18:10:17.130] [info] HBM2-CH_0: BW utilization 0% (0 reads, 0 writes)
[2026-03-31 18:10:17.223] [info] HBM2-CH_0: BW utilization 0% (0 reads, 0 writes)
[2026-03-31 18:10:17.316] [info] HBM2-CH_0: BW utilization 0% (0 reads, 0 writes)
[2026-03-31 18:10:17.408] [info] HBM2-CH_0: BW utilization 0% (0 reads, 0 writes)
[2026-03-31 18:10:17.502] [info] HBM2-CH_0: BW utilization 0% (0 reads, 0 writes)
[2026-03-31 18:10:17.594] [info] HBM2-CH_0: BW utilization 0% (0 reads, 0 writes)
[2026-03-31 18:10:17.686] [info] HBM2-CH_0: BW utilization 0% (0 reads, 0 writes)
[2026-03-31 18:10:17.778] [info] HBM2-CH_0: BW utilization 0% (0 reads, 0 writes)
[2026-03-31 18:10:17.871] [info] HBM2-CH_0: BW utilization 0% (0 reads, 0 writes)
[2026-03-31 18:10:17.981] [info] HBM2-CH_0: BW utilization 0% (0 reads, 0 writes)
[2026-03-31 18:10:18.078] [info] HBM2-CH_0: BW utilization 0% (0 reads, 0 writes)
[2026-03-31 18:10:18.174] [info] HBM2-CH_0: BW utilization 0% (0 reads, 0 writes)
[2026-03-31 18:10:18.267] [info] HBM2-CH_0: BW utilization 0% (0 reads, 0 writes)
[2026-03-31 18:10:18.360] [info] HBM2-CH_0: BW utilization 0% (0 reads, 0 writes)
[2026-03-31 18:10:18.452] [info] HBM2-CH_0: BW utilization 0% (0 reads, 0 writes)
[2026-03-31 18:10:18.546] [info] HBM2-CH_0: BW utilization 0% (0 reads, 0 writes)
[2026-03-31 18:10:18.640] [info] HBM2-CH_0: BW utilization 0% (0 reads, 0 writes)
[2026-03-31 18:10:18.733] [info] HBM2-CH_0: BW utilization 0% (0 reads, 0 writes)
[2026-03-31 18:10:18.827] [info] HBM2-CH_0: BW utilization 0% (0 reads, 0 writes)
[2026-03-31 18:10:18.920] [info] HBM2-CH_0: BW utilization 0% (0 reads, 0 writes)
[2026-03-31 18:10:19.012] [info] HBM2-CH_0: BW utilization 0% (0 reads, 0 writes)
[2026-03-31 18:10:19.105] [info] HBM2-CH_0: BW utilization 0% (0 reads, 0 writes)
[2026-03-31 18:10:19.213] [info] HBM2-CH_0: BW utilization 0% (0 reads, 0 writes)
[2026-03-31 18:10:19.311] [info] HBM2-CH_0: BW utilization 0% (0 reads, 0 writes)
[2026-03-31 18:10:19.406] [info] HBM2-CH_0: BW utilization 0% (0 reads, 0 writes)
[2026-03-31 18:10:19.500] [info] HBM2-CH_0: BW utilization 0% (0 reads, 0 writes)
[2026-03-31 18:10:19.597] [info] HBM2-CH_0: BW utilization 0% (0 reads, 0 writes)
[2026-03-31 18:10:19.689] [info] HBM2-CH_0: BW utilization 0% (0 reads, 0 writes)
[2026-03-31 18:10:19.782] [info] HBM2-CH_0: BW utilization 0% (0 reads, 0 writes)
[2026-03-31 18:10:19.875] [info] HBM2-CH_0: BW utilization 0% (0 reads, 0 writes)
[2026-03-31 18:10:19.967] [info] HBM2-CH_0: BW utilization 0% (0 reads, 0 writes)
[2026-03-31 18:10:20.059] [info] HBM2-CH_0: BW utilization 0% (0 reads, 0 writes)
[2026-03-31 18:10:20.150] [info] HBM2-CH_0: BW utilization 0% (0 reads, 0 writes)
[2026-03-31 18:10:20.241] [info] HBM2-CH_0: BW utilization 0% (0 reads, 0 writes)
[2026-03-31 18:10:20.334] [info] HBM2-CH_0: BW utilization 0% (0 reads, 0 writes)
[2026-03-31 18:10:20.432] [info] HBM2-CH_0: BW utilization 0% (0 reads, 0 writes)
[2026-03-31 18:10:20.530] [info] HBM2-CH_0: BW utilization 0% (0 reads, 0 writes)
[2026-03-31 18:10:20.626] [info] HBM2-CH_0: BW utilization 0% (0 reads, 0 writes)
[2026-03-31 18:10:20.720] [info] HBM2-CH_0: BW utilization 0% (0 reads, 0 writes)
[2026-03-31 18:10:20.812] [info] HBM2-CH_0: BW utilization 0% (0 reads, 0 writes)
[2026-03-31 18:10:20.905] [info] HBM2-CH_0: BW utilization 0% (0 reads, 0 writes)
[2026-03-31 18:10:20.997] [info] HBM2-CH_0: BW utilization 0% (0 reads, 0 writes)
[2026-03-31 18:10:21.089] [info] HBM2-CH_0: BW utilization 0% (0 reads, 0 writes)
[2026-03-31 18:10:21.182] [info] HBM2-CH_0: BW utilization 0% (0 reads, 0 writes)
[2026-03-31 18:10:21.274] [info] HBM2-CH_0: BW utilization 0% (0 reads, 0 writes)
[2026-03-31 18:10:21.365] [info] HBM2-CH_0: BW utilization 0% (0 reads, 0 writes)
[2026-03-31 18:10:21.456] [info] HBM2-CH_0: BW utilization 0% (0 reads, 0 writes)
[2026-03-31 18:10:21.555] [info] HBM2-CH_0: BW utilization 0% (0 reads, 0 writes)
[2026-03-31 18:10:21.654] [info] HBM2-CH_0: BW utilization 0% (0 reads, 0 writes)
[2026-03-31 18:10:21.749] [info] HBM2-CH_0: BW utilization 0% (0 reads, 0 writes)
[2026-03-31 18:10:21.844] [info] HBM2-CH_0: BW utilization 0% (0 reads, 0 writes)
[2026-03-31 18:10:21.936] [info] HBM2-CH_0: BW utilization 0% (0 reads, 0 writes)
[2026-03-31 18:10:22.030] [info] HBM2-CH_0: BW utilization 0% (0 reads, 0 writes)
[2026-03-31 18:10:22.123] [info] HBM2-CH_0: BW utilization 0% (0 reads, 0 writes)
[2026-03-31 18:10:22.216] [info] HBM2-CH_0: BW utilization 0% (0 reads, 0 writes)
[2026-03-31 18:10:22.309] [info] HBM2-CH_0: BW utilization 0% (0 reads, 0 writes)
[2026-03-31 18:10:22.401] [info] HBM2-CH_0: BW utilization 0% (0 reads, 0 writes)
[2026-03-31 18:10:22.492] [info] HBM2-CH_0: BW utilization 0% (0 reads, 0 writes)
[2026-03-31 18:10:22.585] [info] HBM2-CH_0: BW utilization 0% (0 reads, 0 writes)
[2026-03-31 18:10:22.679] [info] HBM2-CH_0: BW utilization 0% (0 reads, 0 writes)
[2026-03-31 18:10:22.789] [info] HBM2-CH_0: BW utilization 0% (0 reads, 0 writes)
[2026-03-31 18:10:22.889] [info] HBM2-CH_0: BW utilization 0% (0 reads, 0 writes)
[2026-03-31 18:10:22.983] [info] HBM2-CH_0: BW utilization 0% (0 reads, 0 writes)
[2026-03-31 18:10:23.075] [info] HBM2-CH_0: BW utilization 0% (0 reads, 0 writes)
[2026-03-31 18:10:23.168] [info] HBM2-CH_0: BW utilization 0% (0 reads, 0 writes)
[2026-03-31 18:10:23.261] [info] HBM2-CH_0: BW utilization 0% (0 reads, 0 writes)
[2026-03-31 18:10:23.352] [info] HBM2-CH_0: BW utilization 0% (0 reads, 0 writes)
[2026-03-31 18:10:23.443] [info] HBM2-CH_0: BW utilization 0% (0 reads, 0 writes)
[2026-03-31 18:10:23.535] [info] HBM2-CH_0: BW utilization 0% (0 reads, 0 writes)
[2026-03-31 18:10:23.645] [info] HBM2-CH_0: BW utilization 0% (0 reads, 0 writes)
[2026-03-31 18:10:23.736] [info] HBM2-CH_0: BW utilization 0% (0 reads, 0 writes)
[2026-03-31 18:10:23.827] [info] HBM2-CH_0: BW utilization 0% (0 reads, 0 writes)
[2026-03-31 18:10:23.941] [info] HBM2-CH_0: BW utilization 0% (0 reads, 0 writes)
[2026-03-31 18:10:24.036] [info] HBM2-CH_0: BW utilization 0% (0 reads, 0 writes)
[2026-03-31 18:10:24.131] [info] HBM2-CH_0: BW utilization 0% (0 reads, 0 writes)
[2026-03-31 18:10:24.224] [info] HBM2-CH_0: BW utilization 0% (0 reads, 0 writes)
[2026-03-31 18:10:24.318] [info] HBM2-CH_0: BW utilization 0% (0 reads, 0 writes)
[2026-03-31 18:10:24.410] [info] HBM2-CH_0: BW utilization 0% (0 reads, 0 writes)
[2026-03-31 18:10:24.502] [info] HBM2-CH_0: BW utilization 0% (0 reads, 0 writes)
[2026-03-31 18:10:24.594] [info] HBM2-CH_0: BW utilization 0% (0 reads, 0 writes)
[2026-03-31 18:10:24.687] [info] HBM2-CH_0: BW utilization 0% (0 reads, 0 writes)
[2026-03-31 18:10:24.785] [info] HBM2-CH_0: BW utilization 0% (0 reads, 0 writes)
[2026-03-31 18:10:24.879] [info] HBM2-CH_0: BW utilization 0% (0 reads, 0 writes)
[2026-03-31 18:10:24.970] [info] HBM2-CH_0: BW utilization 0% (0 reads, 0 writes)
[2026-03-31 18:10:25.062] [info] HBM2-CH_0: BW utilization 0% (0 reads, 0 writes)
[2026-03-31 18:10:25.174] [info] HBM2-CH_0: BW utilization 0% (0 reads, 0 writes)
[2026-03-31 18:10:25.270] [info] HBM2-CH_0: BW utilization 0% (0 reads, 0 writes)
[2026-03-31 18:10:25.364] [info] HBM2-CH_0: BW utilization 0% (0 reads, 0 writes)
[2026-03-31 18:10:25.456] [info] HBM2-CH_0: BW utilization 0% (0 reads, 0 writes)
[2026-03-31 18:10:25.548] [info] HBM2-CH_0: BW utilization 0% (0 reads, 0 writes)
[2026-03-31 18:10:25.640] [info] HBM2-CH_0: BW utilization 0% (0 reads, 0 writes)
[2026-03-31 18:10:25.739] [info] HBM2-CH_0: BW utilization 0% (0 reads, 0 writes)
[2026-03-31 18:10:25.835] [info] HBM2-CH_0: BW utilization 0% (0 reads, 0 writes)
[2026-03-31 18:10:25.941] [info] HBM2-CH_0: BW utilization 0% (0 reads, 0 writes)
[2026-03-31 18:10:26.041] [info] HBM2-CH_0: BW utilization 0% (0 reads, 0 writes)
[2026-03-31 18:10:26.137] [info] HBM2-CH_0: BW utilization 0% (0 reads, 0 writes)
[2026-03-31 18:10:26.230] [info] HBM2-CH_0: BW utilization 0% (0 reads, 0 writes)
[2026-03-31 18:10:26.341] [info] HBM2-CH_0: BW utilization 0% (0 reads, 0 writes)
[2026-03-31 18:10:26.438] [info] HBM2-CH_0: BW utilization 0% (0 reads, 0 writes)
[2026-03-31 18:10:26.533] [info] HBM2-CH_0: BW utilization 0% (0 reads, 0 writes)
[2026-03-31 18:10:26.627] [info] HBM2-CH_0: BW utilization 0% (0 reads, 0 writes)
[2026-03-31 18:10:26.726] [info] HBM2-CH_0: BW utilization 0% (0 reads, 0 writes)
[2026-03-31 18:10:26.819] [info] HBM2-CH_0: BW utilization 0% (0 reads, 0 writes)
[2026-03-31 18:10:26.912] [info] HBM2-CH_0: BW utilization 0% (0 reads, 0 writes)
[2026-03-31 18:10:27.004] [info] HBM2-CH_0: BW utilization 0% (0 reads, 0 writes)
[2026-03-31 18:10:27.096] [info] HBM2-CH_0: BW utilization 0% (0 reads, 0 writes)
[2026-03-31 18:10:27.188] [info] HBM2-CH_0: BW utilization 0% (0 reads, 0 writes)
[2026-03-31 18:10:27.280] [info] HBM2-CH_0: BW utilization 0% (0 reads, 0 writes)
[2026-03-31 18:10:27.371] [info] HBM2-CH_0: BW utilization 0% (0 reads, 0 writes)
[2026-03-31 18:10:27.468] [info] HBM2-CH_0: BW utilization 0% (0 reads, 0 writes)
[2026-03-31 18:10:27.566] [info] HBM2-CH_0: BW utilization 0% (0 reads, 0 writes)
[2026-03-31 18:10:27.660] [info] HBM2-CH_0: BW utilization 0% (0 reads, 0 writes)
[2026-03-31 18:10:27.755] [info] HBM2-CH_0: BW utilization 0% (0 reads, 0 writes)
[2026-03-31 18:10:27.848] [info] HBM2-CH_0: BW utilization 0% (0 reads, 0 writes)
[2026-03-31 18:10:27.941] [info] HBM2-CH_0: BW utilization 0% (0 reads, 0 writes)
[2026-03-31 18:10:28.033] [info] HBM2-CH_0: BW utilization 0% (0 reads, 0 writes)
[2026-03-31 18:10:28.125] [info] HBM2-CH_0: BW utilization 0% (0 reads, 0 writes)
[2026-03-31 18:10:28.217] [info] HBM2-CH_0: BW utilization 0% (0 reads, 0 writes)
[2026-03-31 18:10:28.308] [info] HBM2-CH_0: BW utilization 0% (0 reads, 0 writes)
[2026-03-31 18:10:28.400] [info] HBM2-CH_0: BW utilization 0% (0 reads, 0 writes)
[2026-03-31 18:10:28.492] [info] HBM2-CH_0: BW utilization 0% (0 reads, 0 writes)
[2026-03-31 18:10:28.590] [info] HBM2-CH_0: BW utilization 0% (0 reads, 0 writes)
[2026-03-31 18:10:28.689] [info] HBM2-CH_0: BW utilization 0% (0 reads, 0 writes)
[2026-03-31 18:10:28.784] [info] HBM2-CH_0: BW utilization 0% (0 reads, 0 writes)
[2026-03-31 18:10:28.878] [info] HBM2-CH_0: BW utilization 0% (0 reads, 0 writes)
[2026-03-31 18:10:28.972] [info] HBM2-CH_0: BW utilization 0% (0 reads, 0 writes)
[2026-03-31 18:10:29.064] [info] HBM2-CH_0: BW utilization 0% (0 reads, 0 writes)
[2026-03-31 18:10:29.156] [info] HBM2-CH_0: BW utilization 0% (0 reads, 0 writes)
[2026-03-31 18:10:29.247] [info] HBM2-CH_0: BW utilization 0% (0 reads, 0 writes)
[2026-03-31 18:10:29.339] [info] HBM2-CH_0: BW utilization 0% (0 reads, 0 writes)
[2026-03-31 18:10:29.432] [info] HBM2-CH_0: BW utilization 0% (0 reads, 0 writes)
[2026-03-31 18:10:29.524] [info] HBM2-CH_0: BW utilization 0% (0 reads, 0 writes)
[2026-03-31 18:10:29.616] [info] HBM2-CH_0: BW utilization 0% (0 reads, 0 writes)
[2026-03-31 18:10:29.715] [info] HBM2-CH_0: BW utilization 0% (0 reads, 0 writes)
[2026-03-31 18:10:29.822] [info] HBM2-CH_0: BW utilization 0% (0 reads, 0 writes)
[2026-03-31 18:10:29.920] [info] HBM2-CH_0: BW utilization 0% (0 reads, 0 writes)
[2026-03-31 18:10:30.013] [info] HBM2-CH_0: BW utilization 0% (0 reads, 0 writes)
[2026-03-31 18:10:30.105] [info] HBM2-CH_0: BW utilization 0% (0 reads, 0 writes)
[2026-03-31 18:10:30.197] [info] HBM2-CH_0: BW utilization 0% (0 reads, 0 writes)
[2026-03-31 18:10:30.289] [info] HBM2-CH_0: BW utilization 0% (0 reads, 0 writes)
[2026-03-31 18:10:30.380] [info] HBM2-CH_0: BW utilization 0% (0 reads, 0 writes)
[2026-03-31 18:10:30.472] [info] HBM2-CH_0: BW utilization 0% (0 reads, 0 writes)
[2026-03-31 18:10:30.564] [info] HBM2-CH_0: BW utilization 0% (0 reads, 0 writes)
[2026-03-31 18:10:30.656] [info] HBM2-CH_0: BW utilization 0% (0 reads, 0 writes)
[2026-03-31 18:10:30.748] [info] HBM2-CH_0: BW utilization 0% (0 reads, 0 writes)
[2026-03-31 18:10:30.869] [info] HBM2-CH_0: BW utilization 0% (0 reads, 0 writes)
[2026-03-31 18:10:30.967] [info] HBM2-CH_0: BW utilization 0% (0 reads, 0 writes)
[2026-03-31 18:10:31.061] [info] HBM2-CH_0: BW utilization 0% (0 reads, 0 writes)
[2026-03-31 18:10:31.157] [info] HBM2-CH_0: BW utilization 0% (0 reads, 0 writes)
[2026-03-31 18:10:31.249] [info] HBM2-CH_0: BW utilization 0% (0 reads, 0 writes)
[2026-03-31 18:10:31.341] [info] HBM2-CH_0: BW utilization 0% (0 reads, 0 writes)
[2026-03-31 18:10:31.432] [info] HBM2-CH_0: BW utilization 0% (0 reads, 0 writes)
[2026-03-31 18:10:31.523] [info] HBM2-CH_0: BW utilization 0% (0 reads, 0 writes)
[2026-03-31 18:10:31.615] [info] HBM2-CH_0: BW utilization 0% (0 reads, 0 writes)
[2026-03-31 18:10:31.707] [info] HBM2-CH_0: BW utilization 0% (0 reads, 0 writes)
[2026-03-31 18:10:31.809] [info] HBM2-CH_0: BW utilization 0% (0 reads, 0 writes)
[2026-03-31 18:10:31.930] [info] HBM2-CH_0: BW utilization 0% (0 reads, 0 writes)
[2026-03-31 18:10:32.027] [info] HBM2-CH_0: BW utilization 0% (0 reads, 0 writes)
[2026-03-31 18:10:32.121] [info] HBM2-CH_0: BW utilization 0% (0 reads, 0 writes)
[2026-03-31 18:10:32.214] [info] HBM2-CH_0: BW utilization 0% (0 reads, 0 writes)
[2026-03-31 18:10:32.306] [info] HBM2-CH_0: BW utilization 0% (0 reads, 0 writes)
[2026-03-31 18:10:32.398] [info] HBM2-CH_0: BW utilization 0% (0 reads, 0 writes)
[2026-03-31 18:10:32.490] [info] HBM2-CH_0: BW utilization 0% (0 reads, 0 writes)
[2026-03-31 18:10:32.581] [info] HBM2-CH_0: BW utilization 0% (0 reads, 0 writes)
[2026-03-31 18:10:32.672] [info] HBM2-CH_0: BW utilization 0% (0 reads, 0 writes)
[2026-03-31 18:10:32.763] [info] HBM2-CH_0: BW utilization 0% (0 reads, 0 writes)
[2026-03-31 18:10:32.859] [info] HBM2-CH_0: BW utilization 0% (0 reads, 0 writes)
[2026-03-31 18:10:32.971] [info] HBM2-CH_0: BW utilization 0% (0 reads, 0 writes)
[2026-03-31 18:10:33.070] [info] HBM2-CH_0: BW utilization 0% (0 reads, 0 writes)
[2026-03-31 18:10:33.164] [info] HBM2-CH_0: BW utilization 0% (0 reads, 0 writes)
[2026-03-31 18:10:33.256] [info] HBM2-CH_0: BW utilization 0% (0 reads, 0 writes)
[2026-03-31 18:10:33.349] [info] HBM2-CH_0: BW utilization 0% (0 reads, 0 writes)
[2026-03-31 18:10:33.441] [info] HBM2-CH_0: BW utilization 0% (0 reads, 0 writes)
[2026-03-31 18:10:33.534] [info] HBM2-CH_0: BW utilization 0% (0 reads, 0 writes)
[2026-03-31 18:10:33.635] [info] HBM2-CH_0: BW utilization 0% (0 reads, 0 writes)
[2026-03-31 18:10:33.734] [info] HBM2-CH_0: BW utilization 0% (0 reads, 0 writes)
[2026-03-31 18:10:33.830] [info] HBM2-CH_0: BW utilization 0% (0 reads, 0 writes)
[2026-03-31 18:10:33.923] [info] HBM2-CH_0: BW utilization 0% (0 reads, 0 writes)
[2026-03-31 18:10:34.021] [info] HBM2-CH_0: BW utilization 0% (0 reads, 0 writes)
[2026-03-31 18:10:34.119] [info] HBM2-CH_0: BW utilization 0% (0 reads, 0 writes)
[2026-03-31 18:10:34.214] [info] HBM2-CH_0: BW utilization 0% (0 reads, 0 writes)
[2026-03-31 18:10:34.307] [info] HBM2-CH_0: BW utilization 0% (0 reads, 0 writes)
[2026-03-31 18:10:34.399] [info] HBM2-CH_0: BW utilization 0% (0 reads, 0 writes)
[2026-03-31 18:10:34.491] [info] HBM2-CH_0: BW utilization 0% (0 reads, 0 writes)
[2026-03-31 18:10:34.584] [info] HBM2-CH_0: BW utilization 0% (0 reads, 0 writes)
[2026-03-31 18:10:34.676] [info] HBM2-CH_0: BW utilization 0% (0 reads, 0 writes)
[2026-03-31 18:10:34.767] [info] HBM2-CH_0: BW utilization 0% (0 reads, 0 writes)
[2026-03-31 18:10:34.859] [info] HBM2-CH_0: BW utilization 0% (0 reads, 0 writes)
[2026-03-31 18:10:34.953] [info] HBM2-CH_0: BW utilization 0% (0 reads, 0 writes)
[2026-03-31 18:10:35.046] [info] HBM2-CH_0: BW utilization 0% (0 reads, 0 writes)
[2026-03-31 18:10:35.144] [info] HBM2-CH_0: BW utilization 0% (0 reads, 0 writes)
[2026-03-31 18:10:35.242] [info] HBM2-CH_0: BW utilization 0% (0 reads, 0 writes)
[2026-03-31 18:10:35.336] [info] HBM2-CH_0: BW utilization 0% (0 reads, 0 writes)
[2026-03-31 18:10:35.430] [info] HBM2-CH_0: BW utilization 0% (0 reads, 0 writes)
[2026-03-31 18:10:35.522] [info] HBM2-CH_0: BW utilization 0% (0 reads, 0 writes)
[2026-03-31 18:10:35.615] [info] HBM2-CH_0: BW utilization 0% (0 reads, 0 writes)
[2026-03-31 18:10:35.707] [info] HBM2-CH_0: BW utilization 0% (0 reads, 0 writes)
[2026-03-31 18:10:35.800] [info] HBM2-CH_0: BW utilization 0% (0 reads, 0 writes)
[2026-03-31 18:10:35.892] [info] HBM2-CH_0: BW utilization 0% (0 reads, 0 writes)
[2026-03-31 18:10:35.986] [info] HBM2-CH_0: BW utilization 0% (0 reads, 0 writes)
[2026-03-31 18:10:36.076] [info] HBM2-CH_0: BW utilization 0% (0 reads, 0 writes)
[2026-03-31 18:10:36.165] [info] HBM2-CH_0: BW utilization 0% (0 reads, 0 writes)
[2026-03-31 18:10:36.260] [info] HBM2-CH_0: BW utilization 0% (0 reads, 0 writes)
[2026-03-31 18:10:36.351] [info] HBM2-CH_0: BW utilization 0% (0 reads, 0 writes)
[2026-03-31 18:10:36.440] [info] HBM2-CH_0: BW utilization 0% (0 reads, 0 writes)
[2026-03-31 18:10:36.528] [info] HBM2-CH_0: BW utilization 0% (0 reads, 0 writes)
[2026-03-31 18:10:36.616] [info] HBM2-CH_0: BW utilization 0% (0 reads, 0 writes)
[2026-03-31 18:10:36.703] [info] HBM2-CH_0: BW utilization 0% (0 reads, 0 writes)
[2026-03-31 18:10:36.791] [info] HBM2-CH_0: BW utilization 0% (0 reads, 0 writes)
[2026-03-31 18:10:36.879] [info] HBM2-CH_0: BW utilization 0% (0 reads, 0 writes)
[2026-03-31 18:10:36.969] [info] HBM2-CH_0: BW utilization 0% (0 reads, 0 writes)
[2026-03-31 18:10:37.056] [info] HBM2-CH_0: BW utilization 0% (0 reads, 0 writes)
[2026-03-31 18:10:37.143] [info] HBM2-CH_0: BW utilization 0% (0 reads, 0 writes)
[2026-03-31 18:10:37.230] [info] HBM2-CH_0: BW utilization 0% (0 reads, 0 writes)
[2026-03-31 18:10:37.323] [info] HBM2-CH_0: BW utilization 0% (0 reads, 0 writes)
[2026-03-31 18:10:37.412] [info] HBM2-CH_0: BW utilization 0% (0 reads, 0 writes)
[2026-03-31 18:10:37.500] [info] HBM2-CH_0: BW utilization 0% (0 reads, 0 writes)
[2026-03-31 18:10:37.588] [info] HBM2-CH_0: BW utilization 0% (0 reads, 0 writes)
[2026-03-31 18:10:37.675] [info] HBM2-CH_0: BW utilization 0% (0 reads, 0 writes)
[2026-03-31 18:10:37.763] [info] HBM2-CH_0: BW utilization 0% (0 reads, 0 writes)
[2026-03-31 18:10:37.851] [info] HBM2-CH_0: BW utilization 0% (0 reads, 0 writes)
[2026-03-31 18:10:37.938] [info] HBM2-CH_0: BW utilization 0% (0 reads, 0 writes)
[2026-03-31 18:10:38.028] [info] HBM2-CH_0: BW utilization 0% (0 reads, 0 writes)
[2026-03-31 18:10:38.117] [info] HBM2-CH_0: BW utilization 0% (0 reads, 0 writes)
[2026-03-31 18:10:38.205] [info] HBM2-CH_0: BW utilization 0% (0 reads, 0 writes)
[2026-03-31 18:10:38.309] [info] HBM2-CH_0: BW utilization 0% (0 reads, 0 writes)
[2026-03-31 18:10:38.395] [info] HBM2-CH_0: BW utilization 0% (0 reads, 0 writes)
[2026-03-31 18:10:38.481] [info] HBM2-CH_0: BW utilization 0% (0 reads, 0 writes)
[2026-03-31 18:10:38.568] [info] HBM2-CH_0: BW utilization 0% (0 reads, 0 writes)
[2026-03-31 18:10:38.655] [info] HBM2-CH_0: BW utilization 0% (0 reads, 0 writes)
[2026-03-31 18:10:38.742] [info] HBM2-CH_0: BW utilization 0% (0 reads, 0 writes)
[2026-03-31 18:10:38.829] [info] HBM2-CH_0: BW utilization 0% (0 reads, 0 writes)
[2026-03-31 18:10:38.914] [info] HBM2-CH_0: BW utilization 0% (0 reads, 0 writes)
[2026-03-31 18:10:39.005] [info] HBM2-CH_0: BW utilization 0% (0 reads, 0 writes)
[2026-03-31 18:10:39.093] [info] HBM2-CH_0: BW utilization 0% (0 reads, 0 writes)
[2026-03-31 18:10:39.180] [info] HBM2-CH_0: BW utilization 0% (0 reads, 0 writes)
[2026-03-31 18:10:39.283] [info] HBM2-CH_0: BW utilization 0% (0 reads, 0 writes)
[2026-03-31 18:10:39.369] [info] HBM2-CH_0: BW utilization 0% (0 reads, 0 writes)
[2026-03-31 18:10:39.455] [info] HBM2-CH_0: BW utilization 0% (0 reads, 0 writes)
[2026-03-31 18:10:39.541] [info] HBM2-CH_0: BW utilization 0% (0 reads, 0 writes)
[2026-03-31 18:10:39.628] [info] HBM2-CH_0: BW utilization 0% (0 reads, 0 writes)
[2026-03-31 18:10:39.716] [info] HBM2-CH_0: BW utilization 0% (0 reads, 0 writes)
[2026-03-31 18:10:39.804] [info] HBM2-CH_0: BW utilization 0% (0 reads, 0 writes)
[2026-03-31 18:10:39.891] [info] HBM2-CH_0: BW utilization 0% (0 reads, 0 writes)
[2026-03-31 18:10:39.982] [info] HBM2-CH_0: BW utilization 0% (0 reads, 0 writes)
[2026-03-31 18:10:40.073] [info] HBM2-CH_0: BW utilization 0% (0 reads, 0 writes)
[2026-03-31 18:10:40.161] [info] HBM2-CH_0: BW utilization 0% (0 reads, 0 writes)
[2026-03-31 18:10:40.268] [info] HBM2-CH_0: BW utilization 0% (0 reads, 0 writes)
[2026-03-31 18:10:40.362] [info] HBM2-CH_0: BW utilization 0% (0 reads, 0 writes)
[2026-03-31 18:10:40.455] [info] HBM2-CH_0: BW utilization 0% (0 reads, 0 writes)
[2026-03-31 18:10:40.547] [info] HBM2-CH_0: BW utilization 0% (0 reads, 0 writes)
[2026-03-31 18:10:40.639] [info] HBM2-CH_0: BW utilization 0% (0 reads, 0 writes)
[2026-03-31 18:10:40.730] [info] HBM2-CH_0: BW utilization 0% (0 reads, 0 writes)
[2026-03-31 18:10:40.822] [info] HBM2-CH_0: BW utilization 0% (0 reads, 0 writes)
[2026-03-31 18:10:40.914] [info] HBM2-CH_0: BW utilization 0% (0 reads, 0 writes)
[2026-03-31 18:10:41.007] [info] HBM2-CH_0: BW utilization 0% (0 reads, 0 writes)
[2026-03-31 18:10:41.120] [info] HBM2-CH_0: BW utilization 0% (0 reads, 0 writes)
[2026-03-31 18:10:41.212] [info] HBM2-CH_0: BW utilization 0% (0 reads, 0 writes)
[2026-03-31 18:10:41.308] [info] HBM2-CH_0: BW utilization 0% (0 reads, 0 writes)
[2026-03-31 18:10:41.407] [info] HBM2-CH_0: BW utilization 0% (0 reads, 0 writes)
[2026-03-31 18:10:41.503] [info] HBM2-CH_0: BW utilization 0% (0 reads, 0 writes)
[2026-03-31 18:10:41.599] [info] HBM2-CH_0: BW utilization 0% (0 reads, 0 writes)
[2026-03-31 18:10:41.694] [info] HBM2-CH_0: BW utilization 0% (0 reads, 0 writes)
[2026-03-31 18:10:41.793] [info] HBM2-CH_0: BW utilization 0% (0 reads, 0 writes)
[2026-03-31 18:10:41.890] [info] HBM2-CH_0: BW utilization 0% (0 reads, 0 writes)
[2026-03-31 18:10:41.989] [info] HBM2-CH_0: BW utilization 0% (0 reads, 0 writes)
[2026-03-31 18:10:42.091] [info] HBM2-CH_0: BW utilization 0% (0 reads, 0 writes)
[2026-03-31 18:10:42.186] [info] HBM2-CH_0: BW utilization 0% (0 reads, 0 writes)
[2026-03-31 18:10:42.279] [info] HBM2-CH_0: BW utilization 0% (0 reads, 0 writes)
[2026-03-31 18:10:42.386] [info] HBM2-CH_0: BW utilization 0% (0 reads, 0 writes)
[2026-03-31 18:10:42.484] [info] HBM2-CH_0: BW utilization 0% (0 reads, 0 writes)
[2026-03-31 18:10:42.579] [info] HBM2-CH_0: BW utilization 0% (0 reads, 0 writes)
[2026-03-31 18:10:42.675] [info] HBM2-CH_0: BW utilization 0% (0 reads, 0 writes)
[2026-03-31 18:10:42.769] [info] HBM2-CH_0: BW utilization 0% (0 reads, 0 writes)
[2026-03-31 18:10:42.863] [info] HBM2-CH_0: BW utilization 0% (0 reads, 0 writes)
[2026-03-31 18:10:42.955] [info] HBM2-CH_0: BW utilization 0% (0 reads, 0 writes)
[2026-03-31 18:10:43.048] [info] HBM2-CH_0: BW utilization 0% (0 reads, 0 writes)
[2026-03-31 18:10:43.147] [info] HBM2-CH_0: BW utilization 0% (0 reads, 0 writes)
[2026-03-31 18:10:43.239] [info] HBM2-CH_0: BW utilization 0% (0 reads, 0 writes)
[2026-03-31 18:10:43.332] [info] HBM2-CH_0: BW utilization 0% (0 reads, 0 writes)
[2026-03-31 18:10:43.424] [info] HBM2-CH_0: BW utilization 0% (0 reads, 0 writes)
[2026-03-31 18:10:43.536] [info] HBM2-CH_0: BW utilization 0% (0 reads, 0 writes)
[2026-03-31 18:10:43.633] [info] HBM2-CH_0: BW utilization 0% (0 reads, 0 writes)
[2026-03-31 18:10:43.728] [info] HBM2-CH_0: BW utilization 0% (0 reads, 0 writes)
[2026-03-31 18:10:43.824] [info] HBM2-CH_0: BW utilization 0% (0 reads, 0 writes)
[2026-03-31 18:10:43.917] [info] HBM2-CH_0: BW utilization 0% (0 reads, 0 writes)
[2026-03-31 18:10:44.010] [info] HBM2-CH_0: BW utilization 0% (0 reads, 0 writes)
[2026-03-31 18:10:44.101] [info] HBM2-CH_0: BW utilization 0% (0 reads, 0 writes)
[2026-03-31 18:10:44.193] [info] HBM2-CH_0: BW utilization 0% (0 reads, 0 writes)
[2026-03-31 18:10:44.281] [info] HBM2-CH_0: BW utilization 0% (0 reads, 0 writes)
[2026-03-31 18:10:44.368] [info] HBM2-CH_0: BW utilization 0% (0 reads, 0 writes)
[2026-03-31 18:10:44.456] [info] HBM2-CH_0: BW utilization 0% (0 reads, 0 writes)
[2026-03-31 18:10:44.544] [info] HBM2-CH_0: BW utilization 0% (0 reads, 0 writes)
[2026-03-31 18:10:44.650] [info] HBM2-CH_0: BW utilization 0% (0 reads, 0 writes)
[2026-03-31 18:10:44.737] [info] HBM2-CH_0: BW utilization 0% (0 reads, 0 writes)
[2026-03-31 18:10:44.826] [info] HBM2-CH_0: BW utilization 0% (0 reads, 0 writes)
[2026-03-31 18:10:44.910] [info] HBM2-CH_0: BW utilization 0% (0 reads, 0 writes)
[2026-03-31 18:10:44.996] [info] HBM2-CH_0: BW utilization 0% (0 reads, 0 writes)
[2026-03-31 18:10:45.083] [info] HBM2-CH_0: BW utilization 0% (0 reads, 0 writes)
[2026-03-31 18:10:45.177] [info] HBM2-CH_0: BW utilization 0% (0 reads, 0 writes)
[2026-03-31 18:10:45.263] [info] HBM2-CH_0: BW utilization 0% (0 reads, 0 writes)
[2026-03-31 18:10:45.350] [info] HBM2-CH_0: BW utilization 0% (0 reads, 0 writes)
[2026-03-31 18:10:45.437] [info] HBM2-CH_0: BW utilization 0% (0 reads, 0 writes)
[2026-03-31 18:10:45.524] [info] HBM2-CH_0: BW utilization 0% (0 reads, 0 writes)
[2026-03-31 18:10:45.618] [info] HBM2-CH_0: BW utilization 0% (0 reads, 0 writes)
[2026-03-31 18:10:45.709] [info] HBM2-CH_0: BW utilization 0% (0 reads, 0 writes)
[2026-03-31 18:10:45.798] [info] HBM2-CH_0: BW utilization 0% (0 reads, 0 writes)
[2026-03-31 18:10:45.886] [info] HBM2-CH_0: BW utilization 0% (0 reads, 0 writes)
[2026-03-31 18:10:45.973] [info] HBM2-CH_0: BW utilization 0% (0 reads, 0 writes)
[2026-03-31 18:10:46.062] [info] HBM2-CH_0: BW utilization 0% (0 reads, 0 writes)
[2026-03-31 18:10:46.150] [info] HBM2-CH_0: BW utilization 0% (0 reads, 0 writes)
[2026-03-31 18:10:46.241] [info] HBM2-CH_0: BW utilization 0% (0 reads, 0 writes)
[2026-03-31 18:10:46.328] [info] HBM2-CH_0: BW utilization 0% (0 reads, 0 writes)
[2026-03-31 18:10:46.415] [info] HBM2-CH_0: BW utilization 0% (0 reads, 0 writes)
[2026-03-31 18:10:46.502] [info] HBM2-CH_0: BW utilization 0% (0 reads, 0 writes)
[2026-03-31 18:10:46.597] [info] HBM2-CH_0: BW utilization 0% (0 reads, 0 writes)
[2026-03-31 18:10:46.687] [info] HBM2-CH_0: BW utilization 0% (0 reads, 0 writes)
[2026-03-31 18:10:46.776] [info] HBM2-CH_0: BW utilization 0% (0 reads, 0 writes)
[2026-03-31 18:10:46.867] [info] HBM2-CH_0: BW utilization 0% (0 reads, 0 writes)
[2026-03-31 18:10:46.962] [info] HBM2-CH_0: BW utilization 0% (0 reads, 0 writes)
[2026-03-31 18:10:47.066] [info] HBM2-CH_0: BW utilization 0% (0 reads, 0 writes)
[2026-03-31 18:10:47.158] [info] HBM2-CH_0: BW utilization 0% (0 reads, 0 writes)
[2026-03-31 18:10:47.249] [info] HBM2-CH_0: BW utilization 0% (0 reads, 0 writes)
[2026-03-31 18:10:47.339] [info] HBM2-CH_0: BW utilization 0% (0 reads, 0 writes)
[2026-03-31 18:10:47.429] [info] HBM2-CH_0: BW utilization 0% (0 reads, 0 writes)
[2026-03-31 18:10:47.516] [info] HBM2-CH_0: BW utilization 0% (0 reads, 0 writes)
[2026-03-31 18:10:47.620] [info] HBM2-CH_0: BW utilization 0% (0 reads, 0 writes)
[2026-03-31 18:10:47.708] [info] HBM2-CH_0: BW utilization 0% (0 reads, 0 writes)
[2026-03-31 18:10:47.797] [info] HBM2-CH_0: BW utilization 0% (0 reads, 0 writes)
[2026-03-31 18:10:47.884] [info] HBM2-CH_0: BW utilization 0% (0 reads, 0 writes)
[2026-03-31 18:10:47.972] [info] HBM2-CH_0: BW utilization 0% (0 reads, 0 writes)
[2026-03-31 18:10:48.065] [info] HBM2-CH_0: BW utilization 0% (0 reads, 0 writes)
[2026-03-31 18:10:48.153] [info] HBM2-CH_0: BW utilization 0% (0 reads, 0 writes)
[2026-03-31 18:10:48.243] [info] HBM2-CH_0: BW utilization 0% (0 reads, 0 writes)
[2026-03-31 18:10:48.337] [info] HBM2-CH_0: BW utilization 0% (0 reads, 0 writes)
[2026-03-31 18:10:48.428] [info] HBM2-CH_0: BW utilization 0% (0 reads, 0 writes)
[2026-03-31 18:10:48.520] [info] HBM2-CH_0: BW utilization 0% (0 reads, 0 writes)
[2026-03-31 18:10:48.619] [info] HBM2-CH_0: BW utilization 0% (0 reads, 0 writes)
[2026-03-31 18:10:48.717] [info] HBM2-CH_0: BW utilization 0% (0 reads, 0 writes)
[2026-03-31 18:10:48.811] [info] HBM2-CH_0: BW utilization 0% (0 reads, 0 writes)
[2026-03-31 18:10:48.905] [info] HBM2-CH_0: BW utilization 0% (0 reads, 0 writes)
[2026-03-31 18:10:48.999] [info] HBM2-CH_0: BW utilization 0% (0 reads, 0 writes)
[2026-03-31 18:10:49.092] [info] HBM2-CH_0: BW utilization 0% (0 reads, 0 writes)
[2026-03-31 18:10:49.184] [info] HBM2-CH_0: BW utilization 0% (0 reads, 0 writes)
[2026-03-31 18:10:49.276] [info] HBM2-CH_0: BW utilization 0% (0 reads, 0 writes)
[2026-03-31 18:10:49.370] [info] HBM2-CH_0: BW utilization 0% (0 reads, 0 writes)
[2026-03-31 18:10:49.462] [info] HBM2-CH_0: BW utilization 0% (0 reads, 0 writes)
[2026-03-31 18:10:49.560] [info] HBM2-CH_0: BW utilization 0% (0 reads, 0 writes)
[2026-03-31 18:10:49.658] [info] HBM2-CH_0: BW utilization 0% (0 reads, 0 writes)
[2026-03-31 18:10:49.752] [info] HBM2-CH_0: BW utilization 0% (0 reads, 0 writes)
[2026-03-31 18:10:49.846] [info] HBM2-CH_0: BW utilization 0% (0 reads, 0 writes)
[2026-03-31 18:10:49.940] [info] HBM2-CH_0: BW utilization 0% (0 reads, 0 writes)
[2026-03-31 18:10:50.033] [info] HBM2-CH_0: BW utilization 0% (0 reads, 0 writes)
[2026-03-31 18:10:50.125] [info] HBM2-CH_0: BW utilization 0% (0 reads, 0 writes)
[2026-03-31 18:10:50.217] [info] HBM2-CH_0: BW utilization 0% (0 reads, 0 writes)
[2026-03-31 18:10:50.311] [info] HBM2-CH_0: BW utilization 0% (0 reads, 0 writes)
[2026-03-31 18:10:50.404] [info] HBM2-CH_0: BW utilization 0% (0 reads, 0 writes)
[2026-03-31 18:10:50.502] [info] HBM2-CH_0: BW utilization 0% (0 reads, 0 writes)
[2026-03-31 18:10:50.600] [info] HBM2-CH_0: BW utilization 0% (0 reads, 0 writes)
[2026-03-31 18:10:50.695] [info] HBM2-CH_0: BW utilization 0% (0 reads, 0 writes)
[2026-03-31 18:10:50.789] [info] HBM2-CH_0: BW utilization 0% (0 reads, 0 writes)
[2026-03-31 18:10:50.881] [info] HBM2-CH_0: BW utilization 0% (0 reads, 0 writes)
[2026-03-31 18:10:50.974] [info] HBM2-CH_0: BW utilization 0% (0 reads, 0 writes)
[2026-03-31 18:10:51.067] [info] HBM2-CH_0: BW utilization 0% (0 reads, 0 writes)
[2026-03-31 18:10:51.160] [info] HBM2-CH_0: BW utilization 0% (0 reads, 0 writes)
[2026-03-31 18:10:51.251] [info] HBM2-CH_0: BW utilization 0% (0 reads, 0 writes)
[2026-03-31 18:10:51.345] [info] HBM2-CH_0: BW utilization 0% (0 reads, 0 writes)
[2026-03-31 18:10:51.436] [info] HBM2-CH_0: BW utilization 0% (0 reads, 0 writes)
[2026-03-31 18:10:51.540] [info] HBM2-CH_0: BW utilization 0% (0 reads, 0 writes)
[2026-03-31 18:10:51.637] [info] HBM2-CH_0: BW utilization 0% (0 reads, 0 writes)
[2026-03-31 18:10:51.730] [info] HBM2-CH_0: BW utilization 0% (0 reads, 0 writes)
[2026-03-31 18:10:51.823] [info] HBM2-CH_0: BW utilization 0% (0 reads, 0 writes)
[2026-03-31 18:10:51.915] [info] HBM2-CH_0: BW utilization 0% (0 reads, 0 writes)
[2026-03-31 18:10:52.005] [info] HBM2-CH_0: BW utilization 0% (0 reads, 0 writes)
[2026-03-31 18:10:52.099] [info] HBM2-CH_0: BW utilization 0% (0 reads, 0 writes)
[2026-03-31 18:10:52.190] [info] HBM2-CH_0: BW utilization 0% (0 reads, 0 writes)
[2026-03-31 18:10:52.280] [info] HBM2-CH_0: BW utilization 0% (0 reads, 0 writes)
[2026-03-31 18:10:52.374] [info] HBM2-CH_0: BW utilization 0% (0 reads, 0 writes)
[2026-03-31 18:10:52.473] [info] HBM2-CH_0: BW utilization 0% (0 reads, 0 writes)
[2026-03-31 18:10:52.572] [info] HBM2-CH_0: BW utilization 0% (0 reads, 0 writes)
[2026-03-31 18:10:52.667] [info] HBM2-CH_0: BW utilization 0% (0 reads, 0 writes)
[2026-03-31 18:10:52.762] [info] HBM2-CH_0: BW utilization 0% (0 reads, 0 writes)
[2026-03-31 18:10:52.856] [info] HBM2-CH_0: BW utilization 0% (0 reads, 0 writes)
[2026-03-31 18:10:52.950] [info] HBM2-CH_0: BW utilization 0% (0 reads, 0 writes)
[2026-03-31 18:10:53.043] [info] HBM2-CH_0: BW utilization 0% (0 reads, 0 writes)
[2026-03-31 18:10:53.135] [info] HBM2-CH_0: BW utilization 0% (0 reads, 0 writes)
[2026-03-31 18:10:53.227] [info] HBM2-CH_0: BW utilization 0% (0 reads, 0 writes)
[2026-03-31 18:10:53.319] [info] HBM2-CH_0: BW utilization 0% (0 reads, 0 writes)
[2026-03-31 18:10:53.417] [info] HBM2-CH_0: BW utilization 0% (0 reads, 0 writes)
[2026-03-31 18:10:53.518] [info] HBM2-CH_0: BW utilization 0% (0 reads, 0 writes)
[2026-03-31 18:10:53.615] [info] HBM2-CH_0: BW utilization 0% (0 reads, 0 writes)
[2026-03-31 18:10:53.710] [info] HBM2-CH_0: BW utilization 0% (0 reads, 0 writes)
[2026-03-31 18:10:53.804] [info] HBM2-CH_0: BW utilization 0% (0 reads, 0 writes)
[2026-03-31 18:10:53.898] [info] HBM2-CH_0: BW utilization 0% (0 reads, 0 writes)
[2026-03-31 18:10:53.993] [info] HBM2-CH_0: BW utilization 0% (0 reads, 0 writes)
[2026-03-31 18:10:54.086] [info] HBM2-CH_0: BW utilization 0% (0 reads, 0 writes)
[2026-03-31 18:10:54.180] [info] HBM2-CH_0: BW utilization 0% (0 reads, 0 writes)
[2026-03-31 18:10:54.273] [info] HBM2-CH_0: BW utilization 0% (0 reads, 0 writes)
[2026-03-31 18:10:54.371] [info] HBM2-CH_0: BW utilization 0% (0 reads, 0 writes)
[2026-03-31 18:10:54.472] [info] HBM2-CH_0: BW utilization 0% (0 reads, 0 writes)
[2026-03-31 18:10:54.569] [info] HBM2-CH_0: BW utilization 0% (0 reads, 0 writes)
[2026-03-31 18:10:54.664] [info] HBM2-CH_0: BW utilization 0% (0 reads, 0 writes)
[2026-03-31 18:10:54.757] [info] HBM2-CH_0: BW utilization 0% (0 reads, 0 writes)
[2026-03-31 18:10:54.851] [info] HBM2-CH_0: BW utilization 0% (0 reads, 0 writes)
[2026-03-31 18:10:54.944] [info] HBM2-CH_0: BW utilization 0% (0 reads, 0 writes)
[2026-03-31 18:10:55.038] [info] HBM2-CH_0: BW utilization 0% (0 reads, 0 writes)
[2026-03-31 18:10:55.132] [info] HBM2-CH_0: BW utilization 0% (0 reads, 0 writes)
[2026-03-31 18:10:55.224] [info] HBM2-CH_0: BW utilization 0% (0 reads, 0 writes)
[2026-03-31 18:10:55.316] [info] HBM2-CH_0: BW utilization 0% (0 reads, 0 writes)
[2026-03-31 18:10:55.415] [info] HBM2-CH_0: BW utilization 0% (0 reads, 0 writes)
[2026-03-31 18:10:55.516] [info] HBM2-CH_0: BW utilization 0% (0 reads, 0 writes)
[2026-03-31 18:10:55.613] [info] HBM2-CH_0: BW utilization 0% (0 reads, 0 writes)
[2026-03-31 18:10:55.708] [info] HBM2-CH_0: BW utilization 0% (0 reads, 0 writes)
[2026-03-31 18:10:55.802] [info] HBM2-CH_0: BW utilization 0% (0 reads, 0 writes)
[2026-03-31 18:10:55.896] [info] HBM2-CH_0: BW utilization 0% (0 reads, 0 writes)
[2026-03-31 18:10:55.988] [info] HBM2-CH_0: BW utilization 0% (0 reads, 0 writes)
[2026-03-31 18:10:56.081] [info] HBM2-CH_0: BW utilization 0% (0 reads, 0 writes)
[2026-03-31 18:10:56.174] [info] HBM2-CH_0: BW utilization 0% (0 reads, 0 writes)
[2026-03-31 18:10:56.267] [info] HBM2-CH_0: BW utilization 0% (0 reads, 0 writes)
[2026-03-31 18:10:56.360] [info] HBM2-CH_0: BW utilization 0% (0 reads, 0 writes)
[2026-03-31 18:10:56.459] [info] HBM2-CH_0: BW utilization 0% (0 reads, 0 writes)
[2026-03-31 18:10:56.559] [info] HBM2-CH_0: BW utilization 0% (0 reads, 0 writes)
[2026-03-31 18:10:56.655] [info] HBM2-CH_0: BW utilization 0% (0 reads, 0 writes)
[2026-03-31 18:10:56.750] [info] HBM2-CH_0: BW utilization 0% (0 reads, 0 writes)
[2026-03-31 18:10:56.844] [info] HBM2-CH_0: BW utilization 0% (0 reads, 0 writes)
[2026-03-31 18:10:56.936] [info] HBM2-CH_0: BW utilization 0% (0 reads, 0 writes)
[2026-03-31 18:10:57.030] [info] HBM2-CH_0: BW utilization 0% (0 reads, 0 writes)
[2026-03-31 18:10:57.122] [info] HBM2-CH_0: BW utilization 0% (0 reads, 0 writes)
[2026-03-31 18:10:57.215] [info] HBM2-CH_0: BW utilization 0% (0 reads, 0 writes)
[2026-03-31 18:10:57.309] [info] HBM2-CH_0: BW utilization 0% (0 reads, 0 writes)
[2026-03-31 18:10:57.421] [info] HBM2-CH_0: BW utilization 0% (0 reads, 0 writes)
[2026-03-31 18:10:57.519] [info] HBM2-CH_0: BW utilization 0% (0 reads, 0 writes)
[2026-03-31 18:10:57.614] [info] HBM2-CH_0: BW utilization 0% (0 reads, 0 writes)
[2026-03-31 18:10:57.708] [info] HBM2-CH_0: BW utilization 0% (0 reads, 0 writes)
[2026-03-31 18:10:57.801] [info] HBM2-CH_0: BW utilization 0% (0 reads, 0 writes)
[2026-03-31 18:10:57.894] [info] HBM2-CH_0: BW utilization 0% (0 reads, 0 writes)
[2026-03-31 18:10:57.986] [info] HBM2-CH_0: BW utilization 0% (0 reads, 0 writes)
[2026-03-31 18:10:58.079] [info] HBM2-CH_0: BW utilization 0% (0 reads, 0 writes)
[2026-03-31 18:10:58.171] [info] HBM2-CH_0: BW utilization 0% (0 reads, 0 writes)
[2026-03-31 18:10:58.263] [info] HBM2-CH_0: BW utilization 0% (0 reads, 0 writes)
[2026-03-31 18:10:58.355] [info] HBM2-CH_0: BW utilization 0% (0 reads, 0 writes)
[2026-03-31 18:10:58.465] [info] HBM2-CH_0: BW utilization 0% (0 reads, 0 writes)
[2026-03-31 18:10:58.572] [info] HBM2-CH_0: BW utilization 0% (0 reads, 0 writes)
[2026-03-31 18:10:58.666] [info] HBM2-CH_0: BW utilization 0% (0 reads, 0 writes)
[2026-03-31 18:10:58.758] [info] HBM2-CH_0: BW utilization 0% (0 reads, 0 writes)
[2026-03-31 18:10:58.851] [info] HBM2-CH_0: BW utilization 0% (0 reads, 0 writes)
[2026-03-31 18:10:58.944] [info] HBM2-CH_0: BW utilization 0% (0 reads, 0 writes)
[2026-03-31 18:10:59.036] [info] HBM2-CH_0: BW utilization 0% (0 reads, 0 writes)
[2026-03-31 18:10:59.129] [info] HBM2-CH_0: BW utilization 0% (0 reads, 0 writes)
[2026-03-31 18:10:59.221] [info] HBM2-CH_0: BW utilization 0% (0 reads, 0 writes)
[2026-03-31 18:10:59.312] [info] HBM2-CH_0: BW utilization 0% (0 reads, 0 writes)
[2026-03-31 18:10:59.403] [info] HBM2-CH_0: BW utilization 0% (0 reads, 0 writes)
[2026-03-31 18:10:59.506] [info] HBM2-CH_0: BW utilization 0% (0 reads, 0 writes)
[2026-03-31 18:10:59.607] [info] HBM2-CH_0: BW utilization 0% (0 reads, 0 writes)
[2026-03-31 18:10:59.702] [info] HBM2-CH_0: BW utilization 0% (0 reads, 0 writes)
[2026-03-31 18:10:59.797] [info] HBM2-CH_0: BW utilization 0% (0 reads, 0 writes)
[2026-03-31 18:10:59.890] [info] HBM2-CH_0: BW utilization 0% (0 reads, 0 writes)
[2026-03-31 18:10:59.983] [info] HBM2-CH_0: BW utilization 0% (0 reads, 0 writes)
[2026-03-31 18:11:00.075] [info] HBM2-CH_0: BW utilization 0% (0 reads, 0 writes)
[2026-03-31 18:11:00.167] [info] HBM2-CH_0: BW utilization 0% (0 reads, 0 writes)
[2026-03-31 18:11:00.257] [info] HBM2-CH_0: BW utilization 0% (0 reads, 0 writes)
[2026-03-31 18:11:00.346] [info] HBM2-CH_0: BW utilization 0% (0 reads, 0 writes)
[2026-03-31 18:11:00.454] [info] HBM2-CH_0: BW utilization 0% (0 reads, 0 writes)
[2026-03-31 18:11:00.549] [info] HBM2-CH_0: BW utilization 0% (0 reads, 0 writes)
[2026-03-31 18:11:00.644] [info] HBM2-CH_0: BW utilization 0% (0 reads, 0 writes)
[2026-03-31 18:11:00.737] [info] HBM2-CH_0: BW utilization 0% (0 reads, 0 writes)
[2026-03-31 18:11:00.829] [info] HBM2-CH_0: BW utilization 0% (0 reads, 0 writes)
[2026-03-31 18:11:00.922] [info] HBM2-CH_0: BW utilization 0% (0 reads, 0 writes)
[2026-03-31 18:11:01.013] [info] HBM2-CH_0: BW utilization 0% (0 reads, 0 writes)
[2026-03-31 18:11:01.105] [info] HBM2-CH_0: BW utilization 0% (0 reads, 0 writes)
[2026-03-31 18:11:01.197] [info] HBM2-CH_0: BW utilization 0% (0 reads, 0 writes)
[2026-03-31 18:11:01.289] [info] HBM2-CH_0: BW utilization 0% (0 reads, 0 writes)
[2026-03-31 18:11:01.399] [info] HBM2-CH_0: BW utilization 0% (0 reads, 0 writes)
[2026-03-31 18:11:01.496] [info] HBM2-CH_0: BW utilization 0% (0 reads, 0 writes)
[2026-03-31 18:11:01.600] [info] HBM2-CH_0: BW utilization 0% (0 reads, 0 writes)
[2026-03-31 18:11:01.694] [info] HBM2-CH_0: BW utilization 0% (0 reads, 0 writes)
[2026-03-31 18:11:01.786] [info] HBM2-CH_0: BW utilization 0% (0 reads, 0 writes)
[2026-03-31 18:11:01.877] [info] HBM2-CH_0: BW utilization 0% (0 reads, 0 writes)
[2026-03-31 18:11:01.971] [info] HBM2-CH_0: BW utilization 0% (0 reads, 0 writes)
[2026-03-31 18:11:02.063] [info] HBM2-CH_0: BW utilization 0% (0 reads, 0 writes)
[2026-03-31 18:11:02.155] [info] HBM2-CH_0: BW utilization 0% (0 reads, 0 writes)
[2026-03-31 18:11:02.248] [info] HBM2-CH_0: BW utilization 0% (0 reads, 0 writes)
[2026-03-31 18:11:02.345] [info] HBM2-CH_0: BW utilization 0% (0 reads, 0 writes)
[2026-03-31 18:11:02.443] [info] HBM2-CH_0: BW utilization 0% (0 reads, 0 writes)
[2026-03-31 18:11:02.538] [info] HBM2-CH_0: BW utilization 0% (0 reads, 0 writes)
[2026-03-31 18:11:02.633] [info] HBM2-CH_0: BW utilization 0% (0 reads, 0 writes)
[2026-03-31 18:11:02.727] [info] HBM2-CH_0: BW utilization 0% (0 reads, 0 writes)
[2026-03-31 18:11:02.820] [info] HBM2-CH_0: BW utilization 0% (0 reads, 0 writes)
[2026-03-31 18:11:02.912] [info] HBM2-CH_0: BW utilization 0% (0 reads, 0 writes)
[2026-03-31 18:11:03.005] [info] HBM2-CH_0: BW utilization 0% (0 reads, 0 writes)
[2026-03-31 18:11:03.097] [info] HBM2-CH_0: BW utilization 0% (0 reads, 0 writes)
[2026-03-31 18:11:03.190] [info] HBM2-CH_0: BW utilization 0% (0 reads, 0 writes)
[2026-03-31 18:11:03.288] [info] HBM2-CH_0: BW utilization 0% (0 reads, 0 writes)
[2026-03-31 18:11:03.385] [info] HBM2-CH_0: BW utilization 0% (0 reads, 0 writes)
[2026-03-31 18:11:03.480] [info] HBM2-CH_0: BW utilization 0% (0 reads, 0 writes)
[2026-03-31 18:11:03.578] [info] HBM2-CH_0: BW utilization 0% (0 reads, 0 writes)
[2026-03-31 18:11:03.670] [info] HBM2-CH_0: BW utilization 0% (0 reads, 0 writes)
[2026-03-31 18:11:03.762] [info] HBM2-CH_0: BW utilization 0% (0 reads, 0 writes)
[2026-03-31 18:11:03.854] [info] HBM2-CH_0: BW utilization 0% (0 reads, 0 writes)
[2026-03-31 18:11:03.945] [info] HBM2-CH_0: BW utilization 0% (0 reads, 0 writes)
[2026-03-31 18:11:04.038] [info] HBM2-CH_0: BW utilization 0% (0 reads, 0 writes)
[2026-03-31 18:11:04.130] [info] HBM2-CH_0: BW utilization 0% (0 reads, 0 writes)
[2026-03-31 18:11:04.223] [info] HBM2-CH_0: BW utilization 0% (0 reads, 0 writes)
[2026-03-31 18:11:04.322] [info] HBM2-CH_0: BW utilization 0% (0 reads, 0 writes)
[2026-03-31 18:11:04.421] [info] HBM2-CH_0: BW utilization 0% (0 reads, 0 writes)
[2026-03-31 18:11:04.516] [info] HBM2-CH_0: BW utilization 0% (0 reads, 0 writes)
[2026-03-31 18:11:04.609] [info] HBM2-CH_0: BW utilization 0% (0 reads, 0 writes)
[2026-03-31 18:11:04.703] [info] HBM2-CH_0: BW utilization 0% (0 reads, 0 writes)
[2026-03-31 18:11:04.795] [info] HBM2-CH_0: BW utilization 0% (0 reads, 0 writes)
[2026-03-31 18:11:04.888] [info] HBM2-CH_0: BW utilization 0% (0 reads, 0 writes)
[2026-03-31 18:11:04.980] [info] HBM2-CH_0: BW utilization 0% (0 reads, 0 writes)
[2026-03-31 18:11:05.071] [info] HBM2-CH_0: BW utilization 0% (0 reads, 0 writes)
[2026-03-31 18:11:05.163] [info] HBM2-CH_0: BW utilization 0% (0 reads, 0 writes)
[2026-03-31 18:11:05.260] [info] HBM2-CH_0: BW utilization 0% (0 reads, 0 writes)
[2026-03-31 18:11:05.357] [info] HBM2-CH_0: BW utilization 0% (0 reads, 0 writes)
[2026-03-31 18:11:05.452] [info] HBM2-CH_0: BW utilization 0% (0 reads, 0 writes)
[2026-03-31 18:11:05.544] [info] HBM2-CH_0: BW utilization 0% (0 reads, 0 writes)
[2026-03-31 18:11:05.636] [info] HBM2-CH_0: BW utilization 0% (0 reads, 0 writes)
[2026-03-31 18:11:05.730] [info] HBM2-CH_0: BW utilization 0% (0 reads, 0 writes)
[2026-03-31 18:11:05.824] [info] HBM2-CH_0: BW utilization 0% (0 reads, 0 writes)
[2026-03-31 18:11:05.916] [info] HBM2-CH_0: BW utilization 0% (0 reads, 0 writes)
[2026-03-31 18:11:06.008] [info] HBM2-CH_0: BW utilization 0% (0 reads, 0 writes)
[2026-03-31 18:11:06.100] [info] HBM2-CH_0: BW utilization 0% (0 reads, 0 writes)
[2026-03-31 18:11:06.198] [info] HBM2-CH_0: BW utilization 0% (0 reads, 0 writes)
[2026-03-31 18:11:06.295] [info] HBM2-CH_0: BW utilization 0% (0 reads, 0 writes)
[2026-03-31 18:11:06.392] [info] HBM2-CH_0: BW utilization 0% (0 reads, 0 writes)
[2026-03-31 18:11:06.490] [info] HBM2-CH_0: BW utilization 0% (0 reads, 0 writes)
[2026-03-31 18:11:06.588] [info] HBM2-CH_0: BW utilization 0% (0 reads, 0 writes)
[2026-03-31 18:11:06.686] [info] HBM2-CH_0: BW utilization 0% (0 reads, 0 writes)
[2026-03-31 18:11:06.785] [info] HBM2-CH_0: BW utilization 0% (0 reads, 0 writes)
[2026-03-31 18:11:06.884] [info] HBM2-CH_0: BW utilization 0% (0 reads, 0 writes)
[2026-03-31 18:11:06.982] [info] HBM2-CH_0: BW utilization 0% (0 reads, 0 writes)
[2026-03-31 18:11:07.081] [info] HBM2-CH_0: BW utilization 0% (0 reads, 0 writes)
[2026-03-31 18:11:07.189] [info] HBM2-CH_0: BW utilization 0% (0 reads, 0 writes)
[2026-03-31 18:11:07.295] [info] HBM2-CH_0: BW utilization 0% (0 reads, 0 writes)
[2026-03-31 18:11:07.395] [info] HBM2-CH_0: BW utilization 0% (0 reads, 0 writes)
[2026-03-31 18:11:07.491] [info] HBM2-CH_0: BW utilization 0% (0 reads, 0 writes)
[2026-03-31 18:11:07.584] [info] HBM2-CH_0: BW utilization 0% (0 reads, 0 writes)
[2026-03-31 18:11:07.676] [info] HBM2-CH_0: BW utilization 0% (0 reads, 0 writes)
[2026-03-31 18:11:07.769] [info] HBM2-CH_0: BW utilization 0% (0 reads, 0 writes)
[2026-03-31 18:11:07.863] [info] HBM2-CH_0: BW utilization 0% (0 reads, 0 writes)
[2026-03-31 18:11:07.958] [info] HBM2-CH_0: BW utilization 0% (0 reads, 0 writes)
[2026-03-31 18:11:08.064] [info] HBM2-CH_0: BW utilization 0% (0 reads, 0 writes)
[2026-03-31 18:11:08.171] [info] HBM2-CH_0: BW utilization 0% (0 reads, 0 writes)
[2026-03-31 18:11:08.274] [info] HBM2-CH_0: BW utilization 0% (0 reads, 0 writes)
[2026-03-31 18:11:08.371] [info] HBM2-CH_0: BW utilization 0% (0 reads, 0 writes)
[2026-03-31 18:11:08.466] [info] HBM2-CH_0: BW utilization 0% (0 reads, 0 writes)
[2026-03-31 18:11:08.560] [info] HBM2-CH_0: BW utilization 0% (0 reads, 0 writes)
[2026-03-31 18:11:08.652] [info] HBM2-CH_0: BW utilization 0% (0 reads, 0 writes)
[2026-03-31 18:11:08.744] [info] HBM2-CH_0: BW utilization 0% (0 reads, 0 writes)
[2026-03-31 18:11:08.837] [info] HBM2-CH_0: BW utilization 0% (0 reads, 0 writes)
[2026-03-31 18:11:08.930] [info] HBM2-CH_0: BW utilization 0% (0 reads, 0 writes)
[2026-03-31 18:11:09.024] [info] HBM2-CH_0: BW utilization 0% (0 reads, 0 writes)
[2026-03-31 18:11:09.139] [info] HBM2-CH_0: BW utilization 0% (0 reads, 0 writes)
[2026-03-31 18:11:09.244] [info] HBM2-CH_0: BW utilization 0% (0 reads, 0 writes)
[2026-03-31 18:11:09.339] [info] HBM2-CH_0: BW utilization 0% (0 reads, 0 writes)
[2026-03-31 18:11:09.439] [info] HBM2-CH_0: BW utilization 0% (0 reads, 0 writes)
[2026-03-31 18:11:09.538] [info] HBM2-CH_0: BW utilization 0% (0 reads, 0 writes)
[2026-03-31 18:11:09.639] [info] HBM2-CH_0: BW utilization 0% (0 reads, 0 writes)
[2026-03-31 18:11:09.743] [info] HBM2-CH_0: BW utilization 0% (0 reads, 0 writes)
[2026-03-31 18:11:09.850] [info] HBM2-CH_0: BW utilization 0% (0 reads, 0 writes)
[2026-03-31 18:11:09.950] [info] HBM2-CH_0: BW utilization 0% (0 reads, 0 writes)
[2026-03-31 18:11:10.046] [info] HBM2-CH_0: BW utilization 0% (0 reads, 0 writes)
[2026-03-31 18:11:10.148] [info] HBM2-CH_0: BW utilization 0% (0 reads, 0 writes)
[2026-03-31 18:11:10.248] [info] HBM2-CH_0: BW utilization 0% (0 reads, 0 writes)
[2026-03-31 18:11:10.347] [info] HBM2-CH_0: BW utilization 0% (0 reads, 0 writes)
[2026-03-31 18:11:10.446] [info] HBM2-CH_0: BW utilization 0% (0 reads, 0 writes)
[2026-03-31 18:11:10.543] [info] HBM2-CH_0: BW utilization 0% (0 reads, 0 writes)
[2026-03-31 18:11:10.641] [info] HBM2-CH_0: BW utilization 0% (0 reads, 0 writes)
[2026-03-31 18:11:10.738] [info] HBM2-CH_0: BW utilization 0% (0 reads, 0 writes)
[2026-03-31 18:11:10.836] [info] HBM2-CH_0: BW utilization 0% (0 reads, 0 writes)
[2026-03-31 18:11:10.932] [info] HBM2-CH_0: BW utilization 0% (0 reads, 0 writes)
[2026-03-31 18:11:11.026] [info] HBM2-CH_0: BW utilization 0% (0 reads, 0 writes)
[2026-03-31 18:11:11.121] [info] HBM2-CH_0: BW utilization 0% (0 reads, 0 writes)
[2026-03-31 18:11:11.225] [info] HBM2-CH_0: BW utilization 0% (0 reads, 0 writes)
[2026-03-31 18:11:11.327] [info] HBM2-CH_0: BW utilization 0% (0 reads, 0 writes)
[2026-03-31 18:11:11.430] [info] HBM2-CH_0: BW utilization 0% (0 reads, 0 writes)
[2026-03-31 18:11:11.534] [info] HBM2-CH_0: BW utilization 0% (0 reads, 0 writes)
[2026-03-31 18:11:11.636] [info] HBM2-CH_0: BW utilization 0% (0 reads, 0 writes)
[2026-03-31 18:11:11.759] [info] HBM2-CH_0: BW utilization 0% (0 reads, 0 writes)
[2026-03-31 18:11:11.900] [info] HBM2-CH_0: BW utilization 0% (0 reads, 0 writes)
[2026-03-31 18:11:12.008] [info] HBM2-CH_0: BW utilization 0% (0 reads, 0 writes)
[2026-03-31 18:11:12.115] [info] HBM2-CH_0: BW utilization 0% (0 reads, 0 writes)
[2026-03-31 18:11:12.224] [info] HBM2-CH_0: BW utilization 0% (0 reads, 0 writes)
[2026-03-31 18:11:12.325] [info] HBM2-CH_0: BW utilization 0% (0 reads, 0 writes)
[2026-03-31 18:11:12.426] [info] HBM2-CH_0: BW utilization 0% (0 reads, 0 writes)
[2026-03-31 18:11:12.526] [info] HBM2-CH_0: BW utilization 0% (0 reads, 0 writes)
[2026-03-31 18:11:12.627] [info] HBM2-CH_0: BW utilization 0% (0 reads, 0 writes)
[2026-03-31 18:11:12.729] [info] HBM2-CH_0: BW utilization 0% (0 reads, 0 writes)
[2026-03-31 18:11:12.832] [info] HBM2-CH_0: BW utilization 0% (0 reads, 0 writes)
[2026-03-31 18:11:12.945] [info] HBM2-CH_0: BW utilization 0% (0 reads, 0 writes)
[2026-03-31 18:11:13.044] [info] HBM2-CH_0: BW utilization 0% (0 reads, 0 writes)
[2026-03-31 18:11:13.144] [info] HBM2-CH_0: BW utilization 0% (0 reads, 0 writes)
[2026-03-31 18:11:13.245] [info] HBM2-CH_0: BW utilization 0% (0 reads, 0 writes)
[2026-03-31 18:11:13.346] [info] HBM2-CH_0: BW utilization 0% (0 reads, 0 writes)
[2026-03-31 18:11:13.439] [info] HBM2-CH_0: BW utilization 0% (0 reads, 0 writes)
[2026-03-31 18:11:13.533] [info] HBM2-CH_0: BW utilization 0% (0 reads, 0 writes)
[2026-03-31 18:11:13.627] [info] HBM2-CH_0: BW utilization 0% (0 reads, 0 writes)
[2026-03-31 18:11:13.725] [info] HBM2-CH_0: BW utilization 0% (0 reads, 0 writes)
[2026-03-31 18:11:13.827] [info] HBM2-CH_0: BW utilization 0% (0 reads, 0 writes)
[2026-03-31 18:11:13.930] [info] HBM2-CH_0: BW utilization 0% (0 reads, 0 writes)
[2026-03-31 18:11:14.031] [info] HBM2-CH_0: BW utilization 0% (0 reads, 0 writes)
[2026-03-31 18:11:14.129] [info] HBM2-CH_0: BW utilization 0% (0 reads, 0 writes)
[2026-03-31 18:11:14.228] [info] HBM2-CH_0: BW utilization 0% (0 reads, 0 writes)
[2026-03-31 18:11:14.327] [info] HBM2-CH_0: BW utilization 0% (0 reads, 0 writes)
[2026-03-31 18:11:14.425] [info] HBM2-CH_0: BW utilization 0% (0 reads, 0 writes)
[2026-03-31 18:11:14.521] [info] HBM2-CH_0: BW utilization 0% (0 reads, 0 writes)
[2026-03-31 18:11:14.616] [info] HBM2-CH_0: BW utilization 0% (0 reads, 0 writes)
[2026-03-31 18:11:14.717] [info] HBM2-CH_0: BW utilization 0% (0 reads, 0 writes)
[2026-03-31 18:11:14.817] [info] HBM2-CH_0: BW utilization 0% (0 reads, 0 writes)
[2026-03-31 18:11:14.915] [info] HBM2-CH_0: BW utilization 0% (0 reads, 0 writes)
[2026-03-31 18:11:15.011] [info] HBM2-CH_0: BW utilization 0% (0 reads, 0 writes)
[2026-03-31 18:11:15.105] [info] HBM2-CH_0: BW utilization 0% (0 reads, 0 writes)
[2026-03-31 18:11:15.199] [info] HBM2-CH_0: BW utilization 0% (0 reads, 0 writes)
[2026-03-31 18:11:15.296] [info] HBM2-CH_0: BW utilization 0% (0 reads, 0 writes)
[2026-03-31 18:11:15.393] [info] HBM2-CH_0: BW utilization 0% (0 reads, 0 writes)
[2026-03-31 18:11:15.486] [info] HBM2-CH_0: BW utilization 0% (0 reads, 0 writes)
[2026-03-31 18:11:15.585] [info] HBM2-CH_0: BW utilization 0% (0 reads, 0 writes)
[2026-03-31 18:11:15.682] [info] HBM2-CH_0: BW utilization 0% (0 reads, 0 writes)
[2026-03-31 18:11:15.777] [info] HBM2-CH_0: BW utilization 0% (0 reads, 0 writes)
[2026-03-31 18:11:15.868] [info] HBM2-CH_0: BW utilization 0% (0 reads, 0 writes)
[2026-03-31 18:11:15.956] [info] HBM2-CH_0: BW utilization 0% (0 reads, 0 writes)
[2026-03-31 18:11:16.046] [info] HBM2-CH_0: BW utilization 0% (0 reads, 0 writes)
[2026-03-31 18:11:16.137] [info] HBM2-CH_0: BW utilization 0% (0 reads, 0 writes)
[2026-03-31 18:11:16.226] [info] HBM2-CH_0: BW utilization 0% (0 reads, 0 writes)
[2026-03-31 18:11:16.313] [info] HBM2-CH_0: BW utilization 0% (0 reads, 0 writes)
[2026-03-31 18:11:16.407] [info] HBM2-CH_0: BW utilization 0% (0 reads, 0 writes)
[2026-03-31 18:11:16.497] [info] HBM2-CH_0: BW utilization 0% (0 reads, 0 writes)
[2026-03-31 18:11:16.586] [info] HBM2-CH_0: BW utilization 0% (0 reads, 0 writes)
[2026-03-31 18:11:16.687] [info] HBM2-CH_0: BW utilization 0% (0 reads, 0 writes)
[2026-03-31 18:11:16.785] [info] HBM2-CH_0: BW utilization 0% (0 reads, 0 writes)
[2026-03-31 18:11:16.880] [info] HBM2-CH_0: BW utilization 0% (0 reads, 0 writes)
[2026-03-31 18:11:16.974] [info] HBM2-CH_0: BW utilization 0% (0 reads, 0 writes)
[2026-03-31 18:11:17.071] [info] HBM2-CH_0: BW utilization 0% (0 reads, 0 writes)
[2026-03-31 18:11:17.167] [info] HBM2-CH_0: BW utilization 0% (0 reads, 0 writes)
[2026-03-31 18:11:17.273] [info] HBM2-CH_0: BW utilization 0% (0 reads, 0 writes)
[2026-03-31 18:11:17.366] [info] HBM2-CH_0: BW utilization 0% (0 reads, 0 writes)
[2026-03-31 18:11:17.458] [info] HBM2-CH_0: BW utilization 0% (0 reads, 0 writes)
[2026-03-31 18:11:17.550] [info] HBM2-CH_0: BW utilization 0% (0 reads, 0 writes)
[2026-03-31 18:11:17.640] [info] HBM2-CH_0: BW utilization 0% (0 reads, 0 writes)
[2026-03-31 18:11:17.730] [info] HBM2-CH_0: BW utilization 0% (0 reads, 0 writes)
[2026-03-31 18:11:17.820] [info] HBM2-CH_0: BW utilization 0% (0 reads, 0 writes)
[2026-03-31 18:11:17.907] [info] HBM2-CH_0: BW utilization 0% (0 reads, 0 writes)
[2026-03-31 18:11:17.995] [info] HBM2-CH_0: BW utilization 0% (0 reads, 0 writes)
[2026-03-31 18:11:18.090] [info] HBM2-CH_0: BW utilization 0% (0 reads, 0 writes)
[2026-03-31 18:11:18.181] [info] HBM2-CH_0: BW utilization 0% (0 reads, 0 writes)
[2026-03-31 18:11:18.271] [info] HBM2-CH_0: BW utilization 0% (0 reads, 0 writes)
[2026-03-31 18:11:18.359] [info] HBM2-CH_0: BW utilization 0% (0 reads, 0 writes)
[2026-03-31 18:11:18.446] [info] HBM2-CH_0: BW utilization 0% (0 reads, 0 writes)
[2026-03-31 18:11:18.533] [info] HBM2-CH_0: BW utilization 0% (0 reads, 0 writes)
[2026-03-31 18:11:18.621] [info] HBM2-CH_0: BW utilization 0% (0 reads, 0 writes)
[2026-03-31 18:11:18.708] [info] HBM2-CH_0: BW utilization 0% (0 reads, 0 writes)
[2026-03-31 18:11:18.795] [info] HBM2-CH_0: BW utilization 0% (0 reads, 0 writes)
[2026-03-31 18:11:18.896] [info] HBM2-CH_0: BW utilization 0% (0 reads, 0 writes)
[2026-03-31 18:11:18.985] [info] HBM2-CH_0: BW utilization 0% (0 reads, 0 writes)
[2026-03-31 18:11:19.081] [info] HBM2-CH_0: BW utilization 0% (0 reads, 0 writes)
[2026-03-31 18:11:19.172] [info] HBM2-CH_0: BW utilization 0% (0 reads, 0 writes)
[2026-03-31 18:11:19.268] [info] HBM2-CH_0: BW utilization 0% (0 reads, 0 writes)
[2026-03-31 18:11:19.363] [info] HBM2-CH_0: BW utilization 0% (0 reads, 0 writes)
[2026-03-31 18:11:19.459] [info] HBM2-CH_0: BW utilization 0% (0 reads, 0 writes)
[2026-03-31 18:11:19.549] [info] HBM2-CH_0: BW utilization 0% (0 reads, 0 writes)
[2026-03-31 18:11:19.650] [info] HBM2-CH_0: BW utilization 0% (0 reads, 0 writes)
[2026-03-31 18:11:19.775] [info] HBM2-CH_0: BW utilization 0% (0 reads, 0 writes)
[2026-03-31 18:11:19.877] [info] HBM2-CH_0: BW utilization 0% (0 reads, 0 writes)
[2026-03-31 18:11:19.974] [info] HBM2-CH_0: BW utilization 0% (0 reads, 0 writes)
[2026-03-31 18:11:20.074] [info] HBM2-CH_0: BW utilization 0% (0 reads, 0 writes)
[2026-03-31 18:11:20.178] [info] HBM2-CH_0: BW utilization 0% (0 reads, 0 writes)
[2026-03-31 18:11:20.281] [info] HBM2-CH_0: BW utilization 0% (0 reads, 0 writes)
[2026-03-31 18:11:20.383] [info] HBM2-CH_0: BW utilization 0% (0 reads, 0 writes)
[2026-03-31 18:11:20.489] [info] HBM2-CH_0: BW utilization 0% (0 reads, 0 writes)
[2026-03-31 18:11:20.585] [info] HBM2-CH_0: BW utilization 0% (0 reads, 0 writes)
[2026-03-31 18:11:20.685] [info] HBM2-CH_0: BW utilization 0% (0 reads, 0 writes)
[2026-03-31 18:11:20.787] [info] HBM2-CH_0: BW utilization 0% (0 reads, 0 writes)
[2026-03-31 18:11:20.887] [info] HBM2-CH_0: BW utilization 0% (0 reads, 0 writes)
[2026-03-31 18:11:20.986] [info] HBM2-CH_0: BW utilization 0% (0 reads, 0 writes)
[2026-03-31 18:11:21.083] [info] HBM2-CH_0: BW utilization 0% (0 reads, 0 writes)
[2026-03-31 18:11:21.182] [info] HBM2-CH_0: BW utilization 0% (0 reads, 0 writes)
[2026-03-31 18:11:21.279] [info] HBM2-CH_0: BW utilization 0% (0 reads, 0 writes)
[2026-03-31 18:11:21.375] [info] HBM2-CH_0: BW utilization 0% (0 reads, 0 writes)
[2026-03-31 18:11:21.471] [info] HBM2-CH_0: BW utilization 0% (0 reads, 0 writes)
[2026-03-31 18:11:21.568] [info] HBM2-CH_0: BW utilization 0% (0 reads, 0 writes)
[2026-03-31 18:11:21.665] [info] HBM2-CH_0: BW utilization 0% (0 reads, 0 writes)
[2026-03-31 18:11:21.759] [info] HBM2-CH_0: BW utilization 0% (0 reads, 0 writes)
[2026-03-31 18:11:21.851] [info] HBM2-CH_0: BW utilization 0% (0 reads, 0 writes)
[2026-03-31 18:11:21.948] [info] HBM2-CH_0: BW utilization 0% (0 reads, 0 writes)
[2026-03-31 18:11:22.045] [info] HBM2-CH_0: BW utilization 0% (0 reads, 0 writes)
[2026-03-31 18:11:22.141] [info] HBM2-CH_0: BW utilization 0% (0 reads, 0 writes)
[2026-03-31 18:11:22.242] [info] HBM2-CH_0: BW utilization 0% (0 reads, 0 writes)
[2026-03-31 18:11:22.344] [info] HBM2-CH_0: BW utilization 0% (0 reads, 0 writes)
[2026-03-31 18:11:22.457] [info] HBM2-CH_0: BW utilization 0% (0 reads, 0 writes)
[2026-03-31 18:11:22.567] [info] HBM2-CH_0: BW utilization 0% (0 reads, 0 writes)
[2026-03-31 18:11:22.673] [info] HBM2-CH_0: BW utilization 0% (0 reads, 0 writes)
[2026-03-31 18:11:22.783] [info] HBM2-CH_0: BW utilization 0% (0 reads, 0 writes)
[2026-03-31 18:11:22.889] [info] HBM2-CH_0: BW utilization 0% (0 reads, 0 writes)
[2026-03-31 18:11:22.994] [info] HBM2-CH_0: BW utilization 0% (0 reads, 0 writes)
[2026-03-31 18:11:23.098] [info] HBM2-CH_0: BW utilization 0% (0 reads, 0 writes)
[2026-03-31 18:11:23.202] [info] HBM2-CH_0: BW utilization 0% (0 reads, 0 writes)
[2026-03-31 18:11:23.303] [info] HBM2-CH_0: BW utilization 0% (0 reads, 0 writes)
[2026-03-31 18:11:23.411] [info] HBM2-CH_0: BW utilization 0% (0 reads, 0 writes)
[2026-03-31 18:11:23.510] [info] HBM2-CH_0: BW utilization 0% (0 reads, 0 writes)
[2026-03-31 18:11:23.608] [info] HBM2-CH_0: BW utilization 0% (0 reads, 0 writes)
[2026-03-31 18:11:23.706] [info] HBM2-CH_0: BW utilization 0% (0 reads, 0 writes)
[2026-03-31 18:11:23.802] [info] HBM2-CH_0: BW utilization 0% (0 reads, 0 writes)
[2026-03-31 18:11:23.903] [info] HBM2-CH_0: BW utilization 0% (0 reads, 0 writes)
[2026-03-31 18:11:24.011] [info] HBM2-CH_0: BW utilization 0% (0 reads, 0 writes)
[2026-03-31 18:11:24.111] [info] HBM2-CH_0: BW utilization 0% (0 reads, 0 writes)
[2026-03-31 18:11:24.219] [info] HBM2-CH_0: BW utilization 0% (0 reads, 0 writes)
[2026-03-31 18:11:24.324] [info] HBM2-CH_0: BW utilization 0% (0 reads, 0 writes)
[2026-03-31 18:11:24.425] [info] HBM2-CH_0: BW utilization 0% (0 reads, 0 writes)
[2026-03-31 18:11:24.522] [info] HBM2-CH_0: BW utilization 0% (0 reads, 0 writes)
[2026-03-31 18:11:24.619] [info] HBM2-CH_0: BW utilization 0% (0 reads, 0 writes)
[2026-03-31 18:11:24.716] [info] HBM2-CH_0: BW utilization 0% (0 reads, 0 writes)
[2026-03-31 18:11:24.815] [info] HBM2-CH_0: BW utilization 0% (0 reads, 0 writes)
[2026-03-31 18:11:24.913] [info] HBM2-CH_0: BW utilization 0% (0 reads, 0 writes)
[2026-03-31 18:11:25.031] [info] HBM2-CH_0: BW utilization 0% (0 reads, 0 writes)
[2026-03-31 18:11:25.154] [info] HBM2-CH_0: BW utilization 0% (0 reads, 0 writes)
[2026-03-31 18:11:25.272] [info] HBM2-CH_0: BW utilization 0% (0 reads, 0 writes)
[2026-03-31 18:11:25.368] [info] HBM2-CH_0: BW utilization 0% (0 reads, 0 writes)
[2026-03-31 18:11:25.459] [info] HBM2-CH_0: BW utilization 0% (0 reads, 0 writes)
[2026-03-31 18:11:25.547] [info] HBM2-CH_0: BW utilization 0% (0 reads, 0 writes)
[2026-03-31 18:11:25.636] [info] HBM2-CH_0: BW utilization 0% (0 reads, 0 writes)
[2026-03-31 18:11:25.724] [info] HBM2-CH_0: BW utilization 0% (0 reads, 0 writes)
[2026-03-31 18:11:25.813] [info] HBM2-CH_0: BW utilization 0% (0 reads, 0 writes)
[2026-03-31 18:11:25.908] [info] HBM2-CH_0: BW utilization 0% (0 reads, 0 writes)
[2026-03-31 18:11:26.005] [info] HBM2-CH_0: BW utilization 0% (0 reads, 0 writes)
[2026-03-31 18:11:26.101] [info] HBM2-CH_0: BW utilization 0% (0 reads, 0 writes)
[2026-03-31 18:11:26.195] [info] HBM2-CH_0: BW utilization 0% (0 reads, 0 writes)
[2026-03-31 18:11:26.292] [info] HBM2-CH_0: BW utilization 0% (0 reads, 0 writes)
[2026-03-31 18:11:26.387] [info] HBM2-CH_0: BW utilization 0% (0 reads, 0 writes)
[2026-03-31 18:11:26.483] [info] HBM2-CH_0: BW utilization 0% (0 reads, 0 writes)
[2026-03-31 18:11:26.576] [info] HBM2-CH_0: BW utilization 0% (0 reads, 0 writes)
[2026-03-31 18:11:26.666] [info] HBM2-CH_0: BW utilization 0% (0 reads, 0 writes)
[2026-03-31 18:11:26.761] [info] HBM2-CH_0: BW utilization 0% (0 reads, 0 writes)
[2026-03-31 18:11:26.856] [info] HBM2-CH_0: BW utilization 0% (0 reads, 0 writes)
[2026-03-31 18:11:26.949] [info] HBM2-CH_0: BW utilization 0% (0 reads, 0 writes)
[2026-03-31 18:11:27.040] [info] HBM2-CH_0: BW utilization 0% (0 reads, 0 writes)
[2026-03-31 18:11:27.131] [info] HBM2-CH_0: BW utilization 0% (0 reads, 0 writes)
[2026-03-31 18:11:27.223] [info] HBM2-CH_0: BW utilization 0% (0 reads, 0 writes)
[2026-03-31 18:11:27.319] [info] HBM2-CH_0: BW utilization 0% (0 reads, 0 writes)
[2026-03-31 18:11:27.413] [info] HBM2-CH_0: BW utilization 0% (0 reads, 0 writes)
[2026-03-31 18:11:27.505] [info] HBM2-CH_0: BW utilization 0% (0 reads, 0 writes)
[2026-03-31 18:11:27.602] [info] HBM2-CH_0: BW utilization 0% (0 reads, 0 writes)
[2026-03-31 18:11:27.700] [info] HBM2-CH_0: BW utilization 0% (0 reads, 0 writes)
[2026-03-31 18:11:27.797] [info] HBM2-CH_0: BW utilization 0% (0 reads, 0 writes)
[2026-03-31 18:11:27.892] [info] HBM2-CH_0: BW utilization 0% (0 reads, 0 writes)
[2026-03-31 18:11:27.988] [info] HBM2-CH_0: BW utilization 0% (0 reads, 0 writes)
[2026-03-31 18:11:28.083] [info] HBM2-CH_0: BW utilization 0% (0 reads, 0 writes)
[2026-03-31 18:11:28.176] [info] HBM2-CH_0: BW utilization 0% (0 reads, 0 writes)
[2026-03-31 18:11:28.271] [info] HBM2-CH_0: BW utilization 0% (0 reads, 0 writes)
[2026-03-31 18:11:28.369] [info] HBM2-CH_0: BW utilization 0% (0 reads, 0 writes)
[2026-03-31 18:11:28.480] [info] HBM2-CH_0: BW utilization 0% (0 reads, 0 writes)
[2026-03-31 18:11:28.580] [info] HBM2-CH_0: BW utilization 0% (0 reads, 0 writes)
[2026-03-31 18:11:28.674] [info] HBM2-CH_0: BW utilization 0% (0 reads, 0 writes)
[2026-03-31 18:11:28.771] [info] HBM2-CH_0: BW utilization 0% (0 reads, 0 writes)
[2026-03-31 18:11:28.869] [info] HBM2-CH_0: BW utilization 0% (0 reads, 0 writes)
[2026-03-31 18:11:28.966] [info] HBM2-CH_0: BW utilization 0% (0 reads, 0 writes)
[2026-03-31 18:11:29.063] [info] HBM2-CH_0: BW utilization 0% (0 reads, 0 writes)
[2026-03-31 18:11:29.159] [info] HBM2-CH_0: BW utilization 0% (0 reads, 0 writes)
[2026-03-31 18:11:29.253] [info] HBM2-CH_0: BW utilization 0% (0 reads, 0 writes)
[2026-03-31 18:11:29.353] [info] HBM2-CH_0: BW utilization 0% (0 reads, 0 writes)
[2026-03-31 18:11:29.460] [info] HBM2-CH_0: BW utilization 0% (0 reads, 0 writes)
[2026-03-31 18:11:29.567] [info] HBM2-CH_0: BW utilization 0% (0 reads, 0 writes)
[2026-03-31 18:11:29.673] [info] HBM2-CH_0: BW utilization 0% (0 reads, 0 writes)
[2026-03-31 18:11:29.777] [info] HBM2-CH_0: BW utilization 0% (0 reads, 0 writes)
[2026-03-31 18:11:29.877] [info] HBM2-CH_0: BW utilization 0% (0 reads, 0 writes)
[2026-03-31 18:11:29.974] [info] HBM2-CH_0: BW utilization 0% (0 reads, 0 writes)
[2026-03-31 18:11:30.068] [info] HBM2-CH_0: BW utilization 0% (0 reads, 0 writes)
[2026-03-31 18:11:30.162] [info] HBM2-CH_0: BW utilization 0% (0 reads, 0 writes)
[2026-03-31 18:11:30.254] [info] HBM2-CH_0: BW utilization 0% (0 reads, 0 writes)
[2026-03-31 18:11:30.353] [info] HBM2-CH_0: BW utilization 0% (0 reads, 0 writes)
[2026-03-31 18:11:30.453] [info] HBM2-CH_0: BW utilization 0% (0 reads, 0 writes)
[2026-03-31 18:11:30.556] [info] HBM2-CH_0: BW utilization 0% (0 reads, 0 writes)
[2026-03-31 18:11:30.653] [info] HBM2-CH_0: BW utilization 0% (0 reads, 0 writes)
[2026-03-31 18:11:30.748] [info] HBM2-CH_0: BW utilization 0% (0 reads, 0 writes)
[2026-03-31 18:11:30.844] [info] HBM2-CH_0: BW utilization 0% (0 reads, 0 writes)
[2026-03-31 18:11:30.938] [info] HBM2-CH_0: BW utilization 0% (0 reads, 0 writes)
[2026-03-31 18:11:31.036] [info] HBM2-CH_0: BW utilization 0% (0 reads, 0 writes)
[2026-03-31 18:11:31.137] [info] HBM2-CH_0: BW utilization 0% (0 reads, 0 writes)
[2026-03-31 18:11:31.259] [info] HBM2-CH_0: BW utilization 0% (0 reads, 0 writes)
[2026-03-31 18:11:31.369] [info] HBM2-CH_0: BW utilization 0% (0 reads, 0 writes)
[2026-03-31 18:11:31.476] [info] HBM2-CH_0: BW utilization 0% (0 reads, 0 writes)
[2026-03-31 18:11:31.572] [info] HBM2-CH_0: BW utilization 0% (0 reads, 0 writes)
[2026-03-31 18:11:31.665] [info] HBM2-CH_0: BW utilization 0% (0 reads, 0 writes)
[2026-03-31 18:11:31.758] [info] HBM2-CH_0: BW utilization 0% (0 reads, 0 writes)
[2026-03-31 18:11:31.854] [info] HBM2-CH_0: BW utilization 0% (0 reads, 0 writes)
[2026-03-31 18:11:31.952] [info] HBM2-CH_0: BW utilization 0% (0 reads, 0 writes)
[2026-03-31 18:11:32.070] [info] HBM2-CH_0: BW utilization 0% (0 reads, 0 writes)
[2026-03-31 18:11:32.177] [info] HBM2-CH_0: BW utilization 0% (0 reads, 0 writes)
[2026-03-31 18:11:32.273] [info] HBM2-CH_0: BW utilization 0% (0 reads, 0 writes)
[2026-03-31 18:11:32.371] [info] HBM2-CH_0: BW utilization 0% (0 reads, 0 writes)
[2026-03-31 18:11:32.469] [info] HBM2-CH_0: BW utilization 0% (0 reads, 0 writes)
[2026-03-31 18:11:32.561] [info] HBM2-CH_0: BW utilization 0% (0 reads, 0 writes)
[2026-03-31 18:11:32.652] [info] HBM2-CH_0: BW utilization 0% (0 reads, 0 writes)
[2026-03-31 18:11:32.743] [info] HBM2-CH_0: BW utilization 0% (0 reads, 0 writes)
[2026-03-31 18:11:32.832] [info] HBM2-CH_0: BW utilization 0% (0 reads, 0 writes)
[2026-03-31 18:11:32.923] [info] HBM2-CH_0: BW utilization 0% (0 reads, 0 writes)
[2026-03-31 18:11:33.015] [info] HBM2-CH_0: BW utilization 0% (0 reads, 0 writes)
[2026-03-31 18:11:33.106] [info] HBM2-CH_0: BW utilization 0% (0 reads, 0 writes)
[2026-03-31 18:11:33.198] [info] HBM2-CH_0: BW utilization 0% (0 reads, 0 writes)
[2026-03-31 18:11:33.289] [info] HBM2-CH_0: BW utilization 0% (0 reads, 0 writes)
[2026-03-31 18:11:33.397] [info] HBM2-CH_0: BW utilization 0% (0 reads, 0 writes)
[2026-03-31 18:11:33.496] [info] HBM2-CH_0: BW utilization 0% (0 reads, 0 writes)
[2026-03-31 18:11:33.586] [info] HBM2-CH_0: BW utilization 0% (0 reads, 0 writes)
[2026-03-31 18:11:33.678] [info] HBM2-CH_0: BW utilization 0% (0 reads, 0 writes)
[2026-03-31 18:11:33.768] [info] HBM2-CH_0: BW utilization 0% (0 reads, 0 writes)
[2026-03-31 18:11:33.857] [info] HBM2-CH_0: BW utilization 0% (0 reads, 0 writes)
[2026-03-31 18:11:33.950] [info] HBM2-CH_0: BW utilization 0% (0 reads, 0 writes)
[2026-03-31 18:11:34.043] [info] HBM2-CH_0: BW utilization 0% (0 reads, 0 writes)
[2026-03-31 18:11:34.134] [info] HBM2-CH_0: BW utilization 0% (0 reads, 0 writes)
[2026-03-31 18:11:34.231] [info] HBM2-CH_0: BW utilization 0% (0 reads, 0 writes)
[2026-03-31 18:11:34.323] [info] HBM2-CH_0: BW utilization 0% (0 reads, 0 writes)
[2026-03-31 18:11:34.419] [info] HBM2-CH_0: BW utilization 0% (0 reads, 0 writes)
[2026-03-31 18:11:34.518] [info] HBM2-CH_0: BW utilization 0% (0 reads, 0 writes)
[2026-03-31 18:11:34.610] [info] HBM2-CH_0: BW utilization 0% (0 reads, 0 writes)
[2026-03-31 18:11:34.704] [info] HBM2-CH_0: BW utilization 0% (0 reads, 0 writes)
[2026-03-31 18:11:34.797] [info] HBM2-CH_0: BW utilization 0% (0 reads, 0 writes)
[2026-03-31 18:11:34.891] [info] HBM2-CH_0: BW utilization 0% (0 reads, 0 writes)
[2026-03-31 18:11:34.989] [info] HBM2-CH_0: BW utilization 0% (0 reads, 0 writes)
[2026-03-31 18:11:35.081] [info] HBM2-CH_0: BW utilization 0% (0 reads, 0 writes)
[2026-03-31 18:11:35.172] [info] HBM2-CH_0: BW utilization 0% (0 reads, 0 writes)
[2026-03-31 18:11:35.261] [info] HBM2-CH_0: BW utilization 0% (0 reads, 0 writes)
[2026-03-31 18:11:35.350] [info] HBM2-CH_0: BW utilization 0% (0 reads, 0 writes)
[2026-03-31 18:11:35.443] [info] HBM2-CH_0: BW utilization 0% (0 reads, 0 writes)
[2026-03-31 18:11:35.548] [info] HBM2-CH_0: BW utilization 0% (0 reads, 0 writes)
[2026-03-31 18:11:35.641] [info] HBM2-CH_0: BW utilization 0% (0 reads, 0 writes)
[2026-03-31 18:11:35.733] [info] HBM2-CH_0: BW utilization 0% (0 reads, 0 writes)
[2026-03-31 18:11:35.826] [info] HBM2-CH_0: BW utilization 0% (0 reads, 0 writes)
[2026-03-31 18:11:35.950] [info] HBM2-CH_0: BW utilization 0% (0 reads, 0 writes)
[2026-03-31 18:11:36.052] [info] HBM2-CH_0: BW utilization 0% (0 reads, 0 writes)
[2026-03-31 18:11:36.152] [info] HBM2-CH_0: BW utilization 0% (0 reads, 0 writes)
[2026-03-31 18:11:36.253] [info] HBM2-CH_0: BW utilization 0% (0 reads, 0 writes)
[2026-03-31 18:11:36.353] [info] HBM2-CH_0: BW utilization 0% (0 reads, 0 writes)
[2026-03-31 18:11:36.451] [info] HBM2-CH_0: BW utilization 0% (0 reads, 0 writes)
[2026-03-31 18:11:36.549] [info] HBM2-CH_0: BW utilization 0% (0 reads, 0 writes)
[2026-03-31 18:11:36.647] [info] HBM2-CH_0: BW utilization 0% (0 reads, 0 writes)
[2026-03-31 18:11:36.742] [info] HBM2-CH_0: BW utilization 0% (0 reads, 0 writes)
[2026-03-31 18:11:36.857] [info] HBM2-CH_0: BW utilization 0% (0 reads, 0 writes)
[2026-03-31 18:11:36.956] [info] HBM2-CH_0: BW utilization 0% (0 reads, 0 writes)
[2026-03-31 18:11:37.052] [info] HBM2-CH_0: BW utilization 0% (0 reads, 0 writes)
[2026-03-31 18:11:37.146] [info] HBM2-CH_0: BW utilization 0% (0 reads, 0 writes)
[2026-03-31 18:11:37.238] [info] HBM2-CH_0: BW utilization 0% (0 reads, 0 writes)
[2026-03-31 18:11:37.330] [info] HBM2-CH_0: BW utilization 0% (0 reads, 0 writes)
[2026-03-31 18:11:37.423] [info] HBM2-CH_0: BW utilization 0% (0 reads, 0 writes)
[2026-03-31 18:11:37.516] [info] HBM2-CH_0: BW utilization 0% (0 reads, 0 writes)
[2026-03-31 18:11:37.612] [info] HBM2-CH_0: BW utilization 0% (0 reads, 0 writes)
[2026-03-31 18:11:37.725] [info] HBM2-CH_0: BW utilization 0% (0 reads, 0 writes)
[2026-03-31 18:11:37.821] [info] HBM2-CH_0: BW utilization 0% (0 reads, 0 writes)
[2026-03-31 18:11:37.917] [info] HBM2-CH_0: BW utilization 0% (0 reads, 0 writes)
[2026-03-31 18:11:38.013] [info] HBM2-CH_0: BW utilization 0% (0 reads, 0 writes)
[2026-03-31 18:11:38.107] [info] HBM2-CH_0: BW utilization 0% (0 reads, 0 writes)
[2026-03-31 18:11:38.210] [info] HBM2-CH_0: BW utilization 0% (0 reads, 0 writes)
[2026-03-31 18:11:38.313] [info] HBM2-CH_0: BW utilization 0% (0 reads, 0 writes)
[2026-03-31 18:11:38.413] [info] HBM2-CH_0: BW utilization 0% (0 reads, 0 writes)
[2026-03-31 18:11:38.511] [info] HBM2-CH_0: BW utilization 0% (0 reads, 0 writes)
[2026-03-31 18:11:38.605] [info] HBM2-CH_0: BW utilization 0% (0 reads, 0 writes)
[2026-03-31 18:11:38.697] [info] HBM2-CH_0: BW utilization 0% (0 reads, 0 writes)
[2026-03-31 18:11:38.788] [info] HBM2-CH_0: BW utilization 0% (0 reads, 0 writes)
[2026-03-31 18:11:38.880] [info] HBM2-CH_0: BW utilization 0% (0 reads, 0 writes)
[2026-03-31 18:11:38.984] [info] HBM2-CH_0: BW utilization 0% (0 reads, 0 writes)
[2026-03-31 18:11:39.091] [info] HBM2-CH_0: BW utilization 0% (0 reads, 0 writes)
[2026-03-31 18:11:39.196] [info] HBM2-CH_0: BW utilization 0% (0 reads, 0 writes)
[2026-03-31 18:11:39.300] [info] HBM2-CH_0: BW utilization 0% (0 reads, 0 writes)
[2026-03-31 18:11:39.403] [info] HBM2-CH_0: BW utilization 0% (0 reads, 0 writes)
[2026-03-31 18:11:39.503] [info] HBM2-CH_0: BW utilization 0% (0 reads, 0 writes)
[2026-03-31 18:11:39.605] [info] HBM2-CH_0: BW utilization 0% (0 reads, 0 writes)
[2026-03-31 18:11:39.715] [info] HBM2-CH_0: BW utilization 0% (0 reads, 0 writes)
[2026-03-31 18:11:39.832] [info] HBM2-CH_0: BW utilization 0% (0 reads, 0 writes)
[2026-03-31 18:11:39.946] [info] HBM2-CH_0: BW utilization 0% (0 reads, 0 writes)
[2026-03-31 18:11:40.047] [info] HBM2-CH_0: BW utilization 0% (0 reads, 0 writes)
[2026-03-31 18:11:40.146] [info] HBM2-CH_0: BW utilization 0% (0 reads, 0 writes)
[2026-03-31 18:11:40.247] [info] HBM2-CH_0: BW utilization 0% (0 reads, 0 writes)
[2026-03-31 18:11:40.345] [info] HBM2-CH_0: BW utilization 0% (0 reads, 0 writes)
[2026-03-31 18:11:40.448] [info] HBM2-CH_0: BW utilization 0% (0 reads, 0 writes)
[2026-03-31 18:11:40.550] [info] HBM2-CH_0: BW utilization 0% (0 reads, 0 writes)
[2026-03-31 18:11:40.659] [info] HBM2-CH_0: BW utilization 0% (0 reads, 0 writes)
[2026-03-31 18:11:40.749] [info] HBM2-CH_0: BW utilization 0% (0 reads, 0 writes)
[2026-03-31 18:11:40.837] [info] HBM2-CH_0: BW utilization 0% (0 reads, 0 writes)
[2026-03-31 18:11:40.926] [info] HBM2-CH_0: BW utilization 0% (0 reads, 0 writes)
[2026-03-31 18:11:41.013] [info] HBM2-CH_0: BW utilization 0% (0 reads, 0 writes)
[2026-03-31 18:11:41.108] [info] HBM2-CH_0: BW utilization 0% (0 reads, 0 writes)
[2026-03-31 18:11:41.203] [info] HBM2-CH_0: BW utilization 0% (0 reads, 0 writes)
[2026-03-31 18:11:41.296] [info] HBM2-CH_0: BW utilization 0% (0 reads, 0 writes)
[2026-03-31 18:11:41.387] [info] HBM2-CH_0: BW utilization 0% (0 reads, 0 writes)
[2026-03-31 18:11:41.476] [info] HBM2-CH_0: BW utilization 0% (0 reads, 0 writes)
[2026-03-31 18:11:41.566] [info] HBM2-CH_0: BW utilization 0% (0 reads, 0 writes)
[2026-03-31 18:11:41.655] [info] HBM2-CH_0: BW utilization 0% (0 reads, 0 writes)
[2026-03-31 18:11:41.748] [info] HBM2-CH_0: BW utilization 0% (0 reads, 0 writes)
[2026-03-31 18:11:41.839] [info] HBM2-CH_0: BW utilization 0% (0 reads, 0 writes)
[2026-03-31 18:11:41.929] [info] HBM2-CH_0: BW utilization 0% (0 reads, 0 writes)
[2026-03-31 18:11:42.019] [info] HBM2-CH_0: BW utilization 0% (0 reads, 0 writes)
[2026-03-31 18:11:42.108] [info] HBM2-CH_0: BW utilization 0% (0 reads, 0 writes)
[2026-03-31 18:11:42.197] [info] HBM2-CH_0: BW utilization 0% (0 reads, 0 writes)
[2026-03-31 18:11:42.286] [info] HBM2-CH_0: BW utilization 0% (0 reads, 0 writes)
[2026-03-31 18:11:42.376] [info] HBM2-CH_0: BW utilization 0% (0 reads, 0 writes)
[2026-03-31 18:11:42.467] [info] HBM2-CH_0: BW utilization 0% (0 reads, 0 writes)
[2026-03-31 18:11:42.556] [info] HBM2-CH_0: BW utilization 0% (0 reads, 0 writes)
[2026-03-31 18:11:42.647] [info] HBM2-CH_0: BW utilization 0% (0 reads, 0 writes)
[2026-03-31 18:11:42.739] [info] HBM2-CH_0: BW utilization 0% (0 reads, 0 writes)
[2026-03-31 18:11:42.829] [info] HBM2-CH_0: BW utilization 0% (0 reads, 0 writes)
[2026-03-31 18:11:42.918] [info] HBM2-CH_0: BW utilization 0% (0 reads, 0 writes)
[2026-03-31 18:11:43.007] [info] HBM2-CH_0: BW utilization 0% (0 reads, 0 writes)
[2026-03-31 18:11:43.103] [info] HBM2-CH_0: BW utilization 0% (0 reads, 0 writes)
[2026-03-31 18:11:43.200] [info] HBM2-CH_0: BW utilization 0% (0 reads, 0 writes)
[2026-03-31 18:11:43.292] [info] HBM2-CH_0: BW utilization 0% (0 reads, 0 writes)
[2026-03-31 18:11:43.382] [info] HBM2-CH_0: BW utilization 0% (0 reads, 0 writes)
[2026-03-31 18:11:43.473] [info] HBM2-CH_0: BW utilization 0% (0 reads, 0 writes)
[2026-03-31 18:11:43.562] [info] HBM2-CH_0: BW utilization 0% (0 reads, 0 writes)
[2026-03-31 18:11:43.652] [info] HBM2-CH_0: BW utilization 0% (0 reads, 0 writes)
[2026-03-31 18:11:43.743] [info] HBM2-CH_0: BW utilization 0% (0 reads, 0 writes)
[2026-03-31 18:11:43.832] [info] HBM2-CH_0: BW utilization 0% (0 reads, 0 writes)
[2026-03-31 18:11:43.921] [info] HBM2-CH_0: BW utilization 0% (0 reads, 0 writes)
[2026-03-31 18:11:44.010] [info] HBM2-CH_0: BW utilization 0% (0 reads, 0 writes)
[2026-03-31 18:11:44.099] [info] HBM2-CH_0: BW utilization 0% (0 reads, 0 writes)
[2026-03-31 18:11:44.188] [info] HBM2-CH_0: BW utilization 0% (0 reads, 0 writes)
[2026-03-31 18:11:44.278] [info] HBM2-CH_0: BW utilization 0% (0 reads, 0 writes)
[2026-03-31 18:11:44.367] [info] HBM2-CH_0: BW utilization 0% (0 reads, 0 writes)
[2026-03-31 18:11:44.457] [info] HBM2-CH_0: BW utilization 0% (0 reads, 0 writes)
[2026-03-31 18:11:44.546] [info] HBM2-CH_0: BW utilization 0% (0 reads, 0 writes)
[2026-03-31 18:11:44.637] [info] HBM2-CH_0: BW utilization 0% (0 reads, 0 writes)
[2026-03-31 18:11:44.729] [info] HBM2-CH_0: BW utilization 0% (0 reads, 0 writes)
[2026-03-31 18:11:44.820] [info] HBM2-CH_0: BW utilization 0% (0 reads, 0 writes)
[2026-03-31 18:11:44.911] [info] HBM2-CH_0: BW utilization 0% (0 reads, 0 writes)
[2026-03-31 18:11:45.001] [info] HBM2-CH_0: BW utilization 0% (0 reads, 0 writes)
[2026-03-31 18:11:45.089] [info] HBM2-CH_0: BW utilization 0% (0 reads, 0 writes)
[2026-03-31 18:11:45.179] [info] HBM2-CH_0: BW utilization 0% (0 reads, 0 writes)
[2026-03-31 18:11:45.268] [info] HBM2-CH_0: BW utilization 0% (0 reads, 0 writes)
[2026-03-31 18:11:45.357] [info] HBM2-CH_0: BW utilization 0% (0 reads, 0 writes)
[2026-03-31 18:11:45.447] [info] HBM2-CH_0: BW utilization 0% (0 reads, 0 writes)
[2026-03-31 18:11:45.536] [info] HBM2-CH_0: BW utilization 0% (0 reads, 0 writes)
[2026-03-31 18:11:45.624] [info] HBM2-CH_0: BW utilization 0% (0 reads, 0 writes)
[2026-03-31 18:11:45.713] [info] HBM2-CH_0: BW utilization 0% (0 reads, 0 writes)
[2026-03-31 18:11:45.803] [info] HBM2-CH_0: BW utilization 0% (0 reads, 0 writes)
[2026-03-31 18:11:45.893] [info] HBM2-CH_0: BW utilization 0% (0 reads, 0 writes)
[2026-03-31 18:11:45.982] [info] HBM2-CH_0: BW utilization 0% (0 reads, 0 writes)
[2026-03-31 18:11:46.088] [info] HBM2-CH_0: BW utilization 0% (0 reads, 0 writes)
[2026-03-31 18:11:46.183] [info] HBM2-CH_0: BW utilization 0% (0 reads, 0 writes)
[2026-03-31 18:11:46.275] [info] HBM2-CH_0: BW utilization 0% (0 reads, 0 writes)
[2026-03-31 18:11:46.365] [info] HBM2-CH_0: BW utilization 0% (0 reads, 0 writes)
[2026-03-31 18:11:46.454] [info] HBM2-CH_0: BW utilization 0% (0 reads, 0 writes)
[2026-03-31 18:11:46.543] [info] HBM2-CH_0: BW utilization 0% (0 reads, 0 writes)
[2026-03-31 18:11:46.632] [info] HBM2-CH_0: BW utilization 0% (0 reads, 0 writes)
[2026-03-31 18:11:46.722] [info] HBM2-CH_0: BW utilization 0% (0 reads, 0 writes)
[2026-03-31 18:11:46.824] [info] HBM2-CH_0: BW utilization 0% (0 reads, 0 writes)
[2026-03-31 18:11:46.912] [info] HBM2-CH_0: BW utilization 0% (0 reads, 0 writes)
[2026-03-31 18:11:47.001] [info] HBM2-CH_0: BW utilization 0% (0 reads, 0 writes)
[2026-03-31 18:11:47.090] [info] HBM2-CH_0: BW utilization 0% (0 reads, 0 writes)
[2026-03-31 18:11:47.197] [info] HBM2-CH_0: BW utilization 0% (0 reads, 0 writes)
[2026-03-31 18:11:47.292] [info] HBM2-CH_0: BW utilization 0% (0 reads, 0 writes)
[2026-03-31 18:11:47.385] [info] HBM2-CH_0: BW utilization 0% (0 reads, 0 writes)
[2026-03-31 18:11:47.476] [info] HBM2-CH_0: BW utilization 0% (0 reads, 0 writes)
[2026-03-31 18:11:47.566] [info] HBM2-CH_0: BW utilization 0% (0 reads, 0 writes)
[2026-03-31 18:11:47.655] [info] HBM2-CH_0: BW utilization 0% (0 reads, 0 writes)
[2026-03-31 18:11:47.744] [info] HBM2-CH_0: BW utilization 0% (0 reads, 0 writes)
[2026-03-31 18:11:47.835] [info] HBM2-CH_0: BW utilization 0% (0 reads, 0 writes)
[2026-03-31 18:11:47.926] [info] HBM2-CH_0: BW utilization 0% (0 reads, 0 writes)
[2026-03-31 18:11:48.016] [info] HBM2-CH_0: BW utilization 0% (0 reads, 0 writes)
[2026-03-31 18:11:48.105] [info] HBM2-CH_0: BW utilization 0% (0 reads, 0 writes)
[2026-03-31 18:11:48.194] [info] HBM2-CH_0: BW utilization 0% (0 reads, 0 writes)
[2026-03-31 18:11:48.284] [info] HBM2-CH_0: BW utilization 0% (0 reads, 0 writes)
[2026-03-31 18:11:48.373] [info] HBM2-CH_0: BW utilization 0% (0 reads, 0 writes)
[2026-03-31 18:11:48.480] [info] HBM2-CH_0: BW utilization 0% (0 reads, 0 writes)
[2026-03-31 18:11:48.572] [info] HBM2-CH_0: BW utilization 0% (0 reads, 0 writes)
[2026-03-31 18:11:48.662] [info] HBM2-CH_0: BW utilization 0% (0 reads, 0 writes)
[2026-03-31 18:11:48.751] [info] HBM2-CH_0: BW utilization 0% (0 reads, 0 writes)
[2026-03-31 18:11:48.847] [info] HBM2-CH_0: BW utilization 0% (0 reads, 0 writes)
[2026-03-31 18:11:48.943] [info] HBM2-CH_0: BW utilization 0% (0 reads, 0 writes)
[2026-03-31 18:11:49.033] [info] HBM2-CH_0: BW utilization 0% (0 reads, 0 writes)
[2026-03-31 18:11:49.122] [info] HBM2-CH_0: BW utilization 0% (0 reads, 0 writes)
[2026-03-31 18:11:49.217] [info] HBM2-CH_0: BW utilization 0% (0 reads, 0 writes)
[2026-03-31 18:11:49.312] [info] HBM2-CH_0: BW utilization 0% (0 reads, 0 writes)
[2026-03-31 18:11:49.406] [info] HBM2-CH_0: BW utilization 0% (0 reads, 0 writes)
[2026-03-31 18:11:49.501] [info] HBM2-CH_0: BW utilization 0% (0 reads, 0 writes)
[2026-03-31 18:11:49.590] [info] HBM2-CH_0: BW utilization 0% (0 reads, 0 writes)
[2026-03-31 18:11:49.680] [info] HBM2-CH_0: BW utilization 0% (0 reads, 0 writes)
[2026-03-31 18:11:49.769] [info] HBM2-CH_0: BW utilization 0% (0 reads, 0 writes)
[2026-03-31 18:11:49.864] [info] HBM2-CH_0: BW utilization 0% (0 reads, 0 writes)
[2026-03-31 18:11:49.967] [info] HBM2-CH_0: BW utilization 0% (0 reads, 0 writes)
[2026-03-31 18:11:50.056] [info] HBM2-CH_0: BW utilization 0% (0 reads, 0 writes)
[2026-03-31 18:11:50.166] [info] HBM2-CH_0: BW utilization 0% (0 reads, 0 writes)
[2026-03-31 18:11:50.263] [info] HBM2-CH_0: BW utilization 0% (0 reads, 0 writes)
[2026-03-31 18:11:50.356] [info] HBM2-CH_0: BW utilization 0% (0 reads, 0 writes)
[2026-03-31 18:11:50.448] [info] HBM2-CH_0: BW utilization 0% (0 reads, 0 writes)
[2026-03-31 18:11:50.539] [info] HBM2-CH_0: BW utilization 0% (0 reads, 0 writes)
[2026-03-31 18:11:50.637] [info] HBM2-CH_0: BW utilization 0% (0 reads, 0 writes)
[2026-03-31 18:11:50.725] [info] HBM2-CH_0: BW utilization 0% (0 reads, 0 writes)
[2026-03-31 18:11:50.814] [info] HBM2-CH_0: BW utilization 0% (0 reads, 0 writes)
[2026-03-31 18:11:50.913] [info] HBM2-CH_0: BW utilization 0% (0 reads, 0 writes)
[2026-03-31 18:11:51.022] [info] HBM2-CH_0: BW utilization 0% (0 reads, 0 writes)
[2026-03-31 18:11:51.116] [info] HBM2-CH_0: BW utilization 0% (0 reads, 0 writes)
[2026-03-31 18:11:51.207] [info] HBM2-CH_0: BW utilization 0% (0 reads, 0 writes)
[2026-03-31 18:11:51.296] [info] HBM2-CH_0: BW utilization 0% (0 reads, 0 writes)
[2026-03-31 18:11:51.386] [info] HBM2-CH_0: BW utilization 0% (0 reads, 0 writes)
[2026-03-31 18:11:51.480] [info] HBM2-CH_0: BW utilization 0% (0 reads, 0 writes)
[2026-03-31 18:11:51.574] [info] HBM2-CH_0: BW utilization 0% (0 reads, 0 writes)
[2026-03-31 18:11:51.660] [info] HBM2-CH_0: BW utilization 0% (0 reads, 0 writes)
[2026-03-31 18:11:51.747] [info] HBM2-CH_0: BW utilization 0% (0 reads, 0 writes)
[2026-03-31 18:11:51.835] [info] HBM2-CH_0: BW utilization 0% (0 reads, 0 writes)
[2026-03-31 18:11:51.923] [info] HBM2-CH_0: BW utilization 0% (0 reads, 0 writes)
[2026-03-31 18:11:52.014] [info] HBM2-CH_0: BW utilization 0% (0 reads, 0 writes)
[2026-03-31 18:11:52.104] [info] HBM2-CH_0: BW utilization 0% (0 reads, 0 writes)
[2026-03-31 18:11:52.193] [info] HBM2-CH_0: BW utilization 0% (0 reads, 0 writes)
[2026-03-31 18:11:52.282] [info] HBM2-CH_0: BW utilization 0% (0 reads, 0 writes)
[2026-03-31 18:11:52.370] [info] HBM2-CH_0: BW utilization 0% (0 reads, 0 writes)
[2026-03-31 18:11:52.459] [info] HBM2-CH_0: BW utilization 0% (0 reads, 0 writes)
[2026-03-31 18:11:52.547] [info] HBM2-CH_0: BW utilization 0% (0 reads, 0 writes)
[2026-03-31 18:11:52.635] [info] HBM2-CH_0: BW utilization 0% (0 reads, 0 writes)
[2026-03-31 18:11:52.724] [info] HBM2-CH_0: BW utilization 0% (0 reads, 0 writes)
[2026-03-31 18:11:52.812] [info] HBM2-CH_0: BW utilization 0% (0 reads, 0 writes)
[2026-03-31 18:11:52.900] [info] HBM2-CH_0: BW utilization 0% (0 reads, 0 writes)
[2026-03-31 18:11:52.991] [info] HBM2-CH_0: BW utilization 0% (0 reads, 0 writes)
[2026-03-31 18:11:53.080] [info] HBM2-CH_0: BW utilization 0% (0 reads, 0 writes)
[2026-03-31 18:11:53.170] [info] HBM2-CH_0: BW utilization 0% (0 reads, 0 writes)
[2026-03-31 18:11:53.259] [info] HBM2-CH_0: BW utilization 0% (0 reads, 0 writes)
[2026-03-31 18:11:53.348] [info] HBM2-CH_0: BW utilization 0% (0 reads, 0 writes)
[2026-03-31 18:11:53.437] [info] HBM2-CH_0: BW utilization 0% (0 reads, 0 writes)
[2026-03-31 18:11:53.526] [info] HBM2-CH_0: BW utilization 0% (0 reads, 0 writes)
[2026-03-31 18:11:53.615] [info] HBM2-CH_0: BW utilization 0% (0 reads, 0 writes)
[2026-03-31 18:11:53.703] [info] HBM2-CH_0: BW utilization 0% (0 reads, 0 writes)
[2026-03-31 18:11:53.792] [info] HBM2-CH_0: BW utilization 0% (0 reads, 0 writes)
[2026-03-31 18:11:53.881] [info] HBM2-CH_0: BW utilization 0% (0 reads, 0 writes)
[2026-03-31 18:11:53.969] [info] HBM2-CH_0: BW utilization 0% (0 reads, 0 writes)
[2026-03-31 18:11:54.060] [info] HBM2-CH_0: BW utilization 0% (0 reads, 0 writes)
[2026-03-31 18:11:54.149] [info] HBM2-CH_0: BW utilization 0% (0 reads, 0 writes)
[2026-03-31 18:11:54.241] [info] HBM2-CH_0: BW utilization 0% (0 reads, 0 writes)
[2026-03-31 18:11:54.346] [info] HBM2-CH_0: BW utilization 0% (0 reads, 0 writes)
[2026-03-31 18:11:54.443] [info] HBM2-CH_0: BW utilization 0% (0 reads, 0 writes)
[2026-03-31 18:11:54.538] [info] HBM2-CH_0: BW utilization 0% (0 reads, 0 writes)
[2026-03-31 18:11:54.631] [info] HBM2-CH_0: BW utilization 0% (0 reads, 0 writes)
[2026-03-31 18:11:54.731] [info] HBM2-CH_0: BW utilization 0% (0 reads, 0 writes)
[2026-03-31 18:11:54.826] [info] HBM2-CH_0: BW utilization 0% (0 reads, 0 writes)
[2026-03-31 18:11:54.919] [info] HBM2-CH_0: BW utilization 0% (0 reads, 0 writes)
[2026-03-31 18:11:55.011] [info] HBM2-CH_0: BW utilization 0% (0 reads, 0 writes)
[2026-03-31 18:11:55.103] [info] HBM2-CH_0: BW utilization 0% (0 reads, 0 writes)
[2026-03-31 18:11:55.193] [info] HBM2-CH_0: BW utilization 0% (0 reads, 0 writes)
[2026-03-31 18:11:55.282] [info] HBM2-CH_0: BW utilization 0% (0 reads, 0 writes)
[2026-03-31 18:11:55.371] [info] HBM2-CH_0: BW utilization 0% (0 reads, 0 writes)
[2026-03-31 18:11:55.467] [info] HBM2-CH_0: BW utilization 0% (0 reads, 0 writes)
[2026-03-31 18:11:55.563] [info] HBM2-CH_0: BW utilization 0% (0 reads, 0 writes)
[2026-03-31 18:11:55.655] [info] HBM2-CH_0: BW utilization 0% (0 reads, 0 writes)
[2026-03-31 18:11:55.743] [info] HBM2-CH_0: BW utilization 0% (0 reads, 0 writes)
[2026-03-31 18:11:55.828] [info] HBM2-CH_0: BW utilization 0% (0 reads, 0 writes)
[2026-03-31 18:11:55.914] [info] HBM2-CH_0: BW utilization 0% (0 reads, 0 writes)
[2026-03-31 18:11:56.000] [info] HBM2-CH_0: BW utilization 0% (0 reads, 0 writes)
[2026-03-31 18:11:56.088] [info] HBM2-CH_0: BW utilization 0% (0 reads, 0 writes)
[2026-03-31 18:11:56.174] [info] HBM2-CH_0: BW utilization 0% (0 reads, 0 writes)
[2026-03-31 18:11:56.266] [info] HBM2-CH_0: BW utilization 0% (0 reads, 0 writes)
[2026-03-31 18:11:56.353] [info] HBM2-CH_0: BW utilization 0% (0 reads, 0 writes)
[2026-03-31 18:11:56.439] [info] HBM2-CH_0: BW utilization 0% (0 reads, 0 writes)
[2026-03-31 18:11:56.526] [info] HBM2-CH_0: BW utilization 0% (0 reads, 0 writes)
[2026-03-31 18:11:56.611] [info] HBM2-CH_0: BW utilization 0% (0 reads, 0 writes)
[2026-03-31 18:11:56.697] [info] HBM2-CH_0: BW utilization 0% (0 reads, 0 writes)
[2026-03-31 18:11:56.783] [info] HBM2-CH_0: BW utilization 0% (0 reads, 0 writes)
[2026-03-31 18:11:56.870] [info] HBM2-CH_0: BW utilization 0% (0 reads, 0 writes)
[2026-03-31 18:11:56.956] [info] HBM2-CH_0: BW utilization 0% (0 reads, 0 writes)
[2026-03-31 18:11:57.042] [info] HBM2-CH_0: BW utilization 0% (0 reads, 0 writes)
[2026-03-31 18:11:57.131] [info] HBM2-CH_0: BW utilization 0% (0 reads, 0 writes)
[2026-03-31 18:11:57.217] [info] HBM2-CH_0: BW utilization 0% (0 reads, 0 writes)
[2026-03-31 18:11:57.303] [info] HBM2-CH_0: BW utilization 0% (0 reads, 0 writes)
[2026-03-31 18:11:57.389] [info] HBM2-CH_0: BW utilization 0% (0 reads, 0 writes)
[2026-03-31 18:11:57.476] [info] HBM2-CH_0: BW utilization 0% (0 reads, 0 writes)
[2026-03-31 18:11:57.562] [info] HBM2-CH_0: BW utilization 0% (0 reads, 0 writes)
[2026-03-31 18:11:57.653] [info] HBM2-CH_0: BW utilization 0% (0 reads, 0 writes)
[2026-03-31 18:11:57.742] [info] HBM2-CH_0: BW utilization 0% (0 reads, 0 writes)
[2026-03-31 18:11:57.828] [info] HBM2-CH_0: BW utilization 0% (0 reads, 0 writes)
[2026-03-31 18:11:57.915] [info] HBM2-CH_0: BW utilization 0% (0 reads, 0 writes)
[2026-03-31 18:11:58.001] [info] HBM2-CH_0: BW utilization 0% (0 reads, 0 writes)
[2026-03-31 18:11:58.091] [info] HBM2-CH_0: BW utilization 0% (0 reads, 0 writes)
[2026-03-31 18:11:58.177] [info] HBM2-CH_0: BW utilization 0% (0 reads, 0 writes)
[2026-03-31 18:11:58.264] [info] HBM2-CH_0: BW utilization 0% (0 reads, 0 writes)
[2026-03-31 18:11:58.350] [info] HBM2-CH_0: BW utilization 0% (0 reads, 0 writes)
[2026-03-31 18:11:58.436] [info] HBM2-CH_0: BW utilization 0% (0 reads, 0 writes)
[2026-03-31 18:11:58.523] [info] HBM2-CH_0: BW utilization 0% (0 reads, 0 writes)
[2026-03-31 18:11:58.608] [info] HBM2-CH_0: BW utilization 0% (0 reads, 0 writes)
[2026-03-31 18:11:58.695] [info] HBM2-CH_0: BW utilization 0% (0 reads, 0 writes)
[2026-03-31 18:11:58.781] [info] HBM2-CH_0: BW utilization 0% (0 reads, 0 writes)
[2026-03-31 18:11:58.867] [info] HBM2-CH_0: BW utilization 0% (0 reads, 0 writes)
[2026-03-31 18:11:58.954] [info] HBM2-CH_0: BW utilization 0% (0 reads, 0 writes)
[2026-03-31 18:11:59.040] [info] HBM2-CH_0: BW utilization 0% (0 reads, 0 writes)
[2026-03-31 18:11:59.129] [info] HBM2-CH_0: BW utilization 0% (0 reads, 0 writes)
[2026-03-31 18:11:59.216] [info] HBM2-CH_0: BW utilization 0% (0 reads, 0 writes)
[2026-03-31 18:11:59.302] [info] HBM2-CH_0: BW utilization 0% (0 reads, 0 writes)
[2026-03-31 18:11:59.388] [info] HBM2-CH_0: BW utilization 0% (0 reads, 0 writes)
[2026-03-31 18:11:59.474] [info] HBM2-CH_0: BW utilization 0% (0 reads, 0 writes)
[2026-03-31 18:11:59.561] [info] HBM2-CH_0: BW utilization 0% (0 reads, 0 writes)
[2026-03-31 18:11:59.646] [info] HBM2-CH_0: BW utilization 0% (0 reads, 0 writes)
[2026-03-31 18:11:59.732] [info] HBM2-CH_0: BW utilization 0% (0 reads, 0 writes)
[2026-03-31 18:11:59.818] [info] HBM2-CH_0: BW utilization 0% (0 reads, 0 writes)
[2026-03-31 18:11:59.904] [info] HBM2-CH_0: BW utilization 0% (0 reads, 0 writes)
[2026-03-31 18:11:59.991] [info] HBM2-CH_0: BW utilization 0% (0 reads, 0 writes)
[2026-03-31 18:12:00.078] [info] HBM2-CH_0: BW utilization 0% (0 reads, 0 writes)
[2026-03-31 18:12:00.167] [info] HBM2-CH_0: BW utilization 0% (0 reads, 0 writes)
[2026-03-31 18:12:00.253] [info] HBM2-CH_0: BW utilization 0% (0 reads, 0 writes)
[2026-03-31 18:12:00.339] [info] HBM2-CH_0: BW utilization 0% (0 reads, 0 writes)
[2026-03-31 18:12:00.425] [info] HBM2-CH_0: BW utilization 0% (0 reads, 0 writes)
[2026-03-31 18:12:00.512] [info] HBM2-CH_0: BW utilization 0% (0 reads, 0 writes)
[2026-03-31 18:12:00.598] [info] HBM2-CH_0: BW utilization 0% (0 reads, 0 writes)
[2026-03-31 18:12:00.684] [info] HBM2-CH_0: BW utilization 0% (0 reads, 0 writes)
[2026-03-31 18:12:00.771] [info] HBM2-CH_0: BW utilization 0% (0 reads, 0 writes)
[2026-03-31 18:12:00.857] [info] HBM2-CH_0: BW utilization 0% (0 reads, 0 writes)
[2026-03-31 18:12:00.944] [info] HBM2-CH_0: BW utilization 0% (0 reads, 0 writes)
[2026-03-31 18:12:01.031] [info] HBM2-CH_0: BW utilization 0% (0 reads, 0 writes)
[2026-03-31 18:12:01.119] [info] HBM2-CH_0: BW utilization 0% (0 reads, 0 writes)
[2026-03-31 18:12:01.211] [info] HBM2-CH_0: BW utilization 0% (0 reads, 0 writes)
[2026-03-31 18:12:01.307] [info] HBM2-CH_0: BW utilization 0% (0 reads, 0 writes)
[2026-03-31 18:12:01.404] [info] HBM2-CH_0: BW utilization 0% (0 reads, 0 writes)
[2026-03-31 18:12:01.497] [info] HBM2-CH_0: BW utilization 0% (0 reads, 0 writes)
[2026-03-31 18:12:01.590] [info] HBM2-CH_0: BW utilization 0% (0 reads, 0 writes)
[2026-03-31 18:12:01.682] [info] HBM2-CH_0: BW utilization 0% (0 reads, 0 writes)
[2026-03-31 18:12:01.773] [info] HBM2-CH_0: BW utilization 0% (0 reads, 0 writes)
[2026-03-31 18:12:01.864] [info] HBM2-CH_0: BW utilization 0% (0 reads, 0 writes)
[2026-03-31 18:12:01.956] [info] HBM2-CH_0: BW utilization 0% (0 reads, 0 writes)
[2026-03-31 18:12:02.054] [info] HBM2-CH_0: BW utilization 0% (0 reads, 0 writes)
[2026-03-31 18:12:02.151] [info] HBM2-CH_0: BW utilization 0% (0 reads, 0 writes)
[2026-03-31 18:12:02.246] [info] HBM2-CH_0: BW utilization 0% (0 reads, 0 writes)
[2026-03-31 18:12:02.340] [info] HBM2-CH_0: BW utilization 0% (0 reads, 0 writes)
[2026-03-31 18:12:02.433] [info] HBM2-CH_0: BW utilization 0% (0 reads, 0 writes)
[2026-03-31 18:12:02.524] [info] HBM2-CH_0: BW utilization 0% (0 reads, 0 writes)
[2026-03-31 18:12:02.616] [info] HBM2-CH_0: BW utilization 0% (0 reads, 0 writes)
[2026-03-31 18:12:02.706] [info] HBM2-CH_0: BW utilization 0% (0 reads, 0 writes)
[2026-03-31 18:12:02.796] [info] HBM2-CH_0: BW utilization 0% (0 reads, 0 writes)
[2026-03-31 18:12:02.888] [info] HBM2-CH_0: BW utilization 0% (0 reads, 0 writes)
[2026-03-31 18:12:02.979] [info] HBM2-CH_0: BW utilization 0% (0 reads, 0 writes)
[2026-03-31 18:12:03.071] [info] HBM2-CH_0: BW utilization 0% (0 reads, 0 writes)
[2026-03-31 18:12:03.161] [info] HBM2-CH_0: BW utilization 0% (0 reads, 0 writes)
[2026-03-31 18:12:03.255] [info] HBM2-CH_0: BW utilization 0% (0 reads, 0 writes)
[2026-03-31 18:12:03.345] [info] HBM2-CH_0: BW utilization 0% (0 reads, 0 writes)
[2026-03-31 18:12:03.435] [info] HBM2-CH_0: BW utilization 0% (0 reads, 0 writes)
[2026-03-31 18:12:03.525] [info] HBM2-CH_0: BW utilization 0% (0 reads, 0 writes)
[2026-03-31 18:12:03.625] [info] HBM2-CH_0: BW utilization 0% (0 reads, 0 writes)
[2026-03-31 18:12:03.714] [info] HBM2-CH_0: BW utilization 0% (0 reads, 0 writes)
[2026-03-31 18:12:03.803] [info] HBM2-CH_0: BW utilization 0% (0 reads, 0 writes)
[2026-03-31 18:12:03.892] [info] HBM2-CH_0: BW utilization 0% (0 reads, 0 writes)
[2026-03-31 18:12:03.982] [info] HBM2-CH_0: BW utilization 0% (0 reads, 0 writes)
[2026-03-31 18:12:04.073] [info] HBM2-CH_0: BW utilization 0% (0 reads, 0 writes)
[2026-03-31 18:12:04.162] [info] HBM2-CH_0: BW utilization 0% (0 reads, 0 writes)
[2026-03-31 18:12:04.269] [info] HBM2-CH_0: BW utilization 0% (0 reads, 0 writes)
[2026-03-31 18:12:04.359] [info] HBM2-CH_0: BW utilization 0% (0 reads, 0 writes)
[2026-03-31 18:12:04.448] [info] HBM2-CH_0: BW utilization 0% (0 reads, 0 writes)
[2026-03-31 18:12:04.537] [info] HBM2-CH_0: BW utilization 0% (0 reads, 0 writes)
[2026-03-31 18:12:04.627] [info] HBM2-CH_0: BW utilization 0% (0 reads, 0 writes)
[2026-03-31 18:12:04.717] [info] HBM2-CH_0: BW utilization 0% (0 reads, 0 writes)
[2026-03-31 18:12:04.807] [info] HBM2-CH_0: BW utilization 0% (0 reads, 0 writes)
[2026-03-31 18:12:04.896] [info] HBM2-CH_0: BW utilization 0% (0 reads, 0 writes)
[2026-03-31 18:12:04.986] [info] HBM2-CH_0: BW utilization 0% (0 reads, 0 writes)
[2026-03-31 18:12:05.081] [info] HBM2-CH_0: BW utilization 0% (0 reads, 0 writes)
[2026-03-31 18:12:05.178] [info] HBM2-CH_0: BW utilization 0% (0 reads, 0 writes)
[2026-03-31 18:12:05.272] [info] HBM2-CH_0: BW utilization 0% (0 reads, 0 writes)
[2026-03-31 18:12:05.366] [info] HBM2-CH_0: BW utilization 0% (0 reads, 0 writes)
[2026-03-31 18:12:05.456] [info] HBM2-CH_0: BW utilization 0% (0 reads, 0 writes)
[2026-03-31 18:12:05.546] [info] HBM2-CH_0: BW utilization 0% (0 reads, 0 writes)
[2026-03-31 18:12:05.635] [info] HBM2-CH_0: BW utilization 0% (0 reads, 0 writes)
[2026-03-31 18:12:05.725] [info] HBM2-CH_0: BW utilization 0% (0 reads, 0 writes)
[2026-03-31 18:12:05.814] [info] HBM2-CH_0: BW utilization 0% (0 reads, 0 writes)
[2026-03-31 18:12:05.910] [info] HBM2-CH_0: BW utilization 0% (0 reads, 0 writes)
[2026-03-31 18:12:06.007] [info] HBM2-CH_0: BW utilization 0% (0 reads, 0 writes)
[2026-03-31 18:12:06.099] [info] HBM2-CH_0: BW utilization 0% (0 reads, 0 writes)
[2026-03-31 18:12:06.194] [info] HBM2-CH_0: BW utilization 0% (0 reads, 0 writes)
[2026-03-31 18:12:06.299] [info] HBM2-CH_0: BW utilization 0% (0 reads, 0 writes)
[2026-03-31 18:12:06.398] [info] HBM2-CH_0: BW utilization 0% (0 reads, 0 writes)
[2026-03-31 18:12:06.493] [info] HBM2-CH_0: BW utilization 0% (0 reads, 0 writes)
[2026-03-31 18:12:06.586] [info] HBM2-CH_0: BW utilization 0% (0 reads, 0 writes)
[2026-03-31 18:12:06.677] [info] HBM2-CH_0: BW utilization 0% (0 reads, 0 writes)
[2026-03-31 18:12:06.767] [info] HBM2-CH_0: BW utilization 0% (0 reads, 0 writes)
[2026-03-31 18:12:06.856] [info] HBM2-CH_0: BW utilization 0% (0 reads, 0 writes)
[2026-03-31 18:12:06.946] [info] HBM2-CH_0: BW utilization 0% (0 reads, 0 writes)
[2026-03-31 18:12:07.036] [info] HBM2-CH_0: BW utilization 0% (0 reads, 0 writes)
[2026-03-31 18:12:07.125] [info] HBM2-CH_0: BW utilization 0% (0 reads, 0 writes)
[2026-03-31 18:12:07.214] [info] HBM2-CH_0: BW utilization 0% (0 reads, 0 writes)
[2026-03-31 18:12:07.304] [info] HBM2-CH_0: BW utilization 0% (0 reads, 0 writes)
[2026-03-31 18:12:07.396] [info] HBM2-CH_0: BW utilization 0% (0 reads, 0 writes)
[2026-03-31 18:12:07.485] [info] HBM2-CH_0: BW utilization 0% (0 reads, 0 writes)
[2026-03-31 18:12:07.574] [info] HBM2-CH_0: BW utilization 0% (0 reads, 0 writes)
[2026-03-31 18:12:07.666] [info] HBM2-CH_0: BW utilization 0% (0 reads, 0 writes)
[2026-03-31 18:12:07.755] [info] HBM2-CH_0: BW utilization 0% (0 reads, 0 writes)
[2026-03-31 18:12:07.844] [info] HBM2-CH_0: BW utilization 0% (0 reads, 0 writes)
[2026-03-31 18:12:07.933] [info] HBM2-CH_0: BW utilization 0% (0 reads, 0 writes)
[2026-03-31 18:12:08.022] [info] HBM2-CH_0: BW utilization 0% (0 reads, 0 writes)
[2026-03-31 18:12:08.111] [info] HBM2-CH_0: BW utilization 0% (0 reads, 0 writes)
[2026-03-31 18:12:08.201] [info] HBM2-CH_0: BW utilization 0% (0 reads, 0 writes)
[2026-03-31 18:12:08.290] [info] HBM2-CH_0: BW utilization 0% (0 reads, 0 writes)
[2026-03-31 18:12:08.382] [info] HBM2-CH_0: BW utilization 0% (0 reads, 0 writes)
[2026-03-31 18:12:08.472] [info] HBM2-CH_0: BW utilization 0% (0 reads, 0 writes)
[2026-03-31 18:12:08.561] [info] HBM2-CH_0: BW utilization 0% (0 reads, 0 writes)
[2026-03-31 18:12:08.651] [info] HBM2-CH_0: BW utilization 0% (0 reads, 0 writes)
[2026-03-31 18:12:08.740] [info] HBM2-CH_0: BW utilization 0% (0 reads, 0 writes)
[2026-03-31 18:12:08.838] [info] HBM2-CH_0: BW utilization 0% (0 reads, 0 writes)
[2026-03-31 18:12:08.935] [info] HBM2-CH_0: BW utilization 0% (0 reads, 0 writes)
[2026-03-31 18:12:09.029] [info] HBM2-CH_0: BW utilization 0% (0 reads, 0 writes)
[2026-03-31 18:12:09.120] [info] HBM2-CH_0: BW utilization 0% (0 reads, 0 writes)
[2026-03-31 18:12:09.211] [info] HBM2-CH_0: BW utilization 0% (0 reads, 0 writes)
[2026-03-31 18:12:09.301] [info] HBM2-CH_0: BW utilization 0% (0 reads, 0 writes)
[2026-03-31 18:12:09.392] [info] HBM2-CH_0: BW utilization 0% (0 reads, 0 writes)
[2026-03-31 18:12:09.482] [info] HBM2-CH_0: BW utilization 0% (0 reads, 0 writes)
[2026-03-31 18:12:09.572] [info] HBM2-CH_0: BW utilization 0% (0 reads, 0 writes)
[2026-03-31 18:12:09.662] [info] HBM2-CH_0: BW utilization 0% (0 reads, 0 writes)
[2026-03-31 18:12:09.756] [info] HBM2-CH_0: BW utilization 0% (0 reads, 0 writes)
[2026-03-31 18:12:09.848] [info] HBM2-CH_0: BW utilization 0% (0 reads, 0 writes)
[2026-03-31 18:12:09.939] [info] HBM2-CH_0: BW utilization 0% (0 reads, 0 writes)
[2026-03-31 18:12:10.028] [info] HBM2-CH_0: BW utilization 0% (0 reads, 0 writes)
[2026-03-31 18:12:10.118] [info] HBM2-CH_0: BW utilization 0% (0 reads, 0 writes)
[2026-03-31 18:12:10.207] [info] HBM2-CH_0: BW utilization 0% (0 reads, 0 writes)
[2026-03-31 18:12:10.297] [info] HBM2-CH_0: BW utilization 0% (0 reads, 0 writes)
[2026-03-31 18:12:10.386] [info] HBM2-CH_0: BW utilization 0% (0 reads, 0 writes)
[2026-03-31 18:12:10.484] [info] HBM2-CH_0: BW utilization 0% (0 reads, 0 writes)
[2026-03-31 18:12:10.580] [info] HBM2-CH_0: BW utilization 0% (0 reads, 0 writes)
[2026-03-31 18:12:10.673] [info] HBM2-CH_0: BW utilization 0% (0 reads, 0 writes)
[2026-03-31 18:12:10.770] [info] HBM2-CH_0: BW utilization 0% (0 reads, 0 writes)
[2026-03-31 18:12:10.859] [info] HBM2-CH_0: BW utilization 0% (0 reads, 0 writes)
[2026-03-31 18:12:10.947] [info] HBM2-CH_0: BW utilization 0% (0 reads, 0 writes)
[2026-03-31 18:12:11.033] [info] HBM2-CH_0: BW utilization 0% (0 reads, 0 writes)
[2026-03-31 18:12:11.120] [info] HBM2-CH_0: BW utilization 0% (0 reads, 0 writes)
[2026-03-31 18:12:11.206] [info] HBM2-CH_0: BW utilization 0% (0 reads, 0 writes)
[2026-03-31 18:12:11.294] [info] HBM2-CH_0: BW utilization 0% (0 reads, 0 writes)
[2026-03-31 18:12:11.402] [info] HBM2-CH_0: BW utilization 0% (0 reads, 0 writes)
[2026-03-31 18:12:11.507] [info] HBM2-CH_0: BW utilization 0% (0 reads, 0 writes)
[2026-03-31 18:12:11.598] [info] HBM2-CH_0: BW utilization 0% (0 reads, 0 writes)
[2026-03-31 18:12:11.690] [info] HBM2-CH_0: BW utilization 0% (0 reads, 0 writes)
[2026-03-31 18:12:11.779] [info] HBM2-CH_0: BW utilization 0% (0 reads, 0 writes)
[2026-03-31 18:12:11.869] [info] HBM2-CH_0: BW utilization 0% (0 reads, 0 writes)
[2026-03-31 18:12:11.959] [info] HBM2-CH_0: BW utilization 0% (0 reads, 0 writes)
[2026-03-31 18:12:12.048] [info] HBM2-CH_0: BW utilization 0% (0 reads, 0 writes)
[2026-03-31 18:12:12.155] [info] HBM2-CH_0: BW utilization 0% (0 reads, 0 writes)
[2026-03-31 18:12:12.250] [info] HBM2-CH_0: BW utilization 0% (0 reads, 0 writes)
[2026-03-31 18:12:12.343] [info] HBM2-CH_0: BW utilization 0% (0 reads, 0 writes)
[2026-03-31 18:12:12.433] [info] HBM2-CH_0: BW utilization 0% (0 reads, 0 writes)
[2026-03-31 18:12:12.535] [info] HBM2-CH_0: BW utilization 0% (0 reads, 0 writes)
[2026-03-31 18:12:12.624] [info] HBM2-CH_0: BW utilization 0% (0 reads, 0 writes)
[2026-03-31 18:12:12.713] [info] HBM2-CH_0: BW utilization 0% (0 reads, 0 writes)
[2026-03-31 18:12:12.802] [info] HBM2-CH_0: BW utilization 0% (0 reads, 0 writes)
[2026-03-31 18:12:12.890] [info] HBM2-CH_0: BW utilization 0% (0 reads, 0 writes)
[2026-03-31 18:12:12.985] [info] HBM2-CH_0: BW utilization 0% (0 reads, 0 writes)
[2026-03-31 18:12:13.081] [info] HBM2-CH_0: BW utilization 0% (0 reads, 0 writes)
[2026-03-31 18:12:13.174] [info] HBM2-CH_0: BW utilization 0% (0 reads, 0 writes)
[2026-03-31 18:12:13.264] [info] HBM2-CH_0: BW utilization 0% (0 reads, 0 writes)
[2026-03-31 18:12:13.354] [info] HBM2-CH_0: BW utilization 0% (0 reads, 0 writes)
[2026-03-31 18:12:13.443] [info] HBM2-CH_0: BW utilization 0% (0 reads, 0 writes)
[2026-03-31 18:12:13.536] [info] HBM2-CH_0: BW utilization 0% (0 reads, 0 writes)
[2026-03-31 18:12:13.627] [info] HBM2-CH_0: BW utilization 0% (0 reads, 0 writes)
[2026-03-31 18:12:13.718] [info] HBM2-CH_0: BW utilization 0% (0 reads, 0 writes)
[2026-03-31 18:12:13.807] [info] HBM2-CH_0: BW utilization 0% (0 reads, 0 writes)
[2026-03-31 18:12:13.897] [info] HBM2-CH_0: BW utilization 0% (0 reads, 0 writes)
[2026-03-31 18:12:13.987] [info] HBM2-CH_0: BW utilization 0% (0 reads, 0 writes)
[2026-03-31 18:12:14.076] [info] HBM2-CH_0: BW utilization 0% (0 reads, 0 writes)
[2026-03-31 18:12:14.166] [info] HBM2-CH_0: BW utilization 0% (0 reads, 0 writes)
[2026-03-31 18:12:14.255] [info] HBM2-CH_0: BW utilization 0% (0 reads, 0 writes)
[2026-03-31 18:12:14.344] [info] HBM2-CH_0: BW utilization 0% (0 reads, 0 writes)
[2026-03-31 18:12:14.433] [info] HBM2-CH_0: BW utilization 0% (0 reads, 0 writes)
[2026-03-31 18:12:14.524] [info] HBM2-CH_0: BW utilization 0% (0 reads, 0 writes)
[2026-03-31 18:12:14.614] [info] HBM2-CH_0: BW utilization 0% (0 reads, 0 writes)
[2026-03-31 18:12:14.713] [info] HBM2-CH_0: BW utilization 0% (0 reads, 0 writes)
[2026-03-31 18:12:14.807] [info] HBM2-CH_0: BW utilization 0% (0 reads, 0 writes)
[2026-03-31 18:12:14.899] [info] HBM2-CH_0: BW utilization 0% (0 reads, 0 writes)
[2026-03-31 18:12:14.991] [info] HBM2-CH_0: BW utilization 0% (0 reads, 0 writes)
[2026-03-31 18:12:15.080] [info] HBM2-CH_0: BW utilization 0% (0 reads, 0 writes)
[2026-03-31 18:12:15.170] [info] HBM2-CH_0: BW utilization 0% (0 reads, 0 writes)
[2026-03-31 18:12:15.260] [info] HBM2-CH_0: BW utilization 0% (0 reads, 0 writes)
[2026-03-31 18:12:15.358] [info] HBM2-CH_0: BW utilization 0% (0 reads, 0 writes)
[2026-03-31 18:12:15.455] [info] HBM2-CH_0: BW utilization 0% (0 reads, 0 writes)
[2026-03-31 18:12:15.550] [info] HBM2-CH_0: BW utilization 0% (0 reads, 0 writes)
[2026-03-31 18:12:15.644] [info] HBM2-CH_0: BW utilization 0% (0 reads, 0 writes)
[2026-03-31 18:12:15.736] [info] HBM2-CH_0: BW utilization 0% (0 reads, 0 writes)
[2026-03-31 18:12:15.826] [info] HBM2-CH_0: BW utilization 0% (0 reads, 0 writes)
[2026-03-31 18:12:15.916] [info] HBM2-CH_0: BW utilization 0% (0 reads, 0 writes)
[2026-03-31 18:12:16.005] [info] HBM2-CH_0: BW utilization 0% (0 reads, 0 writes)
[2026-03-31 18:12:16.095] [info] HBM2-CH_0: BW utilization 0% (0 reads, 0 writes)
[2026-03-31 18:12:16.192] [info] HBM2-CH_0: BW utilization 0% (0 reads, 0 writes)
[2026-03-31 18:12:16.287] [info] HBM2-CH_0: BW utilization 0% (0 reads, 0 writes)
[2026-03-31 18:12:16.379] [info] HBM2-CH_0: BW utilization 0% (0 reads, 0 writes)
[2026-03-31 18:12:16.470] [info] HBM2-CH_0: BW utilization 0% (0 reads, 0 writes)
[2026-03-31 18:12:16.559] [info] HBM2-CH_0: BW utilization 0% (0 reads, 0 writes)
[2026-03-31 18:12:16.652] [info] HBM2-CH_0: BW utilization 0% (0 reads, 0 writes)
[2026-03-31 18:12:16.742] [info] HBM2-CH_0: BW utilization 0% (0 reads, 0 writes)
[2026-03-31 18:12:16.832] [info] HBM2-CH_0: BW utilization 0% (0 reads, 0 writes)
[2026-03-31 18:12:16.933] [info] HBM2-CH_0: BW utilization 0% (0 reads, 0 writes)
[2026-03-31 18:12:17.029] [info] HBM2-CH_0: BW utilization 0% (0 reads, 0 writes)
[2026-03-31 18:12:17.122] [info] HBM2-CH_0: BW utilization 0% (0 reads, 0 writes)
[2026-03-31 18:12:17.214] [info] HBM2-CH_0: BW utilization 0% (0 reads, 0 writes)
[2026-03-31 18:12:17.305] [info] HBM2-CH_0: BW utilization 0% (0 reads, 0 writes)
[2026-03-31 18:12:17.395] [info] HBM2-CH_0: BW utilization 0% (0 reads, 0 writes)
[2026-03-31 18:12:17.486] [info] HBM2-CH_0: BW utilization 0% (0 reads, 0 writes)
[2026-03-31 18:12:17.576] [info] HBM2-CH_0: BW utilization 0% (0 reads, 0 writes)
[2026-03-31 18:12:17.669] [info] HBM2-CH_0: BW utilization 0% (0 reads, 0 writes)
[2026-03-31 18:12:17.759] [info] HBM2-CH_0: BW utilization 0% (0 reads, 0 writes)
[2026-03-31 18:12:17.864] [info] HBM2-CH_0: BW utilization 0% (0 reads, 0 writes)
[2026-03-31 18:12:17.976] [info] HBM2-CH_0: BW utilization 0% (0 reads, 0 writes)
[2026-03-31 18:12:18.079] [info] HBM2-CH_0: BW utilization 0% (0 reads, 0 writes)
[2026-03-31 18:12:18.176] [info] HBM2-CH_0: BW utilization 0% (0 reads, 0 writes)
[2026-03-31 18:12:18.270] [info] HBM2-CH_0: BW utilization 0% (0 reads, 0 writes)
[2026-03-31 18:12:18.361] [info] HBM2-CH_0: BW utilization 0% (0 reads, 0 writes)
[2026-03-31 18:12:18.452] [info] HBM2-CH_0: BW utilization 0% (0 reads, 0 writes)
[2026-03-31 18:12:18.542] [info] HBM2-CH_0: BW utilization 0% (0 reads, 0 writes)
[2026-03-31 18:12:18.638] [info] HBM2-CH_0: BW utilization 0% (0 reads, 0 writes)
[2026-03-31 18:12:18.736] [info] HBM2-CH_0: BW utilization 0% (0 reads, 0 writes)
[2026-03-31 18:12:18.830] [info] HBM2-CH_0: BW utilization 0% (0 reads, 0 writes)
[2026-03-31 18:12:18.922] [info] HBM2-CH_0: BW utilization 0% (0 reads, 0 writes)
[2026-03-31 18:12:19.013] [info] HBM2-CH_0: BW utilization 0% (0 reads, 0 writes)
[2026-03-31 18:12:19.105] [info] HBM2-CH_0: BW utilization 0% (0 reads, 0 writes)
[2026-03-31 18:12:19.196] [info] HBM2-CH_0: BW utilization 0% (0 reads, 0 writes)
[2026-03-31 18:12:19.285] [info] HBM2-CH_0: BW utilization 0% (0 reads, 0 writes)
[2026-03-31 18:12:19.375] [info] HBM2-CH_0: BW utilization 0% (0 reads, 0 writes)
[2026-03-31 18:12:19.467] [info] HBM2-CH_0: BW utilization 0% (0 reads, 0 writes)
[2026-03-31 18:12:19.558] [info] HBM2-CH_0: BW utilization 0% (0 reads, 0 writes)
[2026-03-31 18:12:19.650] [info] HBM2-CH_0: BW utilization 0% (0 reads, 0 writes)
[2026-03-31 18:12:19.742] [info] HBM2-CH_0: BW utilization 0% (0 reads, 0 writes)
[2026-03-31 18:12:19.831] [info] HBM2-CH_0: BW utilization 0% (0 reads, 0 writes)
[2026-03-31 18:12:19.921] [info] HBM2-CH_0: BW utilization 0% (0 reads, 0 writes)
[2026-03-31 18:12:20.011] [info] HBM2-CH_0: BW utilization 0% (0 reads, 0 writes)
[2026-03-31 18:12:20.101] [info] HBM2-CH_0: BW utilization 0% (0 reads, 0 writes)
[2026-03-31 18:12:20.191] [info] HBM2-CH_0: BW utilization 0% (0 reads, 0 writes)
[2026-03-31 18:12:20.282] [info] HBM2-CH_0: BW utilization 0% (0 reads, 0 writes)
[2026-03-31 18:12:20.373] [info] HBM2-CH_0: BW utilization 0% (0 reads, 0 writes)
[2026-03-31 18:12:20.463] [info] HBM2-CH_0: BW utilization 0% (0 reads, 0 writes)
[2026-03-31 18:12:20.554] [info] HBM2-CH_0: BW utilization 0% (0 reads, 0 writes)
[2026-03-31 18:12:20.644] [info] HBM2-CH_0: BW utilization 0% (0 reads, 0 writes)
[2026-03-31 18:12:20.736] [info] HBM2-CH_0: BW utilization 0% (0 reads, 0 writes)
[2026-03-31 18:12:20.826] [info] HBM2-CH_0: BW utilization 0% (0 reads, 0 writes)
[2026-03-31 18:12:20.918] [info] HBM2-CH_0: BW utilization 0% (0 reads, 0 writes)
[2026-03-31 18:12:21.008] [info] HBM2-CH_0: BW utilization 0% (0 reads, 0 writes)
[2026-03-31 18:12:21.098] [info] HBM2-CH_0: BW utilization 0% (0 reads, 0 writes)
[2026-03-31 18:12:21.187] [info] HBM2-CH_0: BW utilization 0% (0 reads, 0 writes)
[2026-03-31 18:12:21.277] [info] HBM2-CH_0: BW utilization 0% (0 reads, 0 writes)
[2026-03-31 18:12:21.367] [info] HBM2-CH_0: BW utilization 0% (0 reads, 0 writes)
[2026-03-31 18:12:21.456] [info] HBM2-CH_0: BW utilization 0% (0 reads, 0 writes)
[2026-03-31 18:12:21.555] [info] HBM2-CH_0: BW utilization 0% (0 reads, 0 writes)
[2026-03-31 18:12:21.653] [info] HBM2-CH_0: BW utilization 0% (0 reads, 0 writes)
[2026-03-31 18:12:21.748] [info] HBM2-CH_0: BW utilization 0% (0 reads, 0 writes)
[2026-03-31 18:12:21.841] [info] HBM2-CH_0: BW utilization 0% (0 reads, 0 writes)
[2026-03-31 18:12:21.932] [info] HBM2-CH_0: BW utilization 0% (0 reads, 0 writes)
[2026-03-31 18:12:22.023] [info] HBM2-CH_0: BW utilization 0% (0 reads, 0 writes)
[2026-03-31 18:12:22.113] [info] HBM2-CH_0: BW utilization 0% (0 reads, 0 writes)
[2026-03-31 18:12:22.203] [info] HBM2-CH_0: BW utilization 0% (0 reads, 0 writes)
[2026-03-31 18:12:22.292] [info] HBM2-CH_0: BW utilization 0% (0 reads, 0 writes)
[2026-03-31 18:12:22.382] [info] HBM2-CH_0: BW utilization 0% (0 reads, 0 writes)
[2026-03-31 18:12:22.478] [info] HBM2-CH_0: BW utilization 0% (0 reads, 0 writes)
[2026-03-31 18:12:22.575] [info] HBM2-CH_0: BW utilization 0% (0 reads, 0 writes)
[2026-03-31 18:12:22.670] [info] HBM2-CH_0: BW utilization 0% (0 reads, 0 writes)
[2026-03-31 18:12:22.764] [info] HBM2-CH_0: BW utilization 0% (0 reads, 0 writes)
[2026-03-31 18:12:22.857] [info] HBM2-CH_0: BW utilization 0% (0 reads, 0 writes)
[2026-03-31 18:12:22.948] [info] HBM2-CH_0: BW utilization 0% (0 reads, 0 writes)
[2026-03-31 18:12:23.042] [info] HBM2-CH_0: BW utilization 0% (0 reads, 0 writes)
[2026-03-31 18:12:23.136] [info] HBM2-CH_0: BW utilization 0% (0 reads, 0 writes)
[2026-03-31 18:12:23.229] [info] HBM2-CH_0: BW utilization 0% (0 reads, 0 writes)
[2026-03-31 18:12:23.322] [info] HBM2-CH_0: BW utilization 0% (0 reads, 0 writes)
[2026-03-31 18:12:23.425] [info] HBM2-CH_0: BW utilization 0% (0 reads, 0 writes)
[2026-03-31 18:12:23.528] [info] HBM2-CH_0: BW utilization 0% (0 reads, 0 writes)
[2026-03-31 18:12:23.615] [info] HBM2-CH_0: BW utilization 0% (0 reads, 0 writes)
[2026-03-31 18:12:23.709] [info] HBM2-CH_0: BW utilization 0% (0 reads, 0 writes)
[2026-03-31 18:12:23.802] [info] HBM2-CH_0: BW utilization 0% (0 reads, 0 writes)
[2026-03-31 18:12:23.894] [info] HBM2-CH_0: BW utilization 0% (0 reads, 0 writes)
[2026-03-31 18:12:23.997] [info] HBM2-CH_0: BW utilization 0% (0 reads, 0 writes)
[2026-03-31 18:12:24.096] [info] HBM2-CH_0: BW utilization 0% (0 reads, 0 writes)
[2026-03-31 18:12:24.196] [info] HBM2-CH_0: BW utilization 0% (0 reads, 0 writes)
[2026-03-31 18:12:24.297] [info] HBM2-CH_0: BW utilization 0% (0 reads, 0 writes)
[2026-03-31 18:12:24.397] [info] HBM2-CH_0: BW utilization 0% (0 reads, 0 writes)
[2026-03-31 18:12:24.498] [info] HBM2-CH_0: BW utilization 0% (0 reads, 0 writes)
[2026-03-31 18:12:24.598] [info] HBM2-CH_0: BW utilization 0% (0 reads, 0 writes)
[2026-03-31 18:12:24.697] [info] HBM2-CH_0: BW utilization 0% (0 reads, 0 writes)
[2026-03-31 18:12:24.825] [info] HBM2-CH_0: BW utilization 0% (0 reads, 0 writes)
[2026-03-31 18:12:24.924] [info] HBM2-CH_0: BW utilization 0% (0 reads, 0 writes)
[2026-03-31 18:12:25.021] [info] HBM2-CH_0: BW utilization 0% (0 reads, 0 writes)
[2026-03-31 18:12:25.118] [info] HBM2-CH_0: BW utilization 0% (0 reads, 0 writes)
[2026-03-31 18:12:25.215] [info] HBM2-CH_0: BW utilization 0% (0 reads, 0 writes)
[2026-03-31 18:12:25.306] [info] HBM2-CH_0: BW utilization 0% (0 reads, 0 writes)
[2026-03-31 18:12:25.395] [info] HBM2-CH_0: BW utilization 0% (0 reads, 0 writes)
[2026-03-31 18:12:25.492] [info] HBM2-CH_0: BW utilization 0% (0 reads, 0 writes)
[2026-03-31 18:12:25.583] [info] HBM2-CH_0: BW utilization 0% (0 reads, 0 writes)
[2026-03-31 18:12:25.675] [info] HBM2-CH_0: BW utilization 0% (0 reads, 0 writes)
[2026-03-31 18:12:25.780] [info] HBM2-CH_0: BW utilization 0% (0 reads, 0 writes)
[2026-03-31 18:12:25.906] [info] HBM2-CH_0: BW utilization 0% (0 reads, 0 writes)
[2026-03-31 18:12:26.017] [info] HBM2-CH_0: BW utilization 0% (0 reads, 0 writes)
[2026-03-31 18:12:26.121] [info] HBM2-CH_0: BW utilization 0% (0 reads, 0 writes)
[2026-03-31 18:12:26.223] [info] HBM2-CH_0: BW utilization 0% (0 reads, 0 writes)
[2026-03-31 18:12:26.324] [info] HBM2-CH_0: BW utilization 0% (0 reads, 0 writes)
[2026-03-31 18:12:26.429] [info] HBM2-CH_0: BW utilization 0% (0 reads, 0 writes)
[2026-03-31 18:12:26.533] [info] HBM2-CH_0: BW utilization 0% (0 reads, 0 writes)
[2026-03-31 18:12:26.634] [info] HBM2-CH_0: BW utilization 0% (0 reads, 0 writes)
[2026-03-31 18:12:26.735] [info] HBM2-CH_0: BW utilization 0% (0 reads, 0 writes)
[2026-03-31 18:12:26.834] [info] HBM2-CH_0: BW utilization 0% (0 reads, 0 writes)
[2026-03-31 18:12:26.933] [info] HBM2-CH_0: BW utilization 0% (0 reads, 0 writes)
[2026-03-31 18:12:27.031] [info] HBM2-CH_0: BW utilization 0% (0 reads, 0 writes)
[2026-03-31 18:12:27.130] [info] HBM2-CH_0: BW utilization 0% (0 reads, 0 writes)
[2026-03-31 18:12:27.228] [info] HBM2-CH_0: BW utilization 0% (0 reads, 0 writes)
[2026-03-31 18:12:27.325] [info] HBM2-CH_0: BW utilization 0% (0 reads, 0 writes)
[2026-03-31 18:12:27.423] [info] HBM2-CH_0: BW utilization 0% (0 reads, 0 writes)
[2026-03-31 18:12:27.519] [info] HBM2-CH_0: BW utilization 0% (0 reads, 0 writes)
[2026-03-31 18:12:27.613] [info] HBM2-CH_0: BW utilization 0% (0 reads, 0 writes)
[2026-03-31 18:12:27.705] [info] HBM2-CH_0: BW utilization 0% (0 reads, 0 writes)
[2026-03-31 18:12:27.801] [info] HBM2-CH_0: BW utilization 0% (0 reads, 0 writes)
[2026-03-31 18:12:27.894] [info] HBM2-CH_0: BW utilization 0% (0 reads, 0 writes)
[2026-03-31 18:12:27.984] [info] HBM2-CH_0: BW utilization 0% (0 reads, 0 writes)
[2026-03-31 18:12:28.075] [info] HBM2-CH_0: BW utilization 0% (0 reads, 0 writes)
[2026-03-31 18:12:28.173] [info] HBM2-CH_0: BW utilization 0% (0 reads, 0 writes)
[2026-03-31 18:12:28.274] [info] HBM2-CH_0: BW utilization 0% (0 reads, 0 writes)
[2026-03-31 18:12:28.378] [info] HBM2-CH_0: BW utilization 0% (0 reads, 0 writes)
[2026-03-31 18:12:28.477] [info] HBM2-CH_0: BW utilization 0% (0 reads, 0 writes)
[2026-03-31 18:12:28.575] [info] HBM2-CH_0: BW utilization 0% (0 reads, 0 writes)
[2026-03-31 18:12:28.672] [info] HBM2-CH_0: BW utilization 0% (0 reads, 0 writes)
[2026-03-31 18:12:28.770] [info] HBM2-CH_0: BW utilization 0% (0 reads, 0 writes)
[2026-03-31 18:12:28.879] [info] HBM2-CH_0: BW utilization 0% (0 reads, 0 writes)
[2026-03-31 18:12:28.979] [info] HBM2-CH_0: BW utilization 0% (0 reads, 0 writes)
[2026-03-31 18:12:29.077] [info] HBM2-CH_0: BW utilization 0% (0 reads, 0 writes)
[2026-03-31 18:12:29.174] [info] HBM2-CH_0: BW utilization 0% (0 reads, 0 writes)
[2026-03-31 18:12:29.269] [info] HBM2-CH_0: BW utilization 0% (0 reads, 0 writes)
[2026-03-31 18:12:29.362] [info] HBM2-CH_0: BW utilization 0% (0 reads, 0 writes)
[2026-03-31 18:12:29.463] [info] HBM2-CH_0: BW utilization 0% (0 reads, 0 writes)
[2026-03-31 18:12:29.578] [info] HBM2-CH_0: BW utilization 0% (0 reads, 0 writes)
[2026-03-31 18:12:29.693] [info] HBM2-CH_0: BW utilization 0% (0 reads, 0 writes)
[2026-03-31 18:12:29.794] [info] HBM2-CH_0: BW utilization 0% (0 reads, 0 writes)
[2026-03-31 18:12:29.898] [info] HBM2-CH_0: BW utilization 0% (0 reads, 0 writes)
[2026-03-31 18:12:30.006] [info] HBM2-CH_0: BW utilization 0% (0 reads, 0 writes)
[2026-03-31 18:12:30.095] [info] HBM2-CH_0: BW utilization 0% (0 reads, 0 writes)
[2026-03-31 18:12:30.180] [info] HBM2-CH_0: BW utilization 0% (0 reads, 0 writes)
[2026-03-31 18:12:30.278] [info] HBM2-CH_0: BW utilization 0% (0 reads, 0 writes)
[2026-03-31 18:12:30.386] [info] HBM2-CH_0: BW utilization 0% (0 reads, 0 writes)
[2026-03-31 18:12:30.484] [info] HBM2-CH_0: BW utilization 0% (0 reads, 0 writes)
[2026-03-31 18:12:30.586] [info] HBM2-CH_0: BW utilization 0% (0 reads, 0 writes)
[2026-03-31 18:12:30.689] [info] HBM2-CH_0: BW utilization 0% (0 reads, 0 writes)
[2026-03-31 18:12:30.784] [info] HBM2-CH_0: BW utilization 0% (0 reads, 0 writes)
[2026-03-31 18:12:30.870] [info] HBM2-CH_0: BW utilization 0% (0 reads, 0 writes)
[2026-03-31 18:12:30.978] [info] HBM2-CH_0: BW utilization 0% (0 reads, 0 writes)
[2026-03-31 18:12:31.067] [info] HBM2-CH_0: BW utilization 0% (0 reads, 0 writes)
[2026-03-31 18:12:31.153] [info] HBM2-CH_0: BW utilization 0% (0 reads, 0 writes)
[2026-03-31 18:12:31.238] [info] HBM2-CH_0: BW utilization 0% (0 reads, 0 writes)
[2026-03-31 18:12:31.324] [info] HBM2-CH_0: BW utilization 0% (0 reads, 0 writes)
[2026-03-31 18:12:31.410] [info] HBM2-CH_0: BW utilization 0% (0 reads, 0 writes)
[2026-03-31 18:12:31.496] [info] HBM2-CH_0: BW utilization 0% (0 reads, 0 writes)
[2026-03-31 18:12:31.595] [info] HBM2-CH_0: BW utilization 0% (0 reads, 0 writes)
[2026-03-31 18:12:31.683] [info] HBM2-CH_0: BW utilization 0% (0 reads, 0 writes)
[2026-03-31 18:12:31.772] [info] HBM2-CH_0: BW utilization 0% (0 reads, 0 writes)
[2026-03-31 18:12:31.861] [info] HBM2-CH_0: BW utilization 0% (0 reads, 0 writes)
[2026-03-31 18:12:31.949] [info] HBM2-CH_0: BW utilization 0% (0 reads, 0 writes)
[2026-03-31 18:12:32.042] [info] HBM2-CH_0: BW utilization 0% (0 reads, 0 writes)
[2026-03-31 18:12:32.133] [info] HBM2-CH_0: BW utilization 0% (0 reads, 0 writes)
