[2026-03-21 16:06:06.727] [info] CPU 0: Partition 0
[2026-03-21 16:06:06.727] [info] CPU 1: Partition 0
[2026-03-21 16:06:06.727] [info] CPU 2: Partition 0
[2026-03-21 16:06:06.727] [info] CPU 3: Partition 0
[2026-03-21 16:06:06.727] [info] Running in language mode
[2026-03-21 16:06:06.727] [info] Simulator Configuration:
[2026-03-21 16:06:06.727] [info] [Core 0] Systolic Array Throughput: 131072 GFLOPS, Spad size: 32768 KB, Accumulator size: 4096 KB
[2026-03-21 16:06:06.727] [info] [Core 1] Systolic Array Throughput: 131072 GFLOPS, Spad size: 32768 KB, Accumulator size: 4096 KB
[2026-03-21 16:06:06.727] [info] [Core 2] Systolic Array Throughput: 131072 GFLOPS, Spad size: 32768 KB, Accumulator size: 4096 KB
[2026-03-21 16:06:06.727] [info] [Core 3] Systolic Array Throughput: 131072 GFLOPS, Spad size: 32768 KB, Accumulator size: 4096 KB
[2026-03-21 16:06:06.727] [info] DRAM Bandwidth 614 GB/s
[2026-03-21 16:06:06.727] [info] Ramulator2 config: ./configs/../configs/ramulator2_configs/HBM2.yaml
[2026-03-21 16:06:06.747] [info] Initialize SimpleInterconnect
[2026-03-21 16:06:06.751] [info] ICNT print interval: 8000 cycles
[2026-03-21 16:06:06.751] [info] num cores : [4]
[2026-03-21 16:06:06.751] [info] Register Language Model: opt-125m
[2026-03-21 16:06:06.752] [info] Tensor Parallelsim 1, Pipeline Parallelism 1
[2026-03-21 16:06:06.752] [info] Weight size: 1.97 GB
[2026-03-21 16:06:06.752] [info] Simple Language scheduler selected
[2026-03-21 16:06:06.752] [info] num layer 12 num sim layer 12
[2026-03-21 16:06:06.752] [info] has_l2,[false]
[2026-03-21 16:06:06.752] [info] ======Start Simulation=====
[2026-03-21 16:06:06.752] [info] Total Memory Usage: 1.97 GB
[2026-03-21 16:06:06.752] [info] Weight Memory Usage: 1.97 GB
[2026-03-21 16:06:06.752] [info] KV Memory Usage: 0.00 GB
[2026-03-21 16:06:06.752] [info] Activation Memory Usage: 0.00 GB
[2026-03-21 16:06:06.752] [info] [GEMM] spad_size: 33554432 accum_size: 4194304
[2026-03-21 16:06:06.752] [info] [GEMM] required_sram_size: 983040 required_accum_size: 131072
[2026-03-21 16:06:06.752] [info] [GEMM] Used gemmini gemm mapping: Total N:100 C:768 M:2304, Outer N:1 C:1 M:5, Inner N:128 C:768 M:512
[2026-03-21 16:06:06.805] [info] [GemmWs] Keys K = 768, N = 100, M = 2304
[2026-03-21 16:06:06.805] [info] [GemmWS]: total 0.3541248 GFLOPs, 0.004157952 GB
[2026-03-21 16:06:06.805] [info] [GemmWS]: Theoretical time(ms): 0.006771908829250606 Compute time: 0.002701757921386161 Memory time: 0.006771908829250606
[2026-03-21 16:06:06.809] [info] [Attention] total_spad_size_per_head: 38400 B
[2026-03-21 16:06:06.809] [info] [Attention] total_acc_size_per_head: 20000 B
[2026-03-21 16:06:06.809] [info] [Attention] q_len: 100, seq_len: 100, dk: 64, heads per tile 1
[2026-03-21 16:06:06.809] [info] [Attention] Spad size 16777216
[2026-03-21 16:06:06.809] [info] [Attention] Accum spad size 2097152
[2026-03-21 16:06:06.809] [info] Mapping info Total Loop: N1200 C64 M100 S1 R1 Q1 P1 Tile Out Loop: N12 C1 M1 S1 R1 Q1 P1 Tile In Loop: N100 C64 M100 S1 R1 Q1 P1
[2026-03-21 16:06:06.834] [info] [Attention] QK 0.01536 GFLOPs
[2026-03-21 16:06:06.834] [info] [Attention] total 0.03192 GFLOPs, 0.0006144 GB
[2026-03-21 16:06:06.834] [info] [Attention] Theoretical time(ms): 0.0010006515 Compute time: 0.0003808594 Memory time: 0.0010006515
[2026-03-21 16:06:06.834] [info] [Attention] QK compute 0.0001ms Softmax compute 0.0001ms SV compute 0.0001ms
[2026-03-21 16:06:06.834] [info] [GEMM] spad_size: 33554432 accum_size: 4194304
[2026-03-21 16:06:06.834] [info] [GEMM] required_sram_size: 393216 required_accum_size: 32768
[2026-03-21 16:06:06.834] [info] [GEMM] Used gemmini gemm mapping: Total N:100 C:768 M:768, Outer N:1 C:1 M:6, Inner N:128 C:768 M:128
[2026-03-21 16:06:06.848] [info] [GemmWs] Keys K = 768, N = 100, M = 768
[2026-03-21 16:06:06.848] [info] [GemmWS]: total 0.118041605 GFLOPs, 0.001488384 GB
[2026-03-21 16:06:06.848] [info] [GemmWS]: Theoretical time(ms): 0.002424078047624789 Compute time: 0.000900585973795387 Memory time: 0.002424078047624789
[2026-03-21 16:06:06.848] [info] [SkipLayerNorm] tokens_per_tile: 13
[2026-03-21 16:06:06.850] [info] [GEMM] spad_size: 33554432 accum_size: 4194304
[2026-03-21 16:06:06.850] [info] [GEMM] required_sram_size: 983040 required_accum_size: 131072
[2026-03-21 16:06:06.850] [info] [GEMM] Used gemmini gemm mapping: Total N:100 C:768 M:3072, Outer N:1 C:1 M:6, Inner N:128 C:768 M:512
[2026-03-21 16:06:06.888] [info] [GemmWs] Keys K = 768, N = 100, M = 3072
[2026-03-21 16:06:06.888] [info] [GemmWS]: total 0.47185922 GFLOPs, 0.005486592 GB
[2026-03-21 16:06:06.888] [info] [GemmWS]: Theoretical time(ms): 0.008935818186728284 Compute time: 0.003600000127335079 Memory time: 0.008935818186728284
[2026-03-21 16:06:06.888] [info] [BiasAct] tokens_per_tile: 13
[2026-03-21 16:06:06.892] [info] [GEMM] spad_size: 33554432 accum_size: 4194304
[2026-03-21 16:06:06.892] [info] [GEMM] required_sram_size: 1572864 required_accum_size: 32768
[2026-03-21 16:06:06.892] [info] [GEMM] Used gemmini gemm mapping: Total N:100 C:3072 M:768, Outer N:1 C:1 M:6, Inner N:128 C:3072 M:128
[2026-03-21 16:06:06.944] [info] [GemmWs] Keys K = 3072, N = 100, M = 768
[2026-03-21 16:06:06.944] [info] [GemmWS]: total 0.47193602 GFLOPs, 0.0054881284 GB
[2026-03-21 16:06:06.944] [info] [GemmWS]: Theoretical time(ms): 0.008938320206652861 Compute time: 0.0036005860692966962 Memory time: 0.008938320206652861
[2026-03-21 16:06:06.944] [info] [SkipLayerNorm] tokens_per_tile: 13
[2026-03-21 16:06:06.960] [info] [GemmWs] Keys K = 768, N = 100, M = 2304
[2026-03-21 16:06:06.960] [info] [GemmWS]: total 0.3541248 GFLOPs, 0.004157952 GB
[2026-03-21 16:06:06.960] [info] [GemmWS]: Theoretical time(ms): 0.006771908829250606 Compute time: 0.002701757921386161 Memory time: 0.006771908829250606
[2026-03-21 16:06:06.962] [info] [Attention] total_spad_size_per_head: 38400 B
[2026-03-21 16:06:06.962] [info] [Attention] total_acc_size_per_head: 20000 B
[2026-03-21 16:06:06.962] [info] [Attention] q_len: 100, seq_len: 100, dk: 64, heads per tile 1
[2026-03-21 16:06:06.962] [info] [Attention] Spad size 16777216
[2026-03-21 16:06:06.962] [info] [Attention] Accum spad size 2097152
[2026-03-21 16:06:06.962] [info] Mapping info Total Loop: N1200 C64 M100 S1 R1 Q1 P1 Tile Out Loop: N12 C1 M1 S1 R1 Q1 P1 Tile In Loop: N100 C64 M100 S1 R1 Q1 P1
[2026-03-21 16:06:06.973] [info] [Attention] QK 0.01536 GFLOPs
[2026-03-21 16:06:06.973] [info] [Attention] total 0.03192 GFLOPs, 0.0006144 GB
[2026-03-21 16:06:06.973] [info] [Attention] Theoretical time(ms): 0.0010006515 Compute time: 0.0003808594 Memory time: 0.0010006515
[2026-03-21 16:06:06.973] [info] [Attention] QK compute 0.0001ms Softmax compute 0.0001ms SV compute 0.0001ms
[2026-03-21 16:06:06.980] [info] [GemmWs] Keys K = 768, N = 100, M = 768
[2026-03-21 16:06:06.980] [info] [GemmWS]: total 0.118041605 GFLOPs, 0.001488384 GB
[2026-03-21 16:06:06.980] [info] [GemmWS]: Theoretical time(ms): 0.002424078047624789 Compute time: 0.000900585973795387 Memory time: 0.002424078047624789
[2026-03-21 16:06:06.980] [info] [SkipLayerNorm] tokens_per_tile: 13
[2026-03-21 16:06:07.000] [info] [GemmWs] Keys K = 768, N = 100, M = 3072
[2026-03-21 16:06:07.000] [info] [GemmWS]: total 0.47185922 GFLOPs, 0.005486592 GB
[2026-03-21 16:06:07.000] [info] [GemmWS]: Theoretical time(ms): 0.008935818186728284 Compute time: 0.003600000127335079 Memory time: 0.008935818186728284
[2026-03-21 16:06:07.000] [info] [BiasAct] tokens_per_tile: 13
[2026-03-21 16:06:07.033] [info] [GemmWs] Keys K = 3072, N = 100, M = 768
[2026-03-21 16:06:07.033] [info] [GemmWS]: total 0.47193602 GFLOPs, 0.0054881284 GB
[2026-03-21 16:06:07.033] [info] [GemmWS]: Theoretical time(ms): 0.008938320206652861 Compute time: 0.0036005860692966962 Memory time: 0.008938320206652861
[2026-03-21 16:06:07.033] [info] [SkipLayerNorm] tokens_per_tile: 13
[2026-03-21 16:06:07.048] [info] [GemmWs] Keys K = 768, N = 100, M = 2304
[2026-03-21 16:06:07.048] [info] [GemmWS]: total 0.3541248 GFLOPs, 0.004157952 GB
[2026-03-21 16:06:07.048] [info] [GemmWS]: Theoretical time(ms): 0.006771908829250606 Compute time: 0.002701757921386161 Memory time: 0.006771908829250606
[2026-03-21 16:06:07.050] [info] [Attention] total_spad_size_per_head: 38400 B
[2026-03-21 16:06:07.050] [info] [Attention] total_acc_size_per_head: 20000 B
[2026-03-21 16:06:07.050] [info] [Attention] q_len: 100, seq_len: 100, dk: 64, heads per tile 1
[2026-03-21 16:06:07.050] [info] [Attention] Spad size 16777216
[2026-03-21 16:06:07.050] [info] [Attention] Accum spad size 2097152
[2026-03-21 16:06:07.050] [info] Mapping info Total Loop: N1200 C64 M100 S1 R1 Q1 P1 Tile Out Loop: N12 C1 M1 S1 R1 Q1 P1 Tile In Loop: N100 C64 M100 S1 R1 Q1 P1
[2026-03-21 16:06:07.062] [info] [Attention] QK 0.01536 GFLOPs
[2026-03-21 16:06:07.062] [info] [Attention] total 0.03192 GFLOPs, 0.0006144 GB
[2026-03-21 16:06:07.062] [info] [Attention] Theoretical time(ms): 0.0010006515 Compute time: 0.0003808594 Memory time: 0.0010006515
[2026-03-21 16:06:07.062] [info] [Attention] QK compute 0.0001ms Softmax compute 0.0001ms SV compute 0.0001ms
[2026-03-21 16:06:07.069] [info] [GemmWs] Keys K = 768, N = 100, M = 768
[2026-03-21 16:06:07.069] [info] [GemmWS]: total 0.118041605 GFLOPs, 0.001488384 GB
[2026-03-21 16:06:07.069] [info] [GemmWS]: Theoretical time(ms): 0.002424078047624789 Compute time: 0.000900585973795387 Memory time: 0.002424078047624789
[2026-03-21 16:06:07.069] [info] [SkipLayerNorm] tokens_per_tile: 13
[2026-03-21 16:06:07.089] [info] [GemmWs] Keys K = 768, N = 100, M = 3072
[2026-03-21 16:06:07.089] [info] [GemmWS]: total 0.47185922 GFLOPs, 0.005486592 GB
[2026-03-21 16:06:07.089] [info] [GemmWS]: Theoretical time(ms): 0.008935818186728284 Compute time: 0.003600000127335079 Memory time: 0.008935818186728284
[2026-03-21 16:06:07.089] [info] [BiasAct] tokens_per_tile: 13
[2026-03-21 16:06:07.122] [info] [GemmWs] Keys K = 3072, N = 100, M = 768
[2026-03-21 16:06:07.122] [info] [GemmWS]: total 0.47193602 GFLOPs, 0.0054881284 GB
[2026-03-21 16:06:07.122] [info] [GemmWS]: Theoretical time(ms): 0.008938320206652861 Compute time: 0.0036005860692966962 Memory time: 0.008938320206652861
[2026-03-21 16:06:07.122] [info] [SkipLayerNorm] tokens_per_tile: 13
[2026-03-21 16:06:07.137] [info] [GemmWs] Keys K = 768, N = 100, M = 2304
[2026-03-21 16:06:07.137] [info] [GemmWS]: total 0.3541248 GFLOPs, 0.004157952 GB
[2026-03-21 16:06:07.137] [info] [GemmWS]: Theoretical time(ms): 0.006771908829250606 Compute time: 0.002701757921386161 Memory time: 0.006771908829250606
[2026-03-21 16:06:07.139] [info] [Attention] total_spad_size_per_head: 38400 B
[2026-03-21 16:06:07.139] [info] [Attention] total_acc_size_per_head: 20000 B
[2026-03-21 16:06:07.139] [info] [Attention] q_len: 100, seq_len: 100, dk: 64, heads per tile 1
[2026-03-21 16:06:07.139] [info] [Attention] Spad size 16777216
[2026-03-21 16:06:07.139] [info] [Attention] Accum spad size 2097152
[2026-03-21 16:06:07.139] [info] Mapping info Total Loop: N1200 C64 M100 S1 R1 Q1 P1 Tile Out Loop: N12 C1 M1 S1 R1 Q1 P1 Tile In Loop: N100 C64 M100 S1 R1 Q1 P1
[2026-03-21 16:06:07.151] [info] [Attention] QK 0.01536 GFLOPs
[2026-03-21 16:06:07.151] [info] [Attention] total 0.03192 GFLOPs, 0.0006144 GB
[2026-03-21 16:06:07.151] [info] [Attention] Theoretical time(ms): 0.0010006515 Compute time: 0.0003808594 Memory time: 0.0010006515
[2026-03-21 16:06:07.151] [info] [Attention] QK compute 0.0001ms Softmax compute 0.0001ms SV compute 0.0001ms
[2026-03-21 16:06:07.158] [info] [GemmWs] Keys K = 768, N = 100, M = 768
[2026-03-21 16:06:07.158] [info] [GemmWS]: total 0.118041605 GFLOPs, 0.001488384 GB
[2026-03-21 16:06:07.158] [info] [GemmWS]: Theoretical time(ms): 0.002424078047624789 Compute time: 0.000900585973795387 Memory time: 0.002424078047624789
[2026-03-21 16:06:07.158] [info] [SkipLayerNorm] tokens_per_tile: 13
[2026-03-21 16:06:07.179] [info] [GemmWs] Keys K = 768, N = 100, M = 3072
[2026-03-21 16:06:07.179] [info] [GemmWS]: total 0.47185922 GFLOPs, 0.005486592 GB
[2026-03-21 16:06:07.179] [info] [GemmWS]: Theoretical time(ms): 0.008935818186728284 Compute time: 0.003600000127335079 Memory time: 0.008935818186728284
[2026-03-21 16:06:07.179] [info] [BiasAct] tokens_per_tile: 13
[2026-03-21 16:06:07.211] [info] [GemmWs] Keys K = 3072, N = 100, M = 768
[2026-03-21 16:06:07.211] [info] [GemmWS]: total 0.47193602 GFLOPs, 0.0054881284 GB
[2026-03-21 16:06:07.211] [info] [GemmWS]: Theoretical time(ms): 0.008938320206652861 Compute time: 0.0036005860692966962 Memory time: 0.008938320206652861
[2026-03-21 16:06:07.211] [info] [SkipLayerNorm] tokens_per_tile: 13
[2026-03-21 16:06:07.227] [info] [GemmWs] Keys K = 768, N = 100, M = 2304
[2026-03-21 16:06:07.227] [info] [GemmWS]: total 0.3541248 GFLOPs, 0.004157952 GB
[2026-03-21 16:06:07.227] [info] [GemmWS]: Theoretical time(ms): 0.006771908829250606 Compute time: 0.002701757921386161 Memory time: 0.006771908829250606
[2026-03-21 16:06:07.229] [info] [Attention] total_spad_size_per_head: 38400 B
[2026-03-21 16:06:07.229] [info] [Attention] total_acc_size_per_head: 20000 B
[2026-03-21 16:06:07.229] [info] [Attention] q_len: 100, seq_len: 100, dk: 64, heads per tile 1
[2026-03-21 16:06:07.229] [info] [Attention] Spad size 16777216
[2026-03-21 16:06:07.229] [info] [Attention] Accum spad size 2097152
[2026-03-21 16:06:07.229] [info] Mapping info Total Loop: N1200 C64 M100 S1 R1 Q1 P1 Tile Out Loop: N12 C1 M1 S1 R1 Q1 P1 Tile In Loop: N100 C64 M100 S1 R1 Q1 P1
[2026-03-21 16:06:07.241] [info] [Attention] QK 0.01536 GFLOPs
[2026-03-21 16:06:07.241] [info] [Attention] total 0.03192 GFLOPs, 0.0006144 GB
[2026-03-21 16:06:07.241] [info] [Attention] Theoretical time(ms): 0.0010006515 Compute time: 0.0003808594 Memory time: 0.0010006515
[2026-03-21 16:06:07.241] [info] [Attention] QK compute 0.0001ms Softmax compute 0.0001ms SV compute 0.0001ms
[2026-03-21 16:06:07.248] [info] [GemmWs] Keys K = 768, N = 100, M = 768
[2026-03-21 16:06:07.248] [info] [GemmWS]: total 0.118041605 GFLOPs, 0.001488384 GB
[2026-03-21 16:06:07.248] [info] [GemmWS]: Theoretical time(ms): 0.002424078047624789 Compute time: 0.000900585973795387 Memory time: 0.002424078047624789
[2026-03-21 16:06:07.248] [info] [SkipLayerNorm] tokens_per_tile: 13
[2026-03-21 16:06:07.268] [info] [GemmWs] Keys K = 768, N = 100, M = 3072
[2026-03-21 16:06:07.268] [info] [GemmWS]: total 0.47185922 GFLOPs, 0.005486592 GB
[2026-03-21 16:06:07.268] [info] [GemmWS]: Theoretical time(ms): 0.008935818186728284 Compute time: 0.003600000127335079 Memory time: 0.008935818186728284
[2026-03-21 16:06:07.268] [info] [BiasAct] tokens_per_tile: 13
[2026-03-21 16:06:07.302] [info] [GemmWs] Keys K = 3072, N = 100, M = 768
[2026-03-21 16:06:07.302] [info] [GemmWS]: total 0.47193602 GFLOPs, 0.0054881284 GB
[2026-03-21 16:06:07.302] [info] [GemmWS]: Theoretical time(ms): 0.008938320206652861 Compute time: 0.0036005860692966962 Memory time: 0.008938320206652861
[2026-03-21 16:06:07.302] [info] [SkipLayerNorm] tokens_per_tile: 13
[2026-03-21 16:06:07.318] [info] [GemmWs] Keys K = 768, N = 100, M = 2304
[2026-03-21 16:06:07.318] [info] [GemmWS]: total 0.3541248 GFLOPs, 0.004157952 GB
[2026-03-21 16:06:07.318] [info] [GemmWS]: Theoretical time(ms): 0.006771908829250606 Compute time: 0.002701757921386161 Memory time: 0.006771908829250606
[2026-03-21 16:06:07.320] [info] [Attention] total_spad_size_per_head: 38400 B
[2026-03-21 16:06:07.320] [info] [Attention] total_acc_size_per_head: 20000 B
[2026-03-21 16:06:07.320] [info] [Attention] q_len: 100, seq_len: 100, dk: 64, heads per tile 1
[2026-03-21 16:06:07.320] [info] [Attention] Spad size 16777216
[2026-03-21 16:06:07.320] [info] [Attention] Accum spad size 2097152
[2026-03-21 16:06:07.320] [info] Mapping info Total Loop: N1200 C64 M100 S1 R1 Q1 P1 Tile Out Loop: N12 C1 M1 S1 R1 Q1 P1 Tile In Loop: N100 C64 M100 S1 R1 Q1 P1
[2026-03-21 16:06:07.333] [info] [Attention] QK 0.01536 GFLOPs
[2026-03-21 16:06:07.333] [info] [Attention] total 0.03192 GFLOPs, 0.0006144 GB
[2026-03-21 16:06:07.333] [info] [Attention] Theoretical time(ms): 0.0010006515 Compute time: 0.0003808594 Memory time: 0.0010006515
[2026-03-21 16:06:07.333] [info] [Attention] QK compute 0.0001ms Softmax compute 0.0001ms SV compute 0.0001ms
[2026-03-21 16:06:07.340] [info] [GemmWs] Keys K = 768, N = 100, M = 768
[2026-03-21 16:06:07.340] [info] [GemmWS]: total 0.118041605 GFLOPs, 0.001488384 GB
[2026-03-21 16:06:07.340] [info] [GemmWS]: Theoretical time(ms): 0.002424078047624789 Compute time: 0.000900585973795387 Memory time: 0.002424078047624789
[2026-03-21 16:06:07.340] [info] [SkipLayerNorm] tokens_per_tile: 13
[2026-03-21 16:06:07.361] [info] [GemmWs] Keys K = 768, N = 100, M = 3072
[2026-03-21 16:06:07.361] [info] [GemmWS]: total 0.47185922 GFLOPs, 0.005486592 GB
[2026-03-21 16:06:07.361] [info] [GemmWS]: Theoretical time(ms): 0.008935818186728284 Compute time: 0.003600000127335079 Memory time: 0.008935818186728284
[2026-03-21 16:06:07.361] [info] [BiasAct] tokens_per_tile: 13
[2026-03-21 16:06:07.393] [info] [GemmWs] Keys K = 3072, N = 100, M = 768
[2026-03-21 16:06:07.393] [info] [GemmWS]: total 0.47193602 GFLOPs, 0.0054881284 GB
[2026-03-21 16:06:07.393] [info] [GemmWS]: Theoretical time(ms): 0.008938320206652861 Compute time: 0.0036005860692966962 Memory time: 0.008938320206652861
[2026-03-21 16:06:07.393] [info] [SkipLayerNorm] tokens_per_tile: 13
[2026-03-21 16:06:07.409] [info] [GemmWs] Keys K = 768, N = 100, M = 2304
[2026-03-21 16:06:07.409] [info] [GemmWS]: total 0.3541248 GFLOPs, 0.004157952 GB
[2026-03-21 16:06:07.409] [info] [GemmWS]: Theoretical time(ms): 0.006771908829250606 Compute time: 0.002701757921386161 Memory time: 0.006771908829250606
[2026-03-21 16:06:07.411] [info] [Attention] total_spad_size_per_head: 38400 B
[2026-03-21 16:06:07.412] [info] [Attention] total_acc_size_per_head: 20000 B
[2026-03-21 16:06:07.412] [info] [Attention] q_len: 100, seq_len: 100, dk: 64, heads per tile 1
[2026-03-21 16:06:07.412] [info] [Attention] Spad size 16777216
[2026-03-21 16:06:07.412] [info] [Attention] Accum spad size 2097152
[2026-03-21 16:06:07.412] [info] Mapping info Total Loop: N1200 C64 M100 S1 R1 Q1 P1 Tile Out Loop: N12 C1 M1 S1 R1 Q1 P1 Tile In Loop: N100 C64 M100 S1 R1 Q1 P1
[2026-03-21 16:06:07.424] [info] [Attention] QK 0.01536 GFLOPs
[2026-03-21 16:06:07.424] [info] [Attention] total 0.03192 GFLOPs, 0.0006144 GB
[2026-03-21 16:06:07.424] [info] [Attention] Theoretical time(ms): 0.0010006515 Compute time: 0.0003808594 Memory time: 0.0010006515
[2026-03-21 16:06:07.424] [info] [Attention] QK compute 0.0001ms Softmax compute 0.0001ms SV compute 0.0001ms
[2026-03-21 16:06:07.431] [info] [GemmWs] Keys K = 768, N = 100, M = 768
[2026-03-21 16:06:07.431] [info] [GemmWS]: total 0.118041605 GFLOPs, 0.001488384 GB
[2026-03-21 16:06:07.431] [info] [GemmWS]: Theoretical time(ms): 0.002424078047624789 Compute time: 0.000900585973795387 Memory time: 0.002424078047624789
[2026-03-21 16:06:07.431] [info] [SkipLayerNorm] tokens_per_tile: 13
[2026-03-21 16:06:07.452] [info] [GemmWs] Keys K = 768, N = 100, M = 3072
[2026-03-21 16:06:07.452] [info] [GemmWS]: total 0.47185922 GFLOPs, 0.005486592 GB
[2026-03-21 16:06:07.452] [info] [GemmWS]: Theoretical time(ms): 0.008935818186728284 Compute time: 0.003600000127335079 Memory time: 0.008935818186728284
[2026-03-21 16:06:07.452] [info] [BiasAct] tokens_per_tile: 13
[2026-03-21 16:06:07.485] [info] [GemmWs] Keys K = 3072, N = 100, M = 768
[2026-03-21 16:06:07.485] [info] [GemmWS]: total 0.47193602 GFLOPs, 0.0054881284 GB
[2026-03-21 16:06:07.485] [info] [GemmWS]: Theoretical time(ms): 0.008938320206652861 Compute time: 0.0036005860692966962 Memory time: 0.008938320206652861
[2026-03-21 16:06:07.485] [info] [SkipLayerNorm] tokens_per_tile: 13
[2026-03-21 16:06:07.501] [info] [GemmWs] Keys K = 768, N = 100, M = 2304
[2026-03-21 16:06:07.501] [info] [GemmWS]: total 0.3541248 GFLOPs, 0.004157952 GB
[2026-03-21 16:06:07.501] [info] [GemmWS]: Theoretical time(ms): 0.006771908829250606 Compute time: 0.002701757921386161 Memory time: 0.006771908829250606
[2026-03-21 16:06:07.503] [info] [Attention] total_spad_size_per_head: 38400 B
[2026-03-21 16:06:07.503] [info] [Attention] total_acc_size_per_head: 20000 B
[2026-03-21 16:06:07.503] [info] [Attention] q_len: 100, seq_len: 100, dk: 64, heads per tile 1
[2026-03-21 16:06:07.503] [info] [Attention] Spad size 16777216
[2026-03-21 16:06:07.503] [info] [Attention] Accum spad size 2097152
[2026-03-21 16:06:07.503] [info] Mapping info Total Loop: N1200 C64 M100 S1 R1 Q1 P1 Tile Out Loop: N12 C1 M1 S1 R1 Q1 P1 Tile In Loop: N100 C64 M100 S1 R1 Q1 P1
[2026-03-21 16:06:07.515] [info] [Attention] QK 0.01536 GFLOPs
[2026-03-21 16:06:07.515] [info] [Attention] total 0.03192 GFLOPs, 0.0006144 GB
[2026-03-21 16:06:07.515] [info] [Attention] Theoretical time(ms): 0.0010006515 Compute time: 0.0003808594 Memory time: 0.0010006515
[2026-03-21 16:06:07.515] [info] [Attention] QK compute 0.0001ms Softmax compute 0.0001ms SV compute 0.0001ms
[2026-03-21 16:06:07.522] [info] [GemmWs] Keys K = 768, N = 100, M = 768
[2026-03-21 16:06:07.522] [info] [GemmWS]: total 0.118041605 GFLOPs, 0.001488384 GB
[2026-03-21 16:06:07.522] [info] [GemmWS]: Theoretical time(ms): 0.002424078047624789 Compute time: 0.000900585973795387 Memory time: 0.002424078047624789
[2026-03-21 16:06:07.522] [info] [SkipLayerNorm] tokens_per_tile: 13
[2026-03-21 16:06:07.543] [info] [GemmWs] Keys K = 768, N = 100, M = 3072
[2026-03-21 16:06:07.543] [info] [GemmWS]: total 0.47185922 GFLOPs, 0.005486592 GB
[2026-03-21 16:06:07.543] [info] [GemmWS]: Theoretical time(ms): 0.008935818186728284 Compute time: 0.003600000127335079 Memory time: 0.008935818186728284
[2026-03-21 16:06:07.543] [info] [BiasAct] tokens_per_tile: 13
[2026-03-21 16:06:07.576] [info] [GemmWs] Keys K = 3072, N = 100, M = 768
[2026-03-21 16:06:07.577] [info] [GemmWS]: total 0.47193602 GFLOPs, 0.0054881284 GB
[2026-03-21 16:06:07.577] [info] [GemmWS]: Theoretical time(ms): 0.008938320206652861 Compute time: 0.0036005860692966962 Memory time: 0.008938320206652861
[2026-03-21 16:06:07.577] [info] [SkipLayerNorm] tokens_per_tile: 13
[2026-03-21 16:06:07.592] [info] [GemmWs] Keys K = 768, N = 100, M = 2304
[2026-03-21 16:06:07.592] [info] [GemmWS]: total 0.3541248 GFLOPs, 0.004157952 GB
[2026-03-21 16:06:07.592] [info] [GemmWS]: Theoretical time(ms): 0.006771908829250606 Compute time: 0.002701757921386161 Memory time: 0.006771908829250606
[2026-03-21 16:06:07.594] [info] [Attention] total_spad_size_per_head: 38400 B
[2026-03-21 16:06:07.594] [info] [Attention] total_acc_size_per_head: 20000 B
[2026-03-21 16:06:07.594] [info] [Attention] q_len: 100, seq_len: 100, dk: 64, heads per tile 1
[2026-03-21 16:06:07.594] [info] [Attention] Spad size 16777216
[2026-03-21 16:06:07.594] [info] [Attention] Accum spad size 2097152
[2026-03-21 16:06:07.594] [info] Mapping info Total Loop: N1200 C64 M100 S1 R1 Q1 P1 Tile Out Loop: N12 C1 M1 S1 R1 Q1 P1 Tile In Loop: N100 C64 M100 S1 R1 Q1 P1
[2026-03-21 16:06:07.606] [info] [Attention] QK 0.01536 GFLOPs
[2026-03-21 16:06:07.606] [info] [Attention] total 0.03192 GFLOPs, 0.0006144 GB
[2026-03-21 16:06:07.606] [info] [Attention] Theoretical time(ms): 0.0010006515 Compute time: 0.0003808594 Memory time: 0.0010006515
[2026-03-21 16:06:07.606] [info] [Attention] QK compute 0.0001ms Softmax compute 0.0001ms SV compute 0.0001ms
[2026-03-21 16:06:07.613] [info] [GemmWs] Keys K = 768, N = 100, M = 768
[2026-03-21 16:06:07.613] [info] [GemmWS]: total 0.118041605 GFLOPs, 0.001488384 GB
[2026-03-21 16:06:07.613] [info] [GemmWS]: Theoretical time(ms): 0.002424078047624789 Compute time: 0.000900585973795387 Memory time: 0.002424078047624789
[2026-03-21 16:06:07.613] [info] [SkipLayerNorm] tokens_per_tile: 13
[2026-03-21 16:06:07.634] [info] [GemmWs] Keys K = 768, N = 100, M = 3072
[2026-03-21 16:06:07.634] [info] [GemmWS]: total 0.47185922 GFLOPs, 0.005486592 GB
[2026-03-21 16:06:07.634] [info] [GemmWS]: Theoretical time(ms): 0.008935818186728284 Compute time: 0.003600000127335079 Memory time: 0.008935818186728284
[2026-03-21 16:06:07.634] [info] [BiasAct] tokens_per_tile: 13
[2026-03-21 16:06:07.667] [info] [GemmWs] Keys K = 3072, N = 100, M = 768
[2026-03-21 16:06:07.667] [info] [GemmWS]: total 0.47193602 GFLOPs, 0.0054881284 GB
[2026-03-21 16:06:07.667] [info] [GemmWS]: Theoretical time(ms): 0.008938320206652861 Compute time: 0.0036005860692966962 Memory time: 0.008938320206652861
[2026-03-21 16:06:07.667] [info] [SkipLayerNorm] tokens_per_tile: 13
[2026-03-21 16:06:07.683] [info] [GemmWs] Keys K = 768, N = 100, M = 2304
[2026-03-21 16:06:07.683] [info] [GemmWS]: total 0.3541248 GFLOPs, 0.004157952 GB
[2026-03-21 16:06:07.683] [info] [GemmWS]: Theoretical time(ms): 0.006771908829250606 Compute time: 0.002701757921386161 Memory time: 0.006771908829250606
[2026-03-21 16:06:07.685] [info] [Attention] total_spad_size_per_head: 38400 B
[2026-03-21 16:06:07.685] [info] [Attention] total_acc_size_per_head: 20000 B
[2026-03-21 16:06:07.685] [info] [Attention] q_len: 100, seq_len: 100, dk: 64, heads per tile 1
[2026-03-21 16:06:07.685] [info] [Attention] Spad size 16777216
[2026-03-21 16:06:07.685] [info] [Attention] Accum spad size 2097152
[2026-03-21 16:06:07.685] [info] Mapping info Total Loop: N1200 C64 M100 S1 R1 Q1 P1 Tile Out Loop: N12 C1 M1 S1 R1 Q1 P1 Tile In Loop: N100 C64 M100 S1 R1 Q1 P1
[2026-03-21 16:06:07.697] [info] [Attention] QK 0.01536 GFLOPs
[2026-03-21 16:06:07.697] [info] [Attention] total 0.03192 GFLOPs, 0.0006144 GB
[2026-03-21 16:06:07.697] [info] [Attention] Theoretical time(ms): 0.0010006515 Compute time: 0.0003808594 Memory time: 0.0010006515
[2026-03-21 16:06:07.697] [info] [Attention] QK compute 0.0001ms Softmax compute 0.0001ms SV compute 0.0001ms
[2026-03-21 16:06:07.706] [info] [GemmWs] Keys K = 768, N = 100, M = 768
[2026-03-21 16:06:07.706] [info] [GemmWS]: total 0.118041605 GFLOPs, 0.001488384 GB
[2026-03-21 16:06:07.706] [info] [GemmWS]: Theoretical time(ms): 0.002424078047624789 Compute time: 0.000900585973795387 Memory time: 0.002424078047624789
[2026-03-21 16:06:07.706] [info] [SkipLayerNorm] tokens_per_tile: 13
[2026-03-21 16:06:07.735] [info] [GemmWs] Keys K = 768, N = 100, M = 3072
[2026-03-21 16:06:07.735] [info] [GemmWS]: total 0.47185922 GFLOPs, 0.005486592 GB
[2026-03-21 16:06:07.735] [info] [GemmWS]: Theoretical time(ms): 0.008935818186728284 Compute time: 0.003600000127335079 Memory time: 0.008935818186728284
[2026-03-21 16:06:07.735] [info] [BiasAct] tokens_per_tile: 13
[2026-03-21 16:06:07.787] [info] [GemmWs] Keys K = 3072, N = 100, M = 768
[2026-03-21 16:06:07.787] [info] [GemmWS]: total 0.47193602 GFLOPs, 0.0054881284 GB
[2026-03-21 16:06:07.787] [info] [GemmWS]: Theoretical time(ms): 0.008938320206652861 Compute time: 0.0036005860692966962 Memory time: 0.008938320206652861
[2026-03-21 16:06:07.787] [info] [SkipLayerNorm] tokens_per_tile: 13
[2026-03-21 16:06:07.811] [info] [GemmWs] Keys K = 768, N = 100, M = 2304
[2026-03-21 16:06:07.811] [info] [GemmWS]: total 0.3541248 GFLOPs, 0.004157952 GB
[2026-03-21 16:06:07.811] [info] [GemmWS]: Theoretical time(ms): 0.006771908829250606 Compute time: 0.002701757921386161 Memory time: 0.006771908829250606
[2026-03-21 16:06:07.815] [info] [Attention] total_spad_size_per_head: 38400 B
[2026-03-21 16:06:07.815] [info] [Attention] total_acc_size_per_head: 20000 B
[2026-03-21 16:06:07.815] [info] [Attention] q_len: 100, seq_len: 100, dk: 64, heads per tile 1
[2026-03-21 16:06:07.815] [info] [Attention] Spad size 16777216
[2026-03-21 16:06:07.815] [info] [Attention] Accum spad size 2097152
[2026-03-21 16:06:07.815] [info] Mapping info Total Loop: N1200 C64 M100 S1 R1 Q1 P1 Tile Out Loop: N12 C1 M1 S1 R1 Q1 P1 Tile In Loop: N100 C64 M100 S1 R1 Q1 P1
[2026-03-21 16:06:07.834] [info] [Attention] QK 0.01536 GFLOPs
[2026-03-21 16:06:07.834] [info] [Attention] total 0.03192 GFLOPs, 0.0006144 GB
[2026-03-21 16:06:07.834] [info] [Attention] Theoretical time(ms): 0.0010006515 Compute time: 0.0003808594 Memory time: 0.0010006515
[2026-03-21 16:06:07.834] [info] [Attention] QK compute 0.0001ms Softmax compute 0.0001ms SV compute 0.0001ms
[2026-03-21 16:06:07.844] [info] [GemmWs] Keys K = 768, N = 100, M = 768
[2026-03-21 16:06:07.844] [info] [GemmWS]: total 0.118041605 GFLOPs, 0.001488384 GB
[2026-03-21 16:06:07.844] [info] [GemmWS]: Theoretical time(ms): 0.002424078047624789 Compute time: 0.000900585973795387 Memory time: 0.002424078047624789
[2026-03-21 16:06:07.844] [info] [SkipLayerNorm] tokens_per_tile: 13
[2026-03-21 16:06:07.876] [info] [GemmWs] Keys K = 768, N = 100, M = 3072
[2026-03-21 16:06:07.876] [info] [GemmWS]: total 0.47185922 GFLOPs, 0.005486592 GB
[2026-03-21 16:06:07.876] [info] [GemmWS]: Theoretical time(ms): 0.008935818186728284 Compute time: 0.003600000127335079 Memory time: 0.008935818186728284
[2026-03-21 16:06:07.876] [info] [BiasAct] tokens_per_tile: 13
[2026-03-21 16:06:07.927] [info] [GemmWs] Keys K = 3072, N = 100, M = 768
[2026-03-21 16:06:07.927] [info] [GemmWS]: total 0.47193602 GFLOPs, 0.0054881284 GB
[2026-03-21 16:06:07.927] [info] [GemmWS]: Theoretical time(ms): 0.008938320206652861 Compute time: 0.0036005860692966962 Memory time: 0.008938320206652861
[2026-03-21 16:06:07.927] [info] [SkipLayerNorm] tokens_per_tile: 13
[2026-03-21 16:06:07.979] [info] [GemmWs] Keys K = 768, N = 100, M = 2304
[2026-03-21 16:06:07.979] [info] [GemmWS]: total 0.3541248 GFLOPs, 0.004157952 GB
[2026-03-21 16:06:07.979] [info] [GemmWS]: Theoretical time(ms): 0.006771908829250606 Compute time: 0.002701757921386161 Memory time: 0.006771908829250606
[2026-03-21 16:06:07.990] [info] [Attention] total_spad_size_per_head: 38400 B
[2026-03-21 16:06:07.990] [info] [Attention] total_acc_size_per_head: 20000 B
[2026-03-21 16:06:07.990] [info] [Attention] q_len: 100, seq_len: 100, dk: 64, heads per tile 1
[2026-03-21 16:06:07.990] [info] [Attention] Spad size 16777216
[2026-03-21 16:06:07.990] [info] [Attention] Accum spad size 2097152
[2026-03-21 16:06:07.990] [info] Mapping info Total Loop: N1200 C64 M100 S1 R1 Q1 P1 Tile Out Loop: N12 C1 M1 S1 R1 Q1 P1 Tile In Loop: N100 C64 M100 S1 R1 Q1 P1
[2026-03-21 16:06:08.049] [info] [Attention] QK 0.01536 GFLOPs
[2026-03-21 16:06:08.049] [info] [Attention] total 0.03192 GFLOPs, 0.0006144 GB
[2026-03-21 16:06:08.049] [info] [Attention] Theoretical time(ms): 0.0010006515 Compute time: 0.0003808594 Memory time: 0.0010006515
[2026-03-21 16:06:08.049] [info] [Attention] QK compute 0.0001ms Softmax compute 0.0001ms SV compute 0.0001ms
[2026-03-21 16:06:08.069] [info] [GemmWs] Keys K = 768, N = 100, M = 768
[2026-03-21 16:06:08.069] [info] [GemmWS]: total 0.118041605 GFLOPs, 0.001488384 GB
[2026-03-21 16:06:08.069] [info] [GemmWS]: Theoretical time(ms): 0.002424078047624789 Compute time: 0.000900585973795387 Memory time: 0.002424078047624789
[2026-03-21 16:06:08.069] [info] [SkipLayerNorm] tokens_per_tile: 13
[2026-03-21 16:06:08.104] [info] [GemmWs] Keys K = 768, N = 100, M = 3072
[2026-03-21 16:06:08.104] [info] [GemmWS]: total 0.47185922 GFLOPs, 0.005486592 GB
[2026-03-21 16:06:08.104] [info] [GemmWS]: Theoretical time(ms): 0.008935818186728284 Compute time: 0.003600000127335079 Memory time: 0.008935818186728284
[2026-03-21 16:06:08.104] [info] [BiasAct] tokens_per_tile: 13
[2026-03-21 16:06:08.142] [info] [GemmWs] Keys K = 3072, N = 100, M = 768
[2026-03-21 16:06:08.142] [info] [GemmWS]: total 0.47193602 GFLOPs, 0.0054881284 GB
[2026-03-21 16:06:08.142] [info] [GemmWS]: Theoretical time(ms): 0.008938320206652861 Compute time: 0.0036005860692966962 Memory time: 0.008938320206652861
[2026-03-21 16:06:08.142] [info] [SkipLayerNorm] tokens_per_tile: 13
[2026-03-21 16:06:08.143] [info]  Model initialization time: 1.390988 seconds
[2026-03-21 16:06:08.143] [info] Schedule model: opt-125m at 1000 us
[2026-03-21 16:06:08.143] [info] MODEL opt-125m Scheduled, Total Request: 1
[2026-03-21 16:06:08.143] [info] executable layer count 1
[2026-03-21 16:06:08.143] [info] Start layer layer0.attn.QKVgen
[2026-03-21 16:06:08.143] [info] Issue tile Gemm on core 0, spad_id 1, accum_spad_id 1
[2026-03-21 16:06:08.143] [info] Issue tile Gemm on core 1, spad_id 1, accum_spad_id 1
[2026-03-21 16:06:08.143] [info] Issue tile Gemm on core 2, spad_id 1, accum_spad_id 1
[2026-03-21 16:06:08.143] [info] Issue tile Gemm on core 3, spad_id 1, accum_spad_id 1
[2026-03-21 16:06:08.143] [info] HBM2-CH_0: BW utilization 0% (0 reads, 0 writes)
[2026-03-21 16:06:08.762] [info] HBM2-CH_0: BW utilization 64% (6173 reads, 0 writes)
[2026-03-21 16:06:08.762] [info] Tile  status Gemm, instructions left 16
[2026-03-21 16:06:08.762] [info] Tile  status Gemm, instructions left 14
[2026-03-21 16:06:08.762] [info] Core [0] Tile Stats | Issued: 2 Running: 2 Finished: 0
[2026-03-21 16:06:08.762] [info] cycle: [8000]
[2026-03-21 16:06:08.762] [info] Tile  status Gemm, instructions left 10
[2026-03-21 16:06:08.762] [info] Core [1] Tile Stats | Issued: 1 Running: 1 Finished: 0
[2026-03-21 16:06:08.762] [info] cycle: [8000]
[2026-03-21 16:06:08.762] [info] Tile  status Gemm, instructions left 10
[2026-03-21 16:06:08.762] [info] Core [2] Tile Stats | Issued: 1 Running: 1 Finished: 0
[2026-03-21 16:06:08.762] [info] cycle: [8000]
[2026-03-21 16:06:08.762] [info] Tile  status Gemm, instructions left 10
[2026-03-21 16:06:08.762] [info] Core [3] Tile Stats | Issued: 1 Running: 1 Finished: 0
[2026-03-21 16:06:08.762] [info] cycle: [8000]
[2026-03-21 16:06:09.064] [info] Layer layer0.attn.QKVgen finish at 13327
[2026-03-21 16:06:09.064] [info] Total compute time 13327
[2026-03-21 16:06:09.064] [info] executable layer count 1
[2026-03-21 16:06:09.064] [info] Start layer layer0.attn.KVccat
[2026-03-21 16:06:09.064] [info] Layer layer0.attn.KVccat finish at 13328
[2026-03-21 16:06:09.064] [info] Total compute time 1
[2026-03-21 16:06:09.064] [info] executable layer count 1
[2026-03-21 16:06:09.064] [info] Start layer layer0.attn.Attention.0
[2026-03-21 16:06:09.141] [info] HBM2-CH_0: BW utilization 44% (3146 reads, 1103 writes)
[2026-03-21 16:06:09.141] [info] Core [0] Tile Stats | Issued: 4 Running: 0 Finished: 4
[2026-03-21 16:06:09.141] [info] cycle: [16000]
[2026-03-21 16:06:09.141] [info] Tile  status layer0.attn.Attention.0, instructions left 11
[2026-03-21 16:06:09.141] [info] Tile  status layer0.attn.Attention.0, instructions left 11
[2026-03-21 16:06:09.141] [info] Core [1] Tile Stats | Issued: 6 Running: 2 Finished: 4
[2026-03-21 16:06:09.141] [info] cycle: [16000]
[2026-03-21 16:06:09.141] [info] Tile  status layer0.attn.Attention.0, instructions left 11
[2026-03-21 16:06:09.141] [info] Core [2] Tile Stats | Issued: 4 Running: 1 Finished: 3
[2026-03-21 16:06:09.141] [info] cycle: [16000]
[2026-03-21 16:06:09.141] [info] Tile  status layer0.attn.Attention.0, instructions left 11
[2026-03-21 16:06:09.141] [info] Core [3] Tile Stats | Issued: 4 Running: 1 Finished: 3
[2026-03-21 16:06:09.141] [info] cycle: [16000]
[2026-03-21 16:06:09.157] [info] Layer layer0.attn.Attention.0 finish at 17178
[2026-03-21 16:06:09.157] [info] Total compute time 3850
[2026-03-21 16:06:09.157] [info] executable layer count 1
[2026-03-21 16:06:09.157] [info] Start layer layer0.attn.Atccat
[2026-03-21 16:06:09.157] [info] Layer layer0.attn.Atccat finish at 17179
[2026-03-21 16:06:09.157] [info] Total compute time 1
[2026-03-21 16:06:09.157] [info] executable layer count 1
[2026-03-21 16:06:09.157] [info] Start layer layer0.attn.proj
[2026-03-21 16:06:09.326] [info] Layer layer0.attn.proj finish at 22801
[2026-03-21 16:06:09.326] [info] Total compute time 5622
[2026-03-21 16:06:09.326] [info] executable layer count 1
[2026-03-21 16:06:09.326] [info] Start layer layer0.attn.ln
[2026-03-21 16:06:09.377] [info] Layer layer0.attn.ln finish at 23884
[2026-03-21 16:06:09.377] [info] Total compute time 1083
[2026-03-21 16:06:09.377] [info] executable layer count 1
[2026-03-21 16:06:09.377] [info] Start layer layer0.ffn.fc1
[2026-03-21 16:06:09.383] [info] HBM2-CH_0: BW utilization 56% (4741 reads, 648 writes)
[2026-03-21 16:06:09.384] [info] Tile  status Gemm, instructions left 28
[2026-03-21 16:06:09.384] [info] Tile  status Gemm, instructions left 28
[2026-03-21 16:06:09.384] [info] Core [0] Tile Stats | Issued: 9 Running: 2 Finished: 7
[2026-03-21 16:06:09.384] [info] cycle: [24000]
[2026-03-21 16:06:09.384] [info] Tile  status Gemm, instructions left 28
[2026-03-21 16:06:09.384] [info] Tile  status Gemm, instructions left 28
[2026-03-21 16:06:09.384] [info] Core [1] Tile Stats | Issued: 11 Running: 2 Finished: 9
[2026-03-21 16:06:09.384] [info] cycle: [24000]
[2026-03-21 16:06:09.384] [info] Tile  status Gemm, instructions left 28
[2026-03-21 16:06:09.384] [info] Core [2] Tile Stats | Issued: 10 Running: 1 Finished: 9
[2026-03-21 16:06:09.384] [info] cycle: [24000]
[2026-03-21 16:06:09.384] [info] Tile  status Gemm, instructions left 28
[2026-03-21 16:06:09.384] [info] Core [3] Tile Stats | Issued: 9 Running: 1 Finished: 8
[2026-03-21 16:06:09.384] [info] cycle: [24000]
[2026-03-21 16:06:09.941] [info] HBM2-CH_0: BW utilization 75% (7274 reads, 0 writes)
[2026-03-21 16:06:09.942] [info] Tile  status Gemm, instructions left 10
[2026-03-21 16:06:09.942] [info] Tile  status Gemm, instructions left 28
[2026-03-21 16:06:09.942] [info] Core [0] Tile Stats | Issued: 9 Running: 2 Finished: 7
[2026-03-21 16:06:09.942] [info] cycle: [32000]
[2026-03-21 16:06:09.942] [info] Tile  status Gemm, instructions left 10
[2026-03-21 16:06:09.942] [info] Tile  status Gemm, instructions left 28
[2026-03-21 16:06:09.942] [info] Core [1] Tile Stats | Issued: 11 Running: 2 Finished: 9
[2026-03-21 16:06:09.942] [info] cycle: [32000]
[2026-03-21 16:06:09.942] [info] Tile  status Gemm, instructions left 10
[2026-03-21 16:06:09.942] [info] Core [2] Tile Stats | Issued: 10 Running: 1 Finished: 9
[2026-03-21 16:06:09.942] [info] cycle: [32000]
[2026-03-21 16:06:09.942] [info] Tile  status Gemm, instructions left 10
[2026-03-21 16:06:09.942] [info] Core [3] Tile Stats | Issued: 9 Running: 1 Finished: 8
[2026-03-21 16:06:09.942] [info] cycle: [32000]
[2026-03-21 16:06:10.396] [info] Layer layer0.ffn.fc1 finish at 39510
[2026-03-21 16:06:10.396] [info] Total compute time 15626
[2026-03-21 16:06:10.396] [info] executable layer count 1
[2026-03-21 16:06:10.396] [info] Start layer layer0.ffn.act
[2026-03-21 16:06:10.421] [info] HBM2-CH_0: BW utilization 54% (4009 reads, 1236 writes)
[2026-03-21 16:06:10.422] [info] Tile  status layer0.ffn.act, instructions left 3
[2026-03-21 16:06:10.422] [info] Tile  status layer0.ffn.act, instructions left 3
[2026-03-21 16:06:10.422] [info] Core [0] Tile Stats | Issued: 11 Running: 2 Finished: 9
[2026-03-21 16:06:10.422] [info] cycle: [40000]
[2026-03-21 16:06:10.422] [info] Tile  status layer0.ffn.act, instructions left 3
[2026-03-21 16:06:10.422] [info] Core [1] Tile Stats | Issued: 12 Running: 1 Finished: 11
[2026-03-21 16:06:10.422] [info] cycle: [40000]
[2026-03-21 16:06:10.422] [info] Tile  status layer0.ffn.act, instructions left 3
[2026-03-21 16:06:10.422] [info] Tile  status layer0.ffn.act, instructions left 3
[2026-03-21 16:06:10.422] [info] Core [2] Tile Stats | Issued: 12 Running: 2 Finished: 10
[2026-03-21 16:06:10.422] [info] cycle: [40000]
[2026-03-21 16:06:10.422] [info] Tile  status layer0.ffn.act, instructions left 3
[2026-03-21 16:06:10.422] [info] Tile  status layer0.ffn.act, instructions left 3
[2026-03-21 16:06:10.422] [info] Core [3] Tile Stats | Issued: 11 Running: 2 Finished: 9
[2026-03-21 16:06:10.422] [info] cycle: [40000]
[2026-03-21 16:06:10.522] [info] Layer layer0.ffn.act finish at 42130
[2026-03-21 16:06:10.522] [info] Total compute time 2620
[2026-03-21 16:06:10.522] [info] executable layer count 1
[2026-03-21 16:06:10.522] [info] Start layer layer0.ffn.fc2
[2026-03-21 16:06:10.939] [info] HBM2-CH_0: BW utilization 75% (6095 reads, 1194 writes)
[2026-03-21 16:06:10.940] [info] Tile  status Gemm, instructions left 25
[2026-03-21 16:06:10.940] [info] Core [0] Tile Stats | Issued: 12 Running: 1 Finished: 11
[2026-03-21 16:06:10.940] [info] cycle: [48000]
[2026-03-21 16:06:10.940] [info] Tile  status Gemm, instructions left 25
[2026-03-21 16:06:10.940] [info] Tile  status Gemm, instructions left 25
[2026-03-21 16:06:10.940] [info] Core [1] Tile Stats | Issued: 14 Running: 2 Finished: 12
[2026-03-21 16:06:10.940] [info] cycle: [48000]
[2026-03-21 16:06:10.940] [info] Tile  status Gemm, instructions left 25
[2026-03-21 16:06:10.940] [info] Core [2] Tile Stats | Issued: 14 Running: 1 Finished: 13
[2026-03-21 16:06:10.940] [info] cycle: [48000]
[2026-03-21 16:06:10.940] [info] Tile  status Gemm, instructions left 25
[2026-03-21 16:06:10.940] [info] Tile  status Gemm, instructions left 25
[2026-03-21 16:06:10.940] [info] Core [3] Tile Stats | Issued: 13 Running: 2 Finished: 11
[2026-03-21 16:06:10.940] [info] cycle: [48000]
[2026-03-21 16:06:11.395] [info] HBM2-CH_0: BW utilization 81% (7812 reads, 6 writes)
[2026-03-21 16:06:11.397] [info] Tile  status Gemm, instructions left 1
[2026-03-21 16:06:11.397] [info] Core [0] Tile Stats | Issued: 12 Running: 1 Finished: 11
[2026-03-21 16:06:11.397] [info] cycle: [56000]
[2026-03-21 16:06:11.397] [info] Tile  status Gemm, instructions left 1
[2026-03-21 16:06:11.397] [info] Tile  status Gemm, instructions left 25
[2026-03-21 16:06:11.397] [info] Core [1] Tile Stats | Issued: 14 Running: 2 Finished: 12
[2026-03-21 16:06:11.397] [info] cycle: [56000]
[2026-03-21 16:06:11.397] [info] Tile  status Gemm, instructions left 1
[2026-03-21 16:06:11.397] [info] Core [2] Tile Stats | Issued: 14 Running: 1 Finished: 13
[2026-03-21 16:06:11.397] [info] cycle: [56000]
[2026-03-21 16:06:11.397] [info] Tile  status Gemm, instructions left 1
[2026-03-21 16:06:11.397] [info] Tile  status Gemm, instructions left 25
[2026-03-21 16:06:11.397] [info] Core [3] Tile Stats | Issued: 13 Running: 2 Finished: 11
[2026-03-21 16:06:11.397] [info] cycle: [56000]
[2026-03-21 16:06:11.718] [info] Layer layer0.ffn.fc2 finish at 63686
[2026-03-21 16:06:11.718] [info] Total compute time 21556
[2026-03-21 16:06:11.718] [info] executable layer count 1
[2026-03-21 16:06:11.718] [info] Start layer layer0.ffn.ln
[2026-03-21 16:06:11.732] [info] HBM2-CH_0: BW utilization 40% (3670 reads, 265 writes)
[2026-03-21 16:06:11.733] [info] Tile  status layer0.ffn.ln, instructions left 2
[2026-03-21 16:06:11.733] [info] Tile  status layer0.ffn.ln, instructions left 3
[2026-03-21 16:06:11.733] [info] Core [0] Tile Stats | Issued: 14 Running: 2 Finished: 12
[2026-03-21 16:06:11.733] [info] cycle: [64000]
[2026-03-21 16:06:11.733] [info] Tile  status layer0.ffn.ln, instructions left 3
[2026-03-21 16:06:11.733] [info] Core [1] Tile Stats | Issued: 15 Running: 1 Finished: 14
[2026-03-21 16:06:11.733] [info] cycle: [64000]
[2026-03-21 16:06:11.733] [info] Tile  status layer0.ffn.ln, instructions left 2
[2026-03-21 16:06:11.733] [info] Tile  status layer0.ffn.ln, instructions left 3
[2026-03-21 16:06:11.733] [info] Core [2] Tile Stats | Issued: 16 Running: 2 Finished: 14
[2026-03-21 16:06:11.733] [info] cycle: [64000]
[2026-03-21 16:06:11.733] [info] Tile  status layer0.ffn.ln, instructions left 3
[2026-03-21 16:06:11.733] [info] Tile  status layer0.ffn.ln, instructions left 3
[2026-03-21 16:06:11.733] [info] Core [3] Tile Stats | Issued: 15 Running: 2 Finished: 13
[2026-03-21 16:06:11.733] [info] cycle: [64000]
[2026-03-21 16:06:11.770] [info] Layer layer0.ffn.ln finish at 64708
[2026-03-21 16:06:11.770] [info] Total compute time 1022
[2026-03-21 16:06:11.770] [info] executable layer count 1
[2026-03-21 16:06:11.770] [info] Start layer layer1.attn.QKVgen
[2026-03-21 16:06:12.300] [info] HBM2-CH_0: BW utilization 68% (6256 reads, 300 writes)
[2026-03-21 16:06:12.302] [info] Tile  status Gemm, instructions left 16
[2026-03-21 16:06:12.302] [info] Core [0] Tile Stats | Issued: 16 Running: 1 Finished: 15
[2026-03-21 16:06:12.302] [info] cycle: [72000]
[2026-03-21 16:06:12.302] [info] Tile  status Gemm, instructions left 16
[2026-03-21 16:06:12.302] [info] Tile  status Gemm, instructions left 14
[2026-03-21 16:06:12.302] [info] Core [1] Tile Stats | Issued: 17 Running: 2 Finished: 15
[2026-03-21 16:06:12.302] [info] cycle: [72000]
[2026-03-21 16:06:12.302] [info] Tile  status Gemm, instructions left 16
[2026-03-21 16:06:12.302] [info] Core [2] Tile Stats | Issued: 17 Running: 1 Finished: 16
[2026-03-21 16:06:12.302] [info] cycle: [72000]
[2026-03-21 16:06:12.302] [info] Tile  status Gemm, instructions left 16
[2026-03-21 16:06:12.302] [info] Core [3] Tile Stats | Issued: 16 Running: 1 Finished: 15
[2026-03-21 16:06:12.302] [info] cycle: [72000]
[2026-03-21 16:06:12.712] [info] Layer layer1.attn.QKVgen finish at 77758
[2026-03-21 16:06:12.712] [info] Total compute time 13050
[2026-03-21 16:06:12.712] [info] executable layer count 1
[2026-03-21 16:06:12.712] [info] Start layer layer1.attn.KVccat
[2026-03-21 16:06:12.712] [info] Layer layer1.attn.KVccat finish at 77759
[2026-03-21 16:06:12.712] [info] Total compute time 1
[2026-03-21 16:06:12.712] [info] executable layer count 1
[2026-03-21 16:06:12.712] [info] Start layer layer1.attn.Attention.0
[2026-03-21 16:06:12.779] [info] HBM2-CH_0: BW utilization 45% (3339 reads, 1064 writes)
[2026-03-21 16:06:12.781] [info] Tile  status layer1.attn.Attention.0, instructions left 11
[2026-03-21 16:06:12.781] [info] Core [0] Tile Stats | Issued: 19 Running: 1 Finished: 18
[2026-03-21 16:06:12.781] [info] cycle: [80000]
[2026-03-21 16:06:12.781] [info] Tile  status layer1.attn.Attention.0, instructions left 2
[2026-03-21 16:06:12.781] [info] Tile  status layer1.attn.Attention.0, instructions left 12
[2026-03-21 16:06:12.781] [info] Core [1] Tile Stats | Issued: 20 Running: 2 Finished: 18
[2026-03-21 16:06:12.781] [info] cycle: [80000]
[2026-03-21 16:06:12.781] [info] Tile  status layer1.attn.Attention.0, instructions left 11
[2026-03-21 16:06:12.781] [info] Core [2] Tile Stats | Issued: 21 Running: 1 Finished: 20
[2026-03-21 16:06:12.781] [info] cycle: [80000]
[2026-03-21 16:06:12.781] [info] Tile  status layer1.attn.Attention.0, instructions left 12
[2026-03-21 16:06:12.781] [info] Core [3] Tile Stats | Issued: 19 Running: 1 Finished: 18
[2026-03-21 16:06:12.781] [info] cycle: [80000]
[2026-03-21 16:06:12.812] [info] Layer layer1.attn.Attention.0 finish at 81680
[2026-03-21 16:06:12.812] [info] Total compute time 3921
[2026-03-21 16:06:12.812] [info] executable layer count 1
[2026-03-21 16:06:12.812] [info] Start layer layer1.attn.Atccat
[2026-03-21 16:06:12.812] [info] Layer layer1.attn.Atccat finish at 81681
[2026-03-21 16:06:12.812] [info] Total compute time 1
[2026-03-21 16:06:12.812] [info] executable layer count 1
[2026-03-21 16:06:12.812] [info] Start layer layer1.attn.proj
[2026-03-21 16:06:12.996] [info] Layer layer1.attn.proj finish at 87364
[2026-03-21 16:06:12.996] [info] Total compute time 5683
[2026-03-21 16:06:12.996] [info] executable layer count 1
[2026-03-21 16:06:12.996] [info] Start layer layer1.attn.ln
[2026-03-21 16:06:13.028] [info] HBM2-CH_0: BW utilization 53% (4656 reads, 471 writes)
[2026-03-21 16:06:13.030] [info] Tile  status layer1.attn.ln, instructions left 3
[2026-03-21 16:06:13.030] [info] Core [0] Tile Stats | Issued: 22 Running: 1 Finished: 21
[2026-03-21 16:06:13.030] [info] cycle: [88000]
[2026-03-21 16:06:13.030] [info] Tile  status layer1.attn.ln, instructions left 3
[2026-03-21 16:06:13.030] [info] Core [1] Tile Stats | Issued: 23 Running: 1 Finished: 22
[2026-03-21 16:06:13.030] [info] cycle: [88000]
[2026-03-21 16:06:13.030] [info] Tile  status layer1.attn.ln, instructions left 2
[2026-03-21 16:06:13.030] [info] Tile  status layer1.attn.ln, instructions left 3
[2026-03-21 16:06:13.030] [info] Core [2] Tile Stats | Issued: 26 Running: 2 Finished: 24
[2026-03-21 16:06:13.030] [info] cycle: [88000]
[2026-03-21 16:06:13.030] [info] Tile  status layer1.attn.ln, instructions left 2
[2026-03-21 16:06:13.030] [info] Tile  status layer1.attn.ln, instructions left 3
[2026-03-21 16:06:13.030] [info] Core [3] Tile Stats | Issued: 23 Running: 2 Finished: 21
[2026-03-21 16:06:13.030] [info] cycle: [88000]
[2026-03-21 16:06:13.054] [info] Layer layer1.attn.ln finish at 88447
[2026-03-21 16:06:13.054] [info] Total compute time 1083
[2026-03-21 16:06:13.054] [info] executable layer count 1
[2026-03-21 16:06:13.054] [info] Start layer layer1.ffn.fc1
[2026-03-21 16:06:13.586] [info] HBM2-CH_0: BW utilization 70% (6476 reads, 278 writes)
[2026-03-21 16:06:13.589] [info] Tile  status Gemm, instructions left 10
[2026-03-21 16:06:13.589] [info] Tile  status Gemm, instructions left 28
[2026-03-21 16:06:13.589] [info] Core [0] Tile Stats | Issued: 24 Running: 2 Finished: 22
[2026-03-21 16:06:13.589] [info] cycle: [96000]
[2026-03-21 16:06:13.589] [info] Tile  status Gemm, instructions left 10
[2026-03-21 16:06:13.589] [info] Tile  status Gemm, instructions left 28
[2026-03-21 16:06:13.589] [info] Core [1] Tile Stats | Issued: 25 Running: 2 Finished: 23
[2026-03-21 16:06:13.589] [info] cycle: [96000]
[2026-03-21 16:06:13.589] [info] Tile  status Gemm, instructions left 10
[2026-03-21 16:06:13.589] [info] Core [2] Tile Stats | Issued: 27 Running: 1 Finished: 26
[2026-03-21 16:06:13.589] [info] cycle: [96000]
[2026-03-21 16:06:13.589] [info] Tile  status Gemm, instructions left 10
[2026-03-21 16:06:13.589] [info] Core [3] Tile Stats | Issued: 24 Running: 1 Finished: 23
[2026-03-21 16:06:13.589] [info] cycle: [96000]
[2026-03-21 16:06:14.119] [info] HBM2-CH_0: BW utilization 60% (4756 reads, 1024 writes)
[2026-03-21 16:06:14.123] [info] Tile  status Gemm, instructions left 1
[2026-03-21 16:06:14.123] [info] Core [0] Tile Stats | Issued: 24 Running: 1 Finished: 23
[2026-03-21 16:06:14.123] [info] cycle: [104000]
[2026-03-21 16:06:14.123] [info] Tile  status Gemm, instructions left 1
[2026-03-21 16:06:14.123] [info] Core [1] Tile Stats | Issued: 25 Running: 1 Finished: 24
[2026-03-21 16:06:14.123] [info] cycle: [104000]
[2026-03-21 16:06:14.123] [info] Core [2] Tile Stats | Issued: 27 Running: 0 Finished: 27
[2026-03-21 16:06:14.123] [info] cycle: [104000]
[2026-03-21 16:06:14.123] [info] Core [3] Tile Stats | Issued: 24 Running: 0 Finished: 24
[2026-03-21 16:06:14.123] [info] cycle: [104000]
[2026-03-21 16:06:14.140] [info] Layer layer1.ffn.fc1 finish at 104920
[2026-03-21 16:06:14.140] [info] Total compute time 16473
[2026-03-21 16:06:14.140] [info] executable layer count 1
[2026-03-21 16:06:14.140] [info] Start layer layer1.ffn.act
[2026-03-21 16:06:14.245] [info] Layer layer1.ffn.act finish at 107121
[2026-03-21 16:06:14.245] [info] Total compute time 2201
[2026-03-21 16:06:14.245] [info] executable layer count 1
[2026-03-21 16:06:14.245] [info] Start layer layer1.ffn.fc2
[2026-03-21 16:06:14.589] [info] HBM2-CH_0: BW utilization 64% (4817 reads, 1394 writes)
[2026-03-21 16:06:14.592] [info] Tile  status Gemm, instructions left 25
[2026-03-21 16:06:14.592] [info] Core [0] Tile Stats | Issued: 27 Running: 1 Finished: 26
[2026-03-21 16:06:14.592] [info] cycle: [112000]
[2026-03-21 16:06:14.592] [info] Tile  status Gemm, instructions left 25
[2026-03-21 16:06:14.592] [info] Core [1] Tile Stats | Issued: 28 Running: 1 Finished: 27
[2026-03-21 16:06:14.592] [info] cycle: [112000]
[2026-03-21 16:06:14.592] [info] Tile  status Gemm, instructions left 25
[2026-03-21 16:06:14.592] [info] Tile  status Gemm, instructions left 25
[2026-03-21 16:06:14.592] [info] Core [2] Tile Stats | Issued: 31 Running: 2 Finished: 29
[2026-03-21 16:06:14.592] [info] cycle: [112000]
[2026-03-21 16:06:14.592] [info] Tile  status Gemm, instructions left 25
[2026-03-21 16:06:14.592] [info] Tile  status Gemm, instructions left 25
[2026-03-21 16:06:14.592] [info] Core [3] Tile Stats | Issued: 28 Running: 2 Finished: 26
[2026-03-21 16:06:14.592] [info] cycle: [112000]
[2026-03-21 16:06:15.045] [info] HBM2-CH_0: BW utilization 79% (7616 reads, 3 writes)
[2026-03-21 16:06:15.049] [info] Tile  status Gemm, instructions left 25
[2026-03-21 16:06:15.049] [info] Core [0] Tile Stats | Issued: 27 Running: 1 Finished: 26
[2026-03-21 16:06:15.049] [info] cycle: [120000]
[2026-03-21 16:06:15.049] [info] Tile  status Gemm, instructions left 1
[2026-03-21 16:06:15.049] [info] Core [1] Tile Stats | Issued: 28 Running: 1 Finished: 27
[2026-03-21 16:06:15.049] [info] cycle: [120000]
[2026-03-21 16:06:15.049] [info] Tile  status Gemm, instructions left 25
[2026-03-21 16:06:15.049] [info] Tile  status Gemm, instructions left 25
[2026-03-21 16:06:15.049] [info] Core [2] Tile Stats | Issued: 31 Running: 2 Finished: 29
[2026-03-21 16:06:15.049] [info] cycle: [120000]
[2026-03-21 16:06:15.049] [info] Tile  status Gemm, instructions left 12
[2026-03-21 16:06:15.049] [info] Tile  status Gemm, instructions left 25
[2026-03-21 16:06:15.049] [info] Core [3] Tile Stats | Issued: 28 Running: 2 Finished: 26
[2026-03-21 16:06:15.049] [info] cycle: [120000]
[2026-03-21 16:06:15.499] [info] HBM2-CH_0: BW utilization 57% (5284 reads, 212 writes)
[2026-03-21 16:06:15.500] [info] Core [0] Tile Stats | Issued: 27 Running: 0 Finished: 27
[2026-03-21 16:06:15.500] [info] cycle: [128000]
[2026-03-21 16:06:15.500] [info] Core [1] Tile Stats | Issued: 28 Running: 0 Finished: 28
[2026-03-21 16:06:15.500] [info] cycle: [128000]
[2026-03-21 16:06:15.500] [info] Tile  status Gemm, instructions left 1
[2026-03-21 16:06:15.500] [info] Core [2] Tile Stats | Issued: 31 Running: 1 Finished: 30
[2026-03-21 16:06:15.500] [info] cycle: [128000]
[2026-03-21 16:06:15.500] [info] Tile  status Gemm, instructions left 1
[2026-03-21 16:06:15.500] [info] Core [3] Tile Stats | Issued: 28 Running: 1 Finished: 27
[2026-03-21 16:06:15.500] [info] cycle: [128000]
[2026-03-21 16:06:15.521] [info] Layer layer1.ffn.fc2 finish at 129639
[2026-03-21 16:06:15.521] [info] Total compute time 22518
[2026-03-21 16:06:15.521] [info] executable layer count 1
[2026-03-21 16:06:15.521] [info] Start layer layer1.ffn.ln
[2026-03-21 16:06:15.570] [info] Layer layer1.ffn.ln finish at 130652
[2026-03-21 16:06:15.570] [info] Total compute time 1013
[2026-03-21 16:06:15.570] [info] executable layer count 1
[2026-03-21 16:06:15.570] [info] Start layer layer2.attn.QKVgen
[2026-03-21 16:06:15.954] [info] HBM2-CH_0: BW utilization 58% (5274 reads, 388 writes)
[2026-03-21 16:06:15.958] [info] Tile  status Gemm, instructions left 16
[2026-03-21 16:06:15.964] [info] Tile  status Gemm, instructions left 14
[2026-03-21 16:06:15.964] [info] Core [0] Tile Stats | Issued: 31 Running: 2 Finished: 29
[2026-03-21 16:06:15.965] [info] cycle: [136000]
[2026-03-21 16:06:15.965] [info] Tile  status Gemm, instructions left 16
[2026-03-21 16:06:15.965] [info] Core [1] Tile Stats | Issued: 31 Running: 1 Finished: 30
[2026-03-21 16:06:15.965] [info] cycle: [136000]
[2026-03-21 16:06:15.965] [info] Tile  status Gemm, instructions left 16
[2026-03-21 16:06:15.965] [info] Core [2] Tile Stats | Issued: 34 Running: 1 Finished: 33
[2026-03-21 16:06:15.965] [info] cycle: [136000]
[2026-03-21 16:06:15.965] [info] Tile  status Gemm, instructions left 16
[2026-03-21 16:06:15.965] [info] Core [3] Tile Stats | Issued: 31 Running: 1 Finished: 30
[2026-03-21 16:06:15.965] [info] cycle: [136000]
[2026-03-21 16:06:16.490] [info] Layer layer2.attn.QKVgen finish at 143355
[2026-03-21 16:06:16.490] [info] Total compute time 12703
[2026-03-21 16:06:16.490] [info] executable layer count 1
[2026-03-21 16:06:16.490] [info] Start layer layer2.attn.KVccat
[2026-03-21 16:06:16.490] [info] Layer layer2.attn.KVccat finish at 143356
[2026-03-21 16:06:16.490] [info] Total compute time 1
[2026-03-21 16:06:16.490] [info] executable layer count 1
[2026-03-21 16:06:16.490] [info] Start layer layer2.attn.Attention.0
[2026-03-21 16:06:16.513] [info] HBM2-CH_0: BW utilization 52% (4219 reads, 861 writes)
[2026-03-21 16:06:16.516] [info] Tile  status layer2.attn.Attention.0, instructions left 11
[2026-03-21 16:06:16.516] [info] Tile  status layer2.attn.Attention.0, instructions left 12
[2026-03-21 16:06:16.516] [info] Core [0] Tile Stats | Issued: 33 Running: 2 Finished: 31
[2026-03-21 16:06:16.516] [info] cycle: [144000]
[2026-03-21 16:06:16.516] [info] Tile  status layer2.attn.Attention.0, instructions left 11
[2026-03-21 16:06:16.516] [info] Tile  status layer2.attn.Attention.0, instructions left 12
[2026-03-21 16:06:16.516] [info] Core [1] Tile Stats | Issued: 34 Running: 2 Finished: 32
[2026-03-21 16:06:16.516] [info] cycle: [144000]
[2026-03-21 16:06:16.516] [info] Tile  status layer2.attn.Attention.0, instructions left 11
[2026-03-21 16:06:16.516] [info] Tile  status layer2.attn.Attention.0, instructions left 12
[2026-03-21 16:06:16.516] [info] Core [2] Tile Stats | Issued: 36 Running: 2 Finished: 34
[2026-03-21 16:06:16.516] [info] cycle: [144000]
[2026-03-21 16:06:16.516] [info] Tile  status layer2.attn.Attention.0, instructions left 11
[2026-03-21 16:06:16.516] [info] Tile  status layer2.attn.Attention.0, instructions left 11
[2026-03-21 16:06:16.516] [info] Core [3] Tile Stats | Issued: 33 Running: 2 Finished: 31
[2026-03-21 16:06:16.516] [info] cycle: [144000]
[2026-03-21 16:06:16.580] [info] Layer layer2.attn.Attention.0 finish at 147208
[2026-03-21 16:06:16.580] [info] Total compute time 3852
[2026-03-21 16:06:16.580] [info] executable layer count 1
[2026-03-21 16:06:16.580] [info] Start layer layer2.attn.Atccat
[2026-03-21 16:06:16.580] [info] Layer layer2.attn.Atccat finish at 147209
[2026-03-21 16:06:16.580] [info] Total compute time 1
[2026-03-21 16:06:16.580] [info] executable layer count 1
[2026-03-21 16:06:16.580] [info] Start layer layer2.attn.proj
[2026-03-21 16:06:16.834] [info] HBM2-CH_0: BW utilization 53% (4539 reads, 551 writes)
[2026-03-21 16:06:16.836] [info] Core [0] Tile Stats | Issued: 35 Running: 0 Finished: 35
[2026-03-21 16:06:16.836] [info] cycle: [152000]
[2026-03-21 16:06:16.836] [info] Tile  status Gemm, instructions left 1
[2026-03-21 16:06:16.836] [info] Core [1] Tile Stats | Issued: 38 Running: 1 Finished: 37
[2026-03-21 16:06:16.836] [info] cycle: [152000]
[2026-03-21 16:06:16.836] [info] Tile  status Gemm, instructions left 1
[2026-03-21 16:06:16.836] [info] Core [2] Tile Stats | Issued: 39 Running: 1 Finished: 38
[2026-03-21 16:06:16.836] [info] cycle: [152000]
[2026-03-21 16:06:16.836] [info] Core [3] Tile Stats | Issued: 35 Running: 0 Finished: 35
[2026-03-21 16:06:16.836] [info] cycle: [152000]
[2026-03-21 16:06:16.858] [info] Layer layer2.attn.proj finish at 152876
[2026-03-21 16:06:16.858] [info] Total compute time 5667
[2026-03-21 16:06:16.858] [info] executable layer count 1
[2026-03-21 16:06:16.858] [info] Start layer layer2.attn.ln
[2026-03-21 16:06:16.918] [info] Layer layer2.attn.ln finish at 153950
[2026-03-21 16:06:16.918] [info] Total compute time 1074
[2026-03-21 16:06:16.918] [info] executable layer count 1
[2026-03-21 16:06:16.918] [info] Start layer layer2.ffn.fc1
[2026-03-21 16:06:17.345] [info] HBM2-CH_0: BW utilization 62% (5671 reads, 364 writes)
[2026-03-21 16:06:17.350] [info] Tile  status Gemm, instructions left 16
[2026-03-21 16:06:17.350] [info] Tile  status Gemm, instructions left 28
[2026-03-21 16:06:17.350] [info] Core [0] Tile Stats | Issued: 39 Running: 2 Finished: 37
[2026-03-21 16:06:17.350] [info] cycle: [160000]
[2026-03-21 16:06:17.350] [info] Tile  status Gemm, instructions left 16
[2026-03-21 16:06:17.350] [info] Core [1] Tile Stats | Issued: 41 Running: 1 Finished: 40
[2026-03-21 16:06:17.350] [info] cycle: [160000]
[2026-03-21 16:06:17.350] [info] Tile  status Gemm, instructions left 16
[2026-03-21 16:06:17.350] [info] Core [2] Tile Stats | Issued: 42 Running: 1 Finished: 41
[2026-03-21 16:06:17.350] [info] cycle: [160000]
[2026-03-21 16:06:17.350] [info] Tile  status Gemm, instructions left 16
[2026-03-21 16:06:17.350] [info] Tile  status Gemm, instructions left 28
[2026-03-21 16:06:17.350] [info] Core [3] Tile Stats | Issued: 39 Running: 2 Finished: 37
[2026-03-21 16:06:17.350] [info] cycle: [160000]
[2026-03-21 16:06:17.914] [info] HBM2-CH_0: BW utilization 66% (5897 reads, 493 writes)
[2026-03-21 16:06:17.919] [info] Tile  status Gemm, instructions left 10
[2026-03-21 16:06:17.919] [info] Core [0] Tile Stats | Issued: 39 Running: 1 Finished: 38
[2026-03-21 16:06:17.919] [info] cycle: [168000]
[2026-03-21 16:06:17.919] [info] Core [1] Tile Stats | Issued: 41 Running: 0 Finished: 41
[2026-03-21 16:06:17.919] [info] cycle: [168000]
[2026-03-21 16:06:17.919] [info] Core [2] Tile Stats | Issued: 42 Running: 0 Finished: 42
[2026-03-21 16:06:17.919] [info] cycle: [168000]
[2026-03-21 16:06:17.919] [info] Tile  status Gemm, instructions left 10
[2026-03-21 16:06:17.919] [info] Core [3] Tile Stats | Issued: 39 Running: 1 Finished: 38
[2026-03-21 16:06:17.919] [info] cycle: [168000]
[2026-03-21 16:06:18.023] [info] Layer layer2.ffn.fc1 finish at 170385
[2026-03-21 16:06:18.023] [info] Total compute time 16435
[2026-03-21 16:06:18.023] [info] executable layer count 1
[2026-03-21 16:06:18.023] [info] Start layer layer2.ffn.act
[2026-03-21 16:06:18.166] [info] Layer layer2.ffn.act finish at 173030
[2026-03-21 16:06:18.166] [info] Total compute time 2645
[2026-03-21 16:06:18.166] [info] executable layer count 1
[2026-03-21 16:06:18.166] [info] Start layer layer2.ffn.fc2
[2026-03-21 16:06:18.370] [info] HBM2-CH_0: BW utilization 59% (3773 reads, 1931 writes)
[2026-03-21 16:06:18.375] [info] Tile  status Gemm, instructions left 25
[2026-03-21 16:06:18.375] [info] Tile  status Gemm, instructions left 25
[2026-03-21 16:06:18.375] [info] Core [0] Tile Stats | Issued: 42 Running: 2 Finished: 40
[2026-03-21 16:06:18.375] [info] cycle: [176000]
[2026-03-21 16:06:18.375] [info] Tile  status Gemm, instructions left 25
[2026-03-21 16:06:18.375] [info] Core [1] Tile Stats | Issued: 45 Running: 1 Finished: 44
[2026-03-21 16:06:18.375] [info] cycle: [176000]
[2026-03-21 16:06:18.375] [info] Tile  status Gemm, instructions left 25
[2026-03-21 16:06:18.375] [info] Tile  status Gemm, instructions left 25
[2026-03-21 16:06:18.375] [info] Core [2] Tile Stats | Issued: 46 Running: 2 Finished: 44
[2026-03-21 16:06:18.375] [info] cycle: [176000]
[2026-03-21 16:06:18.375] [info] Tile  status Gemm, instructions left 25
[2026-03-21 16:06:18.375] [info] Core [3] Tile Stats | Issued: 42 Running: 1 Finished: 41
[2026-03-21 16:06:18.375] [info] cycle: [176000]
[2026-03-21 16:06:18.849] [info] HBM2-CH_0: BW utilization 82% (7957 reads, 0 writes)
[2026-03-21 16:06:18.851] [info] Tile  status Gemm, instructions left 25
[2026-03-21 16:06:18.851] [info] Tile  status Gemm, instructions left 25
[2026-03-21 16:06:18.851] [info] Core [0] Tile Stats | Issued: 42 Running: 2 Finished: 40
[2026-03-21 16:06:18.851] [info] cycle: [184000]
[2026-03-21 16:06:18.851] [info] Tile  status Gemm, instructions left 25
[2026-03-21 16:06:18.851] [info] Core [1] Tile Stats | Issued: 45 Running: 1 Finished: 44
[2026-03-21 16:06:18.851] [info] cycle: [184000]
[2026-03-21 16:06:18.851] [info] Tile  status Gemm, instructions left 25
[2026-03-21 16:06:18.851] [info] Tile  status Gemm, instructions left 25
[2026-03-21 16:06:18.851] [info] Core [2] Tile Stats | Issued: 46 Running: 2 Finished: 44
[2026-03-21 16:06:18.851] [info] cycle: [184000]
[2026-03-21 16:06:18.851] [info] Tile  status Gemm, instructions left 25
[2026-03-21 16:06:18.851] [info] Core [3] Tile Stats | Issued: 42 Running: 1 Finished: 41
[2026-03-21 16:06:18.851] [info] cycle: [184000]
[2026-03-21 16:06:19.321] [info] HBM2-CH_0: BW utilization 65% (6054 reads, 213 writes)
[2026-03-21 16:06:19.322] [info] Tile  status Gemm, instructions left 1
[2026-03-21 16:06:19.322] [info] Core [0] Tile Stats | Issued: 42 Running: 1 Finished: 41
[2026-03-21 16:06:19.322] [info] cycle: [192000]
[2026-03-21 16:06:19.322] [info] Core [1] Tile Stats | Issued: 45 Running: 0 Finished: 45
[2026-03-21 16:06:19.322] [info] cycle: [192000]
[2026-03-21 16:06:19.322] [info] Tile  status Gemm, instructions left 1
[2026-03-21 16:06:19.322] [info] Core [2] Tile Stats | Issued: 46 Running: 1 Finished: 45
[2026-03-21 16:06:19.322] [info] cycle: [192000]
[2026-03-21 16:06:19.323] [info] Core [3] Tile Stats | Issued: 42 Running: 0 Finished: 42
[2026-03-21 16:06:19.323] [info] cycle: [192000]
[2026-03-21 16:06:19.354] [info] Layer layer2.ffn.fc2 finish at 194470
[2026-03-21 16:06:19.354] [info] Total compute time 21440
[2026-03-21 16:06:19.354] [info] executable layer count 1
[2026-03-21 16:06:19.354] [info] Start layer layer2.ffn.ln
[2026-03-21 16:06:19.395] [info] Layer layer2.ffn.ln finish at 195530
[2026-03-21 16:06:19.395] [info] Total compute time 1060
[2026-03-21 16:06:19.395] [info] executable layer count 1
[2026-03-21 16:06:19.395] [info] Start layer layer3.attn.QKVgen
[2026-03-21 16:06:19.705] [info] HBM2-CH_0: BW utilization 51% (4575 reads, 364 writes)
[2026-03-21 16:06:19.710] [info] Tile  status Gemm, instructions left 22
[2026-03-21 16:06:19.710] [info] Core [0] Tile Stats | Issued: 45 Running: 1 Finished: 44
[2026-03-21 16:06:19.710] [info] cycle: [200000]
[2026-03-21 16:06:19.710] [info] Tile  status Gemm, instructions left 22
[2026-03-21 16:06:19.710] [info] Core [1] Tile Stats | Issued: 48 Running: 1 Finished: 47
[2026-03-21 16:06:19.710] [info] cycle: [200000]
[2026-03-21 16:06:19.710] [info] Tile  status Gemm, instructions left 22
[2026-03-21 16:06:19.710] [info] Core [2] Tile Stats | Issued: 49 Running: 1 Finished: 48
[2026-03-21 16:06:19.710] [info] cycle: [200000]
[2026-03-21 16:06:19.710] [info] Tile  status Gemm, instructions left 22
[2026-03-21 16:06:19.710] [info] Tile  status Gemm, instructions left 14
[2026-03-21 16:06:19.710] [info] Core [3] Tile Stats | Issued: 46 Running: 2 Finished: 44
[2026-03-21 16:06:19.710] [info] cycle: [200000]
[2026-03-21 16:06:20.342] [info] HBM2-CH_0: BW utilization 55% (4446 reads, 899 writes)
[2026-03-21 16:06:20.343] [info] Core [0] Tile Stats | Issued: 45 Running: 0 Finished: 45
[2026-03-21 16:06:20.343] [info] cycle: [208000]
[2026-03-21 16:06:20.343] [info] Core [1] Tile Stats | Issued: 48 Running: 0 Finished: 48
[2026-03-21 16:06:20.343] [info] cycle: [208000]
[2026-03-21 16:06:20.343] [info] Core [2] Tile Stats | Issued: 49 Running: 0 Finished: 49
[2026-03-21 16:06:20.343] [info] cycle: [208000]
[2026-03-21 16:06:20.343] [info] Tile  status Gemm, instructions left 1
[2026-03-21 16:06:20.343] [info] Core [3] Tile Stats | Issued: 46 Running: 1 Finished: 45
[2026-03-21 16:06:20.343] [info] cycle: [208000]
[2026-03-21 16:06:20.346] [info] Layer layer3.attn.QKVgen finish at 208241
[2026-03-21 16:06:20.346] [info] Total compute time 12711
[2026-03-21 16:06:20.346] [info] executable layer count 1
[2026-03-21 16:06:20.346] [info] Start layer layer3.attn.KVccat
[2026-03-21 16:06:20.346] [info] Layer layer3.attn.KVccat finish at 208243
[2026-03-21 16:06:20.346] [info] Total compute time 2
[2026-03-21 16:06:20.346] [info] executable layer count 1
[2026-03-21 16:06:20.346] [info] Start layer layer3.attn.Attention.0
[2026-03-21 16:06:20.434] [info] Layer layer3.attn.Attention.0 finish at 211873
[2026-03-21 16:06:20.434] [info] Total compute time 3630
[2026-03-21 16:06:20.434] [info] executable layer count 1
[2026-03-21 16:06:20.434] [info] Start layer layer3.attn.Atccat
[2026-03-21 16:06:20.434] [info] Layer layer3.attn.Atccat finish at 211874
[2026-03-21 16:06:20.434] [info] Total compute time 1
[2026-03-21 16:06:20.434] [info] executable layer count 1
[2026-03-21 16:06:20.434] [info] Start layer layer3.attn.proj
[2026-03-21 16:06:20.570] [info] HBM2-CH_0: BW utilization 53% (4876 reads, 299 writes)
[2026-03-21 16:06:20.575] [info] Tile  status Gemm, instructions left 1
[2026-03-21 16:06:20.575] [info] Tile  status Gemm, instructions left 7
[2026-03-21 16:06:20.575] [info] Core [0] Tile Stats | Issued: 50 Running: 2 Finished: 48
[2026-03-21 16:06:20.575] [info] cycle: [216000]
[2026-03-21 16:06:20.575] [info] Tile  status Gemm, instructions left 1
[2026-03-21 16:06:20.575] [info] Tile  status Gemm, instructions left 7
[2026-03-21 16:06:20.575] [info] Core [1] Tile Stats | Issued: 55 Running: 2 Finished: 53
[2026-03-21 16:06:20.575] [info] cycle: [216000]
[2026-03-21 16:06:20.575] [info] Core [2] Tile Stats | Issued: 53 Running: 0 Finished: 53
[2026-03-21 16:06:20.575] [info] cycle: [216000]
[2026-03-21 16:06:20.575] [info] Core [3] Tile Stats | Issued: 50 Running: 0 Finished: 50
[2026-03-21 16:06:20.575] [info] cycle: [216000]
[2026-03-21 16:06:20.609] [info] Layer layer3.attn.proj finish at 217613
[2026-03-21 16:06:20.609] [info] Total compute time 5739
[2026-03-21 16:06:20.609] [info] executable layer count 1
[2026-03-21 16:06:20.609] [info] Start layer layer3.attn.ln
[2026-03-21 16:06:20.666] [info] Layer layer3.attn.ln finish at 218654
[2026-03-21 16:06:20.666] [info] Total compute time 1041
[2026-03-21 16:06:20.666] [info] executable layer count 1
[2026-03-21 16:06:20.666] [info] Start layer layer3.ffn.fc1
[2026-03-21 16:06:21.049] [info] HBM2-CH_0: BW utilization 61% (5285 reads, 588 writes)
[2026-03-21 16:06:21.056] [info] Tile  status Gemm, instructions left 16
[2026-03-21 16:06:21.056] [info] Core [0] Tile Stats | Issued: 53 Running: 1 Finished: 52
[2026-03-21 16:06:21.056] [info] cycle: [224000]
[2026-03-21 16:06:21.056] [info] Tile  status Gemm, instructions left 16
[2026-03-21 16:06:21.056] [info] Core [1] Tile Stats | Issued: 58 Running: 1 Finished: 57
[2026-03-21 16:06:21.056] [info] cycle: [224000]
[2026-03-21 16:06:21.056] [info] Tile  status Gemm, instructions left 16
[2026-03-21 16:06:21.056] [info] Tile  status Gemm, instructions left 28
[2026-03-21 16:06:21.056] [info] Core [2] Tile Stats | Issued: 57 Running: 2 Finished: 55
[2026-03-21 16:06:21.056] [info] cycle: [224000]
[2026-03-21 16:06:21.056] [info] Tile  status Gemm, instructions left 16
[2026-03-21 16:06:21.056] [info] Tile  status Gemm, instructions left 28
[2026-03-21 16:06:21.056] [info] Core [3] Tile Stats | Issued: 54 Running: 2 Finished: 52
[2026-03-21 16:06:21.056] [info] cycle: [224000]
[2026-03-21 16:06:21.616] [info] HBM2-CH_0: BW utilization 68% (6133 reads, 420 writes)
[2026-03-21 16:06:21.623] [info] Core [0] Tile Stats | Issued: 53 Running: 0 Finished: 53
[2026-03-21 16:06:21.623] [info] cycle: [232000]
[2026-03-21 16:06:21.623] [info] Core [1] Tile Stats | Issued: 58 Running: 0 Finished: 58
[2026-03-21 16:06:21.623] [info] cycle: [232000]
[2026-03-21 16:06:21.623] [info] Tile  status Gemm, instructions left 10
[2026-03-21 16:06:21.623] [info] Core [2] Tile Stats | Issued: 57 Running: 1 Finished: 56
[2026-03-21 16:06:21.623] [info] cycle: [232000]
[2026-03-21 16:06:21.623] [info] Tile  status Gemm, instructions left 10
[2026-03-21 16:06:21.623] [info] Core [3] Tile Stats | Issued: 54 Running: 1 Finished: 53
[2026-03-21 16:06:21.623] [info] cycle: [232000]
[2026-03-21 16:06:21.745] [info] Layer layer3.ffn.fc1 finish at 234726
[2026-03-21 16:06:21.745] [info] Total compute time 16072
[2026-03-21 16:06:21.745] [info] executable layer count 1
[2026-03-21 16:06:21.745] [info] Start layer layer3.ffn.act
[2026-03-21 16:06:21.880] [info] Layer layer3.ffn.act finish at 237332
[2026-03-21 16:06:21.880] [info] Total compute time 2606
[2026-03-21 16:06:21.880] [info] executable layer count 1
[2026-03-21 16:06:21.880] [info] Start layer layer3.ffn.fc2
[2026-03-21 16:06:22.062] [info] HBM2-CH_0: BW utilization 60% (3759 reads, 2018 writes)
[2026-03-21 16:06:22.069] [info] Tile  status Gemm, instructions left 25
[2026-03-21 16:06:22.069] [info] Tile  status Gemm, instructions left 25
[2026-03-21 16:06:22.069] [info] Core [0] Tile Stats | Issued: 57 Running: 2 Finished: 55
[2026-03-21 16:06:22.069] [info] cycle: [240000]
[2026-03-21 16:06:22.069] [info] Tile  status Gemm, instructions left 25
[2026-03-21 16:06:22.069] [info] Core [1] Tile Stats | Issued: 62 Running: 1 Finished: 61
[2026-03-21 16:06:22.069] [info] cycle: [240000]
[2026-03-21 16:06:22.069] [info] Tile  status Gemm, instructions left 25
[2026-03-21 16:06:22.069] [info] Core [2] Tile Stats | Issued: 60 Running: 1 Finished: 59
[2026-03-21 16:06:22.069] [info] cycle: [240000]
[2026-03-21 16:06:22.069] [info] Tile  status Gemm, instructions left 25
[2026-03-21 16:06:22.069] [info] Tile  status Gemm, instructions left 25
[2026-03-21 16:06:22.069] [info] Core [3] Tile Stats | Issued: 57 Running: 2 Finished: 55
[2026-03-21 16:06:22.069] [info] cycle: [240000]
[2026-03-21 16:06:22.570] [info] HBM2-CH_0: BW utilization 83% (7987 reads, 0 writes)
[2026-03-21 16:06:22.573] [info] Tile  status Gemm, instructions left 25
[2026-03-21 16:06:22.573] [info] Tile  status Gemm, instructions left 25
[2026-03-21 16:06:22.573] [info] Core [0] Tile Stats | Issued: 57 Running: 2 Finished: 55
[2026-03-21 16:06:22.573] [info] cycle: [248000]
[2026-03-21 16:06:22.573] [info] Tile  status Gemm, instructions left 25
[2026-03-21 16:06:22.573] [info] Core [1] Tile Stats | Issued: 62 Running: 1 Finished: 61
[2026-03-21 16:06:22.573] [info] cycle: [248000]
[2026-03-21 16:06:22.573] [info] Tile  status Gemm, instructions left 25
[2026-03-21 16:06:22.573] [info] Core [2] Tile Stats | Issued: 60 Running: 1 Finished: 59
[2026-03-21 16:06:22.573] [info] cycle: [248000]
[2026-03-21 16:06:22.573] [info] Tile  status Gemm, instructions left 25
[2026-03-21 16:06:22.573] [info] Tile  status Gemm, instructions left 25
[2026-03-21 16:06:22.573] [info] Core [3] Tile Stats | Issued: 57 Running: 2 Finished: 55
[2026-03-21 16:06:22.573] [info] cycle: [248000]
[2026-03-21 16:06:22.996] [info] HBM2-CH_0: BW utilization 67% (6292 reads, 212 writes)
[2026-03-21 16:06:22.998] [info] Tile  status Gemm, instructions left 1
[2026-03-21 16:06:22.998] [info] Core [0] Tile Stats | Issued: 57 Running: 1 Finished: 56
[2026-03-21 16:06:22.998] [info] cycle: [256000]
[2026-03-21 16:06:22.998] [info] Core [1] Tile Stats | Issued: 62 Running: 0 Finished: 62
[2026-03-21 16:06:22.998] [info] cycle: [256000]
[2026-03-21 16:06:22.998] [info] Core [2] Tile Stats | Issued: 60 Running: 0 Finished: 60
[2026-03-21 16:06:22.998] [info] cycle: [256000]
[2026-03-21 16:06:22.998] [info] Tile  status Gemm, instructions left 1
[2026-03-21 16:06:22.998] [info] Core [3] Tile Stats | Issued: 57 Running: 1 Finished: 56
[2026-03-21 16:06:22.998] [info] cycle: [256000]
[2026-03-21 16:06:23.038] [info] Layer layer3.ffn.fc2 finish at 259161
[2026-03-21 16:06:23.038] [info] Total compute time 21829
[2026-03-21 16:06:23.038] [info] executable layer count 1
[2026-03-21 16:06:23.038] [info] Start layer layer3.ffn.ln
[2026-03-21 16:06:23.081] [info] Layer layer3.ffn.ln finish at 260146
[2026-03-21 16:06:23.081] [info] Total compute time 985
[2026-03-21 16:06:23.081] [info] executable layer count 1
[2026-03-21 16:06:23.081] [info] Start layer layer4.attn.QKVgen
[2026-03-21 16:06:23.352] [info] HBM2-CH_0: BW utilization 43% (3812 reads, 388 writes)
[2026-03-21 16:06:23.361] [info] Tile  status Gemm, instructions left 22
[2026-03-21 16:06:23.361] [info] Core [0] Tile Stats | Issued: 60 Running: 1 Finished: 59
[2026-03-21 16:06:23.361] [info] cycle: [264000]
[2026-03-21 16:06:23.361] [info] Tile  status Gemm, instructions left 22
[2026-03-21 16:06:23.361] [info] Core [1] Tile Stats | Issued: 65 Running: 1 Finished: 64
[2026-03-21 16:06:23.361] [info] cycle: [264000]
[2026-03-21 16:06:23.361] [info] Tile  status Gemm, instructions left 22
[2026-03-21 16:06:23.361] [info] Tile  status Gemm, instructions left 14
[2026-03-21 16:06:23.361] [info] Core [2] Tile Stats | Issued: 64 Running: 2 Finished: 62
[2026-03-21 16:06:23.361] [info] cycle: [264000]
[2026-03-21 16:06:23.361] [info] Tile  status Gemm, instructions left 22
[2026-03-21 16:06:23.361] [info] Core [3] Tile Stats | Issued: 60 Running: 1 Finished: 59
[2026-03-21 16:06:23.361] [info] cycle: [264000]
[2026-03-21 16:06:24.012] [info] HBM2-CH_0: BW utilization 62% (5208 reads, 811 writes)
[2026-03-21 16:06:24.015] [info] Core [0] Tile Stats | Issued: 60 Running: 0 Finished: 60
[2026-03-21 16:06:24.015] [info] cycle: [272000]
[2026-03-21 16:06:24.015] [info] Core [1] Tile Stats | Issued: 65 Running: 0 Finished: 65
[2026-03-21 16:06:24.015] [info] cycle: [272000]
[2026-03-21 16:06:24.015] [info] Tile  status Gemm, instructions left 8
[2026-03-21 16:06:24.015] [info] Core [2] Tile Stats | Issued: 64 Running: 1 Finished: 63
[2026-03-21 16:06:24.015] [info] cycle: [272000]
[2026-03-21 16:06:24.015] [info] Core [3] Tile Stats | Issued: 60 Running: 0 Finished: 60
[2026-03-21 16:06:24.015] [info] cycle: [272000]
[2026-03-21 16:06:24.036] [info] Layer layer4.attn.QKVgen finish at 273312
[2026-03-21 16:06:24.036] [info] Total compute time 13166
[2026-03-21 16:06:24.036] [info] executable layer count 1
[2026-03-21 16:06:24.036] [info] Start layer layer4.attn.KVccat
[2026-03-21 16:06:24.036] [info] Layer layer4.attn.KVccat finish at 273314
[2026-03-21 16:06:24.036] [info] Total compute time 2
[2026-03-21 16:06:24.036] [info] executable layer count 1
[2026-03-21 16:06:24.036] [info] Start layer layer4.attn.Attention.0
[2026-03-21 16:06:24.121] [info] Layer layer4.attn.Attention.0 finish at 277048
[2026-03-21 16:06:24.121] [info] Total compute time 3734
[2026-03-21 16:06:24.121] [info] executable layer count 1
[2026-03-21 16:06:24.121] [info] Start layer layer4.attn.Atccat
[2026-03-21 16:06:24.121] [info] Layer layer4.attn.Atccat finish at 277050
[2026-03-21 16:06:24.121] [info] Total compute time 2
[2026-03-21 16:06:24.121] [info] executable layer count 1
[2026-03-21 16:06:24.121] [info] Start layer layer4.attn.proj
[2026-03-21 16:06:24.215] [info] HBM2-CH_0: BW utilization 42% (3693 reads, 381 writes)
[2026-03-21 16:06:24.219] [info] Tile  status Gemm, instructions left 1
[2026-03-21 16:06:24.219] [info] Core [0] Tile Stats | Issued: 64 Running: 1 Finished: 63
[2026-03-21 16:06:24.219] [info] cycle: [280000]
[2026-03-21 16:06:24.219] [info] Tile  status Gemm, instructions left 1
[2026-03-21 16:06:24.219] [info] Tile  status Gemm, instructions left 7
[2026-03-21 16:06:24.219] [info] Core [1] Tile Stats | Issued: 72 Running: 2 Finished: 70
[2026-03-21 16:06:24.219] [info] cycle: [280000]
[2026-03-21 16:06:24.219] [info] Tile  status Gemm, instructions left 1
[2026-03-21 16:06:24.219] [info] Core [2] Tile Stats | Issued: 68 Running: 1 Finished: 67
[2026-03-21 16:06:24.219] [info] cycle: [280000]
[2026-03-21 16:06:24.219] [info] Tile  status Gemm, instructions left 1
[2026-03-21 16:06:24.219] [info] Tile  status Gemm, instructions left 7
[2026-03-21 16:06:24.219] [info] Core [3] Tile Stats | Issued: 65 Running: 2 Finished: 63
[2026-03-21 16:06:24.219] [info] cycle: [280000]
[2026-03-21 16:06:24.339] [info] Layer layer4.attn.proj finish at 282722
[2026-03-21 16:06:24.339] [info] Total compute time 5672
[2026-03-21 16:06:24.339] [info] executable layer count 1
[2026-03-21 16:06:24.339] [info] Start layer layer4.attn.ln
[2026-03-21 16:06:24.424] [info] Layer layer4.attn.ln finish at 283867
[2026-03-21 16:06:24.424] [info] Total compute time 1145
[2026-03-21 16:06:24.424] [info] executable layer count 1
[2026-03-21 16:06:24.424] [info] Start layer layer4.ffn.fc1
[2026-03-21 16:06:24.701] [info] HBM2-CH_0: BW utilization 62% (5457 reads, 589 writes)
[2026-03-21 16:06:24.709] [info] Tile  status Gemm, instructions left 22
[2026-03-21 16:06:24.709] [info] Tile  status Gemm, instructions left 28
[2026-03-21 16:06:24.709] [info] Core [0] Tile Stats | Issued: 68 Running: 2 Finished: 66
[2026-03-21 16:06:24.709] [info] cycle: [288000]
[2026-03-21 16:06:24.709] [info] Tile  status Gemm, instructions left 22
[2026-03-21 16:06:24.709] [info] Core [1] Tile Stats | Issued: 75 Running: 1 Finished: 74
[2026-03-21 16:06:24.709] [info] cycle: [288000]
[2026-03-21 16:06:24.709] [info] Tile  status Gemm, instructions left 22
[2026-03-21 16:06:24.709] [info] Tile  status Gemm, instructions left 28
[2026-03-21 16:06:24.709] [info] Core [2] Tile Stats | Issued: 72 Running: 2 Finished: 70
[2026-03-21 16:06:24.709] [info] cycle: [288000]
[2026-03-21 16:06:24.709] [info] Tile  status Gemm, instructions left 22
[2026-03-21 16:06:24.709] [info] Core [3] Tile Stats | Issued: 68 Running: 1 Finished: 67
[2026-03-21 16:06:24.709] [info] cycle: [288000]
[2026-03-21 16:06:25.244] [info] HBM2-CH_0: BW utilization 66% (6054 reads, 293 writes)
[2026-03-21 16:06:25.252] [info] Tile  status Gemm, instructions left 16
[2026-03-21 16:06:25.252] [info] Core [0] Tile Stats | Issued: 68 Running: 1 Finished: 67
[2026-03-21 16:06:25.252] [info] cycle: [296000]
[2026-03-21 16:06:25.252] [info] Core [1] Tile Stats | Issued: 75 Running: 0 Finished: 75
[2026-03-21 16:06:25.252] [info] cycle: [296000]
[2026-03-21 16:06:25.252] [info] Tile  status Gemm, instructions left 16
[2026-03-21 16:06:25.252] [info] Core [2] Tile Stats | Issued: 72 Running: 1 Finished: 71
[2026-03-21 16:06:25.252] [info] cycle: [296000]
[2026-03-21 16:06:25.252] [info] Core [3] Tile Stats | Issued: 68 Running: 0 Finished: 68
[2026-03-21 16:06:25.252] [info] cycle: [296000]
[2026-03-21 16:06:25.449] [info] Layer layer4.ffn.fc1 finish at 299822
[2026-03-21 16:06:25.449] [info] Total compute time 15955
[2026-03-21 16:06:25.449] [info] executable layer count 1
[2026-03-21 16:06:25.449] [info] Start layer layer4.ffn.act
[2026-03-21 16:06:25.584] [info] Layer layer4.ffn.act finish at 302444
[2026-03-21 16:06:25.584] [info] Total compute time 2622
[2026-03-21 16:06:25.584] [info] executable layer count 1
[2026-03-21 16:06:25.584] [info] Start layer layer4.ffn.fc2
[2026-03-21 16:06:25.682] [info] HBM2-CH_0: BW utilization 61% (3799 reads, 2118 writes)
[2026-03-21 16:06:25.690] [info] Tile  status Gemm, instructions left 25
[2026-03-21 16:06:25.690] [info] Core [0] Tile Stats | Issued: 71 Running: 1 Finished: 70
[2026-03-21 16:06:25.690] [info] cycle: [304000]
[2026-03-21 16:06:25.690] [info] Tile  status Gemm, instructions left 25
[2026-03-21 16:06:25.690] [info] Core [1] Tile Stats | Issued: 79 Running: 1 Finished: 78
[2026-03-21 16:06:25.690] [info] cycle: [304000]
[2026-03-21 16:06:25.690] [info] Tile  status Gemm, instructions left 25
[2026-03-21 16:06:25.690] [info] Tile  status Gemm, instructions left 25
[2026-03-21 16:06:25.690] [info] Core [2] Tile Stats | Issued: 75 Running: 2 Finished: 73
[2026-03-21 16:06:25.690] [info] cycle: [304000]
[2026-03-21 16:06:25.690] [info] Tile  status Gemm, instructions left 25
[2026-03-21 16:06:25.690] [info] Tile  status Gemm, instructions left 25
[2026-03-21 16:06:25.690] [info] Core [3] Tile Stats | Issued: 72 Running: 2 Finished: 70
[2026-03-21 16:06:25.690] [info] cycle: [304000]
[2026-03-21 16:06:26.217] [info] HBM2-CH_0: BW utilization 80% (7772 reads, 0 writes)
[2026-03-21 16:06:26.220] [info] Tile  status Gemm, instructions left 25
[2026-03-21 16:06:26.220] [info] Core [0] Tile Stats | Issued: 71 Running: 1 Finished: 70
[2026-03-21 16:06:26.220] [info] cycle: [312000]
[2026-03-21 16:06:26.220] [info] Tile  status Gemm, instructions left 25
[2026-03-21 16:06:26.220] [info] Core [1] Tile Stats | Issued: 79 Running: 1 Finished: 78
[2026-03-21 16:06:26.220] [info] cycle: [312000]
[2026-03-21 16:06:26.220] [info] Tile  status Gemm, instructions left 25
[2026-03-21 16:06:26.220] [info] Tile  status Gemm, instructions left 25
[2026-03-21 16:06:26.220] [info] Core [2] Tile Stats | Issued: 75 Running: 2 Finished: 73
[2026-03-21 16:06:26.220] [info] cycle: [312000]
[2026-03-21 16:06:26.220] [info] Tile  status Gemm, instructions left 25
[2026-03-21 16:06:26.220] [info] Tile  status Gemm, instructions left 25
[2026-03-21 16:06:26.220] [info] Core [3] Tile Stats | Issued: 72 Running: 2 Finished: 70
[2026-03-21 16:06:26.220] [info] cycle: [312000]
[2026-03-21 16:06:26.704] [info] HBM2-CH_0: BW utilization 80% (7532 reads, 191 writes)
[2026-03-21 16:06:26.708] [info] Core [0] Tile Stats | Issued: 71 Running: 0 Finished: 71
[2026-03-21 16:06:26.708] [info] cycle: [320000]
[2026-03-21 16:06:26.708] [info] Core [1] Tile Stats | Issued: 79 Running: 0 Finished: 79
[2026-03-21 16:06:26.708] [info] cycle: [320000]
[2026-03-21 16:06:26.708] [info] Tile  status Gemm, instructions left 25
[2026-03-21 16:06:26.708] [info] Core [2] Tile Stats | Issued: 75 Running: 1 Finished: 74
[2026-03-21 16:06:26.708] [info] cycle: [320000]
[2026-03-21 16:06:26.708] [info] Tile  status Gemm, instructions left 25
[2026-03-21 16:06:26.708] [info] Core [3] Tile Stats | Issued: 72 Running: 1 Finished: 71
[2026-03-21 16:06:26.708] [info] cycle: [320000]
[2026-03-21 16:06:26.762] [info] Layer layer4.ffn.fc2 finish at 323954
[2026-03-21 16:06:26.762] [info] Total compute time 21510
[2026-03-21 16:06:26.762] [info] executable layer count 1
[2026-03-21 16:06:26.762] [info] Start layer layer4.ffn.ln
[2026-03-21 16:06:26.807] [info] Layer layer4.ffn.ln finish at 324983
[2026-03-21 16:06:26.807] [info] Total compute time 1029
[2026-03-21 16:06:26.807] [info] executable layer count 1
[2026-03-21 16:06:26.807] [info] Start layer layer5.attn.QKVgen
[2026-03-21 16:06:27.018] [info] HBM2-CH_0: BW utilization 37% (3234 reads, 387 writes)
[2026-03-21 16:06:27.028] [info] Tile  status Gemm, instructions left 28
[2026-03-21 16:06:27.028] [info] Tile  status Gemm, instructions left 14
[2026-03-21 16:06:27.028] [info] Core [0] Tile Stats | Issued: 75 Running: 2 Finished: 73
[2026-03-21 16:06:27.028] [info] cycle: [328000]
[2026-03-21 16:06:27.028] [info] Tile  status Gemm, instructions left 28
[2026-03-21 16:06:27.028] [info] Core [1] Tile Stats | Issued: 82 Running: 1 Finished: 81
[2026-03-21 16:06:27.028] [info] cycle: [328000]
[2026-03-21 16:06:27.028] [info] Tile  status Gemm, instructions left 28
[2026-03-21 16:06:27.028] [info] Core [2] Tile Stats | Issued: 78 Running: 1 Finished: 77
[2026-03-21 16:06:27.028] [info] cycle: [328000]
[2026-03-21 16:06:27.028] [info] Tile  status Gemm, instructions left 28
[2026-03-21 16:06:27.028] [info] Core [3] Tile Stats | Issued: 75 Running: 1 Finished: 74
[2026-03-21 16:06:27.028] [info] cycle: [328000]
[2026-03-21 16:06:27.616] [info] HBM2-CH_0: BW utilization 64% (5759 reads, 450 writes)
[2026-03-21 16:06:27.626] [info] Tile  status Gemm, instructions left 8
[2026-03-21 16:06:27.626] [info] Core [0] Tile Stats | Issued: 75 Running: 1 Finished: 74
[2026-03-21 16:06:27.626] [info] cycle: [336000]
[2026-03-21 16:06:27.626] [info] Core [1] Tile Stats | Issued: 82 Running: 0 Finished: 82
[2026-03-21 16:06:27.626] [info] cycle: [336000]
[2026-03-21 16:06:27.626] [info] Core [2] Tile Stats | Issued: 78 Running: 0 Finished: 78
[2026-03-21 16:06:27.626] [info] cycle: [336000]
[2026-03-21 16:06:27.626] [info] Core [3] Tile Stats | Issued: 75 Running: 0 Finished: 75
[2026-03-21 16:06:27.626] [info] cycle: [336000]
[2026-03-21 16:06:27.675] [info] Layer layer5.attn.QKVgen finish at 337851
[2026-03-21 16:06:27.675] [info] Total compute time 12868
[2026-03-21 16:06:27.675] [info] executable layer count 1
[2026-03-21 16:06:27.675] [info] Start layer layer5.attn.KVccat
[2026-03-21 16:06:27.675] [info] Layer layer5.attn.KVccat finish at 337852
[2026-03-21 16:06:27.675] [info] Total compute time 1
[2026-03-21 16:06:27.675] [info] executable layer count 1
[2026-03-21 16:06:27.675] [info] Start layer layer5.attn.Attention.0
[2026-03-21 16:06:27.769] [info] Layer layer5.attn.Attention.0 finish at 341706
[2026-03-21 16:06:27.769] [info] Total compute time 3854
[2026-03-21 16:06:27.769] [info] executable layer count 1
[2026-03-21 16:06:27.769] [info] Start layer layer5.attn.Atccat
[2026-03-21 16:06:27.769] [info] Layer layer5.attn.Atccat finish at 341707
[2026-03-21 16:06:27.769] [info] Total compute time 1
[2026-03-21 16:06:27.769] [info] executable layer count 1
[2026-03-21 16:06:27.769] [info] Start layer layer5.attn.proj
[2026-03-21 16:06:27.861] [info] HBM2-CH_0: BW utilization 40% (3083 reads, 770 writes)
[2026-03-21 16:06:27.865] [info] Tile  status Gemm, instructions left 7
[2026-03-21 16:06:27.865] [info] Core [0] Tile Stats | Issued: 79 Running: 1 Finished: 78
[2026-03-21 16:06:27.865] [info] cycle: [344000]
[2026-03-21 16:06:27.865] [info] Tile  status Gemm, instructions left 7
[2026-03-21 16:06:27.865] [info] Tile  status Gemm, instructions left 7
[2026-03-21 16:06:27.865] [info] Core [1] Tile Stats | Issued: 89 Running: 2 Finished: 87
[2026-03-21 16:06:27.865] [info] cycle: [344000]
[2026-03-21 16:06:27.865] [info] Tile  status Gemm, instructions left 7
[2026-03-21 16:06:27.865] [info] Tile  status Gemm, instructions left 7
[2026-03-21 16:06:27.865] [info] Core [2] Tile Stats | Issued: 83 Running: 2 Finished: 81
[2026-03-21 16:06:27.865] [info] cycle: [344000]
[2026-03-21 16:06:27.865] [info] Tile  status Gemm, instructions left 7
[2026-03-21 16:06:27.865] [info] Core [3] Tile Stats | Issued: 79 Running: 1 Finished: 78
[2026-03-21 16:06:27.865] [info] cycle: [344000]
[2026-03-21 16:06:27.949] [info] Layer layer5.attn.proj finish at 347387
[2026-03-21 16:06:27.949] [info] Total compute time 5680
[2026-03-21 16:06:27.949] [info] executable layer count 1
[2026-03-21 16:06:27.949] [info] Start layer layer5.attn.ln
[2026-03-21 16:06:28.007] [info] Layer layer5.attn.ln finish at 348434
[2026-03-21 16:06:28.008] [info] Total compute time 1047
[2026-03-21 16:06:28.008] [info] executable layer count 1
[2026-03-21 16:06:28.008] [info] Start layer layer5.ffn.fc1
[2026-03-21 16:06:28.256] [info] HBM2-CH_0: BW utilization 63% (5556 reads, 583 writes)
[2026-03-21 16:06:28.266] [info] Tile  status Gemm, instructions left 22
[2026-03-21 16:06:28.266] [info] Tile  status Gemm, instructions left 28
[2026-03-21 16:06:28.266] [info] Core [0] Tile Stats | Issued: 83 Running: 2 Finished: 81
[2026-03-21 16:06:28.266] [info] cycle: [352000]
[2026-03-21 16:06:28.266] [info] Tile  status Gemm, instructions left 22
[2026-03-21 16:06:28.266] [info] Core [1] Tile Stats | Issued: 92 Running: 1 Finished: 91
[2026-03-21 16:06:28.266] [info] cycle: [352000]
[2026-03-21 16:06:28.266] [info] Tile  status Gemm, instructions left 22
[2026-03-21 16:06:28.266] [info] Core [2] Tile Stats | Issued: 86 Running: 1 Finished: 85
[2026-03-21 16:06:28.266] [info] cycle: [352000]
[2026-03-21 16:06:28.266] [info] Tile  status Gemm, instructions left 22
[2026-03-21 16:06:28.266] [info] Tile  status Gemm, instructions left 28
[2026-03-21 16:06:28.266] [info] Core [3] Tile Stats | Issued: 83 Running: 2 Finished: 81
[2026-03-21 16:06:28.266] [info] cycle: [352000]
[2026-03-21 16:06:28.878] [info] HBM2-CH_0: BW utilization 66% (6304 reads, 40 writes)
[2026-03-21 16:06:28.887] [info] Tile  status Gemm, instructions left 22
[2026-03-21 16:06:28.887] [info] Core [0] Tile Stats | Issued: 83 Running: 1 Finished: 82
[2026-03-21 16:06:28.887] [info] cycle: [360000]
[2026-03-21 16:06:28.887] [info] Core [1] Tile Stats | Issued: 92 Running: 0 Finished: 92
[2026-03-21 16:06:28.887] [info] cycle: [360000]
[2026-03-21 16:06:28.887] [info] Core [2] Tile Stats | Issued: 86 Running: 0 Finished: 86
[2026-03-21 16:06:28.887] [info] cycle: [360000]
[2026-03-21 16:06:28.887] [info] Tile  status Gemm, instructions left 22
[2026-03-21 16:06:28.887] [info] Core [3] Tile Stats | Issued: 83 Running: 1 Finished: 82
[2026-03-21 16:06:28.887] [info] cycle: [360000]
[2026-03-21 16:06:29.164] [info] Layer layer5.ffn.fc1 finish at 364794
[2026-03-21 16:06:29.164] [info] Total compute time 16360
[2026-03-21 16:06:29.164] [info] executable layer count 1
[2026-03-21 16:06:29.164] [info] Start layer layer5.ffn.act
[2026-03-21 16:06:29.268] [info] Layer layer5.ffn.act finish at 366968
[2026-03-21 16:06:29.268] [info] Total compute time 2174
[2026-03-21 16:06:29.268] [info] executable layer count 1
[2026-03-21 16:06:29.268] [info] Start layer layer5.ffn.fc2
[2026-03-21 16:06:29.317] [info] HBM2-CH_0: BW utilization 58% (3271 reads, 2386 writes)
[2026-03-21 16:06:29.328] [info] Tile  status Gemm, instructions left 25
[2026-03-21 16:06:29.328] [info] Core [0] Tile Stats | Issued: 86 Running: 1 Finished: 85
[2026-03-21 16:06:29.328] [info] cycle: [368000]
[2026-03-21 16:06:29.328] [info] Tile  status Gemm, instructions left 25
[2026-03-21 16:06:29.328] [info] Tile  status Gemm, instructions left 25
[2026-03-21 16:06:29.328] [info] Core [1] Tile Stats | Issued: 96 Running: 2 Finished: 94
[2026-03-21 16:06:29.328] [info] cycle: [368000]
[2026-03-21 16:06:29.328] [info] Tile  status Gemm, instructions left 25
[2026-03-21 16:06:29.328] [info] Tile  status Gemm, instructions left 25
[2026-03-21 16:06:29.328] [info] Core [2] Tile Stats | Issued: 90 Running: 2 Finished: 88
[2026-03-21 16:06:29.328] [info] cycle: [368000]
[2026-03-21 16:06:29.328] [info] Tile  status Gemm, instructions left 25
[2026-03-21 16:06:29.328] [info] Core [3] Tile Stats | Issued: 86 Running: 1 Finished: 85
[2026-03-21 16:06:29.328] [info] cycle: [368000]
[2026-03-21 16:06:29.902] [info] HBM2-CH_0: BW utilization 72% (6918 reads, 0 writes)
[2026-03-21 16:06:29.913] [info] Tile  status Gemm, instructions left 25
[2026-03-21 16:06:29.913] [info] Core [0] Tile Stats | Issued: 86 Running: 1 Finished: 85
[2026-03-21 16:06:29.913] [info] cycle: [376000]
[2026-03-21 16:06:29.913] [info] Tile  status Gemm, instructions left 25
[2026-03-21 16:06:29.913] [info] Tile  status Gemm, instructions left 25
[2026-03-21 16:06:29.913] [info] Core [1] Tile Stats | Issued: 96 Running: 2 Finished: 94
[2026-03-21 16:06:29.913] [info] cycle: [376000]
[2026-03-21 16:06:29.913] [info] Tile  status Gemm, instructions left 25
[2026-03-21 16:06:29.913] [info] Tile  status Gemm, instructions left 25
[2026-03-21 16:06:29.913] [info] Core [2] Tile Stats | Issued: 90 Running: 2 Finished: 88
[2026-03-21 16:06:29.913] [info] cycle: [376000]
[2026-03-21 16:06:29.913] [info] Tile  status Gemm, instructions left 25
[2026-03-21 16:06:29.913] [info] Core [3] Tile Stats | Issued: 86 Running: 1 Finished: 85
[2026-03-21 16:06:29.913] [info] cycle: [376000]
[2026-03-21 16:06:30.364] [info] HBM2-CH_0: BW utilization 79% (7592 reads, 0 writes)
[2026-03-21 16:06:30.376] [info] Core [0] Tile Stats | Issued: 86 Running: 0 Finished: 86
[2026-03-21 16:06:30.376] [info] cycle: [384000]
[2026-03-21 16:06:30.376] [info] Tile  status Gemm, instructions left 25
[2026-03-21 16:06:30.376] [info] Core [1] Tile Stats | Issued: 96 Running: 1 Finished: 95
[2026-03-21 16:06:30.376] [info] cycle: [384000]
[2026-03-21 16:06:30.376] [info] Tile  status Gemm, instructions left 25
[2026-03-21 16:06:30.376] [info] Core [2] Tile Stats | Issued: 90 Running: 1 Finished: 89
[2026-03-21 16:06:30.376] [info] cycle: [384000]
[2026-03-21 16:06:30.376] [info] Core [3] Tile Stats | Issued: 86 Running: 0 Finished: 86
[2026-03-21 16:06:30.376] [info] cycle: [384000]
[2026-03-21 16:06:30.530] [info] Layer layer5.ffn.fc2 finish at 389619
[2026-03-21 16:06:30.530] [info] Total compute time 22651
[2026-03-21 16:06:30.530] [info] executable layer count 1
[2026-03-21 16:06:30.530] [info] Start layer layer5.ffn.ln
[2026-03-21 16:06:30.578] [info] Layer layer5.ffn.ln finish at 390690
[2026-03-21 16:06:30.578] [info] Total compute time 1071
[2026-03-21 16:06:30.578] [info] executable layer count 1
[2026-03-21 16:06:30.578] [info] Start layer layer6.attn.QKVgen
[2026-03-21 16:06:30.658] [info] HBM2-CH_0: BW utilization 39% (3194 reads, 575 writes)
[2026-03-21 16:06:30.670] [info] Tile  status Gemm, instructions left 28
[2026-03-21 16:06:30.670] [info] Core [0] Tile Stats | Issued: 89 Running: 1 Finished: 88
[2026-03-21 16:06:30.670] [info] cycle: [392000]
[2026-03-21 16:06:30.670] [info] Tile  status Gemm, instructions left 28
[2026-03-21 16:06:30.670] [info] Core [1] Tile Stats | Issued: 99 Running: 1 Finished: 98
[2026-03-21 16:06:30.670] [info] cycle: [392000]
[2026-03-21 16:06:30.670] [info] Tile  status Gemm, instructions left 28
[2026-03-21 16:06:30.670] [info] Core [2] Tile Stats | Issued: 93 Running: 1 Finished: 92
[2026-03-21 16:06:30.670] [info] cycle: [392000]
[2026-03-21 16:06:30.670] [info] Tile  status Gemm, instructions left 28
[2026-03-21 16:06:30.670] [info] Tile  status Gemm, instructions left 14
[2026-03-21 16:06:30.670] [info] Core [3] Tile Stats | Issued: 90 Running: 2 Finished: 88
[2026-03-21 16:06:30.670] [info] cycle: [392000]
[2026-03-21 16:06:31.248] [info] HBM2-CH_0: BW utilization 66% (6373 reads, 0 writes)
[2026-03-21 16:06:31.261] [info] Tile  status Gemm, instructions left 10
[2026-03-21 16:06:31.261] [info] Core [0] Tile Stats | Issued: 89 Running: 1 Finished: 88
[2026-03-21 16:06:31.261] [info] cycle: [400000]
[2026-03-21 16:06:31.261] [info] Tile  status Gemm, instructions left 10
[2026-03-21 16:06:31.261] [info] Core [1] Tile Stats | Issued: 99 Running: 1 Finished: 98
[2026-03-21 16:06:31.261] [info] cycle: [400000]
[2026-03-21 16:06:31.261] [info] Tile  status Gemm, instructions left 10
[2026-03-21 16:06:31.261] [info] Core [2] Tile Stats | Issued: 93 Running: 1 Finished: 92
[2026-03-21 16:06:31.261] [info] cycle: [400000]
[2026-03-21 16:06:31.261] [info] Tile  status Gemm, instructions left 10
[2026-03-21 16:06:31.261] [info] Tile  status Gemm, instructions left 14
[2026-03-21 16:06:31.261] [info] Core [3] Tile Stats | Issued: 90 Running: 2 Finished: 88
[2026-03-21 16:06:31.261] [info] cycle: [400000]
[2026-03-21 16:06:31.455] [info] Layer layer6.attn.QKVgen finish at 403663
[2026-03-21 16:06:31.455] [info] Total compute time 12973
[2026-03-21 16:06:31.455] [info] executable layer count 1
[2026-03-21 16:06:31.455] [info] Start layer layer6.attn.KVccat
[2026-03-21 16:06:31.455] [info] Layer layer6.attn.KVccat finish at 403665
[2026-03-21 16:06:31.455] [info] Total compute time 2
[2026-03-21 16:06:31.455] [info] executable layer count 1
[2026-03-21 16:06:31.455] [info] Start layer layer6.attn.Attention.0
[2026-03-21 16:06:31.541] [info] Layer layer6.attn.Attention.0 finish at 407359
[2026-03-21 16:06:31.541] [info] Total compute time 3694
[2026-03-21 16:06:31.541] [info] executable layer count 1
[2026-03-21 16:06:31.541] [info] Start layer layer6.attn.Atccat
[2026-03-21 16:06:31.541] [info] Layer layer6.attn.Atccat finish at 407361
[2026-03-21 16:06:31.541] [info] Total compute time 2
[2026-03-21 16:06:31.541] [info] executable layer count 1
[2026-03-21 16:06:31.541] [info] Start layer layer6.attn.proj
[2026-03-21 16:06:31.564] [info] HBM2-CH_0: BW utilization 38% (2470 reads, 1214 writes)
[2026-03-21 16:06:31.571] [info] Tile  status Gemm, instructions left 7
[2026-03-21 16:06:31.571] [info] Tile  status Gemm, instructions left 7
[2026-03-21 16:06:31.571] [info] Core [0] Tile Stats | Issued: 96 Running: 2 Finished: 94
[2026-03-21 16:06:31.571] [info] cycle: [408000]
[2026-03-21 16:06:31.571] [info] Tile  status Gemm, instructions left 7
[2026-03-21 16:06:31.571] [info] Tile  status Gemm, instructions left 7
[2026-03-21 16:06:31.571] [info] Core [1] Tile Stats | Issued: 104 Running: 2 Finished: 102
[2026-03-21 16:06:31.571] [info] cycle: [408000]
[2026-03-21 16:06:31.571] [info] Tile  status Gemm, instructions left 7
[2026-03-21 16:06:31.571] [info] Core [2] Tile Stats | Issued: 97 Running: 1 Finished: 96
[2026-03-21 16:06:31.571] [info] cycle: [408000]
[2026-03-21 16:06:31.571] [info] Tile  status Gemm, instructions left 7
[2026-03-21 16:06:31.571] [info] Core [3] Tile Stats | Issued: 94 Running: 1 Finished: 93
[2026-03-21 16:06:31.571] [info] cycle: [408000]
[2026-03-21 16:06:31.730] [info] Layer layer6.attn.proj finish at 413018
[2026-03-21 16:06:31.730] [info] Total compute time 5657
[2026-03-21 16:06:31.730] [info] executable layer count 1
[2026-03-21 16:06:31.730] [info] Start layer layer6.attn.ln
[2026-03-21 16:06:31.789] [info] Layer layer6.attn.ln finish at 414108
[2026-03-21 16:06:31.789] [info] Total compute time 1090
[2026-03-21 16:06:31.789] [info] executable layer count 1
[2026-03-21 16:06:31.789] [info] Start layer layer6.ffn.fc1
[2026-03-21 16:06:31.914] [info] HBM2-CH_0: BW utilization 65% (5694 reads, 611 writes)
[2026-03-21 16:06:31.926] [info] Tile  status Gemm, instructions left 28
[2026-03-21 16:06:31.926] [info] Core [0] Tile Stats | Issued: 99 Running: 1 Finished: 98
[2026-03-21 16:06:31.926] [info] cycle: [416000]
[2026-03-21 16:06:31.926] [info] Tile  status Gemm, instructions left 28
[2026-03-21 16:06:31.926] [info] Core [1] Tile Stats | Issued: 107 Running: 1 Finished: 106
[2026-03-21 16:06:31.926] [info] cycle: [416000]
[2026-03-21 16:06:31.926] [info] Tile  status Gemm, instructions left 28
[2026-03-21 16:06:31.926] [info] Tile  status Gemm, instructions left 28
[2026-03-21 16:06:31.926] [info] Core [2] Tile Stats | Issued: 101 Running: 2 Finished: 99
[2026-03-21 16:06:31.926] [info] cycle: [416000]
[2026-03-21 16:06:31.926] [info] Tile  status Gemm, instructions left 28
[2026-03-21 16:06:31.926] [info] Tile  status Gemm, instructions left 28
[2026-03-21 16:06:31.926] [info] Core [3] Tile Stats | Issued: 98 Running: 2 Finished: 96
[2026-03-21 16:06:31.926] [info] cycle: [416000]
[2026-03-21 16:06:32.479] [info] HBM2-CH_0: BW utilization 72% (6973 reads, 0 writes)
[2026-03-21 16:06:32.492] [info] Tile  status Gemm, instructions left 1
[2026-03-21 16:06:32.492] [info] Core [0] Tile Stats | Issued: 99 Running: 1 Finished: 98
[2026-03-21 16:06:32.492] [info] cycle: [424000]
[2026-03-21 16:06:32.492] [info] Tile  status Gemm, instructions left 1
[2026-03-21 16:06:32.492] [info] Core [1] Tile Stats | Issued: 107 Running: 1 Finished: 106
[2026-03-21 16:06:32.492] [info] cycle: [424000]
[2026-03-21 16:06:32.492] [info] Tile  status Gemm, instructions left 1
[2026-03-21 16:06:32.492] [info] Tile  status Gemm, instructions left 28
[2026-03-21 16:06:32.492] [info] Core [2] Tile Stats | Issued: 101 Running: 2 Finished: 99
[2026-03-21 16:06:32.492] [info] cycle: [424000]
[2026-03-21 16:06:32.492] [info] Tile  status Gemm, instructions left 1
[2026-03-21 16:06:32.492] [info] Tile  status Gemm, instructions left 28
[2026-03-21 16:06:32.492] [info] Core [3] Tile Stats | Issued: 98 Running: 2 Finished: 96
[2026-03-21 16:06:32.492] [info] cycle: [424000]
[2026-03-21 16:06:32.847] [info] Layer layer6.ffn.fc1 finish at 429906
[2026-03-21 16:06:32.847] [info] Total compute time 15798
[2026-03-21 16:06:32.847] [info] executable layer count 1
[2026-03-21 16:06:32.847] [info] Start layer layer6.ffn.act
[2026-03-21 16:06:32.942] [info] HBM2-CH_0: BW utilization 58% (3790 reads, 1784 writes)
[2026-03-21 16:06:32.952] [info] Tile  status layer6.ffn.act, instructions left 3
[2026-03-21 16:06:32.952] [info] Core [0] Tile Stats | Issued: 102 Running: 1 Finished: 101
[2026-03-21 16:06:32.952] [info] cycle: [432000]
[2026-03-21 16:06:32.952] [info] Core [1] Tile Stats | Issued: 109 Running: 0 Finished: 109
[2026-03-21 16:06:32.952] [info] cycle: [432000]
[2026-03-21 16:06:32.952] [info] Core [2] Tile Stats | Issued: 103 Running: 0 Finished: 103
[2026-03-21 16:06:32.952] [info] cycle: [432000]
[2026-03-21 16:06:32.952] [info] Core [3] Tile Stats | Issued: 99 Running: 0 Finished: 99
[2026-03-21 16:06:32.952] [info] cycle: [432000]
[2026-03-21 16:06:32.984] [info] Layer layer6.ffn.act finish at 432551
[2026-03-21 16:06:32.984] [info] Total compute time 2645
[2026-03-21 16:06:32.984] [info] executable layer count 1
[2026-03-21 16:06:32.984] [info] Start layer layer6.ffn.fc2
[2026-03-21 16:06:33.496] [info] HBM2-CH_0: BW utilization 72% (6324 reads, 608 writes)
[2026-03-21 16:06:33.509] [info] Tile  status Gemm, instructions left 25
[2026-03-21 16:06:33.509] [info] Core [0] Tile Stats | Issued: 103 Running: 1 Finished: 102
[2026-03-21 16:06:33.509] [info] cycle: [440000]
[2026-03-21 16:06:33.509] [info] Tile  status Gemm, instructions left 25
[2026-03-21 16:06:33.509] [info] Tile  status Gemm, instructions left 25
[2026-03-21 16:06:33.509] [info] Core [1] Tile Stats | Issued: 111 Running: 2 Finished: 109
[2026-03-21 16:06:33.509] [info] cycle: [440000]
[2026-03-21 16:06:33.509] [info] Tile  status Gemm, instructions left 25
[2026-03-21 16:06:33.509] [info] Core [2] Tile Stats | Issued: 104 Running: 1 Finished: 103
[2026-03-21 16:06:33.509] [info] cycle: [440000]
[2026-03-21 16:06:33.509] [info] Tile  status Gemm, instructions left 25
[2026-03-21 16:06:33.509] [info] Tile  status Gemm, instructions left 25
[2026-03-21 16:06:33.509] [info] Core [3] Tile Stats | Issued: 101 Running: 2 Finished: 99
[2026-03-21 16:06:33.509] [info] cycle: [440000]
[2026-03-21 16:06:33.970] [info] HBM2-CH_0: BW utilization 79% (7589 reads, 9 writes)
[2026-03-21 16:06:33.983] [info] Tile  status Gemm, instructions left 1
[2026-03-21 16:06:33.984] [info] Core [0] Tile Stats | Issued: 103 Running: 1 Finished: 102
[2026-03-21 16:06:33.984] [info] cycle: [448000]
[2026-03-21 16:06:33.984] [info] Tile  status Gemm, instructions left 1
[2026-03-21 16:06:33.984] [info] Tile  status Gemm, instructions left 25
[2026-03-21 16:06:33.984] [info] Core [1] Tile Stats | Issued: 111 Running: 2 Finished: 109
[2026-03-21 16:06:33.984] [info] cycle: [448000]
[2026-03-21 16:06:33.984] [info] Tile  status Gemm, instructions left 1
[2026-03-21 16:06:33.984] [info] Core [2] Tile Stats | Issued: 104 Running: 1 Finished: 103
[2026-03-21 16:06:33.984] [info] cycle: [448000]
[2026-03-21 16:06:33.984] [info] Tile  status Gemm, instructions left 1
[2026-03-21 16:06:33.984] [info] Tile  status Gemm, instructions left 25
[2026-03-21 16:06:33.984] [info] Core [3] Tile Stats | Issued: 101 Running: 2 Finished: 99
[2026-03-21 16:06:33.984] [info] cycle: [448000]
[2026-03-21 16:06:34.189] [info] Layer layer6.ffn.fc2 finish at 454315
[2026-03-21 16:06:34.189] [info] Total compute time 21764
[2026-03-21 16:06:34.189] [info] executable layer count 1
[2026-03-21 16:06:34.189] [info] Start layer layer6.ffn.ln
[2026-03-21 16:06:34.231] [info] Layer layer6.ffn.ln finish at 455320
[2026-03-21 16:06:34.231] [info] Total compute time 1005
[2026-03-21 16:06:34.231] [info] executable layer count 1
[2026-03-21 16:06:34.231] [info] Start layer layer7.attn.QKVgen
[2026-03-21 16:06:34.263] [info] HBM2-CH_0: BW utilization 43% (3549 reads, 600 writes)
[2026-03-21 16:06:34.276] [info] Tile  status Gemm, instructions left 28
[2026-03-21 16:06:34.276] [info] Core [0] Tile Stats | Issued: 106 Running: 1 Finished: 105
[2026-03-21 16:06:34.276] [info] cycle: [456000]
[2026-03-21 16:06:34.276] [info] Tile  status Gemm, instructions left 28
[2026-03-21 16:06:34.276] [info] Core [1] Tile Stats | Issued: 114 Running: 1 Finished: 113
[2026-03-21 16:06:34.276] [info] cycle: [456000]
[2026-03-21 16:06:34.276] [info] Tile  status Gemm, instructions left 28
[2026-03-21 16:06:34.276] [info] Tile  status Gemm, instructions left 14
[2026-03-21 16:06:34.276] [info] Core [2] Tile Stats | Issued: 108 Running: 2 Finished: 106
[2026-03-21 16:06:34.276] [info] cycle: [456000]
[2026-03-21 16:06:34.276] [info] Tile  status Gemm, instructions left 28
[2026-03-21 16:06:34.276] [info] Core [3] Tile Stats | Issued: 104 Running: 1 Finished: 103
[2026-03-21 16:06:34.276] [info] cycle: [456000]
[2026-03-21 16:06:34.851] [info] HBM2-CH_0: BW utilization 67% (6511 reads, 0 writes)
[2026-03-21 16:06:34.865] [info] Tile  status Gemm, instructions left 10
[2026-03-21 16:06:34.865] [info] Core [0] Tile Stats | Issued: 106 Running: 1 Finished: 105
[2026-03-21 16:06:34.865] [info] cycle: [464000]
[2026-03-21 16:06:34.865] [info] Tile  status Gemm, instructions left 10
[2026-03-21 16:06:34.865] [info] Core [1] Tile Stats | Issued: 114 Running: 1 Finished: 113
[2026-03-21 16:06:34.865] [info] cycle: [464000]
[2026-03-21 16:06:34.865] [info] Tile  status Gemm, instructions left 10
[2026-03-21 16:06:34.865] [info] Tile  status Gemm, instructions left 14
[2026-03-21 16:06:34.865] [info] Core [2] Tile Stats | Issued: 108 Running: 2 Finished: 106
[2026-03-21 16:06:34.865] [info] cycle: [464000]
[2026-03-21 16:06:34.865] [info] Tile  status Gemm, instructions left 10
[2026-03-21 16:06:34.865] [info] Core [3] Tile Stats | Issued: 104 Running: 1 Finished: 103
[2026-03-21 16:06:34.865] [info] cycle: [464000]
[2026-03-21 16:06:35.088] [info] Layer layer7.attn.QKVgen finish at 468187
[2026-03-21 16:06:35.088] [info] Total compute time 12867
[2026-03-21 16:06:35.088] [info] executable layer count 1
[2026-03-21 16:06:35.088] [info] Start layer layer7.attn.KVccat
[2026-03-21 16:06:35.088] [info] Layer layer7.attn.KVccat finish at 468189
[2026-03-21 16:06:35.088] [info] Total compute time 2
[2026-03-21 16:06:35.088] [info] executable layer count 1
[2026-03-21 16:06:35.088] [info] Start layer layer7.attn.Attention.0
[2026-03-21 16:06:35.179] [info] HBM2-CH_0: BW utilization 38% (2533 reads, 1161 writes)
[2026-03-21 16:06:35.181] [info] Layer layer7.attn.Attention.0 finish at 471946
[2026-03-21 16:06:35.181] [info] Total compute time 3757
[2026-03-21 16:06:35.181] [info] executable layer count 1
[2026-03-21 16:06:35.181] [info] Start layer layer7.attn.Atccat
[2026-03-21 16:06:35.181] [info] Layer layer7.attn.Atccat finish at 471948
[2026-03-21 16:06:35.181] [info] Total compute time 2
[2026-03-21 16:06:35.181] [info] executable layer count 1
[2026-03-21 16:06:35.181] [info] Start layer layer7.attn.proj
[2026-03-21 16:06:35.184] [info] Tile  status Gemm, instructions left 7
[2026-03-21 16:06:35.184] [info] Tile  status Gemm, instructions left 7
[2026-03-21 16:06:35.184] [info] Core [0] Tile Stats | Issued: 113 Running: 2 Finished: 111
[2026-03-21 16:06:35.184] [info] cycle: [472000]
[2026-03-21 16:06:35.184] [info] Tile  status Gemm, instructions left 7
[2026-03-21 16:06:35.184] [info] Core [1] Tile Stats | Issued: 118 Running: 1 Finished: 117
[2026-03-21 16:06:35.184] [info] cycle: [472000]
[2026-03-21 16:06:35.184] [info] Tile  status Gemm, instructions left 7
[2026-03-21 16:06:35.184] [info] Core [2] Tile Stats | Issued: 112 Running: 1 Finished: 111
[2026-03-21 16:06:35.184] [info] cycle: [472000]
[2026-03-21 16:06:35.184] [info] Tile  status Gemm, instructions left 7
[2026-03-21 16:06:35.184] [info] Tile  status Gemm, instructions left 7
[2026-03-21 16:06:35.184] [info] Core [3] Tile Stats | Issued: 109 Running: 2 Finished: 107
[2026-03-21 16:06:35.184] [info] cycle: [472000]
[2026-03-21 16:06:35.375] [info] Layer layer7.attn.proj finish at 477639
[2026-03-21 16:06:35.375] [info] Total compute time 5691
[2026-03-21 16:06:35.375] [info] executable layer count 1
[2026-03-21 16:06:35.375] [info] Start layer layer7.attn.ln
[2026-03-21 16:06:35.430] [info] Layer layer7.attn.ln finish at 478660
[2026-03-21 16:06:35.430] [info] Total compute time 1021
[2026-03-21 16:06:35.430] [info] executable layer count 1
[2026-03-21 16:06:35.430] [info] Start layer layer7.ffn.fc1
[2026-03-21 16:06:35.511] [info] HBM2-CH_0: BW utilization 63% (5500 reads, 608 writes)
[2026-03-21 16:06:35.525] [info] Tile  status Gemm, instructions left 28
[2026-03-21 16:06:35.525] [info] Core [0] Tile Stats | Issued: 116 Running: 1 Finished: 115
[2026-03-21 16:06:35.525] [info] cycle: [480000]
[2026-03-21 16:06:35.525] [info] Tile  status Gemm, instructions left 28
[2026-03-21 16:06:35.525] [info] Tile  status Gemm, instructions left 28
[2026-03-21 16:06:35.525] [info] Core [1] Tile Stats | Issued: 122 Running: 2 Finished: 120
[2026-03-21 16:06:35.525] [info] cycle: [480000]
[2026-03-21 16:06:35.525] [info] Tile  status Gemm, instructions left 28
[2026-03-21 16:06:35.525] [info] Tile  status Gemm, instructions left 28
[2026-03-21 16:06:35.525] [info] Core [2] Tile Stats | Issued: 116 Running: 2 Finished: 114
[2026-03-21 16:06:35.525] [info] cycle: [480000]
[2026-03-21 16:06:35.525] [info] Tile  status Gemm, instructions left 28
[2026-03-21 16:06:35.525] [info] Core [3] Tile Stats | Issued: 112 Running: 1 Finished: 111
[2026-03-21 16:06:35.525] [info] cycle: [480000]
[2026-03-21 16:06:36.086] [info] HBM2-CH_0: BW utilization 70% (6786 reads, 0 writes)
[2026-03-21 16:06:36.100] [info] Tile  status Gemm, instructions left 10
[2026-03-21 16:06:36.101] [info] Core [0] Tile Stats | Issued: 116 Running: 1 Finished: 115
[2026-03-21 16:06:36.101] [info] cycle: [488000]
[2026-03-21 16:06:36.101] [info] Tile  status Gemm, instructions left 1
[2026-03-21 16:06:36.101] [info] Tile  status Gemm, instructions left 28
[2026-03-21 16:06:36.101] [info] Core [1] Tile Stats | Issued: 122 Running: 2 Finished: 120
[2026-03-21 16:06:36.101] [info] cycle: [488000]
[2026-03-21 16:06:36.101] [info] Tile  status Gemm, instructions left 10
[2026-03-21 16:06:36.101] [info] Tile  status Gemm, instructions left 28
[2026-03-21 16:06:36.101] [info] Core [2] Tile Stats | Issued: 116 Running: 2 Finished: 114
[2026-03-21 16:06:36.101] [info] cycle: [488000]
[2026-03-21 16:06:36.101] [info] Tile  status Gemm, instructions left 10
[2026-03-21 16:06:36.101] [info] Core [3] Tile Stats | Issued: 112 Running: 1 Finished: 111
[2026-03-21 16:06:36.101] [info] cycle: [488000]
[2026-03-21 16:06:36.510] [info] Layer layer7.ffn.fc1 finish at 494672
[2026-03-21 16:06:36.510] [info] Total compute time 16012
[2026-03-21 16:06:36.510] [info] executable layer count 1
[2026-03-21 16:06:36.510] [info] Start layer layer7.ffn.act
[2026-03-21 16:06:36.562] [info] HBM2-CH_0: BW utilization 59% (4448 reads, 1243 writes)
[2026-03-21 16:06:36.570] [info] Tile  status layer7.ffn.act, instructions left 3
[2026-03-21 16:06:36.570] [info] Tile  status layer7.ffn.act, instructions left 3
[2026-03-21 16:06:36.570] [info] Core [0] Tile Stats | Issued: 119 Running: 2 Finished: 117
[2026-03-21 16:06:36.570] [info] cycle: [496000]
[2026-03-21 16:06:36.570] [info] Tile  status layer7.ffn.act, instructions left 3
[2026-03-21 16:06:36.570] [info] Core [1] Tile Stats | Issued: 124 Running: 1 Finished: 123
[2026-03-21 16:06:36.570] [info] cycle: [496000]
[2026-03-21 16:06:36.570] [info] Core [2] Tile Stats | Issued: 117 Running: 0 Finished: 117
[2026-03-21 16:06:36.570] [info] cycle: [496000]
[2026-03-21 16:06:36.570] [info] Tile  status layer7.ffn.act, instructions left 3
[2026-03-21 16:06:36.570] [info] Core [3] Tile Stats | Issued: 114 Running: 1 Finished: 113
[2026-03-21 16:06:36.570] [info] cycle: [496000]
[2026-03-21 16:06:36.639] [info] Layer layer7.ffn.act finish at 497277
[2026-03-21 16:06:36.639] [info] Total compute time 2605
[2026-03-21 16:06:36.639] [info] executable layer count 1
[2026-03-21 16:06:36.639] [info] Start layer layer7.ffn.fc2
[2026-03-21 16:06:37.095] [info] HBM2-CH_0: BW utilization 74% (5922 reads, 1187 writes)
[2026-03-21 16:06:37.109] [info] Tile  status Gemm, instructions left 25
[2026-03-21 16:06:37.109] [info] Core [0] Tile Stats | Issued: 120 Running: 1 Finished: 119
[2026-03-21 16:06:37.109] [info] cycle: [504000]
[2026-03-21 16:06:37.109] [info] Tile  status Gemm, instructions left 25
[2026-03-21 16:06:37.109] [info] Core [1] Tile Stats | Issued: 125 Running: 1 Finished: 124
[2026-03-21 16:06:37.109] [info] cycle: [504000]
[2026-03-21 16:06:37.109] [info] Tile  status Gemm, instructions left 25
[2026-03-21 16:06:37.109] [info] Tile  status Gemm, instructions left 25
[2026-03-21 16:06:37.109] [info] Core [2] Tile Stats | Issued: 119 Running: 2 Finished: 117
[2026-03-21 16:06:37.109] [info] cycle: [504000]
[2026-03-21 16:06:37.109] [info] Tile  status Gemm, instructions left 25
[2026-03-21 16:06:37.109] [info] Tile  status Gemm, instructions left 25
[2026-03-21 16:06:37.109] [info] Core [3] Tile Stats | Issued: 116 Running: 2 Finished: 114
[2026-03-21 16:06:37.109] [info] cycle: [504000]
[2026-03-21 16:06:37.545] [info] HBM2-CH_0: BW utilization 80% (7742 reads, 0 writes)
[2026-03-21 16:06:37.561] [info] Tile  status Gemm, instructions left 1
[2026-03-21 16:06:37.561] [info] Core [0] Tile Stats | Issued: 120 Running: 1 Finished: 119
[2026-03-21 16:06:37.561] [info] cycle: [512000]
[2026-03-21 16:06:37.561] [info] Tile  status Gemm, instructions left 1
[2026-03-21 16:06:37.561] [info] Core [1] Tile Stats | Issued: 125 Running: 1 Finished: 124
[2026-03-21 16:06:37.561] [info] cycle: [512000]
[2026-03-21 16:06:37.561] [info] Tile  status Gemm, instructions left 1
[2026-03-21 16:06:37.561] [info] Tile  status Gemm, instructions left 25
[2026-03-21 16:06:37.561] [info] Core [2] Tile Stats | Issued: 119 Running: 2 Finished: 117
[2026-03-21 16:06:37.561] [info] cycle: [512000]
[2026-03-21 16:06:37.561] [info] Tile  status Gemm, instructions left 1
[2026-03-21 16:06:37.561] [info] Tile  status Gemm, instructions left 25
[2026-03-21 16:06:37.561] [info] Core [3] Tile Stats | Issued: 116 Running: 2 Finished: 114
[2026-03-21 16:06:37.561] [info] cycle: [512000]
[2026-03-21 16:06:37.820] [info] Layer layer7.ffn.fc2 finish at 518983
[2026-03-21 16:06:37.820] [info] Total compute time 21706
[2026-03-21 16:06:37.820] [info] executable layer count 1
[2026-03-21 16:06:37.820] [info] Start layer layer7.ffn.ln
[2026-03-21 16:06:37.856] [info] HBM2-CH_0: BW utilization 41% (3581 reads, 378 writes)
[2026-03-21 16:06:37.862] [info] Layer layer7.ffn.ln finish at 519949
[2026-03-21 16:06:37.862] [info] Total compute time 966
[2026-03-21 16:06:37.862] [info] executable layer count 1
[2026-03-21 16:06:37.862] [info] Start layer layer8.attn.QKVgen
[2026-03-21 16:06:37.866] [info] Tile  status Gemm, instructions left 28
[2026-03-21 16:06:37.866] [info] Core [0] Tile Stats | Issued: 123 Running: 1 Finished: 122
[2026-03-21 16:06:37.866] [info] cycle: [520000]
[2026-03-21 16:06:37.866] [info] Tile  status Gemm, instructions left 28
[2026-03-21 16:06:37.866] [info] Tile  status Gemm, instructions left 14
[2026-03-21 16:06:37.866] [info] Core [1] Tile Stats | Issued: 129 Running: 2 Finished: 127
[2026-03-21 16:06:37.866] [info] cycle: [520000]
[2026-03-21 16:06:37.866] [info] Tile  status Gemm, instructions left 28
[2026-03-21 16:06:37.866] [info] Core [2] Tile Stats | Issued: 122 Running: 1 Finished: 121
[2026-03-21 16:06:37.866] [info] cycle: [520000]
[2026-03-21 16:06:37.866] [info] Tile  status Gemm, instructions left 28
[2026-03-21 16:06:37.866] [info] Core [3] Tile Stats | Issued: 119 Running: 1 Finished: 118
[2026-03-21 16:06:37.866] [info] cycle: [520000]
[2026-03-21 16:06:38.429] [info] HBM2-CH_0: BW utilization 68% (6318 reads, 219 writes)
[2026-03-21 16:06:38.445] [info] Tile  status Gemm, instructions left 10
[2026-03-21 16:06:38.445] [info] Core [0] Tile Stats | Issued: 123 Running: 1 Finished: 122
[2026-03-21 16:06:38.445] [info] cycle: [528000]
[2026-03-21 16:06:38.445] [info] Tile  status Gemm, instructions left 10
[2026-03-21 16:06:38.445] [info] Tile  status Gemm, instructions left 14
[2026-03-21 16:06:38.445] [info] Core [1] Tile Stats | Issued: 129 Running: 2 Finished: 127
[2026-03-21 16:06:38.445] [info] cycle: [528000]
[2026-03-21 16:06:38.445] [info] Tile  status Gemm, instructions left 10
[2026-03-21 16:06:38.445] [info] Core [2] Tile Stats | Issued: 122 Running: 1 Finished: 121
[2026-03-21 16:06:38.445] [info] cycle: [528000]
[2026-03-21 16:06:38.445] [info] Tile  status Gemm, instructions left 10
[2026-03-21 16:06:38.445] [info] Core [3] Tile Stats | Issued: 119 Running: 1 Finished: 118
[2026-03-21 16:06:38.445] [info] cycle: [528000]
[2026-03-21 16:06:38.739] [info] Layer layer8.attn.QKVgen finish at 533086
[2026-03-21 16:06:38.739] [info] Total compute time 13137
[2026-03-21 16:06:38.739] [info] executable layer count 1
[2026-03-21 16:06:38.740] [info] Start layer layer8.attn.KVccat
[2026-03-21 16:06:38.740] [info] Layer layer8.attn.KVccat finish at 533088
[2026-03-21 16:06:38.740] [info] Total compute time 2
[2026-03-21 16:06:38.740] [info] executable layer count 1
[2026-03-21 16:06:38.740] [info] Start layer layer8.attn.Attention.0
[2026-03-21 16:06:38.810] [info] HBM2-CH_0: BW utilization 43% (3046 reads, 1114 writes)
[2026-03-21 16:06:38.814] [info] Core [0] Tile Stats | Issued: 127 Running: 0 Finished: 127
[2026-03-21 16:06:38.814] [info] cycle: [536000]
[2026-03-21 16:06:38.814] [info] Tile  status layer8.attn.Attention.0, instructions left 2
[2026-03-21 16:06:38.814] [info] Core [1] Tile Stats | Issued: 132 Running: 1 Finished: 131
[2026-03-21 16:06:38.814] [info] cycle: [536000]
[2026-03-21 16:06:38.814] [info] Tile  status layer8.attn.Attention.0, instructions left 2
[2026-03-21 16:06:38.814] [info] Core [2] Tile Stats | Issued: 125 Running: 1 Finished: 124
[2026-03-21 16:06:38.814] [info] cycle: [536000]
[2026-03-21 16:06:38.814] [info] Tile  status layer8.attn.Attention.0, instructions left 7
[2026-03-21 16:06:38.814] [info] Core [3] Tile Stats | Issued: 122 Running: 1 Finished: 121
[2026-03-21 16:06:38.814] [info] cycle: [536000]
[2026-03-21 16:06:38.823] [info] Layer layer8.attn.Attention.0 finish at 536651
[2026-03-21 16:06:38.823] [info] Total compute time 3563
[2026-03-21 16:06:38.823] [info] executable layer count 1
[2026-03-21 16:06:38.823] [info] Start layer layer8.attn.Atccat
[2026-03-21 16:06:38.823] [info] Layer layer8.attn.Atccat finish at 536653
[2026-03-21 16:06:38.823] [info] Total compute time 2
[2026-03-21 16:06:38.823] [info] executable layer count 1
[2026-03-21 16:06:38.823] [info] Start layer layer8.attn.proj
[2026-03-21 16:06:38.993] [info] Layer layer8.attn.proj finish at 542334
[2026-03-21 16:06:38.993] [info] Total compute time 5681
[2026-03-21 16:06:38.993] [info] executable layer count 1
[2026-03-21 16:06:38.993] [info] Start layer layer8.attn.ln
[2026-03-21 16:06:39.052] [info] Layer layer8.attn.ln finish at 543470
[2026-03-21 16:06:39.052] [info] Total compute time 1136
[2026-03-21 16:06:39.052] [info] executable layer count 1
[2026-03-21 16:06:39.052] [info] Start layer layer8.ffn.fc1
[2026-03-21 16:06:39.071] [info] HBM2-CH_0: BW utilization 57% (4905 reads, 653 writes)
[2026-03-21 16:06:39.087] [info] Tile  status Gemm, instructions left 28
[2026-03-21 16:06:39.087] [info] Core [0] Tile Stats | Issued: 133 Running: 1 Finished: 132
[2026-03-21 16:06:39.087] [info] cycle: [544000]
[2026-03-21 16:06:39.087] [info] Tile  status Gemm, instructions left 28
[2026-03-21 16:06:39.087] [info] Tile  status Gemm, instructions left 28
[2026-03-21 16:06:39.087] [info] Core [1] Tile Stats | Issued: 137 Running: 2 Finished: 135
[2026-03-21 16:06:39.087] [info] cycle: [544000]
[2026-03-21 16:06:39.087] [info] Tile  status Gemm, instructions left 28
[2026-03-21 16:06:39.087] [info] Core [2] Tile Stats | Issued: 130 Running: 1 Finished: 129
[2026-03-21 16:06:39.087] [info] cycle: [544000]
[2026-03-21 16:06:39.087] [info] Tile  status Gemm, instructions left 28
[2026-03-21 16:06:39.087] [info] Tile  status Gemm, instructions left 28
[2026-03-21 16:06:39.087] [info] Core [3] Tile Stats | Issued: 127 Running: 2 Finished: 125
[2026-03-21 16:06:39.087] [info] cycle: [544000]
[2026-03-21 16:06:39.635] [info] HBM2-CH_0: BW utilization 75% (7230 reads, 0 writes)
[2026-03-21 16:06:39.653] [info] Tile  status Gemm, instructions left 10
[2026-03-21 16:06:39.653] [info] Core [0] Tile Stats | Issued: 133 Running: 1 Finished: 132
[2026-03-21 16:06:39.653] [info] cycle: [552000]
[2026-03-21 16:06:39.653] [info] Tile  status Gemm, instructions left 1
[2026-03-21 16:06:39.653] [info] Tile  status Gemm, instructions left 28
[2026-03-21 16:06:39.653] [info] Core [1] Tile Stats | Issued: 137 Running: 2 Finished: 135
[2026-03-21 16:06:39.653] [info] cycle: [552000]
[2026-03-21 16:06:39.653] [info] Tile  status Gemm, instructions left 1
[2026-03-21 16:06:39.653] [info] Core [2] Tile Stats | Issued: 130 Running: 1 Finished: 129
[2026-03-21 16:06:39.653] [info] cycle: [552000]
[2026-03-21 16:06:39.653] [info] Tile  status Gemm, instructions left 1
[2026-03-21 16:06:39.653] [info] Tile  status Gemm, instructions left 28
[2026-03-21 16:06:39.653] [info] Core [3] Tile Stats | Issued: 127 Running: 2 Finished: 125
[2026-03-21 16:06:39.653] [info] cycle: [552000]
[2026-03-21 16:06:40.074] [info] Layer layer8.ffn.fc1 finish at 558951
[2026-03-21 16:06:40.074] [info] Total compute time 15481
[2026-03-21 16:06:40.074] [info] executable layer count 1
[2026-03-21 16:06:40.074] [info] Start layer layer8.ffn.act
[2026-03-21 16:06:40.105] [info] HBM2-CH_0: BW utilization 57% (4306 reads, 1235 writes)
[2026-03-21 16:06:40.113] [info] Tile  status layer8.ffn.act, instructions left 3
[2026-03-21 16:06:40.113] [info] Core [0] Tile Stats | Issued: 135 Running: 1 Finished: 134
[2026-03-21 16:06:40.113] [info] cycle: [560000]
[2026-03-21 16:06:40.113] [info] Tile  status layer8.ffn.act, instructions left 3
[2026-03-21 16:06:40.113] [info] Tile  status layer8.ffn.act, instructions left 3
[2026-03-21 16:06:40.113] [info] Core [1] Tile Stats | Issued: 139 Running: 2 Finished: 137
[2026-03-21 16:06:40.113] [info] cycle: [560000]
[2026-03-21 16:06:40.113] [info] Tile  status layer8.ffn.act, instructions left 3
[2026-03-21 16:06:40.113] [info] Core [2] Tile Stats | Issued: 132 Running: 1 Finished: 131
[2026-03-21 16:06:40.113] [info] cycle: [560000]
[2026-03-21 16:06:40.113] [info] Tile  status layer8.ffn.act, instructions left 3
[2026-03-21 16:06:40.113] [info] Core [3] Tile Stats | Issued: 129 Running: 1 Finished: 128
[2026-03-21 16:06:40.113] [info] cycle: [560000]
[2026-03-21 16:06:40.161] [info] Layer layer8.ffn.act finish at 561082
[2026-03-21 16:06:40.161] [info] Total compute time 2131
[2026-03-21 16:06:40.161] [info] executable layer count 1
[2026-03-21 16:06:40.161] [info] Start layer layer8.ffn.fc2
[2026-03-21 16:06:40.644] [info] HBM2-CH_0: BW utilization 73% (5841 reads, 1189 writes)
[2026-03-21 16:06:40.661] [info] Tile  status Gemm, instructions left 25
[2026-03-21 16:06:40.661] [info] Tile  status Gemm, instructions left 25
[2026-03-21 16:06:40.661] [info] Core [0] Tile Stats | Issued: 137 Running: 2 Finished: 135
[2026-03-21 16:06:40.661] [info] cycle: [568000]
[2026-03-21 16:06:40.661] [info] Tile  status Gemm, instructions left 25
[2026-03-21 16:06:40.661] [info] Core [1] Tile Stats | Issued: 140 Running: 1 Finished: 139
[2026-03-21 16:06:40.661] [info] cycle: [568000]
[2026-03-21 16:06:40.661] [info] Tile  status Gemm, instructions left 25
[2026-03-21 16:06:40.661] [info] Tile  status Gemm, instructions left 25
[2026-03-21 16:06:40.661] [info] Core [2] Tile Stats | Issued: 134 Running: 2 Finished: 132
[2026-03-21 16:06:40.661] [info] cycle: [568000]
[2026-03-21 16:06:40.661] [info] Tile  status Gemm, instructions left 25
[2026-03-21 16:06:40.661] [info] Core [3] Tile Stats | Issued: 130 Running: 1 Finished: 129
[2026-03-21 16:06:40.661] [info] cycle: [568000]
[2026-03-21 16:06:41.110] [info] HBM2-CH_0: BW utilization 81% (7792 reads, 10 writes)
[2026-03-21 16:06:41.126] [info] Tile  status Gemm, instructions left 1
[2026-03-21 16:06:41.126] [info] Tile  status Gemm, instructions left 25
[2026-03-21 16:06:41.126] [info] Core [0] Tile Stats | Issued: 137 Running: 2 Finished: 135
[2026-03-21 16:06:41.126] [info] cycle: [576000]
[2026-03-21 16:06:41.126] [info] Tile  status Gemm, instructions left 1
[2026-03-21 16:06:41.126] [info] Core [1] Tile Stats | Issued: 140 Running: 1 Finished: 139
[2026-03-21 16:06:41.126] [info] cycle: [576000]
[2026-03-21 16:06:41.126] [info] Tile  status Gemm, instructions left 1
[2026-03-21 16:06:41.126] [info] Tile  status Gemm, instructions left 25
[2026-03-21 16:06:41.126] [info] Core [2] Tile Stats | Issued: 134 Running: 2 Finished: 132
[2026-03-21 16:06:41.126] [info] cycle: [576000]
[2026-03-21 16:06:41.126] [info] Tile  status Gemm, instructions left 1
[2026-03-21 16:06:41.126] [info] Core [3] Tile Stats | Issued: 130 Running: 1 Finished: 129
[2026-03-21 16:06:41.126] [info] cycle: [576000]
[2026-03-21 16:06:41.410] [info] Layer layer8.ffn.fc2 finish at 583224
[2026-03-21 16:06:41.410] [info] Total compute time 22142
[2026-03-21 16:06:41.410] [info] executable layer count 1
[2026-03-21 16:06:41.410] [info] Start layer layer8.ffn.ln
[2026-03-21 16:06:41.428] [info] HBM2-CH_0: BW utilization 42% (3787 reads, 265 writes)
[2026-03-21 16:06:41.438] [info] Tile  status layer8.ffn.ln, instructions left 2
[2026-03-21 16:06:41.438] [info] Tile  status layer8.ffn.ln, instructions left 3
[2026-03-21 16:06:41.438] [info] Core [0] Tile Stats | Issued: 139 Running: 2 Finished: 137
[2026-03-21 16:06:41.438] [info] cycle: [584000]
[2026-03-21 16:06:41.438] [info] Tile  status layer8.ffn.ln, instructions left 2
[2026-03-21 16:06:41.438] [info] Core [1] Tile Stats | Issued: 142 Running: 1 Finished: 141
[2026-03-21 16:06:41.438] [info] cycle: [584000]
[2026-03-21 16:06:41.438] [info] Tile  status layer8.ffn.ln, instructions left 3
[2026-03-21 16:06:41.438] [info] Core [2] Tile Stats | Issued: 136 Running: 1 Finished: 135
[2026-03-21 16:06:41.438] [info] cycle: [584000]
[2026-03-21 16:06:41.438] [info] Tile  status layer8.ffn.ln, instructions left 2
[2026-03-21 16:06:41.438] [info] Core [3] Tile Stats | Issued: 132 Running: 1 Finished: 131
[2026-03-21 16:06:41.438] [info] cycle: [584000]
[2026-03-21 16:06:41.446] [info] Layer layer8.ffn.ln finish at 584216
[2026-03-21 16:06:41.446] [info] Total compute time 992
[2026-03-21 16:06:41.446] [info] executable layer count 1
[2026-03-21 16:06:41.446] [info] Start layer layer9.attn.QKVgen
[2026-03-21 16:06:42.050] [info] HBM2-CH_0: BW utilization 71% (6569 reads, 316 writes)
[2026-03-21 16:06:42.068] [info] Tile  status Gemm, instructions left 10
[2026-03-21 16:06:42.068] [info] Core [0] Tile Stats | Issued: 140 Running: 1 Finished: 139
[2026-03-21 16:06:42.068] [info] cycle: [592000]
[2026-03-21 16:06:42.068] [info] Tile  status Gemm, instructions left 10
[2026-03-21 16:06:42.068] [info] Core [1] Tile Stats | Issued: 143 Running: 1 Finished: 142
[2026-03-21 16:06:42.068] [info] cycle: [592000]
[2026-03-21 16:06:42.068] [info] Tile  status Gemm, instructions left 10
[2026-03-21 16:06:42.068] [info] Core [2] Tile Stats | Issued: 137 Running: 1 Finished: 136
[2026-03-21 16:06:42.068] [info] cycle: [592000]
[2026-03-21 16:06:42.068] [info] Tile  status Gemm, instructions left 10
[2026-03-21 16:06:42.068] [info] Tile  status Gemm, instructions left 14
[2026-03-21 16:06:42.068] [info] Core [3] Tile Stats | Issued: 134 Running: 2 Finished: 132
[2026-03-21 16:06:42.068] [info] cycle: [592000]
[2026-03-21 16:06:42.342] [info] Layer layer9.attn.QKVgen finish at 596675
[2026-03-21 16:06:42.342] [info] Total compute time 12459
[2026-03-21 16:06:42.342] [info] executable layer count 1
[2026-03-21 16:06:42.342] [info] Start layer layer9.attn.KVccat
[2026-03-21 16:06:42.342] [info] Layer layer9.attn.KVccat finish at 596677
[2026-03-21 16:06:42.342] [info] Total compute time 2
[2026-03-21 16:06:42.342] [info] executable layer count 1
[2026-03-21 16:06:42.342] [info] Start layer layer9.attn.Attention.0
[2026-03-21 16:06:42.424] [info] HBM2-CH_0: BW utilization 42% (2922 reads, 1131 writes)
[2026-03-21 16:06:42.427] [info] Core [0] Tile Stats | Issued: 143 Running: 0 Finished: 143
[2026-03-21 16:06:42.427] [info] cycle: [600000]
[2026-03-21 16:06:42.427] [info] Tile  status layer9.attn.Attention.0, instructions left 2
[2026-03-21 16:06:42.427] [info] Core [1] Tile Stats | Issued: 147 Running: 1 Finished: 146
[2026-03-21 16:06:42.427] [info] cycle: [600000]
[2026-03-21 16:06:42.427] [info] Tile  status layer9.attn.Attention.0, instructions left 2
[2026-03-21 16:06:42.427] [info] Core [2] Tile Stats | Issued: 140 Running: 1 Finished: 139
[2026-03-21 16:06:42.427] [info] cycle: [600000]
[2026-03-21 16:06:42.427] [info] Tile  status layer9.attn.Attention.0, instructions left 2
[2026-03-21 16:06:42.427] [info] Core [3] Tile Stats | Issued: 137 Running: 1 Finished: 136
[2026-03-21 16:06:42.427] [info] cycle: [600000]
[2026-03-21 16:06:42.434] [info] Layer layer9.attn.Attention.0 finish at 600436
[2026-03-21 16:06:42.434] [info] Total compute time 3759
[2026-03-21 16:06:42.434] [info] executable layer count 1
[2026-03-21 16:06:42.434] [info] Start layer layer9.attn.Atccat
[2026-03-21 16:06:42.434] [info] Layer layer9.attn.Atccat finish at 600438
[2026-03-21 16:06:42.434] [info] Total compute time 2
[2026-03-21 16:06:42.434] [info] executable layer count 1
[2026-03-21 16:06:42.434] [info] Start layer layer9.attn.proj
[2026-03-21 16:06:42.603] [info] Layer layer9.attn.proj finish at 606102
[2026-03-21 16:06:42.603] [info] Total compute time 5664
[2026-03-21 16:06:42.603] [info] executable layer count 1
[2026-03-21 16:06:42.603] [info] Start layer layer9.attn.ln
[2026-03-21 16:06:42.657] [info] Layer layer9.attn.ln finish at 607189
[2026-03-21 16:06:42.657] [info] Total compute time 1087
[2026-03-21 16:06:42.657] [info] executable layer count 1
[2026-03-21 16:06:42.657] [info] Start layer layer9.ffn.fc1
[2026-03-21 16:06:42.694] [info] HBM2-CH_0: BW utilization 59% (5069 reads, 689 writes)
[2026-03-21 16:06:42.712] [info] Tile  status Gemm, instructions left 28
[2026-03-21 16:06:42.712] [info] Core [0] Tile Stats | Issued: 148 Running: 1 Finished: 147
[2026-03-21 16:06:42.712] [info] cycle: [608000]
[2026-03-21 16:06:42.712] [info] Tile  status Gemm, instructions left 28
[2026-03-21 16:06:42.712] [info] Core [1] Tile Stats | Issued: 153 Running: 1 Finished: 152
[2026-03-21 16:06:42.712] [info] cycle: [608000]
[2026-03-21 16:06:42.712] [info] Tile  status Gemm, instructions left 28
[2026-03-21 16:06:42.712] [info] Tile  status Gemm, instructions left 28
[2026-03-21 16:06:42.712] [info] Core [2] Tile Stats | Issued: 145 Running: 2 Finished: 143
[2026-03-21 16:06:42.712] [info] cycle: [608000]
[2026-03-21 16:06:42.712] [info] Tile  status Gemm, instructions left 28
[2026-03-21 16:06:42.712] [info] Tile  status Gemm, instructions left 28
[2026-03-21 16:06:42.712] [info] Core [3] Tile Stats | Issued: 142 Running: 2 Finished: 140
[2026-03-21 16:06:42.712] [info] cycle: [608000]
[2026-03-21 16:06:43.329] [info] HBM2-CH_0: BW utilization 69% (6656 reads, 0 writes)
[2026-03-21 16:06:43.346] [info] Tile  status Gemm, instructions left 10
[2026-03-21 16:06:43.346] [info] Core [0] Tile Stats | Issued: 148 Running: 1 Finished: 147
[2026-03-21 16:06:43.346] [info] cycle: [616000]
[2026-03-21 16:06:43.346] [info] Tile  status Gemm, instructions left 10
[2026-03-21 16:06:43.346] [info] Core [1] Tile Stats | Issued: 153 Running: 1 Finished: 152
[2026-03-21 16:06:43.346] [info] cycle: [616000]
[2026-03-21 16:06:43.346] [info] Tile  status Gemm, instructions left 10
[2026-03-21 16:06:43.346] [info] Tile  status Gemm, instructions left 28
[2026-03-21 16:06:43.346] [info] Core [2] Tile Stats | Issued: 145 Running: 2 Finished: 143
[2026-03-21 16:06:43.346] [info] cycle: [616000]
[2026-03-21 16:06:43.346] [info] Tile  status Gemm, instructions left 10
[2026-03-21 16:06:43.346] [info] Tile  status Gemm, instructions left 28
[2026-03-21 16:06:43.346] [info] Core [3] Tile Stats | Issued: 142 Running: 2 Finished: 140
[2026-03-21 16:06:43.346] [info] cycle: [616000]
[2026-03-21 16:06:43.768] [info] Layer layer9.ffn.fc1 finish at 623407
[2026-03-21 16:06:43.768] [info] Total compute time 16218
[2026-03-21 16:06:43.768] [info] executable layer count 1
[2026-03-21 16:06:43.768] [info] Start layer layer9.ffn.act
[2026-03-21 16:06:43.785] [info] HBM2-CH_0: BW utilization 56% (4239 reads, 1174 writes)
[2026-03-21 16:06:43.799] [info] Tile  status layer9.ffn.act, instructions left 3
[2026-03-21 16:06:43.799] [info] Tile  status layer9.ffn.act, instructions left 3
[2026-03-21 16:06:43.799] [info] Core [0] Tile Stats | Issued: 150 Running: 2 Finished: 148
[2026-03-21 16:06:43.799] [info] cycle: [624000]
[2026-03-21 16:06:43.799] [info] Tile  status layer9.ffn.act, instructions left 3
[2026-03-21 16:06:43.799] [info] Tile  status layer9.ffn.act, instructions left 3
[2026-03-21 16:06:43.799] [info] Core [1] Tile Stats | Issued: 155 Running: 2 Finished: 153
[2026-03-21 16:06:43.799] [info] cycle: [624000]
[2026-03-21 16:06:43.799] [info] Tile  status layer9.ffn.act, instructions left 3
[2026-03-21 16:06:43.799] [info] Tile  status layer9.ffn.act, instructions left 3
[2026-03-21 16:06:43.799] [info] Core [2] Tile Stats | Issued: 147 Running: 2 Finished: 145
[2026-03-21 16:06:43.799] [info] cycle: [624000]
[2026-03-21 16:06:43.799] [info] Tile  status layer9.ffn.act, instructions left 3
[2026-03-21 16:06:43.799] [info] Tile  status layer9.ffn.act, instructions left 3
[2026-03-21 16:06:43.799] [info] Core [3] Tile Stats | Issued: 144 Running: 2 Finished: 142
[2026-03-21 16:06:43.799] [info] cycle: [624000]
[2026-03-21 16:06:43.884] [info] Layer layer9.ffn.act finish at 625599
[2026-03-21 16:06:43.884] [info] Total compute time 2192
[2026-03-21 16:06:43.885] [info] executable layer count 1
[2026-03-21 16:06:43.885] [info] Start layer layer9.ffn.fc2
[2026-03-21 16:06:44.323] [info] HBM2-CH_0: BW utilization 75% (6056 reads, 1193 writes)
[2026-03-21 16:06:44.341] [info] Tile  status Gemm, instructions left 25
[2026-03-21 16:06:44.341] [info] Tile  status Gemm, instructions left 25
[2026-03-21 16:06:44.341] [info] Core [0] Tile Stats | Issued: 152 Running: 2 Finished: 150
[2026-03-21 16:06:44.341] [info] cycle: [632000]
[2026-03-21 16:06:44.341] [info] Tile  status Gemm, instructions left 25
[2026-03-21 16:06:44.341] [info] Tile  status Gemm, instructions left 25
[2026-03-21 16:06:44.341] [info] Core [1] Tile Stats | Issued: 157 Running: 2 Finished: 155
[2026-03-21 16:06:44.341] [info] cycle: [632000]
[2026-03-21 16:06:44.341] [info] Tile  status Gemm, instructions left 25
[2026-03-21 16:06:44.341] [info] Core [2] Tile Stats | Issued: 148 Running: 1 Finished: 147
[2026-03-21 16:06:44.341] [info] cycle: [632000]
[2026-03-21 16:06:44.341] [info] Tile  status Gemm, instructions left 25
[2026-03-21 16:06:44.341] [info] Core [3] Tile Stats | Issued: 145 Running: 1 Finished: 144
[2026-03-21 16:06:44.341] [info] cycle: [632000]
[2026-03-21 16:06:44.786] [info] HBM2-CH_0: BW utilization 81% (7802 reads, 34 writes)
[2026-03-21 16:06:44.805] [info] Tile  status Gemm, instructions left 1
[2026-03-21 16:06:44.805] [info] Tile  status Gemm, instructions left 25
[2026-03-21 16:06:44.805] [info] Core [0] Tile Stats | Issued: 152 Running: 2 Finished: 150
[2026-03-21 16:06:44.805] [info] cycle: [640000]
[2026-03-21 16:06:44.805] [info] Tile  status Gemm, instructions left 1
[2026-03-21 16:06:44.805] [info] Tile  status Gemm, instructions left 25
[2026-03-21 16:06:44.805] [info] Core [1] Tile Stats | Issued: 157 Running: 2 Finished: 155
[2026-03-21 16:06:44.805] [info] cycle: [640000]
[2026-03-21 16:06:44.805] [info] Tile  status Gemm, instructions left 1
[2026-03-21 16:06:44.805] [info] Core [2] Tile Stats | Issued: 148 Running: 1 Finished: 147
[2026-03-21 16:06:44.805] [info] cycle: [640000]
[2026-03-21 16:06:44.805] [info] Tile  status Gemm, instructions left 1
[2026-03-21 16:06:44.805] [info] Core [3] Tile Stats | Issued: 145 Running: 1 Finished: 144
[2026-03-21 16:06:44.805] [info] cycle: [640000]
[2026-03-21 16:06:45.142] [info] HBM2-CH_0: BW utilization 40% (3630 reads, 212 writes)
[2026-03-21 16:06:45.143] [info] Layer layer9.ffn.fc2 finish at 647806
[2026-03-21 16:06:45.143] [info] Total compute time 22207
[2026-03-21 16:06:45.143] [info] executable layer count 1
[2026-03-21 16:06:45.143] [info] Start layer layer9.ffn.ln
[2026-03-21 16:06:45.150] [info] Tile  status layer9.ffn.ln, instructions left 3
[2026-03-21 16:06:45.150] [info] Tile  status layer9.ffn.ln, instructions left 3
[2026-03-21 16:06:45.150] [info] Core [0] Tile Stats | Issued: 154 Running: 2 Finished: 152
[2026-03-21 16:06:45.150] [info] cycle: [648000]
[2026-03-21 16:06:45.150] [info] Tile  status layer9.ffn.ln, instructions left 3
[2026-03-21 16:06:45.150] [info] Tile  status layer9.ffn.ln, instructions left 3
[2026-03-21 16:06:45.150] [info] Core [1] Tile Stats | Issued: 159 Running: 2 Finished: 157
[2026-03-21 16:06:45.150] [info] cycle: [648000]
[2026-03-21 16:06:45.150] [info] Tile  status layer9.ffn.ln, instructions left 3
[2026-03-21 16:06:45.150] [info] Tile  status layer9.ffn.ln, instructions left 3
[2026-03-21 16:06:45.150] [info] Core [2] Tile Stats | Issued: 150 Running: 2 Finished: 148
[2026-03-21 16:06:45.150] [info] cycle: [648000]
[2026-03-21 16:06:45.150] [info] Tile  status layer9.ffn.ln, instructions left 3
[2026-03-21 16:06:45.150] [info] Tile  status layer9.ffn.ln, instructions left 3
[2026-03-21 16:06:45.150] [info] Core [3] Tile Stats | Issued: 147 Running: 2 Finished: 145
[2026-03-21 16:06:45.150] [info] cycle: [648000]
[2026-03-21 16:06:45.187] [info] Layer layer9.ffn.ln finish at 648841
[2026-03-21 16:06:45.187] [info] Total compute time 1035
[2026-03-21 16:06:45.187] [info] executable layer count 1
[2026-03-21 16:06:45.187] [info] Start layer layer10.attn.QKVgen
[2026-03-21 16:06:45.767] [info] HBM2-CH_0: BW utilization 67% (6137 reads, 386 writes)
[2026-03-21 16:06:45.787] [info] Tile  status Gemm, instructions left 16
[2026-03-21 16:06:45.787] [info] Core [0] Tile Stats | Issued: 155 Running: 1 Finished: 154
[2026-03-21 16:06:45.787] [info] cycle: [656000]
[2026-03-21 16:06:45.787] [info] Tile  status Gemm, instructions left 16
[2026-03-21 16:06:45.787] [info] Core [1] Tile Stats | Issued: 160 Running: 1 Finished: 159
[2026-03-21 16:06:45.787] [info] cycle: [656000]
[2026-03-21 16:06:45.787] [info] Tile  status Gemm, instructions left 16
[2026-03-21 16:06:45.787] [info] Tile  status Gemm, instructions left 14
[2026-03-21 16:06:45.787] [info] Core [2] Tile Stats | Issued: 152 Running: 2 Finished: 150
[2026-03-21 16:06:45.787] [info] cycle: [656000]
[2026-03-21 16:06:45.787] [info] Tile  status Gemm, instructions left 16
[2026-03-21 16:06:45.787] [info] Core [3] Tile Stats | Issued: 148 Running: 1 Finished: 147
[2026-03-21 16:06:45.787] [info] cycle: [656000]
[2026-03-21 16:06:46.169] [info] Layer layer10.attn.QKVgen finish at 662074
[2026-03-21 16:06:46.169] [info] Total compute time 13233
[2026-03-21 16:06:46.169] [info] executable layer count 1
[2026-03-21 16:06:46.169] [info] Start layer layer10.attn.KVccat
[2026-03-21 16:06:46.169] [info] Layer layer10.attn.KVccat finish at 662075
[2026-03-21 16:06:46.169] [info] Total compute time 1
[2026-03-21 16:06:46.169] [info] executable layer count 1
[2026-03-21 16:06:46.169] [info] Start layer layer10.attn.Attention.0
[2026-03-21 16:06:46.218] [info] HBM2-CH_0: BW utilization 45% (3469 reads, 914 writes)
[2026-03-21 16:06:46.223] [info] Tile  status layer10.attn.Attention.0, instructions left 2
[2026-03-21 16:06:46.223] [info] Tile  status layer10.attn.Attention.0, instructions left 12
[2026-03-21 16:06:46.223] [info] Core [0] Tile Stats | Issued: 158 Running: 2 Finished: 156
[2026-03-21 16:06:46.223] [info] cycle: [664000]
[2026-03-21 16:06:46.223] [info] Tile  status layer10.attn.Attention.0, instructions left 2
[2026-03-21 16:06:46.223] [info] Tile  status layer10.attn.Attention.0, instructions left 2
[2026-03-21 16:06:46.223] [info] Core [1] Tile Stats | Issued: 162 Running: 2 Finished: 160
[2026-03-21 16:06:46.223] [info] cycle: [664000]
[2026-03-21 16:06:46.223] [info] Tile  status layer10.attn.Attention.0, instructions left 2
[2026-03-21 16:06:46.223] [info] Tile  status layer10.attn.Attention.0, instructions left 2
[2026-03-21 16:06:46.223] [info] Core [2] Tile Stats | Issued: 154 Running: 2 Finished: 152
[2026-03-21 16:06:46.223] [info] cycle: [664000]
[2026-03-21 16:06:46.223] [info] Tile  status layer10.attn.Attention.0, instructions left 2
[2026-03-21 16:06:46.223] [info] Tile  status layer10.attn.Attention.0, instructions left 12
[2026-03-21 16:06:46.223] [info] Core [3] Tile Stats | Issued: 152 Running: 2 Finished: 150
[2026-03-21 16:06:46.223] [info] cycle: [664000]
[2026-03-21 16:06:46.267] [info] Layer layer10.attn.Attention.0 finish at 665921
[2026-03-21 16:06:46.267] [info] Total compute time 3846
[2026-03-21 16:06:46.267] [info] executable layer count 1
[2026-03-21 16:06:46.267] [info] Start layer layer10.attn.Atccat
[2026-03-21 16:06:46.267] [info] Layer layer10.attn.Atccat finish at 665922
[2026-03-21 16:06:46.267] [info] Total compute time 1
[2026-03-21 16:06:46.267] [info] executable layer count 1
[2026-03-21 16:06:46.267] [info] Start layer layer10.attn.proj
[2026-03-21 16:06:46.446] [info] Layer layer10.attn.proj finish at 671599
[2026-03-21 16:06:46.446] [info] Total compute time 5677
[2026-03-21 16:06:46.446] [info] executable layer count 1
[2026-03-21 16:06:46.446] [info] Start layer layer10.attn.ln
[2026-03-21 16:06:46.450] [info] HBM2-CH_0: BW utilization 52% (4464 reads, 528 writes)
[2026-03-21 16:06:46.464] [info] Tile  status layer10.attn.ln, instructions left 2
[2026-03-21 16:06:46.464] [info] Tile  status layer10.attn.ln, instructions left 3
[2026-03-21 16:06:46.464] [info] Core [0] Tile Stats | Issued: 161 Running: 2 Finished: 159
[2026-03-21 16:06:46.464] [info] cycle: [672000]
[2026-03-21 16:06:46.464] [info] Tile  status layer10.attn.ln, instructions left 3
[2026-03-21 16:06:46.464] [info] Tile  status layer10.attn.ln, instructions left 3
[2026-03-21 16:06:46.464] [info] Core [1] Tile Stats | Issued: 167 Running: 2 Finished: 165
[2026-03-21 16:06:46.464] [info] cycle: [672000]
[2026-03-21 16:06:46.464] [info] Tile  status layer10.attn.ln, instructions left 2
[2026-03-21 16:06:46.464] [info] Tile  status layer10.attn.ln, instructions left 3
[2026-03-21 16:06:46.464] [info] Core [2] Tile Stats | Issued: 158 Running: 2 Finished: 156
[2026-03-21 16:06:46.464] [info] cycle: [672000]
[2026-03-21 16:06:46.464] [info] Tile  status layer10.attn.ln, instructions left 3
[2026-03-21 16:06:46.464] [info] Tile  status layer10.attn.ln, instructions left 3
[2026-03-21 16:06:46.464] [info] Core [3] Tile Stats | Issued: 157 Running: 2 Finished: 155
[2026-03-21 16:06:46.464] [info] cycle: [672000]
[2026-03-21 16:06:46.502] [info] Layer layer10.attn.ln finish at 672627
[2026-03-21 16:06:46.502] [info] Total compute time 1028
[2026-03-21 16:06:46.502] [info] executable layer count 1
[2026-03-21 16:06:46.502] [info] Start layer layer10.ffn.fc1
[2026-03-21 16:06:47.059] [info] HBM2-CH_0: BW utilization 68% (6206 reads, 356 writes)
[2026-03-21 16:06:47.077] [info] Tile  status Gemm, instructions left 16
[2026-03-21 16:06:47.077] [info] Tile  status Gemm, instructions left 28
[2026-03-21 16:06:47.077] [info] Core [0] Tile Stats | Issued: 163 Running: 2 Finished: 161
[2026-03-21 16:06:47.077] [info] cycle: [680000]
[2026-03-21 16:06:47.077] [info] Tile  status Gemm, instructions left 16
[2026-03-21 16:06:47.077] [info] Core [1] Tile Stats | Issued: 168 Running: 1 Finished: 167
[2026-03-21 16:06:47.077] [info] cycle: [680000]
[2026-03-21 16:06:47.077] [info] Tile  status Gemm, instructions left 16
[2026-03-21 16:06:47.077] [info] Tile  status Gemm, instructions left 28
[2026-03-21 16:06:47.077] [info] Core [2] Tile Stats | Issued: 160 Running: 2 Finished: 158
[2026-03-21 16:06:47.077] [info] cycle: [680000]
[2026-03-21 16:06:47.077] [info] Tile  status Gemm, instructions left 16
[2026-03-21 16:06:47.077] [info] Core [3] Tile Stats | Issued: 158 Running: 1 Finished: 157
[2026-03-21 16:06:47.077] [info] cycle: [680000]
[2026-03-21 16:06:47.613] [info] HBM2-CH_0: BW utilization 63% (5284 reads, 795 writes)
[2026-03-21 16:06:47.621] [info] Tile  status Gemm, instructions left 10
[2026-03-21 16:06:47.623] [info] Core [0] Tile Stats | Issued: 163 Running: 1 Finished: 162
[2026-03-21 16:06:47.623] [info] cycle: [688000]
[2026-03-21 16:06:47.623] [info] Core [1] Tile Stats | Issued: 168 Running: 0 Finished: 168
[2026-03-21 16:06:47.623] [info] cycle: [688000]
[2026-03-21 16:06:47.623] [info] Tile  status Gemm, instructions left 10
[2026-03-21 16:06:47.623] [info] Core [2] Tile Stats | Issued: 160 Running: 1 Finished: 159
[2026-03-21 16:06:47.623] [info] cycle: [688000]
[2026-03-21 16:06:47.623] [info] Core [3] Tile Stats | Issued: 158 Running: 0 Finished: 158
[2026-03-21 16:06:47.623] [info] cycle: [688000]
[2026-03-21 16:06:47.666] [info] Layer layer10.ffn.fc1 finish at 689311
[2026-03-21 16:06:47.666] [info] Total compute time 16684
[2026-03-21 16:06:47.666] [info] executable layer count 1
[2026-03-21 16:06:47.666] [info] Start layer layer10.ffn.act
[2026-03-21 16:06:47.773] [info] Layer layer10.ffn.act finish at 691502
[2026-03-21 16:06:47.773] [info] Total compute time 2191
[2026-03-21 16:06:47.773] [info] executable layer count 1
[2026-03-21 16:06:47.774] [info] Start layer layer10.ffn.fc2
[2026-03-21 16:06:48.074] [info] HBM2-CH_0: BW utilization 64% (4623 reads, 1584 writes)
[2026-03-21 16:06:48.095] [info] Tile  status Gemm, instructions left 25
[2026-03-21 16:06:48.095] [info] Core [0] Tile Stats | Issued: 166 Running: 1 Finished: 165
[2026-03-21 16:06:48.095] [info] cycle: [696000]
[2026-03-21 16:06:48.095] [info] Tile  status Gemm, instructions left 25
[2026-03-21 16:06:48.095] [info] Tile  status Gemm, instructions left 25
[2026-03-21 16:06:48.095] [info] Core [1] Tile Stats | Issued: 172 Running: 2 Finished: 170
[2026-03-21 16:06:48.095] [info] cycle: [696000]
[2026-03-21 16:06:48.095] [info] Tile  status Gemm, instructions left 25
[2026-03-21 16:06:48.095] [info] Core [2] Tile Stats | Issued: 163 Running: 1 Finished: 162
[2026-03-21 16:06:48.095] [info] cycle: [696000]
[2026-03-21 16:06:48.095] [info] Tile  status Gemm, instructions left 25
[2026-03-21 16:06:48.095] [info] Tile  status Gemm, instructions left 25
[2026-03-21 16:06:48.095] [info] Core [3] Tile Stats | Issued: 162 Running: 2 Finished: 160
[2026-03-21 16:06:48.095] [info] cycle: [696000]
[2026-03-21 16:06:48.535] [info] HBM2-CH_0: BW utilization 82% (7876 reads, 23 writes)
[2026-03-21 16:06:48.555] [info] Tile  status Gemm, instructions left 25
[2026-03-21 16:06:48.555] [info] Core [0] Tile Stats | Issued: 166 Running: 1 Finished: 165
[2026-03-21 16:06:48.555] [info] cycle: [704000]
[2026-03-21 16:06:48.555] [info] Tile  status Gemm, instructions left 22
[2026-03-21 16:06:48.555] [info] Tile  status Gemm, instructions left 25
[2026-03-21 16:06:48.555] [info] Core [1] Tile Stats | Issued: 172 Running: 2 Finished: 170
[2026-03-21 16:06:48.555] [info] cycle: [704000]
[2026-03-21 16:06:48.555] [info] Tile  status Gemm, instructions left 1
[2026-03-21 16:06:48.555] [info] Core [2] Tile Stats | Issued: 163 Running: 1 Finished: 162
[2026-03-21 16:06:48.555] [info] cycle: [704000]
[2026-03-21 16:06:48.555] [info] Tile  status Gemm, instructions left 24
[2026-03-21 16:06:48.555] [info] Tile  status Gemm, instructions left 25
[2026-03-21 16:06:48.555] [info] Core [3] Tile Stats | Issued: 162 Running: 2 Finished: 160
[2026-03-21 16:06:48.555] [info] cycle: [704000]
[2026-03-21 16:06:49.006] [info] HBM2-CH_0: BW utilization 57% (5280 reads, 212 writes)
[2026-03-21 16:06:49.010] [info] Core [0] Tile Stats | Issued: 166 Running: 0 Finished: 166
[2026-03-21 16:06:49.010] [info] cycle: [712000]
[2026-03-21 16:06:49.010] [info] Tile  status Gemm, instructions left 1
[2026-03-21 16:06:49.010] [info] Core [1] Tile Stats | Issued: 172 Running: 1 Finished: 171
[2026-03-21 16:06:49.010] [info] cycle: [712000]
[2026-03-21 16:06:49.010] [info] Core [2] Tile Stats | Issued: 163 Running: 0 Finished: 163
[2026-03-21 16:06:49.010] [info] cycle: [712000]
[2026-03-21 16:06:49.010] [info] Tile  status Gemm, instructions left 1
[2026-03-21 16:06:49.010] [info] Core [3] Tile Stats | Issued: 162 Running: 1 Finished: 161
[2026-03-21 16:06:49.010] [info] cycle: [712000]
[2026-03-21 16:06:49.032] [info] Layer layer10.ffn.fc2 finish at 713677
[2026-03-21 16:06:49.032] [info] Total compute time 22175
[2026-03-21 16:06:49.032] [info] executable layer count 1
[2026-03-21 16:06:49.032] [info] Start layer layer10.ffn.ln
[2026-03-21 16:06:49.074] [info] Layer layer10.ffn.ln finish at 714694
[2026-03-21 16:06:49.074] [info] Total compute time 1017
[2026-03-21 16:06:49.074] [info] executable layer count 1
[2026-03-21 16:06:49.074] [info] Start layer layer11.attn.QKVgen
[2026-03-21 16:06:49.443] [info] HBM2-CH_0: BW utilization 55% (4954 reads, 352 writes)
[2026-03-21 16:06:49.463] [info] Tile  status Gemm, instructions left 16
[2026-03-21 16:06:49.463] [info] Tile  status Gemm, instructions left 14
[2026-03-21 16:06:49.463] [info] Core [0] Tile Stats | Issued: 170 Running: 2 Finished: 168
[2026-03-21 16:06:49.463] [info] cycle: [720000]
[2026-03-21 16:06:49.463] [info] Tile  status Gemm, instructions left 22
[2026-03-21 16:06:49.463] [info] Core [1] Tile Stats | Issued: 175 Running: 1 Finished: 174
[2026-03-21 16:06:49.463] [info] cycle: [720000]
[2026-03-21 16:06:49.463] [info] Tile  status Gemm, instructions left 16
[2026-03-21 16:06:49.463] [info] Core [2] Tile Stats | Issued: 166 Running: 1 Finished: 165
[2026-03-21 16:06:49.463] [info] cycle: [720000]
[2026-03-21 16:06:49.463] [info] Tile  status Gemm, instructions left 22
[2026-03-21 16:06:49.463] [info] Core [3] Tile Stats | Issued: 165 Running: 1 Finished: 164
[2026-03-21 16:06:49.463] [info] cycle: [720000]
[2026-03-21 16:06:49.949] [info] Layer layer11.attn.QKVgen finish at 727566
[2026-03-21 16:06:49.949] [info] Total compute time 12872
[2026-03-21 16:06:49.949] [info] executable layer count 1
[2026-03-21 16:06:49.949] [info] Start layer layer11.attn.KVccat
[2026-03-21 16:06:49.949] [info] Layer layer11.attn.KVccat finish at 727567
[2026-03-21 16:06:49.949] [info] Total compute time 1
[2026-03-21 16:06:49.949] [info] executable layer count 1
[2026-03-21 16:06:49.949] [info] Start layer layer11.attn.Attention.0
[2026-03-21 16:06:49.954] [info] HBM2-CH_0: BW utilization 52% (4160 reads, 902 writes)
[2026-03-21 16:06:49.966] [info] Tile  status layer11.attn.Attention.0, instructions left 12
[2026-03-21 16:06:49.966] [info] Tile  status layer11.attn.Attention.0, instructions left 12
[2026-03-21 16:06:49.966] [info] Core [0] Tile Stats | Issued: 172 Running: 2 Finished: 170
[2026-03-21 16:06:49.966] [info] cycle: [728000]
[2026-03-21 16:06:49.966] [info] Tile  status layer11.attn.Attention.0, instructions left 11
[2026-03-21 16:06:49.966] [info] Tile  status layer11.attn.Attention.0, instructions left 12
[2026-03-21 16:06:49.966] [info] Core [1] Tile Stats | Issued: 177 Running: 2 Finished: 175
[2026-03-21 16:06:49.966] [info] cycle: [728000]
[2026-03-21 16:06:49.966] [info] Tile  status layer11.attn.Attention.0, instructions left 11
[2026-03-21 16:06:49.966] [info] Tile  status layer11.attn.Attention.0, instructions left 12
[2026-03-21 16:06:49.966] [info] Core [2] Tile Stats | Issued: 169 Running: 2 Finished: 167
[2026-03-21 16:06:49.966] [info] cycle: [728000]
[2026-03-21 16:06:49.966] [info] Tile  status layer11.attn.Attention.0, instructions left 11
[2026-03-21 16:06:49.966] [info] Tile  status layer11.attn.Attention.0, instructions left 12
[2026-03-21 16:06:49.966] [info] Core [3] Tile Stats | Issued: 167 Running: 2 Finished: 165
[2026-03-21 16:06:49.966] [info] cycle: [728000]
[2026-03-21 16:06:50.044] [info] Layer layer11.attn.Attention.0 finish at 731440
[2026-03-21 16:06:50.044] [info] Total compute time 3873
[2026-03-21 16:06:50.044] [info] executable layer count 1
[2026-03-21 16:06:50.044] [info] Start layer layer11.attn.Atccat
[2026-03-21 16:06:50.044] [info] Layer layer11.attn.Atccat finish at 731441
[2026-03-21 16:06:50.044] [info] Total compute time 1
[2026-03-21 16:06:50.044] [info] executable layer count 1
[2026-03-21 16:06:50.044] [info] Start layer layer11.attn.proj
[2026-03-21 16:06:50.219] [info] HBM2-CH_0: BW utilization 55% (4904 reads, 408 writes)
[2026-03-21 16:06:50.228] [info] Core [0] Tile Stats | Issued: 174 Running: 0 Finished: 174
[2026-03-21 16:06:50.228] [info] cycle: [736000]
[2026-03-21 16:06:50.228] [info] Core [1] Tile Stats | Issued: 179 Running: 0 Finished: 179
[2026-03-21 16:06:50.228] [info] cycle: [736000]
[2026-03-21 16:06:50.228] [info] Tile  status Gemm, instructions left 1
[2026-03-21 16:06:50.228] [info] Core [2] Tile Stats | Issued: 173 Running: 1 Finished: 172
[2026-03-21 16:06:50.228] [info] cycle: [736000]
[2026-03-21 16:06:50.228] [info] Tile  status Gemm, instructions left 1
[2026-03-21 16:06:50.228] [info] Core [3] Tile Stats | Issued: 170 Running: 1 Finished: 169
[2026-03-21 16:06:50.228] [info] cycle: [736000]
[2026-03-21 16:06:50.245] [info] Layer layer11.attn.proj finish at 737131
[2026-03-21 16:06:50.245] [info] Total compute time 5690
[2026-03-21 16:06:50.245] [info] executable layer count 1
[2026-03-21 16:06:50.245] [info] Start layer layer11.attn.ln
[2026-03-21 16:06:50.303] [info] Layer layer11.attn.ln finish at 738282
[2026-03-21 16:06:50.303] [info] Total compute time 1151
[2026-03-21 16:06:50.303] [info] executable layer count 1
[2026-03-21 16:06:50.303] [info] Start layer layer11.ffn.fc1
[2026-03-21 16:06:50.684] [info] HBM2-CH_0: BW utilization 57% (5029 reads, 488 writes)
[2026-03-21 16:06:50.703] [info] Tile  status Gemm, instructions left 16
[2026-03-21 16:06:50.703] [info] Tile  status Gemm, instructions left 28
[2026-03-21 16:06:50.703] [info] Core [0] Tile Stats | Issued: 178 Running: 2 Finished: 176
[2026-03-21 16:06:50.703] [info] cycle: [744000]
[2026-03-21 16:06:50.703] [info] Tile  status Gemm, instructions left 16
[2026-03-21 16:06:50.703] [info] Tile  status Gemm, instructions left 28
[2026-03-21 16:06:50.703] [info] Core [1] Tile Stats | Issued: 183 Running: 2 Finished: 181
[2026-03-21 16:06:50.703] [info] cycle: [744000]
[2026-03-21 16:06:50.703] [info] Tile  status Gemm, instructions left 16
[2026-03-21 16:06:50.703] [info] Core [2] Tile Stats | Issued: 176 Running: 1 Finished: 175
[2026-03-21 16:06:50.703] [info] cycle: [744000]
[2026-03-21 16:06:50.703] [info] Tile  status Gemm, instructions left 16
[2026-03-21 16:06:50.703] [info] Core [3] Tile Stats | Issued: 173 Running: 1 Finished: 172
[2026-03-21 16:06:50.703] [info] cycle: [744000]
[2026-03-21 16:06:51.237] [info] HBM2-CH_0: BW utilization 64% (5826 reads, 333 writes)
[2026-03-21 16:06:51.259] [info] Tile  status Gemm, instructions left 10
[2026-03-21 16:06:51.259] [info] Core [0] Tile Stats | Issued: 178 Running: 1 Finished: 177
[2026-03-21 16:06:51.259] [info] cycle: [752000]
[2026-03-21 16:06:51.259] [info] Tile  status Gemm, instructions left 10
[2026-03-21 16:06:51.259] [info] Core [1] Tile Stats | Issued: 183 Running: 1 Finished: 182
[2026-03-21 16:06:51.259] [info] cycle: [752000]
[2026-03-21 16:06:51.259] [info] Core [2] Tile Stats | Issued: 176 Running: 0 Finished: 176
[2026-03-21 16:06:51.259] [info] cycle: [752000]
[2026-03-21 16:06:51.259] [info] Core [3] Tile Stats | Issued: 173 Running: 0 Finished: 173
[2026-03-21 16:06:51.259] [info] cycle: [752000]
[2026-03-21 16:06:51.408] [info] Layer layer11.ffn.fc1 finish at 755005
[2026-03-21 16:06:51.408] [info] Total compute time 16723
[2026-03-21 16:06:51.408] [info] executable layer count 1
[2026-03-21 16:06:51.408] [info] Start layer layer11.ffn.act
[2026-03-21 16:06:51.506] [info] Layer layer11.ffn.act finish at 757173
[2026-03-21 16:06:51.506] [info] Total compute time 2168
[2026-03-21 16:06:51.506] [info] executable layer count 1
[2026-03-21 16:06:51.506] [info] Start layer layer11.ffn.fc2
[2026-03-21 16:06:51.680] [info] HBM2-CH_0: BW utilization 60% (3668 reads, 2104 writes)
[2026-03-21 16:06:51.703] [info] Tile  status Gemm, instructions left 25
[2026-03-21 16:06:51.703] [info] Core [0] Tile Stats | Issued: 181 Running: 1 Finished: 180
[2026-03-21 16:06:51.703] [info] cycle: [760000]
[2026-03-21 16:06:51.703] [info] Tile  status Gemm, instructions left 25
[2026-03-21 16:06:51.703] [info] Core [1] Tile Stats | Issued: 186 Running: 1 Finished: 185
[2026-03-21 16:06:51.703] [info] cycle: [760000]
[2026-03-21 16:06:51.703] [info] Tile  status Gemm, instructions left 25
[2026-03-21 16:06:51.703] [info] Tile  status Gemm, instructions left 25
[2026-03-21 16:06:51.703] [info] Core [2] Tile Stats | Issued: 180 Running: 2 Finished: 178
[2026-03-21 16:06:51.703] [info] cycle: [760000]
[2026-03-21 16:06:51.703] [info] Tile  status Gemm, instructions left 25
[2026-03-21 16:06:51.703] [info] Tile  status Gemm, instructions left 25
[2026-03-21 16:06:51.703] [info] Core [3] Tile Stats | Issued: 177 Running: 2 Finished: 175
[2026-03-21 16:06:51.703] [info] cycle: [760000]
[2026-03-21 16:06:52.233] [info] HBM2-CH_0: BW utilization 77% (7421 reads, 0 writes)
[2026-03-21 16:06:52.242] [info] Tile  status Gemm, instructions left 25
[2026-03-21 16:06:52.242] [info] Core [0] Tile Stats | Issued: 181 Running: 1 Finished: 180
[2026-03-21 16:06:52.242] [info] cycle: [768000]
[2026-03-21 16:06:52.242] [info] Tile  status Gemm, instructions left 25
[2026-03-21 16:06:52.242] [info] Core [1] Tile Stats | Issued: 186 Running: 1 Finished: 185
[2026-03-21 16:06:52.242] [info] cycle: [768000]
[2026-03-21 16:06:52.242] [info] Tile  status Gemm, instructions left 25
[2026-03-21 16:06:52.242] [info] Tile  status Gemm, instructions left 25
[2026-03-21 16:06:52.242] [info] Core [2] Tile Stats | Issued: 180 Running: 2 Finished: 178
[2026-03-21 16:06:52.242] [info] cycle: [768000]
[2026-03-21 16:06:52.242] [info] Tile  status Gemm, instructions left 25
[2026-03-21 16:06:52.242] [info] Tile  status Gemm, instructions left 25
[2026-03-21 16:06:52.242] [info] Core [3] Tile Stats | Issued: 177 Running: 2 Finished: 175
[2026-03-21 16:06:52.242] [info] cycle: [768000]
[2026-03-21 16:06:52.723] [info] HBM2-CH_0: BW utilization 78% (7373 reads, 200 writes)
[2026-03-21 16:06:52.729] [info] Core [0] Tile Stats | Issued: 181 Running: 0 Finished: 181
[2026-03-21 16:06:52.733] [info] cycle: [776000]
[2026-03-21 16:06:52.734] [info] Core [1] Tile Stats | Issued: 186 Running: 0 Finished: 186
[2026-03-21 16:06:52.734] [info] cycle: [776000]
[2026-03-21 16:06:52.734] [info] Tile  status Gemm, instructions left 25
[2026-03-21 16:06:52.734] [info] Core [2] Tile Stats | Issued: 180 Running: 1 Finished: 179
[2026-03-21 16:06:52.734] [info] cycle: [776000]
[2026-03-21 16:06:52.734] [info] Tile  status Gemm, instructions left 25
[2026-03-21 16:06:52.734] [info] Core [3] Tile Stats | Issued: 177 Running: 1 Finished: 176
[2026-03-21 16:06:52.734] [info] cycle: [776000]
[2026-03-21 16:06:52.783] [info] Layer layer11.ffn.fc2 finish at 779740
[2026-03-21 16:06:52.783] [info] Total compute time 22567
[2026-03-21 16:06:52.783] [info] executable layer count 1
[2026-03-21 16:06:52.783] [info] Start layer layer11.ffn.ln
[2026-03-21 16:06:52.825] [info] Layer layer11.ffn.ln finish at 780776
[2026-03-21 16:06:52.825] [info] Total compute time 1036
[2026-03-21 16:06:52.825] [info] Model[opt-125m] Request: 0 us, Start: 0 us, finish:780 us, Current Cycle:780776
[2026-03-21 16:06:52.825] [info] Request 0 completed in 780776 cycles
[2026-03-21 16:06:52.825] [info] No total_seq_len!
[2026-03-21 16:06:52.827] [info] Simulation Finished at 780845 cycle 780 us
[2026-03-21 16:06:52.827] [info] [ICNT] Core->ICNT request 36986GB/Sec,9246528
[2026-03-21 16:06:52.827] [info] [ICNT] Core<-ICNT request 36986GB/Sec,9246528
[2026-03-21 16:06:52.827] [info] [ICNT] ICNT->MEM request 36986GB/Sec,9246528
[2026-03-21 16:06:52.827] [info] [ICNT] ICNT<-MEM request 36986GB/Sec,9246528
[2026-03-21 16:06:52.827] [info] Core [0] : MatMul active cycle 131130 Vector active cycle 8604 
[2026-03-21 16:06:52.827] [info] Core [0] : Memory unit idle cycle 638551 Systolic bubble cycle 5113 Core idle cycle 64463 
[2026-03-21 16:06:52.827] [info] Core [0] : Systolic Array Utilization(%) 28.15 (16.79% PE util), Vector Unit Utilization(%) 1.10, Total cycle: 780845
[2026-03-21 16:06:52.827] [info] Core [0] Tile Stats | Issued: 183 Running: 0 Finished: 183
[2026-03-21 16:06:52.827] [info] ins executed [2677] ins executed per tile 14.63
[2026-03-21 16:06:52.827] [info] Core [0] : Systolic Inst Issue Count : 1354
[2026-03-21 16:06:52.827] [info] Core [0] : Systolic PRELOAD Issue Count : 1354
[2026-03-21 16:06:52.827] [info] Core [1] : MatMul active cycle 126486 Vector active cycle 9066 
[2026-03-21 16:06:52.827] [info] Core [1] : Memory unit idle cycle 641709 Systolic bubble cycle 3083 Core idle cycle 63206 
[2026-03-21 16:06:52.827] [info] Core [1] : Systolic Array Utilization(%) 27.22 (16.20% PE util), Vector Unit Utilization(%) 1.16, Total cycle: 780845
[2026-03-21 16:06:52.827] [info] Core [1] Tile Stats | Issued: 188 Running: 0 Finished: 188
[2026-03-21 16:06:52.827] [info] ins executed [2648] ins executed per tile 14.09
[2026-03-21 16:06:52.827] [info] Core [1] : Systolic Inst Issue Count : 1310
[2026-03-21 16:06:52.827] [info] Core [1] : Systolic PRELOAD Issue Count : 1310
[2026-03-21 16:06:52.827] [info] Core [2] : MatMul active cycle 134808 Vector active cycle 8800 
[2026-03-21 16:06:52.827] [info] Core [2] : Memory unit idle cycle 633786 Systolic bubble cycle 4263 Core idle cycle 56784 
[2026-03-21 16:06:52.827] [info] Core [2] : Systolic Array Utilization(%) 28.76 (17.26% PE util), Vector Unit Utilization(%) 1.13, Total cycle: 780845
[2026-03-21 16:06:52.827] [info] Core [2] Tile Stats | Issued: 182 Running: 0 Finished: 182
[2026-03-21 16:06:52.827] [info] ins executed [2710] ins executed per tile 14.89
[2026-03-21 16:06:52.827] [info] Core [2] : Systolic Inst Issue Count : 1392
[2026-03-21 16:06:52.827] [info] Core [2] : Systolic PRELOAD Issue Count : 1392
[2026-03-21 16:06:52.827] [info] Core [3] : MatMul active cycle 137208 Vector active cycle 8786 
[2026-03-21 16:06:52.827] [info] Core [3] : Memory unit idle cycle 631338 Systolic bubble cycle 2709 Core idle cycle 50439 
[2026-03-21 16:06:52.827] [info] Core [3] : Systolic Array Utilization(%) 29.20 (17.57% PE util), Vector Unit Utilization(%) 1.13, Total cycle: 780845
[2026-03-21 16:06:52.827] [info] Core [3] Tile Stats | Issued: 179 Running: 0 Finished: 179
[2026-03-21 16:06:52.827] [info] ins executed [2729] ins executed per tile 15.25
[2026-03-21 16:06:52.827] [info] Core [3] : Systolic Inst Issue Count : 1416
[2026-03-21 16:06:52.827] [info] Core [3] : Systolic PRELOAD Issue Count : 1416
Frontend:
  impl: GEM5

[2026-03-21 16:06:52.827] [info] Row hits: 495427, Row misses: 5195, Row conflicts: 75926
MemorySystem:
  impl: GenericDRAM
  total_num_other_requests: 0
  total_num_write_requests: 57595
  total_num_read_requests: 520353
  memory_system_cycles: 937388
  DRAM:
    impl: HBM2
  AddrMapper:
    impl: RoBaRaCoCh
  Controller:
    impl: Generic
    id: Channel 0
    Scheduler:
      impl: FRFCFS
    RefreshManager:
      impl: AllBank



[2026-03-21 16:06:52.827] [info] HBM2-CH_0: avg BW utilization 61% (520353 reads, 57595 writes)
Frontend:
  impl: GEM5

[2026-03-21 16:06:52.827] [info] Row hits: 496193, Row misses: 4751, Row conflicts: 75543
MemorySystem:
  impl: GenericDRAM
  total_num_other_requests: 0
  total_num_write_requests: 57605
  total_num_read_requests: 520263
  memory_system_cycles: 937388
  DRAM:
    impl: HBM2
  AddrMapper:
    impl: RoBaRaCoCh
  Controller:
    impl: Generic
    id: Channel 0
    Scheduler:
      impl: FRFCFS
    RefreshManager:
      impl: AllBank



Frontend:
  impl: GEM5

[2026-03-21 16:06:52.827] [info] Row hits: 496246, Row misses: 5042, Row conflicts: 75155
MemorySystem:
  impl: GenericDRAM
  total_num_other_requests: 0
  total_num_write_requests: 57605
  total_num_read_requests: 520263
  memory_system_cycles: 937388
  DRAM:
    impl: HBM2
  AddrMapper:
    impl: RoBaRaCoCh
  Controller:
    impl: Generic
    id: Channel 0
    Scheduler:
      impl: FRFCFS
    RefreshManager:
      impl: AllBank



Frontend:
  impl: GEM5

[2026-03-21 16:06:52.827] [info] Row hits: 495549, Row misses: 5281, Row conflicts: 75792
MemorySystem:
  impl: GenericDRAM
  total_num_other_requests: 0
  total_num_write_requests: 57595
  total_num_read_requests: 520353
  memory_system_cycles: 937388
  DRAM:
    impl: HBM2
  AddrMapper:
    impl: RoBaRaCoCh
  Controller:
    impl: Generic
    id: Channel 0
    Scheduler:
      impl: FRFCFS
    RefreshManager:
      impl: AllBank



Frontend:
  impl: GEM5

[2026-03-21 16:06:52.827] [info] Row hits: 496371, Row misses: 4855, Row conflicts: 75291
MemorySystem:
  impl: GenericDRAM
  total_num_other_requests: 0
  total_num_write_requests: 57605
  total_num_read_requests: 520263
  memory_system_cycles: 937388
  DRAM:
    impl: HBM2
  AddrMapper:
    impl: RoBaRaCoCh
  Controller:
    impl: Generic
    id: Channel 0
    Scheduler:
      impl: FRFCFS
    RefreshManager:
      impl: AllBank



Frontend:
  impl: GEM5

[2026-03-21 16:06:52.827] [info] Row hits: 495058, Row misses: 5261, Row conflicts: 76161
MemorySystem:
  impl: GenericDRAM
  total_num_other_requests: 0
  total_num_write_requests: 57595
  total_num_read_requests: 520353
  memory_system_cycles: 937388
  DRAM:
    impl: HBM2
  AddrMapper:
    impl: RoBaRaCoCh
  Controller:
    impl: Generic
    id: Channel 0
    Scheduler:
      impl: FRFCFS
    RefreshManager:
      impl: AllBank



Frontend:
  impl: GEM5

[2026-03-21 16:06:52.827] [info] Row hits: 495351, Row misses: 5267, Row conflicts: 75922
MemorySystem:
  impl: GenericDRAM
  total_num_other_requests: 0
  total_num_write_requests: 57595
  total_num_read_requests: 520353
  memory_system_cycles: 937388
  DRAM:
    impl: HBM2
  AddrMapper:
    impl: RoBaRaCoCh
  Controller:
    impl: Generic
    id: Channel 0
    Scheduler:
      impl: FRFCFS
    RefreshManager:
      impl: AllBank



Frontend:
  impl: GEM5

[2026-03-21 16:06:52.827] [info] Row hits: 496529, Row misses: 4939, Row conflicts: 75043
MemorySystem:
  impl: GenericDRAM
  total_num_other_requests: 0
  total_num_write_requests: 57605
  total_num_read_requests: 520263
  memory_system_cycles: 937388
  DRAM:
    impl: HBM2
  AddrMapper:
    impl: RoBaRaCoCh
  Controller:
    impl: Generic
    id: Channel 0
    Scheduler:
      impl: FRFCFS
    RefreshManager:
      impl: AllBank



Frontend:
  impl: GEM5

[2026-03-21 16:06:52.827] [info] Row hits: 495744, Row misses: 4737, Row conflicts: 75975
MemorySystem:
  impl: GenericDRAM
  total_num_other_requests: 0
  total_num_write_requests: 57605
  total_num_read_requests: 520263
  memory_system_cycles: 937388
  DRAM:
    impl: HBM2
  AddrMapper:
    impl: RoBaRaCoCh
  Controller:
    impl: Generic
    id: Channel 0
    Scheduler:
      impl: FRFCFS
    RefreshManager:
      impl: AllBank



Frontend:
  impl: GEM5

[2026-03-21 16:06:52.827] [info] Row hits: 495601, Row misses: 5134, Row conflicts: 75812
MemorySystem:
  impl: GenericDRAM
  total_num_other_requests: 0
  total_num_write_requests: 57595
  total_num_read_requests: 520353
  memory_system_cycles: 937388
  DRAM:
    impl: HBM2
  AddrMapper:
    impl: RoBaRaCoCh
  Controller:
    impl: Generic
    id: Channel 0
    Scheduler:
      impl: FRFCFS
    RefreshManager:
      impl: AllBank



Frontend:
  impl: GEM5

[2026-03-21 16:06:52.827] [info] Row hits: 495630, Row misses: 4977, Row conflicts: 75910
MemorySystem:
  impl: GenericDRAM
  total_num_other_requests: 0
  total_num_write_requests: 57595
  total_num_read_requests: 520353
  memory_system_cycles: 937388
  DRAM:
    impl: HBM2
  AddrMapper:
    impl: RoBaRaCoCh
  Controller:
    impl: Generic
    id: Channel 0
    Scheduler:
      impl: FRFCFS
    RefreshManager:
      impl: AllBank



Frontend:
  impl: GEM5

[2026-03-21 16:06:52.828] [info] Row hits: 496196, Row misses: 4856, Row conflicts: 75460
MemorySystem:
  impl: GenericDRAM
  total_num_other_requests: 0
  total_num_write_requests: 57605
  total_num_read_requests: 520263
  memory_system_cycles: 937388
  DRAM:
    impl: HBM2
  AddrMapper:
    impl: RoBaRaCoCh
  Controller:
    impl: Generic
    id: Channel 0
    Scheduler:
      impl: FRFCFS
    RefreshManager:
      impl: AllBank



Frontend:
  impl: GEM5

[2026-03-21 16:06:52.828] [info] Row hits: 496150, Row misses: 4981, Row conflicts: 75346
MemorySystem:
  impl: GenericDRAM
  total_num_other_requests: 0
  total_num_write_requests: 57595
  total_num_read_requests: 520353
  memory_system_cycles: 937388
  DRAM:
    impl: HBM2
  AddrMapper:
    impl: RoBaRaCoCh
  Controller:
    impl: Generic
    id: Channel 0
    Scheduler:
      impl: FRFCFS
    RefreshManager:
      impl: AllBank



Frontend:
  impl: GEM5

[2026-03-21 16:06:52.828] [info] Row hits: 495642, Row misses: 4782, Row conflicts: 75994
MemorySystem:
  impl: GenericDRAM
  total_num_other_requests: 0
  total_num_write_requests: 57605
  total_num_read_requests: 520263
  memory_system_cycles: 937388
  DRAM:
    impl: HBM2
  AddrMapper:
    impl: RoBaRaCoCh
  Controller:
    impl: Generic
    id: Channel 0
    Scheduler:
      impl: FRFCFS
    RefreshManager:
      impl: AllBank



Frontend:
  impl: GEM5

[2026-03-21 16:06:52.828] [info] Row hits: 495974, Row misses: 4691, Row conflicts: 75752
MemorySystem:
  impl: GenericDRAM
  total_num_other_requests: 0
  total_num_write_requests: 57605
  total_num_read_requests: 520263
  memory_system_cycles: 937388
  DRAM:
    impl: HBM2
  AddrMapper:
    impl: RoBaRaCoCh
  Controller:
    impl: Generic
    id: Channel 0
    Scheduler:
      impl: FRFCFS
    RefreshManager:
      impl: AllBank



Frontend:
  impl: GEM5

[2026-03-21 16:06:52.828] [info] Row hits: 495905, Row misses: 5124, Row conflicts: 75519
MemorySystem:
  impl: GenericDRAM
  total_num_other_requests: 0
  total_num_write_requests: 57595
  total_num_read_requests: 520353
  memory_system_cycles: 937388
  DRAM:
    impl: HBM2
  AddrMapper:
    impl: RoBaRaCoCh
  Controller:
    impl: Generic
    id: Channel 0
    Scheduler:
      impl: FRFCFS
    RefreshManager:
      impl: AllBank



Object Size Histogram
786432 bytes : 1769472  cumulative_bytes: 1391569403904
614400 bytes : 1382400  cumulative_bytes: 2240915963904
55296 bytes : 41472  cumulative_bytes: 2243209199616
79872 bytes : 419328  cumulative_bytes: 2276701765632
19968 bytes : 314496  cumulative_bytes: 2282981621760
6144 bytes : 18432  cumulative_bytes: 2283094867968
12800 bytes : 230400  cumulative_bytes: 2286043987968
25600 bytes : 518400  cumulative_bytes: 2299315027968
13824 bytes : 31104  cumulative_bytes: 2299745009664
153600 bytes : 979200  cumulative_bytes: 2450150129664
196608 bytes : 3538944  cumulative_bytes: 3145934831616
256 bytes : 2880  cumulative_bytes: 3145935568896
[2026-03-21 16:06:52.828] [info] Simulation time: 46.102383 seconds
[2026-03-21 16:06:52.828] [info] no.of tiles :[44.640301403]
[2026-03-21 16:06:52.828] [info] Total tile: 732, simulated tile per seconds(TPS): 16.397739
